id,season,week,season_type,start_date,home_team,away_team,home_conference,away_conference,home_points,away_points,neutral_site,conference_game,venue
401426532,2022,1,regular,2022-08-27 16:00:00,Western Kentucky,Austin Peay,Conference USA,Atlantic Sun,38,27,False,False,Houchens Industries-L.T. Smith Stadium
401405059,2022,1,regular,2022-08-27 16:30:00,Northwestern,Nebraska,Big Ten,Big Ten,31,28,True,True,Aviva Stadium
401439512,2022,1,regular,2022-08-27 19:00:00,Florida Memorial University,Edward Waters,,SIAC,39,34,True,False,
401413256,2022,1,regular,2022-08-27 19:30:00,UNLV,Idaho State,Mountain West,Big Sky,52,21,False,False,Allegiant Stadium
401413213,2022,1,regular,2022-08-27 19:30:00,Jacksonville State,Stephen F. Austin,Atlantic Sun,Western Athletic,42,17,True,False,Cramton Bowl
401404146,2022,1,regular,2022-08-27 20:00:00,Utah State,UConn,Mountain West,FBS Independents,31,20,False,False,Maverik Stadium
401405058,2022,1,regular,2022-08-27 20:00:00,Illinois,Wyoming,Big Ten,Mountain West,38,6,False,False,"Memorial Stadium (Champaign, IL)"
401411090,2022,1,regular,2022-08-27 21:00:00,Florida State,Duquesne,ACC,NEC,47,7,False,False,Doak Campbell Stadium
401422922,2022,1,regular,2022-08-27 23:00:00,Mercer,Morehead State,Southern,Pioneer,63,13,False,False,Five Star Stadium at the Moye Complex
401423448,2022,1,regular,2022-08-27 23:00:00,Alabama State,Howard,SWAC,MEAC,23,13,True,False,Center Parc Stadium
401426530,2022,1,regular,2022-08-27 23:00:00,Florida Atlantic,Charlotte,Conference USA,Conference USA,43,13,False,True,FAU Stadium
401411091,2022,1,regular,2022-08-28 00:15:00,North Carolina,Florida A&M,ACC,SWAC,56,24,False,False,Kenan Stadium
401426531,2022,1,regular,2022-08-28 01:00:00,UTEP,North Texas,Conference USA,Conference USA,13,31,False,True,Sun Bowl
401409235,2022,1,regular,2022-08-28 02:00:00,New Mexico State,Nevada,FBS Independents,Mountain West,12,23,False,False,Aggie Memorial Stadium
401403853,2022,1,regular,2022-08-28 02:30:00,Hawai'i,Vanderbilt,Mountain West,SEC,10,63,False,False,Clarence T.C. Ching Athletics Complex
401437007,2022,1,regular,2022-09-01 18:00:00,New Mexico Highlands,Eastern New Mexico,Rocky Mountain,Lone Star,18,34,False,False,Sanchez Family Stadium
401433043,2022,1,regular,2022-09-01 21:30:00,Southern Connecticut State,Shepherd,Northeast 10,Pennsylvania State Athletic,7,48,False,False,Jess Dow Field
401430716,2022,1,regular,2022-09-01 22:00:00,Bluefield State,Johnson C. Smith,Independent DII,CIAA,35,34,False,False,Mitchell Stadium
401418776,2022,1,regular,2022-09-01 22:00:00,Indiana State,North Alabama,MVFC,Atlantic Sun,17,14,False,False,Memorial Stadium
401432134,2022,1,regular,2022-09-01 22:00:00,Clarion,West Liberty,Pennsylvania State Athletic,Mountain East,14,21,False,False,"Memorial Stadium (Clarion, PA)"
401431571,2022,1,regular,2022-09-01 22:00:00,Ashland,Notre Dame College,Great Midwest Athletic,Mountain East,31,14,False,False,Jack Miller Stadium
401431978,2022,1,regular,2022-09-01 22:00:00,Chowan,Barton,CIAA,South Atlantic,3,17,False,False,Garrison Stadium
401430722,2022,1,regular,2022-09-01 22:00:00,Tusculum,St. Augustine's,South Atlantic,CIAA,70,13,False,False,Pioneer Field (TN)
401431561,2022,1,regular,2022-09-01 22:00:00,Saginaw Valley State,West Virginia Wesleyan,GLIAC,Mountain East,72,0,False,False,Harvey Randall Wickes Memorial Stadium
401431542,2022,1,regular,2022-09-01 22:00:00,Michigan Tech,Wisconsin Platteville,GLIAC,Wisconsin,23,13,False,False,Sherman Field
401421137,2022,1,regular,2022-09-01 22:00:00,Campbell,The Citadel,Big South,Southern,29,10,False,False,Barker-Lane Stadium
401428480,2022,1,regular,2022-09-01 22:00:00,Wagner,Fordham,NEC,Patriot,31,48,False,False,Wagner College Stadium
401416568,2022,1,regular,2022-09-01 22:00:00,Akron,Saint Francis,Mid-American,NEC,30,23,False,False,InfoCision Stadium
401432987,2022,1,regular,2022-09-01 22:30:00,California (PA),Fairmont State,Pennsylvania State Athletic,Mountain East,35,15,False,False,Adamson Stadium
401432412,2022,1,regular,2022-09-01 23:00:00,Minnesota St Moorhead,Sioux Falls,Northern Sun,Northern Sun,14,27,False,True,Scheels Field at Nemzek Stadium
401426533,2022,1,regular,2022-09-01 23:00:00,Florida International,Bryant,Conference USA,Big South,38,37,False,False,FIU Stadium
401432239,2022,1,regular,2022-09-01 23:00:00,Gardner-Webb,Limestone,Big South,South Atlantic,56,21,False,False,Ernest W. Spangler Stadium
401421156,2022,1,regular,2022-09-01 23:00:00,Furman,North Greenville,Southern,Gulf South,52,0,False,False,Paladin Stadium
401418645,2022,1,regular,2022-09-01 23:00:00,Samford,Kennesaw State,Southern,Atlantic Sun,27,17,False,False,Seibert Stadium
401424414,2022,1,regular,2022-09-01 23:00:00,Stony Brook,Rhode Island,CAA,CAA,14,35,False,True,Kenneth P. LaValle Stadium
401430702,2022,1,regular,2022-09-01 23:00:00,Virginia Union,Virginia Lynchburg,CIAA,,77,0,False,False,Hovey Field
401432119,2022,1,regular,2022-09-01 23:00:00,Frostburg State,American International,Mountain East,Northeast 10,21,7,False,False,Bobcat Stadium (MD)
401431408,2022,1,regular,2022-09-01 23:00:00,East Central,Harding,Great American,Great American,12,29,False,True,Koi Ishto Stadium
401431465,2022,1,regular,2022-09-01 23:00:00,Oklahoma Baptist,Ouachita Baptist,Great American,Great American,32,42,False,True,Crain Family Stadium
401431472,2022,1,regular,2022-09-01 23:00:00,Southeastern Oklahoma State,Arkansas Tech,Great American,Great American,41,34,False,True,Paul Laird Field
401431479,2022,1,regular,2022-09-01 23:00:00,Southern Arkansas,Northwestern (OK),Great American,Great American,62,31,False,True,Wilkins Stadium
401431484,2022,1,regular,2022-09-01 23:00:00,Southern Nazarene,Arkansas Monticello,Great American,Great American,26,40,False,True,Southern Nazarene University Football Stadium
401431499,2022,1,regular,2022-09-01 23:00:00,Northern Michigan,McKendree,GLIAC,Great Lakes,24,31,False,False,Superior Dome
401431509,2022,1,regular,2022-09-01 23:00:00,Missouri S&T,South Dakota Mines,Great Lakes,Rocky Mountain,20,43,False,False,Allgood-Bailey Stadium
401431517,2022,1,regular,2022-09-01 23:00:00,Quincy,Glenville State,Great Lakes,Mountain East,15,44,False,False,QU Stadium
401431531,2022,1,regular,2022-09-01 23:00:00,Grand Valley State,Colorado School of Mines,GLIAC,Rocky Mountain,25,22,False,False,Lubbers Stadium
401431936,2022,1,regular,2022-09-01 23:00:00,Washburn,Lincoln (MO),Mid America,Mid America,45,3,False,True,Yager Stadium at Moore Bowl
401432152,2022,1,regular,2022-09-01 23:00:00,Wheeling,Seton Hill,Mountain East,Pennsylvania State Athletic,25,11,False,False,Bishop Schmitt Field
401432383,2022,1,regular,2022-09-01 23:00:00,Saint Anselm,Millersville,Northeast 10,Pennsylvania State Athletic,28,10,False,False,Grappone Stadium
401416569,2022,1,regular,2022-09-01 23:00:00,Oklahoma State,Central Michigan,Big 12,Mid-American,58,44,False,False,Boone Pickens Stadium
401438604,2022,1,regular,2022-09-01 23:00:00,UVA Wise,Ferrum,South Atlantic,Old Dominion,41,9,False,False,Carl Smith Stadium
401441990,2022,1,regular,2022-09-01 23:00:00,Toledo,Long Island University,Mid-American,NEC,37,0,False,False,Glass Bowl
401431214,2022,1,regular,2022-09-01 23:00:00,Trine,Anderson (IN),Michigan,Heartland,38,0,False,False,Fred Zollner Athletic Stadium
401411092,2022,1,regular,2022-09-01 23:00:00,Pittsburgh,West Virginia,ACC,Big 12,38,31,False,False,Acrisure Stadium
401438595,2022,1,regular,2022-09-01 23:00:00,Gannon,Charleston (WV),Pennsylvania State Athletic,Mountain East,47,13,False,False,McConnell Family Stadium
401432403,2022,1,regular,2022-09-01 23:00:00,Minnesota Duluth,Southwest Minnesota State,Northern Sun,Northern Sun,31,21,False,True,James S. Malosky Stadium
401432392,2022,1,regular,2022-09-01 23:00:00,Bemidji State,Minnesota State,Northern Sun,Northern Sun,34,37,False,True,Chet Anderson Stadium
401455581,2022,1,regular,2022-09-01 23:00:00,Pace,East Stroudsburg,Northeast 10,Pennsylvania State Athletic,31,16,False,False,Pace Stadium
401432429,2022,1,regular,2022-09-01 23:00:00,Northern State,Upper Iowa,Northern Sun,Northern Sun,30,0,False,True,Swisher Field
401431849,2022,1,regular,2022-09-01 23:00:00,Valdosta State,Keiser University,Gulf South,,36,21,False,False,Bazemore-Hyder Stadium
401403864,2022,1,regular,2022-09-01 23:00:00,Tennessee,Ball State,SEC,Mid-American,59,10,False,False,Neyland Stadium
401415610,2022,1,regular,2022-09-01 23:00:00,UCF,South Carolina State,American Athletic,MEAC,56,10,False,False,FBC Mortgage Stadium
401424402,2022,1,regular,2022-09-01 23:00:00,New Hampshire,Monmouth,CAA,CAA,31,21,False,True,Wildcat Stadium
401438660,2022,1,regular,2022-09-01 23:00:00,Lakeland,Illinois College,NACC,Midwest,20,38,False,False,Taylor Field
401430986,2022,1,regular,2022-09-01 23:00:00,Millsaps,Belhaven,Southern Athletic,USA South,21,49,False,False,Harper Davis Field
401432421,2022,1,regular,2022-09-01 23:30:00,Concordia St. Paul,Augustana (SD),Northern Sun,Northern Sun,14,28,False,True,Sea Foam Stadium
401425510,2022,1,regular,2022-09-01 23:30:00,East Tennessee State,Mars Hill,Southern,South Atlantic,44,7,False,False,William B. Greene Jr. Stadium
401431591,2022,1,regular,2022-09-01 23:30:00,Ferris State,Central Washington,GLIAC,Lone Star,36,20,False,False,Top Taggart Field
401420840,2022,1,regular,2022-09-01 23:30:00,UT Martin,Western Illinois,OVC,MVFC,42,25,False,False,Graham Stadium
401411093,2022,1,regular,2022-09-01 23:30:00,Wake Forest,VMI,ACC,Southern,44,10,False,False,Allegacy Federal Credit Union Stadium
401432372,2022,1,regular,2022-09-02 00:00:00,Emporia State,Northeastern State,Mid America,Mid America,42,17,False,True,Francis G. Welch Stadium
401405064,2022,1,regular,2022-09-02 00:00:00,Purdue,Penn State,Big Ten,Big Ten,31,35,False,True,Ross-Ade Stadium
401433087,2022,1,regular,2022-09-02 00:00:00,William Jewell,Colorado Mesa,Great Lakes,Rocky Mountain,14,37,False,False,Greene Stadium
401432370,2022,1,regular,2022-09-02 00:00:00,Missouri Western,Central Oklahoma,Mid America,Mid America,35,0,False,True,Craig Field at Spratt Memorial Stadium
401431945,2022,1,regular,2022-09-02 00:00:00,Missouri Southern State,Nebraska Kearney,Mid America,Mid America,7,24,False,True,Fred G. Hughes Stadium
401431886,2022,1,regular,2022-09-02 00:00:00,Angelo State,Chadron State,Lone Star,Rocky Mountain,35,0,False,False,LeGrand Stadium at 1st Community Credit Union Field
401431926,2022,1,regular,2022-09-02 00:00:00,Northwest Missouri State,Fort Hays,Mid America,Mid America,33,19,False,True,Bearcat Stadium
401420877,2022,1,regular,2022-09-02 00:00:00,Southern Utah,St. Thomas (MN),Western Athletic,Pioneer,44,13,False,False,Eccles Coliseum
401420806,2022,1,regular,2022-09-02 00:00:00,Central Arkansas,Missouri State,Atlantic Sun,MVFC,14,27,False,False,Estes Stadium
401426537,2022,1,regular,2022-09-02 00:00:00,Missouri,Louisiana Tech,SEC,Conference USA,52,24,False,False,Memorial Stadium
401421125,2022,1,regular,2022-09-02 00:00:00,East Texas A&M,Lincoln (CA),Southland,,52,7,False,False,Memorial Stadium (Commerce TX)
401431610,2022,1,regular,2022-09-02 00:00:00,Weber State,Western Oregon,Big Sky,Lone Star,41,5,False,False,Stewart Stadium
401418782,2022,1,regular,2022-09-02 00:00:00,Abilene Christian,Lamar,Western Athletic,Southland,28,14,False,True,Wildcat Stadium (TX)
401433070,2022,1,regular,2022-09-02 00:00:00,Dickinson State University,Black Hills State,,Rocky Mountain,2,17,True,False,Henry Biesiot Activities Center
401431915,2022,1,regular,2022-09-02 00:00:00,Pittsburg State,Central Missouri,Mid America,Mid America,21,10,False,True,Carnie Smith Stadium
401416592,2022,1,regular,2022-09-02 00:00:00,Northern Illinois,Eastern Illinois,Mid-American,OVC,34,27,False,False,Huskie Stadium
401426534,2022,1,regular,2022-09-02 00:00:00,UAB,Alabama A&M,Conference USA,SWAC,59,0,False,False,Protective Stadium
401420880,2022,1,regular,2022-09-02 00:00:00,Tarleton State,Mississippi Valley State,Western Athletic,SWAC,29,13,False,False,"Memorial Stadium (Stephenville, TX)"
401431457,2022,1,regular,2022-09-02 00:00:00,Henderson State,Southwestern Oklahoma State,Great American,Great American,30,13,False,True,Ruggles Field at Carpenter-Haygood Stadium
401405060,2022,1,regular,2022-09-02 01:00:00,Minnesota,New Mexico State,Big Ten,FBS Independents,38,0,False,False,Huntington Bank Stadium
401403965,2022,1,regular,2022-09-02 02:00:00,Arizona State,Northern Arizona,Pac-12,Big Sky,40,3,False,False,Mountain America Stadium
401415213,2022,1,regular,2022-09-02 02:30:00,San José State,Portland State,Mountain West,Big Sky,21,17,False,False,CEFCU Stadium
401413224,2022,1,regular,2022-09-02 02:30:00,Fresno State,Cal Poly,Mountain West,Big Sky,35,7,False,False,Valley Children's Stadium
401424415,2022,1,regular,2022-09-02 22:00:00,Villanova,Lehigh,CAA,Patriot,45,17,False,False,Villanova Stadium
401433057,2022,1,regular,2022-09-02 22:00:00,West Chester,Bentley,Pennsylvania State Athletic,Northeast 10,17,16,False,False,John A. Farrell Stadium
401450192,2022,1,regular,2022-09-02 22:00:00,Salisbury,Albright,New Jersey,Mid Atlantic,49,0,False,False,Sea Gull Stadium
401431040,2022,1,regular,2022-09-02 22:30:00,Curry,MIT,Commonwealth Coast,NEWMAC,20,34,False,False,Walter M. Katz Field
401432654,2022,1,regular,2022-09-02 23:00:00,Carnegie Mellon,Whitworth,Presidents',Northwest,35,17,False,False,Gesling Stadium
401438606,2022,1,regular,2022-09-02 23:00:00,Westfield State,Nichols,MSCAC,Commonwealth Coast,29,30,False,False,"Alumni Field (Westfield, MA)"
401436997,2022,1,regular,2022-09-02 23:00:00,Franklin & Marshall,Lebanon Valley,Centennial,Mid Atlantic,26,7,False,False,Shadek Stadium
401426330,2022,1,regular,2022-09-02 23:00:00,Old Dominion,Virginia Tech,Sun Belt,ACC,20,17,False,False,S.B. Ballard Stadium
401416590,2022,1,regular,2022-09-02 23:00:00,Eastern Michigan,Eastern Kentucky,Mid-American,Atlantic Sun,42,34,False,False,Rynearson Stadium
401438649,2022,1,regular,2022-09-02 23:00:00,Fitchburg State,Dean,MSCAC,ECFC,33,28,False,False,Elliot Field Athletic Complex
401435140,2022,1,regular,2022-09-02 23:00:00,Merchant Marine,FDU Florham,NEWMAC,Mid Atlantic,7,17,False,False,Brooks Stadium (NY)
401431107,2022,1,regular,2022-09-02 23:00:00,Hobart,Alfred,Liberty League,Empire 8,36,6,False,False,Boswell Field at David J. Urick Stadium
401416591,2022,1,regular,2022-09-02 23:00:00,Michigan State,Western Michigan,Big Ten,Mid-American,35,13,False,False,Spartan Stadium
401439542,2022,1,regular,2022-09-02 23:00:00,Worcester State,WPI,MSCAC,NEWMAC,21,58,False,False,John Coughlin Memorial Field
401450139,2022,1,regular,2022-09-02 23:00:00,Alvernia,Ursinus,Mid Atlantic,Centennial,27,59,False,False,Turf Field
401439539,2022,1,regular,2022-09-02 23:00:00,Springfield,Western New England,NEWMAC,Commonwealth Coast,42,14,False,False,Stagg Field
401426535,2022,1,regular,2022-09-02 23:00:00,Charlotte,William & Mary,Conference USA,CAA,24,41,False,False,Jerry Richardson Stadium
401435072,2022,1,regular,2022-09-02 23:00:00,Merrimack,Holy Cross,NEC,Patriot,17,31,False,False,Duane Stadium
401411094,2022,1,regular,2022-09-02 23:30:00,Duke,Temple,ACC,American Athletic,30,0,False,False,Wallace Wade Stadium
401404052,2022,1,regular,2022-09-03 00:00:00,Kansas,Tennessee Tech,Big 12,OVC,56,10,False,False,Memorial Stadium
401405061,2022,1,regular,2022-09-03 00:00:00,Indiana,Illinois,Big Ten,Big Ten,23,20,False,True,"Memorial Stadium (Bloomington, IN)"
401403966,2022,1,regular,2022-09-03 02:00:00,Colorado,TCU,Pac-12,Big 12,13,38,False,False,Folsom Field
401439546,2022,1,regular,2022-09-03 16:00:00,Greensboro,Guilford,USA South,Old Dominion,48,37,False,False,Jamieson Stadium
401431015,2022,1,regular,2022-09-03 16:00:00,Southwestern U,Cal Lutheran,American Southwest,So. Cal.,7,37,False,False,Birkelbach Field
401428336,2022,1,regular,2022-09-03 16:00:00,Robert Morris,Dayton,Big South,Pioneer,20,22,False,False,Joe Walton Stadium
401431984,2022,1,regular,2022-09-03 16:00:00,Ohio Dominican,Findlay,Great Midwest Athletic,Great Midwest Athletic,28,14,False,True,Panther Stadium (OH)
401405066,2022,1,regular,2022-09-03 16:00:00,Maryland,Buffalo,Big Ten,Mid-American,31,10,False,False,SECU Stadium
401431050,2022,1,regular,2022-09-03 16:00:00,UMass Dartmouth,Husson,MSCAC,Commonwealth Coast,35,14,False,False,Cressy Field
401430960,2022,1,regular,2022-09-03 16:00:00,Marietta,Dubuque,Ohio,American Rivers,14,13,False,False,Don Drumm Stadium
401431029,2022,1,regular,2022-09-03 16:00:00,Case Western Reserve,Johns Hopkins,Presidents',Centennial,14,54,False,False,Case Field
401432518,2022,1,regular,2022-09-03 16:00:00,Wayland Baptist,Hardin Simmons,,American Southwest,14,79,True,False,
401432616,2022,1,regular,2022-09-03 16:00:00,Ohio Wesleyan,Otterbein,North Coast,Ohio,13,21,False,False,Selby Stadium
401432551,2022,1,regular,2022-09-03 16:00:00,Bridgewater State,Ithaca,MSCAC,Liberty League,14,51,False,False,Edward C. Swenson Athletic Complex
401432740,2022,1,regular,2022-09-03 16:00:00,Allegheny,Union,Presidents',Liberty League,27,42,False,False,Frank B. Fuhrer Field
401432529,2022,1,regular,2022-09-03 16:00:00,The College of New Jersey,Moravian,New Jersey,Centennial,31,13,False,False,Lions Stadium
401441936,2022,1,regular,2022-09-03 16:00:00,Brockport,Framingham State,Empire 8,MSCAC,27,7,False,False,Bob Boozer Field
401438614,2022,1,regular,2022-09-03 16:00:00,Salve Regina,Norwich,Commonwealth Coast,NEWMAC,7,0,False,False,Toppa Field
401435118,2022,1,regular,2022-09-03 16:00:00,SUNY Cortland,Wittenberg,Empire 8,North Coast,48,28,False,False,Stadium Red Field
401432790,2022,1,regular,2022-09-03 16:00:00,Delaware Valley,Westminster (PA),Mid Atlantic,Presidents',22,8,False,False,Robert A. Lipinski Field at James Work Memorial Stadium
401445766,2022,1,regular,2022-09-03 16:00:00,SUNY Morrisville,Kean,Empire 8,New Jersey,10,0,False,False,Drake Field (NY)
401450146,2022,1,regular,2022-09-03 16:00:00,Plymouth State,Vermont State Castleton,MSCAC,ECFC,20,7,False,False,Charles L. Currier Memorial Field
401431067,2022,1,regular,2022-09-03 16:00:00,Albion,Carthage,Michigan,CCIW,52,0,False,False,Sprankle-Sprandel Stadium
401405069,2022,1,regular,2022-09-03 16:00:00,Boston College,Rutgers,ACC,Big Ten,21,22,False,False,"Alumni Stadium (Chestnut Hill, MA)"
401415611,2022,1,regular,2022-09-03 16:00:00,Navy,Delaware,American Athletic,CAA,7,14,False,False,Navy-Marine Corps Memorial Stadium
401411096,2022,1,regular,2022-09-03 16:00:00,East Carolina,NC State,American Athletic,ACC,20,21,False,False,Dowdy-Ficklen Stadium
401403865,2022,1,regular,2022-09-03 16:00:00,Texas A&M,Sam Houston,SEC,Western Athletic,31,0,False,False,Kyle Field
401405062,2022,1,regular,2022-09-03 16:00:00,Iowa,South Dakota State,Big Ten,MVFC,7,3,False,False,Kinnick Stadium
401431403,2022,1,regular,2022-09-03 16:00:00,Marist,Georgetown,Pioneer,Patriot,12,43,False,False,Leonidoff Field
401411095,2022,1,regular,2022-09-03 16:00:00,App State,North Carolina,Sun Belt,ACC,61,63,False,False,Kidd Brewer Stadium
401433013,2022,1,regular,2022-09-03 16:00:00,Assumption,Kutztown,Northeast 10,Pennsylvania State Athletic,3,0,False,False,Multi-Sport Stadium
401405067,2022,1,regular,2022-09-03 16:00:00,Michigan,Colorado State,Big Ten,Mountain West,51,7,False,False,Michigan Stadium
401422975,2022,1,regular,2022-09-03 16:00:00,Charleston Southern,Western Carolina,Big South,Southern,38,52,False,False,Buccaneer Field
401404147,2022,1,regular,2022-09-03 16:00:00,UConn,Central Connecticut,FBS Independents,NEC,28,3,False,False,Pratt & Whitney Stadium
401422987,2022,1,regular,2022-09-03 16:30:00,Lafayette,Sacred Heart,Patriot,NEC,6,0,False,False,Fisher Field
401411100,2022,1,regular,2022-09-03 16:30:00,Virginia,Richmond,ACC,CAA,34,17,False,False,Scott Stadium
401438672,2022,1,regular,2022-09-03 17:00:00,Gettysburg,Bridgewater,Centennial,Old Dominion,14,29,False,False,Shirk Field at Musselman Stadium
401438554,2022,1,regular,2022-09-03 17:00:00,Augustana (IL),Rhodes,CCIW,Southern Athletic,34,28,False,False,Charles D. Lindberg Stadium
401435131,2022,1,regular,2022-09-03 17:00:00,McDaniel,Catholic,Centennial,NEWMAC,27,37,False,False,Kenneth R. Gill Stadium
401437201,2022,1,regular,2022-09-03 17:00:00,Alfred State,Misericordia,ECFC,Mid Atlantic,17,14,False,False,Pioneer Stadium
401443324,2022,1,regular,2022-09-03 17:00:00,Bethany (WV),Hiram,Presidents',North Coast,26,16,False,False,Bison Stadium
401445128,2022,1,regular,2022-09-03 17:00:00,St. Lawrence,Endicott,Liberty League,Commonwealth Coast,0,27,False,False,Leckonby Stadium
401441945,2022,1,regular,2022-09-03 17:00:00,Keystone,Wilkes,ECFC,Mid Atlantic,21,48,False,False,Athletic Field Complex
401432817,2022,1,regular,2022-09-03 17:00:00,Sewanee,St. Scholastica,Southern Athletic,Minnesota,50,0,False,False,Hardee-McGee Field
401439531,2022,1,regular,2022-09-03 17:00:00,Saint Vincent,Stevenson,Presidents',Mid Atlantic,21,25,False,False,Chuck Noll Field
401432671,2022,1,regular,2022-09-03 17:00:00,Washington & Jefferson,John Carroll,Presidents',Ohio,35,26,False,False,Cameron Stadium
401430951,2022,1,regular,2022-09-03 17:00:00,Coe,Cornell (IA),American Rivers,Midwest,56,7,False,False,Clark Field
401438685,2022,1,regular,2022-09-03 17:00:00,Widener,Rowan,Mid Atlantic,New Jersey,20,42,False,False,Leslie C. Quick Jr. Stadium
401432581,2022,1,regular,2022-09-03 17:00:00,Kenyon,Bluffton,North Coast,Heartland,33,26,False,False,McBride Field
401433397,2022,1,regular,2022-09-03 17:00:00,Rensselaer,Dickinson,Liberty League,Centennial,14,7,False,False,ECAV Stadium
401439518,2022,1,regular,2022-09-03 17:00:00,St. John Fisher,Buffalo State,Empire 8,Liberty League,62,21,False,False,Growney Stadium
401459907,2022,1,regular,2022-09-03 17:00:00,Hartwick,SUNY Maritime,Empire 8,ECFC,31,10,False,False,Wright Stadium
401431202,2022,1,regular,2022-09-03 17:00:00,Hope,Aurora,Michigan,NACC,38,34,False,False,Ray and Sue Smith Stadium
401431143,2022,1,regular,2022-09-03 17:00:00,DePauw,Rose Hulman,North Coast,Heartland,17,14,False,False,Blackstock Stadium
401430968,2022,1,regular,2022-09-03 17:00:00,Luther,Presentation,American Rivers,,6,29,False,False,Legacy Field in Carlson Stadium
401431150,2022,1,regular,2022-09-03 17:00:00,Lycoming,Susquehanna,Mid Atlantic,Centennial,16,45,False,False,David Person Field
401431206,2022,1,regular,2022-09-03 17:00:00,Kalamazoo,Oberlin,Michigan,North Coast,21,14,False,False,Angell Field
401441262,2022,1,regular,2022-09-03 17:00:00,Montclair State,Thiel,New Jersey,Presidents',27,6,False,False,Sprague Field
401445793,2022,1,regular,2022-09-03 17:00:00,William Paterson,Western Connecticut State,New Jersey,MSCAC,28,7,False,False,Wightman Stadium
401431255,2022,1,regular,2022-09-03 17:00:00,Rockford,Beloit,NACC,Midwest,41,14,False,False,Sam Greeley Field
401431274,2022,1,regular,2022-09-03 17:00:00,Ripon,St. Norbert,Midwest,NACC,13,10,False,False,Ingalls Field
401431194,2022,1,regular,2022-09-03 17:00:00,Ohio Northern,Alma,Ohio,Michigan,13,16,False,False,Dial-Roberson Stadium
401432623,2022,1,regular,2022-09-03 17:00:00,Wabash,Hampden Sydney,North Coast,Old Dominion,52,48,False,False,Little Giant Stadium
401432772,2022,1,regular,2022-09-03 17:00:00,Grove City,Juniata,Presidents',Centennial,63,6,False,False,Robert E. Thorn Field
401432543,2022,1,regular,2022-09-03 17:00:00,Gallaudet,Waynesburg,ECFC,Presidents',14,52,False,False,Hotchkiss Field
401432726,2022,1,regular,2022-09-03 17:00:00,Methodist,Shenandoah,USA South,Old Dominion,10,27,False,False,Monarch Stadium
401423136,2022,1,regular,2022-09-03 17:00:00,Butler,St. Thomas University (Fl),Pioneer,,31,26,False,False,Butler Bowl
401431866,2022,1,regular,2022-09-03 17:00:00,Erskine,UFTL,South Atlantic,,49,2,False,False,J.W. Babb Stadium
401433022,2022,1,regular,2022-09-03 17:00:00,Post,Lock Haven,Independent DII,Pennsylvania State Athletic,34,35,True,False,
401429850,2022,1,regular,2022-09-03 17:00:00,Bowie State,New Haven,CIAA,Northeast 10,27,20,False,False,Bulldogs Stadium
401432110,2022,1,regular,2022-09-03 17:00:00,Emory & Henry,Concord,South Atlantic,Mountain East,20,27,False,False,Fred Selfe Stadium at Nicewonder Field
401431551,2022,1,regular,2022-09-03 17:00:00,Northwood,Kentucky Wesleyan,Great Midwest Athletic,Great Midwest Athletic,55,13,False,False,Hantz Stadium
401438225,2022,1,regular,2022-09-03 17:00:00,Franklin Pierce,Edinboro,Northeast 10,Pennsylvania State Athletic,7,10,True,False,Sodexo Field
401415209,2022,1,regular,2022-09-03 17:00:00,Air Force,Northern Iowa,Mountain West,MVFC,48,17,False,False,Falcon Stadium
401433049,2022,1,regular,2022-09-03 17:00:00,West Virginia State,Shippensburg,Mountain East,Pennsylvania State Athletic,29,6,False,False,Dickerson Stadium
401431840,2022,1,regular,2022-09-03 17:00:00,Brevard,Shorter,USA South,Gulf South,6,45,False,False,Brevard Memorial Stadium
401431525,2022,1,regular,2022-09-03 17:00:00,Truman State,Davenport,Great Lakes,GLIAC,19,20,False,False,Stokes Stadium
401479976,2022,1,regular,2022-09-03 17:00:00,Kentucky State,Delta State,SIAC,Gulf South,10,33,False,False,Alumni Stadium (KY)
401431136,2022,1,regular,2022-09-03 17:30:00,Mount St Joseph,Baldwin Wallace,Heartland,Ohio,31,28,False,False,Schueler Field
401431059,2022,1,regular,2022-09-03 17:30:00,Coast Guard,New England,NEWMAC,Commonwealth Coast,10,17,False,False,Cadet Memorial Field
401432680,2022,1,regular,2022-09-03 17:30:00,Mount Union,Defiance College,Ohio,Heartland,65,0,False,False,Mount Union Stadium
401432810,2022,1,regular,2022-09-03 18:00:00,Hendrix,Austin,Southern Athletic,American Southwest,20,0,False,False,Young-Wise Memorial Stadium
401435059,2022,1,regular,2022-09-03 18:00:00,Millikin,Greenville,CCIW,Upper Midwest,28,14,False,False,Frank M. Lindsay Field
401432975,2022,1,regular,2022-09-03 18:00:00,Minot State,Winona State,Northern Sun,Northern Sun,10,24,False,True,Herb Parker Stadium
401432793,2022,1,regular,2022-09-03 18:00:00,Maryville (TN),Berry,USA South,Southern Athletic,24,31,False,False,Lloyd L. Thornton Stadium
401431077,2022,1,regular,2022-09-03 18:00:00,Elmhurst,Wisconsin River Falls,CCIW,Wisconsin,0,63,False,False,Langhorst Field
401431117,2022,1,regular,2022-09-03 18:00:00,Olivet,Franklin,Michigan,Heartland,35,31,False,False,Cutler Field
401430996,2022,1,regular,2022-09-03 18:00:00,Texas Lutheran,Howard Payne,American Southwest,American Southwest,45,59,False,True,Bulldog Stadium (TX)
401431246,2022,1,regular,2022-09-03 18:00:00,Bethel (MN),Pacific Lutheran,Minnesota,Northwest,41,9,False,False,Royal Stadium
401433408,2022,1,regular,2022-09-03 18:00:00,McMurry,Birmingham-Southern,American Southwest,Southern Athletic,9,26,True,False,War Memorial Stadium (AR)
401430975,2022,1,regular,2022-09-03 18:00:00,Eureka,Nebraska Wesleyan,NACC,American Rivers,6,31,False,False,Pete FioRito Stadium at McKinzie Field
401431298,2022,1,regular,2022-09-03 18:00:00,Lake Forest,Wisconsin Lutheran,Midwest,NACC,42,7,False,False,Farwell Field
401431318,2022,1,regular,2022-09-03 18:00:00,Concordia Chicago,Chicago,NACC,Midwest,14,34,False,False,Concordia Stadium
401432514,2022,1,regular,2022-09-03 18:00:00,Wisconsin Eau Claire,Loras,Wisconsin,American Rivers,30,27,False,False,Carson Park
401432560,2022,1,regular,2022-09-03 18:00:00,Martin Luther,Concordia (WI),Upper Midwest,NACC,14,35,False,False,MLC Bowl
401432510,2022,1,regular,2022-09-03 18:00:00,Central College,St. Olaf,American Rivers,Minnesota,44,13,False,False,Ron and Joyce Schipper Stadium
401435346,2022,1,regular,2022-09-03 18:00:00,Wisconsin Oshkosh,East Texas Baptist,Wisconsin,American Southwest,52,13,False,False,J.J. Keller Field at Titan Stadium
401435103,2022,1,regular,2022-09-03 18:00:00,Saint John's (MN),Wisconsin Whitewater,Minnesota,Wisconsin,24,10,False,False,Clemens Stadium
401431293,2022,1,regular,2022-09-03 18:00:00,Knox,Westminster (MO),Midwest,Upper Midwest,26,0,False,False,Harley Knosher Bowl
401404057,2022,1,regular,2022-09-03 18:00:00,Iowa State,Southeast Missouri State,Big 12,OVC,42,10,False,False,Jack Trice Stadium
401425513,2022,1,regular,2022-09-03 18:00:00,Delaware State,Lincoln (PA),MEAC,CIAA,34,0,False,False,Alumni Stadium
401413214,2022,1,regular,2022-09-03 18:00:00,Jacksonville State,Davidson,Atlantic Sun,Pioneer,35,17,False,False,AmFirst Stadium
401420822,2022,1,regular,2022-09-03 18:00:00,Youngstown State,Duquesne,MVFC,NEC,31,14,False,False,Stambaugh Stadium
401445818,2022,1,regular,2022-09-03 18:00:00,Bloomsburg,Stonehill,Pennsylvania State Athletic,NEC,30,33,False,False,Robert B. Redman Stadium
401431821,2022,1,regular,2022-09-03 18:00:00,Walsh,Tiffin,Great Midwest Athletic,Great Midwest Athletic,0,42,False,True,Tom Benson Hall of Fame Stadium
401403971,2022,1,regular,2022-09-03 18:30:00,UCLA,Bowling Green,Pac-12,Mid-American,45,17,False,False,Rose Bowl
401413333,2022,1,regular,2022-09-03 19:00:00,Montana,Northwestern State,Big Sky,Southland,47,0,False,False,Washington-Grizzly Stadium
401431579,2022,1,regular,2022-09-03 19:00:00,Lake Erie,Hillsdale,Great Midwest Athletic,Great Midwest Athletic,31,35,False,True,Jack Britt Memorial Stadium
401438680,2022,1,regular,2022-09-03 19:00:00,Willamette,Pomona Pitzer,Northwest,So. Cal.,21,44,False,False,McCulloch Stadium
401415211,2022,1,regular,2022-09-03 19:30:00,Wyoming,Tulsa,Mountain West,American Athletic,40,37,False,False,War Memorial Stadium
401403967,2022,1,regular,2022-09-03 19:30:00,San Diego State,Arizona,Mountain West,Pac-12,20,38,False,False,Snapdragon Stadium
401405063,2022,1,regular,2022-09-03 19:30:00,Nebraska,North Dakota,Big Ten,MVFC,38,17,False,False,"Memorial Stadium (Lincoln, NE)"
401403858,2022,1,regular,2022-09-03 19:30:00,Georgia,Oregon,SEC,Pac-12,49,3,True,False,Mercedes-Benz Stadium
401403855,2022,1,regular,2022-09-03 19:30:00,Arkansas,Cincinnati,SEC,American Athletic,31,24,False,False,Razorback Stadium
401411097,2022,1,regular,2022-09-03 19:30:00,Miami,Bethune-Cookman,ACC,SWAC,70,13,False,False,Hard Rock Stadium
401415015,2022,1,regular,2022-09-03 19:30:00,Marshall,Norfolk State,Sun Belt,MEAC,55,3,False,False,Joan C. Edwards Stadium
401420836,2022,1,regular,2022-09-03 19:30:00,North Dakota State,Drake,MVFC,Pioneer,56,14,False,False,Fargodome
401426542,2022,1,regular,2022-09-03 19:30:00,UTSA,Houston,Conference USA,American Athletic,35,37,False,False,Alamodome
401426541,2022,1,regular,2022-09-03 19:30:00,Oklahoma,UTEP,Big 12,Conference USA,45,13,False,False,"Memorial Stadium (Norman, OK)"
401413236,2022,1,regular,2022-09-03 20:00:00,Eastern Washington,Tennessee State,Big Sky,OVC,36,29,False,False,Roos Field
401415612,2022,1,regular,2022-09-03 20:00:00,South Florida,BYU,American Athletic,FBS Independents,21,50,False,False,Raymond James Stadium
401430671,2022,1,regular,2022-09-03 20:00:00,Shaw,Wingate,CIAA,South Atlantic,7,21,False,False,George Williams Athletic Complex
401403968,2022,1,regular,2022-09-03 20:00:00,California,UC Davis,Pac-12,Big Sky,34,13,False,False,California Memorial Stadium
401415176,2022,1,regular,2022-09-03 20:00:00,Northern Colorado,Houston Christian,Big Sky,Southland,34,46,False,False,Nottingham Field
401439513,2022,1,regular,2022-09-03 20:00:00,Edward Waters,Clark Atlanta,SIAC,SIAC,34,39,False,True,Earl Kitchings Stadium
401445811,2022,1,regular,2022-09-03 20:00:00,Lewis & Clark,Puget Sound,Northwest,Northwest,41,15,False,True,Griswold Stadium
401403860,2022,1,regular,2022-09-03 20:00:00,Ole Miss,Troy,SEC,Sun Belt,28,10,False,False,Vaught-Hemingway Stadium
401432888,2022,1,regular,2022-09-03 21:00:00,Wisconsin La Crosse,Dakota State University,Wisconsin,,42,7,False,False,Veterans Memorial Stadium (WI)
401421116,2022,1,regular,2022-09-03 21:00:00,South Alabama,Nicholls,Sun Belt,Southland,48,7,False,False,Hancock Whitney Stadium
401415212,2022,1,regular,2022-09-03 21:30:00,Nevada,Texas State,Mountain West,Sun Belt,38,14,False,False,Mackay Stadium
401431489,2022,1,regular,2022-09-03 22:00:00,Indianapolis,Saint Xavier,Great Lakes,,57,0,False,False,Key Stadium
401426536,2022,1,regular,2022-09-03 22:00:00,Ohio,Florida Atlantic,Mid-American,Conference USA,41,38,False,False,Peden Stadium
401426538,2022,1,regular,2022-09-03 22:00:00,James Madison,Middle Tennessee,Sun Belt,Conference USA,44,7,False,False,Bridgeforth Stadium
401432331,2022,1,regular,2022-09-03 22:00:00,Newberry,Allen,South Atlantic,SIAC,40,6,False,False,Setzler Field
401426540,2022,1,regular,2022-09-03 22:00:00,USC,Rice,Pac-12,Conference USA,66,14,False,False,Los Angeles Memorial Coliseum
401423411,2022,1,regular,2022-09-03 22:00:00,Stetson,Concordia-Michigan,Pioneer,,24,14,False,False,Spec Martin Municipal Stadium
401431566,2022,1,regular,2022-09-03 22:00:00,Slippery Rock,Wayne State (MI),Pennsylvania State Athletic,GLIAC,42,10,False,False,Mihalik-Thompson Stadium
401413203,2022,1,regular,2022-09-03 22:00:00,Chattanooga,Wofford,Southern,Southern,31,0,False,True,Finley Stadium
401431854,2022,1,regular,2022-09-03 22:00:00,Morehouse,West Alabama,SIAC,Gulf South,16,24,False,False,B.T. Harvey Stadium
401432090,2022,1,regular,2022-09-03 22:00:00,Alderson-Broaddus,Mercyhurst,Mountain East,Pennsylvania State Athletic,28,45,False,False,Multi-Sport Performance Stadium
401431863,2022,1,regular,2022-09-03 22:00:00,West Georgia,Carson Newman,Gulf South,South Atlantic,38,7,False,False,University Stadium (GA)
401424417,2022,1,regular,2022-09-03 22:00:00,Hampton,Howard,CAA,MEAC,31,28,False,False,Armstrong Stadium
401422978,2022,1,regular,2022-09-03 22:00:00,Bucknell,Towson,Patriot,CAA,13,14,False,False,Christy Mathewson-Memorial Stadium
401420777,2022,1,regular,2022-09-03 22:00:00,Georgia Southern,Morgan State,Sun Belt,MEAC,59,7,False,False,Allen E. Paulson Stadium
401430695,2022,1,regular,2022-09-03 22:00:00,Lenoir Rhyne,Virginia State,South Atlantic,CIAA,38,19,False,False,Helen and Leonard Moretz Stadium
401423449,2022,1,regular,2022-09-03 22:00:00,Alabama State,Miles,SWAC,SIAC,21,13,False,False,Hornet Stadium
401429860,2022,1,regular,2022-09-03 22:00:00,Benedict,Elizabeth City State,SIAC,CIAA,52,14,False,False,Charlie W. Johnson Stadium
401430921,2022,1,regular,2022-09-03 22:00:00,Buena Vista,Gustavus Adolphus,American Rivers,Minnesota,20,62,False,False,J. Leslie Rollins Stadium
401444470,2022,1,regular,2022-09-03 22:00:00,Livingstone,Catawba,CIAA,South Atlantic,19,44,False,False,Alumni Memorial Stadium (NC)
401432880,2022,1,regular,2022-09-03 22:00:00,Randolph Macon,North Carolina Wesleyan,Old Dominion,USA South,49,7,False,False,Day Field
401432628,2022,1,regular,2022-09-03 22:00:00,Washington and Lee,Christopher Newport,Old Dominion,New Jersey,3,9,False,False,Wilson Field
401455583,2022,1,regular,2022-09-03 22:00:00,Finlandia University,Benedictine (IL),Upper Midwest,NACC,7,52,True,False,McAfee Field
401432436,2022,1,regular,2022-09-03 22:30:00,University of Mary,Wayne State (NE),Northern Sun,Northern Sun,28,33,False,True,MDU Resources Community Bowl
401432323,2022,1,regular,2022-09-03 23:00:00,Albany State,Mississippi College,SIAC,Gulf South,28,14,False,False,Albany State University Coliseum
401431860,2022,1,regular,2022-09-03 23:00:00,West Florida,Warner,Gulf South,,52,3,True,False,Blue Wahoos Stadium
401466246,2022,1,regular,2022-09-03 23:00:00,Valparaiso,Indiana Wesleyan,Pioneer,,20,17,False,False,Brown Field
401425418,2022,1,regular,2022-09-03 23:00:00,Arkansas State,Grambling,Sun Belt,SWAC,58,3,False,False,Centennial Bank Stadium
401431906,2022,1,regular,2022-09-03 23:00:00,UT Permian Basin,Southwest Baptist,Lone Star,Great Lakes,17,41,False,False,Ratliff Stadium
401424416,2022,1,regular,2022-09-03 23:00:00,Baylor,UAlbany,Big 12,CAA,69,10,False,False,McLane Stadium
401418609,2022,1,regular,2022-09-03 23:00:00,Austin Peay,Presbyterian,Atlantic Sun,Pioneer,63,0,False,False,Governors Stadium
401420873,2022,1,regular,2022-09-03 23:00:00,Alcorn State,Stephen F. Austin,SWAC,Western Athletic,27,31,False,False,Jack Spinks Stadium
401420846,2022,1,regular,2022-09-03 23:00:00,Incarnate Word,Southern Illinois,Southland,MVFC,64,29,False,False,Gayle and Tom Benson Stadium
401423918,2022,1,regular,2022-09-03 23:00:00,Prairie View A&M,Texas Southern,SWAC,SWAC,40,23,False,True,Panther Stadium
401431894,2022,1,regular,2022-09-03 23:00:00,Midwestern State,CSU Pueblo,Lone Star,Rocky Mountain,27,59,False,False,"Memorial Stadium (Wichita Falls, TX)"
401423925,2022,1,regular,2022-09-03 23:00:00,Southern,Florida Memorial University,SWAC,,86,0,False,False,Ace W. Mumford Stadium
401404056,2022,1,regular,2022-09-03 23:00:00,Kansas State,South Dakota,Big 12,MVFC,34,0,False,False,Bill Snyder Family Stadium
401403866,2022,1,regular,2022-09-03 23:00:00,Vanderbilt,Elon,SEC,CAA,42,31,False,False,FirstBank Stadium
401403856,2022,1,regular,2022-09-03 23:00:00,Auburn,Mercer,SEC,Southern,42,16,False,False,Jordan-Hare Stadium
401404157,2022,1,regular,2022-09-03 23:00:00,Southern Miss,Liberty,Sun Belt,FBS Independents,27,29,False,False,M. M. Roberts Stadium
401404134,2022,1,regular,2022-09-03 23:00:00,Coastal Carolina,Army,Sun Belt,FBS Independents,38,28,False,False,Brooks Stadium (SC)
401403859,2022,1,regular,2022-09-03 23:00:00,Kentucky,Miami (OH),SEC,Mid-American,37,13,False,False,Kroger Field
401403857,2022,1,regular,2022-09-03 23:00:00,Florida,Utah,SEC,Pac-12,29,26,False,False,Ben Hill Griffin Stadium
401414778,2022,1,regular,2022-09-03 23:00:00,Tulane,Massachusetts,American Athletic,FBS Independents,42,10,False,False,Yulman Stadium
401430708,2022,1,regular,2022-09-03 23:00:00,Fayetteville State,UNC Pembroke,CIAA,Mountain East,15,13,False,False,"Luther ""Nick"" Jeralds Stadium"
401432646,2022,1,regular,2022-09-03 23:00:00,Huntingdon,Linfield,USA South,Northwest,34,41,False,False,Charles Lee Field at Samford Stadium
401435063,2022,1,regular,2022-09-03 23:00:00,Utica,Rochester (NY),Empire 8,Liberty League,43,28,False,False,Charles A. Gaetano Stadium
401435180,2022,1,regular,2022-09-03 23:00:00,Denison,Capital,North Coast,Ohio,48,31,False,False,Deeds Field-Piper Stadium
401431094,2022,1,regular,2022-09-03 23:00:00,North Park,Manchester,CCIW,Heartland,14,23,False,False,Holmgren Athletic Complex
401431006,2022,1,regular,2022-09-03 23:00:00,Trinity (TX),Sul Ross State,Southern Athletic,American Southwest,55,7,False,False,Trinity University Stadium
401435213,2022,1,regular,2022-09-03 23:00:00,Wisconsin Stevens Point,Mayville State,Wisconsin,,24,31,False,False,Community Stadium at Goerke Park
401421121,2022,1,regular,2022-09-03 23:00:00,Louisiana,SE Louisiana,Sun Belt,Southland,24,7,False,False,Cajun Field
401405065,2022,1,regular,2022-09-03 23:00:00,Wisconsin,Illinois State,Big Ten,MVFC,38,0,False,False,Camp Randall Stadium
401441340,2022,1,regular,2022-09-03 23:00:00,Southern Virginia,Wilmington (OH),USA South,Ohio,27,52,False,False,Knight Stadium
401431178,2022,1,regular,2022-09-03 23:00:00,Heidelberg,Adrian,Ohio,Michigan,31,0,False,False,Hoernemann Stadium
401435106,2022,1,regular,2022-09-03 23:00:00,Minnesota Morris,Macalester,Upper Midwest,Minnesota,24,45,False,False,Big Cat Stadium
401432524,2022,1,regular,2022-09-03 23:00:00,Mary Hardin Baylor,Muhlenberg,American Southwest,Centennial,62,13,False,False,Crusader Stadium
401424943,2022,1,regular,2022-09-03 23:00:00,Arkansas-Pine Bluff,Lane College,SWAC,SIAC,48,42,False,False,Golden Lion Stadium
401404124,2022,1,regular,2022-09-03 23:30:00,Ohio State,Notre Dame,Big Ten,FBS Independents,21,10,False,False,Ohio Stadium
401432765,2022,1,regular,2022-09-03 23:30:00,Geneva,Wooster,Presidents',North Coast,25,33,False,False,Reeves Field (PA)
401426539,2022,1,regular,2022-09-03 23:30:00,North Texas,SMU,Conference USA,American Athletic,10,48,False,False,DATCU Stadium
401420797,2022,1,regular,2022-09-03 23:30:00,North Carolina Central,North Carolina A&T,MEAC,Big South,28,13,True,False,Bank of America Stadium
401403854,2022,1,regular,2022-09-03 23:30:00,Alabama,Utah State,SEC,Mountain West,55,0,False,False,Bryant-Denny Stadium
401403861,2022,1,regular,2022-09-03 23:30:00,Mississippi State,Memphis,SEC,American Athletic,49,23,False,False,Davis Wade Stadium
401403863,2022,1,regular,2022-09-03 23:30:00,South Carolina,Georgia State,SEC,Sun Belt,35,14,False,False,Williams-Brice Stadium
401404055,2022,1,regular,2022-09-04 00:00:00,Texas Tech,Murray State,Big 12,OVC,63,10,False,False,Jones AT&T Stadium
401413340,2022,1,regular,2022-09-04 00:00:00,Montana State,McNeese,Big Sky,Southland,40,17,False,False,Bobcat Stadium
401411099,2022,1,regular,2022-09-04 00:00:00,Syracuse,Louisville,ACC,ACC,31,7,False,True,JMA Wireless Dome
401404059,2022,1,regular,2022-09-04 00:00:00,Texas,UL Monroe,Big 12,Sun Belt,52,10,False,False,DKR-Texas Memorial Stadium
401415210,2022,1,regular,2022-09-04 00:00:00,New Mexico,Maine,Mountain West,CAA,41,0,False,False,University Stadium (NM)
401431911,2022,1,regular,2022-09-04 00:00:00,Western Colorado,West Texas,Rocky Mountain,Lone Star,6,44,False,False,Buffalo Stadium
401403970,2022,1,regular,2022-09-04 00:00:00,Stanford,Colgate,Pac-12,Patriot,41,10,False,False,Stanford Stadium
401433060,2022,1,regular,2022-09-04 00:00:00,Western New Mexico,Adams State,Lone Star,Rocky Mountain,34,20,False,False,Ben Altamirano Field
401431901,2022,1,regular,2022-09-04 00:00:00,Texas A&M-Kingsville,North American,Lone Star,,60,0,False,False,Javelina Stadium
401439762,2022,1,regular,2022-09-04 00:00:00,Northwestern (MN),Augsburg,Upper Midwest,Minnesota,15,23,False,False,Reynolds Field
401431240,2022,1,regular,2022-09-04 00:00:00,Crown,Hamline,Upper Midwest,Minnesota,14,39,False,False,Old National Bank Stadium
401430981,2022,1,regular,2022-09-04 00:00:00,Monmouth (IL),Wartburg,Midwest,American Rivers,7,34,False,False,April Zorn Memorial Stadium
401432189,2022,1,regular,2022-09-04 01:00:00,San Diego,La Verne,Pioneer,So. Cal.,58,0,False,False,Torero Stadium
401403974,2022,1,regular,2022-09-04 01:30:00,Washington State,Idaho,Pac-12,Big Sky,24,17,False,False,Gesa Field
401432637,2022,1,regular,2022-09-04 02:00:00,George Fox,Redlands,Northwest,So. Cal.,38,31,False,False,Ted Runner Stadium
401435149,2022,1,regular,2022-09-04 02:00:00,Chapman,Pacific (OR),So. Cal.,Northwest,42,21,False,False,Ernie Chapman Stadium
401403969,2022,1,regular,2022-09-04 02:30:00,Oregon State,Boise State,Pac-12,Mountain West,34,17,False,False,Reser Stadium
401403973,2022,1,regular,2022-09-04 02:30:00,Washington,Kent State,Pac-12,Mid-American,45,20,False,False,Husky Stadium
401420855,2022,1,regular,2022-09-04 02:30:00,Sacramento State,Utah Tech,Big Sky,Western Athletic,56,33,False,False,Hornet Stadium
401426543,2022,1,regular,2022-09-04 03:59:00,Hawai'i,Western Kentucky,Mountain West,Conference USA,17,49,False,False,Clarence T.C. Ching Athletics Complex
401431127,2022,1,regular,2022-09-04 17:00:00,Hanover,Centre,Heartland,Southern Athletic,29,31,False,False,Alumni Stadium (IN)
401424947,2022,1,regular,2022-09-04 19:00:00,Jackson State,Florida A&M,SWAC,SWAC,59,3,True,True,Hard Rock Stadium
401431983,2022,1,regular,2022-09-04 20:00:00,Central State,Winston-Salem State,SIAC,CIAA,41,21,True,False,Tom Benson Hall of Fame Stadium
401432363,2022,1,regular,2022-09-04 23:00:00,Tuskegee,Fort Valley State,SIAC,SIAC,6,21,True,True,Cramton Bowl
401403867,2022,1,regular,2022-09-04 23:30:00,Florida State,LSU,ACC,SEC,24,23,True,False,Caesars Superdome
401411101,2022,1,regular,2022-09-06 00:00:00,Georgia Tech,Clemson,ACC,ACC,10,41,True,True,Mercedes-Benz Stadium
401432091,2022,2,regular,2022-09-08 22:00:00,West Liberty,Alderson-Broaddus,Mountain East,Mountain East,30,17,False,True,West Family Stadium
401431518,2022,2,regular,2022-09-08 23:00:00,Quincy,Trinity International (IL),Great Lakes,,53,14,False,False,QU Stadium
401446231,2022,2,regular,2022-09-08 23:00:00,Fairmont State,Charleston (WV),Mountain East,Mountain East,38,40,False,True,Duvall-Rosier Field
401431953,2022,2,regular,2022-09-09 00:00:00,Nebraska Kearney,Pittsburg State,Mid America,Mid America,28,35,False,True,Ron & Carol Cope Stadium at Foster Field
401431916,2022,2,regular,2022-09-09 00:00:00,Central Missouri,Washburn,Mid America,Mid America,32,40,False,True,Audrey J. Walton Stadium at Vernon Kennedy Field
401431927,2022,2,regular,2022-09-09 00:00:00,Fort Hays,Missouri Western,Mid America,Mid America,19,35,False,True,Lewis Field Stadium
401420807,2022,2,regular,2022-09-09 00:00:00,Missouri State,UT Martin,MVFC,OVC,35,30,False,False,Plaster Sports Complex
401432371,2022,2,regular,2022-09-09 00:00:00,Central Oklahoma,Emporia State,Mid America,Mid America,21,13,False,True,Wantland Stadium
401435073,2022,2,regular,2022-09-09 23:00:00,Merrimack,Assumption,NEC,Northeast 10,45,17,False,False,Duane Stadium
401431160,2022,2,regular,2022-09-09 23:00:00,SUNY Maritime,Mass Maritime,ECFC,MSCAC,17,14,False,False,Reinhart Field
401439543,2022,2,regular,2022-09-09 23:00:00,WPI,Endicott,NEWMAC,Commonwealth Coast,0,24,False,False,"Alumni Stadium (Worcester, MA)"
401438633,2022,2,regular,2022-09-09 23:00:00,FDU Florham,William Paterson,Mid Atlantic,New Jersey,28,21,False,False,Robert T. Shields Field
401438607,2022,2,regular,2022-09-09 23:00:00,Nichols,Dean,Commonwealth Coast,ECFC,71,55,False,False,Vendetti Field
401415613,2022,2,regular,2022-09-09 23:30:00,UCF,Louisville,American Athletic,ACC,14,20,False,False,FBC Mortgage Stadium
401415214,2022,2,regular,2022-09-10 01:00:00,New Mexico,Boise State,Mountain West,Mountain West,14,31,False,True,University Stadium (NM)
401411105,2022,2,regular,2022-09-10 16:00:00,Miami,Southern Miss,ACC,Sun Belt,30,7,False,False,Hard Rock Stadium
401433044,2022,2,regular,2022-09-10 16:00:00,Shepherd,Edinboro,Pennsylvania State Athletic,Pennsylvania State Athletic,41,7,False,True,Ram Stadium (WV)
401403876,2022,2,regular,2022-09-10 16:00:00,Kansas State,Missouri,Big 12,SEC,40,12,False,False,Bill Snyder Family Stadium
401405073,2022,2,regular,2022-09-10 16:00:00,Northwestern,Duke,Big Ten,ACC,23,31,False,False,Ryan Field
401433053,2022,2,regular,2022-09-10 16:00:00,West Chester,Slippery Rock,Pennsylvania State Athletic,Pennsylvania State Athletic,14,35,False,True,John A. Farrell Stadium
401411103,2022,2,regular,2022-09-10 16:00:00,Georgia State,North Carolina,Sun Belt,ACC,28,35,False,False,Center Parc Stadium
401432146,2022,2,regular,2022-09-10 16:00:00,UNC Pembroke,West Virginia Wesleyan,Mountain East,Mountain East,50,26,False,True,Grace P. Johnson Stadium
401426553,2022,2,regular,2022-09-10 16:00:00,Army,UTSA,FBS Independents,Conference USA,38,41,False,False,Michie Stadium
401445816,2022,2,regular,2022-09-10 16:00:00,Duquesne,Thomas More,NEC,,34,14,False,False,Arthur J. Rooney Athletic Field
401432988,2022,2,regular,2022-09-10 16:00:00,Kutztown,California (PA),Pennsylvania State Athletic,Pennsylvania State Athletic,24,19,False,True,Andre Reed Stadium
401431108,2022,2,regular,2022-09-10 16:00:00,Alfred,Mount St Joseph,Empire 8,Heartland,37,43,False,False,Merrill Field at Yunevich Stadium
401403869,2022,2,regular,2022-09-10 16:00:00,Arkansas,South Carolina,SEC,SEC,44,30,False,True,Razorback Stadium
401405071,2022,2,regular,2022-09-10 16:00:00,Minnesota,Western Illinois,Big Ten,MVFC,62,10,False,False,Huntington Bank Stadium
401433030,2022,2,regular,2022-09-10 16:00:00,Millersville,Gannon,Pennsylvania State Athletic,Pennsylvania State Athletic,10,16,False,True,Chryst Field at Biemesderfer Stadium
401432127,2022,2,regular,2022-09-10 16:00:00,Notre Dame College,Wheeling,Mountain East,Mountain East,27,14,False,True,Mueller Field
401438686,2022,2,regular,2022-09-10 16:00:00,Springfield,Rowan,NEWMAC,New Jersey,35,38,False,False,Stagg Field
401439519,2022,2,regular,2022-09-10 16:00:00,Framingham State,St. John Fisher,MSCAC,Empire 8,31,20,False,False,Bowditch Field
401405080,2022,2,regular,2022-09-10 16:00:00,Penn State,Ohio,Big Ten,Mid-American,46,10,False,False,Beaver Stadium
401403879,2022,2,regular,2022-09-10 16:00:00,Vanderbilt,Wake Forest,SEC,ACC,25,45,False,False,FirstBank Stadium
401441263,2022,2,regular,2022-09-10 16:00:00,Montclair State,Delaware Valley,New Jersey,Mid Atlantic,6,14,False,False,Sprague Field
401403868,2022,2,regular,2022-09-10 16:00:00,Texas,Alabama,Big 12,SEC,19,20,False,False,DKR-Texas Memorial Stadium
401405079,2022,2,regular,2022-09-10 16:00:00,Ohio State,Arkansas State,Big Ten,Sun Belt,45,12,False,False,Ohio Stadium
401431170,2022,2,regular,2022-09-10 16:00:00,Anna Maria College,UMass Dartmouth,ECFC,MSCAC,63,48,False,False,Caparso Field
401431051,2022,2,regular,2022-09-10 16:00:00,Husson,Plymouth State,Commonwealth Coast,MSCAC,0,17,False,False,Dr. John W. Winkin Sports Complex
401431187,2022,2,regular,2022-09-10 16:00:00,Albion,Bluffton,Michigan,Heartland,51,2,False,False,Sprankle-Sprandel Stadium
401441941,2022,2,regular,2022-09-10 16:00:00,SUNY Cortland,The College of New Jersey,Empire 8,New Jersey,63,7,False,False,Stadium Red Field
401445801,2022,2,regular,2022-09-10 16:00:00,Hilbert,Denison,North Coast,North Coast,0,63,True,False,
401432572,2022,2,regular,2022-09-10 16:00:00,Hiram,Wooster,North Coast,North Coast,21,49,False,True,Charles A. Henry Field
401438666,2022,2,regular,2022-09-10 16:00:00,Norwich,St. Lawrence,NEWMAC,Liberty League,19,30,False,False,Sabine Field at Haynes Family Stadium
401432694,2022,2,regular,2022-09-10 16:00:00,Otterbein,Heidelberg,Ohio,Ohio,7,34,False,True,"Memorial Stadium (Westerville, OH)"
401456475,2022,2,regular,2022-09-10 16:00:00,Shorter,Catawba,Gulf South,South Atlantic,34,21,False,False,Barron Stadium
401432589,2022,2,regular,2022-09-10 16:00:00,Oberlin,Alvernia,North Coast,Mid Atlantic,35,38,False,False,Austin E. Knowlton Athletics Complex
401435064,2022,2,regular,2022-09-10 16:00:00,Utica,Kean,Empire 8,New Jersey,21,15,False,False,Charles A. Gaetano Stadium
401411106,2022,2,regular,2022-09-10 16:30:00,NC State,Charleston Southern,ACC,Big South,55,3,False,False,Carter-Finley Stadium
401436998,2022,2,regular,2022-09-10 17:00:00,Susquehanna,Franklin & Marshall,Centennial,Centennial,39,36,False,True,Amos Alonzo Stagg Field (PA)
401431822,2022,2,regular,2022-09-10 17:00:00,Tiffin,Ohio Dominican,Great Midwest Athletic,Great Midwest Athletic,28,13,False,True,Frost-Kalnow Stadium
401441952,2022,2,regular,2022-09-10 17:00:00,Western New England,Westfield State,Commonwealth Coast,MSCAC,38,14,False,False,Golden Bear Stadium
401432780,2022,2,regular,2022-09-10 17:00:00,Saint Vincent,Washington & Jefferson,Presidents',Presidents',21,52,False,True,Chuck Noll Field
401432766,2022,2,regular,2022-09-10 17:00:00,Grove City,Geneva,Presidents',Presidents',55,17,False,True,Robert E. Thorn Field
401437045,2022,2,regular,2022-09-10 17:00:00,Fort Valley State,Kentucky State,SIAC,SIAC,9,7,True,True,Finley Stadium
401442043,2022,2,regular,2022-09-10 17:00:00,Stonehill,Post,NEC,Independent DII,76,0,False,False,W.B. Mason Stadium
401431405,2022,2,regular,2022-09-10 17:00:00,Presbyterian,Virginia Lynchburg,Pioneer,,21,13,False,False,Bailey Memorial Stadium
401424403,2022,2,regular,2022-09-10 17:00:00,Monmouth,Fordham,CAA,Patriot,49,52,False,False,Kessler Stadium
401433116,2022,2,regular,2022-09-10 17:00:00,Lenoir Rhyne,Ferris State,South Atlantic,GLIAC,5,27,False,False,Helen and Leonard Moretz Stadium
401416597,2022,2,regular,2022-09-10 17:00:00,Central Michigan,South Alabama,Mid-American,Sun Belt,24,38,False,False,Kelly/Shorts Stadium
401424423,2022,2,regular,2022-09-10 17:00:00,Long Island University,Villanova,NEC,CAA,21,38,False,False,Bethpage Federal Credit Union Stadium
401432718,2022,2,regular,2022-09-10 17:00:00,Hampden Sydney,Widener,Old Dominion,Mid Atlantic,27,31,False,False,Lewis C. Everett Stadium
401456234,2022,2,regular,2022-09-10 17:00:00,Northwood,Madonna,Great Midwest Athletic,,38,0,False,False,Hantz Stadium
401438226,2022,2,regular,2022-09-10 17:00:00,Carson Newman,Franklin Pierce,South Atlantic,Northeast 10,27,6,False,False,Burke-Tarr Stadium
401430686,2022,2,regular,2022-09-10 17:00:00,Central State,Lincoln (PA),SIAC,CIAA,21,26,False,False,McPherson Memorial Stadium
401431815,2022,2,regular,2022-09-10 17:00:00,Northern Michigan,Wisconsin Oshkosh,GLIAC,Wisconsin,13,10,False,False,Superior Dome
401432111,2022,2,regular,2022-09-10 17:00:00,Concord,Glenville State,Mountain East,Mountain East,21,7,False,True,Callaghan Stadium
401437185,2022,2,regular,2022-09-10 17:00:00,New Haven,Southern Connecticut State,Northeast 10,Northeast 10,31,26,False,True,Ralph F. DellaCamera Stadium
401431979,2022,2,regular,2022-09-10 17:00:00,Chowan,Tusculum,CIAA,South Atlantic,21,23,False,False,Garrison Stadium
401438177,2022,2,regular,2022-09-10 17:00:00,Mississippi College,Keiser University,Gulf South,,26,8,False,False,Robinson-Hale Stadium
401433037,2022,2,regular,2022-09-10 17:00:00,Shippensburg,Seton Hill,Pennsylvania State Athletic,Pennsylvania State Athletic,36,17,False,True,Seth Grove Stadium
401430723,2022,2,regular,2022-09-10 17:00:00,St. Augustine's,Limestone,CIAA,South Atlantic,14,73,False,False,George Williams Athletic Complex
401445123,2022,2,regular,2022-09-10 17:00:00,Juniata,McDaniel,Centennial,Centennial,19,35,False,True,Knox Stadium
401424421,2022,2,regular,2022-09-10 17:00:00,Maine,Colgate,CAA,Patriot,18,21,False,False,Alfond Stadium
401431211,2022,2,regular,2022-09-10 17:00:00,Olivet,Eureka,Michigan,NACC,54,14,False,False,Cutler Field
401431319,2022,2,regular,2022-09-10 17:00:00,Concordia Chicago,Finlandia University,NACC,Upper Midwest,45,7,False,False,Concordia Stadium
401432552,2022,2,regular,2022-09-10 17:00:00,Ithaca,Brockport,Liberty League,Empire 8,24,0,False,False,Butterfield Stadium
401432525,2022,2,regular,2022-09-10 17:00:00,Wisconsin Whitewater,Mary Hardin Baylor,Wisconsin,American Southwest,28,24,False,False,Perkins Stadium
401432530,2022,2,regular,2022-09-10 17:00:00,Moravian,Gettysburg,Centennial,Centennial,43,28,False,True,Rocco Calvo Field
401432544,2022,2,regular,2022-09-10 17:00:00,Gallaudet,Greensboro,ECFC,USA South,31,14,False,False,Hotchkiss Field
401429851,2022,2,regular,2022-09-10 17:00:00,Saginaw Valley State,Bowie State,GLIAC,CIAA,40,12,False,False,Harvey Randall Wickes Memorial Stadium
401443110,2022,2,regular,2022-09-10 17:00:00,Muhlenberg,Dickinson,Centennial,Centennial,34,21,False,True,Scotty Wood Stadium
401432120,2022,2,regular,2022-09-10 17:00:00,Frostburg State,West Virginia State,Mountain East,Mountain East,18,7,False,True,Bobcat Stadium (MD)
401439532,2022,2,regular,2022-09-10 17:00:00,Stevenson,Salisbury,Mid Atlantic,New Jersey,35,21,False,False,Mustang Stadium
401441946,2022,2,regular,2022-09-10 17:00:00,Misericordia,Keystone,Mid Atlantic,ECFC,38,20,False,False,Mangelsdorf Field
401437208,2022,2,regular,2022-09-10 17:00:00,SUNY Morrisville,Hobart,Empire 8,Liberty League,24,13,False,False,Drake Field (NY)
401432749,2022,2,regular,2022-09-10 17:00:00,Rensselaer,Carnegie Mellon,Liberty League,Presidents',7,10,False,False,ECAV Stadium
401431128,2022,2,regular,2022-09-10 17:00:00,Adrian,Hanover,Michigan,Heartland,33,0,False,False,Docking Stadium
401435132,2022,2,regular,2022-09-10 17:00:00,Catholic,Randolph Macon,NEWMAC,Old Dominion,7,41,False,False,Cardinal Stadium (DC)
401432791,2022,2,regular,2022-09-10 17:00:00,Westminster (PA),Bethany (WV),Presidents',Presidents',42,3,False,True,Memorial Field (PA)
401432734,2022,2,regular,2022-09-10 17:00:00,Sewanee,Washington and Lee,Southern Athletic,Old Dominion,0,44,False,False,Hardee-McGee Field
401432709,2022,2,regular,2022-09-10 17:00:00,Ferrum,Muskingum,Old Dominion,Ohio,3,31,False,False,W.B. Adams Stadium
401432758,2022,2,regular,2022-09-10 17:00:00,Waynesburg,Case Western Reserve,Presidents',Presidents',31,45,False,True,John F. Wiley Stadium
401432741,2022,2,regular,2022-09-10 17:00:00,Thiel,Allegheny,Presidents',Presidents',6,34,False,False,Alumni Stadium (PA)
401430952,2022,2,regular,2022-09-10 17:00:00,Hope,Coe,Michigan,American Rivers,33,24,False,False,Ray and Sue Smith Stadium
401431151,2022,2,regular,2022-09-10 17:00:00,Lebanon Valley,Lycoming,Mid Atlantic,Mid Atlantic,20,21,False,True,Arnold Field (PA)
401431207,2022,2,regular,2022-09-10 17:00:00,Kalamazoo,Kenyon,Michigan,North Coast,24,21,False,False,Angell Field
401439527,2022,2,regular,2022-09-10 17:00:00,Union,Worcester State,Liberty League,MSCAC,76,7,False,False,Frank Bailey Field
401460111,2022,2,regular,2022-09-10 17:00:00,Hartwick,King's,Empire 8,Mid Atlantic,10,17,False,False,Wright Stadium
401460113,2022,2,regular,2022-09-10 17:00:00,MIT,Salve Regina,NEWMAC,Commonwealth Coast,10,13,False,False,Henry G. Steinbrenner '27 Stadium
401433071,2022,2,regular,2022-09-10 17:00:00,Black Hills State,William Jewell,Rocky Mountain,Great Lakes,38,19,False,False,Lyle Hare Stadium
401431086,2022,2,regular,2022-09-10 17:00:00,Wabash,North Central College,North Coast,CCIW,12,56,False,False,Little Giant Stadium
401431030,2022,2,regular,2022-09-10 17:00:00,Ursinus,Johns Hopkins,Centennial,Centennial,29,36,False,True,Patterson Field
401431060,2022,2,regular,2022-09-10 17:00:00,New England,Bridgewater State,Commonwealth Coast,MSCAC,38,23,False,False,Blue Storm Stadium
401431041,2022,2,regular,2022-09-10 17:30:00,Coast Guard,Curry,NEWMAC,Commonwealth Coast,22,16,False,False,Cadet Memorial Field
401422972,2022,2,regular,2022-09-10 17:30:00,VMI,Bucknell,Southern,Patriot,24,14,False,False,Alumni Memorial Field
401403982,2022,2,regular,2022-09-10 17:30:00,Utah,Southern Utah,Pac-12,Western Athletic,73,7,False,False,Rice-Eccles Stadium
401432662,2022,2,regular,2022-09-10 17:30:00,Wilmington (OH),Baldwin Wallace,Ohio,Ohio,12,13,False,True,Wiliams Stadium (OH)
401431526,2022,2,regular,2022-09-10 18:00:00,South Dakota Mines,Truman State,Rocky Mountain,Great Lakes,20,27,False,False,O'Harra Stadium
401431288,2022,2,regular,2022-09-10 18:00:00,Grinnell,Monmouth (IL),Midwest,Midwest,0,48,False,True,Rosenbloom Field
401431241,2022,2,regular,2022-09-10 18:00:00,Hamline,Minnesota Morris,Minnesota,Upper Midwest,34,21,False,False,Klas Field
401431302,2022,2,regular,2022-09-10 18:00:00,St. Norbert,Wisconsin Stevens Point,NACC,Wisconsin,21,14,False,False,Donald J. Schneider Stadium
401415614,2022,2,regular,2022-09-10 18:00:00,Temple,Lafayette,American Athletic,Patriot,30,14,False,False,Lincoln Financial Field
401432811,2022,2,regular,2022-09-10 18:00:00,Washington St. Louis,Hendrix,CCIW,Southern Athletic,52,7,False,False,Francis Field (MO)
401432617,2022,2,regular,2022-09-10 18:00:00,Illinois Wesleyan,Ohio Wesleyan,CCIW,North Coast,45,21,False,False,Tucci Stadium
401438673,2022,2,regular,2022-09-10 18:00:00,Bridgewater,Southern Virginia,Old Dominion,USA South,58,10,False,False,Jopson Athletic Complex
401431247,2022,2,regular,2022-09-10 18:00:00,Wisconsin Platteville,Bethel (MN),Wisconsin,Minnesota,10,7,False,False,Ralph E. Davis Pioneer Stadium
401431256,2022,2,regular,2022-09-10 18:00:00,Beloit,Cornell (IA),Midwest,Midwest,14,35,False,True,Strong Stadium
401430922,2022,2,regular,2022-09-10 18:00:00,Lakeland,Buena Vista,NACC,American Rivers,34,41,False,False,Taylor Field
401432863,2022,2,regular,2022-09-10 18:00:00,Westminster (MO),Iowa Wesleyan,Upper Midwest,,6,41,False,False,Blue Jay Stadium
401435188,2022,2,regular,2022-09-10 18:00:00,Austin,Rhodes,American Southwest,Southern Athletic,7,23,False,False,Jerry E. Apple Stadium
401420823,2022,2,regular,2022-09-10 18:00:00,Youngstown State,Dayton,MVFC,Pioneer,49,16,False,False,Stambaugh Stadium
401423152,2022,2,regular,2022-09-10 18:00:00,Drake,Missouri S&T,Pioneer,Great Lakes,14,17,False,False,Drake Stadium
401428484,2022,2,regular,2022-09-10 18:00:00,St. Thomas (MN),Michigan Tech,Pioneer,GLIAC,32,6,False,False,O'Shaughnessy Stadium
401435108,2022,2,regular,2022-09-10 18:00:00,Illinois College,Chicago,Midwest,Midwest,14,40,False,True,England Stadium
401435110,2022,2,regular,2022-09-10 18:00:00,Greenville,Rockford,Upper Midwest,NACC,40,30,False,False,Francis Field (IL)
401432511,2022,2,regular,2022-09-10 18:00:00,Central College,Wisconsin Eau Claire,American Rivers,Wisconsin,31,13,False,False,Ron and Joyce Schipper Stadium
401432561,2022,2,regular,2022-09-10 18:00:00,Concordia (WI),Northwestern (MN),NACC,Upper Midwest,28,14,False,False,Tomasini Stadium
401431118,2022,2,regular,2022-09-10 18:00:00,Aurora,Franklin,NACC,Heartland,49,16,False,False,Vago Field
401430969,2022,2,regular,2022-09-10 18:00:00,St. Olaf,Luther,Minnesota,American Rivers,55,27,False,False,Klein Field at Manitou
401433409,2022,2,regular,2022-09-10 18:00:00,McMurry,Millsaps,American Southwest,Southern Athletic,13,27,False,False,Wilford Moore Stadium
401431887,2022,2,regular,2022-09-10 18:00:00,Colorado School of Mines,Angelo State,Rocky Mountain,Lone Star,27,30,False,False,Marv Kay Stadium at Campbell Field
401432393,2022,2,regular,2022-09-10 18:00:00,Augustana (SD),Bemidji State,Northern Sun,Northern Sun,30,29,False,True,Kirkeby-Over Stadium
401431500,2022,2,regular,2022-09-10 18:00:00,McKendree,Delta State,Great Lakes,Gulf South,34,58,False,False,Leemon Field
401432977,2022,2,regular,2022-09-10 18:00:00,Bloomsburg,Clarion,Pennsylvania State Athletic,Pennsylvania State Athletic,42,3,False,True,Robert B. Redman Stadium
401435054,2022,2,regular,2022-09-10 18:00:00,Fort Lewis,Phoenix,Rocky Mountain,,12,52,False,False,Ray Dennison Memorial Field
401435104,2022,2,regular,2022-09-10 18:00:00,Saint John's (MN),Wisconsin River Falls,Minnesota,Wisconsin,37,34,False,False,Clemens Stadium
401432437,2022,2,regular,2022-09-10 18:00:00,Winona State,University of Mary,Northern Sun,Northern Sun,25,17,False,True,Altra Federal Credit Union Stadium
401432837,2022,2,regular,2022-09-10 18:00:00,Carleton,Crown,Minnesota,Upper Midwest,84,20,False,False,Laird Stadium
401416594,2022,2,regular,2022-09-10 18:00:00,Ball State,Western Michigan,Mid-American,Mid-American,30,37,False,True,Scheumann Stadium
401430976,2022,2,regular,2022-09-10 18:00:00,Mayville State,Nebraska Wesleyan,,American Rivers,55,48,True,False,
401438650,2022,2,regular,2022-09-10 18:00:00,Vermont State Castleton,Fitchburg State,ECFC,MSCAC,48,0,False,False,Dave Wolk Stadium
401432961,2022,2,regular,2022-09-10 18:00:00,Sioux Falls,Minot State,Northern Sun,Northern Sun,34,0,False,False,Bob Young Field
401404125,2022,2,regular,2022-09-10 18:30:00,Notre Dame,Marshall,FBS Independents,Sun Belt,21,26,False,False,Notre Dame Stadium
401438681,2022,2,regular,2022-09-10 19:00:00,Willamette,La Verne,Northwest,So. Cal.,26,14,False,False,McCulloch Stadium
401431937,2022,2,regular,2022-09-10 19:00:00,Lincoln (MO),Northwest Missouri State,Mid America,Mid America,20,58,False,True,Dwight T. Reed Stadium
401432384,2022,2,regular,2022-09-10 19:00:00,Saint Anselm,American International,Northeast 10,Northeast 10,56,7,False,True,Grappone Stadium
401432340,2022,2,regular,2022-09-10 19:00:00,Lane College,Benedict,SIAC,SIAC,0,14,False,True,Lane Field
401445794,2022,2,regular,2022-09-10 19:00:00,Albright,Western Connecticut State,Mid Atlantic,MSCAC,14,28,False,False,Gene L. Shirk Stadium
401413341,2022,2,regular,2022-09-10 19:30:00,Montana State,Morehead State,Big Sky,Pioneer,63,13,False,False,Bobcat Stadium
401403977,2022,2,regular,2022-09-10 19:30:00,Air Force,Colorado,Mountain West,Pac-12,41,10,False,False,Falcon Stadium
401415619,2022,2,regular,2022-09-10 19:30:00,Cincinnati,Kennesaw State,American Athletic,Atlantic Sun,63,10,False,False,Nippert Stadium
401411102,2022,2,regular,2022-09-10 19:30:00,Clemson,Furman,ACC,Southern,35,12,False,False,"Memorial Stadium (Clemson, SC)"
401403878,2022,2,regular,2022-09-10 19:30:00,Texas A&M,App State,SEC,Sun Belt,14,17,False,False,Kyle Field
401413334,2022,2,regular,2022-09-10 19:30:00,Montana,South Dakota,Big Sky,MVFC,24,7,False,False,Washington-Grizzly Stadium
401403984,2022,2,regular,2022-09-10 19:30:00,Wisconsin,Washington State,Big Ten,Pac-12,14,17,False,False,Camp Randall Stadium
401415617,2022,2,regular,2022-09-10 19:30:00,Navy,Memphis,American Athletic,American Athletic,13,37,False,True,Navy-Marine Corps Memorial Stadium
401426545,2022,2,regular,2022-09-10 19:30:00,Charlotte,Maryland,Conference USA,Big Ten,21,56,False,False,Jerry Richardson Stadium
401420837,2022,2,regular,2022-09-10 19:30:00,North Dakota State,North Carolina A&T,MVFC,Big South,43,3,False,False,Fargodome
401403877,2022,2,regular,2022-09-10 19:30:00,Pittsburgh,Tennessee,ACC,SEC,27,34,False,False,Acrisure Stadium
401426548,2022,2,regular,2022-09-10 20:00:00,Colorado State,Middle Tennessee,Mountain West,Conference USA,19,34,False,False,Canvas Stadium
401420815,2022,2,regular,2022-09-10 20:00:00,North Dakota,Northern Iowa,MVFC,MVFC,29,27,False,True,Alerus Center
401403976,2022,2,regular,2022-09-10 20:00:00,California,UNLV,Pac-12,Mountain West,20,14,False,False,California Memorial Stadium
401418630,2022,2,regular,2022-09-10 20:00:00,Austin Peay,Mississippi Valley State,Atlantic Sun,SWAC,41,0,False,False,Governors Stadium
401405074,2022,2,regular,2022-09-10 20:00:00,Purdue,Indiana State,Big Ten,MVFC,56,0,False,False,Ross-Ade Stadium
401403872,2022,2,regular,2022-09-10 20:00:00,Georgia,Samford,SEC,Southern,33,0,False,False,Sanford Stadium
401405078,2022,2,regular,2022-09-10 20:00:00,Michigan State,Akron,Big Ten,Mid-American,52,0,False,False,Spartan Stadium
401429861,2022,2,regular,2022-09-10 20:00:00,Elizabeth City State,Livingstone,CIAA,CIAA,0,19,True,True,Rocky Mount Athletic Complex
401403983,2022,2,regular,2022-09-10 20:00:00,Washington,Portland State,Pac-12,Big Sky,52,6,False,False,Husky Stadium
401421138,2022,2,regular,2022-09-10 20:00:00,The Citadel,East Tennessee State,Southern,Southern,20,17,False,True,Johnson Hagood Stadium
401404064,2022,2,regular,2022-09-10 20:00:00,Iowa,Iowa State,Big Ten,Big 12,7,10,False,False,Kinnick Stadium
401424936,2022,2,regular,2022-09-10 20:00:00,Bethune-Cookman,South Carolina State,SWAC,MEAC,9,33,False,False,Municipal Stadium
401405070,2022,2,regular,2022-09-10 20:00:00,Illinois,Virginia,Big Ten,ACC,24,3,False,False,"Memorial Stadium (Champaign, IL)"
401455575,2022,2,regular,2022-09-10 20:00:00,Bentley,Pace,Northeast 10,Northeast 10,41,20,False,True,Bentley University Football Stadium
401420788,2022,2,regular,2022-09-10 20:00:00,James Madison,Norfolk State,Sun Belt,MEAC,63,7,False,False,Bridgeforth Stadium
401405081,2022,2,regular,2022-09-10 20:00:00,Rutgers,Wagner,Big Ten,NEC,66,7,False,False,SHI Stadium
401432823,2022,2,regular,2022-09-10 20:00:00,Claremont Mudd Scripps,Whittier,So. Cal.,So. Cal.,42,0,False,True,Fritz B. Burns Stadium
401431841,2022,2,regular,2022-09-10 20:00:00,Clark Atlanta,Erskine,SIAC,South Atlantic,19,23,False,False,CAU Panther Stadium
401415177,2022,2,regular,2022-09-10 20:00:00,Wyoming,Northern Colorado,Mountain West,Big Sky,33,10,False,False,War Memorial Stadium
401432413,2022,2,regular,2022-09-10 20:00:00,Upper Iowa,Minnesota St Moorhead,Northern Sun,Northern Sun,21,24,False,True,Harms-Eischeid Stadium
401416595,2022,2,regular,2022-09-10 20:00:00,Bowling Green,Eastern Kentucky,Mid-American,Atlantic Sun,57,59,False,False,Doyt L. Perry Stadium
401432655,2022,2,regular,2022-09-10 20:00:00,Whitworth,Eastern Oregon,Northwest,,33,7,False,False,The Pine Bowl
401404063,2022,2,regular,2022-09-10 20:00:00,Texas Tech,Houston,Big 12,American Athletic,33,30,False,False,Jones AT&T Stadium
401431611,2022,2,regular,2022-09-10 20:05:00,Western Oregon,Lincoln (CA),Lone Star,,42,10,False,False,McArthur Field
401430703,2022,2,regular,2022-09-10 21:00:00,Valdosta State,Virginia Union,Gulf South,CIAA,40,45,False,False,Bazemore-Hyder Stadium
401403981,2022,2,regular,2022-09-10 21:00:00,UCLA,Alabama State,Pac-12,SWAC,45,7,False,False,Rose Bowl
401422997,2022,2,regular,2022-09-10 21:00:00,Georgetown,Lehigh,Patriot,Patriot,19,21,False,True,Cooper Field
401413225,2022,2,regular,2022-09-10 21:00:00,Cal Poly,San Diego,Big Sky,Pioneer,28,27,False,False,Alex G. Spanos Stadium
401415216,2022,2,regular,2022-09-10 21:30:00,Nevada,Incarnate Word,Mountain West,Southland,41,55,False,False,Mackay Stadium
401423425,2022,2,regular,2022-09-10 21:30:00,Richmond,Saint Francis,CAA,NEC,31,21,False,False,E. Claiborne Robins Stadium
401439514,2022,2,regular,2022-09-10 22:00:00,Edward Waters,Savannah State,SIAC,SIAC,28,31,False,True,Earl Kitchings Stadium
401431864,2022,2,regular,2022-09-10 22:00:00,Morehouse,West Georgia,SIAC,Gulf South,0,42,False,False,B.T. Harvey Stadium
401424420,2022,2,regular,2022-09-10 22:00:00,Hampton,Tuskegee,CAA,SIAC,42,10,False,False,Armstrong Stadium
401423412,2022,2,regular,2022-09-10 22:00:00,Stetson,Louisiana Christian,Pioneer,,45,14,False,False,Spec Martin Municipal Stadium
401413204,2022,2,regular,2022-09-10 22:00:00,Wofford,Elon,Southern,CAA,0,26,False,False,Gibbs Stadium
401423137,2022,2,regular,2022-09-10 22:00:00,Butler,Taylor,Pioneer,,45,10,False,False,Butler Bowl
401424419,2022,2,regular,2022-09-10 22:00:00,Delaware,Delaware State,CAA,MEAC,35,9,False,False,Delaware Stadium
401424365,2022,2,regular,2022-09-10 22:00:00,William & Mary,Campbell,CAA,Big South,37,21,False,False,Zable Stadium
401423418,2022,2,regular,2022-09-10 22:00:00,Central Connecticut,Sacred Heart,NEC,NEC,10,14,False,True,Arute Field
401426492,2022,2,regular,2022-09-10 22:00:00,Bryant,Rhode Island,Big South,CAA,21,35,False,False,Bulldog Stadium
401420798,2022,2,regular,2022-09-10 22:00:00,North Carolina Central,Winston-Salem State,MEAC,CIAA,41,0,False,False,O'Kelly-Riddick Stadium
401426546,2022,2,regular,2022-09-10 22:00:00,Florida Atlantic,SE Louisiana,Conference USA,Southland,42,9,False,False,FAU Stadium
401430696,2022,2,regular,2022-09-10 22:00:00,Virginia State,Bluefield State,CIAA,Independent DII,28,7,False,False,Rogers Stadium (VA)
401430672,2022,2,regular,2022-09-10 22:00:00,Wayne State (MI),Shaw,GLIAC,CIAA,30,22,False,False,Tom Adams Field
401432422,2022,2,regular,2022-09-10 22:00:00,Southwest Minnesota State,Concordia St. Paul,Northern Sun,Northern Sun,14,6,False,True,Schwan Regional Event Center
401433023,2022,2,regular,2022-09-10 22:00:00,Lock Haven,Mercyhurst,Pennsylvania State Athletic,Pennsylvania State Athletic,7,49,False,True,Hubert Jack Stadium
401431572,2022,2,regular,2022-09-10 22:00:00,Findlay,Ashland,Great Midwest Athletic,Great Midwest Athletic,3,28,False,True,Donnell Stadium
401431195,2022,2,regular,2022-09-10 22:00:00,Alma,Manchester,Michigan,Heartland,49,7,False,False,Bahlke Field
401432699,2022,2,regular,2022-09-10 22:00:00,BLUEFIELD,Emory & Henry,,South Atlantic,33,41,True,False,Mitchell Stadium
401435348,2022,2,regular,2022-09-10 22:00:00,Anderson (IN),DePauw,Heartland,North Coast,0,55,False,False,Macholtz Stadium
401435092,2022,2,regular,2022-09-10 22:00:00,Alfred State,Rochester (NY),ECFC,Liberty League,17,30,False,False,Pioneer Stadium
401426332,2022,2,regular,2022-09-10 22:00:00,Coastal Carolina,Gardner-Webb,Sun Belt,Big South,31,27,False,False,Brooks Stadium (SC)
401424948,2022,2,regular,2022-09-10 22:00:00,Florida A&M,Albany State,SWAC,SIAC,23,13,False,False,Bragg Memorial Stadium
401416596,2022,2,regular,2022-09-10 22:00:00,Buffalo,Holy Cross,Mid-American,Patriot,31,37,False,False,UB Stadium
401415024,2022,2,regular,2022-09-10 22:00:00,East Carolina,Old Dominion,American Athletic,Sun Belt,39,21,False,False,Dowdy-Ficklen Stadium
401404065,2022,2,regular,2022-09-10 22:00:00,West Virginia,Kansas,Big 12,Big 12,42,55,False,True,Milan Puskar Stadium
401430717,2022,2,regular,2022-09-10 22:00:00,Allen,Johnson C. Smith,SIAC,CIAA,0,0,False,False,W.C. Hawkins Stadium
401426551,2022,2,regular,2022-09-10 22:00:00,Liberty,UAB,FBS Independents,Conference USA,21,14,False,False,Williams Stadium (VA)
401432794,2022,2,regular,2022-09-10 22:00:00,Berry,LaGrange,Southern Athletic,USA South,56,10,False,False,Valhalla Stadium
401416599,2022,2,regular,2022-09-10 22:00:00,Miami (OH),Robert Morris,Mid-American,Big South,31,14,False,False,Yager Stadium
401433006,2022,2,regular,2022-09-10 22:05:00,East Stroudsburg,IU Pennsylvania,Pennsylvania State Athletic,Pennsylvania State Athletic,35,38,False,True,Eiler-Martin Stadium
401432538,2022,2,regular,2022-09-10 23:00:00,Wisconsin Lutheran,Carroll (WI),NACC,Midwest,7,54,False,False,Warrior Field at Raabe Stadium
401432629,2022,2,regular,2022-09-10 23:00:00,Christopher Newport,Averett,New Jersey,Old Dominion,20,24,False,False,TowneBank Stadium
401430982,2022,2,regular,2022-09-10 23:00:00,Wartburg,Wisconsin Stout,American Rivers,Wisconsin,27,0,False,False,Walston-Hoover Stadium
401415182,2022,2,regular,2022-09-10 23:00:00,South Dakota State,UC Davis,MVFC,Big Sky,24,22,False,False,Dana J. Dykhouse Stadium
401431144,2022,2,regular,2022-09-10 23:00:00,Rose Hulman,Trine,Heartland,Michigan,23,24,False,False,Cook Stadium
401431101,2022,2,regular,2022-09-10 23:00:00,Trinity (TX),Wheaton (IL),Southern Athletic,CCIW,17,16,False,False,Trinity University Stadium
401431275,2022,2,regular,2022-09-10 23:00:00,Ripon,Knox,Midwest,Midwest,33,6,False,True,Ingalls Field
401431907,2022,2,regular,2022-09-10 23:00:00,UT Permian Basin,Western Colorado,Lone Star,Rocky Mountain,34,31,False,False,Ratliff Stadium
401431265,2022,2,regular,2022-09-10 23:00:00,Lawrence,Lake Forest,Midwest,Midwest,0,55,False,True,Ron Roberts Field at the Banta Bowl
401431580,2022,2,regular,2022-09-10 23:00:00,Hillsdale,Walsh,Great Midwest Athletic,Great Midwest Athletic,35,17,False,True,"Frank ""Muddy"" Waters Stadium"
401423144,2022,2,regular,2022-09-10 23:00:00,Davidson,Barton,Pioneer,South Atlantic,37,17,False,False,Richardson Stadium
401431946,2022,2,regular,2022-09-10 23:00:00,Northeastern State,Missouri Southern State,Mid America,Mid America,13,30,False,True,Gable Field at Doc Wadley Stadium
401432515,2022,2,regular,2022-09-10 23:00:00,Benedictine (IL),Loras,NACC,American Rivers,48,26,False,False,Village of Lisle-Benedictine University Sports Complex
401439547,2022,2,regular,2022-09-10 23:00:00,Guilford,Methodist,Old Dominion,USA South,16,49,False,False,Armfield Athletic Center
401432430,2022,2,regular,2022-09-10 23:00:00,Wayne State (NE),Northern State,Northern Sun,Northern Sun,13,6,False,True,"Memorial Stadium (Wayne, NE)"
401423439,2022,2,regular,2022-09-10 23:00:00,Troy,Alabama A&M,Sun Belt,SWAC,38,17,False,False,Veterans Memorial Stadium (AL)
401432844,2022,2,regular,2022-09-10 23:00:00,Macalester,Martin Luther,Minnesota,Upper Midwest,43,7,False,False,Macalester Stadium
401432803,2022,2,regular,2022-09-10 23:00:00,Centre,Maryville (TN),Southern Athletic,USA South,20,10,False,False,Farris Stadium
401431480,2022,2,regular,2022-09-10 23:00:00,Southwestern Oklahoma State,Southern Arkansas,Great American,Great American,24,20,False,True,Milam Stadium
401430740,2022,2,regular,2022-09-10 23:00:00,Arkansas Monticello,Oklahoma Baptist,Great American,Great American,40,17,False,True,Convoy Leslie Cotton Boll Stadium
401431485,2022,2,regular,2022-09-10 23:00:00,Ouachita Baptist,Southern Nazarene,Great American,Great American,45,0,False,True,Cliff Harris Stadium
401403874,2022,2,regular,2022-09-10 23:00:00,Ole Miss,Central Arkansas,SEC,Atlantic Sun,59,3,False,False,Vaught-Hemingway Stadium
401430729,2022,2,regular,2022-09-10 23:00:00,Arkansas Tech,East Central,Great American,Great American,35,13,False,True,Thone Stadium at Buerkle Field
401426544,2022,2,regular,2022-09-10 23:00:00,Texas State,Florida International,Sun Belt,Conference USA,41,12,False,False,Bobcat Stadium (TX)
401430709,2022,2,regular,2022-09-10 23:00:00,Fayetteville State,Wingate,CIAA,South Atlantic,3,21,False,False,"Luther ""Nick"" Jeralds Stadium"
401418792,2022,2,regular,2022-09-10 23:00:00,Houston Christian,Lindenwood,Southland,OVC,20,21,False,False,Husky Stadium
401415618,2022,2,regular,2022-09-10 23:00:00,South Florida,Howard,American Athletic,MEAC,42,20,False,False,Raymond James Stadium
401415616,2022,2,regular,2022-09-10 23:00:00,SMU,Lamar,American Athletic,Southland,45,16,False,False,Gerald J. Ford Stadium
401415215,2022,2,regular,2022-09-10 23:00:00,Utah State,Weber State,Mountain West,Big Sky,7,35,False,False,Maverik Stadium
401414779,2022,2,regular,2022-09-10 23:00:00,Toledo,Massachusetts,Mid-American,FBS Independents,55,10,False,False,Glass Bowl
401415620,2022,2,regular,2022-09-10 23:00:00,Tulsa,Northern Illinois,American Athletic,Mid-American,38,35,False,False,Chapman Stadium
401431811,2022,2,regular,2022-09-10 23:00:00,Southwest Baptist,West Florida,Great Lakes,Gulf South,10,49,False,False,Plaster Sports Complex
401416598,2022,2,regular,2022-09-10 23:00:00,Louisiana,Eastern Michigan,Sun Belt,Mid-American,49,21,False,False,Cajun Field
401421128,2022,2,regular,2022-09-10 23:00:00,Eastern Illinois,Chattanooga,OVC,Southern,20,38,False,False,O'Brien Stadium
401424953,2022,2,regular,2022-09-10 23:00:00,Tennessee State,Jackson State,OVC,SWAC,3,16,True,False,Simmons Bank Liberty Stadium
401444874,2022,2,regular,2022-09-10 23:00:00,Arkansas-Pine Bluff,North American,SWAC,,76,3,False,False,Golden Lion Stadium
401432688,2022,2,regular,2022-09-10 23:00:00,Capital,Ohio Northern,Ohio,Ohio,13,28,False,True,Bernlohr Stadium
401415170,2022,2,regular,2022-09-10 23:00:00,Sam Houston,Northern Arizona,Western Athletic,Big Sky,3,10,False,False,Elliott T. Bowers Stadium
401411104,2022,2,regular,2022-09-10 23:00:00,Georgia Tech,Western Carolina,ACC,Southern,35,17,False,False,Bobby Dodd Stadium
401404148,2022,2,regular,2022-09-10 23:00:00,UConn,Syracuse,FBS Independents,ACC,14,48,False,False,Pratt & Whitney Stadium
401426547,2022,2,regular,2022-09-10 23:00:00,Louisiana Tech,Stephen F. Austin,Conference USA,Western Athletic,52,17,False,False,Joe Aillet Stadium
401431458,2022,2,regular,2022-09-10 23:00:00,Northwestern (OK),Henderson State,Great American,Great American,27,51,False,True,Ranger Field
401420778,2022,2,regular,2022-09-10 23:00:00,Towson,Morgan State,CAA,MEAC,29,21,False,False,Johnny Unitas Stadium
401403871,2022,2,regular,2022-09-10 23:00:00,Florida,Kentucky,SEC,SEC,16,26,False,True,Ben Hill Griffin Stadium
401432404,2022,2,regular,2022-09-10 23:00:00,Minnesota State,Minnesota Duluth,Northern Sun,Northern Sun,17,10,False,True,Blakeslee Stadium
401404066,2022,2,regular,2022-09-10 23:00:00,Oklahoma,Kent State,Big 12,Mid-American,33,3,False,False,"Memorial Stadium (Norman, OK)"
401431832,2022,2,regular,2022-09-10 23:00:00,North Greenville,Newberry,Gulf South,South Atlantic,22,29,False,False,Younts Stadium
401418810,2022,2,regular,2022-09-10 23:00:00,Northwestern State,Grambling,Southland,SWAC,21,47,True,False,Independence Stadium
401421126,2022,2,regular,2022-09-10 23:00:00,Tennessee Tech,East Texas A&M,OVC,Southland,26,25,False,False,Tucker Stadium
401424418,2022,2,regular,2022-09-10 23:00:00,UAlbany,New Hampshire,CAA,CAA,23,28,False,True,Bob Ford Field
401415615,2022,2,regular,2022-09-10 23:00:00,Tulane,Alcorn State,American Athletic,SWAC,52,0,False,False,Yulman Stadium
401425451,2022,2,regular,2022-09-10 23:00:00,Southern Illinois,Southeast Missouri State,MVFC,OVC,31,34,False,False,Saluki Stadium
401418777,2022,2,regular,2022-09-10 23:00:00,North Alabama,UVA Wise,Atlantic Sun,South Atlantic,49,17,False,False,Braly Municipal Stadium
401432727,2022,2,regular,2022-09-10 23:00:00,Shenandoah,North Carolina Wesleyan,Old Dominion,USA South,45,0,False,False,Shentel Stadium
401435195,2022,2,regular,2022-09-10 23:00:00,Birmingham-Southern,Huntingdon,Southern Athletic,USA South,35,38,False,False,General Charles C. Krulak Stadium
401431855,2022,2,regular,2022-09-10 23:00:00,Miles,West Alabama,SIAC,Gulf South,0,31,False,False,Albert J. H. Sloan - Alumni Stadium
401413215,2022,2,regular,2022-09-10 23:00:00,Murray State,Jacksonville State,OVC,Atlantic Sun,3,34,False,False,Roy Stewart Stadium
401430961,2022,2,regular,2022-09-10 23:00:00,Dubuque,Wisconsin La Crosse,American Rivers,Wisconsin,3,30,False,False,Chalmers Field
401403873,2022,2,regular,2022-09-10 23:30:00,LSU,Southern,SEC,SWAC,65,17,False,False,Tiger Stadium (LA)
401426549,2022,2,regular,2022-09-10 23:30:00,North Texas,Texas Southern,Conference USA,SWAC,59,27,False,False,DATCU Stadium
401426550,2022,2,regular,2022-09-10 23:30:00,Rice,McNeese,Conference USA,Southland,52,10,False,False,Rice Stadium
401403975,2022,2,regular,2022-09-10 23:30:00,Oklahoma State,Arizona State,Big 12,Pac-12,34,17,False,False,Boone Pickens Stadium
401403870,2022,2,regular,2022-09-10 23:30:00,Auburn,San José State,SEC,Mountain West,24,16,False,False,Jordan-Hare Stadium
401418828,2022,2,regular,2022-09-10 23:30:00,Illinois State,Valparaiso,MVFC,Pioneer,28,21,False,False,Hancock Stadium
401403980,2022,2,regular,2022-09-10 23:30:00,Stanford,USC,Pac-12,Pac-12,28,41,False,True,Stanford Stadium
401405072,2022,2,regular,2022-09-10 23:30:00,Nebraska,Georgia Southern,Big Ten,Sun Belt,42,45,False,False,"Memorial Stadium (Lincoln, NE)"
401421117,2022,2,regular,2022-09-11 00:00:00,UL Monroe,Nicholls,Sun Belt,Southland,35,7,False,False,Malone Stadium
401430997,2022,2,regular,2022-09-11 00:00:00,Howard Payne,George Fox,American Southwest,Northwest,39,42,False,False,Gordon Wood Stadium
401431234,2022,2,regular,2022-09-11 00:00:00,Presentation,Concordia (MN),,Minnesota,13,42,True,False,Swisher Field
401430987,2022,2,regular,2022-09-11 00:00:00,Belhaven,Southwestern U,USA South,American Southwest,42,15,False,True,Belhaven Bowl Stadium
401404067,2022,2,regular,2022-09-11 00:00:00,TCU,Tarleton State,Big 12,Western Athletic,59,17,False,False,Amon G. Carter Stadium
401418783,2022,2,regular,2022-09-11 00:00:00,Abilene Christian,Prairie View A&M,Western Athletic,SWAC,21,13,False,False,Wildcat Stadium (TX)
401413257,2022,2,regular,2022-09-11 00:00:00,San Diego State,Idaho State,Mountain West,Big Sky,38,7,False,False,Snapdragon Stadium
401431409,2022,2,regular,2022-09-11 00:00:00,Harding,Southeastern Oklahoma State,Great American,Great American,38,13,False,True,First Security Stadium
401431895,2022,2,regular,2022-09-11 00:00:00,Eastern New Mexico,Midwestern State,Lone Star,Lone Star,14,28,False,True,Al Whitehead Field at Greyhound Stadium
401431532,2022,2,regular,2022-09-11 00:00:00,CSU Pueblo,Grand Valley State,Rocky Mountain,GLIAC,10,35,False,False,Neta and Eddie DeRose ThunderBowl
401431585,2022,2,regular,2022-09-11 00:00:00,Kentucky Wesleyan,Lake Erie,Great Midwest Athletic,Great Midwest Athletic,21,26,False,True,Steele Stadium
401431007,2022,2,regular,2022-09-11 00:00:00,Texas A&M-Kingsville,Sul Ross State,Lone Star,American Southwest,35,14,False,False,Javelina Stadium
401431912,2022,2,regular,2022-09-11 00:00:00,West Texas,Adams State,Lone Star,Rocky Mountain,34,19,False,False,Rex Stadium
401405077,2022,2,regular,2022-09-11 00:00:00,Michigan,Hawai'i,Big Ten,Mountain West,56,10,False,False,Michigan Stadium
401405075,2022,2,regular,2022-09-11 00:00:00,Indiana,Idaho,Big Ten,Big Sky,35,22,False,False,"Memorial Stadium (Bloomington, IN)"
401411108,2022,2,regular,2022-09-11 00:00:00,Virginia Tech,Boston College,ACC,ACC,27,10,False,True,Lane Stadium
401403978,2022,2,regular,2022-09-11 00:30:00,Oregon,Eastern Washington,Pac-12,Big Sky,70,14,False,False,Autzen Stadium
401426552,2022,2,regular,2022-09-11 01:00:00,UTEP,New Mexico State,Conference USA,FBS Independents,20,13,False,False,Sun Bowl
401431592,2022,2,regular,2022-09-11 01:00:00,Central Washington,Western New Mexico,Lone Star,Lone Star,24,13,False,False,Tomlinson Stadium
401420856,2022,2,regular,2022-09-11 01:00:00,Utah Tech,Chadron State,Western Athletic,Rocky Mountain,56,10,False,False,Greater Zion Stadium
401439548,2022,2,regular,2022-09-11 02:00:00,Cal Lutheran,Chapman,So. Cal.,So. Cal.,41,42,False,True,William Rolland Stadium
401432831,2022,2,regular,2022-09-11 02:00:00,Pomona Pitzer,Redlands,So. Cal.,So. Cal.,21,20,False,True,Merritt Field
401404062,2022,2,regular,2022-09-11 02:15:00,BYU,Baylor,FBS Independents,Big 12,26,20,False,False,LaVell Edwards Stadium
401403979,2022,2,regular,2022-09-11 02:30:00,Fresno State,Oregon State,Mountain West,Pac-12,32,35,False,False,Valley Children's Stadium
401403875,2022,2,regular,2022-09-11 03:00:00,Arizona,Mississippi State,Pac-12,SEC,17,39,False,False,Arizona Stadium
401432341,2022,3,regular,2022-09-15 23:30:00,Benedict,Savannah State,SIAC,SIAC,24,6,False,True,Charlie W. Johnson Stadium
401455576,2022,3,regular,2022-09-16 22:00:00,Bentley,Post,Northeast 10,Independent DII,49,6,False,False,Bentley University Football Stadium
401435074,2022,3,regular,2022-09-16 23:00:00,Harvard,Merrimack,Ivy,NEC,28,21,False,False,Harvard Stadium
401444113,2022,3,regular,2022-09-16 23:00:00,Southern Connecticut State,Pace,Northeast 10,Northeast 10,7,27,False,True,Jess Dow Field
401441953,2022,3,regular,2022-09-16 23:00:00,Westfield State,Western Connecticut State,MSCAC,MSCAC,20,34,False,True,"Alumni Field (Westfield, MA)"
401445129,2022,3,regular,2022-09-16 23:00:00,St. Lawrence,SUNY Morrisville,Liberty League,Empire 8,15,17,False,False,Leckonby Stadium
401411109,2022,3,regular,2022-09-16 23:30:00,Louisville,Florida State,ACC,ACC,31,35,False,True,L&N Federal Credit Union Stadium
401415217,2022,3,regular,2022-09-17 00:00:00,Wyoming,Air Force,Mountain West,Mountain West,17,14,False,True,War Memorial Stadium
401411114,2022,3,regular,2022-09-17 15:00:00,Virginia Tech,Wofford,ACC,Southern,27,7,False,False,Lane Stadium
401420779,2022,3,regular,2022-09-17 16:00:00,Morgan State,Sacred Heart,MEAC,NEC,24,9,False,False,Hughes Stadium
401426563,2022,3,regular,2022-09-17 16:00:00,Indiana,Western Kentucky,Big Ten,Conference USA,33,30,False,False,"Memorial Stadium (Bloomington, IN)"
401404071,2022,3,regular,2022-09-17 16:00:00,Baylor,Texas State,Big 12,Sun Belt,42,7,False,False,McLane Stadium
401443111,2022,3,regular,2022-09-17 16:00:00,Ursinus,Muhlenberg,Centennial,Centennial,35,28,False,True,Patterson Field
401433031,2022,3,regular,2022-09-17 16:00:00,Millersville,Slippery Rock,Pennsylvania State Athletic,Pennsylvania State Athletic,14,45,False,True,Chryst Field at Biemesderfer Stadium
401405084,2022,3,regular,2022-09-17 16:00:00,Syracuse,Purdue,ACC,Big Ten,32,29,False,False,JMA Wireless Dome
401405083,2022,3,regular,2022-09-17 16:00:00,Northwestern,Southern Illinois,Big Ten,MVFC,24,31,False,False,Ryan Field
401450198,2022,3,regular,2022-09-17 16:00:00,Endicott,The College of New Jersey,Commonwealth Coast,New Jersey,28,7,False,False,Hempstead Stadium
401431812,2022,3,regular,2022-09-17 16:00:00,Findlay,Southwest Baptist,Great Midwest Athletic,Great Lakes,52,35,False,False,Donnell Stadium
401404070,2022,3,regular,2022-09-17 16:00:00,Nebraska,Oklahoma,Big Ten,Big 12,14,49,False,False,"Memorial Stadium (Lincoln, NE)"
401415623,2022,3,regular,2022-09-17 16:00:00,Miami (OH),Cincinnati,Mid-American,American Athletic,17,38,True,False,Paul Brown Stadium
401431042,2022,3,regular,2022-09-17 16:00:00,Dean,Curry,ECFC,Commonwealth Coast,25,33,False,False,Dale Lippert Field
401431052,2022,3,regular,2022-09-17 16:00:00,Husson,Alfred State,Commonwealth Coast,ECFC,23,17,False,False,Dr. John W. Winkin Sports Complex
401432573,2022,3,regular,2022-09-17 16:00:00,Hiram,DePauw,North Coast,North Coast,0,44,False,True,Charles A. Henry Field
401433038,2022,3,regular,2022-09-17 16:00:00,Seton Hill,East Stroudsburg,Pennsylvania State Athletic,Pennsylvania State Athletic,7,22,False,True,Offutt Field
401439528,2022,3,regular,2022-09-17 16:00:00,Springfield,Union,NEWMAC,Liberty League,6,21,False,False,Stagg Field
401433014,2022,3,regular,2022-09-17 16:00:00,Mercyhurst,Kutztown,Pennsylvania State Athletic,Pennsylvania State Athletic,31,50,False,True,Saxon Stadium
401438608,2022,3,regular,2022-09-17 16:00:00,Nichols,Coast Guard,Commonwealth Coast,NEWMAC,37,33,False,False,Vendetti Field
401431061,2022,3,regular,2022-09-17 16:00:00,New England,Gallaudet,Commonwealth Coast,ECFC,31,34,False,False,Blue Storm Stadium
401431145,2022,3,regular,2022-09-17 16:00:00,Rose Hulman,Albion,Heartland,Michigan,17,49,False,False,Cook Stadium
401441942,2022,3,regular,2022-09-17 16:00:00,Buffalo State,SUNY Cortland,Liberty League,Empire 8,7,66,False,False,Coyer Field
401432881,2022,3,regular,2022-09-17 16:00:00,North Carolina Wesleyan,Bridgewater,USA South,Old Dominion,7,48,False,False,Bishop Stadium
401435093,2022,3,regular,2022-09-17 16:00:00,Rochester (NY),Brockport,Liberty League,Empire 8,3,23,False,False,Edwin Fauver Stadium
401438634,2022,3,regular,2022-09-17 16:00:00,FDU Florham,Lebanon Valley,Mid Atlantic,Mid Atlantic,14,17,False,True,Robert T. Shields Field
401438651,2022,3,regular,2022-09-17 16:00:00,Fitchburg State,Worcester State,MSCAC,MSCAC,10,56,False,True,Elliot Field Athletic Complex
401438682,2022,3,regular,2022-09-17 16:00:00,Hilbert,Willamette,North Coast,Northwest,20,31,True,False,
401422998,2022,3,regular,2022-09-17 16:00:00,Lehigh,Richmond,Patriot,CAA,6,30,False,False,Goodman Stadium
401433058,2022,3,regular,2022-09-17 16:00:00,Gannon,West Chester,Pennsylvania State Athletic,Pennsylvania State Athletic,23,29,False,True,McConnell Family Stadium
401429862,2022,3,regular,2022-09-17 16:00:00,Elizabeth City State,Winston-Salem State,CIAA,CIAA,20,17,False,True,Roebuck Stadium
401403887,2022,3,regular,2022-09-17 16:00:00,Missouri,Abilene Christian,SEC,Western Athletic,34,17,False,False,Memorial Stadium
401404136,2022,3,regular,2022-09-17 16:00:00,Army,Villanova,FBS Independents,CAA,49,10,False,False,Michie Stadium
401404149,2022,3,regular,2022-09-17 16:00:00,Michigan,UConn,Big Ten,FBS Independents,59,0,False,False,Michigan Stadium
401416603,2022,3,regular,2022-09-17 16:00:00,Kent State,Long Island University,Mid-American,NEC,63,10,False,False,Dix Stadium
401431842,2022,3,regular,2022-09-17 16:00:00,Shorter,Albany State,Gulf South,SIAC,20,42,False,False,Barron Stadium
401403888,2022,3,regular,2022-09-17 16:00:00,South Carolina,Georgia,SEC,SEC,7,48,False,True,Williams-Brice Stadium
401432128,2022,3,regular,2022-09-17 16:00:00,Notre Dame College,West Liberty,Mountain East,Mountain East,34,17,False,True,Mueller Field
401433150,2022,3,regular,2022-09-17 16:00:00,Bluefield State,Central State,Independent DII,SIAC,27,23,False,False,Mitchell Stadium
401443117,2022,3,regular,2022-09-17 16:00:00,Albright,Misericordia,Mid Atlantic,Mid Atlantic,21,27,False,True,Gene L. Shirk Stadium
401438615,2022,3,regular,2022-09-17 16:00:00,Salve Regina,Montclair State,Commonwealth Coast,New Jersey,14,31,False,False,Toppa Field
401432978,2022,3,regular,2022-09-17 16:00:00,Edinboro,Bloomsburg,Pennsylvania State Athletic,Pennsylvania State Athletic,23,20,False,True,Sox Harrison Stadium
401431816,2022,3,regular,2022-09-17 16:00:00,Davenport,Northern Michigan,GLIAC,GLIAC,31,21,False,True,Farmers Insurance Athletic Complex
401432989,2022,3,regular,2022-09-17 16:00:00,Shepherd,California (PA),Pennsylvania State Athletic,Pennsylvania State Athletic,26,23,False,True,Ram Stadium (WV)
401432102,2022,3,regular,2022-09-17 16:00:00,Charleston (WV),Frostburg State,Mountain East,Mountain East,28,34,False,True,University of Charleston Stadium
401431519,2022,3,regular,2022-09-17 16:00:00,Walsh,Quincy,Great Midwest Athletic,Great Lakes,13,28,False,False,Tom Benson Hall of Fame Stadium
401403884,2022,3,regular,2022-09-17 16:00:00,Kentucky,Youngstown State,SEC,MVFC,31,0,False,False,Kroger Field
401444120,2022,3,regular,2022-09-17 16:00:00,Wilkes,Widener,Mid Atlantic,Mid Atlantic,44,20,False,True,Schmidt Stadium
401445213,2022,3,regular,2022-09-17 16:00:00,Bowdoin,Hamilton,NESCAC,NESCAC,41,13,False,True,Whittier Field
401444591,2022,3,regular,2022-09-17 16:00:00,Plymouth State,Bridgewater State,MSCAC,MSCAC,41,34,False,True,Charles L. Currier Memorial Field
401450193,2022,3,regular,2022-09-17 16:00:00,Salisbury,Ave Maria University,New Jersey,,42,14,False,False,Sea Gull Stadium
401415186,2022,3,regular,2022-09-17 16:30:00,Brown,Bryant,Ivy,Big South,44,38,False,False,Brown Stadium
401432582,2022,3,regular,2022-09-17 17:00:00,Kenyon,Wittenberg,North Coast,North Coast,28,51,False,True,McBride Field
401413335,2022,3,regular,2022-09-17 17:00:00,Indiana State,Montana,MVFC,Big Sky,14,49,False,False,Memorial Stadium
401445220,2022,3,regular,2022-09-17 17:00:00,Ohio Dominican,William Jewell,Great Midwest Athletic,Great Lakes,31,21,False,False,Panther Stadium (OH)
401433124,2022,3,regular,2022-09-17 17:00:00,Carson Newman,Limestone,South Atlantic,South Atlantic,37,40,False,True,Burke-Tarr Stadium
401432092,2022,3,regular,2022-09-17 17:00:00,Alderson-Broaddus,Wheeling,Mountain East,Mountain East,41,56,False,True,Multi-Sport Performance Stadium
401432414,2022,3,regular,2022-09-17 17:00:00,Minnesota St Moorhead,Augustana (SD),Northern Sun,Northern Sun,7,31,False,True,Scheels Field at Nemzek Stadium
401431552,2022,3,regular,2022-09-17 17:00:00,Northwood,Saginaw Valley State,Great Midwest Athletic,GLIAC,14,35,False,True,Hantz Stadium
401431527,2022,3,regular,2022-09-17 17:00:00,Hillsdale,Truman State,Great Midwest Athletic,Great Lakes,13,21,False,False,"Frank ""Muddy"" Waters Stadium"
401432700,2022,3,regular,2022-09-17 17:00:00,Emory & Henry,Newberry,South Atlantic,South Atlantic,23,26,False,False,Fred Selfe Stadium at Nicewonder Field
401433007,2022,3,regular,2022-09-17 17:00:00,Shippensburg,IU Pennsylvania,Pennsylvania State Athletic,Pennsylvania State Athletic,21,44,False,True,Seth Grove Stadium
401433108,2022,3,regular,2022-09-17 17:00:00,UVA Wise,Barton,South Atlantic,South Atlantic,20,40,False,False,Carl Smith Stadium
401416601,2022,3,regular,2022-09-17 17:00:00,Coastal Carolina,Buffalo,Sun Belt,Mid-American,38,26,False,False,Brooks Stadium (SC)
401438181,2022,3,regular,2022-09-17 17:00:00,West Virginia State,Fairmont State,Mountain East,Mountain East,34,29,False,True,Dickerson Stadium
401430718,2022,3,regular,2022-09-17 17:00:00,Chowan,Johnson C. Smith,CIAA,CIAA,32,29,False,True,Garrison Stadium
401432147,2022,3,regular,2022-09-17 17:00:00,Glenville State,UNC Pembroke,Mountain East,Mountain East,45,17,False,True,I.L. & Sue Morris Stadium
401432767,2022,3,regular,2022-09-17 17:00:00,Waynesburg,Geneva,Presidents',Presidents',37,30,False,True,John F. Wiley Stadium
401441947,2022,3,regular,2022-09-17 17:00:00,William Paterson,Keystone,New Jersey,ECFC,27,20,False,False,Wightman Stadium
401445173,2022,3,regular,2022-09-17 17:00:00,King's,Delaware Valley,Mid Atlantic,Mid Atlantic,6,26,False,True,McCarthy Stadium (Wilkes Barre)
401432531,2022,3,regular,2022-09-17 17:00:00,Susquehanna,Moravian,Centennial,Centennial,37,3,False,True,Amos Alonzo Stagg Field (PA)
401437186,2022,3,regular,2022-09-17 17:00:00,New Haven,American International,Northeast 10,Northeast 10,54,26,False,True,Ralph F. DellaCamera Stadium
401423413,2022,3,regular,2022-09-17 17:00:00,Stetson,Princeton,Pioneer,Ivy,14,39,False,False,Spec Martin Municipal Stadium
401432795,2022,3,regular,2022-09-17 17:00:00,Berry,Wisconsin Whitewater,Southern Athletic,Wisconsin,3,17,False,False,Valhalla Stadium
401435065,2022,3,regular,2022-09-17 17:00:00,Western New England,Utica,Commonwealth Coast,Empire 8,21,23,False,False,Golden Bear Stadium
401439533,2022,3,regular,2022-09-17 17:00:00,Stevenson,Alvernia,Mid Atlantic,Mid Atlantic,40,18,False,True,Mustang Stadium
401443124,2022,3,regular,2022-09-17 17:00:00,Saint Vincent,Thiel,Presidents',Presidents',24,16,False,True,Chuck Noll Field
401436999,2022,3,regular,2022-09-17 17:00:00,McDaniel,Franklin & Marshall,Centennial,Centennial,3,35,False,True,Kenneth R. Gill Stadium
401435196,2022,3,regular,2022-09-17 17:00:00,Guilford,Huntingdon,Old Dominion,USA South,7,47,False,False,Armfield Athletic Center
401437209,2022,3,regular,2022-09-17 17:00:00,Hobart,St. John Fisher,Liberty League,Empire 8,17,0,False,False,Boswell Field at David J. Urick Stadium
401435141,2022,3,regular,2022-09-17 17:00:00,Merchant Marine,SUNY Maritime,NEWMAC,ECFC,48,13,False,False,Brooks Stadium (NY)
401445807,2022,3,regular,2022-09-17 17:00:00,Colby,Williams,NESCAC,NESCAC,24,14,False,True,Seaverns Field At Harold Alfond Stadium
401441254,2022,3,regular,2022-09-17 17:00:00,Wesleyan (CT),Bates,NESCAC,NESCAC,41,10,False,True,Corwin Stadium
401438663,2022,3,regular,2022-09-17 17:00:00,Randolph Macon,Southern Virginia,Old Dominion,USA South,47,20,False,False,Day Field
401432719,2022,3,regular,2022-09-17 17:00:00,Hampden Sydney,Greensboro,Old Dominion,USA South,70,28,False,False,Lewis C. Everett Stadium
401432710,2022,3,regular,2022-09-17 17:00:00,LaGrange,Ferrum,USA South,Old Dominion,44,38,False,False,Callaway Stadium
401432750,2022,3,regular,2022-09-17 17:00:00,Carnegie Mellon,Grove City,Presidents',Presidents',40,33,False,True,Gesling Stadium
401432728,2022,3,regular,2022-09-17 17:00:00,Maryville (TN),Shenandoah,USA South,Old Dominion,29,34,False,False,Lloyd L. Thornton Stadium
401424425,2022,3,regular,2022-09-17 17:00:00,Fordham,UAlbany,Patriot,CAA,48,45,False,False,Jack Coffey Field
401424424,2022,3,regular,2022-09-17 17:00:00,Rhode Island,Delaware,CAA,CAA,21,42,False,True,Meade Stadium
401424404,2022,3,regular,2022-09-17 17:00:00,Monmouth,Georgetown,CAA,Patriot,45,6,False,False,Kessler Stadium
401431109,2022,3,regular,2022-09-17 17:00:00,Ithaca,Alfred,Liberty League,Empire 8,52,3,False,False,Butterfield Stadium
401438171,2022,3,regular,2022-09-17 17:00:00,Dayton,Kentucky State,Pioneer,SIAC,46,3,False,False,Welcome Stadium
401435133,2022,3,regular,2022-09-17 17:00:00,Catholic,Kean,NEWMAC,New Jersey,14,33,False,False,Cardinal Stadium (DC)
401429852,2022,3,regular,2022-09-17 17:00:00,Shaw,Bowie State,CIAA,CIAA,17,14,False,True,George Williams Athletic Complex
401423914,2022,3,regular,2022-09-17 17:00:00,Pennsylvania,Colgate,Ivy,Patriot,25,14,False,False,Franklin Field
401416602,2022,3,regular,2022-09-17 17:00:00,Central Michigan,Bucknell,Mid-American,Patriot,41,0,False,False,Kelly/Shorts Stadium
401432610,2022,3,regular,2022-09-17 17:00:00,Denison,Oberlin,North Coast,North Coast,51,10,False,True,Deeds Field-Piper Stadium
401444450,2022,3,regular,2022-09-17 17:00:00,Mars Hill,Catawba,South Atlantic,South Atlantic,38,7,False,True,Meares Stadium
401446233,2022,3,regular,2022-09-17 17:00:00,Gettysburg,Dickinson,Centennial,Centennial,9,35,False,True,Shirk Field at Musselman Stadium
401432735,2022,3,regular,2022-09-17 17:00:00,Methodist,Washington and Lee,USA South,Old Dominion,14,37,False,False,Monarch Stadium
401404073,2022,3,regular,2022-09-17 17:00:00,West Virginia,Towson,Big 12,CAA,65,7,False,False,Milan Puskar Stadium
401455584,2022,3,regular,2022-09-17 17:00:00,Iowa Wesleyan,Finlandia University,,Upper Midwest,55,0,True,False,Mapleleaf Athletic Complex
401431129,2022,3,regular,2022-09-17 17:00:00,Hanover,Olivet,Heartland,Michigan,28,31,False,False,Alumni Stadium (IN)
401431161,2022,3,regular,2022-09-17 17:00:00,Mass Maritime,Anna Maria College,MSCAC,ECFC,14,23,False,False,Clean Harbors Stadium
401431031,2022,3,regular,2022-09-17 17:00:00,Johns Hopkins,Juniata,Centennial,Centennial,70,0,False,True,Homewood Field
401431208,2022,3,regular,2022-09-17 17:30:00,Defiance College,Kalamazoo,Heartland,Michigan,23,42,False,False,Justin F. Coressel Stadium
401431137,2022,3,regular,2022-09-17 17:30:00,Mount St Joseph,Hope,Heartland,Michigan,33,28,False,False,Schueler Field
401432681,2022,3,regular,2022-09-17 17:30:00,Mount Union,Marietta,Ohio,Ohio,55,7,False,True,Mount Union Stadium
401431119,2022,3,regular,2022-09-17 17:30:00,Franklin,Trine,Heartland,Michigan,21,55,False,False,"Stewart """"Red"""" Faught Stadium"
401415404,2022,3,regular,2022-09-17 17:30:00,VMI,Cornell,Southern,Ivy,22,28,False,False,Alumni Memorial Field
401431171,2022,3,regular,2022-09-17 17:30:00,UMass Dartmouth,Framingham State,MSCAC,MSCAC,46,21,False,True,Cressy Field
401418603,2022,3,regular,2022-09-17 17:30:00,Dartmouth,Valparaiso,Ivy,Pioneer,35,13,False,False,Memorial Field
401435122,2022,3,regular,2022-09-17 17:30:00,Tufts,Trinity (CT),NESCAC,NESCAC,23,26,False,True,Ellis Oval at Zimman Field
401432663,2022,3,regular,2022-09-17 17:30:00,John Carroll,Baldwin Wallace,Ohio,Ohio,21,7,False,True,Don Shula Stadium at Wasmer Field
401431311,2022,3,regular,2022-09-17 18:00:00,Concordia Chicago,Aurora,NACC,NACC,7,56,False,True,Concordia Stadium
401432512,2022,3,regular,2022-09-17 18:00:00,Central College,Loras,American Rivers,American Rivers,35,38,False,True,Ron and Joyce Schipper Stadium
401431078,2022,3,regular,2022-09-17 18:00:00,Elmhurst,Augustana (IL),CCIW,CCIW,16,34,False,True,Langhorst Field
401432562,2022,3,regular,2022-09-17 18:00:00,Benedictine (IL),Concordia (WI),NACC,NACC,48,10,False,True,Village of Lisle-Benedictine University Sports Complex
401432896,2022,3,regular,2022-09-17 18:00:00,Gustavus Adolphus,Wisconsin Stout,Minnesota,Wisconsin,25,28,False,False,Hollingsworth Field
401435060,2022,3,regular,2022-09-17 18:00:00,Washington St. Louis,Millikin,CCIW,CCIW,54,7,False,True,Francis Field (MO)
401433430,2022,3,regular,2022-09-17 18:00:00,McMurry,East Texas Baptist,American Southwest,American Southwest,7,28,False,True,Wilford Moore Stadium
401404069,2022,3,regular,2022-09-17 18:00:00,Iowa State,Ohio,Big 12,Mid-American,43,10,False,False,Jack Trice Stadium
401435111,2022,3,regular,2022-09-17 18:00:00,Eureka,Rockford,NACC,NACC,31,14,False,True,Pete FioRito Stadium at McKinzie Field
401432373,2022,3,regular,2022-09-17 18:00:00,Emporia State,Missouri Western,Mid America,Mid America,36,12,False,True,Francis G. Welch Stadium
401432112,2022,3,regular,2022-09-17 18:00:00,West Virginia Wesleyan,Concord,Mountain East,Mountain East,32,34,False,True,Cebe Ross Field
401425413,2022,3,regular,2022-09-17 18:00:00,Holy Cross,Yale,Patriot,Ivy,38,14,False,False,Fitton Field
401435055,2022,3,regular,2022-09-17 18:00:00,New Mexico Highlands,Fort Lewis,Rocky Mountain,Rocky Mountain,27,3,False,True,Sanchez Family Stadium
401416600,2022,3,regular,2022-09-17 18:00:00,Ball State,Murray State,Mid-American,OVC,31,0,False,False,Scheumann Stadium
401432519,2022,3,regular,2022-09-17 18:00:00,Wisconsin Platteville,Hardin Simmons,Wisconsin,American Southwest,0,41,False,False,Ralph E. Davis Pioneer Stadium
401413226,2022,3,regular,2022-09-17 18:00:00,South Dakota,Cal Poly,MVFC,Big Sky,38,21,False,False,DakotaDome
401431257,2022,3,regular,2022-09-17 18:00:00,Chicago,Beloit,Midwest,Midwest,43,10,False,True,Amos Alonzo Stagg Field
401439549,2022,3,regular,2022-09-17 18:00:00,Cal Lutheran,Puget Sound,So. Cal.,Northwest,35,27,False,False,William Rolland Stadium
401432998,2022,3,regular,2022-09-17 18:00:00,Lock Haven,Clarion,Pennsylvania State Athletic,Pennsylvania State Athletic,7,44,False,True,Hubert Jack Stadium
401432332,2022,3,regular,2022-09-17 18:00:00,Fort Valley State,Allen,SIAC,SIAC,29,27,False,True,Wildcat Stadium (GA)
401444596,2022,3,regular,2022-09-17 18:00:00,Amherst,Middlebury,NESCAC,NESCAC,6,17,False,True,Pratt Field at Lehrman Stadium
401432973,2022,3,regular,2022-09-17 18:00:00,Minot State,Wayne State (NE),Northern Sun,Northern Sun,10,49,False,True,Herb Parker Stadium
401432624,2022,3,regular,2022-09-17 18:00:00,Wooster,Wabash,North Coast,North Coast,14,48,False,True,John P. Papp Stadium
401432695,2022,3,regular,2022-09-17 18:00:00,Wilmington (OH),Otterbein,Ohio,Ohio,32,26,False,True,Wiliams Stadium (OH)
401432818,2022,3,regular,2022-09-17 18:00:00,Sewanee,Westminster (MO),Southern Athletic,Upper Midwest,41,6,False,False,Hardee-McGee Field
401431954,2022,3,regular,2022-09-17 18:00:00,Washburn,Nebraska Kearney,Mid America,Mid America,13,21,False,True,Yager Stadium at Moore Bowl
401432838,2022,3,regular,2022-09-17 18:00:00,Crown,St. Scholastica,Upper Midwest,Minnesota,14,63,False,False,Old National Bank Stadium
401424954,2022,3,regular,2022-09-17 18:00:00,Jackson State,Grambling,SWAC,SWAC,66,24,False,True,Mississippi Veterans Memorial Stadium
401425514,2022,3,regular,2022-09-17 18:00:00,Delaware State,Virginia Lynchburg,MEAC,,35,19,False,False,Alumni Stadium
401403991,2022,3,regular,2022-09-17 18:00:00,UCLA,South Alabama,Pac-12,Sun Belt,32,31,False,False,Rose Bowl
401420789,2022,3,regular,2022-09-17 18:00:00,Norfolk State,Hampton,MEAC,CAA,7,17,False,False,"William Dick"""" Price Stadium"""""
401461979,2022,3,regular,2022-09-17 18:00:00,Millsaps,Wisconsin Oshkosh,Southern Athletic,Wisconsin,17,41,False,False,Harper Davis Field
401439524,2022,3,regular,2022-09-17 18:00:00,Greenville,Manchester,Upper Midwest,Heartland,49,22,False,False,Francis Field (IL)
401411113,2022,3,regular,2022-09-17 18:00:00,Virginia,Old Dominion,ACC,Sun Belt,16,14,False,False,Scott Stadium
401439554,2022,3,regular,2022-09-17 18:00:00,Whittier,Lewis & Clark,So. Cal.,Northwest,13,44,False,False,"Memorial Stadium (Whittier, CA)"
401438661,2022,3,regular,2022-09-17 18:00:00,Monmouth (IL),Illinois College,Midwest,Midwest,51,20,False,True,April Zorn Memorial Stadium
401438667,2022,3,regular,2022-09-17 18:00:00,Norwich,Vermont State Castleton,NEWMAC,ECFC,26,21,False,False,Sabine Field at Haynes Family Stadium
401430962,2022,3,regular,2022-09-17 18:00:00,Nebraska Wesleyan,Dubuque,American Rivers,American Rivers,34,48,True,True,Abel Stadium
401431217,2022,3,regular,2022-09-17 18:00:00,Martin Luther,Augsburg,Upper Midwest,Minnesota,7,45,False,False,MLC Bowl
401431008,2022,3,regular,2022-09-17 18:00:00,Sul Ross State,Austin,American Southwest,American Southwest,55,14,False,True,Jackson Field
401431276,2022,3,regular,2022-09-17 18:00:00,Cornell (IA),Ripon,Midwest,Midwest,14,49,False,True,Van Metre Field at Ash Park
401405089,2022,3,regular,2022-09-17 18:00:00,Temple,Rutgers,American Athletic,Big Ten,14,16,False,False,Lincoln Financial Field
401431068,2022,3,regular,2022-09-17 18:00:00,Carthage,North Central College,CCIW,CCIW,7,59,False,True,Art Keller Field
401431266,2022,3,regular,2022-09-17 18:00:00,Lawrence,Grinnell,Midwest,Midwest,7,28,False,True,Ron Roberts Field at the Banta Bowl
401430970,2022,3,regular,2022-09-17 18:00:00,Wartburg,Luther,American Rivers,American Rivers,62,0,False,True,Walston-Hoover Stadium
401431917,2022,3,regular,2022-09-17 18:30:00,Northwest Missouri State,Central Missouri,Mid America,Mid America,24,7,False,True,Bearcat Stadium
401403987,2022,3,regular,2022-09-17 18:30:00,Notre Dame,California,FBS Independents,Pac-12,24,17,False,False,Notre Dame Stadium
401431833,2022,3,regular,2022-09-17 19:00:00,Mississippi College,North Greenville,Gulf South,Gulf South,19,41,False,True,Robinson-Hale Stadium
401413246,2022,3,regular,2022-09-17 19:00:00,Idaho,Drake,Big Sky,Pioneer,42,14,False,False,Kibbie Dome
401426252,2022,3,regular,2022-09-17 19:00:00,Howard,Morehouse,MEAC,SIAC,31,0,True,False,MetLife Stadium
401431294,2022,3,regular,2022-09-17 19:00:00,Lake Forest,Knox,Midwest,Midwest,48,14,False,True,Farwell Field
401421118,2022,3,regular,2022-09-17 19:00:00,Southeast Missouri State,Nicholls,OVC,Southland,42,16,False,False,Houck Field
401418631,2022,3,regular,2022-09-17 19:00:00,Alabama A&M,Austin Peay,SWAC,Atlantic Sun,3,28,False,False,Louis Crews Stadium
401431486,2022,3,regular,2022-09-17 19:00:00,Southern Nazarene,East Central,Great American,Great American,21,44,False,True,Southern Nazarene University Football Stadium
401413258,2022,3,regular,2022-09-17 19:00:00,Idaho State,Central Arkansas,Big Sky,Atlantic Sun,16,31,False,False,Holt Arena
401404074,2022,3,regular,2022-09-17 19:00:00,Kansas State,Tulane,Big 12,American Athletic,10,17,False,False,Bill Snyder Family Stadium
401437410,2022,3,regular,2022-09-17 19:00:00,Carleton,Minnesota Morris,Minnesota,Upper Midwest,41,7,False,False,Laird Stadium
401431856,2022,3,regular,2022-09-17 19:00:00,West Alabama,Tuskegee,Gulf South,SIAC,10,13,False,False,Tiger Stadium (AL)
401426558,2022,3,regular,2022-09-17 19:00:00,UNLV,North Texas,Mountain West,Conference USA,58,27,False,False,Allegiant Stadium
401450137,2022,3,regular,2022-09-17 19:00:00,Lane College,Clark Atlanta,SIAC,SIAC,38,6,False,True,Lane Field
401432394,2022,3,regular,2022-09-17 19:00:00,Bemidji State,Winona State,Northern Sun,Northern Sun,34,24,False,True,Chet Anderson Stadium
401433061,2022,3,regular,2022-09-17 19:00:00,Adams State,Colorado School of Mines,Rocky Mountain,Rocky Mountain,10,84,False,True,Rex Stadium
401432438,2022,3,regular,2022-09-17 19:00:00,University of Mary,Southwest Minnesota State,Northern Sun,Northern Sun,28,31,False,True,MDU Resources Community Bowl
401433088,2022,3,regular,2022-09-17 19:00:00,Colorado Mesa,South Dakota Mines,Rocky Mountain,Rocky Mountain,17,31,False,True,Ralph Stocker Stadium
401403891,2022,3,regular,2022-09-17 19:30:00,Northern Illinois,Vanderbilt,Mid-American,SEC,28,38,False,False,Huskie Stadium
401403886,2022,3,regular,2022-09-17 19:30:00,Georgia Tech,Ole Miss,ACC,SEC,0,42,False,False,Bobby Dodd Stadium
401422976,2022,3,regular,2022-09-17 19:30:00,Western Carolina,Presbyterian,Southern,Pioneer,77,21,False,False,E. J. Whitmire Stadium
401422988,2022,3,regular,2022-09-17 19:30:00,Lafayette,William & Mary,Patriot,CAA,7,34,False,False,Fisher Field
401426560,2022,3,regular,2022-09-17 19:30:00,UAB,Georgia Southern,Conference USA,Sun Belt,35,21,False,False,Protective Stadium
401403988,2022,3,regular,2022-09-17 19:30:00,Minnesota,Colorado,Big Ten,Pac-12,49,7,False,False,Huntington Bank Stadium
401403989,2022,3,regular,2022-09-17 19:30:00,Oregon,BYU,Pac-12,FBS Independents,41,20,False,False,Autzen Stadium
401405085,2022,3,regular,2022-09-17 19:30:00,Wisconsin,New Mexico State,Big Ten,FBS Independents,66,7,False,False,Camp Randall Stadium
401414780,2022,3,regular,2022-09-17 19:30:00,Massachusetts,Stony Brook,FBS Independents,CAA,20,3,False,False,Warren McGuirk Alumni Stadium
401403882,2022,3,regular,2022-09-17 19:30:00,Auburn,Penn State,SEC,Big Ten,12,41,False,False,Jordan-Hare Stadium
401426333,2022,3,regular,2022-09-17 19:30:00,App State,Troy,Sun Belt,Sun Belt,32,28,False,True,Kidd Brewer Stadium
401432656,2022,3,regular,2022-09-17 20:00:00,Whitworth,Claremont Mudd Scripps,Northwest,So. Cal.,12,7,False,False,The Pine Bowl
401432647,2022,3,regular,2022-09-17 20:00:00,Linfield,Redlands,Northwest,So. Cal.,21,3,False,False,Maxwell Field
401431867,2022,3,regular,2022-09-17 20:00:00,Erskine,Lenoir Rhyne,South Atlantic,South Atlantic,20,42,False,False,J.W. Babb Stadium
401420878,2022,3,regular,2022-09-17 20:00:00,Western Illinois,Southern Utah,MVFC,Western Athletic,10,17,False,False,Hanson Field
401431593,2022,3,regular,2022-09-17 20:00:00,Simon Fraser,Central Washington,Lone Star,Lone Star,7,40,False,True,Terry Fox Field
401415171,2022,3,regular,2022-09-17 20:00:00,Northern Arizona,North Dakota,Big Sky,MVFC,24,27,False,False,Walkup Skydome
401423426,2022,3,regular,2022-09-17 20:00:00,Wagner,Saint Francis,NEC,NEC,7,27,False,True,Wagner College Stadium
401415218,2022,3,regular,2022-09-17 20:00:00,Boise State,UT Martin,Mountain West,OVC,30,7,False,False,Albertsons Stadium
401403880,2022,3,regular,2022-09-17 20:00:00,Alabama,UL Monroe,SEC,Sun Belt,63,7,False,False,Bryant-Denny Stadium
401433099,2022,3,regular,2022-09-17 20:00:00,CSU Pueblo,Western Colorado,Rocky Mountain,Rocky Mountain,10,17,False,True,Neta and Eddie DeRose ThunderBowl
401430998,2022,3,regular,2022-09-17 20:00:00,Hendrix,Howard Payne,Southern Athletic,American Southwest,10,67,True,False,Children's Health Stadium
401404068,2022,3,regular,2022-09-17 20:00:00,Houston,Kansas,American Athletic,Big 12,30,48,False,False,TDECU Stadium
401433398,2022,3,regular,2022-09-17 21:00:00,Rensselaer,WPI,Liberty League,NEWMAC,37,0,False,False,ECAV Stadium
401425456,2022,3,regular,2022-09-17 21:00:00,Northern Iowa,Sacramento State,MVFC,Big Sky,21,37,False,False,UNI-Dome
401403995,2022,3,regular,2022-09-17 21:00:00,Washington State,Colorado State,Pac-12,Mountain West,38,7,False,False,Gesa Field
401423919,2022,3,regular,2022-09-17 21:00:00,Southern,Texas Southern,SWAC,SWAC,0,24,True,True,Globe Life Field
401404159,2022,3,regular,2022-09-17 21:00:00,Wake Forest,Liberty,ACC,FBS Independents,37,36,False,False,Allegacy Federal Credit Union Stadium
401415029,2022,3,regular,2022-09-17 21:00:00,Bowling Green,Marshall,Mid-American,Sun Belt,34,31,False,False,Doyt L. Perry Stadium
401411112,2022,3,regular,2022-09-17 22:00:00,Duke,North Carolina A&T,ACC,Big South,49,20,False,False,Wallace Wade Stadium
401431179,2022,3,regular,2022-09-17 22:00:00,Bluffton,Adrian,Heartland,Michigan,23,58,False,False,Alumni Field (OH)
401415196,2022,3,regular,2022-09-17 22:00:00,Marist,Columbia,Pioneer,Ivy,3,38,False,False,Leonidoff Field
401431947,2022,3,regular,2022-09-17 22:00:00,Missouri Southern State,Central Oklahoma,Mid America,Mid America,40,21,False,True,Fred G. Hughes Stadium
401418637,2022,3,regular,2022-09-17 22:00:00,Eastern Kentucky,Charleston Southern,Atlantic Sun,Big South,40,17,False,False,Roy Kidd Stadium
401431501,2022,3,regular,2022-09-17 22:00:00,Lake Erie,McKendree,Great Midwest Athletic,Great Lakes,37,38,False,False,Jack Britt Memorial Stadium
401431196,2022,3,regular,2022-09-17 22:00:00,Anderson (IN),Alma,Heartland,Michigan,7,45,False,False,Macholtz Stadium
401423157,2022,3,regular,2022-09-17 22:00:00,Morehead State,Kentucky Christian,Pioneer,,49,14,False,False,Jayne Stadium
401430704,2022,3,regular,2022-09-17 22:00:00,Virginia Union,Livingstone,CIAA,CIAA,42,6,False,True,Hovey Field
401415621,2022,3,regular,2022-09-17 22:00:00,East Carolina,Campbell,American Athletic,Big South,49,10,False,False,Dowdy-Ficklen Stadium
401403885,2022,3,regular,2022-09-17 22:00:00,LSU,Mississippi State,SEC,SEC,31,16,False,True,Tiger Stadium (LA)
401424394,2022,3,regular,2022-09-17 22:00:00,Elon,Gardner-Webb,CAA,Big South,30,24,False,False,Rhodes Stadium
401432869,2022,3,regular,2022-09-17 22:00:00,Averett,Brevard,Old Dominion,USA South,23,6,False,True,Daly Field at Frank R. Campbell Stadium
401433131,2022,3,regular,2022-09-17 22:00:00,Tusculum,Wingate,South Atlantic,South Atlantic,10,27,False,True,Pioneer Field (TN)
401430697,2022,3,regular,2022-09-17 22:00:00,Virginia State,St. Augustine's,CIAA,CIAA,42,7,False,True,Rogers Stadium (VA)
401432375,2022,3,regular,2022-09-17 22:00:00,Franklin Pierce,Saint Anselm,Northeast 10,Northeast 10,0,27,True,True,Sodexo Field
401418778,2022,3,regular,2022-09-17 22:00:00,Chattanooga,North Alabama,Southern,Atlantic Sun,41,14,False,False,Finley Stadium
401421139,2022,3,regular,2022-09-17 22:00:00,Mercer,The Citadel,Southern,Southern,17,0,False,True,Five Star Stadium at the Moye Complex
401431567,2022,3,regular,2022-09-17 22:00:00,Wayne State (MI),Wisconsin La Crosse,GLIAC,Wisconsin,21,28,False,False,Tom Adams Field
401420799,2022,3,regular,2022-09-17 22:00:00,New Hampshire,North Carolina Central,CAA,MEAC,27,45,False,False,Wildcat Stadium
401426557,2022,3,regular,2022-09-17 23:00:00,Middle Tennessee,Tennessee State,Conference USA,OVC,49,6,False,False,"Johnny ""Red"" Floyd Stadium"
401405088,2022,3,regular,2022-09-17 23:00:00,Ohio State,Toledo,Big Ten,Mid-American,77,21,False,False,Ohio Stadium
401415622,2022,3,regular,2022-09-17 23:00:00,Memphis,Arkansas State,American Athletic,Sun Belt,44,32,False,False,Simmons Bank Liberty Stadium
401404075,2022,3,regular,2022-09-17 23:00:00,Oklahoma State,Arkansas-Pine Bluff,Big 12,SWAC,63,7,False,False,Boone Pickens Stadium
401403881,2022,3,regular,2022-09-17 23:00:00,Arkansas,Missouri State,SEC,MVFC,38,27,False,False,Razorback Stadium
401422928,2022,3,regular,2022-09-17 23:00:00,Tennessee Tech,Samford,OVC,Southern,28,33,False,False,Tucker Stadium
401434858,2022,3,regular,2022-09-17 23:00:00,Lindenwood,Keiser University,OVC,,37,3,False,False,Hunter Stadium
401421122,2022,3,regular,2022-09-17 23:00:00,SE Louisiana,Central Connecticut,Southland,NEC,70,6,False,False,Strawberry Stadium
401425420,2022,3,regular,2022-09-17 23:00:00,Mississippi Valley State,Delta State,SWAC,Gulf South,17,28,False,False,Rice-Totten Field
401423145,2022,3,regular,2022-09-17 23:00:00,Davidson,St. Andrews,Pioneer,,56,6,False,False,Richardson Stadium
401420847,2022,3,regular,2022-09-17 23:00:00,Prairie View A&M,Incarnate Word,SWAC,Southland,14,31,False,False,Panther Stadium
401420832,2022,3,regular,2022-09-17 23:00:00,South Dakota State,Butler,MVFC,Pioneer,45,17,False,False,Dana J. Dykhouse Stadium
401420869,2022,3,regular,2022-09-17 23:00:00,Sam Houston,East Texas A&M,Western Athletic,Southland,27,17,False,False,Elliott T. Bowers Stadium
401404072,2022,3,regular,2022-09-17 23:00:00,NC State,Texas Tech,ACC,Big 12,27,14,False,False,Carter-Finley Stadium
401415032,2022,3,regular,2022-09-17 23:00:00,Southern Miss,Northwestern State,Sun Belt,Southland,64,10,False,False,M. M. Roberts Stadium
401415178,2022,3,regular,2022-09-17 23:00:00,Lamar,Northern Colorado,Southland,Big Sky,14,21,False,False,Provost Umphrey Stadium
401435181,2022,3,regular,2022-09-17 23:00:00,Muskingum,Capital,Ohio,Ohio,37,7,False,True,Sherman Field at McConagha Stadium
401426554,2022,3,regular,2022-09-17 23:00:00,Georgia State,Charlotte,Sun Belt,Conference USA,41,42,False,False,Center Parc Stadium
401413216,2022,3,regular,2022-09-17 23:00:00,Tulsa,Jacksonville State,American Athletic,Atlantic Sun,54,17,False,False,Chapman Stadium
401431888,2022,3,regular,2022-09-17 23:00:00,UT Permian Basin,Angelo State,Lone Star,Lone Star,21,34,False,True,Ratliff Stadium
401432358,2022,3,regular,2022-09-17 23:00:00,Miles,Valdosta State,SIAC,Gulf South,7,55,False,False,Albert J. H. Sloan - Alumni Stadium
401430687,2022,3,regular,2022-09-17 23:00:00,Lincoln (PA),Fayetteville State,CIAA,CIAA,7,19,False,True,Lincoln University Stadium
401420881,2022,3,regular,2022-09-17 23:00:00,Tarleton State,Eastern New Mexico,Western Athletic,Lone Star,41,6,False,False,"Memorial Stadium (Stephenville, TX)"
401431473,2022,3,regular,2022-09-17 23:00:00,Southwestern Oklahoma State,Southeastern Oklahoma State,Great American,Great American,48,58,False,True,Milam Stadium
401431490,2022,3,regular,2022-09-17 23:00:00,Tiffin,Indianapolis,Great Midwest Athletic,Great Lakes,20,27,False,False,Frost-Kalnow Stadium
401430741,2022,3,regular,2022-09-17 23:00:00,Henderson State,Arkansas Monticello,Great American,Great American,37,27,False,True,Ruggles Field at Carpenter-Haygood Stadium
401431533,2022,3,regular,2022-09-17 23:00:00,Grand Valley State,Lincoln (CA),GLIAC,,66,7,False,False,Lubbers Stadium
401430730,2022,3,regular,2022-09-17 23:00:00,Arkansas Tech,Ouachita Baptist,Great American,Great American,14,63,False,True,Thone Stadium at Buerkle Field
401431450,2022,3,regular,2022-09-17 23:00:00,Harding,Southern Arkansas,Great American,Great American,37,17,False,True,First Security Stadium
401431466,2022,3,regular,2022-09-17 23:00:00,Northwestern (OK),Oklahoma Baptist,Great American,Great American,23,31,False,True,Ranger Field
401431928,2022,3,regular,2022-09-17 23:00:00,Lincoln (MO),Fort Hays,Mid America,Mid America,14,51,False,True,Dwight T. Reed Stadium
401432431,2022,3,regular,2022-09-17 23:00:00,Northern State,Minnesota State,Northern Sun,Northern Sun,23,22,False,True,Swisher Field
401432405,2022,3,regular,2022-09-17 23:00:00,Minnesota Duluth,Upper Iowa,Northern Sun,Northern Sun,28,6,False,True,James S. Malosky Stadium
401432517,2022,3,regular,2022-09-17 23:00:00,Wisconsin Stevens Point,Simpson (IA),Wisconsin,American Rivers,35,14,False,False,Community Stadium at Goerke Park
401432849,2022,3,regular,2022-09-17 23:00:00,Wisconsin River Falls,Northwestern (MN),Wisconsin,Upper Midwest,63,27,False,False,David Smith Stadium at Ramer Field
401432567,2022,3,regular,2022-09-17 23:00:00,Wisconsin Lutheran,Lakeland,NACC,NACC,25,21,False,True,Warrior Field at Raabe Stadium
401431095,2022,3,regular,2022-09-17 23:00:00,Carroll (WI),North Park,Midwest,CCIW,42,0,False,False,Schneider Stadium
401431016,2022,3,regular,2022-09-17 23:00:00,Mary Hardin Baylor,Southwestern U,American Southwest,American Southwest,68,14,False,True,Crusader Stadium
401430923,2022,3,regular,2022-09-17 23:00:00,Buena Vista,Coe,American Rivers,American Rivers,3,14,False,True,J. Leslie Rollins Stadium
401431022,2022,3,regular,2022-09-17 23:00:00,Trinity (TX),Texas Lutheran,Southern Athletic,American Southwest,52,14,False,False,Trinity University Stadium
401431102,2022,3,regular,2022-09-17 23:00:00,Wheaton (IL),Illinois Wesleyan,CCIW,CCIW,42,7,False,True,McCully Stadium
401432759,2022,3,regular,2022-09-17 23:00:00,Case Western Reserve,Washington & Jefferson,Presidents',Presidents',14,10,False,True,Case Field
401432742,2022,3,regular,2022-09-17 23:00:00,Westminster (PA),Allegheny,Presidents',Presidents',42,14,False,False,Memorial Field (PA)
401432689,2022,3,regular,2022-09-17 23:00:00,Heidelberg,Ohio Northern,Ohio,Ohio,37,3,False,True,Hoernemann Stadium
401403889,2022,3,regular,2022-09-17 23:00:00,Tennessee,Akron,SEC,Mid-American,63,6,False,False,Neyland Stadium
401405082,2022,3,regular,2022-09-17 23:30:00,Iowa,Nevada,Big Ten,Mountain West,27,0,False,False,Kinnick Stadium
401403994,2022,3,regular,2022-09-17 23:30:00,Washington,Michigan State,Pac-12,Big Ten,39,28,False,False,Husky Stadium
401426559,2022,3,regular,2022-09-17 23:30:00,Rice,Louisiana,Conference USA,Sun Belt,33,21,False,False,Rice Stadium
401411110,2022,3,regular,2022-09-17 23:30:00,Boston College,Maine,ACC,CAA,38,17,False,False,"Alumni Stadium (Chestnut Hill, MA)"
401405087,2022,3,regular,2022-09-17 23:30:00,Maryland,SMU,Big Ten,American Athletic,34,27,False,False,SECU Stadium
401411115,2022,3,regular,2022-09-17 23:30:00,Western Michigan,Pittsburgh,Mid-American,ACC,13,34,False,False,Waldo Stadium
401418829,2022,3,regular,2022-09-17 23:30:00,Illinois State,Eastern Illinois,MVFC,OVC,35,7,False,False,Hancock Stadium
401432423,2022,3,regular,2022-09-17 23:30:00,Concordia St. Paul,Sioux Falls,Northern Sun,Northern Sun,23,44,False,True,Sea Foam Stadium
401421157,2022,3,regular,2022-09-17 23:30:00,East Tennessee State,Furman,Southern,Southern,14,27,False,True,William B. Greene Jr. Stadium
401403883,2022,3,regular,2022-09-17 23:30:00,Florida,South Florida,SEC,American Athletic,31,28,False,False,Ben Hill Griffin Stadium
401426555,2022,3,regular,2022-09-17 23:30:00,Florida Atlantic,UCF,Conference USA,American Athletic,14,40,False,False,FAU Stadium
401431961,2022,3,regular,2022-09-18 00:00:00,Pittsburg State,Northeastern State,Mid America,Mid America,49,14,False,True,Carnie Smith Stadium
401426556,2022,3,regular,2022-09-18 00:00:00,Clemson,Louisiana Tech,ACC,Conference USA,48,20,False,False,"Memorial Stadium (Clemson, SC)"
401403990,2022,3,regular,2022-09-18 00:00:00,Oregon State,Montana State,Pac-12,Big Sky,68,28,True,False,Providence Park
401426561,2022,3,regular,2022-09-18 00:00:00,New Mexico,UTEP,Mountain West,Conference USA,27,10,False,False,University Stadium (NM)
401431543,2022,3,regular,2022-09-18 00:00:00,Midwestern State,Michigan Tech,Lone Star,GLIAC,28,21,False,False,"Memorial Stadium (Wichita Falls, TX)"
401420857,2022,3,regular,2022-09-18 00:00:00,Weber State,Utah Tech,Big Sky,Western Athletic,44,14,False,False,Stewart Stadium
401433072,2022,3,regular,2022-09-18 00:00:00,Chadron State,Black Hills State,Rocky Mountain,Rocky Mountain,23,32,False,True,Elliott Field at Don Beebe Stadium
401418802,2022,3,regular,2022-09-18 00:00:00,McNeese,Alcorn State,Southland,SWAC,19,30,False,False,Cowboy Stadium
401431510,2022,3,regular,2022-09-18 00:00:00,Kentucky Wesleyan,Missouri S&T,Great Midwest Athletic,Great Lakes,11,6,False,False,Steele Stadium
401426562,2022,3,regular,2022-09-18 00:00:00,Texas,UTSA,Big 12,Conference USA,41,20,False,False,DKR-Texas Memorial Stadium
401431612,2022,3,regular,2022-09-18 00:00:00,Western New Mexico,Western Oregon,Lone Star,Lone Star,35,30,False,False,Ben Altamirano Field
401431902,2022,3,regular,2022-09-18 00:00:00,West Texas,Texas A&M-Kingsville,Lone Star,Lone Star,24,31,False,True,Buffalo Stadium
401403890,2022,3,regular,2022-09-18 01:00:00,Texas A&M,Miami,SEC,ACC,17,9,False,False,Kyle Field
401403993,2022,3,regular,2022-09-18 02:00:00,Utah,San Diego State,Pac-12,Mountain West,35,7,False,False,Rice-Eccles Stadium
401432638,2022,3,regular,2022-09-18 02:00:00,George Fox,Chapman,Northwest,So. Cal.,38,28,False,False,Stoffer Family Stadium
401415183,2022,3,regular,2022-09-18 02:00:00,UC Davis,San Diego,Big Sky,Pioneer,43,13,False,False,Aggie Stadium
401435170,2022,3,regular,2022-09-18 02:00:00,Pacific (OR),Pomona Pitzer,Northwest,So. Cal.,23,20,False,False,Hanson Stadium
401435175,2022,3,regular,2022-09-18 02:00:00,La Verne,Pacific Lutheran,So. Cal.,Northwest,0,41,False,False,Ortmayer Stadium
401403992,2022,3,regular,2022-09-18 02:30:00,USC,Fresno State,Pac-12,Mountain West,45,17,False,False,Los Angeles Memorial Coliseum
401403986,2022,3,regular,2022-09-18 03:00:00,Arizona State,Eastern Michigan,Pac-12,Mid-American,21,30,False,False,Mountain America Stadium
401403985,2022,3,regular,2022-09-18 03:00:00,Arizona,North Dakota State,Pac-12,MVFC,31,28,False,False,Arizona Stadium
401415219,2022,3,regular,2022-09-18 03:59:00,Hawai'i,Duquesne,Mountain West,NEC,24,14,False,False,Clarence T.C. Ching Athletics Complex
401426334,2022,4,regular,2022-09-22 23:30:00,Georgia State,Coastal Carolina,Sun Belt,Sun Belt,24,41,False,True,Center Parc Stadium
401411116,2022,4,regular,2022-09-22 23:30:00,Virginia Tech,West Virginia,ACC,Big 12,10,33,False,False,Lane Stadium
401421129,2022,4,regular,2022-09-23 00:30:00,Illinois,Chattanooga,Big Ten,Southern,31,0,False,False,"Memorial Stadium (Champaign, IL)"
401455577,2022,4,regular,2022-09-23 22:00:00,Bentley,New Haven,Northeast 10,Northeast 10,13,21,False,True,Bentley University Football Stadium
401411117,2022,4,regular,2022-09-23 23:00:00,Syracuse,Virginia,ACC,ACC,22,20,False,True,JMA Wireless Dome
401431032,2022,4,regular,2022-09-23 23:00:00,Johns Hopkins,Moravian,Centennial,Centennial,54,0,False,True,Homewood Field
401415220,2022,4,regular,2022-09-24 00:00:00,Air Force,Nevada,Mountain West,Mountain West,48,20,False,True,Falcon Stadium
401426571,2022,4,regular,2022-09-24 01:00:00,UTEP,Boise State,Conference USA,Mountain West,27,10,False,False,Sun Bowl
401432574,2022,4,regular,2022-09-24 16:00:00,Hiram,Wittenberg,North Coast,North Coast,14,38,False,True,Charles A. Henry Field
401431152,2022,4,regular,2022-09-24 16:00:00,Albright,Lycoming,Mid Atlantic,Mid Atlantic,0,45,False,True,Gene L. Shirk Stadium
401411123,2022,4,regular,2022-09-24 16:00:00,Wake Forest,Clemson,ACC,ACC,45,51,False,True,Allegacy Federal Credit Union Stadium
401411121,2022,4,regular,2022-09-24 16:00:00,Pittsburgh,Rhode Island,ACC,CAA,45,24,False,False,Acrisure Stadium
401431053,2022,4,regular,2022-09-24 16:00:00,Springfield,Husson,NEWMAC,Commonwealth Coast,49,7,False,False,Stagg Field
401431162,2022,4,regular,2022-09-24 16:00:00,Fitchburg State,Mass Maritime,MSCAC,MSCAC,13,38,False,True,Elliot Field Athletic Complex
401445767,2022,4,regular,2022-09-24 16:00:00,Buffalo State,SUNY Morrisville,Liberty League,Empire 8,10,31,False,False,Coyer Field
401438668,2022,4,regular,2022-09-24 16:00:00,Endicott,Norwich,Commonwealth Coast,NEWMAC,26,13,False,False,Hempstead Stadium
401438635,2022,4,regular,2022-09-24 16:00:00,FDU Florham,King's,Mid Atlantic,Mid Atlantic,23,27,False,True,Robert T. Shields Field
401438624,2022,4,regular,2022-09-24 16:00:00,Anna Maria College,Coast Guard,ECFC,NEWMAC,28,66,False,False,Caparso Field
401437202,2022,4,regular,2022-09-24 16:00:00,Alfred State,Defiance College,ECFC,Heartland,42,33,False,False,Pioneer Stadium
401445923,2022,4,regular,2022-09-24 16:00:00,Western New England,Salisbury,Commonwealth Coast,New Jersey,0,35,False,False,Golden Bear Stadium
401445170,2022,4,regular,2022-09-24 16:00:00,Vermont State Castleton,St. Lawrence,ECFC,Liberty League,6,34,False,False,Dave Wolk Stadium
401411119,2022,4,regular,2022-09-24 16:00:00,Louisville,South Florida,ACC,American Athletic,41,3,False,False,L&N Federal Credit Union Stadium
401405098,2022,4,regular,2022-09-24 16:00:00,Penn State,Central Michigan,Big Ten,Mid-American,33,14,False,False,Beaver Stadium
401404080,2022,4,regular,2022-09-24 16:00:00,Iowa State,Baylor,Big 12,Big 12,24,31,False,True,Jack Trice Stadium
401404079,2022,4,regular,2022-09-24 16:00:00,Kansas,Duke,Big 12,ACC,35,27,False,False,Memorial Stadium
401403895,2022,4,regular,2022-09-24 16:00:00,Georgia,Kent State,SEC,Mid-American,39,22,False,False,Sanford Stadium
401421158,2022,4,regular,2022-09-24 16:00:00,Charleston Southern,Furman,Big South,Southern,19,24,False,False,Buccaneer Field
401425511,2022,4,regular,2022-09-24 16:00:00,Robert Morris,East Tennessee State,Big South,Southern,3,45,False,False,Joe Walton Stadium
401430688,2022,4,regular,2022-09-24 16:00:00,Johnson C. Smith,Lincoln (PA),CIAA,CIAA,28,29,False,True,Irwin Belk Complex
401432990,2022,4,regular,2022-09-24 16:00:00,California (PA),Edinboro,Pennsylvania State Athletic,Pennsylvania State Athletic,49,7,False,True,Adamson Stadium
401403894,2022,4,regular,2022-09-24 16:00:00,Auburn,Missouri,SEC,SEC,17,14,False,True,Jordan-Hare Stadium
401455634,2022,4,regular,2022-09-24 16:00:00,Pace,Assumption,Northeast 10,Northeast 10,14,26,False,True,Pace Stadium
401416604,2022,4,regular,2022-09-24 16:00:00,Eastern Michigan,Buffalo,Mid-American,Mid-American,31,50,False,True,Rynearson Stadium
401405097,2022,4,regular,2022-09-24 16:00:00,Michigan,Maryland,Big Ten,Big Ten,34,27,False,True,Michigan Stadium
401404078,2022,4,regular,2022-09-24 16:00:00,SMU,TCU,American Athletic,Big 12,34,42,False,False,Gerald J. Ford Stadium
401403899,2022,4,regular,2022-09-24 16:00:00,Mississippi State,Bowling Green,SEC,Mid-American,45,14,False,False,Davis Wade Stadium
401432153,2022,4,regular,2022-09-24 16:00:00,Wheeling,Glenville State,Mountain East,Mountain East,34,23,False,True,Bishop Schmitt Field
401432376,2022,4,regular,2022-09-24 16:00:00,American International,Franklin Pierce,Northeast 10,Northeast 10,3,7,False,True,Ronald J. Abdow Field
401435201,2022,4,regular,2022-09-24 16:00:00,Greensboro,Maryville (TN),USA South,USA South,17,37,False,True,Jamieson Stadium
401431553,2022,4,regular,2022-09-24 16:00:00,Davenport,Northwood,GLIAC,Great Midwest Athletic,51,17,False,True,Farmers Insurance Athletic Complex
401431843,2022,4,regular,2022-09-24 16:00:00,Shorter,Valdosta State,Gulf South,Gulf South,30,34,False,True,Barron Stadium
401433032,2022,4,regular,2022-09-24 16:00:00,West Chester,Millersville,Pennsylvania State Athletic,Pennsylvania State Athletic,26,14,False,True,John A. Farrell Stadium
401433015,2022,4,regular,2022-09-24 16:00:00,Kutztown,Shepherd,Pennsylvania State Athletic,Pennsylvania State Athletic,35,42,False,True,Andre Reed Stadium
401460114,2022,4,regular,2022-09-24 16:00:00,MIT,Dean,NEWMAC,ECFC,35,6,False,False,Henry G. Steinbrenner '27 Stadium
401415187,2022,4,regular,2022-09-24 16:30:00,Brown,Harvard,Ivy,Ivy,28,35,False,True,Brown Stadium
401415197,2022,4,regular,2022-09-24 16:30:00,Georgetown,Columbia,Patriot,Ivy,6,42,False,False,Cooper Field
401445214,2022,4,regular,2022-09-24 17:00:00,Williams,Bowdoin,NESCAC,NESCAC,24,14,False,True,Farley-Lamb Field
401432999,2022,4,regular,2022-09-24 17:00:00,Clarion,Gannon,Pennsylvania State Athletic,Pennsylvania State Athletic,24,47,False,True,"Memorial Stadium (Clarion, PA)"
401429853,2022,4,regular,2022-09-24 17:00:00,St. Augustine's,Bowie State,CIAA,CIAA,20,36,False,True,George Williams Athletic Complex
401438642,2022,4,regular,2022-09-24 17:00:00,Lebanon Valley,Wilkes,Mid Atlantic,Mid Atlantic,24,19,False,True,Arnold Field (PA)
401444597,2022,4,regular,2022-09-24 17:00:00,Hamilton,Amherst,NESCAC,NESCAC,24,10,False,True,Steuben Field
401441255,2022,4,regular,2022-09-24 17:00:00,Middlebury,Wesleyan (CT),NESCAC,NESCAC,24,10,False,True,Alumni Stadium (VT)
401443112,2022,4,regular,2022-09-24 17:00:00,Muhlenberg,McDaniel,Centennial,Centennial,41,7,False,True,Scotty Wood Stadium
401437210,2022,4,regular,2022-09-24 17:00:00,Keystone,Hobart,ECFC,Liberty League,6,65,False,False,Athletic Field Complex
401445802,2022,4,regular,2022-09-24 17:00:00,Bates,Tufts,NESCAC,NESCAC,7,35,False,True,Garcelon Field
401423158,2022,4,regular,2022-09-24 17:00:00,Stetson,Morehead State,Pioneer,Pioneer,38,26,False,True,Spec Martin Municipal Stadium
401430977,2022,4,regular,2022-09-24 17:00:00,Loras,Nebraska Wesleyan,American Rivers,American Rivers,49,31,False,True,Rock Bowl
401431491,2022,4,regular,2022-09-24 17:00:00,Ohio Dominican,Indianapolis,Great Midwest Athletic,Great Lakes,38,44,False,False,Panther Stadium (OH)
401431267,2022,4,regular,2022-09-24 17:00:00,Minnesota Morris,Lawrence,Upper Midwest,Midwest,49,19,False,False,Big Cat Stadium
401432135,2022,4,regular,2022-09-24 17:00:00,West Liberty,West Virginia Wesleyan,Mountain East,Mountain East,23,21,False,True,West Family Stadium
401432113,2022,4,regular,2022-09-24 17:00:00,Frostburg State,Concord,Mountain East,Mountain East,22,23,False,True,Bobcat Stadium (MD)
401435142,2022,4,regular,2022-09-24 17:00:00,Kean,Merchant Marine,New Jersey,NEWMAC,7,9,False,False,Kean Alumni Stadium
401433151,2022,4,regular,2022-09-24 17:00:00,Bluefield State,Fort Valley State,Independent DII,SIAC,27,44,False,False,Mitchell Stadium
401432093,2022,4,regular,2022-09-24 17:00:00,Charleston (WV),Alderson-Broaddus,Mountain East,Mountain East,62,7,False,True,University of Charleston Stadium
401431110,2022,4,regular,2022-09-24 17:00:00,Alfred,Kalamazoo,Empire 8,Michigan,31,23,False,False,Merrill Field at Yunevich Stadium
401431834,2022,4,regular,2022-09-24 17:00:00,North Greenville,Findlay,Gulf South,Great Midwest Athletic,34,27,False,False,Younts Stadium
401443118,2022,4,regular,2022-09-24 17:00:00,Delaware Valley,Misericordia,Mid Atlantic,Mid Atlantic,41,0,False,True,Robert A. Lipinski Field at James Work Memorial Stadium
401431544,2022,4,regular,2022-09-24 17:00:00,Michigan Tech,Saginaw Valley State,GLIAC,GLIAC,13,35,False,True,Sherman Field
401432882,2022,4,regular,2022-09-24 17:00:00,Southern Virginia,North Carolina Wesleyan,USA South,USA South,13,14,False,True,Knight Stadium
401438616,2022,4,regular,2022-09-24 17:00:00,Rowan,Salve Regina,New Jersey,Commonwealth Coast,24,28,False,False,Richard Wackar Stadium
401439534,2022,4,regular,2022-09-24 17:00:00,Widener,Stevenson,Mid Atlantic,Mid Atlantic,14,30,False,True,Leslie C. Quick Jr. Stadium
401422989,2022,4,regular,2022-09-24 17:00:00,Pennsylvania,Lafayette,Ivy,Patriot,12,0,False,False,Franklin Field
401425090,2022,4,regular,2022-09-24 17:00:00,Valparaiso,San Diego,Pioneer,Pioneer,28,21,False,True,Brown Field
401441930,2022,4,regular,2022-09-24 17:00:00,Dickinson,Susquehanna,Centennial,Centennial,0,45,False,True,Biddle Field
401429863,2022,4,regular,2022-09-24 17:00:00,Shaw,Elizabeth City State,CIAA,CIAA,35,16,False,True,George Williams Athletic Complex
401432385,2022,4,regular,2022-09-24 17:00:00,Saint Anselm,Southern Connecticut State,Northeast 10,Northeast 10,21,14,False,True,Grappone Stadium
401435114,2022,4,regular,2022-09-24 17:00:00,DePauw,Wooster,North Coast,North Coast,59,0,False,True,Blackstock Stadium
401455582,2022,4,regular,2022-09-24 17:00:00,Juniata,Gettysburg,Centennial,Centennial,14,40,False,True,Knox Stadium
401438552,2022,4,regular,2022-09-24 17:00:00,LaGrange,Methodist,USA South,USA South,28,38,False,True,Callaway Stadium
401432129,2022,4,regular,2022-09-24 17:00:00,West Virginia State,Notre Dame College,Mountain East,Mountain East,13,48,False,True,Dickerson Stadium
401431043,2022,4,regular,2022-09-24 17:00:00,Curry,Hilbert,Commonwealth Coast,North Coast,49,9,False,False,Walter M. Katz Field
401441991,2022,4,regular,2022-09-24 17:00:00,Long Island University,Bryant,NEC,Big South,29,31,False,False,Bethpage Federal Credit Union Stadium
401432850,2022,4,regular,2022-09-24 17:00:00,Northwestern (MN),Hope,Upper Midwest,Michigan,7,56,False,False,Reynolds Field
401435123,2022,4,regular,2022-09-24 17:00:00,Trinity (CT),Colby,NESCAC,NESCAC,19,7,False,True,Jessee/Miller Field
401437000,2022,4,regular,2022-09-24 17:00:00,Franklin & Marshall,Ursinus,Centennial,Centennial,7,22,False,True,Shadek Stadium
401430963,2022,4,regular,2022-09-24 17:00:00,Dubuque,Wartburg,American Rivers,American Rivers,0,25,False,True,Chalmers Field
401432583,2022,4,regular,2022-09-24 17:00:00,Kenyon,Ohio Wesleyan,North Coast,North Coast,14,41,False,True,McBride Field
401435066,2022,4,regular,2022-09-24 17:00:00,Union,Utica,Liberty League,Empire 8,24,31,False,False,Frank Bailey Field
401431069,2022,4,regular,2022-09-24 17:00:00,Carthage,Washington St. Louis,CCIW,CCIW,16,45,False,True,Art Keller Field
401439544,2022,4,regular,2022-09-24 17:00:00,WPI,Montclair State,NEWMAC,New Jersey,10,0,False,False,"Alumni Stadium (Worcester, MA)"
401425414,2022,4,regular,2022-09-24 17:00:00,Colgate,Holy Cross,Patriot,Patriot,10,35,False,True,Andy Kerr Stadium
401459908,2022,4,regular,2022-09-24 17:00:00,SUNY Maritime,William Paterson,ECFC,New Jersey,3,14,False,False,Reinhart Field
401433024,2022,4,regular,2022-09-24 17:05:00,East Stroudsburg,Lock Haven,Pennsylvania State Athletic,Pennsylvania State Athletic,48,7,False,True,Eiler-Martin Stadium
401432672,2022,4,regular,2022-09-24 17:30:00,John Carroll,Heidelberg,Ohio,Ohio,24,7,False,True,Don Shula Stadium at Wasmer Field
401432682,2022,4,regular,2022-09-24 17:30:00,Muskingum,Mount Union,Ohio,Ohio,0,59,False,True,Sherman Field at McConagha Stadium
401435182,2022,4,regular,2022-09-24 17:30:00,Capital,Wilmington (OH),Ohio,Ohio,31,34,False,True,Bernlohr Stadium
401441954,2022,4,regular,2022-09-24 18:00:00,Westfield State,Framingham State,MSCAC,MSCAC,11,14,False,True,"Alumni Field (Westfield, MA)"
401431242,2022,4,regular,2022-09-24 18:00:00,Hamline,Carleton,Minnesota,Minnesota,12,45,False,True,Klas Field
401432406,2022,4,regular,2022-09-24 18:00:00,Sioux Falls,Minnesota Duluth,Northern Sun,Northern Sun,34,31,False,True,Bob Young Field
401403998,2022,4,regular,2022-09-24 18:00:00,Colorado,UCLA,Pac-12,Pac-12,17,45,False,True,Folsom Field
401432630,2022,4,regular,2022-09-24 18:00:00,Christopher Newport,Catholic,New Jersey,NEWMAC,38,7,False,False,TowneBank Stadium
401433109,2022,4,regular,2022-09-24 18:00:00,Barton,Mars Hill,South Atlantic,South Atlantic,18,24,False,False,Electric Supply Company Field
401431197,2022,4,regular,2022-09-24 18:00:00,Alma,Martin Luther,Michigan,Upper Midwest,69,0,False,False,Bahlke Field
401430953,2022,4,regular,2022-09-24 18:00:00,Coe,Simpson (IA),American Rivers,American Rivers,48,10,False,True,Clark Field
401430988,2022,4,regular,2022-09-24 18:00:00,Huntingdon,Belhaven,USA South,USA South,34,21,False,False,Charles Lee Field at Samford Stadium
401430999,2022,4,regular,2022-09-24 18:00:00,Howard Payne,East Texas Baptist,American Southwest,American Southwest,33,21,False,True,Gordon Wood Stadium
401431079,2022,4,regular,2022-09-24 18:00:00,North Central College,Elmhurst,CCIW,CCIW,76,6,False,True,Benedetti-Wehrli Stadium
401414781,2022,4,regular,2022-09-24 18:00:00,Temple,Massachusetts,American Athletic,FBS Independents,28,0,False,False,Lincoln Financial Field
401424955,2022,4,regular,2022-09-24 18:00:00,Jackson State,Mississippi Valley State,SWAC,SWAC,49,7,False,True,Mississippi Veterans Memorial Stadium
401418604,2022,4,regular,2022-09-24 18:00:00,Sacred Heart,Dartmouth,NEC,Ivy,38,31,False,False,Campus Field
401415405,2022,4,regular,2022-09-24 18:00:00,Cornell,Yale,Ivy,Ivy,14,38,False,True,Schoellkopf Field
401424428,2022,4,regular,2022-09-24 18:00:00,Richmond,Stony Brook,CAA,CAA,51,7,False,True,E. Claiborne Robins Stadium
401420790,2022,4,regular,2022-09-24 18:00:00,Norfolk State,Saint Francis,MEAC,NEC,26,45,False,False,"William Dick"""" Price Stadium"""""
401420828,2022,4,regular,2022-09-24 18:00:00,South Dakota,North Dakota State,MVFC,MVFC,17,34,False,True,DakotaDome
401423153,2022,4,regular,2022-09-24 18:00:00,Drake,Marist,Pioneer,Pioneer,25,30,False,True,Drake Stadium
401428485,2022,4,regular,2022-09-24 18:00:00,St. Thomas (MN),Lincoln (CA),Pioneer,,43,6,False,False,O'Shaughnessy Stadium
401435075,2022,4,regular,2022-09-24 18:00:00,Delaware State,Merrimack,MEAC,NEC,13,26,False,False,Alumni Stadium
401424937,2022,4,regular,2022-09-24 18:00:00,Bethune-Cookman,Grambling,SWAC,SWAC,36,19,False,True,Municipal Stadium
401416606,2022,4,regular,2022-09-24 18:00:00,Ohio,Fordham,Mid-American,Patriot,59,52,False,False,Peden Stadium
401432333,2022,4,regular,2022-09-24 18:00:00,Tuskegee,Allen,SIAC,SIAC,35,27,False,True,Abbott Memorial Alumni Stadium
401432347,2022,4,regular,2022-09-24 18:00:00,Morehouse,Savannah State,SIAC,SIAC,3,15,False,True,B.T. Harvey Stadium
401437656,2022,4,regular,2022-09-24 18:00:00,Northern Michigan,Post,GLIAC,Independent DII,42,14,False,False,Superior Dome
401432696,2022,4,regular,2022-09-24 18:00:00,Otterbein,Marietta,Ohio,Ohio,10,27,False,True,"Memorial Stadium (Westerville, OH)"
401432148,2022,4,regular,2022-09-24 18:00:00,Fairmont State,UNC Pembroke,Mountain East,Mountain East,25,23,False,True,Duvall-Rosier Field
401432897,2022,4,regular,2022-09-24 18:00:00,Wisconsin Stout,Crown,Wisconsin,Upper Midwest,66,6,False,False,Don and Nona Williams Stadium
401432415,2022,4,regular,2022-09-24 18:00:00,Winona State,Minnesota St Moorhead,Northern Sun,Northern Sun,40,7,False,True,Altra Federal Credit Union Stadium
401432432,2022,4,regular,2022-09-24 18:00:00,Augustana (SD),Northern State,Northern Sun,Northern Sun,21,13,False,True,Kirkeby-Over Stadium
401431520,2022,4,regular,2022-09-24 18:00:00,Quincy,Ashland,Great Lakes,Great Midwest Athletic,14,34,False,False,QU Stadium
401432979,2022,4,regular,2022-09-24 18:00:00,Bloomsburg,Shippensburg,Pennsylvania State Athletic,Pennsylvania State Athletic,17,31,False,True,Robert B. Redman Stadium
401431813,2022,4,regular,2022-09-24 18:00:00,Southwest Baptist,Lake Erie,Great Lakes,Great Midwest Athletic,52,31,False,False,Plaster Sports Complex
401431586,2022,4,regular,2022-09-24 18:00:00,William Jewell,Kentucky Wesleyan,Great Lakes,Great Midwest Athletic,24,17,False,False,Greene Stadium
401431971,2022,4,regular,2022-09-24 18:00:00,Emporia State,Pittsburg State,Mid America,Mid America,13,14,False,True,Francis G. Welch Stadium
401431918,2022,4,regular,2022-09-24 18:00:00,Nebraska Kearney,Central Missouri,Mid America,Mid America,38,6,False,True,Ron & Carol Cope Stadium at Foster Field
401433094,2022,4,regular,2022-09-24 18:00:00,Colorado School of Mines,CSU Pueblo,Rocky Mountain,Rocky Mountain,45,17,False,True,Marv Kay Stadium at Campbell Field
401432352,2022,4,regular,2022-09-24 18:00:00,Central State,Miles,SIAC,SIAC,14,34,False,True,McPherson Memorial Stadium
401432664,2022,4,regular,2022-09-24 18:00:00,Baldwin Wallace,Ohio Northern,Ohio,Ohio,35,31,False,True,George Finnie Stadium
401431218,2022,4,regular,2022-09-24 18:00:00,Augsburg,St. Scholastica,Minnesota,Minnesota,50,13,False,True,Edor Nelson Field
401431248,2022,4,regular,2022-09-24 18:00:00,Bethel (MN),Saint John's (MN),Minnesota,Minnesota,28,24,False,True,Royal Stadium
401431235,2022,4,regular,2022-09-24 18:00:00,Concordia (MN),Gustavus Adolphus,Minnesota,Minnesota,6,23,False,True,Jake Christiansen Stadium
401431096,2022,4,regular,2022-09-24 18:00:00,Millikin,North Park,CCIW,CCIW,23,21,False,True,Frank M. Lindsay Field
401430924,2022,4,regular,2022-09-24 18:00:00,Luther,Buena Vista,American Rivers,American Rivers,49,52,False,True,Legacy Field in Carlson Stadium
401431212,2022,4,regular,2022-09-24 18:00:00,Greenville,Olivet,Upper Midwest,Michigan,7,63,False,False,Francis Field (IL)
401431188,2022,4,regular,2022-09-24 18:00:00,Wisconsin Eau Claire,Albion,Wisconsin,Michigan,20,28,False,False,Carson Park
401431320,2022,4,regular,2022-09-24 18:00:00,Concordia (WI),Concordia Chicago,NACC,NACC,35,7,False,True,Tomasini Stadium
401431312,2022,4,regular,2022-09-24 18:00:00,Rockford,Aurora,NACC,NACC,7,70,False,True,Sam Greeley Field
401432539,2022,4,regular,2022-09-24 18:00:00,Illinois Wesleyan,Carroll (WI),CCIW,Midwest,26,21,False,False,Tucci Stadium
401432625,2022,4,regular,2022-09-24 18:00:00,Wabash,Denison,North Coast,North Coast,42,45,False,True,Little Giant Stadium
401431303,2022,4,regular,2022-09-24 18:00:00,St. Norbert,Lakeland,NACC,NACC,35,12,False,True,Donald J. Schneider Stadium
401432743,2022,4,regular,2022-09-24 18:00:00,Allegheny,Waynesburg,Presidents',Presidents',31,15,False,False,Frank B. Fuhrer Field
401432864,2022,4,regular,2022-09-24 18:00:00,Rhodes,Westminster (MO),Southern Athletic,Upper Midwest,56,6,False,False,Crain Field
401435107,2022,4,regular,2022-09-24 18:00:00,Macalester,St. Olaf,Minnesota,Minnesota,32,38,False,False,Macalester Stadium
401431502,2022,4,regular,2022-09-24 18:00:00,McKendree,Walsh,Great Lakes,Great Midwest Athletic,46,10,False,False,Leemon Field
401431172,2022,4,regular,2022-09-24 18:30:00,Worcester State,UMass Dartmouth,MSCAC,MSCAC,20,41,False,True,John Coughlin Memorial Field
401438609,2022,4,regular,2022-09-24 18:30:00,Hartwick,Nichols,Empire 8,Commonwealth Coast,28,20,False,False,Wright Stadium
401431215,2022,4,regular,2022-09-24 18:30:00,Trine,Centre,Michigan,Southern Athletic,17,0,False,False,Fred Zollner Athletic Stadium
401413259,2022,4,regular,2022-09-24 19:00:00,Northern Colorado,Idaho State,Big Sky,Big Sky,35,14,False,True,Nottingham Field
401431180,2022,4,regular,2022-09-24 19:00:00,Adrian,Finlandia University,Michigan,Upper Midwest,73,13,False,False,Docking Stadium
401433080,2022,4,regular,2022-09-24 19:00:00,Western Colorado,Chadron State,Rocky Mountain,Rocky Mountain,56,28,False,True,Mountaineer Bowl
401431966,2022,4,regular,2022-09-24 19:00:00,Central Oklahoma,Northwest Missouri State,Mid America,Mid America,23,14,False,True,Wantland Stadium
401431528,2022,4,regular,2022-09-24 19:00:00,Truman State,Tiffin,Great Lakes,Great Midwest Athletic,18,17,False,False,Stokes Stadium
401435051,2022,4,regular,2022-09-24 19:00:00,Ferris State,Waldorf,GLIAC,,69,3,False,False,Top Taggart Field
401432751,2022,4,regular,2022-09-24 19:00:00,Thiel,Carnegie Mellon,Presidents',Presidents',6,35,False,True,Alumni Stadium (PA)
401432439,2022,4,regular,2022-09-24 19:00:00,Minnesota State,University of Mary,Northern Sun,Northern Sun,31,28,False,True,Blakeslee Stadium
401431857,2022,4,regular,2022-09-24 19:00:00,West Alabama,West Georgia,Gulf South,Gulf South,7,22,False,True,Tiger Stadium (AL)
401433073,2022,4,regular,2022-09-24 19:00:00,Black Hills State,Colorado Mesa,Rocky Mountain,Rocky Mountain,31,28,False,True,Lyle Hare Stadium
401439515,2022,4,regular,2022-09-24 19:00:00,Lane College,Edward Waters,SIAC,SIAC,20,9,False,True,Lane Field
401422929,2022,4,regular,2022-09-24 19:00:00,Samford,Western Carolina,Southern,Southern,35,12,False,True,Seibert Stadium
401420808,2022,4,regular,2022-09-24 19:00:00,Missouri State,South Dakota State,MVFC,MVFC,14,28,False,True,Plaster Sports Complex
401422999,2022,4,regular,2022-09-24 19:00:00,Princeton,Lehigh,Ivy,Patriot,29,17,False,False,Princeton University Stadium
401420816,2022,4,regular,2022-09-24 19:00:00,Southern Illinois,North Dakota,MVFC,MVFC,34,17,False,True,Saluki Stadium
401425452,2022,4,regular,2022-09-24 19:00:00,Southeast Missouri State,Central Arkansas,OVC,Atlantic Sun,35,27,False,False,Houck Field
401424405,2022,4,regular,2022-09-24 19:30:00,Villanova,Monmouth,CAA,CAA,42,49,False,True,Villanova Stadium
401404082,2022,4,regular,2022-09-24 19:30:00,Texas Tech,Texas,Big 12,Big 12,37,34,False,True,Jones AT&T Stadium
401403901,2022,4,regular,2022-09-24 19:30:00,Tennessee,Florida,SEC,SEC,38,33,False,True,Neyland Stadium
401426565,2022,4,regular,2022-09-24 19:30:00,Western Kentucky,Florida International,Conference USA,Conference USA,73,0,False,True,Houchens Industries-L.T. Smith Stadium
401415224,2022,4,regular,2022-09-24 19:30:00,San Diego State,Toledo,Mountain West,Mid-American,17,14,False,False,Snapdragon Stadium
401424366,2022,4,regular,2022-09-24 19:30:00,William & Mary,Elon,CAA,CAA,31,35,False,True,Zable Stadium
401424429,2022,4,regular,2022-09-24 19:30:00,UAlbany,Central Connecticut,CAA,NEC,45,26,False,False,Bob Ford Field
401404126,2022,4,regular,2022-09-24 19:30:00,North Carolina,Notre Dame,ACC,FBS Independents,32,45,False,False,Kenan Stadium
401405092,2022,4,regular,2022-09-24 19:30:00,Michigan State,Minnesota,Big Ten,Big Ten,7,34,False,True,Spartan Stadium
401405096,2022,4,regular,2022-09-24 19:30:00,Cincinnati,Indiana,American Athletic,Big Ten,45,24,False,False,Nippert Stadium
401415037,2022,4,regular,2022-09-24 19:30:00,App State,James Madison,Sun Belt,Sun Belt,28,32,False,True,Kidd Brewer Stadium
401426568,2022,4,regular,2022-09-24 19:30:00,Miami,Middle Tennessee,ACC,Conference USA,31,45,False,False,Hard Rock Stadium
401426572,2022,4,regular,2022-09-24 19:30:00,UTSA,Texas Southern,Conference USA,SWAC,52,24,False,False,Alamodome
401426569,2022,4,regular,2022-09-24 19:30:00,Memphis,North Texas,American Athletic,Conference USA,44,34,False,False,Simmons Bank Liberty Stadium
401433062,2022,4,regular,2022-09-24 20:00:00,Fort Lewis,Adams State,Rocky Mountain,Rocky Mountain,17,52,False,True,Ray Dennison Memorial Field
401418632,2022,4,regular,2022-09-24 20:00:00,Austin Peay,Eastern Kentucky,Atlantic Sun,Atlantic Sun,31,20,False,True,Governors Stadium
401432395,2022,4,regular,2022-09-24 20:00:00,Upper Iowa,Bemidji State,Northern Sun,Northern Sun,22,48,False,True,Harms-Eischeid Stadium
401415221,2022,4,regular,2022-09-24 20:00:00,Colorado State,Sacramento State,Mountain West,Big Sky,10,41,False,False,Canvas Stadium
401435176,2022,4,regular,2022-09-24 20:00:00,Pacific Lutheran,Cal Lutheran,Northwest,So. Cal.,14,17,False,False,Sparks Stadium
401413247,2022,4,regular,2022-09-24 20:00:00,Northern Arizona,Idaho,Big Sky,Big Sky,10,27,False,True,Walkup Skydome
401420800,2022,4,regular,2022-09-24 20:00:00,North Carolina Central,Virginia Lynchburg,MEAC,,59,14,False,False,O'Kelly-Riddick Stadium
401433103,2022,4,regular,2022-09-24 20:00:00,South Dakota Mines,New Mexico Highlands,Rocky Mountain,Rocky Mountain,41,27,False,True,O'Harra Stadium
401433132,2022,4,regular,2022-09-24 20:00:00,Catawba,Tusculum,South Atlantic,South Atlantic,17,50,False,True,Shuford Stadium
401411122,2022,4,regular,2022-09-24 20:00:00,UCF,Georgia Tech,American Athletic,ACC,27,10,False,False,FBC Mortgage Stadium
401403999,2022,4,regular,2022-09-24 20:00:00,Washington State,Oregon,Pac-12,Pac-12,41,44,False,True,Gesa Field
401426671,2022,4,regular,2022-09-24 20:00:00,Western Illinois,Northern Iowa,MVFC,MVFC,17,52,False,True,Hanson Field
401413217,2022,4,regular,2022-09-24 20:00:00,Nicholls,Jacksonville State,Southland,Atlantic Sun,21,52,False,False,Manning Field at John L. Guidry Stadium
401413237,2022,4,regular,2022-09-24 20:00:00,Eastern Washington,Montana State,Big Sky,Big Sky,35,38,False,True,Roos Field
401424427,2022,4,regular,2022-09-24 20:00:00,Towson,New Hampshire,CAA,CAA,14,37,False,True,Johnny Unitas Stadium
401433399,2022,4,regular,2022-09-24 20:00:00,St. John Fisher,Rensselaer,Empire 8,Liberty League,3,0,False,False,Growney Stadium
401430705,2022,4,regular,2022-09-24 20:00:00,Fayetteville State,Virginia Union,CIAA,CIAA,28,31,False,True,"Luther ""Nick"" Jeralds Stadium"
401430698,2022,4,regular,2022-09-24 20:00:00,Livingstone,Virginia State,CIAA,CIAA,7,37,False,True,Alumni Memorial Stadium (NC)
401413336,2022,4,regular,2022-09-24 20:00:00,Montana,Portland State,Big Sky,Big Sky,53,16,False,True,Washington-Grizzly Stadium
401433008,2022,4,regular,2022-09-24 20:00:00,IU Pennsylvania,Mercyhurst,Pennsylvania State Athletic,Pennsylvania State Athletic,33,16,False,True,George P. Miller Stadium
401403898,2022,4,regular,2022-09-24 20:00:00,Ole Miss,Tulsa,SEC,American Athletic,35,27,False,False,Vaught-Hemingway Stadium
401431613,2022,4,regular,2022-09-24 20:05:00,Western Oregon,UT Permian Basin,Lone Star,Lone Star,24,27,False,False,McArthur Field
401431938,2022,4,regular,2022-09-24 20:30:00,Northeastern State,Lincoln (MO),Mid America,Mid America,38,10,False,True,Gable Field at Doc Wadley Stadium
401462513,2022,4,regular,2022-09-24 20:30:00,Northwestern State,Lamar,Southland,Southland,35,27,False,False,Harry Turpin Stadium
401426255,2022,4,regular,2022-09-24 21:00:00,Murray State,Eastern Illinois,OVC,OVC,21,35,False,True,Roy Stewart Stadium
401444592,2022,4,regular,2022-09-24 21:00:00,Western Connecticut State,Bridgewater State,MSCAC,MSCAC,27,40,False,True,Westside Athletic Complex
401438657,2022,4,regular,2022-09-24 21:00:00,Eureka,Benedictine (IL),NACC,NACC,10,58,False,True,Pete FioRito Stadium at McKinzie Field
401403996,2022,4,regular,2022-09-24 21:30:00,California,Arizona,Pac-12,Pac-12,49,31,False,True,California Memorial Stadium
401423450,2022,4,regular,2022-09-24 22:00:00,Alabama State,Prairie View A&M,SWAC,SWAC,15,25,False,True,Hornet Stadium
401432781,2022,4,regular,2022-09-24 22:00:00,Washington & Jefferson,Bethany (WV),Presidents',Presidents',50,7,False,True,Cameron Stadium
401432701,2022,4,regular,2022-09-24 22:00:00,Wingate,Emory & Henry,South Atlantic,South Atlantic,10,17,False,False,Irwin Belk Stadium
401433117,2022,4,regular,2022-09-24 22:00:00,Lenoir Rhyne,Carson Newman,South Atlantic,South Atlantic,34,13,False,True,Helen and Leonard Moretz Stadium
401433039,2022,4,regular,2022-09-24 22:00:00,Slippery Rock,Seton Hill,Pennsylvania State Athletic,Pennsylvania State Athletic,30,2,False,True,Mihalik-Thompson Stadium
401431868,2022,4,regular,2022-09-24 22:00:00,Newberry,Erskine,South Atlantic,South Atlantic,32,14,False,False,Setzler Field
401431534,2022,4,regular,2022-09-24 22:00:00,Wayne State (MI),Grand Valley State,GLIAC,GLIAC,9,48,False,True,Tom Adams Field
401432966,2022,4,regular,2022-09-24 22:00:00,Southwest Minnesota State,Minot State,Northern Sun,Northern Sun,27,20,False,True,Schwan Regional Event Center
401431980,2022,4,regular,2022-09-24 22:00:00,Chowan,Winston-Salem State,CIAA,CIAA,21,7,False,True,Garrison Stadium
401432342,2022,4,regular,2022-09-24 22:00:00,Benedict,Kentucky State,SIAC,SIAC,40,14,False,True,Charlie W. Johnson Stadium
401432324,2022,4,regular,2022-09-24 22:00:00,Clark Atlanta,Albany State,SIAC,SIAC,0,35,False,True,CAU Panther Stadium
401404160,2022,4,regular,2022-09-24 22:00:00,Liberty,Akron,FBS Independents,Mid-American,21,12,False,False,Williams Stadium (VA)
401416605,2022,4,regular,2022-09-24 22:00:00,Georgia Southern,Ball State,Sun Belt,Mid-American,34,23,False,False,Allen E. Paulson Stadium
401426335,2022,4,regular,2022-09-24 22:00:00,Old Dominion,Arkansas State,Sun Belt,Sun Belt,29,26,False,True,S.B. Ballard Stadium
401424426,2022,4,regular,2022-09-24 22:00:00,Delaware,Hampton,CAA,CAA,35,3,False,True,Delaware Stadium
401415624,2022,4,regular,2022-09-24 22:00:00,East Carolina,Navy,American Athletic,American Athletic,20,23,False,True,Dowdy-Ficklen Stadium
401422923,2022,4,regular,2022-09-24 22:00:00,Gardner-Webb,Mercer,Big South,Southern,14,45,False,False,Ernest W. Spangler Stadium
401413205,2022,4,regular,2022-09-24 22:00:00,Kennesaw State,Wofford,Atlantic Sun,Southern,24,22,False,False,Fifth Third Stadium
401423440,2022,4,regular,2022-09-24 22:00:00,Florida A&M,Alabama A&M,SWAC,SWAC,38,25,False,True,Bragg Memorial Stadium
401426570,2022,4,regular,2022-09-24 22:00:00,Houston,Rice,American Athletic,Conference USA,34,27,False,False,TDECU Stadium
401420864,2022,4,regular,2022-09-24 23:00:00,Stephen F. Austin,Warner,Western Athletic,,98,0,False,True,Homer Bryce Stadium
401403896,2022,4,regular,2022-09-24 23:00:00,Kentucky,Northern Illinois,SEC,Mid-American,31,23,False,False,Kroger Field
401418793,2022,4,regular,2022-09-24 23:00:00,Texas State,Houston Christian,Sun Belt,Southland,34,0,False,False,Bobcat Stadium (TX)
401431825,2022,4,regular,2022-09-24 23:00:00,West Florida,Delta State,Gulf South,Gulf South,42,45,True,True,Blue Wahoos Stadium
401431009,2022,4,regular,2022-09-24 23:00:00,Texas Lutheran,Sul Ross State,American Southwest,American Southwest,14,28,False,True,Bulldog Stadium (TX)
401431017,2022,4,regular,2022-09-24 23:00:00,Southwestern U,McMurry,American Southwest,American Southwest,38,33,False,True,Birkelbach Field
401432520,2022,4,regular,2022-09-24 23:00:00,Hardin Simmons,Mary Hardin Baylor,American Southwest,American Southwest,20,50,False,True,Shelton Stadium
401438621,2022,4,regular,2022-09-24 23:00:00,Birmingham-Southern,Point University,Southern Athletic,,34,14,False,False,General Charles C. Krulak Stadium
401431103,2022,4,regular,2022-09-24 23:00:00,Augustana (IL),Wheaton (IL),CCIW,CCIW,28,38,False,True,Charles D. Lindberg Stadium
401426393,2022,4,regular,2022-09-24 23:00:00,Troy,Marshall,Sun Belt,Sun Belt,16,7,False,True,Veterans Memorial Stadium (AL)
401444110,2022,4,regular,2022-09-24 23:00:00,East Central,Northwestern (OK),Great American,Great American,31,3,False,True,Koi Ishto Stadium
401432773,2022,4,regular,2022-09-24 23:00:00,Grove City,Saint Vincent,Presidents',Presidents',42,7,False,True,Robert E. Thorn Field
401420848,2022,4,regular,2022-09-24 23:00:00,SE Louisiana,Incarnate Word,Southland,Southland,41,35,False,False,Strawberry Stadium
401405091,2022,4,regular,2022-09-24 23:00:00,Rutgers,Iowa,Big Ten,Big Ten,10,27,False,True,SHI Stadium
401431889,2022,4,regular,2022-09-24 23:00:00,Angelo State,West Texas,Lone Star,Lone Star,34,14,False,True,LeGrand Stadium at 1st Community Credit Union Field
401432760,2022,4,regular,2022-09-24 23:00:00,Geneva,Case Western Reserve,Presidents',Presidents',7,34,False,True,Reeves Field (PA)
401432424,2022,4,regular,2022-09-24 23:00:00,Wayne State (NE),Concordia St. Paul,Northern Sun,Northern Sun,48,21,False,True,"Memorial Stadium (Wayne, NE)"
401431451,2022,4,regular,2022-09-24 23:00:00,Ouachita Baptist,Harding,Great American,Great American,21,13,False,True,Cliff Harris Stadium
401415222,2022,4,regular,2022-09-24 23:00:00,Utah State,UNLV,Mountain West,Mountain West,24,34,False,True,Maverik Stadium
401431459,2022,4,regular,2022-09-24 23:00:00,Southern Arkansas,Henderson State,Great American,Great American,28,24,False,True,Wilkins Stadium
401430731,2022,4,regular,2022-09-24 23:00:00,Arkansas Monticello,Arkansas Tech,Great American,Great American,35,14,False,True,Convoy Leslie Cotton Boll Stadium
401431975,2022,4,regular,2022-09-24 23:00:00,Missouri Western,Washburn,Mid America,Mid America,31,38,False,True,Craig Field at Spratt Memorial Stadium
401433125,2022,4,regular,2022-09-24 23:00:00,Limestone,UVA Wise,South Atlantic,South Atlantic,27,13,False,True,The Reservation
401420842,2022,4,regular,2022-09-24 23:00:00,UT Martin,Lindenwood,OVC,OVC,56,26,False,True,Graham Stadium
401431900,2022,4,regular,2022-09-24 23:00:00,East Texas A&M,North American,Southland,,63,3,False,False,Memorial Stadium (Commerce TX)
401418779,2022,4,regular,2022-09-24 23:00:00,North Alabama,Tarleton State,Atlantic Sun,Western Athletic,28,43,False,False,Braly Municipal Stadium
401428475,2022,4,regular,2022-09-24 23:00:00,North Carolina A&T,South Carolina State,Big South,MEAC,41,27,False,False,Aggie Stadium
401424930,2022,4,regular,2022-09-24 23:00:00,Alcorn State,Arkansas-Pine Bluff,SWAC,SWAC,38,21,False,True,Jack Spinks Stadium
401426567,2022,4,regular,2022-09-24 23:00:00,South Alabama,Louisiana Tech,Sun Belt,Conference USA,38,14,False,False,Hancock Whitney Stadium
401415040,2022,4,regular,2022-09-24 23:00:00,Tulane,Southern Miss,American Athletic,Sun Belt,24,27,False,False,Yulman Stadium
401403893,2022,4,regular,2022-09-24 23:00:00,Texas A&M,Arkansas,SEC,SEC,23,21,True,True,AT&T Stadium
401423146,2022,4,regular,2022-09-24 23:00:00,Presbyterian,Davidson,Pioneer,Pioneer,24,56,False,True,Bailey Memorial Stadium
401431467,2022,4,regular,2022-09-24 23:00:00,Oklahoma Baptist,Southwestern Oklahoma State,Great American,Great American,31,38,False,True,Crain Family Stadium
401431511,2022,4,regular,2022-09-24 23:00:00,Missouri S&T,Hillsdale,Great Lakes,Great Midwest Athletic,10,17,False,False,Allgood-Bailey Stadium
401431474,2022,4,regular,2022-09-24 23:00:00,Southeastern Oklahoma State,Southern Nazarene,Great American,Great American,34,45,False,True,Paul Laird Field
401426566,2022,4,regular,2022-09-24 23:30:00,Purdue,Florida Atlantic,Big Ten,Conference USA,28,26,False,False,Ross-Ade Stadium
401403892,2022,4,regular,2022-09-24 23:30:00,Alabama,Vanderbilt,SEC,SEC,55,3,False,True,Bryant-Denny Stadium
401405093,2022,4,regular,2022-09-24 23:30:00,Northwestern,Miami (OH),Big Ten,Mid-American,14,17,False,False,Ryan Field
401404150,2022,4,regular,2022-09-24 23:30:00,NC State,UConn,ACC,FBS Independents,41,10,False,False,Carter-Finley Stadium
401405095,2022,4,regular,2022-09-24 23:30:00,Ohio State,Wisconsin,Big Ten,Big Ten,52,21,False,True,Ohio Stadium
401426564,2022,4,regular,2022-09-24 23:30:00,South Carolina,Charlotte,SEC,Conference USA,56,20,False,False,Williams-Brice Stadium
401403897,2022,4,regular,2022-09-24 23:30:00,LSU,New Mexico,SEC,Mountain West,38,0,False,False,Tiger Stadium (LA)
401418784,2022,4,regular,2022-09-25 00:00:00,Abilene Christian,Western New Mexico,Western Athletic,Lone Star,34,7,False,False,Wildcat Stadium (TX)
401426336,2022,4,regular,2022-09-25 00:00:00,UL Monroe,Louisiana,Sun Belt,Sun Belt,21,17,False,True,Malone Stadium
401431602,2022,4,regular,2022-09-25 00:00:00,Midwestern State,Simon Fraser,Lone Star,Lone Star,77,0,False,False,"Memorial Stadium (Wichita Falls, TX)"
401418803,2022,4,regular,2022-09-25 00:00:00,McNeese,Mississippi College,Southland,Gulf South,32,17,False,False,Cowboy Stadium
401411118,2022,4,regular,2022-09-25 00:00:00,Florida State,Boston College,ACC,ACC,44,14,False,True,Doak Campbell Stadium
401404081,2022,4,regular,2022-09-25 00:00:00,Oklahoma,Kansas State,Big 12,Big 12,34,41,False,True,"Memorial Stadium (Norman, OK)"
401431903,2022,4,regular,2022-09-25 00:00:00,Texas A&M-Kingsville,Eastern New Mexico,Lone Star,Lone Star,43,10,False,True,Javelina Stadium
401431929,2022,4,regular,2022-09-25 00:00:00,Fort Hays,Missouri Southern State,Mid America,Mid America,24,25,False,True,Lewis Field Stadium
401420858,2022,4,regular,2022-09-25 00:00:00,Southern Utah,Utah Tech,Western Athletic,Western Athletic,31,17,False,True,Eccles Coliseum
401409237,2022,4,regular,2022-09-25 00:00:00,New Mexico State,Hawai'i,FBS Independents,Mountain West,45,26,False,False,Aggie Memorial Stadium
401404000,2022,4,regular,2022-09-25 01:30:00,Oregon State,USC,Pac-12,Pac-12,14,17,False,True,Reser Stadium
401415184,2022,4,regular,2022-09-25 02:00:00,UC Davis,Weber State,Big Sky,Big Sky,12,17,False,True,Aggie Stadium
401432824,2022,4,regular,2022-09-25 02:00:00,Redlands,Claremont Mudd Scripps,So. Cal.,So. Cal.,21,25,False,True,Ted Runner Stadium
401439555,2022,4,regular,2022-09-25 02:00:00,Whittier,Pomona Pitzer,So. Cal.,So. Cal.,0,59,False,True,"Memorial Stadium (Whittier, CA)"
401461254,2022,4,regular,2022-09-25 02:00:00,Chapman,La Verne,So. Cal.,So. Cal.,56,13,False,True,Ernie Chapman Stadium
401415223,2022,4,regular,2022-09-25 02:15:00,BYU,Wyoming,FBS Independents,Mountain West,38,24,False,False,LaVell Edwards Stadium
401403997,2022,4,regular,2022-09-25 02:30:00,Arizona State,Utah,Pac-12,Pac-12,13,34,False,True,Mountain America Stadium
401415225,2022,4,regular,2022-09-25 02:30:00,San José State,Western Michigan,Mountain West,Mid-American,34,6,False,False,CEFCU Stadium
401404001,2022,4,regular,2022-09-25 02:30:00,Washington,Stanford,Pac-12,Pac-12,40,22,False,True,Husky Stadium
401430710,2022,5,regular,2022-09-29 23:00:00,Fayetteville State,Chowan,CIAA,CIAA,13,10,False,True,"Luther ""Nick"" Jeralds Stadium"
401403908,2022,5,regular,2022-09-29 23:00:00,South Carolina,South Carolina State,SEC,MEAC,50,10,False,False,Williams-Brice Stadium
401415226,2022,5,regular,2022-09-30 00:00:00,BYU,Utah State,FBS Independents,Mountain West,38,26,False,False,LaVell Edwards Stadium
401431173,2022,5,regular,2022-09-30 23:00:00,UMass Dartmouth,Western Connecticut State,MSCAC,MSCAC,48,21,False,True,Cressy Field
401415625,2022,5,regular,2022-09-30 23:00:00,Houston,Tulane,American Athletic,American Athletic,24,27,False,True,TDECU Stadium
401426576,2022,5,regular,2022-09-30 23:30:00,Middle Tennessee,UTSA,Conference USA,Conference USA,30,45,False,True,"Johnny ""Red"" Floyd Stadium"
401415228,2022,5,regular,2022-10-01 00:00:00,Boise State,San Diego State,Mountain West,Mountain West,35,13,False,True,Albertsons Stadium
401404007,2022,5,regular,2022-10-01 02:30:00,UCLA,Washington,Pac-12,Pac-12,40,32,False,True,Rose Bowl
401418605,2022,5,regular,2022-10-01 03:00:00,Dartmouth,Pennsylvania,Ivy,Ivy,17,23,False,True,Memorial Field
401415229,2022,5,regular,2022-10-01 03:00:00,UNLV,New Mexico,Mountain West,Mountain West,31,20,False,True,Allegiant Stadium
401432883,2022,5,regular,2022-10-01 16:00:00,North Carolina Wesleyan,LaGrange,USA South,USA South,37,22,False,True,Bishop Stadium
401405101,2022,5,regular,2022-10-01 16:00:00,Minnesota,Purdue,Big Ten,Big Ten,10,20,False,True,Huntington Bank Stadium
401404137,2022,5,regular,2022-10-01 16:00:00,Army,Georgia State,FBS Independents,Sun Belt,14,31,False,False,Michie Stadium
401415628,2022,5,regular,2022-10-01 16:00:00,Memphis,Temple,American Athletic,American Athletic,24,3,False,True,Simmons Bank Liberty Stadium
401415227,2022,5,regular,2022-10-01 16:00:00,Air Force,Navy,Mountain West,American Athletic,13,10,False,False,Falcon Stadium
401405099,2022,5,regular,2022-10-01 16:00:00,Wisconsin,Illinois,Big Ten,Big Ten,10,34,False,True,Camp Randall Stadium
401423427,2022,5,regular,2022-10-01 16:00:00,Saint Francis,Central Connecticut,NEC,NEC,39,13,False,True,DeGol Field
401411124,2022,5,regular,2022-10-01 16:00:00,Boston College,Louisville,ACC,ACC,34,33,False,True,"Alumni Stadium (Chestnut Hill, MA)"
401426253,2022,5,regular,2022-10-01 16:00:00,Yale,Howard,Ivy,MEAC,34,26,False,False,Yale Bowl
401442044,2022,5,regular,2022-10-01 16:00:00,Stonehill,Duquesne,NEC,NEC,24,20,False,True,W.B. Mason Stadium
401423000,2022,5,regular,2022-10-01 16:00:00,Lehigh,Monmouth,Patriot,CAA,7,35,False,False,Goodman Stadium
401428486,2022,5,regular,2022-10-01 16:00:00,Marist,St. Thomas (MN),Pioneer,Pioneer,24,38,False,True,Leonidoff Field
401420801,2022,5,regular,2022-10-01 16:00:00,Campbell,North Carolina Central,Big South,MEAC,48,18,False,False,Barker-Lane Stadium
401420780,2022,5,regular,2022-10-01 16:00:00,Morgan State,Virginia Lynchburg,MEAC,,44,10,False,False,Hughes Stadium
401438610,2022,5,regular,2022-10-01 16:00:00,Nichols,Western New England,Commonwealth Coast,Commonwealth Coast,14,47,False,True,Vendetti Field
401432532,2022,5,regular,2022-10-01 16:00:00,Moravian,Juniata,Centennial,Centennial,51,7,False,True,Rocco Calvo Field
401444121,2022,5,regular,2022-10-01 16:00:00,Wilkes,Albright,Mid Atlantic,Mid Atlantic,27,0,False,True,Schmidt Stadium
401431163,2022,5,regular,2022-10-01 16:00:00,Mass Maritime,Westfield State,MSCAC,MSCAC,20,9,False,True,Clean Harbors Stadium
401439535,2022,5,regular,2022-10-01 16:00:00,Stevenson,Delaware Valley,Mid Atlantic,Mid Atlantic,7,26,False,True,Mustang Stadium
401432545,2022,5,regular,2022-10-01 16:00:00,Keystone,Gallaudet,ECFC,ECFC,44,52,False,True,Athletic Field Complex
401431054,2022,5,regular,2022-10-01 16:00:00,Endicott,Husson,Commonwealth Coast,Commonwealth Coast,20,0,False,True,Hempstead Stadium
401444114,2022,5,regular,2022-10-01 16:00:00,Southern Connecticut State,Assumption,Northeast 10,Northeast 10,14,28,False,True,Jess Dow Field
401404086,2022,5,regular,2022-10-01 16:00:00,TCU,Oklahoma,Big 12,Big 12,55,24,False,True,Amon G. Carter Stadium
401433040,2022,5,regular,2022-10-01 16:00:00,Gannon,Seton Hill,Pennsylvania State Athletic,Pennsylvania State Athletic,21,10,False,True,McConnell Family Stadium
401431545,2022,5,regular,2022-10-01 16:00:00,Davenport,Michigan Tech,GLIAC,GLIAC,52,38,False,True,Farmers Insurance Athletic Complex
401455635,2022,5,regular,2022-10-01 16:00:00,Pace,Post,Northeast 10,Independent DII,45,6,False,False,Pace Stadium
401450147,2022,5,regular,2022-10-01 16:00:00,Framingham State,Plymouth State,MSCAC,MSCAC,9,14,False,True,Bowditch Field
401432154,2022,5,regular,2022-10-01 16:00:00,West Virginia Wesleyan,Wheeling,Mountain East,Mountain East,0,37,False,True,Cebe Ross Field
401432103,2022,5,regular,2022-10-01 16:00:00,Notre Dame College,Charleston (WV),Mountain East,Mountain East,49,24,False,True,Mueller Field
401431985,2022,5,regular,2022-10-01 16:00:00,Findlay,Ferris State,Great Midwest Athletic,GLIAC,7,38,False,False,Donnell Stadium
401404085,2022,5,regular,2022-10-01 16:00:00,Kansas State,Texas Tech,Big 12,Big 12,37,28,False,True,Bill Snyder Family Stadium
401435134,2022,5,regular,2022-10-01 16:00:00,MIT,Catholic,NEWMAC,NEWMAC,7,42,False,True,Henry G. Steinbrenner '27 Stadium
401405100,2022,5,regular,2022-10-01 16:00:00,Iowa,Michigan,Big Ten,Big Ten,14,27,False,True,Kinnick Stadium
401403905,2022,5,regular,2022-10-01 16:00:00,Ole Miss,Kentucky,SEC,SEC,22,19,False,True,Vaught-Hemingway Stadium
401455587,2022,5,regular,2022-10-01 17:00:00,Kean,William Paterson,New Jersey,New Jersey,15,22,False,True,Kean Alumni Stadium
401430971,2022,5,regular,2022-10-01 17:00:00,Simpson (IA),Luther,American Rivers,American Rivers,23,33,False,True,Bill Buxton Stadium
401430978,2022,5,regular,2022-10-01 17:00:00,Nebraska Wesleyan,Central College,American Rivers,American Rivers,0,58,True,True,Abel Stadium
401430983,2022,5,regular,2022-10-01 17:00:00,Wartburg,Loras,American Rivers,American Rivers,42,3,False,True,Walston-Hoover Stadium
401431033,2022,5,regular,2022-10-01 17:00:00,Franklin & Marshall,Johns Hopkins,Centennial,Centennial,26,43,False,True,Shadek Stadium
401428481,2022,5,regular,2022-10-01 17:00:00,Fordham,Georgetown,Patriot,Patriot,59,38,False,True,Jack Coffey Field
401430989,2022,5,regular,2022-10-01 17:00:00,Methodist,Belhaven,USA South,USA South,27,34,False,False,Monarch Stadium
401441943,2022,5,regular,2022-10-01 17:00:00,SUNY Cortland,SUNY Morrisville,Empire 8,Empire 8,28,7,False,True,Stadium Red Field
401439529,2022,5,regular,2022-10-01 17:00:00,Union,Buffalo State,Liberty League,Liberty League,45,0,False,True,Frank Bailey Field
401441256,2022,5,regular,2022-10-01 17:00:00,Hamilton,Wesleyan (CT),NESCAC,NESCAC,14,49,False,True,Steuben Field
401441264,2022,5,regular,2022-10-01 17:00:00,Salisbury,Montclair State,New Jersey,New Jersey,30,7,False,True,Sea Gull Stadium
401443113,2022,5,regular,2022-10-01 17:00:00,Muhlenberg,Gettysburg,Centennial,Centennial,56,17,False,True,Scotty Wood Stadium
401431198,2022,5,regular,2022-10-01 17:00:00,Trine,Alma,Michigan,Michigan,21,40,False,True,Fred Zollner Athletic Stadium
401431189,2022,5,regular,2022-10-01 17:00:00,Kalamazoo,Albion,Michigan,Michigan,6,48,False,True,Angell Field
401432626,2022,5,regular,2022-10-01 17:00:00,Wittenberg,Wabash,North Coast,North Coast,35,42,False,True,Edwards-Maurer Field
401431044,2022,5,regular,2022-10-01 17:00:00,New England,Curry,Commonwealth Coast,Commonwealth Coast,37,21,False,True,Blue Storm Stadium
401435056,2022,5,regular,2022-10-01 17:00:00,Carson Newman,Newberry,South Atlantic,South Atlantic,24,14,False,True,Burke-Tarr Stadium
401429864,2022,5,regular,2022-10-01 17:00:00,Johnson C. Smith,Elizabeth City State,CIAA,CIAA,49,14,False,True,Irwin Belk Complex
401432618,2022,5,regular,2022-10-01 17:00:00,Wooster,Ohio Wesleyan,North Coast,North Coast,7,35,False,True,John P. Papp Stadium
401432407,2022,5,regular,2022-10-01 17:00:00,Minnesota Duluth,Minnesota St Moorhead,Northern Sun,Northern Sun,36,28,False,True,James S. Malosky Stadium
401432702,2022,5,regular,2022-10-01 17:00:00,Emory & Henry,Catawba,South Atlantic,South Atlantic,38,23,False,False,Fred Selfe Stadium at Nicewonder Field
401432425,2022,5,regular,2022-10-01 17:00:00,Concordia St. Paul,Minnesota State,Northern Sun,Northern Sun,15,25,False,True,Sea Foam Stadium
401435124,2022,5,regular,2022-10-01 17:00:00,Amherst,Trinity (CT),NESCAC,NESCAC,3,20,False,True,Pratt Field at Lehrman Stadium
401433126,2022,5,regular,2022-10-01 17:00:00,Mars Hill,Limestone,South Atlantic,South Atlantic,14,17,False,True,Meares Stadium
401445799,2022,5,regular,2022-10-01 17:00:00,Ohio Dominican,Walsh,Great Midwest Athletic,Great Midwest Athletic,21,0,False,True,Panther Stadium (OH)
401432121,2022,5,regular,2022-10-01 17:00:00,UNC Pembroke,Frostburg State,Mountain East,Mountain East,10,9,False,True,Grace P. Johnson Stadium
401432377,2022,5,regular,2022-10-01 17:00:00,Franklin Pierce,Bentley,Northeast 10,Northeast 10,0,41,True,True,Sodexo Field
401445124,2022,5,regular,2022-10-01 17:00:00,McDaniel,Dickinson,Centennial,Centennial,21,13,False,True,Kenneth R. Gill Stadium
401433045,2022,5,regular,2022-10-01 17:00:00,Shippensburg,Shepherd,Pennsylvania State Athletic,Pennsylvania State Athletic,13,30,False,True,Seth Grove Stadium
401432114,2022,5,regular,2022-10-01 17:00:00,Concord,Fairmont State,Mountain East,Mountain East,9,10,False,True,Callaghan Stadium
401432812,2022,5,regular,2022-10-01 17:00:00,Hendrix,Trinity (TX),Southern Athletic,Southern Athletic,7,28,False,True,Young-Wise Memorial Stadium
401433025,2022,5,regular,2022-10-01 17:00:00,Lock Haven,Millersville,Pennsylvania State Athletic,Pennsylvania State Athletic,12,42,False,True,Hubert Jack Stadium
401430706,2022,5,regular,2022-10-01 17:00:00,Virginia Union,St. Augustine's,CIAA,CIAA,69,0,False,True,Hovey Field
401432136,2022,5,regular,2022-10-01 17:00:00,Glenville State,West Liberty,Mountain East,Mountain East,35,14,False,True,I.L. & Sue Morris Stadium
401420791,2022,5,regular,2022-10-01 17:00:00,Sacred Heart,Norfolk State,NEC,MEAC,31,14,False,False,Campus Field
401415406,2022,5,regular,2022-10-01 17:00:00,Colgate,Cornell,Patriot,Ivy,31,34,False,False,Andy Kerr Stadium
401433152,2022,5,regular,2022-10-01 17:00:00,Bluefield State,Apprentice School,Independent DII,Independent DIII,22,19,False,False,Mitchell Stadium
401435076,2022,5,regular,2022-10-01 17:00:00,Merrimack,Long Island University,NEC,NEC,24,23,False,True,Duane Stadium
401423154,2022,5,regular,2022-10-01 17:00:00,Dayton,Drake,Pioneer,Pioneer,27,14,False,True,Welcome Stadium
401424431,2022,5,regular,2022-10-01 17:00:00,Maine,Villanova,CAA,CAA,20,45,False,True,Alfond Stadium
401423159,2022,5,regular,2022-10-01 17:00:00,Morehead State,Presbyterian,Pioneer,Pioneer,14,10,False,True,Jayne Stadium
401420809,2022,5,regular,2022-10-01 17:00:00,North Dakota,Missouri State,MVFC,MVFC,48,31,False,True,Alerus Center
401418597,2022,5,regular,2022-10-01 17:00:00,Harvard,Holy Cross,Ivy,Patriot,21,30,False,False,Harvard Stadium
401415198,2022,5,regular,2022-10-01 17:00:00,Columbia,Princeton,Ivy,Ivy,6,24,False,True,Lawrence A. Wien Stadium
401423138,2022,5,regular,2022-10-01 17:00:00,Davidson,Butler,Pioneer,Pioneer,31,0,False,True,Richardson Stadium
401438664,2022,5,regular,2022-10-01 17:00:00,Randolph Macon,Guilford,Old Dominion,Old Dominion,48,19,False,True,Day Field
401438629,2022,5,regular,2022-10-01 17:00:00,Norwich,Coast Guard,NEWMAC,NEWMAC,31,23,False,True,Sabine Field at Haynes Family Stadium
401435197,2022,5,regular,2022-10-01 17:00:00,Maryville (TN),Huntingdon,USA South,USA South,28,42,False,True,Lloyd L. Thornton Stadium
401433400,2022,5,regular,2022-10-01 17:00:00,Rochester (NY),Rensselaer,Liberty League,Liberty League,3,31,False,True,Edwin Fauver Stadium
401435067,2022,5,regular,2022-10-01 17:00:00,Utica,Hartwick,Empire 8,Empire 8,57,7,False,True,Charles A. Gaetano Stadium
401432711,2022,5,regular,2022-10-01 17:00:00,Shenandoah,Ferrum,Old Dominion,Old Dominion,20,0,False,True,Shentel Stadium
401432865,2022,5,regular,2022-10-01 17:00:00,Westminster (MO),Minnesota Morris,Upper Midwest,Upper Midwest,8,28,False,True,Blue Jay Stadium
401432845,2022,5,regular,2022-10-01 17:00:00,Greenville,Martin Luther,Upper Midwest,Upper Midwest,30,27,False,True,Francis Field (IL)
401432851,2022,5,regular,2022-10-01 17:00:00,Finlandia University,Northwestern (MN),Upper Midwest,Upper Midwest,0,30,True,True,McAfee Field
401432575,2022,5,regular,2022-10-01 17:00:00,Oberlin,Hiram,North Coast,North Coast,7,34,False,True,Austin E. Knowlton Athletics Complex
401432631,2022,5,regular,2022-10-01 17:00:00,Christopher Newport,Rowan,New Jersey,New Jersey,20,14,False,True,TowneBank Stadium
401431258,2022,5,regular,2022-10-01 17:00:00,Grinnell,Beloit,Midwest,Midwest,28,20,False,True,Rosenbloom Field
401445215,2022,5,regular,2022-10-01 17:00:00,Bowdoin,Middlebury,NESCAC,NESCAC,10,20,False,True,Whittier Field
401431277,2022,5,regular,2022-10-01 17:00:00,Illinois College,Ripon,Midwest,Midwest,21,23,False,True,England Stadium
401432553,2022,5,regular,2022-10-01 17:00:00,Hobart,Ithaca,Liberty League,Liberty League,7,31,False,True,Boswell Field at David J. Urick Stadium
401431153,2022,5,regular,2022-10-01 17:00:00,Lycoming,King's,Mid Atlantic,Mid Atlantic,23,28,False,True,David Person Field
401430925,2022,5,regular,2022-10-01 17:00:00,Buena Vista,Dubuque,American Rivers,American Rivers,16,46,False,True,J. Leslie Rollins Stadium
401438636,2022,5,regular,2022-10-01 17:00:00,Misericordia,FDU Florham,Mid Atlantic,Mid Atlantic,14,28,False,True,Mangelsdorf Field
401433016,2022,5,regular,2022-10-01 17:05:00,East Stroudsburg,Kutztown,Pennsylvania State Athletic,Pennsylvania State Athletic,20,24,False,True,Eiler-Martin Stadium
401455585,2022,5,regular,2022-10-01 17:30:00,Williams,Tufts,NESCAC,NESCAC,28,35,False,True,Farley-Lamb Field
401430689,2022,5,regular,2022-10-01 17:30:00,Winston-Salem State,Lincoln (PA),CIAA,CIAA,0,0,False,True,Bowman Gray Stadium
401431130,2022,5,regular,2022-10-01 17:30:00,Defiance College,Hanover,Heartland,Heartland,20,37,False,True,Justin F. Coressel Stadium
401426338,2022,5,regular,2022-10-01 17:30:00,James Madison,Texas State,Sun Belt,Sun Belt,40,13,False,True,Bridgeforth Stadium
401432673,2022,5,regular,2022-10-01 17:30:00,Wilmington (OH),John Carroll,Ohio,Ohio,0,59,False,True,Wiliams Stadium (OH)
401432683,2022,5,regular,2022-10-01 17:30:00,Ohio Northern,Mount Union,Ohio,Ohio,0,45,False,True,Dial-Roberson Stadium
401441931,2022,5,regular,2022-10-01 17:30:00,Susquehanna,Ursinus,Centennial,Centennial,17,12,False,True,Amos Alonzo Stagg Field (PA)
401413206,2022,5,regular,2022-10-01 17:30:00,Wofford,Mercer,Southern,Southern,7,42,False,True,Gibbs Stadium
401438643,2022,5,regular,2022-10-01 17:30:00,Alvernia,Lebanon Valley,Mid Atlantic,Mid Atlantic,6,32,False,True,Turf Field
401431120,2022,5,regular,2022-10-01 17:30:00,Bluffton,Franklin,Heartland,Heartland,27,37,False,True,Alumni Field (OH)
401437203,2022,5,regular,2022-10-01 17:30:00,Anna Maria College,Alfred State,ECFC,ECFC,25,30,False,True,Caparso Field
401438675,2022,5,regular,2022-10-01 17:30:00,Heidelberg,Muskingum,Ohio,Ohio,42,21,False,True,Hoernemann Stadium
401431146,2022,5,regular,2022-10-01 17:30:00,Anderson (IN),Rose Hulman,Heartland,Heartland,7,45,False,True,Macholtz Stadium
401432639,2022,5,regular,2022-10-01 17:30:00,George Fox,Pacific Lutheran,Northwest,Northwest,12,13,False,True,Stoffer Family Stadium
401431138,2022,5,regular,2022-10-01 17:30:00,Manchester,Mount St Joseph,Heartland,Heartland,20,55,False,True,Carl W. Burt Memorial Stadium
401431313,2022,5,regular,2022-10-01 18:00:00,Aurora,Wisconsin Lutheran,NACC,NACC,62,17,False,True,Vago Field
401431243,2022,5,regular,2022-10-01 18:00:00,St. Scholastica,Hamline,Minnesota,Minnesota,43,42,False,True,Public Schools Stadium
401431321,2022,5,regular,2022-10-01 18:00:00,Concordia Chicago,Eureka,NACC,NACC,13,27,False,True,Concordia Stadium
401432804,2022,5,regular,2022-10-01 18:00:00,Rhodes,Centre,Southern Athletic,Southern Athletic,7,21,False,True,Crain Field
401432874,2022,5,regular,2022-10-01 18:00:00,Brevard,Greensboro,USA South,USA South,31,13,False,True,Brevard Memorial Stadium
401432889,2022,5,regular,2022-10-01 18:00:00,Wisconsin La Crosse,Wisconsin Whitewater,Wisconsin,Wisconsin,31,34,False,True,Veterans Memorial Stadium (WI)
401435061,2022,5,regular,2022-10-01 18:00:00,Illinois Wesleyan,Millikin,CCIW,CCIW,38,24,False,True,Tucci Stadium
401420824,2022,5,regular,2022-10-01 18:00:00,North Dakota State,Youngstown State,MVFC,MVFC,27,14,False,True,Fargodome
401435204,2022,5,regular,2022-10-01 18:00:00,Wisconsin Oshkosh,Wisconsin Platteville,Wisconsin,Wisconsin,46,7,False,True,J.J. Keller Field at Titan Stadium
401431295,2022,5,regular,2022-10-01 18:00:00,Knox,Chicago,Midwest,Midwest,14,50,False,True,Harley Knosher Bowl
401435099,2022,5,regular,2022-10-01 18:00:00,Carleton,Macalester,Minnesota,Minnesota,56,27,False,False,Laird Stadium
401439511,2022,5,regular,2022-10-01 18:00:00,Mercyhurst,Edinboro,Pennsylvania State Athletic,Pennsylvania State Athletic,13,16,False,True,Saxon Stadium
401431249,2022,5,regular,2022-10-01 18:00:00,Gustavus Adolphus,Bethel (MN),Minnesota,Minnesota,27,30,False,True,Hollingsworth Field
401429854,2022,5,regular,2022-10-01 18:00:00,Bowie State,Livingstone,CIAA,CIAA,53,7,False,True,Bulldogs Stadium
401431282,2022,5,regular,2022-10-01 18:00:00,Cornell (IA),Lake Forest,Midwest,Midwest,10,41,False,True,Van Metre Field at Ash Park
401432974,2022,5,regular,2022-10-01 18:00:00,Winona State,Wayne State (NE),Northern Sun,Northern Sun,38,14,False,True,Altra Federal Credit Union Stadium
401433009,2022,5,regular,2022-10-01 18:00:00,IU Pennsylvania,Slippery Rock,Pennsylvania State Athletic,Pennsylvania State Athletic,20,12,False,True,George P. Miller Stadium
401431919,2022,5,regular,2022-10-01 18:00:00,Central Missouri,Northeastern State,Mid America,Mid America,35,13,False,True,Audrey J. Walton Stadium at Vernon Kennedy Field
401421159,2022,5,regular,2022-10-01 18:00:00,Furman,Samford,Southern,Southern,27,34,False,True,Paladin Stadium
401413218,2022,5,regular,2022-10-01 18:00:00,Jacksonville State,Kennesaw State,Atlantic Sun,Atlantic Sun,35,28,False,True,AmFirst Stadium
401431097,2022,5,regular,2022-10-01 18:00:00,North Park,Washington St. Louis,CCIW,CCIW,21,56,False,True,Holmgren Athletic Complex
401432720,2022,5,regular,2022-10-01 18:00:00,Bridgewater,Hampden Sydney,Old Dominion,Old Dominion,27,17,False,True,Jopson Athletic Complex
401425422,2022,5,regular,2022-10-01 18:00:00,Tennessee State,Lane College,OVC,SIAC,27,28,True,False,Hale Stadium
401432325,2022,5,regular,2022-10-01 18:00:00,Albany State,Miles,SIAC,SIAC,20,3,False,True,Albany State University Coliseum
401420843,2022,5,regular,2022-10-01 18:00:00,Lindenwood,Southeast Missouri State,OVC,OVC,28,49,False,True,Hunter Stadium
401431000,2022,5,regular,2022-10-01 18:00:00,Sul Ross State,Howard Payne,American Southwest,American Southwest,42,56,False,True,Jackson Field
401414782,2022,5,regular,2022-10-01 18:00:00,Eastern Michigan,Massachusetts,Mid-American,FBS Independents,20,13,False,False,Rynearson Stadium
401432396,2022,5,regular,2022-10-01 18:00:00,Minot State,Bemidji State,Northern Sun,Northern Sun,14,59,False,True,Herb Parker Stadium
401404006,2022,5,regular,2022-10-01 18:00:00,Utah,Oregon State,Pac-12,Pac-12,42,16,False,True,Rice-Eccles Stadium
401432761,2022,5,regular,2022-10-01 18:00:00,Grove City,Case Western Reserve,Presidents',Presidents',14,13,False,True,Robert E. Thorn Field
401431219,2022,5,regular,2022-10-01 18:00:00,St. Olaf,Augsburg,Minnesota,Minnesota,41,36,False,True,Klein Field at Manitou
401432697,2022,5,regular,2022-10-01 18:00:00,Otterbein,Capital,Ohio,Ohio,35,28,False,True,"Memorial Stadium (Westerville, OH)"
401432819,2022,5,regular,2022-10-01 18:00:00,Sewanee,Millsaps,Southern Athletic,Southern Athletic,27,30,False,True,Hardee-McGee Field
401432782,2022,5,regular,2022-10-01 18:00:00,Washington & Jefferson,Allegheny,Presidents',Presidents',66,14,False,False,Cameron Stadium
401432563,2022,5,regular,2022-10-01 18:00:00,Rockford,Concordia (WI),NACC,NACC,21,42,False,True,Sam Greeley Field
401424395,2022,5,regular,2022-10-01 18:00:00,Elon,Richmond,CAA,CAA,30,27,False,True,Rhodes Stadium
401435209,2022,5,regular,2022-10-01 18:00:00,Wisconsin River Falls,Wisconsin Stevens Point,Wisconsin,Wisconsin,56,3,False,True,David Smith Stadium at Ramer Field
401431070,2022,5,regular,2022-10-01 18:00:00,Elmhurst,Carthage,CCIW,CCIW,21,57,False,True,Langhorst Field
401431869,2022,5,regular,2022-10-01 18:00:00,Erskine,Wingate,South Atlantic,South Atlantic,7,31,False,False,J.W. Babb Stadium
401432343,2022,5,regular,2022-10-01 18:00:00,Fort Valley State,Benedict,SIAC,SIAC,13,45,False,True,Wildcat Stadium (GA)
401432991,2022,5,regular,2022-10-01 18:00:00,Clarion,California (PA),Pennsylvania State Athletic,Pennsylvania State Athletic,14,59,False,True,"Memorial Stadium (Clarion, PA)"
401431503,2022,5,regular,2022-10-01 18:00:00,William Jewell,McKendree,Great Lakes,Great Lakes,34,45,False,False,Greene Stadium
401432950,2022,5,regular,2022-10-01 18:00:00,Augustana (SD),Sioux Falls,Northern Sun,Northern Sun,24,31,False,True,Kirkeby-Over Stadium
401416608,2022,5,regular,2022-10-01 18:00:00,Ball State,Northern Illinois,Mid-American,Mid-American,44,38,False,True,Scheumann Stadium
401431236,2022,5,regular,2022-10-01 18:00:00,Saint John's (MN),Concordia (MN),Minnesota,Minnesota,35,28,False,True,Clemens Stadium
401431967,2022,5,regular,2022-10-01 18:30:00,Northwest Missouri State,Missouri Western,Mid America,Mid America,16,3,False,True,Bearcat Stadium
401435143,2022,5,regular,2022-10-01 18:30:00,WPI,Merchant Marine,NEWMAC,NEWMAC,14,41,False,True,"Alumni Stadium (Worcester, MA)"
401415626,2022,5,regular,2022-10-01 18:30:00,South Florida,East Carolina,American Athletic,American Athletic,28,48,True,True,FAU Stadium
401432526,2022,5,regular,2022-10-01 19:00:00,Mary Hardin Baylor,Austin,American Southwest,American Southwest,38,7,False,True,Crusader Stadium
401431939,2022,5,regular,2022-10-01 19:00:00,Lincoln (MO),Central Oklahoma,Mid America,Mid America,3,45,False,True,Dwight T. Reed Stadium
401430732,2022,5,regular,2022-10-01 19:00:00,Arkansas Tech,Southern Nazarene,Great American,Great American,48,35,False,True,Thone Stadium at Buerkle Field
401431452,2022,5,regular,2022-10-01 19:00:00,Harding,Oklahoma Baptist,Great American,Great American,38,23,False,True,First Security Stadium
401431948,2022,5,regular,2022-10-01 19:00:00,Pittsburg State,Missouri Southern State,Mid America,Mid America,38,9,False,True,Carnie Smith Stadium
401433081,2022,5,regular,2022-10-01 19:00:00,Chadron State,Colorado School of Mines,Rocky Mountain,Rocky Mountain,9,45,False,True,Elliott Field at Don Beebe Stadium
401430742,2022,5,regular,2022-10-01 19:00:00,Southwestern Oklahoma State,Arkansas Monticello,Great American,Great American,37,27,False,True,Milam Stadium
401431844,2022,5,regular,2022-10-01 19:00:00,West Alabama,Shorter,Gulf South,Gulf South,37,14,False,True,Tiger Stadium (AL)
401444111,2022,5,regular,2022-10-01 19:00:00,Northwestern (OK),Ouachita Baptist,Great American,Great American,7,48,False,True,Ranger Field
401428478,2022,5,regular,2022-10-01 19:00:00,UT Martin,Tennessee Tech,OVC,OVC,45,28,False,True,Graham Stadium
401413260,2022,5,regular,2022-10-01 19:00:00,Idaho State,Montana,Big Sky,Big Sky,20,28,False,True,Holt Arena
401421130,2022,5,regular,2022-10-01 19:00:00,East Tennessee State,Chattanooga,Southern,Southern,16,24,False,True,William B. Greene Jr. Stadium
401431304,2022,5,regular,2022-10-01 19:00:00,Benedictine (IL),St. Norbert,NACC,NACC,12,26,False,True,Village of Lisle-Benedictine University Sports Complex
401431460,2022,5,regular,2022-10-01 19:00:00,Henderson State,Southeastern Oklahoma State,Great American,Great American,31,23,False,True,Ruggles Field at Carpenter-Haygood Stadium
401432540,2022,5,regular,2022-10-01 19:00:00,Carroll (WI),Augustana (IL),Midwest,CCIW,44,41,False,False,Schneider Stadium
401431268,2022,5,regular,2022-10-01 19:00:00,Monmouth (IL),Lawrence,Midwest,Midwest,62,6,False,True,April Zorn Memorial Stadium
401431181,2022,5,regular,2022-10-01 19:00:00,Hope,Adrian,Michigan,Michigan,10,22,False,True,Ray and Sue Smith Stadium
401432386,2022,5,regular,2022-10-01 19:00:00,Saint Anselm,New Haven,Northeast 10,Northeast 10,10,21,False,True,Grappone Stadium
401432433,2022,5,regular,2022-10-01 19:00:00,University of Mary,Northern State,Northern Sun,Northern Sun,27,26,False,True,MDU Resources Community Bowl
401432736,2022,5,regular,2022-10-01 19:00:00,Washington and Lee,Averett,Old Dominion,Old Dominion,31,0,False,False,Wilson Field
401423441,2022,5,regular,2022-10-01 19:00:00,Alabama A&M,Bethune-Cookman,SWAC,SWAC,35,27,False,True,Louis Crews Stadium
401420833,2022,5,regular,2022-10-01 19:00:00,South Dakota State,Western Illinois,MVFC,MVFC,34,10,False,True,Dana J. Dykhouse Stadium
401433118,2022,5,regular,2022-10-01 19:00:00,UVA Wise,Lenoir Rhyne,South Atlantic,South Atlantic,10,42,False,True,Carl Smith Stadium
401403902,2022,5,regular,2022-10-01 19:30:00,Arkansas,Alabama,SEC,SEC,26,49,False,True,Razorback Stadium
401404151,2022,5,regular,2022-10-01 19:30:00,UConn,Fresno State,FBS Independents,Mountain West,19,14,False,False,Pratt & Whitney Stadium
401411128,2022,5,regular,2022-10-01 19:30:00,North Carolina,Virginia Tech,ACC,ACC,41,10,False,True,Kenan Stadium
401405103,2022,5,regular,2022-10-01 19:30:00,Maryland,Michigan State,Big Ten,Big Ten,27,13,False,True,SECU Stadium
401421140,2022,5,regular,2022-10-01 19:30:00,App State,The Citadel,Sun Belt,Southern,49,0,False,False,Kidd Brewer Stadium
401405104,2022,5,regular,2022-10-01 19:30:00,Ohio State,Rutgers,Big Ten,Big Ten,49,10,False,True,Ohio Stadium
401416610,2022,5,regular,2022-10-01 19:30:00,Buffalo,Miami (OH),Mid-American,Mid-American,24,20,False,True,UB Stadium
401431481,2022,5,regular,2022-10-01 19:30:00,Southern Arkansas,East Central,Great American,Great American,22,34,False,True,Wilkins Stadium
401416609,2022,5,regular,2022-10-01 19:30:00,Akron,Bowling Green,Mid-American,Mid-American,28,31,False,True,InfoCision Stadium
401404083,2022,5,regular,2022-10-01 19:30:00,Baylor,Oklahoma State,Big 12,Big 12,25,36,False,True,McLane Stadium
401416611,2022,5,regular,2022-10-01 19:30:00,Kent State,Ohio,Mid-American,Mid-American,31,24,False,True,Dix Stadium
401422979,2022,5,regular,2022-10-01 19:30:00,Bucknell,Lafayette,Patriot,Patriot,14,24,False,True,Christy Mathewson-Memorial Stadium
401422973,2022,5,regular,2022-10-01 19:30:00,Western Carolina,VMI,Southern,Southern,38,17,False,True,E. J. Whitmire Stadium
401411127,2022,5,regular,2022-10-01 19:30:00,Florida State,Wake Forest,ACC,ACC,21,31,False,True,Doak Campbell Stadium
401416607,2022,5,regular,2022-10-01 19:30:00,Toledo,Central Michigan,Mid-American,Mid-American,38,17,False,True,Glass Bowl
401404084,2022,5,regular,2022-10-01 19:30:00,Kansas,Iowa State,Big 12,Big 12,14,11,False,True,Memorial Stadium
401424367,2022,5,regular,2022-10-01 19:30:00,Stony Brook,William & Mary,CAA,CAA,10,27,False,True,Kenneth P. LaValle Stadium
401424430,2022,5,regular,2022-10-01 19:30:00,Delaware,Towson,CAA,CAA,24,10,False,True,Delaware Stadium
401405105,2022,5,regular,2022-10-01 19:30:00,Penn State,Northwestern,Big Ten,Big Ten,17,7,False,True,Beaver Stadium
401426339,2022,5,regular,2022-10-01 19:30:00,Marshall,Gardner-Webb,Sun Belt,Big South,28,7,False,False,Joan C. Edwards Stadium
401420870,2022,5,regular,2022-10-01 19:30:00,Sam Houston,Stephen F. Austin,Western Athletic,Western Athletic,17,16,True,True,NRG Stadium
401462216,2022,5,regular,2022-10-01 20:00:00,Lamar,Houston Christian,Southland,Southland,34,37,False,False,Provost Umphrey Stadium
401438652,2022,5,regular,2022-10-01 20:00:00,Bridgewater State,Fitchburg State,MSCAC,MSCAC,82,0,False,True,Edward C. Swenson Athletic Complex
401421096,2022,5,regular,2022-10-01 20:00:00,San Diego,Stetson,Pioneer,Pioneer,0,0,False,True,Torero Stadium
401431823,2022,5,regular,2022-10-01 20:00:00,Tiffin,Lake Erie,Great Midwest Athletic,Great Midwest Athletic,52,27,False,True,Frost-Kalnow Stadium
401403906,2022,5,regular,2022-10-01 20:00:00,Mississippi State,Texas A&M,SEC,SEC,42,24,False,True,Davis Wade Stadium
401426575,2022,5,regular,2022-10-01 20:00:00,North Texas,Florida Atlantic,Conference USA,Conference USA,45,28,False,True,DATCU Stadium
401433100,2022,5,regular,2022-10-01 20:00:00,CSU Pueblo,Fort Lewis,Rocky Mountain,Rocky Mountain,75,3,False,True,Neta and Eddie DeRose ThunderBowl
401435171,2022,5,regular,2022-10-01 20:00:00,Pacific (OR),Willamette,Northwest,Northwest,35,0,False,True,Hanson Stadium
401432657,2022,5,regular,2022-10-01 20:00:00,Lewis & Clark,Whitworth,Northwest,Northwest,28,66,False,True,Griswold Stadium
401432825,2022,5,regular,2022-10-01 20:00:00,La Verne,Claremont Mudd Scripps,So. Cal.,So. Cal.,13,41,False,True,Ortmayer Stadium
401432364,2022,5,regular,2022-10-01 20:00:00,Clark Atlanta,Tuskegee,SIAC,SIAC,43,45,False,True,CAU Panther Stadium
401431614,2022,5,regular,2022-10-01 20:05:00,Western Oregon,Angelo State,Lone Star,Lone Star,7,30,False,False,McArthur Field
401432648,2022,5,regular,2022-10-01 20:30:00,Linfield,Puget Sound,Northwest,Northwest,72,2,False,True,Maxwell Field
401443325,2022,5,regular,2022-10-01 20:30:00,Bethany (WV),Thiel,Presidents',Presidents',26,27,False,True,Bison Stadium
401462218,2022,5,regular,2022-10-01 20:30:00,Northwestern State,Nicholls,Southland,Southland,36,33,False,True,Harry Turpin Stadium
401460498,2022,5,regular,2022-10-01 21:00:00,Vermont State Castleton,Dean,ECFC,ECFC,39,0,False,True,Dave Wolk Stadium
401432521,2022,5,regular,2022-10-01 21:00:00,McMurry,Hardin Simmons,American Southwest,American Southwest,13,45,False,True,Wilford Moore Stadium
401411130,2022,5,regular,2022-10-01 21:00:00,Syracuse,Wagner,ACC,NEC,59,0,False,False,JMA Wireless Dome
401418633,2022,5,regular,2022-10-01 21:00:00,Central Arkansas,Austin Peay,Atlantic Sun,Atlantic Sun,49,20,False,True,Estes Stadium
401432665,2022,5,regular,2022-10-01 21:00:00,Marietta,Baldwin Wallace,Ohio,Ohio,29,33,False,True,Don Drumm Stadium
401426341,2022,5,regular,2022-10-01 21:00:00,Louisiana,South Alabama,Sun Belt,Sun Belt,17,20,False,True,Cajun Field
401418838,2022,5,regular,2022-10-01 21:00:00,Northern Iowa,Indiana State,MVFC,MVFC,20,14,False,True,UNI-Dome
401415172,2022,5,regular,2022-10-01 21:00:00,Portland State,Northern Arizona,Big Sky,Big Sky,35,27,False,True,Hillsboro Stadium
401431835,2022,5,regular,2022-10-01 21:00:00,West Florida,North Greenville,Gulf South,Gulf South,34,31,True,True,Blue Wahoos Stadium
401431976,2022,5,regular,2022-10-01 21:00:00,Washburn,Emporia State,Mid America,Mid America,35,42,False,True,Yager Stadium at Moore Bowl
401404004,2022,5,regular,2022-10-01 21:30:00,Washington State,California,Pac-12,Pac-12,28,9,False,True,Gesa Field
401418638,2022,5,regular,2022-10-01 22:00:00,Eastern Kentucky,Southern Utah,Atlantic Sun,Western Athletic,35,28,False,False,Roy Kidd Stadium
401431492,2022,5,regular,2022-10-01 22:00:00,Indianapolis,Southwest Baptist,Great Lakes,Great Lakes,44,17,False,True,Key Stadium
401416612,2022,5,regular,2022-10-01 22:00:00,Western Michigan,New Hampshire,Mid-American,CAA,44,7,False,False,Waldo Stadium
401439520,2022,5,regular,2022-10-01 22:00:00,Brockport,St. John Fisher,Empire 8,Empire 8,25,0,False,True,Bob Boozer Field
401432967,2022,5,regular,2022-10-01 22:00:00,Southwest Minnesota State,Upper Iowa,Northern Sun,Northern Sun,47,7,False,True,Schwan Regional Event Center
401426573,2022,5,regular,2022-10-01 22:00:00,Charlotte,UTEP,Conference USA,Conference USA,35,41,False,True,Jerry Richardson Stadium
401415188,2022,5,regular,2022-10-01 22:00:00,Rhode Island,Brown,CAA,Ivy,38,10,False,False,Meade Stadium
401428383,2022,5,regular,2022-10-01 22:00:00,Delaware State,Robert Morris,MEAC,Big South,14,9,False,False,Alumni Stadium
401433110,2022,5,regular,2022-10-01 22:00:00,Barton,Tusculum,South Atlantic,South Atlantic,13,14,False,False,Electric Supply Company Field
401404161,2022,5,regular,2022-10-01 22:00:00,Old Dominion,Liberty,Sun Belt,FBS Independents,24,38,False,False,S.B. Ballard Stadium
401432094,2022,5,regular,2022-10-01 22:00:00,Alderson-Broaddus,West Virginia State,Mountain East,Mountain East,3,30,False,True,Multi-Sport Performance Stadium
401432334,2022,5,regular,2022-10-01 22:00:00,Allen,Central State,SIAC,SIAC,32,35,False,True,W.C. Hawkins Stadium
401430673,2022,5,regular,2022-10-01 22:00:00,Virginia State,Shaw,CIAA,CIAA,28,24,False,True,Rogers Stadium (VA)
401431865,2022,5,regular,2022-10-01 22:00:00,West Georgia,Mississippi College,Gulf South,Gulf South,38,39,False,True,University Stadium (GA)
401431568,2022,5,regular,2022-10-01 22:00:00,Wayne State (MI),Northern Michigan,GLIAC,GLIAC,30,37,False,True,Tom Adams Field
401424949,2022,5,regular,2022-10-01 22:00:00,Florida A&M,Mississippi Valley State,SWAC,SWAC,34,7,False,True,Bragg Memorial Stadium
401432980,2022,5,regular,2022-10-01 22:00:00,Bloomsburg,West Chester,Pennsylvania State Athletic,Pennsylvania State Athletic,21,16,False,True,Robert B. Redman Stadium
401462217,2022,5,regular,2022-10-01 23:00:00,Incarnate Word,McNeese,Southland,Southland,48,20,False,True,Gayle and Tom Benson Stadium
401415627,2022,5,regular,2022-10-01 23:00:00,Tulsa,Cincinnati,American Athletic,American Athletic,21,31,False,True,Chapman Stadium
401432796,2022,5,regular,2022-10-01 23:00:00,Birmingham-Southern,Berry,Southern Athletic,Southern Athletic,24,10,False,True,General Charles C. Krulak Stadium
401431018,2022,5,regular,2022-10-01 23:00:00,East Texas Baptist,Southwestern U,American Southwest,American Southwest,27,17,False,True,Ornelas Stadium
401432752,2022,5,regular,2022-10-01 23:00:00,Carnegie Mellon,Westminster (PA),Presidents',Presidents',0,0,False,True,Gesling Stadium
401426578,2022,5,regular,2022-10-01 23:00:00,Western Kentucky,Troy,Conference USA,Sun Belt,27,34,False,False,Houchens Industries-L.T. Smith Stadium
401431535,2022,5,regular,2022-10-01 23:00:00,Grand Valley State,Saginaw Valley State,GLIAC,GLIAC,29,10,False,True,Lubbers Stadium
401435349,2022,5,regular,2022-10-01 23:00:00,Denison,DePauw,North Coast,North Coast,13,17,False,True,Deeds Field-Piper Stadium
401431087,2022,5,regular,2022-10-01 23:00:00,North Central College,Wheaton (IL),CCIW,CCIW,33,0,False,True,Benedetti-Wehrli Stadium
401403903,2022,5,regular,2022-10-01 23:00:00,Auburn,LSU,SEC,SEC,17,21,False,True,Jordan-Hare Stadium
401421123,2022,5,regular,2022-10-01 23:00:00,SE Louisiana,Murray State,Southland,OVC,48,14,False,False,Strawberry Stadium
401425419,2022,5,regular,2022-10-01 23:00:00,Grambling,Prairie View A&M,SWAC,SWAC,14,34,True,True,Cotton Bowl
401426337,2022,5,regular,2022-10-01 23:00:00,Coastal Carolina,Georgia Southern,Sun Belt,Sun Belt,34,30,False,True,Brooks Stadium (SC)
401435487,2022,5,regular,2022-10-01 23:00:00,North Carolina A&T,Bryant,Big South,Big South,24,13,False,True,Aggie Stadium
401431581,2022,5,regular,2022-10-01 23:00:00,Kentucky Wesleyan,Hillsdale,Great Midwest Athletic,Great Midwest Athletic,31,27,False,True,Steele Stadium
401426340,2022,5,regular,2022-10-01 23:00:00,Arkansas State,UL Monroe,Sun Belt,Sun Belt,45,28,False,True,Centennial Bank Stadium
401431826,2022,5,regular,2022-10-01 23:00:00,Delta State,Valdosta State,Gulf South,Gulf South,70,31,False,True,Parker Field at McCool Stadium
401431554,2022,5,regular,2022-10-01 23:00:00,Ashland,Northwood,Great Midwest Athletic,Great Midwest Athletic,56,17,False,False,Jack Miller Stadium
401423451,2022,5,regular,2022-10-01 23:00:00,Texas Southern,Alabama State,SWAC,SWAC,13,16,False,True,BBVA Compass Stadium
401445803,2022,5,regular,2022-10-01 23:00:00,Colby,Bates,NESCAC,NESCAC,38,17,False,True,Seaverns Field At Harold Alfond Stadium
401432898,2022,5,regular,2022-10-01 23:00:00,Wisconsin Stout,Wisconsin Eau Claire,Wisconsin,Wisconsin,73,29,False,True,Don and Nona Williams Stadium
401423926,2022,5,regular,2022-10-01 23:00:00,Southern,Arkansas-Pine Bluff,SWAC,SWAC,59,3,False,True,Ace W. Mumford Stadium
401418830,2022,5,regular,2022-10-01 23:30:00,Illinois State,Southern Illinois,MVFC,MVFC,14,19,False,True,Hancock Stadium
401411126,2022,5,regular,2022-10-01 23:30:00,Duke,Virginia,ACC,ACC,38,17,False,True,Wallace Wade Stadium
401405102,2022,5,regular,2022-10-01 23:30:00,Nebraska,Indiana,Big Ten,Big Ten,35,21,False,True,"Memorial Stadium (Lincoln, NE)"
401411125,2022,5,regular,2022-10-01 23:30:00,Clemson,NC State,ACC,ACC,30,20,False,True,"Memorial Stadium (Clemson, SC)"
401426577,2022,5,regular,2022-10-01 23:30:00,Rice,UAB,Conference USA,Conference USA,28,24,False,True,Rice Stadium
401415230,2022,5,regular,2022-10-01 23:30:00,Wyoming,San José State,Mountain West,Mountain West,16,33,False,True,War Memorial Stadium
401404087,2022,5,regular,2022-10-01 23:30:00,Texas,West Virginia,Big 12,Big 12,38,20,False,True,DKR-Texas Memorial Stadium
401403907,2022,5,regular,2022-10-01 23:30:00,Missouri,Georgia,SEC,SEC,22,26,False,True,Memorial Stadium
401431594,2022,5,regular,2022-10-02 00:00:00,Eastern New Mexico,Central Washington,Lone Star,Lone Star,17,45,False,False,Al Whitehead Field at Greyhound Stadium
401426574,2022,5,regular,2022-10-02 00:00:00,New Mexico State,Florida International,FBS Independents,Conference USA,7,21,False,False,Aggie Memorial Stadium
401431908,2022,5,regular,2022-10-02 00:00:00,West Texas,UT Permian Basin,Lone Star,Lone Star,28,27,False,True,Buffalo Stadium
401431896,2022,5,regular,2022-10-02 00:00:00,Western New Mexico,Midwestern State,Lone Star,Lone Star,30,27,False,True,Ben Altamirano Field
401433089,2022,5,regular,2022-10-02 00:00:00,Colorado Mesa,Western Colorado,Rocky Mountain,Rocky Mountain,34,42,False,True,Ralph Stocker Stadium
401431930,2022,5,regular,2022-10-02 00:00:00,Nebraska Kearney,Fort Hays,Mid America,Mid America,38,20,False,True,Ron & Carol Cope Stadium at Foster Field
401433074,2022,5,regular,2022-10-02 00:00:00,South Dakota Mines,Black Hills State,Rocky Mountain,Rocky Mountain,17,24,False,True,O'Harra Stadium
401431512,2022,5,regular,2022-10-02 00:00:00,Missouri S&T,Quincy,Great Lakes,Great Lakes,31,24,False,True,Allgood-Bailey Stadium
401431023,2022,5,regular,2022-10-02 00:00:00,North American,Texas Lutheran,,American Southwest,17,45,True,False,
401413227,2022,5,regular,2022-10-02 00:00:00,Cal Poly,Sacramento State,Big Sky,Big Sky,21,49,False,True,Alex G. Spanos Stadium
401411129,2022,5,regular,2022-10-02 00:00:00,Pittsburgh,Georgia Tech,ACC,ACC,21,26,False,True,Acrisure Stadium
401433063,2022,5,regular,2022-10-02 01:00:00,Adams State,New Mexico Highlands,Rocky Mountain,Rocky Mountain,21,23,False,True,Rex Stadium
401413248,2022,5,regular,2022-10-02 01:00:00,Idaho,Northern Colorado,Big Sky,Big Sky,55,35,False,True,Kibbie Dome
401418785,2022,5,regular,2022-10-02 01:00:00,Utah Tech,Abilene Christian,Western Athletic,Western Athletic,10,26,False,True,Greater Zion Stadium
401431603,2022,5,regular,2022-10-02 01:00:00,Simon Fraser,Texas A&M-Kingsville,Lone Star,Lone Star,7,35,True,False,Blaine High School
401404002,2022,5,regular,2022-10-02 01:30:00,Arizona,Colorado,Pac-12,Pac-12,43,20,False,True,Arizona Stadium
401439550,2022,5,regular,2022-10-02 02:00:00,Whittier,Cal Lutheran,So. Cal.,So. Cal.,0,45,False,True,"Memorial Stadium (Whittier, CA)"
401461978,2022,5,regular,2022-10-02 02:00:00,Chapman,Pomona Pitzer,So. Cal.,So. Cal.,17,31,False,True,Ernie Chapman Stadium
401413342,2022,5,regular,2022-10-02 02:15:00,Montana State,UC Davis,Big Sky,Big Sky,41,24,False,True,Bobcat Stadium
401404003,2022,5,regular,2022-10-02 02:30:00,USC,Arizona State,Pac-12,Pac-12,42,25,False,True,Los Angeles Memorial Coliseum
401404005,2022,5,regular,2022-10-02 03:00:00,Oregon,Stanford,Pac-12,Pac-12,45,27,False,True,Autzen Stadium
401403904,2022,5,regular,2022-10-02 16:00:00,Florida,Eastern Washington,SEC,Big Sky,52,17,False,False,Ben Hill Griffin Stadium
401432348,2022,5,regular,2022-10-02 18:00:00,Edward Waters,Morehouse,SIAC,SIAC,49,20,False,True,Earl Kitchings Stadium
401441333,2022,5,regular,2022-10-02 19:00:00,Savannah State,Kentucky State,SIAC,SIAC,13,28,False,True,Ted Wright Stadium
401415629,2022,6,regular,2022-10-05 23:00:00,UCF,SMU,American Athletic,American Athletic,41,19,False,True,FBC Mortgage Stadium
401431164,2022,6,regular,2022-10-06 23:00:00,Mass Maritime,UMass Dartmouth,MSCAC,MSCAC,14,28,False,True,Clean Harbors Stadium
401432095,2022,6,regular,2022-10-06 23:00:00,Alderson-Broaddus,Fairmont State,Mountain East,Mountain East,7,51,False,True,Multi-Sport Performance Stadium
401431962,2022,6,regular,2022-10-07 00:00:00,Central Oklahoma,Northeastern State,Mid America,Mid America,55,6,False,True,Wantland Stadium
401415407,2022,6,regular,2022-10-07 23:00:00,Cornell,Harvard,Ivy,Ivy,28,35,False,True,Schoellkopf Field
401405111,2022,6,regular,2022-10-07 23:00:00,Rutgers,Nebraska,Big Ten,Big Ten,13,14,False,True,SHI Stadium
401415630,2022,6,regular,2022-10-07 23:30:00,Memphis,Houston,American Athletic,American Athletic,32,33,False,True,Simmons Bank Liberty Stadium
401415233,2022,6,regular,2022-10-08 02:30:00,Nevada,Colorado State,Mountain West,Mountain West,14,17,False,True,Mackay Stadium
401415236,2022,6,regular,2022-10-08 02:30:00,San José State,UNLV,Mountain West,Mountain West,40,7,False,True,CEFCU Stadium
401432115,2022,6,regular,2022-10-08 16:00:00,West Liberty,Concord,Mountain East,Mountain East,28,45,False,True,West Family Stadium
401432546,2022,6,regular,2022-10-08 16:00:00,Gallaudet,Vermont State Castleton,ECFC,ECFC,20,17,False,True,Hotchkiss Field
401404090,2022,6,regular,2022-10-08 16:00:00,Oklahoma,Texas,Big 12,Big 12,0,49,True,True,Cotton Bowl
401439536,2022,6,regular,2022-10-08 16:00:00,King's,Stevenson,Mid Atlantic,Mid Atlantic,20,7,False,True,McCarthy Stadium (Wilkes Barre)
401431190,2022,6,regular,2022-10-08 16:00:00,Albion,Hope,Michigan,Michigan,30,10,False,True,Sprankle-Sprandel Stadium
401438611,2022,6,regular,2022-10-08 16:00:00,Endicott,Nichols,Commonwealth Coast,Commonwealth Coast,52,7,False,True,Hempstead Stadium
401432992,2022,6,regular,2022-10-08 16:00:00,California (PA),IU Pennsylvania,Pennsylvania State Athletic,Pennsylvania State Athletic,21,22,False,True,Adamson Stadium
401405109,2022,6,regular,2022-10-08 16:00:00,Maryland,Purdue,Big Ten,Big Ten,29,31,False,True,SECU Stadium
401445800,2022,6,regular,2022-10-08 16:00:00,Lake Erie,Ohio Dominican,Great Midwest Athletic,Great Midwest Athletic,7,38,False,True,Jack Britt Memorial Stadium
401403914,2022,6,regular,2022-10-08 16:00:00,Mississippi State,Arkansas,SEC,SEC,40,17,False,True,Davis Wade Stadium
401403913,2022,6,regular,2022-10-08 16:00:00,LSU,Tennessee,SEC,SEC,13,40,False,True,Tiger Stadium (LA)
401403910,2022,6,regular,2022-10-08 16:00:00,Florida,Missouri,SEC,SEC,24,17,False,True,Ben Hill Griffin Stadium
401433033,2022,6,regular,2022-10-08 16:00:00,Millersville,East Stroudsburg,Pennsylvania State Athletic,Pennsylvania State Athletic,20,14,False,True,Chryst Field at Biemesderfer Stadium
401431154,2022,6,regular,2022-10-08 16:00:00,Delaware Valley,Lycoming,Mid Atlantic,Mid Atlantic,21,0,False,True,Robert A. Lipinski Field at James Work Memorial Stadium
401432387,2022,6,regular,2022-10-08 16:00:00,Bentley,Saint Anselm,Northeast 10,Northeast 10,38,7,False,True,Bentley University Football Stadium
401432104,2022,6,regular,2022-10-08 16:00:00,Charleston (WV),Glenville State,Mountain East,Mountain East,41,34,False,True,University of Charleston Stadium
401439559,2022,6,regular,2022-10-08 16:00:00,Greensboro,Southern Virginia,USA South,USA South,38,28,False,True,Jamieson Stadium
401431573,2022,6,regular,2022-10-08 16:00:00,Walsh,Ashland,Great Midwest Athletic,Great Midwest Athletic,0,35,False,True,Tom Benson Hall of Fame Stadium
401435144,2022,6,regular,2022-10-08 16:00:00,Merchant Marine,Norwich,NEWMAC,NEWMAC,19,7,False,True,Brooks Stadium (NY)
401432149,2022,6,regular,2022-10-08 16:00:00,Wheeling,UNC Pembroke,Mountain East,Mountain East,16,17,False,True,Bishop Schmitt Field
401438637,2022,6,regular,2022-10-08 16:00:00,FDU Florham,Widener,Mid Atlantic,Mid Atlantic,30,17,False,True,Robert T. Shields Field
401444593,2022,6,regular,2022-10-08 16:00:00,Bridgewater State,Worcester State,MSCAC,MSCAC,45,0,False,True,Edward C. Swenson Athletic Complex
401421105,2022,6,regular,2022-10-08 16:00:00,Presbyterian,Valparaiso,Pioneer,Pioneer,21,41,False,True,Bailey Memorial Stadium
401444122,2022,6,regular,2022-10-08 16:00:00,Alvernia,Wilkes,Mid Atlantic,Mid Atlantic,14,35,False,True,Turf Field
401411136,2022,6,regular,2022-10-08 16:00:00,Virginia,Louisville,ACC,ACC,17,34,False,True,Scott Stadium
401423001,2022,6,regular,2022-10-08 16:00:00,Lehigh,Fordham,Patriot,Patriot,28,40,False,True,Goodman Stadium
401433401,2022,6,regular,2022-10-08 16:00:00,Buffalo State,Rensselaer,Liberty League,Liberty League,14,42,False,True,Coyer Field
401432981,2022,6,regular,2022-10-08 16:00:00,Kutztown,Bloomsburg,Pennsylvania State Athletic,Pennsylvania State Athletic,24,0,False,True,Andre Reed Stadium
401428201,2022,6,regular,2022-10-08 16:00:00,Robert Morris,Gardner-Webb,Big South,Big South,0,48,False,True,Joe Walton Stadium
401438653,2022,6,regular,2022-10-08 16:00:00,Framingham State,Fitchburg State,MSCAC,MSCAC,47,0,False,True,Bowditch Field
401433026,2022,6,regular,2022-10-08 16:00:00,Shepherd,Lock Haven,Pennsylvania State Athletic,Pennsylvania State Athletic,72,7,False,True,Ram Stadium (WV)
401431536,2022,6,regular,2022-10-08 16:00:00,American International,Grand Valley State,Northeast 10,GLIAC,3,45,False,False,Ronald J. Abdow Field
401404089,2022,6,regular,2022-10-08 16:00:00,Kansas,TCU,Big 12,Big 12,31,38,False,True,Memorial Stadium
401416617,2022,6,regular,2022-10-08 16:00:00,Bowling Green,Buffalo,Mid-American,Mid-American,7,38,False,True,Doyt L. Perry Stadium
401416614,2022,6,regular,2022-10-08 16:00:00,Western Michigan,Eastern Michigan,Mid-American,Mid-American,23,45,False,True,Waldo Stadium
401418606,2022,6,regular,2022-10-08 16:00:00,Yale,Dartmouth,Ivy,Ivy,24,21,False,True,Yale Bowl
401405108,2022,6,regular,2022-10-08 16:00:00,Indiana,Michigan,Big Ten,Big Ten,10,31,False,True,"Memorial Stadium (Bloomington, IN)"
401422990,2022,6,regular,2022-10-08 16:30:00,Lafayette,Princeton,Patriot,Ivy,2,23,False,False,Fisher Field
401432408,2022,6,regular,2022-10-08 17:00:00,Minnesota Duluth,University of Mary,Northern Sun,Northern Sun,49,14,False,True,James S. Malosky Stadium
401432584,2022,6,regular,2022-10-08 17:00:00,Oberlin,Kenyon,North Coast,North Coast,21,28,False,True,Austin E. Knowlton Athletics Complex
401432554,2022,6,regular,2022-10-08 17:00:00,Ithaca,Rochester (NY),Liberty League,Liberty League,56,10,False,True,Butterfield Stadium
401450194,2022,6,regular,2022-10-08 17:00:00,William Paterson,Salisbury,New Jersey,New Jersey,0,23,False,True,Wightman Stadium
401431055,2022,6,regular,2022-10-08 17:00:00,Husson,New England,Commonwealth Coast,Commonwealth Coast,31,14,False,True,Dr. John W. Winkin Sports Complex
401432649,2022,6,regular,2022-10-08 17:00:00,Whitworth,Linfield,Northwest,Northwest,17,35,False,True,The Pine Bowl
401432852,2022,6,regular,2022-10-08 17:00:00,Northwestern (MN),Greenville,Upper Midwest,Upper Midwest,41,35,False,True,Reynolds Field
401432774,2022,6,regular,2022-10-08 17:00:00,Bethany (WV),Grove City,Presidents',Presidents',7,55,False,True,Bison Stadium
401431111,2022,6,regular,2022-10-08 17:00:00,Hartwick,Alfred,Empire 8,Empire 8,6,21,False,True,Wright Stadium
401435119,2022,6,regular,2022-10-08 17:00:00,DePauw,Wittenberg,North Coast,North Coast,7,30,False,True,Blackstock Stadium
401435135,2022,6,regular,2022-10-08 17:00:00,Catholic,WPI,NEWMAC,NEWMAC,24,21,False,True,Cardinal Stadium (DC)
401432122,2022,6,regular,2022-10-08 17:00:00,Frostburg State,Notre Dame College,Mountain East,Mountain East,33,30,False,True,Bobcat Stadium (MD)
401432416,2022,6,regular,2022-10-08 17:00:00,Minnesota St Moorhead,Minot State,Northern Sun,Northern Sun,36,14,False,True,Scheels Field at Nemzek Stadium
401438182,2022,6,regular,2022-10-08 17:00:00,West Virginia State,West Virginia Wesleyan,Mountain East,Mountain East,46,21,False,True,Dickerson Stadium
401432353,2022,6,regular,2022-10-08 17:00:00,Central State,Fort Valley State,SIAC,SIAC,17,32,False,True,McPherson Memorial Stadium
401430690,2022,6,regular,2022-10-08 17:00:00,Lincoln (PA),Chowan,CIAA,CIAA,14,16,False,True,Lincoln University Stadium
401433119,2022,6,regular,2022-10-08 17:00:00,Lenoir Rhyne,Limestone,South Atlantic,South Atlantic,51,30,False,True,Helen and Leonard Moretz Stadium
401432367,2022,6,regular,2022-10-08 17:00:00,Ouachita Baptist,Southwestern Oklahoma State,Great American,Great American,63,24,False,True,Cliff Harris Stadium
401432703,2022,6,regular,2022-10-08 17:00:00,Emory & Henry,UVA Wise,South Atlantic,South Atlantic,34,14,False,False,Fred Selfe Stadium at Nicewonder Field
401435202,2022,6,regular,2022-10-08 17:00:00,LaGrange,Maryville (TN),USA South,USA South,17,56,False,True,Callaway Stadium
401439521,2022,6,regular,2022-10-08 17:00:00,St. John Fisher,SUNY Morrisville,Empire 8,Empire 8,3,10,False,True,Growney Stadium
401437411,2022,6,regular,2022-10-08 17:00:00,Minnesota Morris,Finlandia University,Upper Midwest,Upper Midwest,28,12,False,True,Big Cat Stadium
401430926,2022,6,regular,2022-10-08 17:00:00,Loras,Buena Vista,American Rivers,American Rivers,65,0,False,True,Rock Bowl
401432762,2022,6,regular,2022-10-08 17:00:00,Case Western Reserve,Saint Vincent,Presidents',Presidents',45,21,False,True,Case Field
401438644,2022,6,regular,2022-10-08 17:00:00,Misericordia,Lebanon Valley,Mid Atlantic,Mid Atlantic,12,47,False,True,Mangelsdorf Field
401441257,2022,6,regular,2022-10-08 17:00:00,Wesleyan (CT),Colby,NESCAC,NESCAC,31,14,False,True,Corwin Stadium
401445795,2022,6,regular,2022-10-08 17:00:00,Plymouth State,Western Connecticut State,MSCAC,MSCAC,27,34,False,True,Charles L. Currier Memorial Field
401444598,2022,6,regular,2022-10-08 17:00:00,Amherst,Bates,NESCAC,NESCAC,23,27,False,True,Pratt Field at Lehrman Stadium
401437204,2022,6,regular,2022-10-08 17:00:00,Alfred State,Keystone,ECFC,ECFC,42,33,False,True,Pioneer Stadium
401437188,2022,6,regular,2022-10-08 17:00:00,New Haven,Pace,Northeast 10,Northeast 10,35,7,False,True,Ralph F. DellaCamera Stadium
401431045,2022,6,regular,2022-10-08 17:00:00,Curry,Salve Regina,Commonwealth Coast,Commonwealth Coast,37,20,False,True,Walter M. Katz Field
401439530,2022,6,regular,2022-10-08 17:00:00,St. Lawrence,Union,Liberty League,Liberty League,7,44,False,True,Leckonby Stadium
401438625,2022,6,regular,2022-10-08 17:00:00,SUNY Maritime,Anna Maria College,ECFC,ECFC,27,41,False,True,Reinhart Field
401432783,2022,6,regular,2022-10-08 17:00:00,Westminster (PA),Washington & Jefferson,Presidents',Presidents',14,17,False,True,Memorial Field (PA)
401431546,2022,6,regular,2022-10-08 17:00:00,Michigan Tech,Wayne State (MI),GLIAC,GLIAC,35,34,False,True,Sherman Field
401423139,2022,6,regular,2022-10-08 17:00:00,Butler,Dayton,Pioneer,Pioneer,31,0,False,True,Butler Bowl
401418839,2022,6,regular,2022-10-08 17:00:00,Indiana State,North Dakota State,MVFC,MVFC,26,31,False,True,Memorial Stadium
401441937,2022,6,regular,2022-10-08 17:00:00,Brockport,SUNY Cortland,Empire 8,Empire 8,24,42,False,True,Bob Boozer Field
401431818,2022,6,regular,2022-10-08 17:00:00,Northern Michigan,Davenport,GLIAC,GLIAC,24,27,False,True,Superior Dome
401420781,2022,6,regular,2022-10-08 17:00:00,Morgan State,Norfolk State,MEAC,MEAC,21,24,False,True,Hughes Stadium
401415189,2022,6,regular,2022-10-08 17:00:00,Central Connecticut,Brown,NEC,Ivy,20,27,False,False,Arute Field
401424406,2022,6,regular,2022-10-08 17:00:00,Monmouth,UAlbany,CAA,CAA,38,31,False,True,Kessler Stadium
401413207,2022,6,regular,2022-10-08 17:00:00,Samford,Wofford,Southern,Southern,28,14,False,True,Seibert Stadium
401432805,2022,6,regular,2022-10-08 17:00:00,Centre,Sewanee,Southern Athletic,Southern Athletic,35,16,False,True,Farris Stadium
401438630,2022,6,regular,2022-10-08 17:00:00,Coast Guard,Springfield,NEWMAC,NEWMAC,6,49,False,True,Cadet Memorial Field
401430990,2022,6,regular,2022-10-08 17:00:00,Belhaven,North Carolina Wesleyan,USA South,USA South,24,0,False,False,Belhaven Bowl Stadium
401432753,2022,6,regular,2022-10-08 17:00:00,Waynesburg,Carnegie Mellon,Presidents',Presidents',20,27,False,True,John F. Wiley Stadium
401415199,2022,6,regular,2022-10-08 17:00:00,Columbia,Wagner,Ivy,NEC,28,7,False,False,Lawrence A. Wien Stadium
401430984,2022,6,regular,2022-10-08 17:00:00,Central College,Wartburg,American Rivers,American Rivers,28,35,False,True,Ron and Joyce Schipper Stadium
401423414,2022,6,regular,2022-10-08 17:00:00,Stetson,Marist,Pioneer,Pioneer,31,45,False,True,Spec Martin Municipal Stadium
401430674,2022,6,regular,2022-10-08 17:00:00,Johnson C. Smith,Shaw,CIAA,CIAA,22,18,False,True,Irwin Belk Complex
401431259,2022,6,regular,2022-10-08 17:00:00,Beloit,Knox,Midwest,Midwest,25,34,False,True,Strong Stadium
401429865,2022,6,regular,2022-10-08 17:00:00,Virginia Union,Elizabeth City State,CIAA,CIAA,49,0,False,True,Hovey Field
401438687,2022,6,regular,2022-10-08 17:00:00,Rowan,The College of New Jersey,New Jersey,New Jersey,23,21,False,True,Richard Wackar Stadium
401432241,2022,6,regular,2022-10-08 17:00:00,Duquesne,Merrimack,NEC,NEC,21,28,False,True,Arthur J. Rooney Athletic Field
401431827,2022,6,regular,2022-10-08 17:00:00,North Greenville,Delta State,Gulf South,Gulf South,14,47,False,True,Younts Stadium
401444115,2022,6,regular,2022-10-08 17:00:00,Bryant,Southern Connecticut State,Big South,Northeast 10,56,10,False,False,Bulldog Stadium
401422974,2022,6,regular,2022-10-08 17:30:00,VMI,East Tennessee State,Southern,Southern,21,44,False,True,Alumni Memorial Field
401432674,2022,6,regular,2022-10-08 17:30:00,John Carroll,Marietta,Ohio,Ohio,45,10,False,True,Don Shula Stadium at Wasmer Field
401435125,2022,6,regular,2022-10-08 17:30:00,Trinity (CT),Hamilton,NESCAC,NESCAC,45,0,False,True,Jessee/Miller Field
401431139,2022,6,regular,2022-10-08 17:30:00,Mount St Joseph,Defiance College,Heartland,Heartland,55,35,False,True,Schueler Field
401433133,2022,6,regular,2022-10-08 17:30:00,Tusculum,Carson Newman,South Atlantic,South Atlantic,34,6,False,True,Pioneer Field (TN)
401431121,2022,6,regular,2022-10-08 17:30:00,Franklin,Anderson (IN),Heartland,Heartland,54,14,False,True,"Stewart """"Red"""" Faught Stadium"
401431982,2022,6,regular,2022-10-08 17:30:00,Livingstone,Winston-Salem State,CIAA,CIAA,20,17,False,True,Alumni Memorial Stadium (NC)
401431131,2022,6,regular,2022-10-08 17:30:00,Hanover,Bluffton,Heartland,Heartland,63,21,False,True,Alumni Stadium (IN)
401432684,2022,6,regular,2022-10-08 17:30:00,Mount Union,Heidelberg,Ohio,Ohio,28,6,False,True,Mount Union Stadium
401432698,2022,6,regular,2022-10-08 17:30:00,Muskingum,Otterbein,Ohio,Ohio,41,35,False,True,Sherman Field at McConagha Stadium
401424432,2022,6,regular,2022-10-08 18:00:00,Hampton,Maine,CAA,CAA,24,31,False,True,Armstrong Stadium
401430711,2022,6,regular,2022-10-08 18:00:00,Fayetteville State,St. Augustine's,CIAA,CIAA,54,0,False,True,"Luther ""Nick"" Jeralds Stadium"
401431278,2022,6,regular,2022-10-08 18:00:00,Ripon,Grinnell,Midwest,Midwest,56,6,False,True,Ingalls Field
401431555,2022,6,regular,2022-10-08 18:00:00,Findlay,Northwood,Great Midwest Athletic,Great Midwest Athletic,34,14,False,False,Donnell Stadium
401431493,2022,6,regular,2022-10-08 18:00:00,McKendree,Indianapolis,Great Lakes,Great Lakes,23,38,False,True,Leemon Field
401431521,2022,6,regular,2022-10-08 18:00:00,Quincy,Kentucky Wesleyan,Great Lakes,Great Midwest Athletic,46,9,False,False,QU Stadium
401431814,2022,6,regular,2022-10-08 18:00:00,Southwest Baptist,William Jewell,Great Lakes,Great Lakes,44,21,False,True,Plaster Sports Complex
401431920,2022,6,regular,2022-10-08 18:00:00,Emporia State,Central Missouri,Mid America,Mid America,44,27,False,True,Francis G. Welch Stadium
401430954,2022,6,regular,2022-10-08 18:00:00,Luther,Coe,American Rivers,American Rivers,10,56,False,True,Legacy Field in Carlson Stadium
401432737,2022,6,regular,2022-10-08 18:00:00,Guilford,Washington and Lee,Old Dominion,Old Dominion,6,31,False,True,Armfield Athletic Center
401432729,2022,6,regular,2022-10-08 18:00:00,Bridgewater,Shenandoah,Old Dominion,Old Dominion,23,17,False,True,Jopson Athletic Complex
401438596,2022,6,regular,2022-10-08 18:00:00,Edinboro,Gannon,Pennsylvania State Athletic,Pennsylvania State Athletic,17,35,False,True,Sox Harrison Stadium
401433082,2022,6,regular,2022-10-08 18:00:00,Fort Lewis,Chadron State,Rocky Mountain,Rocky Mountain,3,56,False,True,Ray Dennison Memorial Field
401432956,2022,6,regular,2022-10-08 18:00:00,Wayne State (NE),Minnesota State,Northern Sun,Northern Sun,41,33,False,True,"Memorial Stadium (Wayne, NE)"
401431001,2022,6,regular,2022-10-08 18:00:00,Howard Payne,McMurry,American Southwest,American Southwest,30,18,False,True,Gordon Wood Stadium
401433090,2022,6,regular,2022-10-08 18:00:00,Colorado School of Mines,Colorado Mesa,Rocky Mountain,Rocky Mountain,48,21,False,True,Marv Kay Stadium at Campbell Field
401421097,2022,6,regular,2022-10-08 18:00:00,Drake,San Diego,Pioneer,Pioneer,10,22,False,True,Drake Stadium
401431024,2022,6,regular,2022-10-08 18:00:00,Austin,Texas Lutheran,American Southwest,American Southwest,15,37,False,True,Jerry E. Apple Stadium
401432344,2022,6,regular,2022-10-08 18:00:00,Benedict,Miles,SIAC,SIAC,20,3,False,True,Charlie W. Johnson Stadium
401423915,2022,6,regular,2022-10-08 18:00:00,Georgetown,Pennsylvania,Patriot,Ivy,28,59,False,False,Cooper Field
401424396,2022,6,regular,2022-10-08 18:00:00,Elon,Towson,CAA,CAA,27,10,False,True,Rhodes Stadium
401433050,2022,6,regular,2022-10-08 18:00:00,West Chester,Shippensburg,Pennsylvania State Athletic,Pennsylvania State Athletic,13,20,False,True,John A. Farrell Stadium
401444125,2022,6,regular,2022-10-08 18:00:00,Lakeland,Benedictine (IL),NACC,NACC,14,23,False,True,Taylor Field
401432875,2022,6,regular,2022-10-08 18:00:00,Brevard,Methodist,USA South,USA South,22,20,False,True,Brevard Memorial Stadium
401423442,2022,6,regular,2022-10-08 18:00:00,Alabama A&M,Grambling,SWAC,SWAC,37,31,False,True,Louis Crews Stadium
401435109,2022,6,regular,2022-10-08 18:00:00,Chicago,Monmouth (IL),Midwest,Midwest,20,23,False,True,Amos Alonzo Stagg Field
401432962,2022,6,regular,2022-10-08 18:00:00,Sioux Falls,Southwest Minnesota State,Northern Sun,Northern Sun,35,14,False,True,Bob Young Field
401431088,2022,6,regular,2022-10-08 18:00:00,Carroll (WI),North Central College,Midwest,CCIW,0,73,False,False,Schneider Stadium
401435062,2022,6,regular,2022-10-08 18:00:00,Millikin,Augustana (IL),CCIW,CCIW,0,70,False,True,Frank M. Lindsay Field
401423147,2022,6,regular,2022-10-08 18:00:00,St. Thomas (MN),Davidson,Pioneer,Pioneer,27,16,False,True,O'Shaughnessy Stadium
401424950,2022,6,regular,2022-10-08 18:00:00,South Carolina State,Florida A&M,MEAC,SWAC,14,20,False,False,Oliver C. Dawson Stadium
401421141,2022,6,regular,2022-10-08 18:00:00,The Citadel,Furman,Southern,Southern,10,21,False,True,Johnson Hagood Stadium
401431562,2022,6,regular,2022-10-08 18:00:00,Saginaw Valley State,Ferris State,GLIAC,GLIAC,28,33,False,True,Harvey Randall Wickes Memorial Stadium
401426342,2022,6,regular,2022-10-08 18:00:00,Georgia State,Georgia Southern,Sun Belt,Sun Belt,41,33,False,True,Center Parc Stadium
401431220,2022,6,regular,2022-10-08 18:00:00,Augsburg,Saint John's (MN),Minnesota,Minnesota,0,45,False,True,Edor Nelson Field
401431237,2022,6,regular,2022-10-08 18:00:00,Concordia (MN),Macalester,Minnesota,Minnesota,36,7,False,False,Jake Christiansen Stadium
401431250,2022,6,regular,2022-10-08 18:00:00,Bethel (MN),Hamline,Minnesota,Minnesota,49,14,False,True,Royal Stadium
401431080,2022,6,regular,2022-10-08 18:00:00,Wheaton (IL),Elmhurst,CCIW,CCIW,56,0,False,True,McCully Stadium
401431071,2022,6,regular,2022-10-08 18:00:00,North Park,Carthage,CCIW,CCIW,14,33,False,True,Holmgren Athletic Complex
401431010,2022,6,regular,2022-10-08 18:00:00,Hardin Simmons,Sul Ross State,American Southwest,American Southwest,70,35,False,True,Shelton Stadium
401431269,2022,6,regular,2022-10-08 18:00:00,Lawrence,Cornell (IA),Midwest,Midwest,7,27,False,True,Ron Roberts Field at the Banta Bowl
401431305,2022,6,regular,2022-10-08 18:00:00,Wisconsin Lutheran,St. Norbert,NACC,NACC,0,7,False,True,Warrior Field at Raabe Stadium
401431209,2022,6,regular,2022-10-08 18:00:00,Olivet,Kalamazoo,Michigan,Michigan,41,17,False,True,Cutler Field
401432527,2022,6,regular,2022-10-08 18:00:00,East Texas Baptist,Mary Hardin Baylor,American Southwest,American Southwest,7,24,False,True,Ornelas Stadium
401431147,2022,6,regular,2022-10-08 18:00:00,Rose Hulman,Manchester,Heartland,Heartland,48,14,False,True,Cook Stadium
401432813,2022,6,regular,2022-10-08 18:00:00,Millsaps,Hendrix,Southern Athletic,Southern Athletic,34,28,False,True,Harper Davis Field
401432564,2022,6,regular,2022-10-08 18:00:00,Concordia (WI),Eureka,NACC,NACC,23,20,False,True,Tomasini Stadium
401432619,2022,6,regular,2022-10-08 18:00:00,Ohio Wesleyan,Denison,North Coast,North Coast,41,7,False,True,Selby Stadium
401432857,2022,6,regular,2022-10-08 18:00:00,Gustavus Adolphus,St. Scholastica,Minnesota,Minnesota,77,7,False,True,Hollingsworth Field
401432839,2022,6,regular,2022-10-08 18:00:00,Martin Luther,Crown,Upper Midwest,Upper Midwest,20,26,False,True,MLC Bowl
401435100,2022,6,regular,2022-10-08 18:00:00,Carleton,St. Olaf,Minnesota,Minnesota,26,7,False,True,Laird Stadium
401432890,2022,6,regular,2022-10-08 18:00:00,Wisconsin Stout,Wisconsin La Crosse,Wisconsin,Wisconsin,21,42,False,True,Don and Nona Williams Stadium
401435210,2022,6,regular,2022-10-08 18:00:00,Wisconsin River Falls,Wisconsin Oshkosh,Wisconsin,Wisconsin,27,24,False,True,David Smith Stadium at Ramer Field
401435217,2022,6,regular,2022-10-08 18:00:00,Wisconsin Eau Claire,Wisconsin Whitewater,Wisconsin,Wisconsin,24,45,False,True,Carson Park
401438619,2022,6,regular,2022-10-08 18:00:00,Washington St. Louis,Illinois Wesleyan,CCIW,CCIW,59,14,False,True,Francis Field (MO)
401435190,2022,6,regular,2022-10-08 18:00:00,Trinity (TX),Birmingham-Southern,Southern Athletic,Southern Athletic,23,20,False,True,Trinity University Stadium
401450149,2022,6,regular,2022-10-08 18:00:00,Middlebury,Williams,NESCAC,NESCAC,30,7,False,True,Alumni Stadium (VT)
401416616,2022,6,regular,2022-10-08 18:00:00,Ohio,Akron,Mid-American,Mid-American,55,34,False,True,Peden Stadium
401415633,2022,6,regular,2022-10-08 18:30:00,Cincinnati,South Florida,American Athletic,American Athletic,28,24,False,True,Nippert Stadium
401431299,2022,6,regular,2022-10-08 19:00:00,Lake Forest,Illinois College,Midwest,Midwest,40,7,False,True,Farwell Field
401418813,2022,6,regular,2022-10-08 19:00:00,Eastern Illinois,Northwestern State,OVC,Southland,35,27,False,False,O'Brien Stadium
401433104,2022,6,regular,2022-10-08 19:00:00,Western Colorado,South Dakota Mines,Rocky Mountain,Rocky Mountain,10,38,False,True,Mountaineer Bowl
401435205,2022,6,regular,2022-10-08 19:00:00,Wisconsin Stevens Point,Wisconsin Platteville,Wisconsin,Wisconsin,3,31,False,True,Community Stadium at Goerke Park
401431461,2022,6,regular,2022-10-08 19:00:00,East Central,Henderson State,Great American,Great American,31,10,False,True,Koi Ishto Stadium
401431845,2022,6,regular,2022-10-08 19:00:00,Mississippi College,Shorter,Gulf South,Gulf South,35,21,False,True,Robinson-Hale Stadium
401431513,2022,6,regular,2022-10-08 19:00:00,Truman State,Missouri S&T,Great Lakes,Great Lakes,36,14,False,True,Stokes Stadium
401420829,2022,6,regular,2022-10-08 19:00:00,South Dakota State,South Dakota,MVFC,MVFC,28,3,False,True,Dana J. Dykhouse Stadium
401431475,2022,6,regular,2022-10-08 19:00:00,Southeastern Oklahoma State,Southern Arkansas,Great American,Great American,35,32,False,True,Paul Laird Field
401433075,2022,6,regular,2022-10-08 19:00:00,New Mexico Highlands,Black Hills State,Rocky Mountain,Rocky Mountain,30,28,False,True,Sanchez Family Stadium
401420844,2022,6,regular,2022-10-08 19:00:00,Murray State,UT Martin,OVC,OVC,16,45,False,True,Roy Stewart Stadium
401431940,2022,6,regular,2022-10-08 19:00:00,Missouri Southern State,Lincoln (MO),Mid America,Mid America,37,14,False,True,Fred G. Hughes Stadium
401425453,2022,6,regular,2022-10-08 19:00:00,Southeast Missouri State,Tennessee Tech,OVC,OVC,34,20,False,True,Houck Field
401432744,2022,6,regular,2022-10-08 19:00:00,Geneva,Allegheny,Presidents',Presidents',35,21,False,False,Reeves Field (PA)
401431968,2022,6,regular,2022-10-08 19:00:00,Pittsburg State,Northwest Missouri State,Mid America,Mid America,24,22,False,True,Carnie Smith Stadium
401420810,2022,6,regular,2022-10-08 19:00:00,Missouri State,Southern Illinois,MVFC,MVFC,21,38,False,True,Plaster Sports Complex
401450138,2022,6,regular,2022-10-08 19:00:00,Lane College,Kentucky State,SIAC,SIAC,26,31,False,True,Lane Field
401423920,2022,6,regular,2022-10-08 19:00:00,Arkansas-Pine Bluff,Texas Southern,SWAC,SWAC,17,24,False,True,Golden Lion Stadium
401432397,2022,6,regular,2022-10-08 19:00:00,Bemidji State,Concordia St. Paul,Northern Sun,Northern Sun,44,0,False,True,Chet Anderson Stadium
401433064,2022,6,regular,2022-10-08 19:00:00,Adams State,CSU Pueblo,Rocky Mountain,Rocky Mountain,20,52,False,True,Rex Stadium
401430743,2022,6,regular,2022-10-08 19:00:00,Arkansas Monticello,Northwestern (OK),Great American,Great American,23,26,False,True,Convoy Leslie Cotton Boll Stadium
401441334,2022,6,regular,2022-10-08 19:00:00,Savannah State,Virginia Lynchburg,SIAC,,28,14,False,False,Ted Wright Stadium
401423452,2022,6,regular,2022-10-08 19:00:00,Alabama State,Jackson State,SWAC,SWAC,12,26,False,True,Hornet Stadium
401431453,2022,6,regular,2022-10-08 19:00:00,Southern Nazarene,Harding,Great American,Great American,28,56,False,True,Southern Nazarene University Football Stadium
401431322,2022,6,regular,2022-10-08 19:15:00,Concordia Chicago,Rockford,NACC,NACC,37,13,False,True,Concordia Stadium
401416613,2022,6,regular,2022-10-08 19:30:00,Central Michigan,Ball State,Mid-American,Mid-American,16,17,False,True,Kelly/Shorts Stadium
401403911,2022,6,regular,2022-10-08 19:30:00,Georgia,Auburn,SEC,SEC,42,10,False,True,Sanford Stadium
401404164,2022,6,regular,2022-10-08 19:30:00,Massachusetts,Liberty,FBS Independents,FBS Independents,24,42,False,True,Warren McGuirk Alumni Stadium
401416615,2022,6,regular,2022-10-08 19:30:00,Northern Illinois,Toledo,Mid-American,Mid-American,32,52,False,True,Huskie Stadium
401416618,2022,6,regular,2022-10-08 19:30:00,Miami (OH),Kent State,Mid-American,Mid-American,27,24,False,True,Yager Stadium
401415632,2022,6,regular,2022-10-08 19:30:00,Navy,Tulsa,American Athletic,American Athletic,53,21,False,True,Navy-Marine Corps Memorial Stadium
401426581,2022,6,regular,2022-10-08 19:30:00,UAB,Middle Tennessee,Conference USA,Conference USA,41,14,False,True,Protective Stadium
401424433,2022,6,regular,2022-10-08 19:30:00,New Hampshire,Stony Brook,CAA,CAA,24,14,False,True,Wildcat Stadium
401432712,2022,6,regular,2022-10-08 19:30:00,Ferrum,Hampden Sydney,Old Dominion,Old Dominion,16,35,False,True,W.B. Adams Stadium
401411135,2022,6,regular,2022-10-08 19:30:00,Pittsburgh,Virginia Tech,ACC,ACC,45,29,False,True,Acrisure Stadium
401404091,2022,6,regular,2022-10-08 19:30:00,Oklahoma State,Texas Tech,Big 12,Big 12,41,31,False,True,Boone Pickens Stadium
401404011,2022,6,regular,2022-10-08 19:30:00,UCLA,Utah,Pac-12,Pac-12,42,32,False,True,Rose Bowl
401432434,2022,6,regular,2022-10-08 19:30:00,Northern State,Winona State,Northern Sun,Northern Sun,42,21,False,True,Swisher Field
401415631,2022,6,regular,2022-10-08 19:30:00,Tulane,East Carolina,American Athletic,American Athletic,24,9,False,True,Yulman Stadium
401405107,2022,6,regular,2022-10-08 19:30:00,Northwestern,Wisconsin,Big Ten,Big Ten,7,42,False,True,Ryan Field
401424368,2022,6,regular,2022-10-08 19:30:00,William & Mary,Delaware,CAA,CAA,27,21,False,True,Zable Stadium
401432951,2022,6,regular,2022-10-08 20:00:00,Upper Iowa,Augustana (SD),Northern Sun,Northern Sun,14,31,False,True,Harms-Eischeid Stadium
401422980,2022,6,regular,2022-10-08 20:00:00,Holy Cross,Bucknell,Patriot,Patriot,57,0,False,True,Fitton Field
401431870,2022,6,regular,2022-10-08 20:00:00,Erskine,Mars Hill,South Atlantic,South Atlantic,13,33,False,False,J.W. Babb Stadium
401431582,2022,6,regular,2022-10-08 20:00:00,Hillsdale,Tiffin,Great Midwest Athletic,Great Midwest Athletic,0,41,False,True,"Frank ""Muddy"" Waters Stadium"
401404009,2022,6,regular,2022-10-08 20:00:00,Arizona State,Washington,Pac-12,Pac-12,45,38,False,True,Mountain America Stadium
401403915,2022,6,regular,2022-10-08 20:00:00,Vanderbilt,Ole Miss,SEC,SEC,28,52,False,True,FirstBank Stadium
401433111,2022,6,regular,2022-10-08 20:00:00,Newberry,Barton,South Atlantic,South Atlantic,42,21,False,False,Setzler Field
401432870,2022,6,regular,2022-10-08 20:00:00,Averett,Randolph Macon,Old Dominion,Old Dominion,7,55,False,False,Daly Field at Frank R. Campbell Stadium
401405110,2022,6,regular,2022-10-08 20:00:00,Michigan State,Ohio State,Big Ten,Big Ten,20,49,False,True,Spartan Stadium
401422924,2022,6,regular,2022-10-08 20:00:00,Mercer,Western Carolina,Southern,Southern,49,6,False,True,Five Star Stadium at the Moye Complex
401433000,2022,6,regular,2022-10-08 20:00:00,Seton Hill,Clarion,Pennsylvania State Athletic,Pennsylvania State Athletic,13,40,False,True,Offutt Field
401413261,2022,6,regular,2022-10-08 20:00:00,Montana State,Idaho State,Big Sky,Big Sky,37,6,False,True,Bobcat Stadium
401432640,2022,6,regular,2022-10-08 20:00:00,Willamette,George Fox,Northwest,Northwest,10,27,False,True,McCulloch Stadium
401428191,2022,6,regular,2022-10-08 20:00:00,Campbell,Charleston Southern,Big South,Big South,34,28,False,True,Barker-Lane Stadium
401429855,2022,6,regular,2022-10-08 20:00:00,Virginia State,Bowie State,CIAA,CIAA,14,41,False,True,Rogers Stadium (VA)
401411133,2022,6,regular,2022-10-08 20:00:00,Miami,North Carolina,ACC,ACC,24,27,False,True,Hard Rock Stadium
401411132,2022,6,regular,2022-10-08 20:00:00,Georgia Tech,Duke,ACC,ACC,23,20,False,True,Bobby Dodd Stadium
401413228,2022,6,regular,2022-10-08 20:00:00,Northern Arizona,Cal Poly,Big Sky,Big Sky,31,29,False,True,Walkup Skydome
401432826,2022,6,regular,2022-10-08 20:00:00,Claremont Mudd Scripps,Chapman,So. Cal.,So. Cal.,28,6,False,True,Fritz B. Burns Stadium
401435172,2022,6,regular,2022-10-08 20:00:00,Puget Sound,Pacific (OR),Northwest,Northwest,21,42,False,True,Baker Stadium
401435177,2022,6,regular,2022-10-08 20:00:00,Pacific Lutheran,Lewis & Clark,Northwest,Northwest,47,21,False,True,Sparks Stadium
401462220,2022,6,regular,2022-10-08 21:00:00,SE Louisiana,East Texas A&M,Southland,Southland,28,31,False,True,Strawberry Stadium
401431182,2022,6,regular,2022-10-08 21:00:00,Adrian,Trine,Michigan,Michigan,21,27,False,True,Docking Stadium
401420859,2022,6,regular,2022-10-08 21:00:00,Incarnate Word,Lamar,Southland,Southland,56,17,False,True,Gayle and Tom Benson Stadium
401418831,2022,6,regular,2022-10-08 21:00:00,Northern Iowa,Illinois State,MVFC,MVFC,21,23,False,True,UNI-Dome
401423927,2022,6,regular,2022-10-08 21:00:00,Prairie View A&M,Southern,SWAC,SWAC,13,45,False,True,Panther Stadium
401426670,2022,6,regular,2022-10-08 21:00:00,Central Arkansas,Lindenwood,Atlantic Sun,OVC,49,52,False,False,Estes Stadium
401431955,2022,6,regular,2022-10-08 21:00:00,Missouri Western,Nebraska Kearney,Mid America,Mid America,18,39,False,True,Craig Field at Spratt Memorial Stadium
401432238,2022,6,regular,2022-10-08 21:00:00,Portland State,Lincoln (CA),Big Sky,,48,6,False,False,Hillsboro Stadium
401430964,2022,6,regular,2022-10-08 21:00:00,Dubuque,Simpson (IA),American Rivers,American Rivers,66,14,False,True,Chalmers Field
401433054,2022,6,regular,2022-10-08 22:00:00,Slippery Rock,Mercyhurst,Pennsylvania State Athletic,Pennsylvania State Athletic,31,17,False,True,Mihalik-Thompson Stadium
401441265,2022,6,regular,2022-10-08 22:00:00,Montclair State,Kean,New Jersey,New Jersey,22,23,False,True,Sprague Field
401426582,2022,6,regular,2022-10-08 22:00:00,UTSA,Western Kentucky,Conference USA,Conference USA,31,28,False,True,Alamodome
401424938,2022,6,regular,2022-10-08 22:00:00,Tennessee State,Bethune-Cookman,OVC,SWAC,41,17,False,False,Nissan Stadium
401433137,2022,6,regular,2022-10-08 22:00:00,Wingate,Catawba,South Atlantic,South Atlantic,28,0,False,True,Irwin Belk Stadium
401432326,2022,6,regular,2022-10-08 22:00:00,Edward Waters,Albany State,SIAC,SIAC,7,55,False,True,Earl Kitchings Stadium
401420817,2022,6,regular,2022-10-08 22:00:00,Youngstown State,North Dakota,MVFC,MVFC,30,35,False,True,Stambaugh Stadium
401433153,2022,6,regular,2022-10-08 22:00:00,UFTL,Bluefield State,,Independent DII,0,0,True,False,
401431861,2022,6,regular,2022-10-08 22:00:00,West Georgia,West Florida,Gulf South,Gulf South,28,42,False,True,University Stadium (GA)
401432335,2022,6,regular,2022-10-08 22:00:00,Allen,Clark Atlanta,SIAC,SIAC,41,42,False,True,W.C. Hawkins Stadium
401418646,2022,6,regular,2022-10-08 22:00:00,Kennesaw State,North Alabama,Atlantic Sun,Atlantic Sun,40,34,False,False,Fifth Third Stadium
401445216,2022,6,regular,2022-10-08 22:30:00,Tufts,Bowdoin,NESCAC,NESCAC,31,13,False,True,Ellis Oval at Zimman Field
401430733,2022,6,regular,2022-10-08 23:00:00,Oklahoma Baptist,Arkansas Tech,Great American,Great American,13,34,False,True,Crain Family Stadium
401426345,2022,6,regular,2022-10-08 23:00:00,Texas State,App State,Sun Belt,Sun Belt,36,24,False,True,Bobcat Stadium (TX)
401431890,2022,6,regular,2022-10-08 23:00:00,Angelo State,Eastern New Mexico,Lone Star,Lone Star,28,9,False,True,LeGrand Stadium at 1st Community Credit Union Field
401426580,2022,6,regular,2022-10-08 23:00:00,Louisiana Tech,UTEP,Conference USA,Conference USA,41,31,False,True,Joe Aillet Stadium
401415234,2022,6,regular,2022-10-08 23:00:00,New Mexico,Wyoming,Mountain West,Mountain West,14,27,False,True,University Stadium (NM)
401415231,2022,6,regular,2022-10-08 23:00:00,Utah State,Air Force,Mountain West,Mountain West,34,27,False,True,Maverik Stadium
401424931,2022,6,regular,2022-10-08 23:00:00,Mississippi Valley State,Alcorn State,SWAC,SWAC,7,30,False,True,Rice-Totten Field
401431850,2022,6,regular,2022-10-08 23:00:00,Valdosta State,West Alabama,Gulf South,Gulf South,31,34,False,True,Bazemore-Hyder Stadium
401432797,2022,6,regular,2022-10-08 23:00:00,Berry,Rhodes,Southern Athletic,Southern Athletic,34,0,False,True,Valhalla Stadium
401462517,2022,6,regular,2022-10-08 23:00:00,Stephen F. Austin,Abilene Christian,Western Athletic,Western Athletic,41,38,False,True,Homer Bryce Stadium
401431604,2022,6,regular,2022-10-08 23:00:00,UT Permian Basin,Simon Fraser,Lone Star,Lone Star,31,24,False,False,Ratliff Stadium
401462219,2022,6,regular,2022-10-08 23:00:00,Houston Christian,Nicholls,Southland,Southland,17,19,False,True,Husky Stadium
401426343,2022,6,regular,2022-10-08 23:00:00,Arkansas State,James Madison,Sun Belt,Sun Belt,20,42,False,True,Centennial Bank Stadium
401426579,2022,6,regular,2022-10-08 23:00:00,Florida International,UConn,Conference USA,FBS Independents,12,33,False,False,FIU Stadium
401426346,2022,6,regular,2022-10-08 23:00:00,Troy,Southern Miss,Sun Belt,Sun Belt,27,10,False,True,Veterans Memorial Stadium (AL)
401411131,2022,6,regular,2022-10-08 23:30:00,Boston College,Clemson,ACC,ACC,3,31,False,True,"Alumni Stadium (Chestnut Hill, MA)"
401405106,2022,6,regular,2022-10-08 23:30:00,Illinois,Iowa,Big Ten,Big Ten,9,6,False,True,"Memorial Stadium (Champaign, IL)"
401403912,2022,6,regular,2022-10-08 23:30:00,Kentucky,South Carolina,SEC,SEC,14,24,False,True,Kroger Field
401404138,2022,6,regular,2022-10-08 23:30:00,Wake Forest,Army,ACC,FBS Independents,45,10,False,False,Allegacy Federal Credit Union Stadium
401404127,2022,6,regular,2022-10-08 23:30:00,Notre Dame,BYU,FBS Independents,FBS Independents,28,20,True,True,Allegiant Stadium
401404088,2022,6,regular,2022-10-08 23:30:00,Iowa State,Kansas State,Big 12,Big 12,9,10,False,True,Jack Trice Stadium
401404012,2022,6,regular,2022-10-08 23:30:00,USC,Washington State,Pac-12,Pac-12,30,14,False,True,Los Angeles Memorial Coliseum
401426344,2022,6,regular,2022-10-09 00:00:00,UL Monroe,Coastal Carolina,Sun Belt,Sun Belt,21,28,False,True,Malone Stadium
401413238,2022,6,regular,2022-10-09 00:00:00,Weber State,Eastern Washington,Big Sky,Big Sky,45,21,False,True,Stewart Stadium
401431931,2022,6,regular,2022-10-09 00:00:00,Fort Hays,Washburn,Mid America,Mid America,14,45,False,True,Lewis Field Stadium
401431897,2022,6,regular,2022-10-09 00:00:00,Midwestern State,West Texas,Lone Star,Lone Star,26,38,False,True,"Memorial Stadium (Wichita Falls, TX)"
401411134,2022,6,regular,2022-10-09 00:00:00,NC State,Florida State,ACC,ACC,19,17,False,True,Carter-Finley Stadium
401403909,2022,6,regular,2022-10-09 00:00:00,Alabama,Texas A&M,SEC,SEC,24,20,False,True,Bryant-Denny Stadium
401431904,2022,6,regular,2022-10-09 00:00:00,Texas A&M-Kingsville,Western New Mexico,Lone Star,Lone Star,21,17,False,True,Javelina Stadium
401432349,2022,6,regular,2022-10-09 00:00:00,Morehouse,Tuskegee,SIAC,SIAC,14,31,True,True,Legion Field
401420879,2022,6,regular,2022-10-09 00:00:00,Southern Utah,Tarleton State,Western Athletic,Western Athletic,40,42,False,True,Eccles Coliseum
401431595,2022,6,regular,2022-10-09 01:00:00,Central Washington,Western Oregon,Lone Star,Lone Star,14,16,False,True,Tomlinson Stadium
401415179,2022,6,regular,2022-10-09 01:00:00,Sacramento State,Northern Colorado,Big Sky,Big Sky,55,7,False,True,Hornet Stadium
401404008,2022,6,regular,2022-10-09 01:00:00,Arizona,Oregon,Pac-12,Pac-12,22,49,False,True,Arizona Stadium
401415232,2022,6,regular,2022-10-09 01:45:00,Boise State,Fresno State,Mountain West,Mountain West,40,20,False,True,Albertsons Stadium
401432832,2022,6,regular,2022-10-09 02:00:00,Cal Lutheran,Redlands,So. Cal.,So. Cal.,14,35,False,True,William Rolland Stadium
401461255,2022,6,regular,2022-10-09 02:00:00,Pomona Pitzer,La Verne,So. Cal.,So. Cal.,56,7,False,True,Merritt Field
401415235,2022,6,regular,2022-10-09 02:30:00,San Diego State,Hawai'i,Mountain West,Mountain West,16,14,False,True,Snapdragon Stadium
401404010,2022,6,regular,2022-10-09 03:00:00,Stanford,Oregon State,Pac-12,Pac-12,27,28,False,True,Stanford Stadium
401432378,2022,6,regular,2022-10-09 16:00:00,Assumption,Franklin Pierce,Northeast 10,Northeast 10,28,14,False,True,Multi-Sport Stadium
401426347,2022,7,regular,2022-10-12 23:30:00,Marshall,Louisiana,Sun Belt,Sun Belt,13,23,False,True,Joan C. Edwards Stadium
401432150,2022,7,regular,2022-10-13 22:00:00,UNC Pembroke,West Virginia State,Mountain East,Mountain East,45,24,False,True,Grace P. Johnson Stadium
401415634,2022,7,regular,2022-10-13 23:00:00,UCF,Temple,American Athletic,American Athletic,70,13,False,True,FBC Mortgage Stadium
401404092,2022,7,regular,2022-10-13 23:00:00,West Virginia,Baylor,Big 12,Big 12,43,40,False,True,Milan Puskar Stadium
401432137,2022,7,regular,2022-10-13 23:00:00,Fairmont State,West Liberty,Mountain East,Mountain East,24,27,False,True,Duvall-Rosier Field
401420782,2022,7,regular,2022-10-13 23:30:00,North Carolina Central,Morgan State,MEAC,MEAC,59,20,False,True,O'Kelly-Riddick Stadium
401446234,2022,7,regular,2022-10-14 22:00:00,Dickinson,Moravian,Centennial,Centennial,26,7,False,True,Biddle Field
401450142,2022,7,regular,2022-10-14 23:00:00,Ursinus,McDaniel,Centennial,Centennial,56,17,False,True,Patterson Field
401431034,2022,7,regular,2022-10-14 23:00:00,Johns Hopkins,Muhlenberg,Centennial,Centennial,34,27,False,True,Homewood Field
401456806,2022,7,regular,2022-10-14 23:00:00,Hilbert,Lincoln (CA),North Coast,,0,70,True,False,
401455633,2022,7,regular,2022-10-14 23:00:00,Princeton,Brown,Ivy,Ivy,35,19,False,True,Princeton University Stadium
401415635,2022,7,regular,2022-10-14 23:30:00,SMU,Navy,American Athletic,American Athletic,40,34,False,True,Gerald J. Ford Stadium
401426584,2022,7,regular,2022-10-15 00:00:00,Florida International,UTSA,Conference USA,Conference USA,10,30,False,True,FIU Stadium
401435218,2022,7,regular,2022-10-15 00:00:00,Wisconsin Whitewater,Wisconsin Oshkosh,Wisconsin,Wisconsin,24,3,False,True,Perkins Stadium
401435094,2022,7,regular,2022-10-15 16:00:00,Rochester (NY),Buffalo State,Liberty League,Liberty League,12,6,False,True,Edwin Fauver Stadium
401438669,2022,7,regular,2022-10-15 16:00:00,Springfield,Norwich,NEWMAC,NEWMAC,69,20,False,True,Stagg Field
401438654,2022,7,regular,2022-10-15 16:00:00,Fitchburg State,Plymouth State,MSCAC,MSCAC,7,42,False,True,Elliot Field Athletic Complex
401403920,2022,7,regular,2022-10-15 16:00:00,Ole Miss,Auburn,SEC,SEC,48,34,False,True,Vaught-Hemingway Stadium
401430991,2022,7,regular,2022-10-15 16:00:00,Greensboro,Belhaven,USA South,USA South,7,59,False,False,Jamieson Stadium
401443119,2022,7,regular,2022-10-15 16:00:00,Wilkes,Misericordia,Mid Atlantic,Mid Atlantic,28,0,False,True,Schmidt Stadium
401438617,2022,7,regular,2022-10-15 16:00:00,Salve Regina,Western New England,Commonwealth Coast,Commonwealth Coast,28,25,False,True,Toppa Field
401432632,2022,7,regular,2022-10-15 16:00:00,Kean,Christopher Newport,New Jersey,New Jersey,13,24,False,True,Kean Alumni Stadium
401435080,2022,7,regular,2022-10-15 16:00:00,Marist,Dayton,Pioneer,Pioneer,7,24,False,True,Leonidoff Field
401433010,2022,7,regular,2022-10-15 16:00:00,Edinboro,IU Pennsylvania,Pennsylvania State Athletic,Pennsylvania State Athletic,0,41,False,True,Sox Harrison Stadium
401441932,2022,7,regular,2022-10-15 16:00:00,Gettysburg,Susquehanna,Centennial,Centennial,7,41,False,True,Shirk Field at Musselman Stadium
401441266,2022,7,regular,2022-10-15 16:00:00,The College of New Jersey,Montclair State,New Jersey,New Jersey,18,15,False,True,Lions Stadium
401438626,2022,7,regular,2022-10-15 16:00:00,Anna Maria College,Keystone,ECFC,ECFC,39,41,False,True,Caparso Field
401432884,2022,7,regular,2022-10-15 16:00:00,North Carolina Wesleyan,Methodist,USA South,USA South,33,34,False,True,Bishop Stadium
401460112,2022,7,regular,2022-10-15 16:00:00,Albright,King's,Mid Atlantic,Mid Atlantic,21,27,False,True,Gene L. Shirk Stadium
401432547,2022,7,regular,2022-10-15 16:00:00,Dean,Gallaudet,ECFC,ECFC,23,26,False,True,Dale Lippert Field
401433402,2022,7,regular,2022-10-15 16:00:00,Rensselaer,Hobart,Liberty League,Liberty League,16,13,False,True,ECAV Stadium
401431846,2022,7,regular,2022-10-15 16:00:00,Shorter,West Florida,Gulf South,Gulf South,26,50,False,False,Barron Stadium
401459909,2022,7,regular,2022-10-15 16:00:00,Vermont State Castleton,SUNY Maritime,ECFC,ECFC,36,33,False,True,Dave Wolk Stadium
401432585,2022,7,regular,2022-10-15 16:00:00,Kenyon,Wooster,North Coast,North Coast,41,42,False,True,McBride Field
401435145,2022,7,regular,2022-10-15 16:00:00,MIT,Merchant Marine,NEWMAC,NEWMAC,0,17,False,True,Henry G. Steinbrenner '27 Stadium
401431155,2022,7,regular,2022-10-15 16:00:00,Lycoming,Stevenson,Mid Atlantic,Mid Atlantic,10,24,False,True,David Person Field
401431569,2022,7,regular,2022-10-15 16:00:00,Davenport,Wayne State (MI),GLIAC,GLIAC,47,43,False,True,Farmers Insurance Athletic Complex
401405115,2022,7,regular,2022-10-15 16:00:00,Michigan,Penn State,Big Ten,Big Ten,41,17,False,True,Michigan Stadium
401404093,2022,7,regular,2022-10-15 16:00:00,Texas,Iowa State,Big 12,Big 12,24,21,False,True,DKR-Texas Memorial Stadium
401422981,2022,7,regular,2022-10-15 16:00:00,Yale,Bucknell,Ivy,Patriot,29,9,False,False,Yale Bowl
401426348,2022,7,regular,2022-10-15 16:00:00,Coastal Carolina,Old Dominion,Sun Belt,Sun Belt,21,49,False,True,Brooks Stadium (SC)
401416622,2022,7,regular,2022-10-15 16:00:00,Bowling Green,Miami (OH),Mid-American,Mid-American,17,13,False,True,Doyt L. Perry Stadium
401446230,2022,7,regular,2022-10-15 16:00:00,Walsh,Lake Erie,Great Midwest Athletic,Great Midwest Athletic,15,22,False,True,Tom Benson Hall of Fame Stadium
401404094,2022,7,regular,2022-10-15 16:00:00,Oklahoma,Kansas,Big 12,Big 12,52,42,False,True,"Memorial Stadium (Norman, OK)"
401429856,2022,7,regular,2022-10-15 16:00:00,Bowie State,Virginia Union,CIAA,CIAA,14,41,False,True,Bulldogs Stadium
401433134,2022,7,regular,2022-10-15 16:00:00,UVA Wise,Tusculum,South Atlantic,South Atlantic,9,10,False,True,Carl Smith Stadium
401416619,2022,7,regular,2022-10-15 16:00:00,Akron,Central Michigan,Mid-American,Mid-American,21,28,False,True,InfoCision Stadium
401405112,2022,7,regular,2022-10-15 16:00:00,Illinois,Minnesota,Big Ten,Big Ten,26,14,False,True,"Memorial Stadium (Champaign, IL)"
401404139,2022,7,regular,2022-10-15 16:00:00,Army,Colgate,FBS Independents,Patriot,42,17,False,False,Michie Stadium
401433127,2022,7,regular,2022-10-15 16:00:00,Limestone,Wingate,South Atlantic,South Atlantic,21,28,False,True,The Reservation
401433034,2022,7,regular,2022-10-15 16:00:00,Shepherd,Millersville,Pennsylvania State Athletic,Pennsylvania State Athletic,55,17,False,True,Ram Stadium (WV)
401411140,2022,7,regular,2022-10-15 16:30:00,Virginia Tech,Miami,ACC,ACC,14,20,False,True,Lane Stadium
401432891,2022,7,regular,2022-10-15 16:30:00,Wisconsin Eau Claire,Wisconsin La Crosse,Wisconsin,Wisconsin,21,51,False,True,Carson Park
401431213,2022,7,regular,2022-10-15 17:00:00,Olivet,Trine,Michigan,Michigan,37,39,False,True,Cutler Field
401432620,2022,7,regular,2022-10-15 17:00:00,Wabash,Ohio Wesleyan,North Coast,North Coast,41,24,False,True,Little Giant Stadium
401432786,2022,7,regular,2022-10-15 17:00:00,Bethany (WV),Waynesburg,Presidents',Presidents',17,34,False,True,Bison Stadium
401432730,2022,7,regular,2022-10-15 17:00:00,Shenandoah,Guilford,Old Dominion,Old Dominion,38,35,False,True,Shentel Stadium
401432846,2022,7,regular,2022-10-15 17:00:00,Martin Luther,Finlandia University,Upper Midwest,Upper Midwest,34,0,False,True,MLC Bowl
401431199,2022,7,regular,2022-10-15 17:00:00,Alma,Hope,Michigan,Michigan,28,26,False,True,Bahlke Field
401431260,2022,7,regular,2022-10-15 17:00:00,Monmouth (IL),Beloit,Midwest,Midwest,64,0,False,True,April Zorn Memorial Stadium
401432840,2022,7,regular,2022-10-15 17:00:00,Crown,Minnesota Morris,Upper Midwest,Upper Midwest,27,0,False,True,Old National Bank Stadium
401431046,2022,7,regular,2022-10-15 17:00:00,Curry,Husson,Commonwealth Coast,Commonwealth Coast,26,38,False,True,Walter M. Katz Field
401431062,2022,7,regular,2022-10-15 17:00:00,Nichols,New England,Commonwealth Coast,Commonwealth Coast,12,31,False,True,Vendetti Field
401432754,2022,7,regular,2022-10-15 17:00:00,Washington & Jefferson,Carnegie Mellon,Presidents',Presidents',7,12,False,True,Cameron Stadium
401432792,2022,7,regular,2022-10-15 17:00:00,Westminster (PA),Thiel,Presidents',Presidents',41,6,False,True,Memorial Field (PA)
401432798,2022,7,regular,2022-10-15 17:00:00,Centre,Berry,Southern Athletic,Southern Athletic,30,31,False,True,Farris Stadium
401435203,2022,7,regular,2022-10-15 17:00:00,Southern Virginia,Maryville (TN),USA South,USA South,7,45,False,True,Knight Stadium
401431251,2022,7,regular,2022-10-15 17:00:00,Minnesota Duluth,Concordia St. Paul,Northern Sun,Northern Sun,53,7,False,True,Sea Foam Stadium
401455637,2022,7,regular,2022-10-15 17:00:00,Widener,Alvernia,Mid Atlantic,Mid Atlantic,16,19,False,True,Leslie C. Quick Jr. Stadium
401444599,2022,7,regular,2022-10-15 17:00:00,Colby,Amherst,NESCAC,NESCAC,17,12,False,True,Seaverns Field At Harold Alfond Stadium
401432768,2022,7,regular,2022-10-15 17:00:00,Saint Vincent,Geneva,Presidents',Presidents',41,25,False,True,Chuck Noll Field
401432721,2022,7,regular,2022-10-15 17:00:00,Hampden Sydney,Averett,Old Dominion,Old Dominion,37,26,False,False,Lewis C. Everett Stadium
401428192,2022,7,regular,2022-10-15 17:00:00,Campbell,Robert Morris,Big South,Big South,41,10,False,True,Barker-Lane Stadium
401423434,2022,7,regular,2022-10-15 17:00:00,Merrimack,Wagner,NEC,NEC,54,17,False,True,Duane Stadium
401442045,2022,7,regular,2022-10-15 17:00:00,Sacred Heart,Stonehill,NEC,NEC,40,27,False,True,Campus Field
401441944,2022,7,regular,2022-10-15 17:00:00,SUNY Cortland,Hartwick,Empire 8,Empire 8,69,7,False,True,Stadium Red Field
401438665,2022,7,regular,2022-10-15 17:00:00,Randolph Macon,Bridgewater,Old Dominion,Old Dominion,44,7,False,True,Day Field
401438645,2022,7,regular,2022-10-15 17:00:00,Lebanon Valley,Delaware Valley,Mid Atlantic,Mid Atlantic,10,34,False,True,Arnold Field (PA)
401438688,2022,7,regular,2022-10-15 17:00:00,William Paterson,Rowan,New Jersey,New Jersey,9,14,False,True,Wightman Stadium
401435126,2022,7,regular,2022-10-15 17:00:00,Middlebury,Trinity (CT),NESCAC,NESCAC,21,27,False,True,Alumni Stadium (VT)
401435191,2022,7,regular,2022-10-15 17:00:00,Rhodes,Trinity (TX),Southern Athletic,Southern Athletic,0,45,False,True,Crain Field
401437001,2022,7,regular,2022-10-15 17:00:00,Juniata,Franklin & Marshall,Centennial,Centennial,13,38,False,True,Knox Stadium
401431112,2022,7,regular,2022-10-15 17:00:00,Alfred,St. John Fisher,Empire 8,Empire 8,7,21,False,True,Merrill Field at Yunevich Stadium
401432555,2022,7,regular,2022-10-15 17:00:00,Ithaca,St. Lawrence,Liberty League,Liberty League,40,0,False,True,Butterfield Stadium
401432130,2022,7,regular,2022-10-15 17:00:00,West Virginia Wesleyan,Notre Dame College,Mountain East,Mountain East,9,41,False,True,Cebe Ross Field
401423428,2022,7,regular,2022-10-15 17:00:00,Long Island University,Saint Francis,NEC,NEC,7,57,False,True,Bethpage Federal Credit Union Stadium
401414783,2022,7,regular,2022-10-15 17:00:00,Massachusetts,Buffalo,FBS Independents,Mid-American,7,34,False,False,Warren McGuirk Alumni Stadium
401429866,2022,7,regular,2022-10-15 17:00:00,Elizabeth City State,Lincoln (PA),CIAA,CIAA,21,19,False,True,Roebuck Stadium
401437189,2022,7,regular,2022-10-15 17:00:00,New Haven,Post,Northeast 10,Independent DII,67,20,False,False,Ralph F. DellaCamera Stadium
401431547,2022,7,regular,2022-10-15 17:00:00,Michigan Tech,Northern Michigan,GLIAC,GLIAC,21,7,False,True,Sherman Field
401430719,2022,7,regular,2022-10-15 17:00:00,St. Augustine's,Johnson C. Smith,CIAA,CIAA,28,25,False,True,George Williams Athletic Complex
401430699,2022,7,regular,2022-10-15 17:00:00,Chowan,Virginia State,CIAA,CIAA,43,40,False,True,Garrison Stadium
401431556,2022,7,regular,2022-10-15 17:00:00,Northwood,Hillsdale,Great Midwest Athletic,Great Midwest Athletic,7,41,False,False,Hantz Stadium
401431537,2022,7,regular,2022-10-15 17:00:00,Ferris State,Grand Valley State,GLIAC,GLIAC,21,22,False,True,Top Taggart Field
401432982,2022,7,regular,2022-10-15 17:00:00,Lock Haven,Bloomsburg,Pennsylvania State Athletic,Pennsylvania State Athletic,9,17,False,True,Hubert Jack Stadium
401432398,2022,7,regular,2022-10-15 17:00:00,Minnesota St Moorhead,Bemidji State,Northern Sun,Northern Sun,7,46,False,True,Scheels Field at Nemzek Stadium
401433017,2022,7,regular,2022-10-15 17:00:00,Shippensburg,Kutztown,Pennsylvania State Athletic,Pennsylvania State Athletic,10,29,False,True,Seth Grove Stadium
401433055,2022,7,regular,2022-10-15 17:00:00,Slippery Rock,Gannon,Pennsylvania State Athletic,Pennsylvania State Athletic,40,14,False,True,Mihalik-Thompson Stadium
401455636,2022,7,regular,2022-10-15 17:00:00,Pace,American International,Northeast 10,Northeast 10,45,34,False,True,Pace Stadium
401432123,2022,7,regular,2022-10-15 17:00:00,Wheeling,Frostburg State,Mountain East,Mountain East,31,27,False,True,Bishop Schmitt Field
401432105,2022,7,regular,2022-10-15 17:00:00,Concord,Charleston (WV),Mountain East,Mountain East,68,60,False,True,Callaghan Stadium
401455578,2022,7,regular,2022-10-15 17:00:00,Assumption,Bentley,Northeast 10,Northeast 10,3,10,False,True,Multi-Sport Stadium
401431836,2022,7,regular,2022-10-15 17:00:00,North Greenville,West Georgia,Gulf South,Gulf South,35,38,False,True,Younts Stadium
401415200,2022,7,regular,2022-10-15 17:00:00,Pennsylvania,Columbia,Ivy,Ivy,34,14,False,True,Franklin Field
401415408,2022,7,regular,2022-10-15 17:00:00,Cornell,Lehigh,Ivy,Patriot,19,15,False,False,Schoellkopf Field
401424397,2022,7,regular,2022-10-15 17:00:00,Rhode Island,Elon,CAA,CAA,17,10,False,True,Meade Stadium
401423148,2022,7,regular,2022-10-15 17:00:00,Davidson,Morehead State,Pioneer,Pioneer,28,26,False,True,Richardson Stadium
401424407,2022,7,regular,2022-10-15 17:00:00,Maine,Monmouth,CAA,CAA,38,28,False,True,Alfond Stadium
401435488,2022,7,regular,2022-10-15 17:00:00,North Carolina A&T,Edward Waters,Big South,SIAC,45,7,False,False,Aggie Stadium
401418647,2022,7,regular,2022-10-15 17:00:00,Kennesaw State,Central Arkansas,Atlantic Sun,Atlantic Sun,24,51,False,True,Fifth Third Stadium
401432096,2022,7,regular,2022-10-15 17:30:00,Glenville State,Alderson-Broaddus,Mountain East,Mountain East,31,12,False,True,I.L. & Sue Morris Stadium
401413208,2022,7,regular,2022-10-15 17:30:00,Wofford,The Citadel,Southern,Southern,31,16,False,True,Gibbs Stadium
401428476,2022,7,regular,2022-10-15 17:30:00,South Carolina State,Virginia Lynchburg,MEAC,,36,0,False,False,Oliver C. Dawson Stadium
401430675,2022,7,regular,2022-10-15 17:30:00,Winston-Salem State,Shaw,CIAA,CIAA,17,10,False,True,Bowman Gray Stadium
401418607,2022,7,regular,2022-10-15 17:30:00,Dartmouth,New Hampshire,Ivy,CAA,0,14,False,False,Memorial Field
401430712,2022,7,regular,2022-10-15 17:30:00,Livingstone,Fayetteville State,CIAA,CIAA,7,44,False,True,Alumni Memorial Stadium (NC)
401455586,2022,7,regular,2022-10-15 17:30:00,Williams,Hamilton,NESCAC,NESCAC,13,15,False,True,Farley-Lamb Field
401431148,2022,7,regular,2022-10-15 17:30:00,Bluffton,Rose Hulman,Heartland,Heartland,20,48,False,True,Alumni Field (OH)
401435185,2022,7,regular,2022-10-15 17:30:00,Marietta,Wilmington (OH),Ohio,Ohio,34,0,False,True,Don Drumm Stadium
401431140,2022,7,regular,2022-10-15 17:30:00,Anderson (IN),Mount St Joseph,Heartland,Heartland,3,59,False,True,Macholtz Stadium
401421131,2022,7,regular,2022-10-15 17:30:00,Chattanooga,VMI,Southern,Southern,41,13,False,True,Finley Stadium
401432666,2022,7,regular,2022-10-15 17:30:00,Baldwin Wallace,Muskingum,Ohio,Ohio,35,21,False,True,George Finnie Stadium
401431122,2022,7,regular,2022-10-15 17:30:00,Franklin,Defiance College,Heartland,Heartland,48,19,False,True,"Stewart """"Red"""" Faught Stadium"
401431132,2022,7,regular,2022-10-15 17:30:00,Manchester,Hanover,Heartland,Heartland,20,51,False,True,Carl W. Burt Memorial Stadium
401435136,2022,7,regular,2022-10-15 17:30:00,Coast Guard,Catholic,NEWMAC,NEWMAC,17,24,False,True,Cadet Memorial Field
401432685,2022,7,regular,2022-10-15 17:30:00,Capital,Mount Union,Ohio,Ohio,14,49,False,True,Bernlohr Stadium
401432675,2022,7,regular,2022-10-15 17:30:00,Ohio Northern,John Carroll,Ohio,Ohio,7,24,False,True,Dial-Roberson Stadium
401431306,2022,7,regular,2022-10-15 18:00:00,St. Norbert,Concordia (WI),NACC,NACC,21,28,False,True,Donald J. Schneider Stadium
401432516,2022,7,regular,2022-10-15 18:00:00,Simpson (IA),Loras,American Rivers,American Rivers,21,63,False,True,Bill Buxton Stadium
401432522,2022,7,regular,2022-10-15 18:00:00,Hardin Simmons,East Texas Baptist,American Southwest,American Southwest,27,7,False,True,Shelton Stadium
401432814,2022,7,regular,2022-10-15 18:00:00,Hendrix,Sewanee,Southern Athletic,Southern Athletic,48,21,False,True,Young-Wise Memorial Stadium
401432858,2022,7,regular,2022-10-15 18:00:00,Carleton,St. Scholastica,Minnesota,Minnesota,56,20,False,True,Laird Stadium
401432876,2022,7,regular,2022-10-15 18:00:00,Huntingdon,Brevard,USA South,USA South,38,14,False,True,Charles Lee Field at Samford Stadium
401435105,2022,7,regular,2022-10-15 18:00:00,St. Olaf,Saint John's (MN),Minnesota,Minnesota,10,49,False,True,Klein Field at Manitou
401430744,2022,7,regular,2022-10-15 18:00:00,Ouachita Baptist,Arkansas Monticello,Great American,Great American,41,7,False,True,Cliff Harris Stadium
401432866,2022,7,regular,2022-10-15 18:00:00,Greenville,Westminster (MO),Upper Midwest,Upper Midwest,52,0,False,True,Francis Field (IL)
401432336,2022,7,regular,2022-10-15 18:00:00,Kentucky State,Allen,SIAC,SIAC,41,22,False,True,Alumni Stadium (KY)
401432379,2022,7,regular,2022-10-15 18:00:00,Southern Connecticut State,Franklin Pierce,Northeast 10,Northeast 10,37,20,False,True,Jess Dow Field
401431956,2022,7,regular,2022-10-15 18:00:00,Nebraska Kearney,Emporia State,Mid America,Mid America,21,44,False,True,Ron & Carol Cope Stadium at Foster Field
401431494,2022,7,regular,2022-10-15 18:00:00,Saginaw Valley State,Indianapolis,GLIAC,Great Lakes,38,14,False,False,Harvey Randall Wickes Memorial Stadium
401435206,2022,7,regular,2022-10-15 18:00:00,Wisconsin Platteville,Wisconsin River Falls,Wisconsin,Wisconsin,21,14,False,True,Ralph E. Davis Pioneer Stadium
401431514,2022,7,regular,2022-10-15 18:00:00,William Jewell,Missouri S&T,Great Lakes,Great Lakes,14,41,False,True,Greene Stadium
401432899,2022,7,regular,2022-10-15 18:00:00,Wisconsin Stevens Point,Wisconsin Stout,Wisconsin,Wisconsin,0,55,False,True,Community Stadium at Goerke Park
401433065,2022,7,regular,2022-10-15 18:00:00,Chadron State,Adams State,Rocky Mountain,Rocky Mountain,29,27,False,True,Elliott Field at Don Beebe Stadium
401431289,2022,7,regular,2022-10-15 18:00:00,Knox,Grinnell,Midwest,Midwest,28,7,False,True,Harley Knosher Bowl
401431221,2022,7,regular,2022-10-15 18:00:00,Macalester,Augsburg,Minnesota,Minnesota,21,42,False,False,Macalester Stadium
401431279,2022,7,regular,2022-10-15 18:00:00,Lake Forest,Ripon,Midwest,Midwest,14,16,False,True,Farwell Field
401431270,2022,7,regular,2022-10-15 18:00:00,Illinois College,Lawrence,Midwest,Midwest,57,0,False,True,England Stadium
401433431,2022,7,regular,2022-10-15 18:00:00,Austin,McMurry,American Southwest,American Southwest,21,24,False,True,Jerry E. Apple Stadium
401430927,2022,7,regular,2022-10-15 18:00:00,Buena Vista,Central College,American Rivers,American Rivers,27,52,False,True,J. Leslie Rollins Stadium
401431072,2022,7,regular,2022-10-15 18:00:00,Carthage,Wheaton (IL),CCIW,CCIW,24,59,False,True,Art Keller Field
401431025,2022,7,regular,2022-10-15 18:00:00,Texas Lutheran,Mary Hardin Baylor,American Southwest,American Southwest,16,45,False,True,Bulldog Stadium (TX)
401431089,2022,7,regular,2022-10-15 18:00:00,North Central College,Millikin,CCIW,CCIW,65,0,False,True,Benedetti-Wehrli Stadium
401432713,2022,7,regular,2022-10-15 18:00:00,Ferrum,Washington and Lee,Old Dominion,Old Dominion,7,17,False,True,W.B. Adams Stadium
401430955,2022,7,regular,2022-10-15 18:00:00,Coe,Dubuque,American Rivers,American Rivers,14,15,False,True,Clark Field
401460706,2022,7,regular,2022-10-15 18:00:00,Bethel (MN),Concordia (MN),Minnesota,Minnesota,45,7,False,True,Royal Stadium
401431244,2022,7,regular,2022-10-15 18:00:00,Hamline,Gustavus Adolphus,Minnesota,Minnesota,7,44,False,True,Klas Field
401431098,2022,7,regular,2022-10-15 18:00:00,Illinois Wesleyan,North Park,CCIW,CCIW,0,0,False,True,Tucci Stadium
401421160,2022,7,regular,2022-10-15 18:00:00,Furman,Western Carolina,Southern,Southern,47,40,False,True,Paladin Stadium
401432968,2022,7,regular,2022-10-15 18:00:00,Southwest Minnesota State,Winona State,Northern Sun,Northern Sun,7,43,False,True,Schwan Regional Event Center
401432952,2022,7,regular,2022-10-15 18:00:00,Augustana (SD),Wayne State (NE),Northern Sun,Northern Sun,31,27,False,True,Kirkeby-Over Stadium
401432957,2022,7,regular,2022-10-15 18:00:00,Minnesota State,Upper Iowa,Northern Sun,Northern Sun,43,20,False,True,Blakeslee Stadium
401433095,2022,7,regular,2022-10-15 18:00:00,South Dakota Mines,Colorado School of Mines,Rocky Mountain,Rocky Mountain,20,48,False,True,O'Harra Stadium
401441335,2022,7,regular,2022-10-15 18:00:00,Clark Atlanta,Savannah State,SIAC,SIAC,21,12,False,True,CAU Panther Stadium
401432327,2022,7,regular,2022-10-15 18:00:00,Albany State,Benedict,SIAC,SIAC,20,24,False,True,Albany State University Coliseum
401432350,2022,7,regular,2022-10-15 18:00:00,Fort Valley State,Morehouse,SIAC,SIAC,56,28,False,True,Wildcat Stadium (GA)
401433076,2022,7,regular,2022-10-15 18:00:00,Black Hills State,Western Colorado,Rocky Mountain,Rocky Mountain,27,28,False,True,Lyle Hare Stadium
401424951,2022,7,regular,2022-10-15 18:00:00,Grambling,Florida A&M,SWAC,SWAC,16,20,False,True,Eddie Robinson Stadium
401420792,2022,7,regular,2022-10-15 18:00:00,Norfolk State,Delaware State,MEAC,MEAC,7,28,False,True,"William Dick"""" Price Stadium"""""
401404153,2022,7,regular,2022-10-15 18:00:00,Ball State,UConn,Mid-American,FBS Independents,25,21,False,False,Scheumann Stadium
401404014,2022,7,regular,2022-10-15 18:00:00,Colorado,California,Pac-12,Pac-12,20,13,False,True,Folsom Field
401431891,2022,7,regular,2022-10-15 18:00:00,Western New Mexico,Angelo State,Lone Star,Lone Star,13,52,False,True,Ben Altamirano Field
401423155,2022,7,regular,2022-10-15 18:00:00,St. Thomas (MN),Drake,Pioneer,Pioneer,26,14,False,True,O'Shaughnessy Stadium
401421113,2022,7,regular,2022-10-15 18:00:00,Valparaiso,Butler,Pioneer,Pioneer,25,26,False,True,Brown Field
401418840,2022,7,regular,2022-10-15 18:00:00,Youngstown State,Indiana State,MVFC,MVFC,48,42,False,True,Stambaugh Stadium
401433059,2022,7,regular,2022-10-15 18:05:00,East Stroudsburg,West Chester,Pennsylvania State Athletic,Pennsylvania State Athletic,21,24,False,True,Eiler-Martin Stadium
401431165,2022,7,regular,2022-10-15 18:30:00,Worcester State,Mass Maritime,MSCAC,MSCAC,17,25,False,True,John Coughlin Memorial Field
401430979,2022,7,regular,2022-10-15 18:30:00,Wartburg,Nebraska Wesleyan,American Rivers,American Rivers,65,0,False,True,Walston-Hoover Stadium
401431969,2022,7,regular,2022-10-15 18:30:00,Northwest Missouri State,Washburn,Mid America,Mid America,32,30,False,True,Bearcat Stadium
401431921,2022,7,regular,2022-10-15 18:30:00,Central Missouri,Missouri Southern State,Mid America,Mid America,20,17,False,True,Audrey J. Walton Stadium at Vernon Kennedy Field
401432704,2022,7,regular,2022-10-15 18:30:00,Mars Hill,Emory & Henry,South Atlantic,South Atlantic,49,14,False,False,Meares Stadium
401426256,2022,7,regular,2022-10-15 19:00:00,Eastern Illinois,Lindenwood,OVC,OVC,34,37,False,True,O'Brien Stadium
401432435,2022,7,regular,2022-10-15 19:00:00,Minot State,Northern State,Northern Sun,Northern Sun,10,38,False,True,Herb Parker Stadium
401430734,2022,7,regular,2022-10-15 19:00:00,Arkansas Tech,Southern Arkansas,Great American,Great American,33,49,False,True,Thone Stadium at Buerkle Field
401413229,2022,7,regular,2022-10-15 19:00:00,Idaho State,Cal Poly,Big Sky,Big Sky,40,31,False,True,Holt Arena
401431932,2022,7,regular,2022-10-15 19:00:00,Central Oklahoma,Fort Hays,Mid America,Mid America,35,23,False,True,Wantland Stadium
401418832,2022,7,regular,2022-10-15 19:00:00,Illinois State,South Dakota,MVFC,MVFC,12,10,False,True,Hancock Stadium
401425519,2022,7,regular,2022-10-15 19:00:00,Southern Illinois,Western Illinois,MVFC,MVFC,30,7,False,True,Saluki Stadium
401423453,2022,7,regular,2022-10-15 19:00:00,Alabama State,Mississippi Valley State,SWAC,SWAC,24,9,False,True,Hornet Stadium
401413343,2022,7,regular,2022-10-15 19:00:00,Northern Colorado,Montana State,Big Sky,Big Sky,14,37,False,True,Nottingham Field
401413249,2022,7,regular,2022-10-15 19:00:00,Montana,Idaho,Big Sky,Big Sky,23,30,False,True,Washington-Grizzly Stadium
401431454,2022,7,regular,2022-10-15 19:00:00,Harding,Henderson State,Great American,Great American,14,15,False,True,First Security Stadium
401431476,2022,7,regular,2022-10-15 19:00:00,Northwestern (OK),Southeastern Oklahoma State,Great American,Great American,7,44,False,True,Ranger Field
401431283,2022,7,regular,2022-10-15 19:00:00,Chicago,Cornell (IA),Midwest,Midwest,45,7,False,True,Amos Alonzo Stagg Field
401432576,2022,7,regular,2022-10-15 19:00:00,Denison,Hiram,North Coast,North Coast,41,38,False,True,Deeds Field-Piper Stadium
401431002,2022,7,regular,2022-10-15 19:00:00,Howard Payne,Southwestern U,American Southwest,American Southwest,48,17,False,True,Gordon Wood Stadium
401431851,2022,7,regular,2022-10-15 19:00:00,Valdosta State,Mississippi College,Gulf South,Gulf South,40,49,False,True,Bazemore-Hyder Stadium
401445796,2022,7,regular,2022-10-15 19:00:00,Western Connecticut State,Framingham State,MSCAC,MSCAC,21,15,False,True,Westside Athletic Complex
401431941,2022,7,regular,2022-10-15 19:00:00,Lincoln (MO),Pittsburg State,Mid America,Mid America,10,49,False,True,Dwight T. Reed Stadium
401432440,2022,7,regular,2022-10-15 19:00:00,University of Mary,Sioux Falls,Northern Sun,Northern Sun,27,41,False,True,MDU Resources Community Bowl
401403918,2022,7,regular,2022-10-15 19:30:00,Georgia,Vanderbilt,SEC,SEC,55,0,False,True,Sanford Stadium
401431323,2022,7,regular,2022-10-15 19:30:00,Lakeland,Concordia Chicago,NACC,NACC,43,23,False,True,Taylor Field
401424435,2022,7,regular,2022-10-15 19:30:00,Richmond,Villanova,CAA,CAA,20,10,False,True,E. Claiborne Robins Stadium
401426352,2022,7,regular,2022-10-15 19:30:00,Troy,Texas State,Sun Belt,Sun Belt,17,14,False,True,Veterans Memorial Stadium (AL)
401420834,2022,7,regular,2022-10-15 19:30:00,North Dakota State,South Dakota State,MVFC,MVFC,21,23,False,True,Fargodome
401403916,2022,7,regular,2022-10-15 19:30:00,BYU,Arkansas,FBS Independents,SEC,35,52,False,False,LaVell Edwards Stadium
401424434,2022,7,regular,2022-10-15 19:30:00,UAlbany,Hampton,CAA,CAA,37,38,False,True,Bob Ford Field
401416621,2022,7,regular,2022-10-15 19:30:00,Toledo,Kent State,Mid-American,Mid-American,52,31,False,True,Glass Bowl
401416620,2022,7,regular,2022-10-15 19:30:00,Eastern Michigan,Northern Illinois,Mid-American,Mid-American,10,39,False,True,Rynearson Stadium
401411139,2022,7,regular,2022-10-15 19:30:00,Syracuse,NC State,ACC,ACC,24,9,False,True,JMA Wireless Dome
401404095,2022,7,regular,2022-10-15 19:30:00,TCU,Oklahoma State,Big 12,Big 12,43,40,False,True,Amon G. Carter Stadium
401403921,2022,7,regular,2022-10-15 19:30:00,Tennessee,Alabama,SEC,SEC,52,49,False,True,Neyland Stadium
401405114,2022,7,regular,2022-10-15 19:30:00,Indiana,Maryland,Big Ten,Big Ten,33,38,False,True,"Memorial Stadium (Bloomington, IN)"
401426587,2022,7,regular,2022-10-15 19:30:00,Middle Tennessee,Western Kentucky,Conference USA,Conference USA,17,35,False,True,"Johnny ""Red"" Floyd Stadium"
401404162,2022,7,regular,2022-10-15 19:30:00,Liberty,Gardner-Webb,FBS Independents,Big South,21,20,False,False,Williams Stadium (VA)
401426583,2022,7,regular,2022-10-15 19:30:00,UAB,Charlotte,Conference USA,Conference USA,34,20,False,True,Protective Stadium
401416623,2022,7,regular,2022-10-15 19:30:00,Western Michigan,Ohio,Mid-American,Mid-American,14,33,False,True,Waldo Stadium
401424939,2022,7,regular,2022-10-15 20:00:00,Bethune-Cookman,Jackson State,SWAC,SWAC,8,48,False,True,Municipal Stadium
401426586,2022,7,regular,2022-10-15 20:00:00,North Texas,Louisiana Tech,Conference USA,Conference USA,47,27,False,True,DATCU Stadium
401426349,2022,7,regular,2022-10-15 20:00:00,Georgia Southern,James Madison,Sun Belt,Sun Belt,45,38,False,True,Allen E. Paulson Stadium
401418634,2022,7,regular,2022-10-15 20:00:00,Austin Peay,Murray State,Atlantic Sun,OVC,52,17,False,False,Governors Stadium
401418598,2022,7,regular,2022-10-15 20:00:00,Howard,Harvard,MEAC,Ivy,25,41,True,False,Audi Field
401422925,2022,7,regular,2022-10-15 20:00:00,Mercer,East Tennessee State,Southern,Southern,55,33,False,True,Five Star Stadium at the Moye Complex
401420850,2022,7,regular,2022-10-15 20:00:00,Nicholls,Incarnate Word,Southland,Southland,14,49,False,True,Manning Field at John L. Guidry Stadium
401428197,2022,7,regular,2022-10-15 20:00:00,Bryant,Charleston Southern,Big South,Big South,23,24,False,True,Bulldog Stadium
401433101,2022,7,regular,2022-10-15 20:00:00,CSU Pueblo,New Mexico Highlands,Rocky Mountain,Rocky Mountain,35,11,False,True,Neta and Eddie DeRose ThunderBowl
401432650,2022,7,regular,2022-10-15 20:00:00,Pacific (OR),Linfield,Northwest,Northwest,21,42,False,True,Hanson Stadium
401438620,2022,7,regular,2022-10-15 20:00:00,Augustana (IL),Washington St. Louis,CCIW,CCIW,28,49,False,True,Charles D. Lindberg Stadium
401431504,2022,7,regular,2022-10-15 20:00:00,McKendree,Quincy,Great Lakes,Great Lakes,62,63,False,True,Leemon Field
401432827,2022,7,regular,2022-10-15 20:00:00,Claremont Mudd Scripps,Cal Lutheran,So. Cal.,So. Cal.,41,3,False,True,Fritz B. Burns Stadium
401433112,2022,7,regular,2022-10-15 20:00:00,Barton,Lenoir Rhyne,South Atlantic,South Atlantic,0,34,False,False,Electric Supply Company Field
401432611,2022,7,regular,2022-10-15 20:00:00,Wittenberg,Oberlin,North Coast,North Coast,62,7,False,True,Edwards-Maurer Field
401415636,2022,7,regular,2022-10-15 20:00:00,South Florida,Tulane,American Athletic,American Athletic,31,45,False,True,Raymond James Stadium
401405116,2022,7,regular,2022-10-15 20:00:00,Michigan State,Wisconsin,Big Ten,Big Ten,34,28,False,True,Spartan Stadium
401431174,2022,7,regular,2022-10-15 20:00:00,UMass Dartmouth,Westfield State,MSCAC,MSCAC,34,7,False,True,Cressy Field
401432658,2022,7,regular,2022-10-15 20:00:00,Pacific Lutheran,Whitworth,Northwest,Northwest,28,7,False,True,Sparks Stadium
401431615,2022,7,regular,2022-10-15 20:05:00,Western Oregon,West Texas,Lone Star,Lone Star,27,13,False,False,McArthur Field
401418787,2022,7,regular,2022-10-15 20:30:00,Abilene Christian,Southern Utah,Western Athletic,Western Athletic,21,18,False,True,Wildcat Stadium (TX)
401432641,2022,7,regular,2022-10-15 20:30:00,George Fox,Puget Sound,Northwest,Northwest,51,7,False,True,Stoffer Family Stadium
401438622,2022,7,regular,2022-10-15 21:00:00,Birmingham-Southern,Millsaps,Southern Athletic,Southern Athletic,28,0,False,True,General Charles C. Krulak Stadium
401431587,2022,7,regular,2022-10-15 21:00:00,Kentucky Wesleyan,Findlay,Great Midwest Athletic,Great Midwest Athletic,7,44,False,True,Steele Stadium
401431183,2022,7,regular,2022-10-15 21:00:00,Adrian,Kalamazoo,Michigan,Michigan,42,17,False,True,Docking Stadium
401435068,2022,7,regular,2022-10-15 21:00:00,Utica,Brockport,Empire 8,Empire 8,35,21,False,True,Charles A. Gaetano Stadium
401428190,2022,7,regular,2022-10-15 21:00:00,Portland State,Weber State,Big Sky,Big Sky,7,42,False,True,Hillsboro Stadium
401431963,2022,7,regular,2022-10-15 21:00:00,Northeastern State,Missouri Western,Mid America,Mid America,16,23,False,True,Gable Field at Doc Wadley Stadium
401421098,2022,7,regular,2022-10-15 21:00:00,San Diego,Presbyterian,Pioneer,Pioneer,28,3,False,True,Torero Stadium
401420860,2022,7,regular,2022-10-15 21:00:00,Northern Iowa,Utah Tech,MVFC,Western Athletic,41,14,False,False,UNI-Dome
401432359,2022,7,regular,2022-10-15 21:00:00,Miles,Lane College,SIAC,SIAC,32,35,False,True,Albert J. H. Sloan - Alumni Stadium
401404013,2022,7,regular,2022-10-15 21:30:00,Washington,Arizona,Pac-12,Pac-12,49,39,False,True,Husky Stadium
401438683,2022,7,regular,2022-10-15 21:30:00,Lewis & Clark,Willamette,Northwest,Northwest,39,17,False,True,Griswold Stadium
401445217,2022,7,regular,2022-10-15 21:30:00,Bates,Bowdoin,NESCAC,NESCAC,21,14,False,True,Garcelon Field
401441258,2022,7,regular,2022-10-15 22:00:00,Wesleyan (CT),Tufts,NESCAC,NESCAC,26,22,False,True,Corwin Stadium
401435057,2022,7,regular,2022-10-15 22:00:00,Catawba,Newberry,South Atlantic,South Atlantic,27,34,False,True,Shuford Stadium
401432354,2022,7,regular,2022-10-15 22:00:00,Tuskegee,Central State,SIAC,SIAC,49,34,True,True,Cramton Bowl
401431871,2022,7,regular,2022-10-15 22:00:00,Carson Newman,Erskine,South Atlantic,South Atlantic,37,0,False,False,Burke-Tarr Stadium
401432993,2022,7,regular,2022-10-15 22:00:00,Seton Hill,California (PA),Pennsylvania State Athletic,Pennsylvania State Athletic,14,21,False,True,Offutt Field
401433001,2022,7,regular,2022-10-15 22:00:00,Mercyhurst,Clarion,Pennsylvania State Athletic,Pennsylvania State Athletic,21,23,False,True,Saxon Stadium
401424436,2022,7,regular,2022-10-15 22:00:00,Fordham,Stony Brook,Patriot,CAA,45,14,False,False,Jack Coffey Field
401418639,2022,7,regular,2022-10-15 22:00:00,Eastern Kentucky,Sam Houston,Atlantic Sun,Western Athletic,17,25,False,False,Roy Kidd Stadium
401426585,2022,7,regular,2022-10-15 22:00:00,Florida Atlantic,Rice,Conference USA,Conference USA,17,14,False,True,FAU Stadium
401431487,2022,7,regular,2022-10-15 22:30:00,Southwestern Oklahoma State,Southern Nazarene,Great American,Great American,38,45,False,True,Milam Stadium
401426351,2022,7,regular,2022-10-15 23:00:00,Southern Miss,Arkansas State,Sun Belt,Sun Belt,20,19,False,True,M. M. Roberts Stadium
401431081,2022,7,regular,2022-10-15 23:00:00,Elmhurst,Carroll (WI),CCIW,Midwest,28,31,False,False,Langhorst Field
401431314,2022,7,regular,2022-10-15 23:00:00,Eureka,Aurora,NACC,NACC,13,72,False,True,Pete FioRito Stadium at McKinzie Field
401432568,2022,7,regular,2022-10-15 23:00:00,Wisconsin Lutheran,Rockford,NACC,NACC,52,35,False,True,Warrior Field at Raabe Stadium
401431529,2022,7,regular,2022-10-15 23:00:00,Truman State,Southwest Baptist,Great Lakes,Great Lakes,25,20,False,True,Stokes Stadium
401431574,2022,7,regular,2022-10-15 23:00:00,Ashland,Ohio Dominican,Great Midwest Athletic,Great Midwest Athletic,14,7,False,True,Jack Miller Stadium
401432745,2022,7,regular,2022-10-15 23:00:00,Allegheny,Grove City,Presidents',Presidents',17,44,False,False,Frank B. Fuhrer Field
401413239,2022,7,regular,2022-10-15 23:00:00,Eastern Washington,Sacramento State,Big Sky,Big Sky,28,52,False,True,Roos Field
401420875,2022,7,regular,2022-10-15 23:00:00,Stephen F. Austin,Tarleton State,Western Athletic,Western Athletic,41,24,False,True,Homer Bryce Stadium
401462221,2022,7,regular,2022-10-15 23:00:00,Houston Christian,Northwestern State,Southland,Southland,10,37,False,True,Husky Stadium
401403917,2022,7,regular,2022-10-15 23:00:00,Florida,LSU,SEC,SEC,35,45,False,True,Ben Hill Griffin Stadium
401415238,2022,7,regular,2022-10-15 23:00:00,Colorado State,Utah State,Mountain West,Mountain West,13,17,False,True,Canvas Stadium
401426350,2022,7,regular,2022-10-15 23:00:00,South Alabama,UL Monroe,Sun Belt,Sun Belt,41,34,False,True,Hancock Whitney Stadium
401425423,2022,7,regular,2022-10-15 23:00:00,Tennessee Tech,Tennessee State,OVC,OVC,14,30,False,True,Tucker Stadium
401415173,2022,7,regular,2022-10-15 23:00:00,UC Davis,Northern Arizona,Big Sky,Big Sky,56,27,False,True,Aggie Stadium
401423928,2022,7,regular,2022-10-15 23:00:00,Southern,Alcorn State,SWAC,SWAC,21,17,False,True,Ace W. Mumford Stadium
401413219,2022,7,regular,2022-10-15 23:00:00,North Alabama,Jacksonville State,Atlantic Sun,Atlantic Sun,31,47,True,False,Toyota Field
401431828,2022,7,regular,2022-10-15 23:00:00,Delta State,West Alabama,Gulf South,Gulf South,20,7,False,True,Parker Field at McCool Stadium
401431468,2022,7,regular,2022-10-15 23:00:00,Oklahoma Baptist,East Central,Great American,Great American,20,34,False,True,Crain Family Stadium
401405113,2022,7,regular,2022-10-15 23:30:00,Purdue,Nebraska,Big Ten,Big Ten,43,37,False,True,Ross-Ade Stadium
401411138,2022,7,regular,2022-10-15 23:30:00,Florida State,Clemson,ACC,ACC,28,34,False,True,Doak Campbell Stadium
401404016,2022,7,regular,2022-10-15 23:30:00,Notre Dame,Stanford,FBS Independents,Pac-12,14,16,False,False,Notre Dame Stadium
401415637,2022,7,regular,2022-10-15 23:30:00,East Carolina,Memphis,American Athletic,American Athletic,47,45,False,True,Dowdy-Ficklen Stadium
401403919,2022,7,regular,2022-10-15 23:30:00,Kentucky,Mississippi State,SEC,SEC,27,17,False,True,Kroger Field
401462222,2022,7,regular,2022-10-16 00:00:00,McNeese,East Texas A&M,Southland,Southland,15,40,False,True,Cowboy Stadium
401439556,2022,7,regular,2022-10-16 00:00:00,La Verne,Whittier,So. Cal.,So. Cal.,43,20,False,True,Ortmayer Stadium
401431605,2022,7,regular,2022-10-16 00:00:00,Eastern New Mexico,Simon Fraser,Lone Star,Lone Star,42,14,False,False,Al Whitehead Field at Greyhound Stadium
401433091,2022,7,regular,2022-10-16 00:00:00,Colorado Mesa,Fort Lewis,Rocky Mountain,Rocky Mountain,70,10,False,True,Ralph Stocker Stadium
401404017,2022,7,regular,2022-10-16 00:00:00,Utah,USC,Pac-12,Pac-12,43,42,False,True,Rice-Eccles Stadium
401411137,2022,7,regular,2022-10-16 00:00:00,Duke,North Carolina,ACC,ACC,35,38,False,True,Wallace Wade Stadium
401431905,2022,7,regular,2022-10-16 00:00:00,Texas A&M-Kingsville,UT Permian Basin,Lone Star,Lone Star,13,10,False,True,Javelina Stadium
401409239,2022,7,regular,2022-10-16 00:00:00,New Mexico State,New Mexico,FBS Independents,Mountain West,21,9,False,False,Aggie Memorial Stadium
401404015,2022,7,regular,2022-10-16 01:00:00,Oregon State,Washington State,Pac-12,Pac-12,24,10,False,True,Reser Stadium
401431596,2022,7,regular,2022-10-16 01:00:00,Central Washington,Midwestern State,Lone Star,Lone Star,17,10,False,False,Tomlinson Stadium
401432833,2022,7,regular,2022-10-16 02:00:00,Chapman,Redlands,So. Cal.,So. Cal.,38,28,False,True,Ernie Chapman Stadium
401415237,2022,7,regular,2022-10-16 02:30:00,UNLV,Air Force,Mountain West,Mountain West,7,42,False,True,Allegiant Stadium
401415239,2022,7,regular,2022-10-16 02:45:00,Fresno State,San José State,Mountain West,Mountain West,17,10,False,True,Valley Children's Stadium
401415240,2022,7,regular,2022-10-16 03:59:00,Hawai'i,Nevada,Mountain West,Mountain West,31,16,False,True,Clarence T.C. Ching Athletics Complex
401423443,2022,7,regular,2022-10-16 20:00:00,Arkansas-Pine Bluff,Alabama A&M,SWAC,SWAC,31,34,True,True,The Dome at America's Center
401426353,2022,8,regular,2022-10-19 23:30:00,App State,Georgia State,Sun Belt,Sun Belt,42,17,False,True,Kidd Brewer Stadium
401431847,2022,8,regular,2022-10-20 23:00:00,Shorter,Delta State,Gulf South,Gulf South,10,45,False,True,Barron Stadium
401446232,2022,8,regular,2022-10-20 23:00:00,Frostburg State,Fairmont State,Mountain East,Mountain East,16,14,False,True,Bobcat Stadium (MD)
401426354,2022,8,regular,2022-10-20 23:30:00,South Alabama,Troy,Sun Belt,Sun Belt,6,10,False,True,Hancock Whitney Stadium
401411141,2022,8,regular,2022-10-20 23:30:00,Georgia Tech,Virginia,ACC,ACC,9,16,False,True,Bobby Dodd Stadium
401418599,2022,8,regular,2022-10-21 23:00:00,Harvard,Princeton,Ivy,Ivy,10,37,False,True,Harvard Stadium
401423435,2022,8,regular,2022-10-21 23:00:00,Wagner,Long Island University,NEC,NEC,37,26,False,True,Wagner College Stadium
401415638,2022,8,regular,2022-10-21 23:30:00,Temple,Tulsa,American Athletic,American Athletic,16,27,False,True,Lincoln Financial Field
401426592,2022,8,regular,2022-10-22 00:00:00,Western Kentucky,UAB,Conference USA,Conference USA,20,17,False,True,Houchens Industries-L.T. Smith Stadium
401411142,2022,8,regular,2022-10-22 16:00:00,Clemson,Syracuse,ACC,ACC,27,21,False,True,"Memorial Stadium (Clemson, SC)"
401431404,2022,8,regular,2022-10-22 16:00:00,Colgate,Georgetown,Patriot,Patriot,34,24,False,True,Andy Kerr Stadium
401428459,2022,8,regular,2022-10-22 16:00:00,Robert Morris,North Carolina A&T,Big South,Big South,14,38,False,True,Joe Walton Stadium
401422982,2022,8,regular,2022-10-22 16:00:00,Lehigh,Bucknell,Patriot,Patriot,17,19,False,True,Goodman Stadium
401425427,2022,8,regular,2022-10-22 16:00:00,Central Connecticut,Duquesne,NEC,NEC,6,30,False,True,Arute Field
401444119,2022,8,regular,2022-10-22 16:00:00,Clark Atlanta,Fort Valley State,SIAC,SIAC,21,41,False,True,CAU Panther Stadium
401432106,2022,8,regular,2022-10-22 16:00:00,Charleston (WV),UNC Pembroke,Mountain East,Mountain East,70,21,False,True,University of Charleston Stadium
401416628,2022,8,regular,2022-10-22 16:00:00,Kent State,Akron,Mid-American,Mid-American,33,27,False,True,Dix Stadium
401415641,2022,8,regular,2022-10-22 16:00:00,SMU,Cincinnati,American Athletic,American Athletic,27,29,False,True,Gerald J. Ford Stadium
401405119,2022,8,regular,2022-10-22 16:00:00,Ohio State,Iowa,Big Ten,Big Ten,54,10,False,True,Ohio Stadium
401404140,2022,8,regular,2022-10-22 16:00:00,Army,UL Monroe,FBS Independents,Sun Belt,48,24,False,False,Michie Stadium
401403926,2022,8,regular,2022-10-22 16:00:00,Tennessee,UT Martin,SEC,OVC,65,24,False,False,Neyland Stadium
401455574,2022,8,regular,2022-10-22 16:00:00,Davenport,Lincoln (CA),GLIAC,,58,14,False,False,Farmers Insurance Athletic Complex
401438597,2022,8,regular,2022-10-22 16:00:00,Gannon,Mercyhurst,Pennsylvania State Athletic,Pennsylvania State Athletic,49,14,False,True,McConnell Family Stadium
401430691,2022,8,regular,2022-10-22 16:00:00,Lincoln (PA),Virginia Union,CIAA,CIAA,20,45,False,True,Lincoln University Stadium
401432131,2022,8,regular,2022-10-22 16:00:00,Notre Dame College,Glenville State,Mountain East,Mountain East,38,16,False,True,Mueller Field
401431166,2022,8,regular,2022-10-22 16:00:00,Mass Maritime,Western Connecticut State,MSCAC,MSCAC,3,24,False,True,Clean Harbors Stadium
401435120,2022,8,regular,2022-10-22 16:00:00,Wittenberg,Denison,North Coast,North Coast,10,28,False,True,Edwards-Maurer Field
401431113,2022,8,regular,2022-10-22 16:00:00,SUNY Morrisville,Alfred,Empire 8,Empire 8,36,0,False,True,Drake Field (NY)
401456809,2022,8,regular,2022-10-22 16:00:00,American International,Assumption,Northeast 10,Northeast 10,7,24,False,True,Ronald J. Abdow Field
401438638,2022,8,regular,2022-10-22 16:00:00,Stevenson,FDU Florham,Mid Atlantic,Mid Atlantic,20,7,False,True,Mustang Stadium
401435095,2022,8,regular,2022-10-22 16:00:00,Union,Rochester (NY),Liberty League,Liberty League,27,7,False,True,Frank Bailey Field
401415640,2022,8,regular,2022-10-22 16:00:00,Navy,Houston,American Athletic,American Athletic,20,38,False,True,Navy-Marine Corps Memorial Stadium
401441948,2022,8,regular,2022-10-22 16:00:00,Keystone,Vermont State Castleton,ECFC,ECFC,20,35,False,True,Athletic Field Complex
401445808,2022,8,regular,2022-10-22 16:00:00,Hamilton,Colby,NESCAC,NESCAC,12,18,False,True,Steuben Field
401405121,2022,8,regular,2022-10-22 16:00:00,Rutgers,Indiana,Big Ten,Big Ten,24,17,False,True,SHI Stadium
401437205,2022,8,regular,2022-10-22 16:00:00,Alfred State,Dean,ECFC,ECFC,35,36,False,True,Pioneer Stadium
401438646,2022,8,regular,2022-10-22 16:00:00,King's,Lebanon Valley,Mid Atlantic,Mid Atlantic,34,24,False,True,McCarthy Stadium (Wilkes Barre)
401433046,2022,8,regular,2022-10-22 16:00:00,West Chester,Shepherd,Pennsylvania State Athletic,Pennsylvania State Athletic,14,47,False,True,John A. Farrell Stadium
401433002,2022,8,regular,2022-10-22 16:00:00,Clarion,Edinboro,Pennsylvania State Athletic,Pennsylvania State Athletic,17,47,False,True,"Memorial Stadium (Clarion, PA)"
401404096,2022,8,regular,2022-10-22 16:00:00,Baylor,Kansas,Big 12,Big 12,35,23,False,True,McLane Stadium
401450148,2022,8,regular,2022-10-22 16:00:00,Worcester State,Plymouth State,MSCAC,MSCAC,21,49,False,True,John Coughlin Memorial Field
401443114,2022,8,regular,2022-10-22 16:00:00,Juniata,Muhlenberg,Centennial,Centennial,12,57,False,True,Knox Stadium
401438670,2022,8,regular,2022-10-22 16:00:00,Norwich,MIT,NEWMAC,NEWMAC,21,11,False,True,Sabine Field at Haynes Family Stadium
401438612,2022,8,regular,2022-10-22 16:00:00,Salve Regina,Nichols,Commonwealth Coast,Commonwealth Coast,42,21,False,True,Toppa Field
401431175,2022,8,regular,2022-10-22 16:00:00,Fitchburg State,UMass Dartmouth,MSCAC,MSCAC,0,49,False,True,Elliot Field Athletic Complex
401411144,2022,8,regular,2022-10-22 16:30:00,Miami,Duke,ACC,ACC,21,45,False,True,Hard Rock Stadium
401415191,2022,8,regular,2022-10-22 16:30:00,Brown,Cornell,Ivy,Ivy,21,24,False,True,Brown Stadium
401432100,2022,8,regular,2022-10-22 17:00:00,Alderson-Broaddus,West Virginia Wesleyan,Mountain East,Mountain East,30,31,False,True,Multi-Sport Performance Stadium
401430724,2022,8,regular,2022-10-22 17:00:00,St. Augustine's,Winston-Salem State,CIAA,CIAA,14,41,False,True,George Williams Athletic Complex
401431575,2022,8,regular,2022-10-22 17:00:00,Ashland,Tiffin,Great Midwest Athletic,Great Midwest Athletic,28,20,False,True,Jack Miller Stadium
401432355,2022,8,regular,2022-10-22 17:00:00,Central State,Edward Waters,SIAC,SIAC,13,45,False,True,McPherson Memorial Stadium
401429857,2022,8,regular,2022-10-22 17:00:00,Bowie State,Chowan,CIAA,CIAA,15,21,False,True,Bulldogs Stadium
401432337,2022,8,regular,2022-10-22 17:00:00,Allen,Bluefield State,SIAC,Independent DII,50,14,False,False,W.C. Hawkins Stadium
401431548,2022,8,regular,2022-10-22 17:00:00,Ferris State,Michigan Tech,GLIAC,GLIAC,28,20,False,True,Top Taggart Field
401430676,2022,8,regular,2022-10-22 17:00:00,Shaw,Livingstone,CIAA,CIAA,28,14,False,True,George Williams Athletic Complex
401430713,2022,8,regular,2022-10-22 17:00:00,Johnson C. Smith,Fayetteville State,CIAA,CIAA,13,21,False,True,Irwin Belk Complex
401429867,2022,8,regular,2022-10-22 17:00:00,Elizabeth City State,Virginia State,CIAA,CIAA,12,34,False,True,Roebuck Stadium
401424408,2022,8,regular,2022-10-22 17:00:00,Monmouth,Rhode Island,CAA,CAA,46,48,False,True,Kessler Stadium
401428487,2022,8,regular,2022-10-22 17:00:00,Presbyterian,St. Thomas (MN),Pioneer,Pioneer,17,46,False,True,Bailey Memorial Stadium
401423420,2022,8,regular,2022-10-22 17:00:00,Merrimack,Sacred Heart,NEC,NEC,31,25,False,True,Duane Stadium
401423916,2022,8,regular,2022-10-22 17:00:00,Pennsylvania,Yale,Ivy,Ivy,20,13,False,True,Franklin Field
401441291,2022,8,regular,2022-10-22 17:00:00,Saint Francis,Stonehill,NEC,NEC,17,13,False,True,DeGol Field
401418833,2022,8,regular,2022-10-22 17:00:00,Indiana State,Illinois State,MVFC,MVFC,21,27,False,True,Memorial Stadium
401432380,2022,8,regular,2022-10-22 17:00:00,Franklin Pierce,Pace,Northeast 10,Northeast 10,7,50,True,True,Sodexo Field
401425516,2022,8,regular,2022-10-22 17:00:00,Howard,Delaware State,MEAC,MEAC,35,17,False,True,William H. Greene Stadium
401416629,2022,8,regular,2022-10-22 17:00:00,Central Michigan,Bowling Green,Mid-American,Mid-American,18,34,False,True,Kelly/Shorts Stadium
401432970,2022,8,regular,2022-10-22 17:00:00,Upper Iowa,Minot State,Northern Sun,Northern Sun,33,20,False,True,Harms-Eischeid Stadium
401423140,2022,8,regular,2022-10-22 17:00:00,Butler,Marist,Pioneer,Pioneer,31,10,False,True,Butler Bowl
401438600,2022,8,regular,2022-10-22 17:00:00,Mars Hill,Carson Newman,South Atlantic,South Atlantic,44,13,False,True,Meares Stadium
401432138,2022,8,regular,2022-10-22 17:00:00,West Liberty,Wheeling,Mountain East,Mountain East,21,42,False,True,West Family Stadium
401435198,2022,8,regular,2022-10-22 17:00:00,Methodist,Huntingdon,USA South,USA South,35,38,False,True,Monarch Stadium
401432775,2022,8,regular,2022-10-22 17:00:00,Grove City,Westminster (PA),Presidents',Presidents',17,24,False,True,Robert E. Thorn Field
401431191,2022,8,regular,2022-10-22 17:00:00,Trine,Albion,Michigan,Michigan,19,20,False,True,Fred Zollner Athletic Stadium
401432853,2022,8,regular,2022-10-22 17:00:00,Westminster (MO),Northwestern (MN),Upper Midwest,Upper Midwest,0,36,False,True,Blue Jay Stadium
401450195,2022,8,regular,2022-10-22 17:00:00,The College of New Jersey,Salisbury,New Jersey,New Jersey,17,70,False,True,Lions Stadium
401455638,2022,8,regular,2022-10-22 17:00:00,Widener,Albright,Mid Atlantic,Mid Atlantic,34,28,False,True,Leslie C. Quick Jr. Stadium
401437211,2022,8,regular,2022-10-22 17:00:00,St. Lawrence,Hobart,Liberty League,Liberty League,10,31,False,True,Leckonby Stadium
401432722,2022,8,regular,2022-10-22 17:00:00,Washington and Lee,Hampden Sydney,Old Dominion,Old Dominion,43,44,False,True,Wilson Field
401445804,2022,8,regular,2022-10-22 17:00:00,Bates,Middlebury,NESCAC,NESCAC,28,40,False,True,Garcelon Field
401430992,2022,8,regular,2022-10-22 17:00:00,Belhaven,Southern Virginia,USA South,USA South,42,6,False,False,Belhaven Bowl Stadium
401416626,2022,8,regular,2022-10-22 17:00:00,Buffalo,Toledo,Mid-American,Mid-American,34,27,False,True,UB Stadium
401432714,2022,8,regular,2022-10-22 17:00:00,Guilford,Ferrum,Old Dominion,Old Dominion,17,31,False,True,Armfield Athletic Center
401431063,2022,8,regular,2022-10-22 17:00:00,New England,Endicott,Commonwealth Coast,Commonwealth Coast,0,43,False,True,Blue Storm Stadium
401431307,2022,8,regular,2022-10-22 17:00:00,Aurora,St. Norbert,NACC,NACC,28,6,False,True,Vago Field
401432612,2022,8,regular,2022-10-22 17:00:00,Oberlin,Wabash,North Coast,North Coast,20,66,False,True,Austin E. Knowlton Athletics Complex
401431047,2022,8,regular,2022-10-22 17:00:00,Western New England,Curry,Commonwealth Coast,Commonwealth Coast,31,8,False,True,Golden Bear Stadium
401431035,2022,8,regular,2022-10-22 17:00:00,Johns Hopkins,Gettysburg,Centennial,Centennial,60,7,False,True,Homewood Field
401432746,2022,8,regular,2022-10-22 17:00:00,Allegheny,Saint Vincent,Presidents',Presidents',35,52,False,False,Frank B. Fuhrer Field
401444601,2022,8,regular,2022-10-22 17:00:00,Tufts,Amherst,NESCAC,NESCAC,17,20,False,True,Ellis Oval at Zimman Field
401444123,2022,8,regular,2022-10-22 17:00:00,Delaware Valley,Wilkes,Mid Atlantic,Mid Atlantic,27,14,False,True,Robert A. Lipinski Field at James Work Memorial Stadium
401435115,2022,8,regular,2022-10-22 17:00:00,Wooster,Hilbert,North Coast,North Coast,49,7,False,False,John P. Papp Stadium
401432116,2022,8,regular,2022-10-22 17:00:00,West Virginia State,Concord,Mountain East,Mountain East,56,38,False,True,Dickerson Stadium
401437002,2022,8,regular,2022-10-22 17:00:00,Franklin & Marshall,Dickinson,Centennial,Centennial,28,17,False,True,Shadek Stadium
401432556,2022,8,regular,2022-10-22 17:00:00,Buffalo State,Ithaca,Liberty League,Liberty League,10,51,False,True,Coyer Field
401435069,2022,8,regular,2022-10-22 17:00:00,Utica,SUNY Cortland,Empire 8,Empire 8,21,48,False,True,Charles A. Gaetano Stadium
401441259,2022,8,regular,2022-10-22 17:00:00,Bowdoin,Wesleyan (CT),NESCAC,NESCAC,28,26,False,True,Whittier Field
401423415,2022,8,regular,2022-10-22 17:00:00,Dayton,Stetson,Pioneer,Pioneer,23,20,False,True,Welcome Stadium
401432969,2022,8,regular,2022-10-22 17:00:00,Wayne State (NE),Southwest Minnesota State,Northern Sun,Northern Sun,20,14,False,True,"Memorial Stadium (Wayne, NE)"
401432731,2022,8,regular,2022-10-22 17:00:00,Shenandoah,Randolph Macon,Old Dominion,Old Dominion,21,35,False,True,Shentel Stadium
401432534,2022,8,regular,2022-10-22 17:00:00,Ursinus,Moravian,Centennial,Centennial,44,17,False,True,Patterson Field
401431588,2022,8,regular,2022-10-22 17:00:00,Ohio Dominican,Kentucky Wesleyan,Great Midwest Athletic,Great Midwest Athletic,49,7,False,True,Panther Stadium (OH)
401441933,2022,8,regular,2022-10-22 17:00:00,McDaniel,Susquehanna,Centennial,Centennial,0,58,False,True,Kenneth R. Gill Stadium
401432633,2022,8,regular,2022-10-22 17:00:00,Christopher Newport,William Paterson,New Jersey,New Jersey,31,7,False,True,TowneBank Stadium
401432621,2022,8,regular,2022-10-22 17:00:00,Ohio Wesleyan,DePauw,North Coast,North Coast,21,22,False,True,Selby Stadium
401431156,2022,8,regular,2022-10-22 17:00:00,Lycoming,Alvernia,Mid Atlantic,Mid Atlantic,42,10,False,True,David Person Field
401424398,2022,8,regular,2022-10-22 17:00:00,New Hampshire,Elon,CAA,CAA,40,22,False,True,Wildcat Stadium
401432577,2022,8,regular,2022-10-22 17:00:00,Hiram,Kenyon,North Coast,North Coast,34,31,False,True,Charles A. Henry Field
401435137,2022,8,regular,2022-10-22 17:00:00,Catholic,Merchant Marine,NEWMAC,NEWMAC,41,33,False,True,Cardinal Stadium (DC)
401432548,2022,8,regular,2022-10-22 17:00:00,Gallaudet,SUNY Maritime,ECFC,ECFC,24,26,False,True,Hotchkiss Field
401431280,2022,8,regular,2022-10-22 17:00:00,Ripon,Chicago,Midwest,Midwest,19,16,False,True,Ingalls Field
401432885,2022,8,regular,2022-10-22 17:00:00,Maryville (TN),North Carolina Wesleyan,USA South,USA South,61,7,False,True,Lloyd L. Thornton Stadium
401432841,2022,8,regular,2022-10-22 17:00:00,Finlandia University,Crown,Upper Midwest,Upper Midwest,14,40,True,True,McAfee Field
401431123,2022,8,regular,2022-10-22 17:30:00,Rose Hulman,Franklin,Heartland,Heartland,49,0,False,True,Cook Stadium
401432690,2022,8,regular,2022-10-22 17:30:00,Ohio Northern,Muskingum,Ohio,Ohio,7,23,False,True,Dial-Roberson Stadium
401420802,2022,8,regular,2022-10-22 17:30:00,South Carolina State,North Carolina Central,MEAC,MEAC,26,24,False,True,Oliver C. Dawson Stadium
401444590,2022,8,regular,2022-10-22 17:30:00,Defiance College,Anderson (IN),Heartland,Heartland,32,22,False,True,Justin F. Coressel Stadium
401431133,2022,8,regular,2022-10-22 17:30:00,Hanover,Mount St Joseph,Heartland,Heartland,29,44,False,True,Alumni Stadium (IN)
401432676,2022,8,regular,2022-10-22 17:30:00,John Carroll,Capital,Ohio,Ohio,42,10,False,True,Don Shula Stadium at Wasmer Field
401433405,2022,8,regular,2022-10-22 17:30:00,Manchester,Bluffton,Heartland,Heartland,44,46,False,True,Carl W. Burt Memorial Stadium
401432686,2022,8,regular,2022-10-22 17:30:00,Mount Union,Wilmington (OH),Ohio,Ohio,63,3,False,True,Mount Union Stadium
401441938,2022,8,regular,2022-10-22 17:30:00,Hartwick,Brockport,Empire 8,Empire 8,14,35,False,True,Wright Stadium
401432705,2022,8,regular,2022-10-22 17:30:00,Tusculum,Emory & Henry,South Atlantic,South Atlantic,35,9,False,False,Pioneer Field (TN)
401421132,2022,8,regular,2022-10-22 17:30:00,Chattanooga,Mercer,Southern,Southern,41,21,False,True,Finley Stadium
401421161,2022,8,regular,2022-10-22 17:30:00,VMI,Furman,Southern,Southern,3,41,False,True,Alumni Memorial Field
401415201,2022,8,regular,2022-10-22 17:30:00,Columbia,Dartmouth,Ivy,Ivy,24,27,False,True,Lawrence A. Wien Stadium
401431505,2022,8,regular,2022-10-22 18:00:00,Missouri S&T,McKendree,Great Lakes,Great Lakes,35,42,False,True,Allgood-Bailey Stadium
401444116,2022,8,regular,2022-10-22 18:00:00,Southern Connecticut State,Bentley,Northeast 10,Northeast 10,3,24,False,True,Jess Dow Field
401428477,2022,8,regular,2022-10-22 18:00:00,Lindenwood,Murray State,OVC,OVC,33,18,False,True,Hunter Stadium
401413220,2022,8,regular,2022-10-22 18:00:00,Jacksonville State,SE Louisiana,Atlantic Sun,Southland,14,31,False,False,AmFirst Stadium
401421142,2022,8,regular,2022-10-22 18:00:00,Western Carolina,The Citadel,Southern,Southern,21,34,False,True,E. J. Whitmire Stadium
401424438,2022,8,regular,2022-10-22 18:00:00,Hampton,Richmond,CAA,CAA,10,41,False,True,Armstrong Stadium
401423149,2022,8,regular,2022-10-22 18:00:00,Drake,Davidson,Pioneer,Pioneer,14,48,False,True,Drake Stadium
401431557,2022,8,regular,2022-10-22 18:00:00,Lake Erie,Northwood,Great Midwest Athletic,Great Midwest Athletic,14,18,False,False,Jack Britt Memorial Stadium
401432399,2022,8,regular,2022-10-22 18:00:00,Bemidji State,Minnesota Duluth,Northern Sun,Northern Sun,41,16,False,True,Chet Anderson Stadium
401432345,2022,8,regular,2022-10-22 18:00:00,Morehouse,Benedict,SIAC,SIAC,0,35,False,True,B.T. Harvey Stadium
401418814,2022,8,regular,2022-10-22 18:00:00,Northwestern State,Southeast Missouri State,Southland,OVC,16,51,False,False,Harry Turpin Stadium
401421107,2022,8,regular,2022-10-22 18:00:00,Morehead State,Valparaiso,Pioneer,Pioneer,35,40,False,True,Jayne Stadium
401431583,2022,8,regular,2022-10-22 18:00:00,Hillsdale,Findlay,Great Midwest Athletic,Great Midwest Athletic,20,41,False,True,"Frank ""Muddy"" Waters Stadium"
401431922,2022,8,regular,2022-10-22 18:00:00,Fort Hays,Central Missouri,Mid America,Mid America,27,14,False,True,Lewis Field Stadium
401433077,2022,8,regular,2022-10-22 18:00:00,Colorado School of Mines,Black Hills State,Rocky Mountain,Rocky Mountain,38,0,False,True,Marv Kay Stadium at Campbell Field
401432983,2022,8,regular,2022-10-22 18:00:00,Bloomsburg,East Stroudsburg,Pennsylvania State Athletic,Pennsylvania State Athletic,21,27,False,True,Robert B. Redman Stadium
401433105,2022,8,regular,2022-10-22 18:00:00,Fort Lewis,South Dakota Mines,Rocky Mountain,Rocky Mountain,20,65,False,True,Ray Dennison Memorial Field
401433035,2022,8,regular,2022-10-22 18:00:00,Millersville,Shippensburg,Pennsylvania State Athletic,Pennsylvania State Athletic,17,14,False,True,Chryst Field at Biemesderfer Stadium
401433011,2022,8,regular,2022-10-22 18:00:00,IU Pennsylvania,Seton Hill,Pennsylvania State Athletic,Pennsylvania State Athletic,44,7,False,True,George P. Miller Stadium
401441955,2022,8,regular,2022-10-22 18:00:00,Westfield State,Bridgewater State,MSCAC,MSCAC,7,42,False,True,"Alumni Field (Westfield, MA)"
401431222,2022,8,regular,2022-10-22 18:00:00,Hamline,Augsburg,Minnesota,Minnesota,21,42,False,True,Klas Field
401431261,2022,8,regular,2022-10-22 18:00:00,Beloit,Lawrence,Midwest,Midwest,56,0,False,True,Strong Stadium
401431252,2022,8,regular,2022-10-22 18:00:00,Macalester,Bethel (MN),Minnesota,Minnesota,13,63,False,False,Macalester Stadium
401433106,2022,8,regular,2022-10-22 18:00:00,New Mexico Highlands,Western Colorado,Rocky Mountain,Rocky Mountain,13,30,False,True,Sanchez Family Stadium
401432953,2022,8,regular,2022-10-22 18:00:00,Augustana (SD),Minnesota State,Northern Sun,Northern Sun,14,35,False,True,Kirkeby-Over Stadium
401431200,2022,8,regular,2022-10-22 18:00:00,Kalamazoo,Alma,Michigan,Michigan,21,45,False,True,Angell Field
401431104,2022,8,regular,2022-10-22 18:00:00,Wheaton (IL),Carroll (WI),CCIW,Midwest,61,9,False,False,McCully Stadium
401435211,2022,8,regular,2022-10-22 18:00:00,Wisconsin River Falls,Wisconsin Eau Claire,Wisconsin,Wisconsin,63,6,False,True,David Smith Stadium at Ramer Field
401431073,2022,8,regular,2022-10-22 18:00:00,Illinois Wesleyan,Carthage,CCIW,CCIW,55,0,False,True,Tucci Stadium
401433120,2022,8,regular,2022-10-22 18:00:00,Lenoir Rhyne,Newberry,South Atlantic,South Atlantic,24,38,False,True,Helen and Leonard Moretz Stadium
401431977,2022,8,regular,2022-10-22 18:00:00,Washburn,Central Oklahoma,Mid America,Mid America,37,9,False,True,Yager Stadium at Moore Bowl
401416624,2022,8,regular,2022-10-22 18:00:00,Ball State,Eastern Michigan,Mid-American,Mid-American,16,20,False,True,Scheumann Stadium
401432763,2022,8,regular,2022-10-22 18:00:00,Case Western Reserve,Bethany (WV),Presidents',Presidents',45,7,False,True,Case Field
401431203,2022,8,regular,2022-10-22 18:00:00,Hope,Olivet,Michigan,Michigan,23,0,False,True,Ray and Sue Smith Stadium
401432871,2022,8,regular,2022-10-22 18:00:00,Bridgewater,Averett,Old Dominion,Old Dominion,23,16,False,False,Jopson Athletic Complex
401432799,2022,8,regular,2022-10-22 18:00:00,Trinity (TX),Berry,Southern Athletic,Southern Athletic,21,14,False,True,Trinity University Stadium
401432667,2022,8,regular,2022-10-22 18:00:00,Baldwin Wallace,Otterbein,Ohio,Ohio,35,14,False,True,George Finnie Stadium
401431011,2022,8,regular,2022-10-22 18:00:00,Mary Hardin Baylor,Sul Ross State,American Southwest,American Southwest,45,14,False,True,Crusader Stadium
401431082,2022,8,regular,2022-10-22 18:00:00,Millikin,Elmhurst,CCIW,CCIW,13,0,False,True,Frank M. Lindsay Field
401435186,2022,8,regular,2022-10-22 18:00:00,Heidelberg,Marietta,Ohio,Ohio,29,21,False,True,Hoernemann Stadium
401438689,2022,8,regular,2022-10-22 18:00:00,Rowan,Kean,New Jersey,New Jersey,17,10,False,True,Richard Wackar Stadium
401436995,2022,8,regular,2022-10-22 18:00:00,Saint John's (MN),Gustavus Adolphus,Minnesota,Minnesota,41,27,False,True,Clemens Stadium
401435189,2022,8,regular,2022-10-22 18:00:00,East Texas Baptist,Austin,American Southwest,American Southwest,10,13,False,True,Ornelas Stadium
401435207,2022,8,regular,2022-10-22 18:00:00,Wisconsin Platteville,Wisconsin Whitewater,Wisconsin,Wisconsin,17,13,False,True,Ralph E. Davis Pioneer Stadium
401432806,2022,8,regular,2022-10-22 18:00:00,Hendrix,Centre,Southern Athletic,Southern Athletic,42,45,False,True,Young-Wise Memorial Stadium
401432513,2022,8,regular,2022-10-22 18:00:00,Central College,Simpson (IA),American Rivers,American Rivers,49,17,False,True,Ron and Joyce Schipper Stadium
401435112,2022,8,regular,2022-10-22 18:00:00,Rockford,Benedictine (IL),NACC,NACC,27,70,False,True,Sam Greeley Field
401431238,2022,8,regular,2022-10-22 18:00:00,Concordia (MN),Carleton,Minnesota,Minnesota,20,13,False,True,Jake Christiansen Stadium
401431290,2022,8,regular,2022-10-22 18:00:00,Lake Forest,Grinnell,Midwest,Midwest,49,0,False,True,Farwell Field
401432892,2022,8,regular,2022-10-22 18:00:00,Wisconsin La Crosse,Wisconsin Stevens Point,Wisconsin,Wisconsin,55,13,False,True,Veterans Memorial Stadium (WI)
401432847,2022,8,regular,2022-10-22 18:00:00,Minnesota Morris,Martin Luther,Upper Midwest,Upper Midwest,47,0,False,True,Big Cat Stadium
401432859,2022,8,regular,2022-10-22 18:00:00,St. Scholastica,St. Olaf,Minnesota,Minnesota,28,33,False,True,Public Schools Stadium
401431099,2022,8,regular,2022-10-22 18:00:00,North Park,Augustana (IL),CCIW,CCIW,34,56,False,True,Holmgren Athletic Complex
401432565,2022,8,regular,2022-10-22 18:00:00,Concordia (WI),Lakeland,NACC,NACC,30,20,False,True,Tomasini Stadium
401431296,2022,8,regular,2022-10-22 18:00:00,Knox,Illinois College,Midwest,Midwest,10,20,False,True,Harley Knosher Bowl
401431090,2022,8,regular,2022-10-22 18:00:00,Washington St. Louis,North Central College,CCIW,CCIW,0,31,False,True,Francis Field (MO)
401430956,2022,8,regular,2022-10-22 18:00:00,Loras,Coe,American Rivers,American Rivers,17,27,False,True,Rock Bowl
401431019,2022,8,regular,2022-10-22 18:00:00,Southwestern U,Hardin Simmons,American Southwest,American Southwest,0,68,False,True,Birkelbach Field
401431026,2022,8,regular,2022-10-22 18:00:00,McMurry,Texas Lutheran,American Southwest,American Southwest,10,17,False,True,Wilford Moore Stadium
401416625,2022,8,regular,2022-10-22 18:00:00,Ohio,Northern Illinois,Mid-American,Mid-American,24,17,False,True,Peden Stadium
401435127,2022,8,regular,2022-10-22 18:30:00,Trinity (CT),Williams,NESCAC,NESCAC,32,13,False,True,Jessee/Miller Field
401432900,2022,8,regular,2022-10-22 18:30:00,Wisconsin Oshkosh,Wisconsin Stout,Wisconsin,Wisconsin,19,14,False,True,J.J. Keller Field at Titan Stadium
401404128,2022,8,regular,2022-10-22 18:30:00,Notre Dame,UNLV,FBS Independents,Mountain West,44,21,False,False,Notre Dame Stadium
401432963,2022,8,regular,2022-10-22 19:00:00,Winona State,Sioux Falls,Northern Sun,Northern Sun,20,17,False,True,Altra Federal Credit Union Stadium
401430745,2022,8,regular,2022-10-22 19:00:00,Arkansas Monticello,Harding,Great American,Great American,43,56,False,True,Convoy Leslie Cotton Boll Stadium
401431482,2022,8,regular,2022-10-22 19:00:00,Southern Arkansas,Ouachita Baptist,Great American,Great American,31,63,False,True,Wilkins Stadium
401431964,2022,8,regular,2022-10-22 19:00:00,Northwest Missouri State,Northeastern State,Mid America,Mid America,36,3,False,True,Bearcat Stadium
401426590,2022,8,regular,2022-10-22 19:00:00,Louisiana Tech,Rice,Conference USA,Conference USA,41,42,False,True,Joe Aillet Stadium
401413344,2022,8,regular,2022-10-22 19:00:00,Montana State,Weber State,Big Sky,Big Sky,43,38,False,True,Bobcat Stadium
401432417,2022,8,regular,2022-10-22 19:00:00,University of Mary,Minnesota St Moorhead,Northern Sun,Northern Sun,38,40,False,True,MDU Resources Community Bowl
401404099,2022,8,regular,2022-10-22 19:00:00,Texas Tech,West Virginia,Big 12,Big 12,48,10,False,True,Jones AT&T Stadium
401423921,2022,8,regular,2022-10-22 19:00:00,Alcorn State,Texas Southern,SWAC,SWAC,27,34,False,True,Jack Spinks Stadium
401420830,2022,8,regular,2022-10-22 19:00:00,South Dakota,Southern Illinois,MVFC,MVFC,27,24,False,True,DakotaDome
401418648,2022,8,regular,2022-10-22 19:00:00,Kennesaw State,Tennessee Tech,Atlantic Sun,OVC,33,30,False,False,Fifth Third Stadium
401431949,2022,8,regular,2022-10-22 19:00:00,Missouri Southern State,Emporia State,Mid America,Mid America,21,24,False,True,Fred G. Hughes Stadium
401430735,2022,8,regular,2022-10-22 19:00:00,Henderson State,Arkansas Tech,Great American,Great American,35,19,False,True,Ruggles Field at Carpenter-Haygood Stadium
401432360,2022,8,regular,2022-10-22 19:00:00,Miles,Kentucky State,SIAC,SIAC,7,35,False,True,Albert J. H. Sloan - Alumni Stadium
401467155,2022,8,regular,2022-10-22 19:00:00,Incarnate Word,Faulkner University,Southland,,70,0,False,False,Gayle and Tom Benson Stadium
401431469,2022,8,regular,2022-10-22 19:00:00,Southeastern Oklahoma State,Oklahoma Baptist,Great American,Great American,62,14,False,True,Paul Laird Field
401420783,2022,8,regular,2022-10-22 19:00:00,Delaware,Morgan State,CAA,MEAC,38,7,False,False,Delaware Stadium
401424956,2022,8,regular,2022-10-22 19:00:00,Jackson State,Campbell,SWAC,Big South,22,14,False,False,Mississippi Veterans Memorial Stadium
401413262,2022,8,regular,2022-10-22 19:00:00,Idaho State,Northern Arizona,Big Sky,Big Sky,10,24,False,True,Holt Arena
401432368,2022,8,regular,2022-10-22 19:00:00,East Central,Southwestern Oklahoma State,Great American,Great American,42,28,False,True,Koi Ishto Stadium
401415180,2022,8,regular,2022-10-22 19:00:00,Northern Colorado,UC Davis,Big Sky,Big Sky,10,58,False,True,Nottingham Field
401425424,2022,8,regular,2022-10-22 19:00:00,Tennessee State,Eastern Illinois,OVC,OVC,37,17,False,True,Nissan Stadium
401418640,2022,8,regular,2022-10-22 19:00:00,Eastern Kentucky,North Alabama,Atlantic Sun,Atlantic Sun,56,53,False,False,Roy Kidd Stadium
401433018,2022,8,regular,2022-10-22 19:00:00,Kutztown,Lock Haven,Pennsylvania State Athletic,Pennsylvania State Athletic,35,7,False,True,Andre Reed Stadium
401430965,2022,8,regular,2022-10-22 19:00:00,Dubuque,Luther,American Rivers,American Rivers,68,7,False,True,Chalmers Field
401432365,2022,8,regular,2022-10-22 19:00:00,Lane College,Tuskegee,SIAC,SIAC,31,35,False,True,Lane Field
401462223,2022,8,regular,2022-10-22 19:00:00,East Texas A&M,Houston Christian,Southland,Southland,31,3,False,True,Memorial Stadium (Commerce TX)
401431942,2022,8,regular,2022-10-22 19:00:00,Lincoln (MO),Nebraska Kearney,Mid America,Mid America,17,66,False,True,Dwight T. Reed Stadium
401431284,2022,8,regular,2022-10-22 19:00:00,Cornell (IA),Monmouth (IL),Midwest,Midwest,12,56,False,True,Van Metre Field at Ash Park
401432877,2022,8,regular,2022-10-22 19:00:00,Brevard,LaGrange,USA South,USA South,24,10,False,True,Brevard Memorial Stadium
401420874,2022,8,regular,2022-10-22 19:00:00,Southern Utah,Stephen F. Austin,Western Athletic,Western Athletic,38,41,False,True,Eccles Coliseum
401413250,2022,8,regular,2022-10-22 19:00:00,Idaho,Portland State,Big Sky,Big Sky,56,21,False,True,Kibbie Dome
401431538,2022,8,regular,2022-10-22 19:00:00,Grand Valley State,Northern Michigan,GLIAC,GLIAC,56,3,False,True,Lubbers Stadium
401431972,2022,8,regular,2022-10-22 19:00:00,Pittsburg State,Missouri Western,Mid America,Mid America,28,16,False,True,Carnie Smith Stadium
401404163,2022,8,regular,2022-10-22 19:30:00,Liberty,BYU,FBS Independents,FBS Independents,41,14,False,True,Williams Stadium (VA)
401426588,2022,8,regular,2022-10-22 19:30:00,Charlotte,Florida International,Conference USA,Conference USA,15,34,False,True,Jerry Richardson Stadium
401439541,2022,8,regular,2022-10-22 19:30:00,Springfield,WPI,NEWMAC,NEWMAC,45,7,False,True,Stagg Field
401426355,2022,8,regular,2022-10-22 19:30:00,James Madison,Marshall,Sun Belt,Sun Belt,12,26,False,True,Bridgeforth Stadium
401416627,2022,8,regular,2022-10-22 19:30:00,Miami (OH),Western Michigan,Mid-American,Mid-American,10,16,False,True,Yager Stadium
401404021,2022,8,regular,2022-10-22 19:30:00,Oregon,UCLA,Pac-12,Pac-12,45,30,False,True,Autzen Stadium
401422970,2022,8,regular,2022-10-22 19:30:00,East Tennessee State,Samford,Southern,Southern,45,55,False,True,William B. Greene Jr. Stadium
401426356,2022,8,regular,2022-10-22 19:30:00,Old Dominion,Georgia Southern,Sun Belt,Sun Belt,23,28,False,True,S.B. Ballard Stadium
401415639,2022,8,regular,2022-10-22 19:30:00,Tulane,Memphis,American Athletic,American Athletic,38,28,False,True,Yulman Stadium
401411145,2022,8,regular,2022-10-22 19:30:00,Wake Forest,Boston College,ACC,ACC,43,15,False,True,Allegacy Federal Credit Union Stadium
401405118,2022,8,regular,2022-10-22 19:30:00,Maryland,Northwestern,Big Ten,Big Ten,31,24,False,True,SECU Stadium
401405117,2022,8,regular,2022-10-22 19:30:00,Wisconsin,Purdue,Big Ten,Big Ten,35,24,False,True,Camp Randall Stadium
401403923,2022,8,regular,2022-10-22 19:30:00,LSU,Ole Miss,SEC,SEC,45,20,False,True,Tiger Stadium (LA)
401432994,2022,8,regular,2022-10-22 19:30:00,California (PA),Slippery Rock,Pennsylvania State Athletic,Pennsylvania State Athletic,24,42,False,True,Adamson Stadium
401426591,2022,8,regular,2022-10-22 19:30:00,UTSA,North Texas,Conference USA,Conference USA,31,27,False,True,Alamodome
401404098,2022,8,regular,2022-10-22 19:30:00,Oklahoma State,Texas,Big 12,Big 12,41,34,False,True,Boone Pickens Stadium
401422991,2022,8,regular,2022-10-22 19:30:00,Lafayette,Holy Cross,Patriot,Patriot,21,24,False,True,Fisher Field
401424439,2022,8,regular,2022-10-22 19:30:00,Stony Brook,Maine,CAA,CAA,28,27,False,True,Kenneth P. LaValle Stadium
401424437,2022,8,regular,2022-10-22 19:30:00,Villanova,UAlbany,CAA,CAA,31,29,False,True,Villanova Stadium
401420818,2022,8,regular,2022-10-22 20:00:00,North Dakota,South Dakota State,MVFC,MVFC,35,49,False,True,Alerus Center
401431872,2022,8,regular,2022-10-22 20:00:00,Erskine,UVA Wise,South Atlantic,South Atlantic,13,28,False,False,J.W. Babb Stadium
401433083,2022,8,regular,2022-10-22 20:00:00,CSU Pueblo,Chadron State,Rocky Mountain,Rocky Mountain,34,12,False,True,Neta and Eddie DeRose ThunderBowl
401431530,2022,8,regular,2022-10-22 20:00:00,William Jewell,Truman State,Great Lakes,Great Lakes,7,42,False,True,Greene Stadium
401404018,2022,8,regular,2022-10-22 20:00:00,Stanford,Arizona State,Pac-12,Pac-12,15,14,False,True,Stanford Stadium
401403924,2022,8,regular,2022-10-22 20:00:00,Missouri,Vanderbilt,SEC,SEC,17,14,False,True,Memorial Stadium
401424369,2022,8,regular,2022-10-22 20:00:00,Towson,William & Mary,CAA,CAA,24,44,False,True,Johnny Unitas Stadium
401415242,2022,8,regular,2022-10-22 20:00:00,Colorado State,Hawai'i,Mountain West,Mountain West,17,13,False,True,Canvas Stadium
401426589,2022,8,regular,2022-10-22 20:00:00,UTEP,Florida Atlantic,Conference USA,Conference USA,24,21,False,True,Sun Bowl
401420825,2022,8,regular,2022-10-22 20:00:00,Western Illinois,Youngstown State,MVFC,MVFC,27,28,False,True,Hanson Field
401424940,2022,8,regular,2022-10-22 20:00:00,Mississippi Valley State,Bethune-Cookman,SWAC,SWAC,35,45,False,True,Rice-Totten Field
401439557,2022,8,regular,2022-10-22 20:00:00,Whittier,Chapman,So. Cal.,So. Cal.,7,50,False,True,"Memorial Stadium (Whittier, CA)"
401432642,2022,8,regular,2022-10-22 20:00:00,Pacific (OR),George Fox,Northwest,Northwest,7,21,False,True,Hanson Stadium
401445812,2022,8,regular,2022-10-22 20:00:00,Puget Sound,Lewis & Clark,Northwest,Northwest,41,47,False,True,Baker Stadium
401438555,2022,8,regular,2022-10-22 20:00:00,Millsaps,Rhodes,Southern Athletic,Southern Athletic,7,31,False,True,Harper Davis Field
401432659,2022,8,regular,2022-10-22 20:00:00,Willamette,Whitworth,Northwest,Northwest,14,42,False,True,McCulloch Stadium
401462224,2022,8,regular,2022-10-22 20:00:00,Nicholls,McNeese,Southland,Southland,40,35,False,True,Manning Field at John L. Guidry Stadium
401431488,2022,8,regular,2022-10-22 20:00:00,Southern Nazarene,Northwestern (OK),Great American,Great American,27,21,False,True,Southern Nazarene University Football Stadium
401431616,2022,8,regular,2022-10-22 20:05:00,Western Oregon,Eastern New Mexico,Lone Star,Lone Star,46,7,False,False,McArthur Field
401432651,2022,8,regular,2022-10-22 20:30:00,Linfield,Pacific Lutheran,Northwest,Northwest,45,0,False,True,Maxwell Field
401430928,2022,8,regular,2022-10-22 20:30:00,Nebraska Wesleyan,Buena Vista,American Rivers,American Rivers,25,42,True,True,Abel Stadium
401431837,2022,8,regular,2022-10-22 21:00:00,West Alabama,North Greenville,Gulf South,Gulf South,33,34,False,True,Tiger Stadium (AL)
401420866,2022,8,regular,2022-10-22 21:00:00,Lamar,Prairie View A&M,Southland,SWAC,21,54,False,False,Provost Umphrey Stadium
401432328,2022,8,regular,2022-10-22 21:00:00,Savannah State,Albany State,SIAC,SIAC,20,31,False,True,Ted Wright Stadium
401423929,2022,8,regular,2022-10-22 21:00:00,Southern,Virginia Lynchburg,SWAC,,51,7,False,False,Ace W. Mumford Stadium
401420811,2022,8,regular,2022-10-22 21:00:00,Northern Iowa,Missouri State,MVFC,MVFC,41,20,False,True,UNI-Dome
401426357,2022,8,regular,2022-10-22 21:00:00,Louisiana,Arkansas State,Sun Belt,Sun Belt,38,18,False,True,Cajun Field
401431862,2022,8,regular,2022-10-22 21:00:00,West Florida,Mississippi College,Gulf South,Gulf South,45,17,True,True,Blue Wahoos Stadium
401426358,2022,8,regular,2022-10-22 21:00:00,Texas State,Southern Miss,Sun Belt,Sun Belt,14,20,False,True,Bobcat Stadium (TX)
401428198,2022,8,regular,2022-10-22 22:00:00,Charleston Southern,Gardner-Webb,Big South,Big South,14,28,False,True,Buccaneer Field
401433128,2022,8,regular,2022-10-22 22:00:00,Catawba,Limestone,South Atlantic,South Atlantic,23,48,False,True,Shuford Stadium
401431852,2022,8,regular,2022-10-22 22:00:00,West Georgia,Valdosta State,Gulf South,Gulf South,54,17,False,True,University Stadium (GA)
401438228,2022,8,regular,2022-10-22 22:00:00,Post,Saint Anselm,Independent DII,Northeast 10,20,24,True,False,
401431563,2022,8,regular,2022-10-22 22:00:00,Wayne State (MI),Saginaw Valley State,GLIAC,GLIAC,14,21,False,True,Tom Adams Field
401431495,2022,8,regular,2022-10-22 22:00:00,Indianapolis,Quincy,Great Lakes,Great Lakes,52,38,False,True,Key Stadium
401433113,2022,8,regular,2022-10-22 22:00:00,Wingate,Barton,South Atlantic,South Atlantic,28,3,False,False,Irwin Belk Stadium
401415243,2022,8,regular,2022-10-22 22:30:00,New Mexico,Fresno State,Mountain West,Mountain West,9,41,False,True,University Stadium (NM)
401403922,2022,8,regular,2022-10-22 23:00:00,Alabama,Mississippi State,SEC,SEC,30,6,False,True,Bryant-Denny Stadium
401432426,2022,8,regular,2022-10-22 23:00:00,Northern State,Concordia St. Paul,Northern Sun,Northern Sun,49,20,False,True,Swisher Field
401431892,2022,8,regular,2022-10-22 23:00:00,Angelo State,Texas A&M-Kingsville,Lone Star,Lone Star,34,7,False,True,LeGrand Stadium at 1st Community Credit Union Field
401415241,2022,8,regular,2022-10-22 23:00:00,Air Force,Boise State,Mountain West,Mountain West,14,19,False,True,Falcon Stadium
401431898,2022,8,regular,2022-10-22 23:00:00,UT Permian Basin,Midwestern State,Lone Star,Lone Star,23,24,False,True,Ratliff Stadium
401432820,2022,8,regular,2022-10-22 23:00:00,Sewanee,Birmingham-Southern,Southern Athletic,Southern Athletic,3,47,False,True,Hardee-McGee Field
401432569,2022,8,regular,2022-10-22 23:00:00,Eureka,Wisconsin Lutheran,NACC,NACC,35,51,False,True,Pete FioRito Stadium at McKinzie Field
401432755,2022,8,regular,2022-10-22 23:00:00,Carnegie Mellon,Geneva,Presidents',Presidents',41,0,False,True,Gesling Stadium
401432787,2022,8,regular,2022-10-22 23:00:00,Thiel,Waynesburg,Presidents',Presidents',8,34,False,True,Alumni Stadium (PA)
401403925,2022,8,regular,2022-10-22 23:30:00,South Carolina,Texas A&M,SEC,SEC,30,24,False,True,Williams-Brice Stadium
401405120,2022,8,regular,2022-10-22 23:30:00,Penn State,Minnesota,Big Ten,Big Ten,45,17,False,True,Beaver Stadium
401415642,2022,8,regular,2022-10-22 23:30:00,East Carolina,UCF,American Athletic,American Athletic,34,13,False,True,Dowdy-Ficklen Stadium
401404097,2022,8,regular,2022-10-23 00:00:00,TCU,Kansas State,Big 12,Big 12,38,28,False,True,Amon G. Carter Stadium
401431597,2022,8,regular,2022-10-23 00:00:00,West Texas,Central Washington,Lone Star,Lone Star,35,16,False,False,Buffalo Stadium
401404020,2022,8,regular,2022-10-23 00:00:00,Oregon State,Colorado,Pac-12,Pac-12,42,9,False,True,Reser Stadium
401411143,2022,8,regular,2022-10-23 00:00:00,Louisville,Pittsburgh,ACC,ACC,24,10,False,True,L&N Federal Credit Union Stadium
401413230,2022,8,regular,2022-10-23 00:00:00,Cal Poly,Eastern Washington,Big Sky,Big Sky,10,17,False,True,Alex G. Spanos Stadium
401473814,2022,8,regular,2022-10-23 00:00:00,Tarleton State,Southwest Baptist,Western Athletic,Great Lakes,24,10,False,False,"Memorial Stadium (Stephenville, TX)"
401433066,2022,8,regular,2022-10-23 01:00:00,Adams State,Colorado Mesa,Rocky Mountain,Rocky Mountain,45,31,False,True,Rex Stadium
401431606,2022,8,regular,2022-10-23 01:00:00,Simon Fraser,Western New Mexico,Lone Star,Lone Star,21,38,True,False,Blaine High School
401420871,2022,8,regular,2022-10-23 01:00:00,Utah Tech,Sam Houston,Western Athletic,Western Athletic,13,18,False,True,Greater Zion Stadium
401415244,2022,8,regular,2022-10-23 01:45:00,Wyoming,Utah State,Mountain West,Mountain West,28,14,False,True,War Memorial Stadium
401432834,2022,8,regular,2022-10-23 02:00:00,Redlands,La Verne,So. Cal.,So. Cal.,36,19,False,True,Ted Runner Stadium
401439551,2022,8,regular,2022-10-23 02:00:00,Cal Lutheran,Pomona Pitzer,So. Cal.,So. Cal.,24,28,False,True,William Rolland Stadium
401415245,2022,8,regular,2022-10-23 02:30:00,Nevada,San Diego State,Mountain West,Mountain West,7,23,False,True,Mackay Stadium
401404019,2022,8,regular,2022-10-23 02:30:00,California,Washington,Pac-12,Pac-12,21,28,False,True,California Memorial Stadium
401413337,2022,8,regular,2022-10-23 03:00:00,Sacramento State,Montana,Big Sky,Big Sky,31,24,False,True,Hornet Stadium
401432361,2022,9,regular,2022-10-27 23:00:00,Miles,Edward Waters,SIAC,SIAC,16,22,False,True,Albert J. H. Sloan - Alumni Stadium
401444112,2022,9,regular,2022-10-27 23:00:00,Ouachita Baptist,East Central,Great American,Great American,28,18,False,True,Cliff Harris Stadium
401411146,2022,9,regular,2022-10-27 23:30:00,NC State,Virginia Tech,ACC,ACC,22,21,False,True,Carter-Finley Stadium
401426359,2022,9,regular,2022-10-27 23:30:00,Southern Miss,Louisiana,Sun Belt,Sun Belt,39,24,False,True,M. M. Roberts Stadium
401404026,2022,9,regular,2022-10-28 02:00:00,Washington State,Utah,Pac-12,Pac-12,17,21,False,True,Gesa Field
401415202,2022,9,regular,2022-10-28 22:30:00,Columbia,Yale,Ivy,Ivy,16,41,False,True,Lawrence A. Wien Stadium
401415645,2022,9,regular,2022-10-29 00:00:00,BYU,East Carolina,FBS Independents,American Athletic,24,27,False,False,LaVell Edwards Stadium
401426594,2022,9,regular,2022-10-29 00:00:00,Florida International,Louisiana Tech,Conference USA,Conference USA,42,34,False,True,FIU Stadium
401438662,2022,9,regular,2022-10-29 00:00:00,Illinois College,Cornell (IA),Midwest,Midwest,28,14,False,True,England Stadium
401431589,2022,9,regular,2022-10-29 16:00:00,Walsh,Kentucky Wesleyan,Great Midwest Athletic,Great Midwest Athletic,35,10,False,True,Tom Benson Hall of Fame Stadium
401415643,2022,9,regular,2022-10-29 16:00:00,Houston,South Florida,American Athletic,American Athletic,42,27,False,True,TDECU Stadium
401432807,2022,9,regular,2022-10-29 16:00:00,Centre,Trinity (TX),Southern Athletic,Southern Athletic,21,41,False,True,Farris Stadium
401431167,2022,9,regular,2022-10-29 16:00:00,Framingham State,Mass Maritime,MSCAC,MSCAC,34,10,False,True,Bowditch Field
401456157,2022,9,regular,2022-10-29 16:00:00,Alvernia,King's,Mid Atlantic,Mid Atlantic,14,41,False,True,Turf Field
401435096,2022,9,regular,2022-10-29 16:00:00,Rochester (NY),St. Lawrence,Liberty League,Liberty League,31,35,False,True,Edwin Fauver Stadium
401431176,2022,9,regular,2022-10-29 16:00:00,UMass Dartmouth,Bridgewater State,MSCAC,MSCAC,48,7,False,True,Cressy Field
401431056,2022,9,regular,2022-10-29 16:00:00,Husson,Western New England,Commonwealth Coast,Commonwealth Coast,27,17,False,True,Dr. John W. Winkin Sports Complex
401438671,2022,9,regular,2022-10-29 16:00:00,WPI,Norwich,NEWMAC,NEWMAC,20,15,False,True,"Alumni Stadium (Worcester, MA)"
401435090,2022,9,regular,2022-10-29 16:00:00,SUNY Morrisville,Utica,Empire 8,Empire 8,17,20,False,True,Drake Field (NY)
401438639,2022,9,regular,2022-10-29 16:00:00,FDU Florham,Albright,Mid Atlantic,Mid Atlantic,10,2,False,True,Robert T. Shields Field
401432549,2022,9,regular,2022-10-29 16:00:00,Gallaudet,Anna Maria College,ECFC,ECFC,27,13,False,True,Hotchkiss Field
401439537,2022,9,regular,2022-10-29 16:00:00,Misericordia,Stevenson,Mid Atlantic,Mid Atlantic,7,44,False,True,Mangelsdorf Field
401441956,2022,9,regular,2022-10-29 16:00:00,Plymouth State,Westfield State,MSCAC,MSCAC,31,22,False,True,Charles L. Currier Memorial Field
401431157,2022,9,regular,2022-10-29 16:00:00,Wilkes,Lycoming,Mid Atlantic,Mid Atlantic,24,7,False,True,Schmidt Stadium
401431184,2022,9,regular,2022-10-29 16:00:00,Albion,Adrian,Michigan,Michigan,37,9,False,True,Sprankle-Sprandel Stadium
401432242,2022,9,regular,2022-10-29 16:00:00,Duquesne,Long Island University,NEC,NEC,48,50,False,True,Arthur J. Rooney Athletic Field
401431819,2022,9,regular,2022-10-29 16:00:00,Northern Michigan,Ferris State,GLIAC,GLIAC,20,56,False,True,Superior Dome
401441939,2022,9,regular,2022-10-29 16:00:00,Brockport,Buffalo State,Empire 8,Liberty League,54,2,False,False,Bob Boozer Field
401405126,2022,9,regular,2022-10-29 16:00:00,Penn State,Ohio State,Big Ten,Big Ten,31,44,False,True,Beaver Stadium
401431406,2022,9,regular,2022-10-29 16:00:00,Marist,Presbyterian,Pioneer,Pioneer,37,7,False,True,Leonidoff Field
401432132,2022,9,regular,2022-10-29 16:00:00,Fairmont State,Notre Dame College,Mountain East,Mountain East,6,30,False,True,Duvall-Rosier Field
401423436,2022,9,regular,2022-10-29 16:00:00,Central Connecticut,Wagner,NEC,NEC,34,7,False,True,Arute Field
401433027,2022,9,regular,2022-10-29 16:00:00,West Chester,Lock Haven,Pennsylvania State Athletic,Pennsylvania State Athletic,58,10,False,True,John A. Farrell Stadium
401433019,2022,9,regular,2022-10-29 16:00:00,Millersville,Kutztown,Pennsylvania State Athletic,Pennsylvania State Athletic,13,20,False,True,Chryst Field at Biemesderfer Stadium
401433012,2022,9,regular,2022-10-29 16:00:00,Gannon,IU Pennsylvania,Pennsylvania State Athletic,Pennsylvania State Athletic,43,36,False,True,McConnell Family Stadium
401433003,2022,9,regular,2022-10-29 16:00:00,Clarion,Slippery Rock,Pennsylvania State Athletic,Pennsylvania State Athletic,0,31,False,True,"Memorial Stadium (Clarion, PA)"
401432995,2022,9,regular,2022-10-29 16:00:00,Mercyhurst,California (PA),Pennsylvania State Athletic,Pennsylvania State Athletic,20,44,False,True,Saxon Stadium
401437206,2022,9,regular,2022-10-29 16:00:00,Vermont State Castleton,Alfred State,ECFC,ECFC,37,13,False,True,Dave Wolk Stadium
401404100,2022,9,regular,2022-10-29 16:00:00,Iowa State,Oklahoma,Big 12,Big 12,13,27,False,True,Jack Trice Stadium
401423421,2022,9,regular,2022-10-29 16:00:00,Sacred Heart,Saint Francis,NEC,NEC,14,44,False,True,Campus Field
401444117,2022,9,regular,2022-10-29 16:00:00,American International,Southern Connecticut State,Northeast 10,Northeast 10,22,23,False,True,Ronald J. Abdow Field
401416631,2022,9,regular,2022-10-29 16:00:00,Akron,Miami (OH),Mid-American,Mid-American,9,27,False,True,InfoCision Stadium
401403927,2022,9,regular,2022-10-29 16:00:00,Auburn,Arkansas,SEC,SEC,27,41,False,True,Jordan-Hare Stadium
401432389,2022,9,regular,2022-10-29 16:00:00,Pace,Saint Anselm,Northeast 10,Northeast 10,17,14,False,True,Pace Stadium
401423141,2022,9,regular,2022-10-29 16:00:00,Butler,Morehead State,Pioneer,Pioneer,56,20,False,True,Butler Bowl
401411147,2022,9,regular,2022-10-29 16:00:00,Florida State,Georgia Tech,ACC,ACC,41,16,False,True,Doak Campbell Stadium
401420784,2022,9,regular,2022-10-29 16:00:00,Morgan State,South Carolina State,MEAC,MEAC,41,14,False,True,Hughes Stadium
401416630,2022,9,regular,2022-10-29 16:00:00,Eastern Michigan,Toledo,Mid-American,Mid-American,24,27,False,True,Rynearson Stadium
401404154,2022,9,regular,2022-10-29 16:00:00,UConn,Boston College,FBS Independents,ACC,13,3,False,False,Pratt & Whitney Stadium
401433041,2022,9,regular,2022-10-29 16:00:00,Edinboro,Seton Hill,Pennsylvania State Athletic,Pennsylvania State Athletic,14,45,False,True,Sox Harrison Stadium
401404129,2022,9,regular,2022-10-29 16:00:00,Syracuse,Notre Dame,ACC,FBS Independents,24,41,False,False,JMA Wireless Dome
401404103,2022,9,regular,2022-10-29 16:00:00,West Virginia,TCU,Big 12,Big 12,31,41,False,True,Milan Puskar Stadium
401432984,2022,9,regular,2022-10-29 16:00:00,Shepherd,Bloomsburg,Pennsylvania State Athletic,Pennsylvania State Athletic,55,10,False,True,Ram Stadium (WV)
401432117,2022,9,regular,2022-10-29 16:00:00,Concord,Wheeling,Mountain East,Mountain East,62,31,False,True,Callaghan Stadium
401431986,2022,9,regular,2022-10-29 16:00:00,Findlay,Lake Erie,Great Midwest Athletic,Great Midwest Athletic,42,17,False,True,Donnell Stadium
401438605,2022,9,regular,2022-10-29 16:00:00,UVA Wise,Mars Hill,South Atlantic,South Atlantic,16,20,False,True,Carl Smith Stadium
401411150,2022,9,regular,2022-10-29 16:30:00,Virginia,Miami,ACC,ACC,12,14,False,True,Scott Stadium
401422992,2022,9,regular,2022-10-29 16:30:00,Lafayette,Georgetown,Patriot,Patriot,20,30,False,True,Fisher Field
401415192,2022,9,regular,2022-10-29 16:30:00,Brown,Pennsylvania,Ivy,Ivy,34,31,False,True,Brown Stadium
401438227,2022,9,regular,2022-10-29 17:00:00,Post,Franklin Pierce,Independent DII,Northeast 10,19,42,True,False,
401432971,2022,9,regular,2022-10-29 17:00:00,Wayne State (NE),Upper Iowa,Northern Sun,Northern Sun,56,14,False,True,"Memorial Stadium (Wayne, NE)"
401441260,2022,9,regular,2022-10-29 17:00:00,Amherst,Wesleyan (CT),NESCAC,NESCAC,7,13,False,True,Pratt Field at Lehrman Stadium
401437212,2022,9,regular,2022-10-29 17:00:00,Hobart,Union,Liberty League,Liberty League,23,21,False,True,Boswell Field at David J. Urick Stadium
401437003,2022,9,regular,2022-10-29 17:00:00,Muhlenberg,Franklin & Marshall,Centennial,Centennial,28,21,False,True,Scotty Wood Stadium
401432788,2022,9,regular,2022-10-29 17:00:00,Waynesburg,Westminster (PA),Presidents',Presidents',10,30,False,True,John F. Wiley Stadium
401432784,2022,9,regular,2022-10-29 17:00:00,Thiel,Washington & Jefferson,Presidents',Presidents',0,55,False,True,Alumni Stadium (PA)
401432756,2022,9,regular,2022-10-29 17:00:00,Carnegie Mellon,Saint Vincent,Presidents',Presidents',30,12,False,True,Gesling Stadium
401432747,2022,9,regular,2022-10-29 17:00:00,Allegheny,Case Western Reserve,Presidents',Presidents',7,54,False,False,Frank B. Fuhrer Field
401432732,2022,9,regular,2022-10-29 17:00:00,Averett,Shenandoah,Old Dominion,Old Dominion,0,45,False,False,Daly Field at Frank R. Campbell Stadium
401432723,2022,9,regular,2022-10-29 17:00:00,Hampden Sydney,Guilford,Old Dominion,Old Dominion,28,21,False,True,Lewis C. Everett Stadium
401432634,2022,9,regular,2022-10-29 17:00:00,Montclair State,Christopher Newport,New Jersey,New Jersey,13,14,False,True,Sprague Field
401432586,2022,9,regular,2022-10-29 17:00:00,Kenyon,DePauw,North Coast,North Coast,35,58,False,True,McBride Field
401431114,2022,9,regular,2022-10-29 17:00:00,Alfred,SUNY Cortland,Empire 8,Empire 8,8,31,False,True,Merrill Field at Yunevich Stadium
401423156,2022,9,regular,2022-10-29 17:00:00,Stetson,Drake,Pioneer,Pioneer,17,24,False,True,Spec Martin Municipal Stadium
401432366,2022,9,regular,2022-10-29 17:00:00,Kentucky State,Tuskegee,SIAC,SIAC,7,28,False,True,Alumni Stadium (KY)
401433051,2022,9,regular,2022-10-29 17:00:00,Shippensburg,East Stroudsburg,Pennsylvania State Athletic,Pennsylvania State Athletic,16,23,False,True,Seth Grove Stadium
401432706,2022,9,regular,2022-10-29 17:00:00,Emory & Henry,Carson Newman,South Atlantic,South Atlantic,7,21,False,False,Fred Selfe Stadium at Nicewonder Field
401415409,2022,9,regular,2022-10-29 17:00:00,Princeton,Cornell,Ivy,Ivy,35,9,False,True,Princeton University Stadium
401421108,2022,9,regular,2022-10-29 17:00:00,Dayton,Valparaiso,Pioneer,Pioneer,31,24,False,True,Welcome Stadium
401424409,2022,9,regular,2022-10-29 17:00:00,Monmouth,Towson,CAA,CAA,48,52,False,True,Kessler Stadium
401424441,2022,9,regular,2022-10-29 17:00:00,Villanova,Hampton,CAA,CAA,24,10,False,True,Villanova Stadium
401428193,2022,9,regular,2022-10-29 17:00:00,North Carolina A&T,Campbell,Big South,Big South,45,38,False,True,Aggie Stadium
401424440,2022,9,regular,2022-10-29 17:00:00,UAlbany,Stony Brook,CAA,CAA,59,14,False,True,Bob Ford Field
401424390,2022,9,regular,2022-10-29 17:00:00,William & Mary,Rhode Island,CAA,CAA,31,30,False,True,Zable Stadium
401435077,2022,9,regular,2022-10-29 17:00:00,Stonehill,Merrimack,NEC,NEC,10,17,False,True,W.B. Mason Stadium
401431576,2022,9,regular,2022-10-29 17:00:00,Hillsdale,Ashland,Great Midwest Athletic,Great Midwest Athletic,36,20,False,True,"Frank ""Muddy"" Waters Stadium"
401432097,2022,9,regular,2022-10-29 17:00:00,Frostburg State,Alderson-Broaddus,Mountain East,Mountain East,58,7,False,True,Bobcat Stadium (MD)
401432409,2022,9,regular,2022-10-29 17:00:00,Minnesota Duluth,Minot State,Northern Sun,Northern Sun,51,7,False,True,James S. Malosky Stadium
401431564,2022,9,regular,2022-10-29 17:00:00,Saginaw Valley State,Davenport,GLIAC,GLIAC,28,29,False,True,Harvey Randall Wickes Memorial Stadium
401429858,2022,9,regular,2022-10-29 17:00:00,Elizabeth City State,Bowie State,CIAA,CIAA,29,36,False,True,Roebuck Stadium
401430692,2022,9,regular,2022-10-29 17:00:00,Lincoln (PA),Virginia State,CIAA,CIAA,21,42,False,True,Lincoln University Stadium
401430725,2022,9,regular,2022-10-29 17:00:00,St. Augustine's,Livingstone,CIAA,CIAA,7,12,False,True,George Williams Athletic Complex
401430720,2022,9,regular,2022-10-29 17:00:00,Winston-Salem State,Johnson C. Smith,CIAA,CIAA,28,7,False,True,Bowman Gray Stadium
401438184,2022,9,regular,2022-10-29 17:00:00,Glenville State,West Virginia State,Mountain East,Mountain East,31,30,False,True,I.L. & Sue Morris Stadium
401433121,2022,9,regular,2022-10-29 17:00:00,Lenoir Rhyne,Wingate,South Atlantic,South Atlantic,21,24,False,True,Helen and Leonard Moretz Stadium
401437190,2022,9,regular,2022-10-29 17:00:00,Assumption,New Haven,Northeast 10,Northeast 10,14,13,False,True,Multi-Sport Stadium
401456160,2022,9,regular,2022-10-29 17:00:00,Tufts,Hamilton,NESCAC,NESCAC,49,13,False,True,Ellis Oval at Zimman Field
401450143,2022,9,regular,2022-10-29 17:00:00,Gettysburg,Ursinus,Centennial,Centennial,16,51,False,True,Shirk Field at Musselman Stadium
401446235,2022,9,regular,2022-10-29 17:00:00,Dickinson,Juniata,Centennial,Centennial,45,7,False,True,Biddle Field
401445809,2022,9,regular,2022-10-29 17:00:00,Middlebury,Colby,NESCAC,NESCAC,20,17,False,True,Alumni Stadium (VT)
401432867,2022,9,regular,2022-10-29 17:00:00,Finlandia University,Westminster (MO),Upper Midwest,Upper Midwest,12,16,True,True,McAfee Field
401435146,2022,9,regular,2022-10-29 17:00:00,Merchant Marine,Springfield,NEWMAC,NEWMAC,13,27,False,True,Brooks Stadium (NY)
401439561,2022,9,regular,2022-10-29 17:00:00,Southern Virginia,Methodist,USA South,USA South,23,36,False,True,Knight Stadium
401445805,2022,9,regular,2022-10-29 17:00:00,Williams,Bates,NESCAC,NESCAC,41,28,False,True,Farley-Lamb Field
401438690,2022,9,regular,2022-10-29 17:00:00,Salisbury,Rowan,New Jersey,New Jersey,28,23,False,True,Sea Gull Stadium
401438647,2022,9,regular,2022-10-29 17:00:00,Lebanon Valley,Widener,Mid Atlantic,Mid Atlantic,20,26,False,True,Arnold Field (PA)
401432557,2022,9,regular,2022-10-29 17:00:00,Ithaca,Rensselaer,Liberty League,Liberty League,13,10,False,True,Butterfield Stadium
401432535,2022,9,regular,2022-10-29 17:00:00,Moravian,McDaniel,Centennial,Centennial,14,3,False,True,Rocco Calvo Field
401431201,2022,9,regular,2022-10-29 17:00:00,Olivet,Alma,Michigan,Michigan,35,49,False,True,Cutler Field
401450199,2022,9,regular,2022-10-29 17:00:00,William Paterson,The College of New Jersey,New Jersey,New Jersey,2,33,False,True,Wightman Stadium
401435128,2022,9,regular,2022-10-29 17:00:00,Trinity (CT),Bowdoin,NESCAC,NESCAC,38,3,False,True,Jessee/Miller Field
401431204,2022,9,regular,2022-10-29 17:00:00,Hope,Kalamazoo,Michigan,Michigan,66,20,False,True,Ray and Sue Smith Stadium
401431064,2022,9,regular,2022-10-29 17:00:00,New England,Salve Regina,Commonwealth Coast,Commonwealth Coast,30,12,False,True,Blue Storm Stadium
401431048,2022,9,regular,2022-10-29 17:00:00,Curry,Endicott,Commonwealth Coast,Commonwealth Coast,7,48,False,True,Walter M. Katz Field
401430993,2022,9,regular,2022-10-29 17:00:00,Belhaven,LaGrange,USA South,USA South,70,16,False,False,Belhaven Bowl Stadium
401421099,2022,9,regular,2022-10-29 17:00:00,St. Thomas (MN),San Diego,Pioneer,Pioneer,49,42,False,True,O'Shaughnessy Stadium
401431036,2022,9,regular,2022-10-29 17:00:00,Susquehanna,Johns Hopkins,Centennial,Centennial,26,24,False,True,Amos Alonzo Stagg Field (PA)
401418649,2022,9,regular,2022-10-29 17:00:00,Kennesaw State,Charleston Southern,Atlantic Sun,Big South,30,20,False,False,Fifth Third Stadium
401424442,2022,9,regular,2022-10-29 17:00:00,Maine,Richmond,CAA,CAA,21,31,False,True,Alfond Stadium
401432578,2022,9,regular,2022-10-29 17:00:00,Wabash,Hiram,North Coast,North Coast,59,23,False,True,Little Giant Stadium
401422983,2022,9,regular,2022-10-29 17:00:00,Bucknell,Colgate,Patriot,Patriot,7,13,False,True,Christy Mathewson-Memorial Stadium
401425415,2022,9,regular,2022-10-29 17:00:00,Holy Cross,Fordham,Patriot,Patriot,53,52,False,True,Fitton Field
401431539,2022,9,regular,2022-10-29 17:00:00,Michigan Tech,Grand Valley State,GLIAC,GLIAC,7,42,False,True,Sherman Field
401430707,2022,9,regular,2022-10-29 17:00:00,Virginia Union,Chowan,CIAA,CIAA,21,26,False,True,Hovey Field
401432427,2022,9,regular,2022-10-29 17:00:00,Concordia St. Paul,University of Mary,Northern Sun,Northern Sun,13,23,False,True,Sea Foam Stadium
401438631,2022,9,regular,2022-10-29 17:00:00,MIT,Coast Guard,NEWMAC,NEWMAC,24,31,False,True,Henry G. Steinbrenner '27 Stadium
401435116,2022,9,regular,2022-10-29 17:30:00,Wooster,Wittenberg,North Coast,North Coast,44,43,False,True,John P. Papp Stadium
401431149,2022,9,regular,2022-10-29 17:30:00,Rose Hulman,Defiance College,Heartland,Heartland,76,35,False,True,Cook Stadium
401438676,2022,9,regular,2022-10-29 17:30:00,Wilmington (OH),Heidelberg,Ohio,Ohio,7,57,False,True,Wiliams Stadium (OH)
401431124,2022,9,regular,2022-10-29 17:30:00,Manchester,Franklin,Heartland,Heartland,6,24,False,True,Carl W. Burt Memorial Stadium
401431134,2022,9,regular,2022-10-29 17:30:00,Anderson (IN),Hanover,Heartland,Heartland,3,62,False,True,Macholtz Stadium
401432677,2022,9,regular,2022-10-29 17:30:00,Muskingum,John Carroll,Ohio,Ohio,14,49,False,True,Sherman Field at McConagha Stadium
401431141,2022,9,regular,2022-10-29 17:30:00,Mount St Joseph,Bluffton,Heartland,Heartland,70,21,False,True,Schueler Field
401413209,2022,9,regular,2022-10-29 17:30:00,Wofford,East Tennessee State,Southern,Southern,48,41,False,True,Gibbs Stadium
401422926,2022,9,regular,2022-10-29 17:30:00,VMI,Mercer,Southern,Southern,14,55,False,True,Alumni Memorial Field
401432691,2022,9,regular,2022-10-29 17:30:00,Marietta,Ohio Northern,Ohio,Ohio,27,10,False,True,Don Drumm Stadium
401428220,2022,9,regular,2022-10-29 17:30:00,Gardner-Webb,Bryant,Big South,Big South,48,40,False,True,Ernest W. Spangler Stadium
401418600,2022,9,regular,2022-10-29 17:30:00,Dartmouth,Harvard,Ivy,Ivy,13,28,False,True,Memorial Field
401432668,2022,9,regular,2022-10-29 17:30:00,Capital,Baldwin Wallace,Ohio,Ohio,7,48,False,True,Bernlohr Stadium
401431873,2022,9,regular,2022-10-29 17:30:00,Tusculum,Erskine,South Atlantic,South Atlantic,49,14,False,False,Pioneer Field (TN)
401431913,2022,9,regular,2022-10-29 18:00:00,Western New Mexico,West Texas,Lone Star,Lone Star,41,37,False,True,Ben Altamirano Field
401431923,2022,9,regular,2022-10-29 18:00:00,Central Missouri,Lincoln (MO),Mid America,Mid America,61,14,False,True,Audrey J. Walton Stadium at Vernon Kennedy Field
401432346,2022,9,regular,2022-10-29 18:00:00,Benedict,Clark Atlanta,SIAC,SIAC,49,20,False,True,Charlie W. Johnson Stadium
401432954,2022,9,regular,2022-10-29 18:00:00,Winona State,Augustana (SD),Northern Sun,Northern Sun,24,7,False,True,Altra Federal Credit Union Stadium
401431522,2022,9,regular,2022-10-29 18:00:00,Quincy,Truman State,Great Lakes,Great Lakes,32,59,False,True,QU Stadium
401421143,2022,9,regular,2022-10-29 18:00:00,The Citadel,Samford,Southern,Southern,3,38,False,True,Johnson Hagood Stadium
401423950,2022,9,regular,2022-10-29 18:00:00,Jackson State,Southern,SWAC,SWAC,35,0,False,True,Mississippi Veterans Memorial Stadium
401430972,2022,9,regular,2022-10-29 18:00:00,Luther,Loras,American Rivers,American Rivers,21,40,False,True,Legacy Field in Carlson Stadium
401433084,2022,9,regular,2022-10-29 18:00:00,Chadron State,New Mexico Highlands,Rocky Mountain,Rocky Mountain,17,3,False,True,Elliott Field at Don Beebe Stadium
401430980,2022,9,regular,2022-10-29 18:00:00,Simpson (IA),Nebraska Wesleyan,American Rivers,American Rivers,74,41,False,True,Bill Buxton Stadium
401431003,2022,9,regular,2022-10-29 18:00:00,Hardin Simmons,Howard Payne,American Southwest,American Southwest,28,19,False,True,Shelton Stadium
401431012,2022,9,regular,2022-10-29 18:00:00,Sul Ross State,McMurry,American Southwest,American Southwest,33,27,False,True,Jackson Field
401431027,2022,9,regular,2022-10-29 18:00:00,Texas Lutheran,East Texas Baptist,American Southwest,American Southwest,35,38,False,True,Bulldog Stadium (TX)
401431091,2022,9,regular,2022-10-29 18:00:00,North Central College,North Park,CCIW,CCIW,59,0,False,True,Benedetti-Wehrli Stadium
401431105,2022,9,regular,2022-10-29 18:00:00,Wheaton (IL),Millikin,CCIW,CCIW,69,3,False,True,McCully Stadium
401426593,2022,9,regular,2022-10-29 18:00:00,Rice,Charlotte,Conference USA,Conference USA,23,56,False,True,Rice Stadium
401431262,2022,9,regular,2022-10-29 18:00:00,Ripon,Beloit,Midwest,Midwest,55,14,False,True,Ingalls Field
401431324,2022,9,regular,2022-10-29 18:00:00,Wisconsin Lutheran,Concordia Chicago,NACC,NACC,30,7,False,True,Warrior Field at Raabe Stadium
401432107,2022,9,regular,2022-10-29 18:00:00,West Virginia Wesleyan,Charleston (WV),Mountain East,Mountain East,0,44,False,True,Cebe Ross Field
401432329,2022,9,regular,2022-10-29 18:00:00,Albany State,Morehouse,SIAC,SIAC,31,7,False,True,Albany State University Coliseum
401432400,2022,9,regular,2022-10-29 18:00:00,Southwest Minnesota State,Bemidji State,Northern Sun,Northern Sun,15,34,False,True,Schwan Regional Event Center
401433067,2022,9,regular,2022-10-29 18:00:00,South Dakota Mines,Adams State,Rocky Mountain,Rocky Mountain,23,20,False,True,O'Harra Stadium
401432418,2022,9,regular,2022-10-29 18:00:00,Northern State,Minnesota St Moorhead,Northern Sun,Northern Sun,35,7,False,True,Swisher Field
401432687,2022,9,regular,2022-10-29 18:00:00,Otterbein,Mount Union,Ohio,Ohio,0,59,False,True,"Memorial Stadium (Westerville, OH)"
401433114,2022,9,regular,2022-10-29 18:00:00,Barton,Catawba,South Atlantic,South Atlantic,38,21,False,False,Electric Supply Company Field
401420793,2022,9,regular,2022-10-29 18:00:00,Norfolk State,Howard,MEAC,MEAC,21,49,False,True,"William Dick"""" Price Stadium"""""
401431506,2022,9,regular,2022-10-29 18:00:00,McKendree,Southwest Baptist,Great Lakes,Great Lakes,31,49,False,True,Leemon Field
401431950,2022,9,regular,2022-10-29 18:00:00,Missouri Western,Missouri Southern State,Mid America,Mid America,31,27,False,True,Craig Field at Spratt Memorial Stadium
401420803,2022,9,regular,2022-10-29 18:00:00,Delaware State,North Carolina Central,MEAC,MEAC,21,28,False,True,Alumni Stadium
401420826,2022,9,regular,2022-10-29 18:00:00,Youngstown State,South Dakota,MVFC,MVFC,45,24,False,True,Stambaugh Stadium
401433395,2022,9,regular,2022-10-29 18:00:00,Lindenwood,William Jewell,OVC,Great Lakes,64,23,False,False,Hunter Stadium
401432139,2022,9,regular,2022-10-29 18:00:00,UNC Pembroke,West Liberty,Mountain East,Mountain East,24,3,False,True,Grace P. Johnson Stadium
401432715,2022,9,regular,2022-10-29 18:00:00,Ferrum,Bridgewater,Old Dominion,Old Dominion,28,52,False,True,W.B. Adams Stadium
401432958,2022,9,regular,2022-10-29 18:00:00,Sioux Falls,Minnesota State,Northern Sun,Northern Sun,24,38,False,True,Bob Young Field
401460110,2022,9,regular,2022-10-29 18:00:00,SUNY Maritime,Dean,ECFC,ECFC,30,19,False,True,Reinhart Field
401432738,2022,9,regular,2022-10-29 18:00:00,Washington and Lee,Randolph Macon,Old Dominion,Old Dominion,21,35,False,True,Wilson Field
401432800,2022,9,regular,2022-10-29 18:00:00,Berry,Millsaps,Southern Athletic,Southern Athletic,56,0,False,True,Valhalla Stadium
401433078,2022,9,regular,2022-10-29 18:00:00,Black Hills State,Fort Lewis,Rocky Mountain,Rocky Mountain,75,0,False,True,Lyle Hare Stadium
401430957,2022,9,regular,2022-10-29 18:00:00,Coe,Central College,American Rivers,American Rivers,37,31,False,True,Clark Field
401431223,2022,9,regular,2022-10-29 18:00:00,Augsburg,Concordia (MN),Minnesota,Minnesota,38,35,False,True,Edor Nelson Field
401431271,2022,9,regular,2022-10-29 18:00:00,Lawrence,Knox,Midwest,Midwest,0,35,False,True,Ron Roberts Field at the Banta Bowl
401432901,2022,9,regular,2022-10-29 18:00:00,Wisconsin Stout,Wisconsin Platteville,Wisconsin,Wisconsin,24,22,False,True,Don and Nona Williams Stadium
401418641,2022,9,regular,2022-10-29 18:00:00,Southeast Missouri State,Eastern Kentucky,OVC,Atlantic Sun,23,28,False,False,Houck Field
401421133,2022,9,regular,2022-10-29 18:00:00,Furman,Chattanooga,Southern,Southern,24,20,False,True,Paladin Stadium
401439522,2022,9,regular,2022-10-29 18:00:00,St. John Fisher,Hartwick,Empire 8,Empire 8,44,26,False,True,Growney Stadium
401430929,2022,9,regular,2022-10-29 18:00:00,Buena Vista,Wartburg,American Rivers,American Rivers,0,65,False,True,J. Leslie Rollins Stadium
401431083,2022,9,regular,2022-10-29 18:00:00,Elmhurst,Washington St. Louis,CCIW,CCIW,6,49,False,True,Langhorst Field
401431308,2022,9,regular,2022-10-29 18:00:00,Rockford,St. Norbert,NACC,NACC,14,52,False,True,Sam Greeley Field
401431245,2022,9,regular,2022-10-29 18:00:00,Hamline,Macalester,Minnesota,Minnesota,20,33,False,False,Klas Field
401431074,2022,9,regular,2022-10-29 18:00:00,Carroll (WI),Carthage,Midwest,CCIW,59,14,False,False,Schneider Stadium
401431020,2022,9,regular,2022-10-29 18:00:00,Austin,Southwestern U,American Southwest,American Southwest,29,40,False,True,Jerry E. Apple Stadium
401431291,2022,9,regular,2022-10-29 18:00:00,Chicago,Grinnell,Midwest,Midwest,58,0,False,True,Amos Alonzo Stagg Field
401431300,2022,9,regular,2022-10-29 18:00:00,Lake Forest,Monmouth (IL),Midwest,Midwest,31,14,False,True,Farwell Field
401431315,2022,9,regular,2022-10-29 18:00:00,Benedictine (IL),Aurora,NACC,NACC,13,20,False,True,Village of Lisle-Benedictine University Sports Complex
401435101,2022,9,regular,2022-10-29 18:00:00,Gustavus Adolphus,Carleton,Minnesota,Minnesota,28,9,False,True,Hollingsworth Field
401435199,2022,9,regular,2022-10-29 18:00:00,Huntingdon,Greensboro,USA South,USA South,42,0,False,True,Charles Lee Field at Samford Stadium
401432815,2022,9,regular,2022-10-29 18:00:00,Birmingham-Southern,Hendrix,Southern Athletic,Southern Athletic,30,7,False,True,General Charles C. Krulak Stadium
401432860,2022,9,regular,2022-10-29 18:00:00,St. Scholastica,Saint John's (MN),Minnesota,Minnesota,6,56,False,True,Public Schools Stadium
401432893,2022,9,regular,2022-10-29 18:00:00,Wisconsin Oshkosh,Wisconsin La Crosse,Wisconsin,Wisconsin,35,38,False,True,J.J. Keller Field at Titan Stadium
401432878,2022,9,regular,2022-10-29 18:00:00,Maryville (TN),Brevard,USA South,USA South,21,24,False,True,Lloyd L. Thornton Stadium
401441636,2022,9,regular,2022-10-29 18:00:00,Augustana (IL),Illinois Wesleyan,CCIW,CCIW,24,21,False,True,Charles D. Lindberg Stadium
401435214,2022,9,regular,2022-10-29 18:00:00,Wisconsin Eau Claire,Wisconsin Stevens Point,Wisconsin,Wisconsin,48,26,False,True,Carson Park
401438658,2022,9,regular,2022-10-29 18:00:00,Lakeland,Eureka,NACC,NACC,26,17,False,True,Taylor Field
401445797,2022,9,regular,2022-10-29 18:00:00,Western Connecticut State,Worcester State,MSCAC,MSCAC,38,35,False,True,Westside Athletic Complex
401435212,2022,9,regular,2022-10-29 18:00:00,Wisconsin Whitewater,Wisconsin River Falls,Wisconsin,Wisconsin,30,27,False,True,Perkins Stadium
401431253,2022,9,regular,2022-10-29 18:00:00,Bethel (MN),St. Olaf,Minnesota,Minnesota,38,17,False,True,Royal Stadium
401405123,2022,9,regular,2022-10-29 18:30:00,Minnesota,Rutgers,Big Ten,Big Ten,31,0,False,True,Huntington Bank Stadium
401423922,2022,9,regular,2022-10-29 19:00:00,Texas Southern,Lincoln (CA),SWAC,,37,2,True,False,Alexander Durley Sports Complex
401426361,2022,9,regular,2022-10-29 19:00:00,Georgia State,Old Dominion,Sun Belt,Sun Belt,31,17,False,True,Center Parc Stadium
401425520,2022,9,regular,2022-10-29 19:00:00,Southern Illinois,Northern Iowa,MVFC,MVFC,36,37,False,True,Saluki Stadium
401418841,2022,9,regular,2022-10-29 19:00:00,South Dakota State,Indiana State,MVFC,MVFC,49,7,False,True,Dana J. Dykhouse Stadium
401420812,2022,9,regular,2022-10-29 19:00:00,Missouri State,Western Illinois,MVFC,MVFC,64,14,False,True,Plaster Sports Complex
401424941,2022,9,regular,2022-10-29 19:00:00,Prairie View A&M,Bethune-Cookman,SWAC,SWAC,58,48,False,True,Panther Stadium
401425425,2022,9,regular,2022-10-29 19:00:00,Murray State,Tennessee State,OVC,OVC,19,3,False,True,Roy Stewart Stadium
401424932,2022,9,regular,2022-10-29 19:00:00,Grambling,Alcorn State,SWAC,SWAC,35,6,False,True,Eddie Robinson Stadium
401418798,2022,9,regular,2022-10-29 19:00:00,Houston Christian,UT Martin,Southland,OVC,28,52,False,False,Husky Stadium
401430746,2022,9,regular,2022-10-29 19:00:00,Arkansas Monticello,Southeastern Oklahoma State,Great American,Great American,20,48,False,True,Convoy Leslie Cotton Boll Stadium
401430736,2022,9,regular,2022-10-29 19:00:00,Arkansas Tech,Southwestern Oklahoma State,Great American,Great American,22,21,False,True,Thone Stadium at Buerkle Field
401431957,2022,9,regular,2022-10-29 19:00:00,Nebraska Kearney,Northwest Missouri State,Mid America,Mid America,24,28,False,True,Ron & Carol Cope Stadium at Foster Field
401431933,2022,9,regular,2022-10-29 19:00:00,Emporia State,Fort Hays,Mid America,Mid America,42,14,False,True,Francis G. Welch Stadium
401433096,2022,9,regular,2022-10-29 19:00:00,Western Colorado,Colorado School of Mines,Rocky Mountain,Rocky Mountain,20,30,False,True,Mountaineer Bowl
401431462,2022,9,regular,2022-10-29 19:00:00,Southern Nazarene,Henderson State,Great American,Great American,41,42,False,True,Southern Nazarene University Football Stadium
401433092,2022,9,regular,2022-10-29 19:00:00,Colorado Mesa,CSU Pueblo,Rocky Mountain,Rocky Mountain,28,33,False,True,Ralph Stocker Stadium
401431965,2022,9,regular,2022-10-29 19:00:00,Northeastern State,Washburn,Mid America,Mid America,17,21,False,True,Gable Field at Doc Wadley Stadium
401431838,2022,9,regular,2022-10-29 19:00:00,North Greenville,Valdosta State,Gulf South,Gulf South,37,58,False,True,Younts Stadium
401413338,2022,9,regular,2022-10-29 19:00:00,Weber State,Montana,Big Sky,Big Sky,24,21,False,True,Stewart Stadium
401426257,2022,9,regular,2022-10-29 19:00:00,Eastern Illinois,Tennessee Tech,OVC,OVC,17,20,False,True,O'Brien Stadium
401431973,2022,9,regular,2022-10-29 19:00:00,Central Oklahoma,Pittsburg State,Mid America,Mid America,7,38,False,True,Wantland Stadium
401432356,2022,9,regular,2022-10-29 19:00:00,Lane College,Central State,SIAC,SIAC,42,31,False,True,Lane Field
401432821,2022,9,regular,2022-10-29 19:00:00,Rhodes,Sewanee,Southern Athletic,Southern Athletic,33,6,False,True,Crain Field
401420861,2022,9,regular,2022-10-29 19:00:00,Stephen F. Austin,Utah Tech,Western Athletic,Western Athletic,44,47,False,True,Homer Bryce Stadium
401420851,2022,9,regular,2022-10-29 19:00:00,East Texas A&M,Incarnate Word,Southland,Southland,7,35,False,False,Memorial Stadium (Commerce TX)
401431470,2022,9,regular,2022-10-29 19:00:00,Oklahoma Baptist,Southern Arkansas,Great American,Great American,20,52,False,True,Crain Family Stadium
401418834,2022,9,regular,2022-10-29 19:30:00,North Dakota State,Illinois State,MVFC,MVFC,24,7,False,True,Fargodome
401415647,2022,9,regular,2022-10-29 19:30:00,Tulsa,SMU,American Athletic,American Athletic,34,45,False,True,Chapman Stadium
401426360,2022,9,regular,2022-10-29 19:30:00,App State,Robert Morris,Sun Belt,Big South,42,3,False,False,Kidd Brewer Stadium
401405124,2022,9,regular,2022-10-29 19:30:00,Nebraska,Illinois,Big Ten,Big Ten,9,26,False,True,"Memorial Stadium (Lincoln, NE)"
401423444,2022,9,regular,2022-10-29 19:30:00,Alabama State,Alabama A&M,SWAC,SWAC,24,17,True,True,Legion Field
401424399,2022,9,regular,2022-10-29 19:30:00,Elon,Delaware,CAA,CAA,27,7,False,True,Rhodes Stadium
401415646,2022,9,regular,2022-10-29 19:30:00,Navy,Temple,American Athletic,American Athletic,27,20,False,True,Navy-Marine Corps Memorial Stadium
401403928,2022,9,regular,2022-10-29 19:30:00,Georgia,Florida,SEC,SEC,42,20,True,True,EverBank Stadium
401404024,2022,9,regular,2022-10-29 19:30:00,California,Oregon,Pac-12,Pac-12,24,42,False,True,California Memorial Stadium
401426597,2022,9,regular,2022-10-29 19:30:00,Western Kentucky,North Texas,Conference USA,Conference USA,13,40,False,True,Houchens Industries-L.T. Smith Stadium
401409242,2022,9,regular,2022-10-29 19:30:00,Massachusetts,New Mexico State,FBS Independents,FBS Independents,13,23,False,True,Warren McGuirk Alumni Stadium
401405122,2022,9,regular,2022-10-29 19:30:00,Iowa,Northwestern,Big Ten,Big Ten,33,13,False,True,Kinnick Stadium
401404102,2022,9,regular,2022-10-29 19:30:00,Kansas State,Oklahoma State,Big 12,Big 12,48,0,False,True,Bill Snyder Family Stadium
401411148,2022,9,regular,2022-10-29 19:30:00,Louisville,Wake Forest,ACC,ACC,48,21,False,True,L&N Federal Credit Union Stadium
401415644,2022,9,regular,2022-10-29 19:30:00,UCF,Cincinnati,American Athletic,American Athletic,25,21,False,True,FBC Mortgage Stadium
401413221,2022,9,regular,2022-10-29 20:00:00,Austin Peay,Jacksonville State,Atlantic Sun,Atlantic Sun,16,40,False,True,Governors Stadium
401431455,2022,9,regular,2022-10-29 20:00:00,Harding,Northwestern (OK),Great American,Great American,28,7,False,True,First Security Stadium
401431558,2022,9,regular,2022-10-29 20:00:00,Tiffin,Northwood,Great Midwest Athletic,Great Midwest Athletic,48,3,False,False,Frost-Kalnow Stadium
401430677,2022,9,regular,2022-10-29 20:00:00,Fayetteville State,Shaw,CIAA,CIAA,28,20,False,True,"Luther ""Nick"" Jeralds Stadium"
401432842,2022,9,regular,2022-10-29 20:00:00,Crown,Greenville,Upper Midwest,Upper Midwest,6,48,False,True,Old National Bank Stadium
401432828,2022,9,regular,2022-10-29 20:00:00,Whittier,Claremont Mudd Scripps,So. Cal.,So. Cal.,0,43,False,True,"Memorial Stadium (Whittier, CA)"
401426363,2022,9,regular,2022-10-29 20:00:00,Arkansas State,South Alabama,Sun Belt,Sun Belt,3,31,False,True,Centennial Bank Stadium
401403929,2022,9,regular,2022-10-29 20:00:00,South Carolina,Missouri,SEC,SEC,10,23,False,True,Williams-Brice Stadium
401431909,2022,9,regular,2022-10-29 20:00:00,Eastern New Mexico,UT Permian Basin,Lone Star,Lone Star,21,24,False,True,Al Whitehead Field at Greyhound Stadium
401413240,2022,9,regular,2022-10-29 20:00:00,Eastern Washington,Portland State,Big Sky,Big Sky,35,38,False,True,Roos Field
401433129,2022,9,regular,2022-10-29 20:00:00,Newberry,Limestone,South Atlantic,South Atlantic,37,42,False,True,Setzler Field
401424944,2022,9,regular,2022-10-29 20:00:00,Florida A&M,Arkansas-Pine Bluff,SWAC,SWAC,27,6,False,True,Bragg Memorial Stadium
401435178,2022,9,regular,2022-10-29 20:00:00,Pacific Lutheran,Willamette,Northwest,Northwest,53,0,False,True,Sparks Stadium
401418789,2022,9,regular,2022-10-29 20:00:00,North Dakota,Abilene Christian,MVFC,Western Athletic,34,31,False,False,Alerus Center
401435173,2022,9,regular,2022-10-29 20:00:00,Lewis & Clark,Pacific (OR),Northwest,Northwest,41,56,False,True,Griswold Stadium
401432660,2022,9,regular,2022-10-29 20:00:00,Whitworth,Puget Sound,Northwest,Northwest,59,0,False,True,The Pine Bowl
401432835,2022,9,regular,2022-10-29 20:00:00,Redlands,Pomona Pitzer,So. Cal.,So. Cal.,27,24,False,True,Ted Runner Stadium
401420867,2022,9,regular,2022-10-29 20:00:00,Lamar,Nicholls,Southland,Southland,24,17,False,True,Provost Umphrey Stadium
401432643,2022,9,regular,2022-10-29 20:35:00,George Fox,Linfield,Northwest,Northwest,10,37,False,True,Stoffer Family Stadium
401431858,2022,9,regular,2022-10-29 21:00:00,West Florida,West Alabama,Gulf South,Gulf South,36,24,True,True,Blue Wahoos Stadium
401418780,2022,9,regular,2022-10-29 21:00:00,Central Arkansas,North Alabama,Atlantic Sun,Atlantic Sun,64,29,False,False,Estes Stadium
401431496,2022,9,regular,2022-10-29 22:00:00,Indianapolis,Missouri S&T,Great Lakes,Great Lakes,42,16,False,True,Key Stadium
401441336,2022,9,regular,2022-10-29 22:00:00,Savannah State,Fort Valley State,SIAC,SIAC,28,24,True,True,Five Star Stadium at the Moye Complex
401431848,2022,9,regular,2022-10-29 22:00:00,West Georgia,Shorter,Gulf South,Gulf South,49,14,False,True,University Stadium (GA)
401432854,2022,9,regular,2022-10-29 22:00:00,Northwestern (MN),Minnesota Morris,Upper Midwest,Upper Midwest,31,24,False,True,Reynolds Field
401432613,2022,9,regular,2022-10-29 23:00:00,Ohio Wesleyan,Oberlin,North Coast,North Coast,77,0,False,True,Selby Stadium
401426362,2022,9,regular,2022-10-29 23:00:00,Marshall,Coastal Carolina,Sun Belt,Sun Belt,13,24,False,True,Joan C. Edwards Stadium
401432769,2022,9,regular,2022-10-29 23:00:00,Geneva,Bethany (WV),Presidents',Presidents',34,6,False,True,Reeves Field (PA)
401426595,2022,9,regular,2022-10-29 23:00:00,Florida Atlantic,UAB,Conference USA,Conference USA,24,17,False,True,FAU Stadium
401403930,2022,9,regular,2022-10-29 23:00:00,Tennessee,Kentucky,SEC,SEC,44,6,False,True,Neyland Stadium
401415246,2022,9,regular,2022-10-29 23:00:00,Boise State,Colorado State,Mountain West,Mountain West,49,10,False,True,Albertsons Stadium
401404022,2022,9,regular,2022-10-29 23:00:00,Arizona,USC,Pac-12,Pac-12,37,45,False,True,Arizona Stadium
401431830,2022,9,regular,2022-10-29 23:00:00,Mississippi College,Delta State,Gulf South,Gulf South,38,52,False,True,Robinson-Hale Stadium
401413231,2022,9,regular,2022-10-29 23:00:00,UC Davis,Cal Poly,Big Sky,Big Sky,59,17,False,True,Aggie Stadium
401404101,2022,9,regular,2022-10-29 23:30:00,Texas Tech,Baylor,Big 12,Big 12,17,45,False,True,Jones AT&T Stadium
401403931,2022,9,regular,2022-10-29 23:30:00,Texas A&M,Ole Miss,SEC,SEC,28,31,False,True,Kyle Field
401405125,2022,9,regular,2022-10-29 23:30:00,Michigan,Michigan State,Big Ten,Big Ten,29,7,False,True,Michigan Stadium
401404023,2022,9,regular,2022-10-29 23:30:00,Colorado,Arizona State,Pac-12,Pac-12,34,42,False,True,Folsom Field
401411149,2022,9,regular,2022-10-30 00:00:00,North Carolina,Pittsburgh,ACC,ACC,42,24,False,True,Kenan Stadium
401431617,2022,9,regular,2022-10-30 00:00:00,Midwestern State,Western Oregon,Lone Star,Lone Star,26,21,False,False,"Memorial Stadium (Wichita Falls, TX)"
401462225,2022,9,regular,2022-10-30 00:00:00,McNeese,SE Louisiana,Southland,Southland,27,28,False,True,Cowboy Stadium
401462518,2022,9,regular,2022-10-30 00:00:00,Tarleton State,Sam Houston,Western Athletic,Western Athletic,21,40,False,True,"Memorial Stadium (Stephenville, TX)"
401426596,2022,9,regular,2022-10-30 01:00:00,UTEP,Middle Tennessee,Conference USA,Conference USA,13,24,False,True,Sun Bowl
401431598,2022,9,regular,2022-10-30 01:00:00,Central Washington,Texas A&M-Kingsville,Lone Star,Lone Star,23,19,False,False,Tomlinson Stadium
401413251,2022,9,regular,2022-10-30 01:00:00,Sacramento State,Idaho,Big Sky,Big Sky,31,28,False,True,Hornet Stadium
401431607,2022,9,regular,2022-10-30 01:00:00,Simon Fraser,Angelo State,Lone Star,Lone Star,0,24,True,False,Blaine High School
401439552,2022,9,regular,2022-10-30 02:00:00,Cal Lutheran,La Verne,So. Cal.,So. Cal.,22,29,False,True,William Rolland Stadium
401415248,2022,9,regular,2022-10-30 02:30:00,Fresno State,San Diego State,Mountain West,Mountain West,32,28,False,True,Valley Children's Stadium
401415249,2022,9,regular,2022-10-30 02:30:00,San José State,Nevada,Mountain West,Mountain West,35,28,False,True,CEFCU Stadium
401404025,2022,9,regular,2022-10-30 02:30:00,UCLA,Stanford,Pac-12,Pac-12,38,13,False,True,Rose Bowl
401415247,2022,9,regular,2022-10-30 03:59:00,Hawai'i,Wyoming,Mountain West,Mountain West,20,27,False,True,Clarence T.C. Ching Athletics Complex
401416632,2022,10,regular,2022-11-01 23:00:00,Kent State,Ball State,Mid-American,Mid-American,20,27,False,True,Dix Stadium
401416633,2022,10,regular,2022-11-01 23:30:00,Ohio,Buffalo,Mid-American,Mid-American,45,24,False,True,Peden Stadium
401416634,2022,10,regular,2022-11-02 23:00:00,Northern Illinois,Central Michigan,Mid-American,Mid-American,22,35,False,True,Huskie Stadium
401416635,2022,10,regular,2022-11-02 23:00:00,Bowling Green,Western Michigan,Mid-American,Mid-American,13,9,False,True,Doyt L. Perry Stadium
401426601,2022,10,regular,2022-11-03 23:00:00,Rice,UTEP,Conference USA,Conference USA,37,30,False,True,Rice Stadium
401426364,2022,10,regular,2022-11-03 23:30:00,Coastal Carolina,App State,Sun Belt,Sun Belt,35,28,False,True,Brooks Stadium (SC)
401423445,2022,10,regular,2022-11-03 23:30:00,Mississippi Valley State,Alabama A&M,SWAC,SWAC,30,20,False,True,Rice-Totten Field
401404155,2022,10,regular,2022-11-04 23:00:00,UConn,Massachusetts,FBS Independents,FBS Independents,27,10,False,False,Pratt & Whitney Stadium
401411151,2022,10,regular,2022-11-04 23:00:00,Boston College,Duke,ACC,ACC,31,38,False,True,"Alumni Stadium (Chestnut Hill, MA)"
401424933,2022,10,regular,2022-11-04 23:30:00,Prairie View A&M,Alcorn State,SWAC,SWAC,16,23,False,True,Panther Stadium
401404031,2022,10,regular,2022-11-05 02:30:00,Washington,Oregon State,Pac-12,Pac-12,24,21,False,True,Husky Stadium
401404141,2022,10,regular,2022-11-05 15:30:00,Army,Air Force,FBS Independents,Mountain West,7,13,True,False,Dignity Health Sports Park
401433403,2022,10,regular,2022-11-05 16:00:00,Rensselaer,St. Lawrence,Liberty League,Liberty League,10,6,False,True,ECAV Stadium
401415193,2022,10,regular,2022-11-05 16:00:00,Yale,Brown,Ivy,Ivy,69,17,False,True,Yale Bowl
401432558,2022,10,regular,2022-11-05 16:00:00,Union,Ithaca,Liberty League,Liberty League,28,31,False,True,Frank Bailey Field
401430700,2022,10,regular,2022-11-05 16:00:00,Virginia State,Virginia Union,CIAA,CIAA,21,33,False,True,Rogers Stadium (VA)
401405130,2022,10,regular,2022-11-05 16:00:00,Purdue,Iowa,Big Ten,Big Ten,3,24,False,True,Ross-Ade Stadium
401438655,2022,10,regular,2022-11-05 16:00:00,Western Connecticut State,Fitchburg State,MSCAC,MSCAC,41,21,False,True,Westside Athletic Complex
401443120,2022,10,regular,2022-11-05 16:00:00,King's,Misericordia,Mid Atlantic,Mid Atlantic,14,0,False,True,McCarthy Stadium (Wilkes Barre)
401435138,2022,10,regular,2022-11-05 16:00:00,Norwich,Catholic,NEWMAC,NEWMAC,14,31,False,True,Sabine Field at Haynes Family Stadium
401415649,2022,10,regular,2022-11-05 16:00:00,Tulsa,Tulane,American Athletic,American Athletic,13,27,False,True,Chapman Stadium
401450144,2022,10,regular,2022-11-05 16:00:00,Juniata,Ursinus,Centennial,Centennial,2,65,False,True,Knox Stadium
401420794,2022,10,regular,2022-11-05 16:00:00,North Carolina A&T,Norfolk State,Big South,MEAC,49,24,False,False,Aggie Stadium
401439540,2022,10,regular,2022-11-05 16:00:00,Springfield,MIT,NEWMAC,NEWMAC,16,14,False,True,Stagg Field
401423422,2022,10,regular,2022-11-05 16:00:00,Duquesne,Sacred Heart,NEC,NEC,35,28,False,True,Arthur J. Rooney Athletic Field
401438632,2022,10,regular,2022-11-05 16:00:00,Coast Guard,WPI,NEWMAC,NEWMAC,24,30,False,True,Cadet Memorial Field
401411156,2022,10,regular,2022-11-05 16:00:00,Virginia,North Carolina,ACC,ACC,28,31,False,True,Scott Stadium
401441885,2022,10,regular,2022-11-05 16:00:00,Fairmont State,Glenville State,Mountain East,Mountain East,36,38,False,True,Duvall-Rosier Field
401433020,2022,10,regular,2022-11-05 16:00:00,Kutztown,West Chester,Pennsylvania State Athletic,Pennsylvania State Athletic,9,28,False,True,Andre Reed Stadium
401455579,2022,10,regular,2022-11-05 16:00:00,Bentley,American International,Northeast 10,Northeast 10,10,18,False,True,Bentley University Football Stadium
401405128,2022,10,regular,2022-11-05 16:00:00,Nebraska,Minnesota,Big Ten,Big Ten,13,20,False,True,"Memorial Stadium (Lincoln, NE)"
401405129,2022,10,regular,2022-11-05 16:00:00,Northwestern,Ohio State,Big Ten,Big Ten,7,21,False,True,Ryan Field
401431839,2022,10,regular,2022-11-05 16:00:00,Shorter,North Greenville,Gulf South,Gulf South,31,14,False,True,Barron Stadium
401432390,2022,10,regular,2022-11-05 16:00:00,Saint Anselm,Assumption,Northeast 10,Northeast 10,12,21,False,True,Grappone Stadium
401445232,2022,10,regular,2022-11-05 16:00:00,Limestone,Barton,South Atlantic,South Atlantic,34,28,False,False,The Reservation
401432133,2022,10,regular,2022-11-05 16:00:00,Notre Dame College,UNC Pembroke,Mountain East,Mountain East,27,0,False,True,Mueller Field
401432996,2022,10,regular,2022-11-05 16:00:00,California (PA),Gannon,Pennsylvania State Athletic,Pennsylvania State Athletic,13,25,False,True,Adamson Stadium
401433154,2022,10,regular,2022-11-05 16:00:00,Bluefield State,Lincoln (CA),Independent DII,,17,20,False,False,Mitchell Stadium
401428199,2022,10,regular,2022-11-05 16:00:00,Charleston Southern,Robert Morris,Big South,Big South,34,21,False,True,Buccaneer Field
401423002,2022,10,regular,2022-11-05 16:00:00,Holy Cross,Lehigh,Patriot,Patriot,42,14,False,True,Fitton Field
401431158,2022,10,regular,2022-11-05 16:00:00,Lycoming,Widener,Mid Atlantic,Mid Atlantic,28,16,False,True,David Person Field
401404108,2022,10,regular,2022-11-05 16:00:00,TCU,Texas Tech,Big 12,Big 12,34,24,False,True,Amon G. Carter Stadium
401426598,2022,10,regular,2022-11-05 16:00:00,Charlotte,Western Kentucky,Conference USA,Conference USA,7,59,False,True,Jerry Richardson Stadium
401432770,2022,10,regular,2022-11-05 16:00:00,Thiel,Geneva,Presidents',Presidents',20,55,False,True,Alumni Stadium (PA)
401444594,2022,10,regular,2022-11-05 16:00:00,Bridgewater State,Framingham State,MSCAC,MSCAC,20,19,False,True,Edward C. Swenson Athletic Complex
401456158,2022,10,regular,2022-11-05 16:00:00,Albright,Alvernia,Mid Atlantic,Mid Atlantic,14,21,False,True,Gene L. Shirk Stadium
401438640,2022,10,regular,2022-11-05 16:00:00,Delaware Valley,FDU Florham,Mid Atlantic,Mid Atlantic,42,7,False,True,Robert A. Lipinski Field at James Work Memorial Stadium
401441957,2022,10,regular,2022-11-05 16:00:00,Worcester State,Westfield State,MSCAC,MSCAC,18,28,False,True,John Coughlin Memorial Field
401435097,2022,10,regular,2022-11-05 16:00:00,Rochester (NY),Hartwick,Liberty League,Empire 8,19,13,False,False,Edwin Fauver Stadium
401432550,2022,10,regular,2022-11-05 16:00:00,Alfred State,Gallaudet,ECFC,ECFC,22,36,False,True,Pioneer Stadium
401438627,2022,10,regular,2022-11-05 16:00:00,Dean,Anna Maria College,ECFC,ECFC,22,36,False,True,Dale Lippert Field
401432886,2022,10,regular,2022-11-05 16:00:00,North Carolina Wesleyan,Huntingdon,USA South,USA South,17,35,False,True,Bishop Stadium
401405131,2022,10,regular,2022-11-05 16:00:00,Wisconsin,Maryland,Big Ten,Big Ten,23,10,False,True,Camp Randall Stadium
401403937,2022,10,regular,2022-11-05 16:00:00,Texas A&M,Florida,SEC,SEC,24,41,False,True,Kyle Field
401403936,2022,10,regular,2022-11-05 16:00:00,Missouri,Kentucky,SEC,SEC,17,21,False,True,Memorial Stadium
401461253,2022,10,regular,2022-11-05 16:00:00,Endicott,Salve Regina,Commonwealth Coast,Commonwealth Coast,42,10,False,True,Hempstead Stadium
401431057,2022,10,regular,2022-11-05 16:00:00,Husson,Nichols,Commonwealth Coast,Commonwealth Coast,27,14,False,True,Dr. John W. Winkin Sports Complex
401431168,2022,10,regular,2022-11-05 16:00:00,Mass Maritime,Plymouth State,MSCAC,MSCAC,7,21,False,True,Clean Harbors Stadium
401411157,2022,10,regular,2022-11-05 16:30:00,Virginia Tech,Georgia Tech,ACC,ACC,27,28,False,True,Lane Stadium
401423430,2022,10,regular,2022-11-05 16:30:00,Georgetown,Saint Francis,Patriot,NEC,24,38,False,False,Cooper Field
401450190,2022,10,regular,2022-11-05 16:30:00,Middlebury,Hamilton,NESCAC,NESCAC,48,34,False,True,Alumni Stadium (VT)
401431958,2022,10,regular,2022-11-05 17:00:00,Nebraska Kearney,Central Oklahoma,Mid America,Mid America,20,18,False,True,Ron & Carol Cope Stadium at Foster Field
401432108,2022,10,regular,2022-11-05 17:00:00,Wheeling,Charleston (WV),Mountain East,Mountain East,19,22,False,True,Bishop Schmitt Field
401425428,2022,10,regular,2022-11-05 17:00:00,Long Island University,Central Connecticut,NEC,NEC,29,20,False,True,Bethpage Federal Credit Union Stadium
401431037,2022,10,regular,2022-11-05 17:00:00,Dickinson,Johns Hopkins,Centennial,Centennial,13,35,False,True,Biddle Field
401432776,2022,10,regular,2022-11-05 17:00:00,Washington & Jefferson,Grove City,Presidents',Presidents',31,14,False,True,Cameron Stadium
401433028,2022,10,regular,2022-11-05 17:00:00,Lock Haven,Shippensburg,Pennsylvania State Athletic,Pennsylvania State Athletic,7,44,False,True,Hubert Jack Stadium
401435129,2022,10,regular,2022-11-05 17:00:00,Bates,Trinity (CT),NESCAC,NESCAC,14,63,False,True,Garcelon Field
401432724,2022,10,regular,2022-11-05 17:00:00,Shenandoah,Hampden Sydney,Old Dominion,Old Dominion,23,7,False,True,Shentel Stadium
401432972,2022,10,regular,2022-11-05 17:00:00,Upper Iowa,Winona State,Northern Sun,Northern Sun,7,45,False,True,Harms-Eischeid Stadium
401435193,2022,10,regular,2022-11-05 17:00:00,Greenville,Finlandia University,Upper Midwest,Upper Midwest,45,7,False,True,Francis Field (IL)
401432872,2022,10,regular,2022-11-05 17:00:00,Averett,Guilford,Old Dominion,Old Dominion,0,26,False,False,Daly Field at Frank R. Campbell Stadium
401415410,2022,10,regular,2022-11-05 17:00:00,Cornell,Pennsylvania,Ivy,Ivy,21,28,False,True,Schoellkopf Field
401430973,2022,10,regular,2022-11-05 17:00:00,Central College,Luther,American Rivers,American Rivers,61,13,False,True,Ron and Joyce Schipper Stadium
401430985,2022,10,regular,2022-11-05 17:00:00,Wartburg,Simpson (IA),American Rivers,American Rivers,81,9,False,True,Walston-Hoover Stadium
401418842,2022,10,regular,2022-11-05 17:00:00,Indiana State,North Dakota,MVFC,MVFC,7,42,False,True,Memorial Stadium
401424391,2022,10,regular,2022-11-05 17:00:00,Hampton,William & Mary,CAA,CAA,14,20,False,True,Armstrong Stadium
401424443,2022,10,regular,2022-11-05 17:00:00,Rhode Island,Maine,CAA,CAA,26,22,False,True,Meade Stadium
401432764,2022,10,regular,2022-11-05 17:00:00,Westminster (PA),Case Western Reserve,Presidents',Presidents',14,13,False,True,Memorial Field (PA)
401444602,2022,10,regular,2022-11-05 17:00:00,Amherst,Bowdoin,NESCAC,NESCAC,17,14,False,True,Pratt Field at Lehrman Stadium
401432789,2022,10,regular,2022-11-05 17:00:00,Saint Vincent,Waynesburg,Presidents',Presidents',53,16,False,True,Chuck Noll Field
401439538,2022,10,regular,2022-11-05 17:00:00,Stevenson,Wilkes,Mid Atlantic,Mid Atlantic,28,0,False,True,Mustang Stadium
401422993,2022,10,regular,2022-11-05 17:00:00,Colgate,Lafayette,Patriot,Patriot,16,21,False,True,Andy Kerr Stadium
401422984,2022,10,regular,2022-11-05 17:00:00,Bucknell,Fordham,Patriot,Patriot,17,59,False,True,Christy Mathewson-Memorial Stadium
401418650,2022,10,regular,2022-11-05 17:00:00,UT Martin,Kennesaw State,OVC,Atlantic Sun,27,44,False,False,Graham Stadium
401415203,2022,10,regular,2022-11-05 17:00:00,Harvard,Columbia,Ivy,Ivy,20,21,False,True,Harvard Stadium
401420785,2022,10,regular,2022-11-05 17:00:00,Stony Brook,Morgan State,CAA,MEAC,24,22,False,False,Kenneth P. LaValle Stadium
401423150,2022,10,regular,2022-11-05 17:00:00,Davidson,Stetson,Pioneer,Pioneer,56,48,False,True,Richardson Stadium
401424410,2022,10,regular,2022-11-05 17:00:00,Delaware,Monmouth,CAA,CAA,49,17,False,True,Delaware Stadium
401441949,2022,10,regular,2022-11-05 17:00:00,Keystone,SUNY Maritime,ECFC,ECFC,21,20,False,True,Athletic Field Complex
401432357,2022,10,regular,2022-11-05 17:00:00,Central State,Kentucky State,SIAC,SIAC,31,30,False,True,McPherson Memorial Stadium
401432622,2022,10,regular,2022-11-05 17:00:00,Wittenberg,Ohio Wesleyan,North Coast,North Coast,7,14,False,True,Edwards-Maurer Field
401445231,2022,10,regular,2022-11-05 17:00:00,Bowie State,Lincoln (PA),CIAA,CIAA,41,24,False,True,Bulldogs Stadium
401432716,2022,10,regular,2022-11-05 17:00:00,Randolph Macon,Ferrum,Old Dominion,Old Dominion,52,10,False,True,Day Field
401444118,2022,10,regular,2022-11-05 17:00:00,Southern Connecticut State,Post,Northeast 10,Independent DII,44,7,False,False,Jess Dow Field
401445810,2022,10,regular,2022-11-05 17:00:00,Colby,Tufts,NESCAC,NESCAC,7,35,False,True,Seaverns Field At Harold Alfond Stadium
401432959,2022,10,regular,2022-11-05 17:00:00,Minnesota State,Southwest Minnesota State,Northern Sun,Northern Sun,45,24,False,True,Blakeslee Stadium
401435052,2022,10,regular,2022-11-05 17:00:00,Ferris State,Davenport,GLIAC,GLIAC,28,7,False,True,Top Taggart Field
401433135,2022,10,regular,2022-11-05 17:00:00,Mars Hill,Tusculum,South Atlantic,South Atlantic,34,27,False,True,Meares Stadium
401433056,2022,10,regular,2022-11-05 17:00:00,Slippery Rock,Edinboro,Pennsylvania State Athletic,Pennsylvania State Athletic,28,21,False,True,Mihalik-Thompson Stadium
401432381,2022,10,regular,2022-11-05 17:00:00,New Haven,Franklin Pierce,Northeast 10,Northeast 10,50,6,False,True,Ralph F. DellaCamera Stadium
401432338,2022,10,regular,2022-11-05 17:00:00,Allen,Benedict,SIAC,SIAC,21,54,False,True,W.C. Hawkins Stadium
401432420,2022,10,regular,2022-11-05 17:00:00,Minnesota St Moorhead,Concordia St. Paul,Northern Sun,Northern Sun,21,20,False,True,Scheels Field at Nemzek Stadium
401431065,2022,10,regular,2022-11-05 17:00:00,Western New England,New England,Commonwealth Coast,Commonwealth Coast,33,0,False,True,Golden Bear Stadium
401431565,2022,10,regular,2022-11-05 17:00:00,Northern Michigan,Saginaw Valley State,GLIAC,GLIAC,21,30,False,True,Superior Dome
401431559,2022,10,regular,2022-11-05 17:00:00,Northwood,Ohio Dominican,Great Midwest Athletic,Great Midwest Athletic,24,35,False,False,Hantz Stadium
401431507,2022,10,regular,2022-11-05 17:00:00,Truman State,McKendree,Great Lakes,Great Lakes,52,7,False,True,Stokes Stadium
401432125,2022,10,regular,2022-11-05 17:00:00,West Virginia Wesleyan,Frostburg State,Mountain East,Mountain East,0,37,False,True,Cebe Ross Field
401431549,2022,10,regular,2022-11-05 17:00:00,Hillsdale,Michigan Tech,Great Midwest Athletic,GLIAC,24,28,False,False,"Frank ""Muddy"" Waters Stadium"
401431407,2022,10,regular,2022-11-05 17:00:00,Presbyterian,Dayton,Pioneer,Pioneer,28,52,False,True,Bailey Memorial Stadium
401442046,2022,10,regular,2022-11-05 17:00:00,Stonehill,Wagner,NEC,NEC,50,10,False,True,W.B. Mason Stadium
401418608,2022,10,regular,2022-11-05 17:00:00,Princeton,Dartmouth,Ivy,Ivy,17,14,False,True,Princeton University Stadium
401431185,2022,10,regular,2022-11-05 17:00:00,Alma,Adrian,Michigan,Michigan,30,10,False,True,Bahlke Field
401431309,2022,10,regular,2022-11-05 17:00:00,St. Norbert,Eureka,NACC,NACC,20,7,False,True,Donald J. Schneider Stadium
401432635,2022,10,regular,2022-11-05 17:00:00,Christopher Newport,The College of New Jersey,New Jersey,New Jersey,24,21,False,True,TowneBank Stadium
401432614,2022,10,regular,2022-11-05 17:00:00,DePauw,Oberlin,North Coast,North Coast,72,0,False,True,Blackstock Stadium
401435117,2022,10,regular,2022-11-05 17:00:00,Wooster,Denison,North Coast,North Coast,14,28,False,True,John P. Papp Stadium
401432579,2022,10,regular,2022-11-05 17:00:00,Hiram,Hilbert,North Coast,North Coast,59,27,False,False,Charles A. Henry Field
401432536,2022,10,regular,2022-11-05 17:00:00,Franklin & Marshall,Moravian,Centennial,Centennial,56,7,False,True,Shadek Stadium
401432848,2022,10,regular,2022-11-05 17:00:00,Martin Luther,Westminster (MO),Upper Midwest,Upper Midwest,10,7,False,True,MLC Bowl
401435192,2022,10,regular,2022-11-05 17:00:00,Millsaps,Trinity (TX),Southern Athletic,Southern Athletic,7,53,False,True,Harper Davis Field
401437213,2022,10,regular,2022-11-05 17:00:00,Buffalo State,Hobart,Liberty League,Liberty League,7,63,False,True,Coyer Field
401438553,2022,10,regular,2022-11-05 17:00:00,LaGrange,Southern Virginia,USA South,USA South,21,35,False,True,Callaway Stadium
401438691,2022,10,regular,2022-11-05 17:00:00,Rowan,Montclair State,New Jersey,New Jersey,27,7,False,True,Richard Wackar Stadium
401439523,2022,10,regular,2022-11-05 17:00:00,SUNY Cortland,St. John Fisher,Empire 8,Empire 8,56,14,False,True,Stadium Red Field
401432652,2022,10,regular,2022-11-05 17:00:00,Linfield,Willamette,Northwest,Northwest,65,0,False,True,Maxwell Field
401431205,2022,10,regular,2022-11-05 17:00:00,Trine,Hope,Michigan,Michigan,21,28,False,True,Fred Zollner Athletic Stadium
401441934,2022,10,regular,2022-11-05 17:00:00,Muhlenberg,Susquehanna,Centennial,Centennial,24,28,False,True,Scotty Wood Stadium
401450196,2022,10,regular,2022-11-05 17:00:00,Kean,Salisbury,New Jersey,New Jersey,17,32,False,True,Kean Alumni Stadium
401431115,2022,10,regular,2022-11-05 17:00:00,Utica,Alfred,Empire 8,Empire 8,65,16,False,True,Charles A. Gaetano Stadium
401431192,2022,10,regular,2022-11-05 17:00:00,Albion,Olivet,Michigan,Michigan,35,24,False,True,Sprankle-Sprandel Stadium
401445126,2022,10,regular,2022-11-05 17:00:00,McDaniel,Gettysburg,Centennial,Centennial,19,16,False,True,Kenneth R. Gill Stadium
401430994,2022,10,regular,2022-11-05 17:00:00,Brevard,Belhaven,USA South,USA South,7,20,False,False,Brevard Memorial Stadium
401433047,2022,10,regular,2022-11-05 17:05:00,East Stroudsburg,Shepherd,Pennsylvania State Athletic,Pennsylvania State Athletic,14,37,False,True,Eiler-Martin Stadium
401425517,2022,10,regular,2022-11-05 17:30:00,South Carolina State,Delaware State,MEAC,MEAC,24,27,False,True,Oliver C. Dawson Stadium
401430721,2022,10,regular,2022-11-05 17:30:00,Livingstone,Johnson C. Smith,CIAA,CIAA,26,20,False,True,Alumni Memorial Stadium (NC)
401431125,2022,10,regular,2022-11-05 17:30:00,Franklin,Mount St Joseph,Heartland,Heartland,20,27,False,True,"Stewart """"Red"""" Faught Stadium"
401438677,2022,10,regular,2022-11-05 17:30:00,Wilmington (OH),Muskingum,Ohio,Ohio,13,27,False,True,Wiliams Stadium (OH)
401432678,2022,10,regular,2022-11-05 17:30:00,Mount Union,John Carroll,Ohio,Ohio,34,28,False,True,Mount Union Stadium
401432692,2022,10,regular,2022-11-05 17:30:00,Otterbein,Ohio Northern,Ohio,Ohio,7,42,False,True,"Memorial Stadium (Westerville, OH)"
401433406,2022,10,regular,2022-11-05 17:30:00,Bluffton,Anderson (IN),Heartland,Heartland,27,9,False,True,Alumni Field (OH)
401439525,2022,10,regular,2022-11-05 17:30:00,Defiance College,Manchester,Heartland,Heartland,24,21,False,True,Justin F. Coressel Stadium
401432669,2022,10,regular,2022-11-05 17:30:00,Heidelberg,Baldwin Wallace,Ohio,Ohio,20,21,False,True,Hoernemann Stadium
401435183,2022,10,regular,2022-11-05 17:30:00,Marietta,Capital,Ohio,Ohio,50,14,False,True,Don Drumm Stadium
401432902,2022,10,regular,2022-11-05 18:00:00,Wisconsin Stout,Wisconsin Whitewater,Wisconsin,Wisconsin,7,16,False,True,Don and Nona Williams Stadium
401432894,2022,10,regular,2022-11-05 18:00:00,Wisconsin La Crosse,Wisconsin River Falls,Wisconsin,Wisconsin,24,17,False,True,Veterans Memorial Stadium (WI)
401430958,2022,10,regular,2022-11-05 18:00:00,Nebraska Wesleyan,Coe,American Rivers,American Rivers,14,34,True,True,Abel Stadium
401435208,2022,10,regular,2022-11-05 18:00:00,Wisconsin Platteville,Wisconsin Eau Claire,Wisconsin,Wisconsin,38,14,False,True,Ralph E. Davis Pioneer Stadium
401441940,2022,10,regular,2022-11-05 18:00:00,Brockport,SUNY Morrisville,Empire 8,Empire 8,17,3,False,True,Bob Boozer Field
401435102,2022,10,regular,2022-11-05 18:00:00,Saint John's (MN),Carleton,Minnesota,Minnesota,45,16,False,True,Clemens Stadium
401432566,2022,10,regular,2022-11-05 18:00:00,Concordia (WI),Wisconsin Lutheran,NACC,NACC,45,21,False,True,Tomasini Stadium
401431316,2022,10,regular,2022-11-05 18:00:00,Aurora,Lakeland,NACC,NACC,68,0,False,True,Vago Field
401431135,2022,10,regular,2022-11-05 18:00:00,Hanover,Rose Hulman,Heartland,Heartland,17,47,False,True,Alumni Stadium (IN)
401431075,2022,10,regular,2022-11-05 18:00:00,Augustana (IL),Carthage,CCIW,CCIW,30,37,False,True,Charles D. Lindberg Stadium
401431021,2022,10,regular,2022-11-05 18:00:00,Southwestern U,Texas Lutheran,American Southwest,American Southwest,17,21,False,True,Birkelbach Field
401431084,2022,10,regular,2022-11-05 18:00:00,North Park,Elmhurst,CCIW,CCIW,23,20,False,True,Holmgren Athletic Complex
401432808,2022,10,regular,2022-11-05 18:00:00,Birmingham-Southern,Centre,Southern Athletic,Southern Athletic,42,21,False,True,General Charles C. Krulak Stadium
401431239,2022,10,regular,2022-11-05 18:00:00,Concordia (MN),Hamline,Minnesota,Minnesota,59,0,False,True,Jake Christiansen Stadium
401432861,2022,10,regular,2022-11-05 18:00:00,Macalester,St. Scholastica,Minnesota,Minnesota,54,35,False,False,Macalester Stadium
401431286,2022,10,regular,2022-11-05 18:00:00,Cornell (IA),Knox,Midwest,Midwest,27,31,False,True,Van Metre Field at Ash Park
401432523,2022,10,regular,2022-11-05 18:00:00,Hardin Simmons,Austin,American Southwest,American Southwest,31,3,False,True,Shelton Stadium
401432541,2022,10,regular,2022-11-05 18:00:00,Millikin,Carroll (WI),CCIW,Midwest,18,26,False,False,Frank M. Lindsay Field
401431004,2022,10,regular,2022-11-05 18:00:00,Howard Payne,Mary Hardin Baylor,American Southwest,American Southwest,24,27,False,True,Gordon Wood Stadium
401430966,2022,10,regular,2022-11-05 18:00:00,Loras,Dubuque,American Rivers,American Rivers,20,27,False,True,Rock Bowl
401432964,2022,10,regular,2022-11-05 18:00:00,Sioux Falls,Wayne State (NE),Northern Sun,Northern Sun,24,31,False,True,Bob Young Field
401421114,2022,10,regular,2022-11-05 18:00:00,Valparaiso,St. Thomas (MN),Pioneer,Pioneer,7,34,False,True,Brown Field
401424400,2022,10,regular,2022-11-05 18:00:00,Elon,UAlbany,CAA,CAA,27,3,False,True,Rhodes Stadium
401413210,2022,10,regular,2022-11-05 18:00:00,Western Carolina,Wofford,Southern,Southern,36,29,False,True,E. J. Whitmire Stadium
401420813,2022,10,regular,2022-11-05 18:00:00,South Dakota,Missouri State,MVFC,MVFC,20,13,False,True,DakotaDome
401420838,2022,10,regular,2022-11-05 18:00:00,Western Illinois,North Dakota State,MVFC,MVFC,17,56,False,True,Hanson Field
401420804,2022,10,regular,2022-11-05 18:00:00,North Carolina Central,Howard,MEAC,MEAC,50,21,False,True,O'Kelly-Riddick Stadium
401431263,2022,10,regular,2022-11-05 18:00:00,Beloit,Lake Forest,Midwest,Midwest,3,36,False,True,Strong Stadium
401431325,2022,10,regular,2022-11-05 18:00:00,Concordia Chicago,Benedictine (IL),NACC,NACC,34,26,False,True,Concordia Stadium
401435215,2022,10,regular,2022-11-05 18:00:00,Wisconsin Stevens Point,Wisconsin Oshkosh,Wisconsin,Wisconsin,0,45,False,True,Community Stadium at Goerke Park
401424445,2022,10,regular,2022-11-05 18:00:00,Towson,Villanova,CAA,CAA,27,3,False,True,Johnny Unitas Stadium
401432351,2022,10,regular,2022-11-05 18:00:00,Morehouse,Clark Atlanta,SIAC,SIAC,20,17,False,True,B.T. Harvey Stadium
401426366,2022,10,regular,2022-11-05 18:00:00,Old Dominion,Marshall,Sun Belt,Sun Belt,0,12,False,True,S.B. Ballard Stadium
401421134,2022,10,regular,2022-11-05 18:00:00,The Citadel,Chattanooga,Southern,Southern,21,31,False,True,Johnson Hagood Stadium
401428194,2022,10,regular,2022-11-05 18:00:00,Bryant,Campbell,Big South,Big South,43,37,False,True,Bulldog Stadium
401415648,2022,10,regular,2022-11-05 18:00:00,Temple,South Florida,American Athletic,American Athletic,54,28,False,True,Lincoln Financial Field
401432330,2022,10,regular,2022-11-05 18:00:00,Albany State,Fort Valley State,SIAC,SIAC,21,31,True,True,A.J. McClung Stadium
401432362,2022,10,regular,2022-11-05 18:00:00,Tuskegee,Miles,SIAC,SIAC,26,23,False,True,Abbott Memorial Alumni Stadium
401433004,2022,10,regular,2022-11-05 18:00:00,IU Pennsylvania,Clarion,Pennsylvania State Athletic,Pennsylvania State Athletic,45,0,False,True,George P. Miller Stadium
401433138,2022,10,regular,2022-11-05 18:00:00,Wingate,Newberry,South Atlantic,South Atlantic,15,24,False,True,Irwin Belk Stadium
401433085,2022,10,regular,2022-11-05 18:00:00,Chadron State,Colorado Mesa,Rocky Mountain,Rocky Mountain,37,38,False,True,Elliott Field at Don Beebe Stadium
401439516,2022,10,regular,2022-11-05 18:00:00,Edward Waters,UFTL,SIAC,,71,6,False,False,Earl Kitchings Stadium
401433042,2022,10,regular,2022-11-05 18:00:00,Seton Hill,Mercyhurst,Pennsylvania State Athletic,Pennsylvania State Athletic,7,0,False,True,Offutt Field
401431523,2022,10,regular,2022-11-05 18:00:00,Southwest Baptist,Quincy,Great Lakes,Great Lakes,42,24,False,True,Plaster Sports Complex
401431497,2022,10,regular,2022-11-05 18:00:00,William Jewell,Indianapolis,Great Lakes,Great Lakes,14,48,False,True,Greene Stadium
401431974,2022,10,regular,2022-11-05 18:00:00,Washburn,Pittsburg State,Mid America,Mid America,23,37,False,True,Yager Stadium at Moore Bowl
401431924,2022,10,regular,2022-11-05 18:00:00,Central Missouri,Missouri Western,Mid America,Mid America,40,37,False,True,Audrey J. Walton Stadium at Vernon Kennedy Field
401431934,2022,10,regular,2022-11-05 18:00:00,Fort Hays,Northeastern State,Mid America,Mid America,27,14,False,True,Lewis Field Stadium
401432098,2022,10,regular,2022-11-05 18:00:00,Concord,Alderson-Broaddus,Mountain East,Mountain East,50,13,False,True,Callaghan Stadium
401432401,2022,10,regular,2022-11-05 18:00:00,Bemidji State,Northern State,Northern Sun,Northern Sun,24,14,False,True,Chet Anderson Stadium
401432410,2022,10,regular,2022-11-05 18:00:00,Augustana (SD),Minnesota Duluth,Northern Sun,Northern Sun,24,34,False,True,Kirkeby-Over Stadium
401433122,2022,10,regular,2022-11-05 18:00:00,Catawba,Lenoir Rhyne,South Atlantic,South Atlantic,10,62,False,True,Shuford Stadium
401432985,2022,10,regular,2022-11-05 18:00:00,Bloomsburg,Millersville,Pennsylvania State Athletic,Pennsylvania State Athletic,17,25,False,True,Robert B. Redman Stadium
401433097,2022,10,regular,2022-11-05 18:00:00,New Mexico Highlands,Colorado School of Mines,Rocky Mountain,Rocky Mountain,16,54,False,True,Sanchez Family Stadium
401433107,2022,10,regular,2022-11-05 18:00:00,Fort Lewis,Western Colorado,Rocky Mountain,Rocky Mountain,14,55,False,True,Ray Dennison Memorial Field
401431013,2022,10,regular,2022-11-05 18:00:00,East Texas Baptist,Sul Ross State,American Southwest,American Southwest,17,14,False,True,Ornelas Stadium
401431092,2022,10,regular,2022-11-05 18:00:00,Illinois Wesleyan,North Central College,CCIW,CCIW,3,68,False,True,Tucci Stadium
401431106,2022,10,regular,2022-11-05 18:00:00,Washington St. Louis,Wheaton (IL),CCIW,CCIW,35,42,False,True,Francis Field (MO)
401431254,2022,10,regular,2022-11-05 18:00:00,Augsburg,Bethel (MN),Minnesota,Minnesota,27,30,False,True,Edor Nelson Field
401431272,2022,10,regular,2022-11-05 18:00:00,Lawrence,Chicago,Midwest,Midwest,0,60,False,True,Ron Roberts Field at the Banta Bowl
401431281,2022,10,regular,2022-11-05 18:00:00,Monmouth (IL),Ripon,Midwest,Midwest,39,31,False,True,April Zorn Memorial Stadium
401432739,2022,10,regular,2022-11-05 18:00:00,Bridgewater,Washington and Lee,Old Dominion,Old Dominion,13,6,False,True,Jopson Athletic Complex
401432855,2022,10,regular,2022-11-05 18:00:00,Crown,Northwestern (MN),Upper Midwest,Upper Midwest,14,39,False,True,Old National Bank Stadium
401436996,2022,10,regular,2022-11-05 18:00:00,St. Olaf,Gustavus Adolphus,Minnesota,Minnesota,37,49,False,True,Klein Field at Manitou
401428479,2022,10,regular,2022-11-05 18:30:00,Tennessee Tech,Lindenwood,OVC,OVC,35,34,False,True,Tucker Stadium
401431951,2022,10,regular,2022-11-05 18:30:00,Northwest Missouri State,Missouri Southern State,Mid America,Mid America,27,5,False,True,Bearcat Stadium
401432801,2022,10,regular,2022-11-05 18:30:00,Sewanee,Berry,Southern Athletic,Southern Athletic,14,63,False,True,Hardee-McGee Field
401462226,2022,10,regular,2022-11-05 19:00:00,Incarnate Word,Houston Christian,Southland,Southland,73,20,False,True,Gayle and Tom Benson Stadium
401462227,2022,10,regular,2022-11-05 19:00:00,East Texas A&M,Northwestern State,Southland,Southland,14,41,False,True,Memorial Stadium (Commerce TX)
401418835,2022,10,regular,2022-11-05 19:00:00,Illinois State,Youngstown State,MVFC,MVFC,17,19,False,True,Hancock Stadium
401426600,2022,10,regular,2022-11-05 19:00:00,Louisiana Tech,Middle Tennessee,Conference USA,Conference USA,40,24,False,True,Joe Aillet Stadium
401438601,2022,10,regular,2022-11-05 19:00:00,Carson Newman,UVA Wise,South Atlantic,South Atlantic,38,22,False,True,Burke-Tarr Stadium
401431540,2022,10,regular,2022-11-05 19:00:00,Grand Valley State,Wayne State (MI),GLIAC,GLIAC,42,14,False,True,Lubbers Stadium
401431477,2022,10,regular,2022-11-05 19:00:00,Southeastern Oklahoma State,Ouachita Baptist,Great American,Great American,18,40,False,True,Paul Laird Field
401431483,2022,10,regular,2022-11-05 19:00:00,Southern Arkansas,Southern Nazarene,Great American,Great American,44,49,False,True,Wilkins Stadium
401431987,2022,10,regular,2022-11-05 19:00:00,Findlay,Walsh,Great Midwest Athletic,Great Midwest Athletic,20,7,False,True,Donnell Stadium
401432441,2022,10,regular,2022-11-05 19:00:00,Minot State,University of Mary,Northern Sun,Northern Sun,17,10,False,True,Herb Parker Stadium
401431463,2022,10,regular,2022-11-05 19:00:00,Henderson State,Oklahoma Baptist,Great American,Great American,51,24,False,True,Ruggles Field at Carpenter-Haygood Stadium
401433068,2022,10,regular,2022-11-05 19:00:00,Adams State,Black Hills State,Rocky Mountain,Rocky Mountain,7,38,False,True,Rex Stadium
401431859,2022,10,regular,2022-11-05 19:00:00,West Alabama,Mississippi College,Gulf South,Gulf South,38,16,False,True,Tiger Stadium (AL)
401413241,2022,10,regular,2022-11-05 19:00:00,Idaho,Eastern Washington,Big Sky,Big Sky,48,16,False,True,Kibbie Dome
401431943,2022,10,regular,2022-11-05 19:00:00,Lincoln (MO),Emporia State,Mid America,Mid America,24,35,False,True,Dwight T. Reed Stadium
401404104,2022,10,regular,2022-11-05 19:00:00,Oklahoma,Baylor,Big 12,Big 12,35,38,False,True,"Memorial Stadium (Norman, OK)"
401426369,2022,10,regular,2022-11-05 19:00:00,Southern Miss,Georgia State,Sun Belt,Sun Belt,14,42,False,True,M. M. Roberts Stadium
401431456,2022,10,regular,2022-11-05 19:00:00,Southwestern Oklahoma State,Harding,Great American,Great American,29,37,False,True,Milam Stadium
401430747,2022,10,regular,2022-11-05 19:00:00,East Central,Arkansas Monticello,Great American,Great American,16,0,False,True,Koi Ishto Stadium
401424945,2022,10,regular,2022-11-05 19:00:00,Grambling,Arkansas-Pine Bluff,SWAC,SWAC,36,10,False,True,Eddie Robinson Stadium
401422971,2022,10,regular,2022-11-05 19:00:00,Samford,VMI,Southern,Southern,34,15,False,True,Seibert Stadium
401431831,2022,10,regular,2022-11-05 19:00:00,Delta State,West Georgia,Gulf South,Gulf South,42,52,False,True,Parker Field at McCool Stadium
401425457,2022,10,regular,2022-11-05 19:00:00,Weber State,Sacramento State,Big Sky,Big Sky,30,33,False,True,Stewart Stadium
401405127,2022,10,regular,2022-11-05 19:30:00,Illinois,Michigan State,Big Ten,Big Ten,15,23,False,True,"Memorial Stadium (Champaign, IL)"
401424444,2022,10,regular,2022-11-05 19:30:00,Richmond,New Hampshire,CAA,CAA,40,34,False,True,E. Claiborne Robins Stadium
401404106,2022,10,regular,2022-11-05 19:30:00,Kansas,Oklahoma State,Big 12,Big 12,37,16,False,True,Memorial Stadium
401426602,2022,10,regular,2022-11-05 19:30:00,UAB,UTSA,Conference USA,Conference USA,38,44,False,True,Protective Stadium
401405132,2022,10,regular,2022-11-05 19:30:00,Indiana,Penn State,Big Ten,Big Ten,14,45,False,True,"Memorial Stadium (Bloomington, IN)"
401415252,2022,10,regular,2022-11-05 19:30:00,Utah State,New Mexico,Mountain West,Mountain West,27,10,False,True,Maverik Stadium
401411155,2022,10,regular,2022-11-05 19:30:00,Pittsburgh,Syracuse,ACC,ACC,19,9,False,True,Acrisure Stadium
401415651,2022,10,regular,2022-11-05 19:30:00,Memphis,UCF,American Athletic,American Athletic,28,35,False,True,Simmons Bank Liberty Stadium
401404105,2022,10,regular,2022-11-05 19:30:00,Iowa State,West Virginia,Big 12,Big 12,31,14,False,True,Jack Trice Stadium
401404032,2022,10,regular,2022-11-05 19:30:00,Stanford,Washington State,Pac-12,Pac-12,14,52,False,True,Stanford Stadium
401404030,2022,10,regular,2022-11-05 19:30:00,Colorado,Oregon,Pac-12,Pac-12,10,49,False,True,Folsom Field
401403933,2022,10,regular,2022-11-05 19:30:00,Georgia,Tennessee,SEC,SEC,27,13,False,True,Sanford Stadium
401435179,2022,10,regular,2022-11-05 20:00:00,Puget Sound,Pacific Lutheran,Northwest,Northwest,10,35,False,True,Baker Stadium
401462228,2022,10,regular,2022-11-05 20:00:00,Lamar,SE Louisiana,Southland,Southland,31,47,False,False,Provost Umphrey Stadium
401415650,2022,10,regular,2022-11-05 20:00:00,Cincinnati,Navy,American Athletic,American Athletic,20,10,False,True,Nippert Stadium
401426599,2022,10,regular,2022-11-05 20:00:00,North Texas,Florida International,Conference USA,Conference USA,52,14,False,True,DATCU Stadium
401403932,2022,10,regular,2022-11-05 20:00:00,Arkansas,Liberty,SEC,FBS Independents,19,21,False,False,Razorback Stadium
401421100,2022,10,regular,2022-11-05 20:00:00,San Diego,Butler,Pioneer,Pioneer,23,26,False,True,Torero Stadium
401413345,2022,10,regular,2022-11-05 20:00:00,Northern Arizona,Montana State,Big Sky,Big Sky,38,41,False,True,Walkup Skydome
401423454,2022,10,regular,2022-11-05 20:00:00,Bethune-Cookman,Alabama State,SWAC,SWAC,22,37,False,True,Municipal Stadium
401423160,2022,10,regular,2022-11-05 20:00:00,Morehead State,Marist,Pioneer,Pioneer,21,31,False,True,Jayne Stadium
401433102,2022,10,regular,2022-11-05 20:00:00,CSU Pueblo,South Dakota Mines,Rocky Mountain,Rocky Mountain,45,20,False,True,Neta and Eddie DeRose ThunderBowl
401431874,2022,10,regular,2022-11-05 20:00:00,Erskine,Emory & Henry,South Atlantic,South Atlantic,0,32,False,False,J.W. Babb Stadium
401431577,2022,10,regular,2022-11-05 20:00:00,Lake Erie,Ashland,Great Midwest Athletic,Great Midwest Athletic,23,31,False,True,Jack Britt Memorial Stadium
401430714,2022,10,regular,2022-11-05 20:00:00,Winston-Salem State,Fayetteville State,CIAA,CIAA,6,14,False,True,Bowman Gray Stadium
401432829,2022,10,regular,2022-11-05 20:00:00,Claremont Mudd Scripps,Redlands,So. Cal.,So. Cal.,42,0,False,True,Fritz B. Burns Stadium
401426365,2022,10,regular,2022-11-05 20:00:00,Georgia Southern,South Alabama,Sun Belt,Sun Belt,31,38,False,True,Allen E. Paulson Stadium
401432661,2022,10,regular,2022-11-05 20:00:00,Pacific (OR),Whitworth,Northwest,Northwest,17,28,False,True,Hanson Stadium
401431608,2022,10,regular,2022-11-05 20:05:00,Western Oregon,Simon Fraser,Lone Star,Lone Star,32,7,False,True,McArthur Field
401418635,2022,10,regular,2022-11-05 21:00:00,North Alabama,Austin Peay,Atlantic Sun,Atlantic Sun,35,38,False,False,Braly Municipal Stadium
401418642,2022,10,regular,2022-11-05 21:00:00,Eastern Kentucky,Central Arkansas,Atlantic Sun,Atlantic Sun,42,14,False,True,Roy Kidd Stadium
401430737,2022,10,regular,2022-11-05 21:00:00,Northwestern (OK),Arkansas Tech,Great American,Great American,20,45,False,True,Ranger Field
401431590,2022,10,regular,2022-11-05 21:00:00,Kentucky Wesleyan,Tiffin,Great Midwest Athletic,Great Midwest Athletic,13,72,False,True,Steele Stadium
401415181,2022,10,regular,2022-11-05 21:00:00,Portland State,Northern Colorado,Big Sky,Big Sky,35,21,False,True,Hillsboro Stadium
401426368,2022,10,regular,2022-11-05 21:00:00,UL Monroe,Texas State,Sun Belt,Sun Belt,31,30,False,True,Malone Stadium
401426367,2022,10,regular,2022-11-05 21:00:00,Louisiana,Troy,Sun Belt,Sun Belt,17,23,False,True,Cajun Field
401420835,2022,10,regular,2022-11-05 21:00:00,Northern Iowa,South Dakota State,MVFC,MVFC,28,31,False,True,UNI-Dome
401441337,2022,10,regular,2022-11-05 21:00:00,Savannah State,Lane College,SIAC,SIAC,44,38,False,True,Ted Wright Stadium
401432140,2022,10,regular,2022-11-05 22:00:00,West Liberty,West Virginia State,Mountain East,Mountain East,32,42,False,True,Dickerson Stadium
401423951,2022,10,regular,2022-11-05 22:00:00,Florida A&M,Southern,SWAC,SWAC,30,16,False,True,Bragg Memorial Stadium
401425426,2022,10,regular,2022-11-05 22:00:00,Tennessee State,Southeast Missouri State,OVC,OVC,0,42,False,True,Nissan Stadium
401439560,2022,10,regular,2022-11-05 22:00:00,Methodist,Greensboro,USA South,USA South,48,23,False,True,Monarch Stadium
401431599,2022,10,regular,2022-11-05 23:00:00,Angelo State,Central Washington,Lone Star,Lone Star,22,12,False,False,LeGrand Stadium at 1st Community Credit Union Field
401431910,2022,10,regular,2022-11-05 23:00:00,UT Permian Basin,Western New Mexico,Lone Star,Lone Star,37,14,False,True,Ratliff Stadium
401432816,2022,10,regular,2022-11-05 23:00:00,Hendrix,Rhodes,Southern Athletic,Southern Athletic,6,0,True,True,War Memorial Stadium (AR)
401415254,2022,10,regular,2022-11-05 23:00:00,San Diego State,UNLV,Mountain West,Mountain West,14,10,False,True,Snapdragon Stadium
401423923,2022,10,regular,2022-11-05 23:00:00,Texas Southern,Jackson State,SWAC,SWAC,14,41,False,True,BBVA Compass Stadium
401413263,2022,10,regular,2022-11-05 23:00:00,UC Davis,Idaho State,Big Sky,Big Sky,43,3,False,True,Aggie Stadium
401431853,2022,10,regular,2022-11-05 23:00:00,Valdosta State,West Florida,Gulf South,Gulf South,31,32,False,True,Bazemore-Hyder Stadium
401415250,2022,10,regular,2022-11-05 23:00:00,Boise State,BYU,Mountain West,FBS Independents,28,31,False,False,Albertsons Stadium
401431914,2022,10,regular,2022-11-05 23:00:00,West Texas,Eastern New Mexico,Lone Star,Lone Star,21,24,False,True,Buffalo Stadium
401404107,2022,10,regular,2022-11-05 23:00:00,Kansas State,Texas,Big 12,Big 12,27,34,False,True,Bill Snyder Family Stadium
401415652,2022,10,regular,2022-11-05 23:00:00,SMU,Houston,American Athletic,American Athletic,77,63,False,True,Gerald J. Ford Stadium
401403934,2022,10,regular,2022-11-05 23:00:00,LSU,Alabama,SEC,SEC,32,31,False,True,Tiger Stadium (LA)
401404130,2022,10,regular,2022-11-05 23:30:00,Notre Dame,Clemson,FBS Independents,ACC,35,14,False,False,Notre Dame Stadium
401403935,2022,10,regular,2022-11-05 23:30:00,Mississippi State,Auburn,SEC,SEC,39,33,False,True,Davis Wade Stadium
401404027,2022,10,regular,2022-11-05 23:30:00,Utah,Arizona,Pac-12,Pac-12,45,20,False,True,Rice-Eccles Stadium
401405133,2022,10,regular,2022-11-05 23:30:00,Rutgers,Michigan,Big Ten,Big Ten,17,52,False,True,SHI Stadium
401411152,2022,10,regular,2022-11-05 23:30:00,Louisville,James Madison,ACC,Sun Belt,34,10,False,False,L&N Federal Credit Union Stadium
401403938,2022,10,regular,2022-11-05 23:30:00,Vanderbilt,South Carolina,SEC,SEC,27,38,False,True,FirstBank Stadium
401411153,2022,10,regular,2022-11-05 23:30:00,Miami,Florida State,ACC,ACC,3,45,False,True,Hard Rock Stadium
401432644,2022,10,regular,2022-11-05 23:35:00,George Fox,Lewis & Clark,Northwest,Northwest,41,20,False,True,Stoffer Family Stadium
401462519,2022,10,regular,2022-11-06 00:00:00,Tarleton State,Abilene Christian,Western Athletic,Western Athletic,23,28,False,True,"Memorial Stadium (Stephenville, TX)"
401411154,2022,10,regular,2022-11-06 00:00:00,NC State,Wake Forest,ACC,ACC,30,21,False,True,Carter-Finley Stadium
401473448,2022,10,regular,2022-11-06 00:00:00,Utah Tech,Southern Utah,Western Athletic,Western Athletic,48,36,False,True,Greater Zion Stadium
401418807,2022,10,regular,2022-11-06 00:00:00,McNeese,Eastern Illinois,Southland,OVC,29,15,False,False,Cowboy Stadium
401413232,2022,10,regular,2022-11-06 00:00:00,Montana,Cal Poly,Big Sky,Big Sky,57,0,False,True,Washington-Grizzly Stadium
401431899,2022,10,regular,2022-11-06 00:00:00,Texas A&M-Kingsville,Midwestern State,Lone Star,Lone Star,37,41,False,True,Javelina Stadium
401439553,2022,10,regular,2022-11-06 02:00:00,Chapman,Cal Lutheran,So. Cal.,So. Cal.,65,26,False,True,Ernie Chapman Stadium
401439558,2022,10,regular,2022-11-06 02:00:00,Pomona Pitzer,Whittier,So. Cal.,So. Cal.,43,12,False,True,Merritt Field
401404028,2022,10,regular,2022-11-06 02:30:00,Arizona State,UCLA,Pac-12,Pac-12,36,50,False,True,Mountain America Stadium
401415253,2022,10,regular,2022-11-06 02:30:00,Fresno State,Hawai'i,Mountain West,Mountain West,55,13,False,True,Valley Children's Stadium
401404029,2022,10,regular,2022-11-06 02:30:00,USC,California,Pac-12,Pac-12,41,35,False,True,Los Angeles Memorial Coliseum
401415251,2022,10,regular,2022-11-06 02:30:00,San José State,Colorado State,Mountain West,Mountain West,28,16,False,True,CEFCU Stadium
401416637,2022,11,regular,2022-11-09 00:00:00,Akron,Eastern Michigan,Mid-American,Mid-American,28,34,False,True,InfoCision Stadium
401416638,2022,11,regular,2022-11-09 00:30:00,Miami (OH),Ohio,Mid-American,Mid-American,21,37,False,True,Yager Stadium
401416636,2022,11,regular,2022-11-09 01:00:00,Toledo,Ball State,Mid-American,Mid-American,28,21,False,True,Glass Bowl
401416640,2022,11,regular,2022-11-10 00:00:00,Central Michigan,Buffalo,Mid-American,Mid-American,31,27,False,True,Kelly/Shorts Stadium
401416639,2022,11,regular,2022-11-10 00:00:00,Western Michigan,Northern Illinois,Mid-American,Mid-American,21,24,False,True,Waldo Stadium
401416641,2022,11,regular,2022-11-10 00:00:00,Bowling Green,Kent State,Mid-American,Mid-American,6,40,False,True,Doyt L. Perry Stadium
401426370,2022,11,regular,2022-11-11 00:30:00,Louisiana,Georgia Southern,Sun Belt,Sun Belt,36,17,False,True,Cajun Field
401415653,2022,11,regular,2022-11-11 00:30:00,Memphis,Tulsa,American Athletic,American Athletic,26,10,False,True,Simmons Bank Liberty Stadium
401431066,2022,11,regular,2022-11-12 00:00:00,Rowan,New England,New Jersey,Commonwealth Coast,38,20,False,False,Richard Wackar Stadium
401450200,2022,11,regular,2022-11-12 00:00:00,The College of New Jersey,Kean,New Jersey,New Jersey,10,17,False,True,Lions Stadium
401415654,2022,11,regular,2022-11-12 01:00:00,Cincinnati,East Carolina,American Athletic,American Athletic,27,25,False,True,Nippert Stadium
401425458,2022,11,regular,2022-11-12 02:00:00,Portland State,Sacramento State,Big Sky,Big Sky,17,45,False,True,Hillsboro Stadium
401404033,2022,11,regular,2022-11-12 02:30:00,USC,Colorado,Pac-12,Pac-12,55,17,False,True,Los Angeles Memorial Coliseum
401415259,2022,11,regular,2022-11-12 03:30:00,UNLV,Fresno State,Mountain West,Mountain West,30,37,False,True,Allegiant Stadium
401433404,2022,11,regular,2022-11-12 17:00:00,Rensselaer,Union,Liberty League,Liberty League,23,13,False,True,ECAV Stadium
401435130,2022,11,regular,2022-11-12 17:00:00,Trinity (CT),Wesleyan (CT),NESCAC,NESCAC,31,14,False,True,Jessee/Miller Field
401441950,2022,11,regular,2022-11-12 17:00:00,Dean,Keystone,ECFC,ECFC,44,45,False,True,Dale Lippert Field
401439545,2022,11,regular,2022-11-12 17:00:00,WPI,MIT,NEWMAC,NEWMAC,14,21,False,True,"Alumni Stadium (Worcester, MA)"
401431541,2022,11,regular,2022-11-12 17:00:00,Davenport,Grand Valley State,GLIAC,GLIAC,7,49,False,True,Farmers Insurance Athletic Complex
401433052,2022,11,regular,2022-11-12 17:00:00,Gannon,Shippensburg,Pennsylvania State Athletic,Pennsylvania State Athletic,28,35,False,True,McConnell Family Stadium
401431049,2022,11,regular,2022-11-12 17:00:00,Nichols,Curry,Commonwealth Coast,Commonwealth Coast,49,28,False,True,Vendetti Field
401438656,2022,11,regular,2022-11-12 17:00:00,Westfield State,Fitchburg State,MSCAC,MSCAC,50,0,False,True,"Alumni Field (Westfield, MA)"
401431058,2022,11,regular,2022-11-12 17:00:00,Salve Regina,Husson,Commonwealth Coast,Commonwealth Coast,24,10,False,True,Toppa Field
401432109,2022,11,regular,2022-11-12 17:00:00,Charleston (WV),West Virginia State,Mountain East,Mountain East,35,42,False,True,University of Charleston Stadium
401456159,2022,11,regular,2022-11-12 17:00:00,Framingham State,Worcester State,MSCAC,MSCAC,21,16,False,True,Bowditch Field
401432679,2022,11,regular,2022-11-12 17:00:00,John Carroll,Otterbein,Ohio,Ohio,62,7,False,True,Don Shula Stadium at Wasmer Field
401403939,2022,11,regular,2022-11-12 17:00:00,Arkansas,LSU,SEC,SEC,10,13,False,True,Razorback Stadium
401404131,2022,11,regular,2022-11-12 17:00:00,Navy,Notre Dame,American Athletic,FBS Independents,32,35,True,False,M&T Bank Stadium
401405138,2022,11,regular,2022-11-12 17:00:00,Michigan State,Rutgers,Big Ten,Big Ten,27,21,False,True,Spartan Stadium
401405139,2022,11,regular,2022-11-12 17:00:00,Ohio State,Indiana,Big Ten,Big Ten,56,14,False,True,Ohio Stadium
401411159,2022,11,regular,2022-11-12 17:00:00,Duke,Virginia Tech,ACC,ACC,24,7,False,True,Wallace Wade Stadium
401431038,2022,11,regular,2022-11-12 17:00:00,Johns Hopkins,McDaniel,Centennial,Centennial,44,7,False,True,Homewood Field
401437207,2022,11,regular,2022-11-12 17:00:00,SUNY Maritime,Alfred State,ECFC,ECFC,21,48,False,True,Reinhart Field
401421110,2022,11,regular,2022-11-12 17:00:00,Marist,Valparaiso,Pioneer,Pioneer,24,45,False,True,Leonidoff Field
401424446,2022,11,regular,2022-11-12 17:00:00,UAlbany,Maine,CAA,CAA,23,21,False,True,Bob Ford Field
401432559,2022,11,regular,2022-11-12 17:00:00,Ithaca,SUNY Cortland,Liberty League,Empire 8,34,17,True,False,Yankee Stadium
401445806,2022,11,regular,2022-11-12 17:00:00,Hamilton,Bates,NESCAC,NESCAC,14,19,False,True,Steuben Field
401415194,2022,11,regular,2022-11-12 17:00:00,Brown,Columbia,Ivy,Ivy,24,31,False,True,Brown Stadium
401411163,2022,11,regular,2022-11-12 17:00:00,Virginia,Pittsburgh,ACC,ACC,7,37,False,True,Scott Stadium
401435147,2022,11,regular,2022-11-12 17:00:00,Merchant Marine,Coast Guard,NEWMAC,NEWMAC,41,33,False,True,Brooks Stadium (NY)
401431169,2022,11,regular,2022-11-12 17:00:00,Bridgewater State,Mass Maritime,MSCAC,MSCAC,10,0,False,True,Edward C. Swenson Athletic Complex
401432537,2022,11,regular,2022-11-12 17:00:00,Moravian,Muhlenberg,Centennial,Centennial,10,37,False,True,Rocco Calvo Field
401432391,2022,11,regular,2022-11-12 17:00:00,American International,Saint Anselm,Northeast 10,Northeast 10,20,27,False,True,Ronald J. Abdow Field
401431177,2022,11,regular,2022-11-12 17:00:00,Plymouth State,UMass Dartmouth,MSCAC,MSCAC,21,46,False,True,Charles L. Currier Memorial Field
401435139,2022,11,regular,2022-11-12 17:00:00,Catholic,Springfield,NEWMAC,NEWMAC,21,35,False,True,Cardinal Stadium (DC)
401425429,2022,11,regular,2022-11-12 17:00:00,Central Connecticut,Merrimack,NEC,NEC,14,20,False,True,Arute Field
401444603,2022,11,regular,2022-11-12 17:00:00,Williams,Amherst,NESCAC,NESCAC,20,10,False,True,Farley-Lamb Field
401455580,2022,11,regular,2022-11-12 17:00:00,Pace,Bentley,Northeast 10,Northeast 10,10,18,False,True,Pace Stadium
401438648,2022,11,regular,2022-11-12 17:00:00,Lebanon Valley,Albright,Mid Atlantic,Mid Atlantic,41,24,False,True,Arnold Field (PA)
401428200,2022,11,regular,2022-11-12 17:00:00,North Carolina A&T,Charleston Southern,Big South,Big South,20,10,False,True,Aggie Stadium
401431402,2022,11,regular,2022-11-12 17:00:00,Yale,Princeton,Ivy,Ivy,24,20,False,True,Yale Bowl
401443323,2022,11,regular,2022-11-12 17:00:00,Holy Cross,Bryant,Patriot,Big South,36,29,False,False,Fitton Field
401444124,2022,11,regular,2022-11-12 17:00:00,Wilkes,King's,Mid Atlantic,Mid Atlantic,58,42,False,True,Schmidt Stadium
401432887,2022,11,regular,2022-11-12 17:00:00,Greensboro,North Carolina Wesleyan,USA South,USA South,14,35,False,True,Jamieson Stadium
401432707,2022,11,regular,2022-11-12 17:00:00,Limestone,Emory & Henry,South Atlantic,South Atlantic,45,27,False,False,The Reservation
401423003,2022,11,regular,2022-11-12 17:00:00,Lehigh,Colgate,Patriot,Patriot,36,33,False,True,Goodman Stadium
401423423,2022,11,regular,2022-11-12 17:00:00,Wagner,Sacred Heart,NEC,NEC,28,38,False,True,Wagner College Stadium
401423431,2022,11,regular,2022-11-12 17:00:00,Saint Francis,Duquesne,NEC,NEC,51,14,False,True,DeGol Field
401431159,2022,11,regular,2022-11-12 17:00:00,Misericordia,Lycoming,Mid Atlantic,Mid Atlantic,21,14,False,True,Mangelsdorf Field
401433029,2022,11,regular,2022-11-12 17:00:00,Edinboro,Lock Haven,Pennsylvania State Athletic,Pennsylvania State Athletic,26,13,False,True,Sox Harrison Stadium
401431820,2022,11,regular,2022-11-12 17:00:00,Lake Erie,Northern Michigan,Great Midwest Athletic,GLIAC,11,33,False,False,Jack Britt Memorial Stadium
401432997,2022,11,regular,2022-11-12 17:00:00,California (PA),East Stroudsburg,Pennsylvania State Athletic,Pennsylvania State Athletic,31,7,False,True,Adamson Stadium
401403945,2022,11,regular,2022-11-12 17:00:00,Tennessee,Missouri,SEC,SEC,66,24,False,True,Neyland Stadium
401433048,2022,11,regular,2022-11-12 17:00:00,Mercyhurst,Shepherd,Pennsylvania State Athletic,Pennsylvania State Athletic,13,16,False,True,Saxon Stadium
401433005,2022,11,regular,2022-11-12 17:00:00,Clarion,West Chester,Pennsylvania State Athletic,Pennsylvania State Athletic,27,36,False,True,"Memorial Stadium (Clarion, PA)"
401431824,2022,11,regular,2022-11-12 17:00:00,Tiffin,Findlay,Great Midwest Athletic,Great Midwest Athletic,25,27,False,True,Frost-Kalnow Stadium
401403942,2022,11,regular,2022-11-12 17:00:00,Kentucky,Vanderbilt,SEC,SEC,21,24,False,True,Kroger Field
401404112,2022,11,regular,2022-11-12 17:00:00,West Virginia,Oklahoma,Big 12,Big 12,23,20,False,True,Milan Puskar Stadium
401404156,2022,11,regular,2022-11-12 17:00:00,UConn,Liberty,FBS Independents,FBS Independents,36,33,False,False,Pratt & Whitney Stadium
401433036,2022,11,regular,2022-11-12 17:00:00,Seton Hill,Millersville,Pennsylvania State Athletic,Pennsylvania State Athletic,10,14,False,True,Offutt Field
401405134,2022,11,regular,2022-11-12 17:00:00,Illinois,Purdue,Big Ten,Big Ten,24,31,False,True,"Memorial Stadium (Champaign, IL)"
401437192,2022,11,regular,2022-11-12 17:00:00,Southern Connecticut State,New Haven,Northeast 10,Northeast 10,14,54,False,True,Jess Dow Field
401415656,2022,11,regular,2022-11-12 17:00:00,South Florida,SMU,American Athletic,American Athletic,23,41,False,True,Raymond James Stadium
401503090,2022,11,regular,2022-11-12 17:30:00,North Greenville,West Georgia,Gulf South,Gulf South,36,43,False,True,Younts Stadium
401450191,2022,11,regular,2022-11-12 17:30:00,Tufts,Middlebury,NESCAC,NESCAC,65,34,False,True,Ellis Oval at Zimman Field
401422985,2022,11,regular,2022-11-12 17:30:00,Georgetown,Bucknell,Patriot,Patriot,21,24,False,True,Cooper Field
401432771,2022,11,regular,2022-11-12 18:00:00,Geneva,Westminster (PA),Presidents',Presidents',0,49,False,True,Reeves Field (PA)
401431578,2022,11,regular,2022-11-12 18:00:00,Ashland,Kentucky Wesleyan,Great Midwest Athletic,Great Midwest Athletic,41,10,False,True,Jack Miller Stadium
401423416,2022,11,regular,2022-11-12 18:00:00,St. Thomas (MN),Stetson,Pioneer,Pioneer,23,0,False,True,O'Shaughnessy Stadium
401422977,2022,11,regular,2022-11-12 18:00:00,East Tennessee State,Western Carolina,Southern,Southern,17,20,False,True,William B. Greene Jr. Stadium
401437004,2022,11,regular,2022-11-12 18:00:00,Gettysburg,Franklin & Marshall,Centennial,Centennial,14,31,False,True,Shirk Field at Musselman Stadium
401431210,2022,11,regular,2022-11-12 18:00:00,Kalamazoo,Trine,Michigan,Michigan,19,42,False,True,Angell Field
401441267,2022,11,regular,2022-11-12 18:00:00,Montclair State,William Paterson,New Jersey,New Jersey,14,17,False,True,Sprague Field
401420819,2022,11,regular,2022-11-12 18:00:00,North Dakota,South Dakota,MVFC,MVFC,28,19,False,True,Alerus Center
401431584,2022,11,regular,2022-11-12 18:00:00,Ohio Dominican,Hillsdale,Great Midwest Athletic,Great Midwest Athletic,20,10,False,True,Panther Stadium (OH)
401431287,2022,11,regular,2022-11-12 18:00:00,Cornell (IA),Grinnell,Midwest,Midwest,45,6,False,True,Van Metre Field at Ash Park
401446236,2022,11,regular,2022-11-12 18:00:00,Ursinus,Dickinson,Centennial,Centennial,38,14,False,True,Patterson Field
401431570,2022,11,regular,2022-11-12 18:00:00,Wayne State (MI),Ferris State,GLIAC,GLIAC,14,40,False,True,Tom Adams Field
401426372,2022,11,regular,2022-11-12 18:00:00,Georgia State,UL Monroe,Sun Belt,Sun Belt,28,31,False,True,Center Parc Stadium
401431193,2022,11,regular,2022-11-12 18:00:00,Alma,Albion,Michigan,Michigan,34,31,False,True,Bahlke Field
401432627,2022,11,regular,2022-11-12 18:00:00,DePauw,Wabash,North Coast,North Coast,49,14,False,True,Blackstock Stadium
401431560,2022,11,regular,2022-11-12 18:00:00,Northwood,Walsh,Great Midwest Athletic,Great Midwest Athletic,34,14,False,False,Hantz Stadium
401431310,2022,11,regular,2022-11-12 18:00:00,St. Norbert,Concordia Chicago,NACC,NACC,54,0,False,True,Donald J. Schneider Stadium
401445924,2022,11,regular,2022-11-12 18:00:00,Western New England,Endicott,Commonwealth Coast,Commonwealth Coast,21,26,False,True,Golden Bear Stadium
401431264,2022,11,regular,2022-11-12 18:00:00,Illinois College,Beloit,Midwest,Midwest,65,13,False,True,England Stadium
401431116,2022,11,regular,2022-11-12 18:00:00,Alfred,Brockport,Empire 8,Empire 8,7,16,False,True,Merrill Field at Yunevich Stadium
401445768,2022,11,regular,2022-11-12 18:00:00,SUNY Morrisville,Hartwick,Empire 8,Empire 8,38,12,False,True,Drake Field (NY)
401445174,2022,11,regular,2022-11-12 18:00:00,Widener,Delaware Valley,Mid Atlantic,Mid Atlantic,7,34,False,True,Leslie C. Quick Jr. Stadium
401441992,2022,11,regular,2022-11-12 18:00:00,Long Island University,Stonehill,NEC,NEC,34,28,False,True,Bethpage Federal Credit Union Stadium
401418636,2022,11,regular,2022-11-12 18:00:00,Kennesaw State,Austin Peay,Atlantic Sun,Atlantic Sun,14,31,False,True,Fifth Third Stadium
401424449,2022,11,regular,2022-11-12 18:00:00,Stony Brook,Towson,CAA,CAA,17,21,False,True,Kenneth P. LaValle Stadium
401424448,2022,11,regular,2022-11-12 18:00:00,New Hampshire,Rhode Island,CAA,CAA,31,28,False,True,Wildcat Stadium
401422994,2022,11,regular,2022-11-12 18:00:00,Fordham,Lafayette,Patriot,Patriot,45,10,False,True,Jack Coffey Field
401423161,2022,11,regular,2022-11-12 18:00:00,Dayton,Morehead State,Pioneer,Pioneer,49,27,False,True,Welcome Stadium
401424401,2022,11,regular,2022-11-12 18:00:00,Hampton,Elon,CAA,CAA,24,38,False,True,Armstrong Stadium
401424447,2022,11,regular,2022-11-12 18:00:00,Delaware,Richmond,CAA,CAA,13,21,False,True,Delaware Stadium
401424392,2022,11,regular,2022-11-12 18:00:00,William & Mary,Villanova,CAA,CAA,45,12,False,True,Zable Stadium
401428195,2022,11,regular,2022-11-12 18:00:00,Campbell,Gardner-Webb,Big South,Big South,35,42,False,True,Barker-Lane Stadium
401426254,2022,11,regular,2022-11-12 18:00:00,Howard,South Carolina State,MEAC,MEAC,28,14,False,True,William H. Greene Stadium
401418601,2022,11,regular,2022-11-12 18:00:00,Pennsylvania,Harvard,Ivy,Ivy,14,37,False,True,Franklin Field
401415411,2022,11,regular,2022-11-12 18:00:00,Cornell,Dartmouth,Ivy,Ivy,17,13,False,True,Schoellkopf Field
401432580,2022,11,regular,2022-11-12 18:00:00,Ohio Wesleyan,Hiram,North Coast,North Coast,47,21,False,True,Selby Stadium
401432717,2022,11,regular,2022-11-12 18:00:00,Ferrum,Averett,Old Dominion,Old Dominion,20,24,False,False,W.B. Adams Stadium
401435091,2022,11,regular,2022-11-12 18:00:00,St. John Fisher,Utica,Empire 8,Empire 8,21,35,False,True,Growney Stadium
401430974,2022,11,regular,2022-11-12 18:00:00,Luther,Nebraska Wesleyan,American Rivers,American Rivers,35,28,False,True,Legacy Field in Carlson Stadium
401430950,2022,11,regular,2022-11-12 18:00:00,Simpson (IA),Buena Vista,American Rivers,American Rivers,21,26,False,True,Bill Buxton Stadium
401430995,2022,11,regular,2022-11-12 18:00:00,Belhaven,Maryville (TN),USA South,USA South,22,25,False,False,Belhaven Bowl Stadium
401431186,2022,11,regular,2022-11-12 18:00:00,Adrian,Olivet,Michigan,Michigan,28,0,False,True,Docking Stadium
401431273,2022,11,regular,2022-11-12 18:00:00,Ripon,Lawrence,Midwest,Midwest,82,0,False,True,Ingalls Field
401432725,2022,11,regular,2022-11-12 18:00:00,Hampden Sydney,Randolph Macon,Old Dominion,Old Dominion,17,38,False,True,Lewis C. Everett Stadium
401432733,2022,11,regular,2022-11-12 18:00:00,Washington and Lee,Shenandoah,Old Dominion,Old Dominion,14,16,False,True,Wilson Field
401432542,2022,11,regular,2022-11-12 18:00:00,Carroll (WI),Washington St. Louis,Midwest,CCIW,7,37,False,False,Schneider Stadium
401432809,2022,11,regular,2022-11-12 18:00:00,Centre,Millsaps,Southern Athletic,Southern Athletic,57,3,False,True,Farris Stadium
401432615,2022,11,regular,2022-11-12 18:00:00,Oberlin,Wooster,North Coast,North Coast,13,56,False,True,Austin E. Knowlton Athletics Complex
401432588,2022,11,regular,2022-11-12 18:00:00,Denison,Kenyon,North Coast,North Coast,49,12,False,True,Deeds Field-Piper Stadium
401432822,2022,11,regular,2022-11-12 18:00:00,Trinity (TX),Sewanee,Southern Athletic,Southern Athletic,38,0,False,True,Trinity University Stadium
401432777,2022,11,regular,2022-11-12 18:00:00,Grove City,Thiel,Presidents',Presidents',66,6,False,True,Robert E. Thorn Field
401431297,2022,11,regular,2022-11-12 18:00:00,Knox,Monmouth (IL),Midwest,Midwest,0,56,False,True,Harley Knosher Bowl
401432843,2022,11,regular,2022-11-12 18:00:00,Westminster (MO),Crown,Upper Midwest,Upper Midwest,22,26,False,True,Blue Jay Stadium
401432879,2022,11,regular,2022-11-12 18:00:00,Southern Virginia,Brevard,USA South,USA South,27,41,False,True,Knight Stadium
401432785,2022,11,regular,2022-11-12 18:00:00,Waynesburg,Washington & Jefferson,Presidents',Presidents',0,56,False,True,John F. Wiley Stadium
401435098,2022,11,regular,2022-11-12 18:00:00,Hobart,Rochester (NY),Liberty League,Liberty League,27,7,False,True,Boswell Field at David J. Urick Stadium
401438641,2022,11,regular,2022-11-12 18:00:00,Alvernia,FDU Florham,Mid Atlantic,Mid Atlantic,7,31,False,True,Turf Field
401435194,2022,11,regular,2022-11-12 18:00:00,Minnesota Morris,Greenville,Upper Midwest,Upper Midwest,25,43,False,True,Big Cat Stadium
401438674,2022,11,regular,2022-11-12 18:00:00,Guilford,Bridgewater,Old Dominion,Old Dominion,22,64,False,True,Armfield Athletic Center
401441935,2022,11,regular,2022-11-12 18:00:00,Susquehanna,Juniata,Centennial,Centennial,66,15,False,True,Amos Alonzo Stagg Field (PA)
401445171,2022,11,regular,2022-11-12 18:00:00,St. Lawrence,Buffalo State,Liberty League,Liberty League,31,7,False,True,Leckonby Stadium
401435121,2022,11,regular,2022-11-12 18:00:00,Wittenberg,Hilbert,North Coast,North Coast,56,8,False,False,Edwards-Maurer Field
401432126,2022,11,regular,2022-11-12 18:00:00,West Liberty,Frostburg State,Mountain East,Mountain East,23,28,False,True,West Family Stadium
401435058,2022,11,regular,2022-11-12 18:00:00,Newberry,Mars Hill,South Atlantic,South Atlantic,27,24,False,True,Setzler Field
401426374,2022,11,regular,2022-11-12 18:00:00,Old Dominion,James Madison,Sun Belt,Sun Belt,3,37,False,True,S.B. Ballard Stadium
401461021,2022,11,regular,2022-11-12 18:00:00,Saint Vincent,Bethany (WV),Presidents',Presidents',36,7,False,True,Chuck Noll Field
401432099,2022,11,regular,2022-11-12 18:00:00,Alderson-Broaddus,Notre Dame College,Mountain East,Mountain East,3,27,False,True,Multi-Sport Performance Stadium
401432419,2022,11,regular,2022-11-12 18:00:00,Wayne State (NE),Minnesota St Moorhead,Northern Sun,Northern Sun,10,7,False,True,"Memorial Stadium (Wayne, NE)"
401432428,2022,11,regular,2022-11-12 18:00:00,Concordia St. Paul,Minot State,Northern Sun,Northern Sun,19,11,False,True,Sea Foam Stadium
401433021,2022,11,regular,2022-11-12 18:00:00,Slippery Rock,Kutztown,Pennsylvania State Athletic,Pennsylvania State Athletic,21,23,False,True,Mihalik-Thompson Stadium
401432960,2022,11,regular,2022-11-12 18:00:00,Minnesota State,Winona State,Northern Sun,Northern Sun,40,13,False,True,Blakeslee Stadium
401432965,2022,11,regular,2022-11-12 18:00:00,Upper Iowa,Sioux Falls,Northern Sun,Northern Sun,6,50,False,True,Harms-Eischeid Stadium
401418790,2022,11,regular,2022-11-12 18:00:00,Sam Houston,Abilene Christian,Western Athletic,Western Athletic,28,45,False,True,Elliott T. Bowers Stadium
401431550,2022,11,regular,2022-11-12 18:00:00,Saginaw Valley State,Michigan Tech,GLIAC,GLIAC,35,30,False,True,Harvey Randall Wickes Memorial Stadium
401441886,2022,11,regular,2022-11-12 18:00:00,West Virginia Wesleyan,Glenville State,Mountain East,Mountain East,14,27,False,True,I.L. & Sue Morris Stadium
401433123,2022,11,regular,2022-11-12 18:00:00,Lenoir Rhyne,Tusculum,South Atlantic,South Atlantic,34,14,False,True,Helen and Leonard Moretz Stadium
401438602,2022,11,regular,2022-11-12 18:00:00,Catawba,Carson Newman,South Atlantic,South Atlantic,23,61,False,True,Shuford Stadium
401433139,2022,11,regular,2022-11-12 18:30:00,Wingate,UVA Wise,South Atlantic,South Atlantic,45,7,False,True,Irwin Belk Stadium
401439526,2022,11,regular,2022-11-12 18:30:00,Anderson (IN),Manchester,Heartland,Heartland,19,12,False,True,Macholtz Stadium
401432670,2022,11,regular,2022-11-12 18:30:00,Baldwin Wallace,Mount Union,Ohio,Ohio,21,23,False,True,George Finnie Stadium
401433407,2022,11,regular,2022-11-12 18:30:00,Bluffton,Defiance College,Heartland,Heartland,14,17,False,True,Alumni Field (OH)
401431142,2022,11,regular,2022-11-12 18:30:00,Mount St Joseph,Rose Hulman,Heartland,Heartland,40,31,False,True,Schueler Field
401435184,2022,11,regular,2022-11-12 18:30:00,Capital,Heidelberg,Ohio,Ohio,30,44,False,True,Bernlohr Stadium
401431126,2022,11,regular,2022-11-12 18:30:00,Franklin,Hanover,Heartland,Heartland,3,24,False,True,"Stewart """"Red"""" Faught Stadium"
401413211,2022,11,regular,2022-11-12 18:30:00,Wofford,VMI,Southern,Southern,34,16,False,True,Gibbs Stadium
401421135,2022,11,regular,2022-11-12 18:30:00,Chattanooga,Samford,Southern,Southern,24,35,False,True,Finley Stadium
401435187,2022,11,regular,2022-11-12 18:30:00,Muskingum,Marietta,Ohio,Ohio,23,38,False,True,Sherman Field at McConagha Stadium
401435113,2022,11,regular,2022-11-12 19:00:00,Lakeland,Rockford,NACC,NACC,70,21,False,True,Taylor Field
401438623,2022,11,regular,2022-11-12 19:00:00,Rhodes,Birmingham-Southern,Southern Athletic,Southern Athletic,20,3,False,True,Crain Field
401431005,2022,11,regular,2022-11-12 19:00:00,Austin,Howard Payne,American Southwest,American Southwest,20,23,False,True,Jerry E. Apple Stadium
401439517,2022,11,regular,2022-11-12 19:00:00,East Texas Baptist,North American,American Southwest,,43,6,False,False,Ornelas Stadium
401435347,2022,11,regular,2022-11-12 19:00:00,Wisconsin Eau Claire,Wisconsin Oshkosh,Wisconsin,Wisconsin,0,61,False,True,Carson Park
401432903,2022,11,regular,2022-11-12 19:00:00,Wisconsin River Falls,Wisconsin Stout,Wisconsin,Wisconsin,35,34,False,True,David Smith Stadium at Ramer Field
401432895,2022,11,regular,2022-11-12 19:00:00,Wisconsin La Crosse,Wisconsin Platteville,Wisconsin,Wisconsin,31,10,False,True,Veterans Memorial Stadium (WI)
401428473,2022,11,regular,2022-11-12 19:00:00,Murray State,Robert Morris,OVC,Big South,27,9,False,False,Roy Stewart Stadium
401435216,2022,11,regular,2022-11-12 19:00:00,Wisconsin Whitewater,Wisconsin Stevens Point,Wisconsin,Wisconsin,79,10,False,True,Perkins Stadium
401432802,2022,11,regular,2022-11-12 19:00:00,Berry,Hendrix,Southern Athletic,Southern Athletic,55,8,False,True,Valhalla Stadium
401432856,2022,11,regular,2022-11-12 19:00:00,Northwestern (MN),Martin Luther,Upper Midwest,Upper Midwest,31,9,False,True,Reynolds Field
401426607,2022,11,regular,2022-11-12 19:00:00,Western Kentucky,Rice,Conference USA,Conference USA,45,10,False,True,Houchens Industries-L.T. Smith Stadium
401433079,2022,11,regular,2022-11-12 19:00:00,Black Hills State,CSU Pueblo,Rocky Mountain,Rocky Mountain,0,38,False,True,Lyle Hare Stadium
401418843,2022,11,regular,2022-11-12 19:00:00,Western Illinois,Indiana State,MVFC,MVFC,0,21,False,True,Hanson Field
401423142,2022,11,regular,2022-11-12 19:00:00,Drake,Butler,Pioneer,Pioneer,27,24,False,True,Drake Stadium
401420839,2022,11,regular,2022-11-12 19:00:00,Southern Illinois,North Dakota State,MVFC,MVFC,18,21,False,True,Saluki Stadium
401420786,2022,11,regular,2022-11-12 19:00:00,Delaware State,Morgan State,MEAC,MEAC,7,37,False,True,Alumni Stadium
401413222,2022,11,regular,2022-11-12 19:00:00,Jacksonville State,Eastern Kentucky,Atlantic Sun,Atlantic Sun,42,17,False,True,AmFirst Stadium
401432570,2022,11,regular,2022-11-12 19:00:00,Benedictine (IL),Wisconsin Lutheran,NACC,NACC,49,35,False,True,Village of Lisle-Benedictine University Sports Complex
401431093,2022,11,regular,2022-11-12 19:00:00,North Central College,Augustana (IL),CCIW,CCIW,63,3,False,True,Benedetti-Wehrli Stadium
401431076,2022,11,regular,2022-11-12 19:00:00,Carthage,Millikin,CCIW,CCIW,6,17,False,True,Art Keller Field
401435200,2022,11,regular,2022-11-12 19:00:00,Huntingdon,LaGrange,USA South,USA South,55,7,False,True,Charles Lee Field at Samford Stadium
401432528,2022,11,regular,2022-11-12 19:00:00,Mary Hardin Baylor,McMurry,American Southwest,American Southwest,62,3,False,True,Crusader Stadium
401431515,2022,11,regular,2022-11-12 19:00:00,Missouri S&T,Southwest Baptist,Great Lakes,Great Lakes,17,24,False,True,Allgood-Bailey Stadium
401415174,2022,11,regular,2022-11-12 19:00:00,Northern Colorado,Northern Arizona,Big Sky,Big Sky,21,20,False,True,Nottingham Field
401431085,2022,11,regular,2022-11-12 19:00:00,Elmhurst,Illinois Wesleyan,CCIW,CCIW,17,21,False,True,Langhorst Field
401431317,2022,11,regular,2022-11-12 19:00:00,Aurora,Concordia (WI),NACC,NACC,42,0,False,True,Vago Field
401431028,2022,11,regular,2022-11-12 19:00:00,Texas Lutheran,Hardin Simmons,American Southwest,American Southwest,16,45,False,True,Bulldog Stadium (TX)
401431014,2022,11,regular,2022-11-12 19:00:00,Sul Ross State,Southwestern U,American Southwest,American Southwest,44,41,False,True,Jackson Field
401431100,2022,11,regular,2022-11-12 19:00:00,Wheaton (IL),North Park,CCIW,CCIW,54,14,False,True,McCully Stadium
401491900,2022,11,regular,2022-11-12 19:00:00,Benedict,Tuskegee,SIAC,SIAC,58,21,False,True,Charlie W. Johnson Stadium
401431524,2022,11,regular,2022-11-12 19:00:00,Quincy,William Jewell,Great Lakes,Great Lakes,7,17,False,True,QU Stadium
401431508,2022,11,regular,2022-11-12 19:00:00,Lindenwood,McKendree,OVC,Great Lakes,63,35,False,False,Hunter Stadium
401430959,2022,11,regular,2022-11-12 19:00:00,Coe,Wartburg,American Rivers,American Rivers,14,19,False,True,Clark Field
401420795,2022,11,regular,2022-11-12 19:00:00,Norfolk State,North Carolina Central,MEAC,MEAC,14,48,False,True,"William Dick"""" Price Stadium"""""
401438628,2022,11,regular,2022-11-12 19:00:00,Anna Maria College,Vermont State Castleton,ECFC,ECFC,27,26,False,True,Caparso Field
401430967,2022,11,regular,2022-11-12 19:00:00,Dubuque,Central College,American Rivers,American Rivers,21,24,False,True,Chalmers Field
401421144,2022,11,regular,2022-11-12 19:00:00,The Citadel,Virginia Lynchburg,Southern,,66,0,False,False,Johnson Hagood Stadium
401431498,2022,11,regular,2022-11-12 19:00:00,Indianapolis,Truman State,Great Lakes,Great Lakes,28,14,False,True,Key Stadium
401433086,2022,11,regular,2022-11-12 19:00:00,South Dakota Mines,Chadron State,Rocky Mountain,Rocky Mountain,28,7,False,True,O'Harra Stadium
401409241,2022,11,regular,2022-11-12 19:00:00,New Mexico State,Lamar,FBS Independents,Southland,51,14,False,False,Aggie Memorial Stadium
401432955,2022,11,regular,2022-11-12 19:00:00,Southwest Minnesota State,Augustana (SD),Northern Sun,Northern Sun,0,49,False,True,Schwan Regional Event Center
401431944,2022,11,regular,2022-11-12 19:00:00,Missouri Western,Lincoln (MO),Mid America,Mid America,41,0,False,True,Craig Field at Spratt Memorial Stadium
401432411,2022,11,regular,2022-11-12 19:00:00,Northern State,Minnesota Duluth,Northern Sun,Northern Sun,7,28,False,True,Swisher Field
401431893,2022,11,regular,2022-11-12 19:00:00,Midwestern State,Angelo State,Lone Star,Lone Star,19,37,False,True,"Memorial Stadium (Wichita Falls, TX)"
401432155,2022,11,regular,2022-11-12 19:00:00,Wheeling,Fairmont State,Mountain East,Mountain East,31,28,False,True,Bishop Schmitt Field
401431875,2022,11,regular,2022-11-12 19:00:00,Barton,Erskine,South Atlantic,South Atlantic,51,22,False,True,Electric Supply Company Field
401433098,2022,11,regular,2022-11-12 19:00:00,Colorado School of Mines,Fort Lewis,Rocky Mountain,Rocky Mountain,80,0,False,True,Marv Kay Stadium at Campbell Field
401431970,2022,11,regular,2022-11-12 19:00:00,Emporia State,Northwest Missouri State,Mid America,Mid America,21,27,False,True,Francis G. Welch Stadium
401432693,2022,11,regular,2022-11-12 19:30:00,Ohio Northern,Wilmington (OH),Ohio,Ohio,21,13,False,True,Dial-Roberson Stadium
401413242,2022,11,regular,2022-11-12 20:00:00,Montana,Eastern Washington,Big Sky,Big Sky,63,7,False,True,Washington-Grizzly Stadium
401503091,2022,11,regular,2022-11-12 20:00:00,Mississippi College,West Florida,Gulf South,Gulf South,21,56,False,True,Robinson-Hale Stadium
401503092,2022,11,regular,2022-11-12 20:00:00,Delta State,West Alabama,Gulf South,Gulf South,17,7,False,True,Parker Field at McCool Stadium
401503093,2022,11,regular,2022-11-12 20:00:00,Valdosta State,Shorter,Gulf South,Gulf South,30,28,False,True,Bazemore-Hyder Stadium
401431952,2022,11,regular,2022-11-12 20:00:00,Missouri Southern State,Washburn,Mid America,Mid America,20,37,False,True,Fred G. Hughes Stadium
401421162,2022,11,regular,2022-11-12 20:00:00,Mercer,Furman,Southern,Southern,13,23,False,True,Five Star Stadium at the Moye Complex
401473449,2022,11,regular,2022-11-12 20:00:00,Southern Utah,Lincoln (CA),Western Athletic,,55,0,False,False,Eccles Coliseum
401431935,2022,11,regular,2022-11-12 20:00:00,Pittsburg State,Fort Hays,Mid America,Mid America,35,14,False,True,Carnie Smith Stadium
401413264,2022,11,regular,2022-11-12 20:00:00,Weber State,Idaho State,Big Sky,Big Sky,45,7,False,True,Stewart Stadium
401423455,2022,11,regular,2022-11-12 20:00:00,Alabama State,Florida A&M,SWAC,SWAC,14,21,False,True,Hornet Stadium
401425454,2022,11,regular,2022-11-12 20:00:00,Eastern Illinois,Southeast Missouri State,OVC,OVC,7,31,False,True,O'Brien Stadium
401418836,2022,11,regular,2022-11-12 20:00:00,South Dakota State,Illinois State,MVFC,MVFC,31,7,False,True,Dana J. Dykhouse Stadium
401420814,2022,11,regular,2022-11-12 20:00:00,Missouri State,Youngstown State,MVFC,MVFC,25,22,False,True,Plaster Sports Complex
401424946,2022,11,regular,2022-11-12 20:00:00,Arkansas-Pine Bluff,Prairie View A&M,SWAC,SWAC,24,55,False,True,Golden Lion Stadium
401424934,2022,11,regular,2022-11-12 20:00:00,Alcorn State,Bethune-Cookman,SWAC,SWAC,17,14,False,True,Jack Spinks Stadium
401423952,2022,11,regular,2022-11-12 20:00:00,Southern,Mississippi Valley State,SWAC,SWAC,27,7,False,True,Ace W. Mumford Stadium
401431959,2022,11,regular,2022-11-12 20:00:00,Northeastern State,Nebraska Kearney,Mid America,Mid America,0,42,False,True,Gable Field at Doc Wadley Stadium
401462229,2022,11,regular,2022-11-12 20:00:00,Houston Christian,McNeese,Southland,Southland,10,21,False,True,Husky Stadium
401433069,2022,11,regular,2022-11-12 20:00:00,Western Colorado,Adams State,Rocky Mountain,Rocky Mountain,52,10,False,True,Mountaineer Bowl
401431925,2022,11,regular,2022-11-12 20:00:00,Central Oklahoma,Central Missouri,Mid America,Mid America,13,10,False,True,Wantland Stadium
401433093,2022,11,regular,2022-11-12 20:00:00,Colorado Mesa,New Mexico Highlands,Rocky Mountain,Rocky Mountain,56,36,False,True,Ralph Stocker Stadium
401462520,2022,11,regular,2022-11-12 20:00:00,Utah Tech,Tarleton State,Western Athletic,Western Athletic,34,28,False,True,Greater Zion Stadium
401431478,2022,11,regular,2022-11-12 20:00:00,East Central,Southeastern Oklahoma State,Great American,Great American,31,10,False,True,Koi Ishto Stadium
401431464,2022,11,regular,2022-11-12 20:00:00,Henderson State,Ouachita Baptist,Great American,Great American,37,40,False,True,Ruggles Field at Carpenter-Haygood Stadium
401414784,2022,11,regular,2022-11-12 20:00:00,Arkansas State,Massachusetts,Sun Belt,FBS Independents,35,33,False,False,Centennial Bank Stadium
401432402,2022,11,regular,2022-11-12 20:00:00,University of Mary,Bemidji State,Northern Sun,Northern Sun,14,51,False,True,MDU Resources Community Bowl
401430738,2022,11,regular,2022-11-12 20:00:00,Harding,Arkansas Tech,Great American,Great American,55,10,False,True,First Security Stadium
401415655,2022,11,regular,2022-11-12 20:00:00,Houston,Temple,American Athletic,American Athletic,43,36,False,True,TDECU Stadium
401432986,2022,11,regular,2022-11-12 20:00:00,IU Pennsylvania,Bloomsburg,Pennsylvania State Athletic,Pennsylvania State Athletic,24,21,False,True,George P. Miller Stadium
401430748,2022,11,regular,2022-11-12 20:00:00,Arkansas Monticello,Southern Arkansas,Great American,Great American,7,20,False,True,Convoy Leslie Cotton Boll Stadium
401411160,2022,11,regular,2022-11-12 20:30:00,Georgia Tech,Miami,ACC,ACC,14,35,False,True,Bobby Dodd Stadium
401411161,2022,11,regular,2022-11-12 20:30:00,NC State,Boston College,ACC,ACC,20,21,False,True,Carter-Finley Stadium
401426603,2022,11,regular,2022-11-12 20:30:00,Middle Tennessee,Charlotte,Conference USA,Conference USA,24,14,False,True,"Johnny ""Red"" Floyd Stadium"
401415256,2022,11,regular,2022-11-12 20:30:00,Air Force,New Mexico,Mountain West,Mountain West,35,3,False,True,Falcon Stadium
401415657,2022,11,regular,2022-11-12 20:30:00,Tulane,UCF,American Athletic,American Athletic,31,38,False,True,Yulman Stadium
401403943,2022,11,regular,2022-11-12 20:30:00,Ole Miss,Alabama,SEC,SEC,24,30,False,True,Vaught-Hemingway Stadium
401404035,2022,11,regular,2022-11-12 20:30:00,Washington State,Arizona State,Pac-12,Pac-12,28,18,False,True,Gesa Field
401404110,2022,11,regular,2022-11-12 20:30:00,Oklahoma State,Iowa State,Big 12,Big 12,20,14,False,True,Boone Pickens Stadium
401405136,2022,11,regular,2022-11-12 20:30:00,Minnesota,Northwestern,Big Ten,Big Ten,31,3,False,True,Huntington Bank Stadium
401426373,2022,11,regular,2022-11-12 20:30:00,Marshall,App State,Sun Belt,Sun Belt,28,21,False,True,Joan C. Edwards Stadium
401426606,2022,11,regular,2022-11-12 20:30:00,UAB,North Texas,Conference USA,Conference USA,41,21,False,True,Protective Stadium
401432645,2022,11,regular,2022-11-12 20:30:00,Whitworth,George Fox,Northwest,Northwest,14,28,False,True,The Pine Bowl
401405135,2022,11,regular,2022-11-12 20:30:00,Iowa,Wisconsin,Big Ten,Big Ten,24,10,False,True,Kinnick Stadium
401405140,2022,11,regular,2022-11-12 20:30:00,Penn State,Maryland,Big Ten,Big Ten,30,0,False,True,Beaver Stadium
401411158,2022,11,regular,2022-11-12 20:30:00,Clemson,Louisville,ACC,ACC,31,16,False,True,"Memorial Stadium (Clemson, SC)"
401405137,2022,11,regular,2022-11-12 20:30:00,Michigan,Nebraska,Big Ten,Big Ten,34,3,False,True,Michigan Stadium
401404142,2022,11,regular,2022-11-12 20:30:00,Troy,Army,Sun Belt,FBS Independents,10,9,False,False,Veterans Memorial Stadium (AL)
401426605,2022,11,regular,2022-11-12 20:30:00,UTSA,Louisiana Tech,Conference USA,Conference USA,51,7,False,True,Alamodome
401435174,2022,11,regular,2022-11-12 21:00:00,Pacific Lutheran,Pacific (OR),Northwest,Northwest,7,18,False,True,Sparks Stadium
401438684,2022,11,regular,2022-11-12 21:00:00,Willamette,Puget Sound,Northwest,Northwest,20,26,False,True,McCulloch Stadium
401432830,2022,11,regular,2022-11-12 21:00:00,Pomona Pitzer,Claremont Mudd Scripps,So. Cal.,So. Cal.,28,14,False,True,Merritt Field
401432653,2022,11,regular,2022-11-12 21:00:00,Lewis & Clark,Linfield,Northwest,Northwest,7,70,False,True,Griswold Stadium
401432836,2022,11,regular,2022-11-12 21:00:00,Redlands,Whittier,So. Cal.,So. Cal.,58,14,False,True,Ted Runner Stadium
401461256,2022,11,regular,2022-11-12 21:00:00,La Verne,Chapman,So. Cal.,So. Cal.,14,42,False,True,Ortmayer Stadium
401403941,2022,11,regular,2022-11-12 21:00:00,Florida,South Carolina,SEC,SEC,38,6,False,True,Ben Hill Griffin Stadium
401435053,2022,11,regular,2022-11-12 21:00:00,Eastern New Mexico,Western New Mexico,Lone Star,Lone Star,24,38,False,True,Al Whitehead Field at Greyhound Stadium
401462530,2022,11,regular,2022-11-12 21:00:00,Nicholls,East Texas A&M,Southland,Southland,12,10,False,True,Manning Field at John L. Guidry Stadium
401432369,2022,11,regular,2022-11-12 21:00:00,Southwestern Oklahoma State,Northwestern (OK),Great American,Great American,41,28,False,True,Milam Stadium
401432118,2022,11,regular,2022-11-12 21:00:00,UNC Pembroke,Concord,Mountain East,Mountain East,56,58,False,True,Grace P. Johnson Stadium
401431600,2022,11,regular,2022-11-12 21:00:00,Central Washington,UT Permian Basin,Lone Star,Lone Star,49,14,False,False,Tomlinson Stadium
401462531,2022,11,regular,2022-11-12 22:00:00,SE Louisiana,Northwestern State,Southland,Southland,23,7,False,True,Strawberry Stadium
401426375,2022,11,regular,2022-11-12 22:00:00,South Alabama,Texas State,Sun Belt,Sun Belt,38,21,False,True,Hancock Whitney Stadium
401420876,2022,11,regular,2022-11-12 22:00:00,Stephen F. Austin,Central Arkansas,Western Athletic,Atlantic Sun,7,34,False,False,Homer Bryce Stadium
401418781,2022,11,regular,2022-11-12 22:00:00,North Alabama,Tennessee Tech,Atlantic Sun,OVC,27,35,False,False,Braly Municipal Stadium
401421101,2022,11,regular,2022-11-12 22:00:00,San Diego,Davidson,Pioneer,Pioneer,31,14,False,True,Torero Stadium
401425470,2022,11,regular,2022-11-12 22:00:00,Tennessee State,UT Martin,OVC,OVC,3,20,False,True,Nissan Stadium
401432636,2022,11,regular,2022-11-12 22:00:00,Salisbury,Christopher Newport,New Jersey,New Jersey,36,33,False,True,Sea Gull Stadium
401423446,2022,11,regular,2022-11-12 22:00:00,Jackson State,Alabama A&M,SWAC,SWAC,27,13,True,True,Ladd Peebles Stadium
401445218,2022,11,regular,2022-11-12 22:30:00,Bowdoin,Colby,NESCAC,NESCAC,21,14,False,True,Whittier Field
401432339,2022,11,regular,2022-11-12 23:00:00,Edward Waters,Allen,SIAC,SIAC,38,12,False,True,Earl Kitchings Stadium
401413252,2022,11,regular,2022-11-13 00:00:00,Idaho,UC Davis,Big Sky,Big Sky,26,44,False,True,Kibbie Dome
401432757,2022,11,regular,2022-11-13 00:00:00,Case Western Reserve,Carnegie Mellon,Presidents',Presidents',7,20,False,True,Case Field
401426604,2022,11,regular,2022-11-13 00:00:00,Florida International,Florida Atlantic,Conference USA,Conference USA,7,52,False,True,FIU Stadium
401404109,2022,11,regular,2022-11-13 00:00:00,Baylor,Kansas State,Big 12,Big 12,3,31,False,True,McLane Stadium
401404111,2022,11,regular,2022-11-13 00:00:00,Texas Tech,Kansas,Big 12,Big 12,43,28,False,True,Jones AT&T Stadium
401423924,2022,11,regular,2022-11-13 00:00:00,Texas Southern,Grambling,SWAC,SWAC,41,7,False,True,BBVA Compass Stadium
401415258,2022,11,regular,2022-11-13 00:00:00,Colorado State,Wyoming,Mountain West,Mountain West,13,14,False,True,Canvas Stadium
401431471,2022,11,regular,2022-11-13 00:00:00,Oklahoma Baptist,Southern Nazarene,Great American,Great American,21,56,False,True,Crain Family Stadium
401403944,2022,11,regular,2022-11-13 00:00:00,Mississippi State,Georgia,SEC,SEC,19,45,False,True,Davis Wade Stadium
401404037,2022,11,regular,2022-11-13 00:00:00,Oregon,Washington,Pac-12,Pac-12,34,37,False,True,Autzen Stadium
401426371,2022,11,regular,2022-11-13 00:30:00,Coastal Carolina,Southern Miss,Sun Belt,Sun Belt,26,23,False,True,Brooks Stadium (SC)
401404113,2022,11,regular,2022-11-13 00:30:00,Texas,TCU,Big 12,Big 12,10,17,False,True,DKR-Texas Memorial Stadium
401403940,2022,11,regular,2022-11-13 00:30:00,Auburn,Texas A&M,SEC,SEC,13,10,False,True,Jordan-Hare Stadium
401411164,2022,11,regular,2022-11-13 00:30:00,Wake Forest,North Carolina,ACC,ACC,34,36,False,True,Allegacy Federal Credit Union Stadium
401411162,2022,11,regular,2022-11-13 01:00:00,Syracuse,Florida State,ACC,ACC,3,38,False,True,JMA Wireless Dome
401413233,2022,11,regular,2022-11-13 01:00:00,Cal Poly,Montana State,Big Sky,Big Sky,28,72,False,True,Alex G. Spanos Stadium
401431618,2022,11,regular,2022-11-13 01:00:00,Texas A&M-Kingsville,Western Oregon,Lone Star,Lone Star,37,48,False,False,Javelina Stadium
401431609,2022,11,regular,2022-11-13 02:00:00,Simon Fraser,West Texas,Lone Star,Lone Star,46,14,True,False,Blaine High School
401404036,2022,11,regular,2022-11-13 02:00:00,Oregon State,California,Pac-12,Pac-12,38,10,False,True,Reser Stadium
401404038,2022,11,regular,2022-11-13 03:00:00,Utah,Stanford,Pac-12,Pac-12,42,7,False,True,Rice-Eccles Stadium
401415260,2022,11,regular,2022-11-13 03:30:00,San Diego State,San José State,Mountain West,Mountain West,43,27,False,True,Snapdragon Stadium
401404034,2022,11,regular,2022-11-13 03:30:00,UCLA,Arizona,Pac-12,Pac-12,28,34,False,True,Rose Bowl
401415255,2022,11,regular,2022-11-13 03:30:00,Nevada,Boise State,Mountain West,Mountain West,3,41,False,True,Mackay Stadium
401415257,2022,11,regular,2022-11-13 04:00:00,Hawai'i,Utah State,Mountain West,Mountain West,34,41,False,True,Clarence T.C. Ching Athletics Complex
401416643,2022,12,regular,2022-11-16 00:00:00,Ball State,Ohio,Mid-American,Mid-American,18,32,False,True,Scheumann Stadium
401416642,2022,12,regular,2022-11-16 00:00:00,Toledo,Bowling Green,Mid-American,Mid-American,35,42,False,True,Glass Bowl
401416644,2022,12,regular,2022-11-16 23:00:00,Kent State,Eastern Michigan,Mid-American,Mid-American,24,31,False,True,Dix Stadium
401416646,2022,12,regular,2022-11-17 00:00:00,Northern Illinois,Miami (OH),Mid-American,Mid-American,23,29,False,True,Huskie Stadium
401416645,2022,12,regular,2022-11-17 01:00:00,Central Michigan,Western Michigan,Mid-American,Mid-American,10,12,False,True,Kelly/Shorts Stadium
401462532,2022,12,regular,2022-11-18 00:00:00,Nicholls,SE Louisiana,Southland,Southland,17,40,False,True,Manning Field at John L. Guidry Stadium
401415658,2022,12,regular,2022-11-18 00:30:00,Tulane,SMU,American Athletic,American Athletic,59,24,False,True,Yulman Stadium
401415659,2022,12,regular,2022-11-19 02:00:00,Tulsa,South Florida,American Athletic,American Athletic,48,42,False,True,Chapman Stadium
401415264,2022,12,regular,2022-11-19 02:45:00,New Mexico,San Diego State,Mountain West,Mountain West,10,34,False,True,University Stadium (NM)
401415661,2022,12,regular,2022-11-19 16:00:00,UCF,Navy,American Athletic,American Athletic,14,17,False,True,FBC Mortgage Stadium
401405143,2022,12,regular,2022-11-19 17:00:00,Purdue,Northwestern,Big Ten,Big Ten,17,9,False,True,Ross-Ade Stadium
401404165,2022,12,regular,2022-11-19 17:00:00,Liberty,Virginia Tech,FBS Independents,ACC,22,23,False,False,Williams Stadium (VA)
401404143,2022,12,regular,2022-11-19 17:00:00,Army,UConn,FBS Independents,FBS Independents,34,17,False,False,Michie Stadium
401405142,2022,12,regular,2022-11-19 17:00:00,Nebraska,Wisconsin,Big Ten,Big Ten,14,15,False,True,"Memorial Stadium (Lincoln, NE)"
401403951,2022,12,regular,2022-11-19 17:00:00,Mississippi State,East Tennessee State,SEC,Southern,56,7,False,False,Davis Wade Stadium
401413212,2022,12,regular,2022-11-19 17:00:00,Furman,Wofford,Southern,Southern,63,28,False,True,Paladin Stadium
401411169,2022,12,regular,2022-11-19 17:00:00,Pittsburgh,Duke,ACC,ACC,28,26,False,True,Acrisure Stadium
401405145,2022,12,regular,2022-11-19 17:00:00,Michigan,Illinois,Big Ten,Big Ten,19,17,False,True,Michigan Stadium
401411166,2022,12,regular,2022-11-19 17:00:00,Florida State,Louisiana,ACC,Sun Belt,49,17,False,False,Doak Campbell Stadium
401403946,2022,12,regular,2022-11-19 17:00:00,Alabama,Austin Peay,SEC,Atlantic Sun,34,0,False,False,Bryant-Denny Stadium
401504193,2022,12,regular,2022-11-19 17:00:00,Mount Union,Salisbury,Ohio,New Jersey,51,0,False,False,Mount Union Stadium
401424411,2022,12,regular,2022-11-19 17:00:00,Monmouth,Stony Brook,CAA,CAA,24,21,False,True,Kessler Stadium
401403954,2022,12,regular,2022-11-19 17:00:00,Texas A&M,Massachusetts,SEC,FBS Independents,20,3,False,False,Kyle Field
401423438,2022,12,regular,2022-11-19 17:00:00,Duquesne,Wagner,NEC,NEC,33,0,False,True,Arthur J. Rooney Athletic Field
401504190,2022,12,regular,2022-11-19 17:00:00,Carnegie Mellon,DePauw,Presidents',North Coast,45,14,False,False,Gesling Stadium
401504187,2022,12,regular,2022-11-19 17:00:00,Alma,Mount St Joseph,Michigan,Heartland,41,21,False,False,Bahlke Field
401504174,2022,12,regular,2022-11-19 17:00:00,Shepherd,New Haven,Pennsylvania State Athletic,Northeast 10,16,13,False,False,Ram Stadium (WV)
401504196,2022,12,regular,2022-11-19 17:00:00,Delaware Valley,Gallaudet,Mid Atlantic,ECFC,59,0,False,False,Robert A. Lipinski Field at James Work Memorial Stadium
401418602,2022,12,regular,2022-11-19 17:00:00,Harvard,Yale,Ivy,Ivy,14,19,False,True,Harvard Stadium
401423432,2022,12,regular,2022-11-19 17:00:00,Merrimack,Saint Francis,NEC,NEC,23,52,False,True,Duane Stadium
401504195,2022,12,regular,2022-11-19 17:00:00,Randolph Macon,SUNY Cortland,Old Dominion,Empire 8,35,28,False,False,Day Field
401504192,2022,12,regular,2022-11-19 17:00:00,Ithaca,UMass Dartmouth,Liberty League,MSCAC,63,20,False,False,Butterfield Stadium
401504175,2022,12,regular,2022-11-19 17:00:00,Assumption,Slippery Rock,Northeast 10,Pennsylvania State Athletic,14,17,False,False,Multi-Sport Stadium
401421145,2022,12,regular,2022-11-19 17:00:00,VMI,The Citadel,Southern,Southern,22,26,False,True,Alumni Memorial Field
401404114,2022,12,regular,2022-11-19 17:00:00,Baylor,TCU,Big 12,Big 12,28,29,False,True,McLane Stadium
401418837,2022,12,regular,2022-11-19 17:00:00,Illinois State,Western Illinois,MVFC,MVFC,20,13,False,True,Hancock Stadium
401504191,2022,12,regular,2022-11-19 17:00:00,Endicott,Springfield,Commonwealth Coast,NEWMAC,14,17,False,False,Hempstead Stadium
401504194,2022,12,regular,2022-11-19 17:00:00,Susquehanna,Utica,Centennial,Empire 8,10,17,False,False,Amos Alonzo Stagg Field (PA)
401424453,2022,12,regular,2022-11-19 17:00:00,Maine,New Hampshire,CAA,CAA,41,42,False,True,Alfond Stadium
401424393,2022,12,regular,2022-11-19 17:00:00,Richmond,William & Mary,CAA,CAA,26,37,False,True,E. Claiborne Robins Stadium
401403955,2022,12,regular,2022-11-19 17:00:00,Vanderbilt,Florida,SEC,SEC,31,24,False,True,FirstBank Stadium
401423424,2022,12,regular,2022-11-19 17:00:00,Sacred Heart,Long Island University,NEC,NEC,34,37,False,True,Campus Field
401423143,2022,12,regular,2022-11-19 17:00:00,Butler,St. Thomas (MN),Pioneer,Pioneer,13,27,False,True,Butler Bowl
401421102,2022,12,regular,2022-11-19 17:00:00,Morehead State,San Diego,Pioneer,Pioneer,9,14,False,True,Jayne Stadium
401405146,2022,12,regular,2022-11-19 17:00:00,Michigan State,Indiana,Big Ten,Big Ten,31,39,False,True,Spartan Stadium
401420827,2022,12,regular,2022-11-19 17:00:00,Youngstown State,Southern Illinois,MVFC,MVFC,28,21,False,True,Stambaugh Stadium
401428474,2022,12,regular,2022-11-19 17:00:00,Robert Morris,Bryant,Big South,Big South,6,35,False,True,Joe Walton Stadium
401428221,2022,12,regular,2022-11-19 17:00:00,Gardner-Webb,North Carolina A&T,Big South,Big South,38,17,False,True,Ernest W. Spangler Stadium
401420787,2022,12,regular,2022-11-19 17:00:00,Morgan State,Howard,MEAC,MEAC,6,35,False,True,Hughes Stadium
401425417,2022,12,regular,2022-11-19 17:30:00,Georgetown,Holy Cross,Patriot,Patriot,10,47,False,True,Cooper Field
401422995,2022,12,regular,2022-11-19 17:30:00,Lafayette,Lehigh,Patriot,Patriot,14,11,False,True,Fisher Field
401428482,2022,12,regular,2022-11-19 18:00:00,Fordham,Colgate,Patriot,Patriot,52,38,False,True,Jack Coffey Field
401504189,2022,12,regular,2022-11-19 18:00:00,North Central College,Lake Forest,CCIW,Midwest,50,0,False,False,Benedetti-Wehrli Stadium
401504188,2022,12,regular,2022-11-19 18:00:00,Wisconsin Whitewater,Aurora,Wisconsin,NACC,28,33,False,False,Perkins Stadium
401504199,2022,12,regular,2022-11-19 18:00:00,Wheaton (IL),Bethel (MN),CCIW,Minnesota,32,34,False,False,McCully Stadium
401504186,2022,12,regular,2022-11-19 18:00:00,Wartburg,Wisconsin La Crosse,American Rivers,Wisconsin,14,6,False,False,Walston-Hoover Stadium
401418844,2022,12,regular,2022-11-19 18:00:00,Indiana State,Missouri State,MVFC,MVFC,7,24,False,True,Memorial Stadium
401421115,2022,12,regular,2022-11-19 18:00:00,Valparaiso,Drake,Pioneer,Pioneer,0,24,False,True,Brown Field
401421136,2022,12,regular,2022-11-19 18:00:00,Western Carolina,Chattanooga,Southern,Southern,32,29,False,True,E. J. Whitmire Stadium
401504185,2022,12,regular,2022-11-19 18:00:00,Saint John's (MN),Northwestern (MN),Minnesota,Upper Midwest,49,0,False,False,Clemens Stadium
401504177,2022,12,regular,2022-11-19 18:00:00,Ferris State,Davenport,GLIAC,GLIAC,41,7,False,True,Top Taggart Field
401504181,2022,12,regular,2022-11-19 18:00:00,West Florida,Limestone,Gulf South,South Atlantic,45,19,True,False,Blue Wahoos Stadium
401420872,2022,12,regular,2022-11-19 18:00:00,Sam Houston,Southern Utah,Western Athletic,Western Athletic,7,17,False,True,Elliott T. Bowers Stadium
401504179,2022,12,regular,2022-11-19 18:00:00,Virginia Union,Wingate,CIAA,South Atlantic,7,32,False,False,Hovey Field
401504198,2022,12,regular,2022-11-19 18:00:00,Mary Hardin Baylor,Huntingdon,American Southwest,USA South,54,0,False,False,Crusader Stadium
401504197,2022,12,regular,2022-11-19 18:00:00,Trinity (TX),Hardin Simmons,Southern Athletic,American Southwest,14,7,False,False,Trinity University Stadium
401504184,2022,12,regular,2022-11-19 18:00:00,Minnesota State,Wayne State (NE),Northern Sun,Northern Sun,26,9,False,True,Blakeslee Stadium
401504173,2022,12,regular,2022-11-19 18:00:00,Ashland,Notre Dame College,Great Midwest Athletic,Mountain East,20,13,False,False,Jack Miller Stadium
401424450,2022,12,regular,2022-11-19 18:00:00,Rhode Island,UAlbany,CAA,CAA,35,21,False,True,Meade Stadium
401415204,2022,12,regular,2022-11-19 18:00:00,Columbia,Cornell,Ivy,Ivy,45,22,False,True,Lawrence A. Wien Stadium
401422986,2022,12,regular,2022-11-19 18:00:00,Bucknell,Marist,Patriot,Pioneer,24,13,False,False,Christy Mathewson-Memorial Stadium
401423417,2022,12,regular,2022-11-19 18:00:00,Stetson,Presbyterian,Pioneer,Pioneer,42,21,False,True,Spec Martin Municipal Stadium
401422927,2022,12,regular,2022-11-19 18:00:00,Samford,Mercer,Southern,Southern,50,44,False,True,Seibert Stadium
401423917,2022,12,regular,2022-11-19 18:00:00,Princeton,Pennsylvania,Ivy,Ivy,19,20,False,True,Princeton University Stadium
401424451,2022,12,regular,2022-11-19 18:00:00,Villanova,Delaware,CAA,CAA,29,26,False,True,Villanova Stadium
401424452,2022,12,regular,2022-11-19 18:00:00,Towson,Hampton,CAA,CAA,27,7,False,True,Johnny Unitas Stadium
401423151,2022,12,regular,2022-11-19 18:00:00,Davidson,Dayton,Pioneer,Pioneer,24,23,False,True,Richardson Stadium
401441290,2022,12,regular,2022-11-19 18:00:00,Stonehill,Central Connecticut,NEC,NEC,14,39,False,True,W.B. Mason Stadium
401426611,2022,12,regular,2022-11-19 18:00:00,Rice,UTSA,Conference USA,Conference USA,7,41,False,True,Rice Stadium
401415195,2022,12,regular,2022-11-19 18:30:00,Dartmouth,Brown,Ivy,Ivy,30,7,False,True,Memorial Field
401420796,2022,12,regular,2022-11-19 18:30:00,South Carolina State,Norfolk State,MEAC,MEAC,38,42,False,True,Oliver C. Dawson Stadium
401423447,2022,12,regular,2022-11-19 19:00:00,Alabama A&M,Texas Southern,SWAC,SWAC,24,20,False,True,Louis Crews Stadium
401425421,2022,12,regular,2022-11-19 19:00:00,Mississippi Valley State,Prairie View A&M,SWAC,SWAC,27,7,False,True,Rice-Totten Field
401420831,2022,12,regular,2022-11-19 19:00:00,South Dakota,Northern Iowa,MVFC,MVFC,14,58,False,True,DakotaDome
401425518,2022,12,regular,2022-11-19 19:00:00,Delaware State,Campbell,MEAC,Big South,7,34,False,False,Alumni Stadium
401404039,2022,12,regular,2022-11-19 19:00:00,Arizona,Washington State,Pac-12,Pac-12,20,31,False,True,Arizona Stadium
401404117,2022,12,regular,2022-11-19 19:00:00,West Virginia,Kansas State,Big 12,Big 12,31,48,False,True,Milan Puskar Stadium
401504183,2022,12,regular,2022-11-19 19:00:00,Colorado School of Mines,CSU Pueblo,Rocky Mountain,Rocky Mountain,45,24,False,True,Marv Kay Stadium at Campbell Field
401504176,2022,12,regular,2022-11-19 19:00:00,Ouachita Baptist,Northwest Missouri State,Great American,Mid America,17,47,False,False,Cliff Harris Stadium
401413339,2022,12,regular,2022-11-19 19:00:00,Montana State,Montana,Big Sky,Big Sky,55,21,False,True,Bobcat Stadium
401420854,2022,12,regular,2022-11-19 19:00:00,Northwestern State,Incarnate Word,Southland,Southland,7,66,False,False,Harry Turpin Stadium
401415662,2022,12,regular,2022-11-19 19:00:00,Memphis,North Alabama,American Athletic,Atlantic Sun,59,0,False,False,Simmons Bank Liberty Stadium
401425455,2022,12,regular,2022-11-19 19:00:00,Southeast Missouri State,Murray State,OVC,OVC,52,22,False,True,Houck Field
401504182,2022,12,regular,2022-11-19 19:00:00,Bemidji State,Winona State,Northern Sun,Northern Sun,31,7,False,True,Chet Anderson Stadium
401504178,2022,12,regular,2022-11-19 19:00:00,Pittsburg State,Indianapolis,Mid America,Great Lakes,35,0,False,False,Carnie Smith Stadium
401504180,2022,12,regular,2022-11-19 19:00:00,Delta State,Fayetteville State,Gulf South,CIAA,51,0,False,False,Parker Field at McCool Stadium
401415660,2022,12,regular,2022-11-19 19:00:00,East Carolina,Houston,American Athletic,American Athletic,3,42,False,True,Dowdy-Ficklen Stadium
401426378,2022,12,regular,2022-11-19 19:00:00,James Madison,Georgia State,Sun Belt,Sun Belt,42,40,False,True,Bridgeforth Stadium
401404040,2022,12,regular,2022-11-19 19:15:00,Arizona State,Oregon State,Pac-12,Pac-12,7,31,False,True,Mountain America Stadium
401426376,2022,12,regular,2022-11-19 19:30:00,App State,Old Dominion,Sun Belt,Sun Belt,27,14,False,True,Kidd Brewer Stadium
401424942,2022,12,regular,2022-11-19 19:30:00,Florida A&M,Bethune-Cookman,SWAC,SWAC,41,20,True,True,Camping World Stadium
401420805,2022,12,regular,2022-11-19 19:30:00,Tennessee Tech,North Carolina Central,OVC,MEAC,20,22,False,False,Tucker Stadium
401404132,2022,12,regular,2022-11-19 19:30:00,Notre Dame,Boston College,FBS Independents,ACC,44,0,False,False,Notre Dame Stadium
401413253,2022,12,regular,2022-11-19 20:00:00,Idaho State,Idaho,Big Sky,Big Sky,7,38,False,True,Holt Arena
401415175,2022,12,regular,2022-11-19 20:00:00,Northern Arizona,Weber State,Big Sky,Big Sky,31,33,False,True,Walkup Skydome
401504200,2022,12,regular,2022-11-19 20:00:00,Linfield,Pomona Pitzer,Northwest,So. Cal.,51,24,False,False,Maxwell Field
401418643,2022,12,regular,2022-11-19 20:00:00,Eastern Kentucky,Kennesaw State,Atlantic Sun,Atlantic Sun,45,38,False,True,Roy Kidd Stadium
401418801,2022,12,regular,2022-11-19 20:00:00,Tarleton State,Houston Christian,Western Athletic,Southland,49,7,False,False,"Memorial Stadium (Stephenville, TX)"
401420845,2022,12,regular,2022-11-19 20:00:00,UT Martin,Eastern Illinois,OVC,OVC,34,31,False,True,Graham Stadium
401421127,2022,12,regular,2022-11-19 20:00:00,East Texas A&M,Tennessee State,Southland,OVC,14,22,False,False,Memorial Stadium (Commerce TX)
401424935,2022,12,regular,2022-11-19 20:00:00,Alcorn State,Jackson State,SWAC,SWAC,13,24,False,True,Jack Spinks Stadium
401403949,2022,12,regular,2022-11-19 20:30:00,Kentucky,Georgia,SEC,SEC,6,16,False,True,Kroger Field
401404116,2022,12,regular,2022-11-19 20:30:00,Kansas,Texas,Big 12,Big 12,14,55,False,True,Memorial Stadium
401418791,2022,12,regular,2022-11-19 20:30:00,Abilene Christian,Stephen F. Austin,Western Athletic,Western Athletic,21,24,False,True,Wildcat Stadium (TX)
401420863,2022,12,regular,2022-11-19 20:30:00,BYU,Utah Tech,FBS Independents,Western Athletic,52,26,False,False,LaVell Edwards Stadium
401420820,2022,12,regular,2022-11-19 20:30:00,North Dakota State,North Dakota,MVFC,MVFC,42,21,False,True,Fargodome
401405144,2022,12,regular,2022-11-19 20:30:00,Maryland,Ohio State,Big Ten,Big Ten,30,43,False,True,SECU Stadium
401411167,2022,12,regular,2022-11-19 20:30:00,Louisville,NC State,ACC,ACC,25,10,False,True,L&N Federal Credit Union Stadium
401405147,2022,12,regular,2022-11-19 20:30:00,Rutgers,Penn State,Big Ten,Big Ten,10,55,False,True,SHI Stadium
401426608,2022,12,regular,2022-11-19 20:30:00,Charlotte,Louisiana Tech,Conference USA,Conference USA,26,21,False,True,Jerry Richardson Stadium
401426381,2022,12,regular,2022-11-19 20:30:00,Troy,UL Monroe,Sun Belt,Sun Belt,34,16,False,True,Veterans Memorial Stadium (AL)
401426379,2022,12,regular,2022-11-19 20:30:00,Southern Miss,South Alabama,Sun Belt,Sun Belt,20,27,False,True,M. M. Roberts Stadium
401411165,2022,12,regular,2022-11-19 20:30:00,Clemson,Miami,ACC,ACC,40,10,False,True,"Memorial Stadium (Clemson, SC)"
401426610,2022,12,regular,2022-11-19 20:30:00,Middle Tennessee,Florida Atlantic,Conference USA,Conference USA,49,21,False,True,"Johnny ""Red"" Floyd Stadium"
401415663,2022,12,regular,2022-11-19 21:00:00,Temple,Cincinnati,American Athletic,American Athletic,3,23,False,True,Lincoln Financial Field
401426613,2022,12,regular,2022-11-19 21:00:00,Auburn,Western Kentucky,SEC,Conference USA,41,17,False,False,Jordan-Hare Stadium
401405141,2022,12,regular,2022-11-19 21:00:00,Minnesota,Iowa,Big Ten,Big Ten,10,13,False,True,Huntington Bank Stadium
401426609,2022,12,regular,2022-11-19 21:00:00,UTEP,Florida International,Conference USA,Conference USA,40,6,False,True,Sun Bowl
401413243,2022,12,regular,2022-11-19 21:00:00,Eastern Washington,Northern Colorado,Big Sky,Big Sky,45,21,False,True,Roos Field
401415185,2022,12,regular,2022-11-19 22:00:00,Sacramento State,UC Davis,Big Sky,Big Sky,27,21,False,True,Hornet Stadium
401413223,2022,12,regular,2022-11-19 22:00:00,Central Arkansas,Jacksonville State,Atlantic Sun,Atlantic Sun,17,40,False,True,Estes Stadium
401426380,2022,12,regular,2022-11-19 22:00:00,Texas State,Arkansas State,Sun Belt,Sun Belt,16,13,False,True,Bobcat Stadium (TX)
401411168,2022,12,regular,2022-11-19 22:30:00,North Carolina,Georgia Tech,ACC,ACC,17,21,False,True,Kenan Stadium
401404041,2022,12,regular,2022-11-19 22:30:00,California,Stanford,Pac-12,Pac-12,27,20,False,True,California Memorial Stadium
401426377,2022,12,regular,2022-11-19 23:00:00,Georgia Southern,Marshall,Sun Belt,Sun Belt,10,23,False,True,Allen E. Paulson Stadium
401403953,2022,12,regular,2022-11-20 00:00:00,South Carolina,Tennessee,SEC,SEC,63,38,False,True,Williams-Brice Stadium
401415261,2022,12,regular,2022-11-20 00:00:00,Wyoming,Boise State,Mountain West,Mountain West,17,20,False,True,War Memorial Stadium
401404115,2022,12,regular,2022-11-20 00:00:00,Iowa State,Texas Tech,Big 12,Big 12,10,14,False,True,Jack Trice Stadium
401403947,2022,12,regular,2022-11-20 00:30:00,Arkansas,Ole Miss,SEC,SEC,42,27,False,True,Razorback Stadium
401404118,2022,12,regular,2022-11-20 00:30:00,Oklahoma,Oklahoma State,Big 12,Big 12,28,13,False,True,"Memorial Stadium (Norman, OK)"
401403952,2022,12,regular,2022-11-20 00:30:00,Missouri,New Mexico State,SEC,FBS Independents,45,14,False,False,Memorial Stadium
401404044,2022,12,regular,2022-11-20 01:00:00,UCLA,USC,Pac-12,Pac-12,45,48,False,True,Rose Bowl
401420868,2022,12,regular,2022-11-20 01:00:00,McNeese,Lamar,Southland,Southland,24,20,False,True,Cowboy Stadium
401411171,2022,12,regular,2022-11-20 01:00:00,Wake Forest,Syracuse,ACC,ACC,45,35,False,True,Allegacy Federal Credit Union Stadium
401413234,2022,12,regular,2022-11-20 01:00:00,Cal Poly,Portland State,Big Sky,Big Sky,49,42,False,True,Alex G. Spanos Stadium
401415262,2022,12,regular,2022-11-20 02:00:00,Air Force,Colorado State,Mountain West,Mountain West,24,12,False,True,Falcon Stadium
401426612,2022,12,regular,2022-11-20 02:00:00,LSU,UAB,SEC,Conference USA,41,10,False,False,Tiger Stadium (LA)
401404042,2022,12,regular,2022-11-20 02:00:00,Washington,Colorado,Pac-12,Pac-12,54,7,False,True,Husky Stadium
401415265,2022,12,regular,2022-11-20 02:45:00,Utah State,San José State,Mountain West,Mountain West,35,31,False,True,Maverik Stadium
401415263,2022,12,regular,2022-11-20 03:30:00,Nevada,Fresno State,Mountain West,Mountain West,14,41,False,True,Mackay Stadium
401404043,2022,12,regular,2022-11-20 03:30:00,Oregon,Utah,Pac-12,Pac-12,20,17,False,True,Autzen Stadium
401415266,2022,12,regular,2022-11-20 04:00:00,Hawai'i,UNLV,Mountain West,Mountain West,31,25,False,True,Clarence T.C. Ching Athletics Complex
401416649,2022,13,regular,2022-11-23 00:00:00,Ohio,Bowling Green,Mid-American,Mid-American,38,14,False,True,Peden Stadium
401416648,2022,13,regular,2022-11-23 00:00:00,Miami (OH),Ball State,Mid-American,Mid-American,18,17,False,True,Yager Stadium
401423456,2022,13,regular,2022-11-24 20:00:00,Alabama State,Arkansas-Pine Bluff,SWAC,SWAC,14,19,False,True,Hornet Stadium
401403956,2022,13,regular,2022-11-25 00:00:00,Ole Miss,Mississippi State,SEC,SEC,22,24,False,True,Vaught-Hemingway Stadium
401415269,2022,13,regular,2022-11-25 17:00:00,Boise State,Utah State,Mountain West,Mountain West,42,23,False,True,Albertsons Stadium
401416650,2022,13,regular,2022-11-25 17:00:00,Eastern Michigan,Central Michigan,Mid-American,Mid-American,38,19,False,True,Rynearson Stadium
401415665,2022,13,regular,2022-11-25 17:00:00,Cincinnati,Tulane,American Athletic,American Athletic,24,27,False,True,Nippert Stadium
401404119,2022,13,regular,2022-11-25 17:00:00,Texas,Baylor,Big 12,Big 12,38,27,False,True,DKR-Texas Memorial Stadium
401416651,2022,13,regular,2022-11-25 17:00:00,Western Michigan,Toledo,Mid-American,Mid-American,20,14,False,True,Waldo Stadium
401404045,2022,13,regular,2022-11-25 20:00:00,Arizona,Arizona State,Pac-12,Pac-12,38,35,False,True,Arizona Stadium
401411172,2022,13,regular,2022-11-25 20:30:00,North Carolina,NC State,ACC,ACC,27,30,False,True,Kenan Stadium
401403961,2022,13,regular,2022-11-25 20:30:00,Missouri,Arkansas,SEC,SEC,29,27,False,True,Memorial Stadium
401415268,2022,13,regular,2022-11-25 20:30:00,Colorado State,New Mexico,Mountain West,Mountain West,17,0,False,True,Canvas Stadium
401405148,2022,13,regular,2022-11-25 21:00:00,Iowa,Nebraska,Big Ten,Big Ten,17,24,False,True,Kinnick Stadium
401404046,2022,13,regular,2022-11-25 21:30:00,California,UCLA,Pac-12,Pac-12,28,35,False,True,California Memorial Stadium
401403958,2022,13,regular,2022-11-26 00:30:00,Florida State,Florida,ACC,SEC,45,38,False,False,Doak Campbell Stadium
401415270,2022,13,regular,2022-11-26 03:00:00,Fresno State,Wyoming,Mountain West,Mountain West,30,0,False,True,Valley Children's Stadium
401404123,2022,13,regular,2022-11-26 17:00:00,Oklahoma State,West Virginia,Big 12,Big 12,19,24,False,True,Boone Pickens Stadium
401505356,2022,13,regular,2022-11-26 17:00:00,Saint John's (MN),Wartburg,Minnesota,American Rivers,20,23,False,False,Clemens Stadium
401505358,2022,13,regular,2022-11-26 17:00:00,Mount Union,Utica,Ohio,Empire 8,45,7,False,False,Mount Union Stadium
401505357,2022,13,regular,2022-11-26 17:00:00,Delaware Valley,Randolph Macon,Mid Atlantic,Old Dominion,39,32,False,False,Robert A. Lipinski Field at James Work Memorial Stadium
401505355,2022,13,regular,2022-11-26 17:00:00,Alma,Aurora,Michigan,NACC,26,48,False,False,Bahlke Field
401505352,2022,13,regular,2022-11-26 17:00:00,Ithaca,Springfield,Liberty League,NEWMAC,31,20,False,False,Butterfield Stadium
401404144,2022,13,regular,2022-11-26 17:00:00,Massachusetts,Army,FBS Independents,FBS Independents,7,44,False,True,Warren McGuirk Alumni Stadium
401505350,2022,13,regular,2022-11-26 17:00:00,Shepherd,Slippery Rock,Pennsylvania State Athletic,Pennsylvania State Athletic,37,27,False,True,Ram Stadium (WV)
401403959,2022,13,regular,2022-11-26 17:00:00,Georgia,Georgia Tech,SEC,ACC,37,14,False,False,Sanford Stadium
401505436,2022,13,regular,2022-11-26 17:00:00,Furman,Elon,Southern,CAA,31,6,False,False,Paladin Stadium
401404166,2022,13,regular,2022-11-26 17:00:00,Liberty,New Mexico State,FBS Independents,FBS Independents,14,49,False,True,Williams Stadium (VA)
401403962,2022,13,regular,2022-11-26 17:00:00,Clemson,South Carolina,ACC,SEC,30,31,False,False,"Memorial Stadium (Clemson, SC)"
401426390,2022,13,regular,2022-11-26 17:00:00,Marshall,Georgia State,Sun Belt,Sun Belt,28,23,False,True,Joan C. Edwards Stadium
401426383,2022,13,regular,2022-11-26 17:00:00,James Madison,Coastal Carolina,Sun Belt,Sun Belt,47,7,False,True,Bridgeforth Stadium
401426389,2022,13,regular,2022-11-26 17:00:00,South Alabama,Old Dominion,Sun Belt,Sun Belt,27,20,False,True,Hancock Whitney Stadium
401426615,2022,13,regular,2022-11-26 17:00:00,Florida Atlantic,Western Kentucky,Conference USA,Conference USA,31,32,False,True,FAU Stadium
401405153,2022,13,regular,2022-11-26 17:00:00,Ohio State,Michigan,Big Ten,Big Ten,23,45,False,True,Ohio Stadium
401405152,2022,13,regular,2022-11-26 17:00:00,Maryland,Rutgers,Big Ten,Big Ten,37,0,False,True,SECU Stadium
401415664,2022,13,regular,2022-11-26 18:00:00,Temple,East Carolina,American Athletic,American Athletic,46,49,False,True,Lincoln Financial Field
401505360,2022,13,regular,2022-11-26 18:00:00,Grand Valley State,Northwest Missouri State,GLIAC,Mid America,13,8,False,False,Lubbers Stadium
401416653,2022,13,regular,2022-11-26 18:00:00,Buffalo,Kent State,Mid-American,Mid-American,27,30,False,True,UB Stadium
401505351,2022,13,regular,2022-11-26 18:00:00,North Central College,Carnegie Mellon,CCIW,Presidents',28,7,False,False,Benedetti-Wehrli Stadium
401505359,2022,13,regular,2022-11-26 18:00:00,IU Pennsylvania,Ashland,Pennsylvania State Athletic,Great Midwest Athletic,19,13,False,False,George P. Miller Stadium
401505353,2022,13,regular,2022-11-26 18:00:00,Trinity (TX),Mary Hardin Baylor,Southern Athletic,American Southwest,17,24,False,False,Trinity University Stadium
401505354,2022,13,regular,2022-11-26 18:00:00,Benedict,Wingate,SIAC,South Atlantic,6,23,False,False,Charlie W. Johnson Stadium
401505361,2022,13,regular,2022-11-26 18:00:00,Ferris State,Pittsburg State,GLIAC,Mid America,17,14,False,False,Top Taggart Field
401416652,2022,13,regular,2022-11-26 18:30:00,Northern Illinois,Akron,Mid-American,Mid-American,12,44,False,True,Huskie Stadium
401505362,2022,13,regular,2022-11-26 19:00:00,Angelo State,Bemidji State,Lone Star,Northern Sun,33,7,False,False,LeGrand Stadium at 1st Community Credit Union Field
401505437,2022,13,regular,2022-11-26 19:00:00,Richmond,Davidson,CAA,Pioneer,41,0,False,False,E. Claiborne Robins Stadium
401505430,2022,13,regular,2022-11-26 19:00:00,Delaware,Saint Francis,CAA,NEC,56,17,False,False,Delaware Stadium
401505431,2022,13,regular,2022-11-26 19:00:00,New Hampshire,Fordham,CAA,Patriot,52,42,False,False,Wildcat Stadium
401426617,2022,13,regular,2022-11-26 19:00:00,North Texas,Rice,Conference USA,Conference USA,21,17,False,True,DATCU Stadium
401505364,2022,13,regular,2022-11-26 19:00:00,Colorado School of Mines,Minnesota State,Rocky Mountain,Northern Sun,48,45,False,False,Marv Kay Stadium at Campbell Field
401423953,2022,13,regular,2022-11-26 19:00:00,Southern,Grambling,SWAC,SWAC,34,17,True,True,Caesars Superdome
401505363,2022,13,regular,2022-11-26 19:30:00,Delta State,West Florida,Gulf South,Gulf South,27,38,False,True,Parker Field at McCool Stadium
401403960,2022,13,regular,2022-11-26 20:00:00,Kentucky,Louisville,SEC,ACC,26,13,False,False,Kroger Field
401505390,2022,13,regular,2022-11-26 20:00:00,Linfield,Bethel (MN),Northwest,Minnesota,13,30,False,False,Maxwell Field
401426618,2022,13,regular,2022-11-26 20:30:00,UTSA,UTEP,Conference USA,Conference USA,34,31,False,True,Alamodome
401415271,2022,13,regular,2022-11-26 20:30:00,San José State,Hawai'i,Mountain West,Mountain West,27,14,False,True,CEFCU Stadium
401411174,2022,13,regular,2022-11-26 20:30:00,Duke,Wake Forest,ACC,ACC,34,31,False,True,Wallace Wade Stadium
401405149,2022,13,regular,2022-11-26 20:30:00,Northwestern,Illinois,Big Ten,Big Ten,3,41,False,True,Ryan Field
401405151,2022,13,regular,2022-11-26 20:30:00,Indiana,Purdue,Big Ten,Big Ten,16,30,False,True,"Memorial Stadium (Bloomington, IN)"
401415666,2022,13,regular,2022-11-26 20:30:00,SMU,Memphis,American Athletic,American Athletic,34,31,False,True,Gerald J. Ford Stadium
401426616,2022,13,regular,2022-11-26 20:30:00,Louisiana Tech,UAB,Conference USA,Conference USA,27,37,False,True,Joe Aillet Stadium
401404047,2022,13,regular,2022-11-26 20:30:00,Oregon State,Oregon,Pac-12,Pac-12,38,34,False,True,Reser Stadium
401426384,2022,13,regular,2022-11-26 20:30:00,Arkansas State,Troy,Sun Belt,Sun Belt,19,48,False,True,Centennial Bank Stadium
401403957,2022,13,regular,2022-11-26 20:30:00,Alabama,Auburn,SEC,SEC,49,27,False,True,Bryant-Denny Stadium
401405150,2022,13,regular,2022-11-26 20:30:00,Wisconsin,Minnesota,Big Ten,Big Ten,16,23,False,True,Camp Randall Stadium
401404120,2022,13,regular,2022-11-26 21:00:00,TCU,Iowa State,Big 12,Big 12,62,14,False,True,Amon G. Carter Stadium
401505433,2022,13,regular,2022-11-26 21:00:00,Weber State,North Dakota,Big Sky,MVFC,38,31,False,False,Stewart Stadium
401404048,2022,13,regular,2022-11-26 21:00:00,Colorado,Utah,Pac-12,Pac-12,21,63,False,True,Folsom Field
401405154,2022,13,regular,2022-11-26 21:00:00,Penn State,Michigan State,Big Ten,Big Ten,35,16,False,True,Beaver Stadium
401505432,2022,13,regular,2022-11-26 22:00:00,Eastern Kentucky,Gardner-Webb,Atlantic Sun,Big South,41,52,False,False,Roy Kidd Stadium
401426385,2022,13,regular,2022-11-26 22:00:00,UL Monroe,Southern Miss,Sun Belt,Sun Belt,10,20,False,True,Malone Stadium
401426386,2022,13,regular,2022-11-26 22:00:00,Texas State,Louisiana,Sun Belt,Sun Belt,13,41,False,True,Bobcat Stadium (TX)
401426614,2022,13,regular,2022-11-26 23:00:00,Florida International,Middle Tennessee,Conference USA,Conference USA,28,33,False,True,FIU Stadium
401426382,2022,13,regular,2022-11-26 23:00:00,Georgia Southern,App State,Sun Belt,Sun Belt,51,48,False,True,Allen E. Paulson Stadium
401415272,2022,13,regular,2022-11-26 23:00:00,UNLV,Nevada,Mountain West,Mountain West,27,22,False,True,Allegiant Stadium
401415667,2022,13,regular,2022-11-27 00:00:00,South Florida,UCF,American Athletic,American Athletic,39,46,False,True,Raymond James Stadium
401403963,2022,13,regular,2022-11-27 00:00:00,Texas A&M,LSU,SEC,SEC,38,23,False,True,Kyle Field
401505435,2022,13,regular,2022-11-27 00:00:00,SE Louisiana,Idaho,Southland,Big Sky,45,42,False,False,Strawberry Stadium
401411173,2022,13,regular,2022-11-27 00:30:00,Boston College,Syracuse,ACC,ACC,23,32,False,True,"Alumni Stadium (Chestnut Hill, MA)"
401404122,2022,13,regular,2022-11-27 00:30:00,Texas Tech,Oklahoma,Big 12,Big 12,51,48,False,True,Jones AT&T Stadium
401415668,2022,13,regular,2022-11-27 00:30:00,Houston,Tulsa,American Athletic,American Athletic,30,37,False,True,TDECU Stadium
401403964,2022,13,regular,2022-11-27 00:30:00,Vanderbilt,Tennessee,SEC,SEC,0,56,False,True,FirstBank Stadium
401404133,2022,13,regular,2022-11-27 00:30:00,USC,Notre Dame,Pac-12,FBS Independents,38,27,False,False,Los Angeles Memorial Coliseum
401404121,2022,13,regular,2022-11-27 01:00:00,Kansas State,Kansas,Big 12,Big 12,47,27,False,True,Bill Snyder Family Stadium
401411175,2022,13,regular,2022-11-27 01:00:00,Miami,Pittsburgh,ACC,ACC,16,42,False,True,Hard Rock Stadium
401415267,2022,13,regular,2022-11-27 02:00:00,San Diego State,Air Force,Mountain West,Mountain West,3,13,False,True,Snapdragon Stadium
401505434,2022,13,regular,2022-11-27 03:00:00,Montana,Southeast Missouri State,Big Sky,OVC,34,24,False,False,Washington-Grizzly Stadium
401404051,2022,13,regular,2022-11-27 03:30:00,Washington State,Washington,Pac-12,Pac-12,33,51,False,True,Gesa Field
401404049,2022,13,regular,2022-11-27 04:00:00,Stanford,BYU,Pac-12,FBS Independents,26,35,False,False,Stanford Stadium
401506450,2022,14,regular,2022-12-02 18:00:00,Buffalo,Akron,Mid-American,Mid-American,23,22,False,True,UB Stadium
401437032,2022,14,regular,2022-12-03 00:30:00,UTSA,North Texas,Conference USA,Conference USA,48,27,False,True,Alamodome
401437035,2022,14,regular,2022-12-03 01:00:00,USC,Utah,Pac-12,Pac-12,24,47,True,True,Allegiant Stadium
401506610,2022,14,regular,2022-12-03 17:00:00,Holy Cross,New Hampshire,Patriot,CAA,35,19,False,False,Fitton Field
401437033,2022,14,regular,2022-12-03 17:00:00,Ohio,Toledo,Mid-American,Mid-American,7,17,True,True,Ford Field
401506576,2022,14,regular,2022-12-03 17:00:00,Mount Union,Delaware Valley,Ohio,Mid Atlantic,22,6,False,False,Mount Union Stadium
401437030,2022,14,regular,2022-12-03 17:00:00,TCU,Kansas State,Big 12,Big 12,28,31,True,True,AT&T Stadium
401506572,2022,14,regular,2022-12-03 18:00:00,IU Pennsylvania,Shepherd,Pennsylvania State Athletic,Pennsylvania State Athletic,13,48,False,True,George P. Miller Stadium
401506575,2022,14,regular,2022-12-03 18:00:00,North Central College,Ithaca,CCIW,Liberty League,48,7,False,False,Benedetti-Wehrli Stadium
401506612,2022,14,regular,2022-12-03 18:00:00,West Florida,Wingate,Gulf South,South Atlantic,45,14,True,False,Blue Wahoos Stadium
401506574,2022,14,regular,2022-12-03 18:00:00,Wartburg,Aurora,American Rivers,NACC,45,17,False,False,Walston-Hoover Stadium
401506573,2022,14,regular,2022-12-03 18:00:00,Grand Valley State,Ferris State,GLIAC,GLIAC,21,24,False,True,Lubbers Stadium
401506613,2022,14,regular,2022-12-03 18:00:00,Mary Hardin Baylor,Bethel (MN),American Southwest,Minnesota,41,28,False,False,Crusader Stadium
401506630,2022,14,regular,2022-12-03 19:00:00,William & Mary,Gardner-Webb,CAA,Big South,54,14,False,False,Zable Stadium
401506571,2022,14,regular,2022-12-03 19:00:00,Incarnate Word,Furman,Southland,Southern,41,38,False,False,Gayle and Tom Benson Stadium
401506579,2022,14,regular,2022-12-03 19:00:00,Angelo State,Colorado School of Mines,Lone Star,Rocky Mountain,24,42,False,False,LeGrand Stadium at 1st Community Credit Union Field
401507088,2022,14,regular,2022-12-03 20:00:00,New Mexico State,Valparaiso,FBS Independents,Pioneer,65,3,False,False,Aggie Memorial Stadium
401506655,2022,14,regular,2022-12-03 20:00:00,Samford,SE Louisiana,Southern,Southland,48,42,False,False,Seibert Stadium
401506611,2022,14,regular,2022-12-03 20:00:00,Montana State,Weber State,Big Sky,Big Sky,33,25,False,True,Bobcat Stadium
401506578,2022,14,regular,2022-12-03 20:00:00,South Dakota State,Delaware,MVFC,CAA,42,6,False,False,Dana J. Dykhouse Stadium
401437037,2022,14,regular,2022-12-03 20:30:00,Troy,Coastal Carolina,Sun Belt,Sun Belt,45,26,False,True,Veterans Memorial Stadium (AL)
401506690,2022,14,regular,2022-12-03 20:30:00,North Dakota State,Montana,MVFC,Big Sky,49,26,False,False,Fargodome
401437034,2022,14,regular,2022-12-03 21:00:00,Boise State,Fresno State,Mountain West,Mountain West,16,28,False,True,Albertsons Stadium
401437132,2022,14,regular,2022-12-03 21:00:00,Jackson State,Southern,SWAC,SWAC,43,24,False,True,Mississippi Veterans Memorial Stadium
401437008,2022,14,regular,2022-12-03 21:00:00,Tulane,UCF,American Athletic,American Athletic,45,28,False,True,Yulman Stadium
401437036,2022,14,regular,2022-12-03 21:00:00,Georgia,LSU,SEC,SEC,50,30,True,True,Mercedes-Benz Stadium
401506577,2022,14,regular,2022-12-03 22:00:00,Sacramento State,Richmond,Big Sky,CAA,38,31,False,False,Hornet Stadium
401437031,2022,14,regular,2022-12-04 01:00:00,Michigan,Purdue,Big Ten,Big Ten,43,22,True,True,Lucas Oil Stadium
401437009,2022,14,regular,2022-12-04 01:00:00,North Carolina,Clemson,ACC,ACC,10,39,True,True,Bank of America Stadium
401507650,2022,15,regular,2022-12-10 00:00:00,North Dakota State,Samford,MVFC,Southern,24,3,False,False,Fargodome
401507670,2022,15,regular,2022-12-10 03:15:00,Montana State,William & Mary,Big Sky,CAA,55,0,False,False,Bobcat Stadium
401507652,2022,15,regular,2022-12-10 03:30:00,Sacramento State,Incarnate Word,Big Sky,Southland,63,66,False,False,Hornet Stadium
401507651,2022,15,regular,2022-12-10 17:00:00,South Dakota State,Holy Cross,MVFC,Patriot,41,21,False,False,Dana J. Dykhouse Stadium
401507610,2022,15,regular,2022-12-10 17:00:00,Ferris State,West Florida,GLIAC,Gulf South,38,17,False,False,Top Taggart Field
401507552,2022,15,regular,2022-12-10 17:00:00,Mount Union,Wartburg,Ohio,American Rivers,34,31,False,False,Mount Union Stadium
401404145,2022,15,regular,2022-12-10 20:00:00,Army,Navy,FBS Independents,American Athletic,20,17,True,False,Lincoln Financial Field
401507611,2022,15,regular,2022-12-10 20:30:00,Colorado School of Mines,Shepherd,Rocky Mountain,Pennsylvania State Athletic,44,13,False,False,Marv Kay Stadium at Campbell Field
401507553,2022,15,regular,2022-12-10 20:30:00,North Central College,Mary Hardin Baylor,CCIW,American Southwest,49,14,False,False,Benedetti-Wehrli Stadium
