id,season,week,season_type,start_date,home_team,away_team,home_conference,away_conference,home_points,away_points,neutral_site,conference_game,venue
401693677,2024,1,regular,2024-08-24 04:00:00,Lincoln (CA),College of Idaho,Independent DII,,7.0,45.0,True,False,
401635525,2024,1,regular,2024-08-24 16:00:00,Georgia Tech,Florida State,ACC,ACC,24.0,21.0,True,True,Aviva Stadium
401654665,2024,1,regular,2024-08-24 19:30:00,Tarleton State,McNeese,UAC,Southland,26.0,23.0,False,False,"Memorial Stadium (Stephenville, TX)"
401643697,2024,1,regular,2024-08-24 20:00:00,New Mexico,Montana State,Mountain West,Big Sky,31.0,35.0,False,False,University Stadium (NM)
401654662,2024,1,regular,2024-08-24 23:00:00,Southeast Missouri State,North Alabama,Big South-OVC,UAC,37.0,15.0,True,False,Cramton Bowl
401636372,2024,1,regular,2024-08-24 23:30:00,Norfolk State,Florida A&M,MEAC,SWAC,23.0,24.0,True,False,Center Parc Stadium
401643696,2024,1,regular,2024-08-25 00:00:00,Nevada,SMU,Mountain West,ACC,24.0,29.0,False,False,Mackay Stadium
401643858,2024,1,regular,2024-08-25 03:59:00,Hawai'i,Delaware State,Mountain West,MEAC,35.0,14.0,False,False,Clarence T.C. Ching Athletics Complex
401675545,2024,1,regular,2024-08-29 04:00:00,Sul Ross State,West Texas,Lone Star,Lone Star,21.0,42.0,False,True,Jackson Field
401628580,2024,1,regular,2024-08-29 22:00:00,Villanova,Youngstown State,Coastal Athletic,MVFC,24.0,17.0,False,False,Villanova Stadium
401673041,2024,1,regular,2024-08-29 22:00:00,Morehead State,Central State,Pioneer,SIAC,17.0,10.0,False,False,Jayne Stadium
401673370,2024,1,regular,2024-08-29 22:00:00,Carson Newman,Reinhardt,South Atlantic,,50.0,7.0,False,False,Burke-Tarr Stadium
401674318,2024,1,regular,2024-08-29 22:00:00,Northern Michigan,Minnesota Duluth,GLIAC,Northern Sun,7.0,35.0,False,False,Superior Dome
401628458,2024,1,regular,2024-08-29 22:00:00,Rutgers,Howard,Big Ten,MEAC,44.0,7.0,False,False,SHI Stadium
401674274,2024,1,regular,2024-08-29 23:00:00,Fairmont State,Seton Hill,Mountain East,Pennsylvania State Athletic,56.0,24.0,False,False,Duvall-Rosier Field
401674363,2024,1,regular,2024-08-29 23:00:00,Edinboro,East Stroudsburg,Pennsylvania State Athletic,Pennsylvania State Athletic,12.0,24.0,False,True,Sox Harrison Stadium
401674174,2024,1,regular,2024-08-29 23:00:00,Northeastern State,Missouri Western,Independent DII,Mid America,31.0,33.0,False,False,Gable Field at Doc Wadley Stadium
401644729,2024,1,regular,2024-08-29 23:00:00,Bowling Green,Fordham,Mid-American,Patriot,41.0,17.0,False,False,Doyt L. Perry Stadium
401674525,2024,1,regular,2024-08-29 23:00:00,Wayne State (NE),Missouri S&T,Northern Sun,Great Lakes,49.0,17.0,False,False,"Memorial Stadium (Wayne, NE)"
401675476,2024,1,regular,2024-08-29 23:00:00,Mars Hill,Delta State,South Atlantic,Gulf South,16.0,47.0,False,False,Meares Stadium
401676074,2024,1,regular,2024-08-29 23:00:00,Millersville,Clarion,Pennsylvania State Athletic,Pennsylvania State Athletic,7.0,36.0,False,True,Chryst Field at Biemesderfer Stadium
401628592,2024,1,regular,2024-08-29 23:00:00,William & Mary,VMI,Coastal Athletic,Southern,41.0,7.0,False,False,Zable Stadium
401628579,2024,1,regular,2024-08-29 23:00:00,Delaware,Bryant,CAA,Coastal Athletic,48.0,17.0,False,True,Delaware Stadium
401634143,2024,1,regular,2024-08-29 23:00:00,Mercer,Presbyterian,Southern,Pioneer,63.0,10.0,False,False,Five Star Stadium at the Moye Complex
401644730,2024,1,regular,2024-08-29 23:00:00,Central Michigan,Central Connecticut,Mid-American,NEC,66.0,10.0,False,False,Kelly/Shorts Stadium
401644727,2024,1,regular,2024-08-29 23:00:00,Buffalo,Lafayette,Mid-American,Patriot,30.0,13.0,False,False,UB Stadium
401636387,2024,1,regular,2024-08-29 23:00:00,UL Monroe,Jackson State,Sun Belt,SWAC,30.0,14.0,False,False,Malone Stadium
401628582,2024,1,regular,2024-08-29 23:00:00,UCF,New Hampshire,Big 12,Coastal Athletic,57.0,3.0,False,False,FBC Mortgage Stadium
401674305,2024,1,regular,2024-08-29 23:00:00,Wheeling,Mercyhurst,Mountain East,NEC,25.0,28.0,False,False,Bishop Schmitt Field
401674184,2024,1,regular,2024-08-29 23:00:00,Northwest Missouri State,Minnesota State,Mid America,Northern Sun,22.0,36.0,False,False,Bearcat Stadium
401674221,2024,1,regular,2024-08-29 23:00:00,Minot State,Valley City State,Northern Sun,,38.0,7.0,False,False,Herb Parker Stadium
401674307,2024,1,regular,2024-08-29 23:00:00,Bemidji State,Michigan Tech,Northern Sun,GLIAC,19.0,13.0,False,False,Chet Anderson Stadium
401634152,2024,1,regular,2024-08-29 23:00:00,Gardner-Webb,Wofford,Big South-OVC,Southern,20.0,21.0,False,False,Ernest W. Spangler Stadium
401628581,2024,1,regular,2024-08-29 23:00:00,Wake Forest,North Carolina A&T,ACC,Coastal Athletic,45.0,13.0,False,False,Allegacy Federal Credit Union Stadium
401634299,2024,1,regular,2024-08-29 23:00:00,NC State,Western Carolina,ACC,Southern,38.0,21.0,False,False,Carter-Finley Stadium
401674295,2024,1,regular,2024-08-29 23:00:00,West Liberty,Walsh,Mountain East,Great Midwest Athletic,21.0,41.0,False,False,West Family Stadium
401675822,2024,1,regular,2024-08-29 23:00:00,University of Mary,Jamestown,Northern Sun,,23.0,6.0,False,False,MDU Resources Community Bowl
401644728,2024,1,regular,2024-08-29 23:30:00,Toledo,Duquesne,Mid-American,NEC,49.0,10.0,False,False,Glass Bowl
401628320,2024,1,regular,2024-08-29 23:30:00,Arkansas,Arkansas-Pine Bluff,SEC,SWAC,70.0,0.0,True,False,War Memorial Stadium (AR)
401655664,2024,1,regular,2024-08-29 23:30:00,Drake,Quincy,Pioneer,Great Lakes,0.0,0.0,False,False,Drake Stadium
401673254,2024,1,regular,2024-08-30 00:00:00,South Dakota Mines,CSU Pueblo,Rocky Mountain,Rocky Mountain,6.0,35.0,False,True,O'Harra Stadium
401628327,2024,1,regular,2024-08-30 00:00:00,Missouri,Murray State,SEC,MVFC,51.0,0.0,False,False,Memorial Stadium
401628448,2024,1,regular,2024-08-30 00:00:00,Minnesota,North Carolina,Big Ten,ACC,17.0,19.0,False,False,Huntington Bank Stadium
401634206,2024,1,regular,2024-08-30 00:00:00,Colorado,North Dakota State,Big 12,MVFC,31.0,26.0,False,False,Folsom Field
401654562,2024,1,regular,2024-08-30 00:00:00,South Dakota,Northern State,MVFC,Northern Sun,45.0,3.0,False,False,DakotaDome
401673282,2024,1,regular,2024-08-30 00:00:00,Chadron State,Nebraska Kearney,Rocky Mountain,Mid America,6.0,18.0,False,False,Elliott Field at Don Beebe Stadium
401675114,2024,1,regular,2024-08-30 00:00:00,Stephen F. Austin,North American,Southland,,77.0,0.0,False,False,Homer Bryce Stadium
401674150,2024,1,regular,2024-08-30 00:00:00,Emporia State,Washburn,Mid America,Mid America,30.0,14.0,False,True,Francis G. Welch Stadium
401675538,2024,1,regular,2024-08-30 00:00:00,Midwestern State,Missouri Southern State,Lone Star,Mid America,18.0,11.0,False,False,"Memorial Stadium (Wichita Falls, TX)"
401655860,2024,1,regular,2024-08-30 00:00:00,St. Thomas (MN),Sioux Falls,Pioneer,Northern Sun,13.0,34.0,False,False,O'Shaughnessy Stadium
401645318,2024,1,regular,2024-08-30 00:00:00,Tulsa,Northwestern State,American Athletic,Southland,62.0,28.0,False,False,Chapman Stadium
401645316,2024,1,regular,2024-08-30 00:00:00,UAB,Alcorn State,American Athletic,SWAC,41.0,3.0,False,False,Protective Stadium
401640998,2024,1,regular,2024-08-30 00:00:00,Jacksonville State,Coastal Carolina,Conference USA,Sun Belt,27.0,55.0,False,False,AmFirst Stadium
401674159,2024,1,regular,2024-08-30 00:00:00,Fort Hays,Angelo State,Mid America,Lone Star,21.0,7.0,False,False,Lewis Field Stadium
401673279,2024,1,regular,2024-08-30 00:00:00,Texas A&M-Kingsville,Colorado Mesa,Lone Star,Rocky Mountain,13.0,16.0,False,False,Javelina Stadium
401673257,2024,1,regular,2024-08-30 00:00:00,New Mexico Highlands,Eastern New Mexico,Rocky Mountain,Lone Star,37.0,63.0,False,False,Sanchez Family Stadium
401636606,2024,1,regular,2024-08-30 00:00:00,Kansas,Lindenwood,Big 12,Big South-OVC,48.0,3.0,True,False,Children's Mercy Park
401645317,2024,1,regular,2024-08-30 00:00:00,Tulane,SE Louisiana,American Athletic,Southland,52.0,0.0,False,False,Yulman Stadium
401654845,2024,1,regular,2024-08-30 01:00:00,Illinois,Eastern Illinois,Big Ten,Big South-OVC,45.0,0.0,False,False,"Memorial Stadium (Champaign, IL)"
401636607,2024,1,regular,2024-08-30 01:00:00,Utah,Southern Utah,Big 12,UAC,49.0,0.0,False,False,Rice-Eccles Stadium
401628583,2024,1,regular,2024-08-30 01:00:00,Eastern Washington,Monmouth,Big Sky,Coastal Athletic,42.0,27.0,False,False,Roos Field
401643698,2024,1,regular,2024-08-30 02:00:00,San José State,Sacramento State,Mountain West,Big Sky,42.0,24.0,False,False,CEFCU Stadium
401645319,2024,1,regular,2024-08-30 22:00:00,Army,Lehigh,American Athletic,Patriot,42.0,7.0,False,False,Michie Stadium
401656600,2024,1,regular,2024-08-30 23:00:00,Maine,Colgate,Coastal Athletic,Patriot,17.0,14.0,False,False,Alfond Stadium
401628328,2024,1,regular,2024-08-30 23:00:00,Oklahoma,Temple,SEC,American Athletic,51.0,3.0,False,False,"Memorial Stadium (Norman, OK)"
401628453,2024,1,regular,2024-08-30 23:00:00,Michigan State,Florida Atlantic,Big Ten,American Athletic,16.0,10.0,False,False,Spartan Stadium
401628584,2024,1,regular,2024-08-30 23:30:00,Duke,Elon,ACC,Coastal Athletic,26.0,3.0,False,False,Wallace Wade Stadium
401628461,2024,1,regular,2024-08-31 01:00:00,Wisconsin,Western Michigan,Big Ten,Mid-American,28.0,14.0,False,False,Camp Randall Stadium
401634300,2024,1,regular,2024-08-31 02:30:00,Stanford,TCU,ACC,Big 12,27.0,34.0,False,False,Stanford Stadium
401643703,2024,1,regular,2024-08-31 04:00:00,Utah State,Robert Morris,Mountain West,NEC,36.0,14.0,False,False,Maverik Stadium
401634169,2024,1,regular,2024-08-31 16:00:00,Purdue,Indiana State,Big Ten,MVFC,49.0,0.0,False,False,Ross-Ade Stadium
401654646,2024,1,regular,2024-08-31 16:00:00,Dayton,Saint Francis,Pioneer,NEC,18.0,10.0,False,False,Welcome Stadium
401628451,2024,1,regular,2024-08-31 16:00:00,Maryland,UConn,Big Ten,FBS Independents,50.0,7.0,False,False,SECU Stadium
401628333,2024,1,regular,2024-08-31 16:00:00,Vanderbilt,Virginia Tech,SEC,ACC,34.0,27.0,False,False,FirstBank Stadium
401632062,2024,1,regular,2024-08-31 16:00:00,Louisville,Austin Peay,ACC,UAC,62.0,0.0,False,False,L&N Federal Credit Union Stadium
401654657,2024,1,regular,2024-08-31 16:00:00,Wagner,Virginia Lynchburg,NEC,,46.0,7.0,False,False,Wagner College Stadium
401634305,2024,1,regular,2024-08-31 16:00:00,Pittsburgh,Kent State,ACC,Mid-American,55.0,24.0,False,False,Acrisure Stadium
401628450,2024,1,regular,2024-08-31 16:00:00,Iowa,Illinois State,Big Ten,MVFC,40.0,0.0,False,False,Kinnick Stadium
401628457,2024,1,regular,2024-08-31 16:00:00,West Virginia,Penn State,Big 12,Big Ten,12.0,34.0,False,False,Milan Puskar Stadium
401628323,2024,1,regular,2024-08-31 16:00:00,Georgia,Clemson,SEC,ACC,34.0,3.0,True,False,Mercedes-Benz Stadium
401645322,2024,1,regular,2024-08-31 16:00:00,Navy,Bucknell,American Athletic,Patriot,49.0,21.0,False,False,Navy-Marine Corps Memorial Stadium
401654641,2024,1,regular,2024-08-31 16:30:00,Georgetown,Davidson,Patriot,Pioneer,46.0,24.0,False,False,Cooper Field
401628330,2024,1,regular,2024-08-31 16:45:00,Tennessee,Chattanooga,SEC,Southern,69.0,3.0,False,False,Neyland Stadium
401677383,2024,1,regular,2024-08-31 17:00:00,Bluefield State,Winston-Salem State,CIAA,CIAA,3.0,34.0,False,True,Mitchell Stadium
401675586,2024,1,regular,2024-08-31 17:00:00,Fort Valley State,Clark Atlanta,SIAC,SIAC,42.0,45.0,False,True,Wildcat Stadium (GA)
401673381,2024,1,regular,2024-08-31 17:00:00,Emory & Henry,Glenville State,South Atlantic,Mountain East,38.0,7.0,False,False,Fred Selfe Stadium at Nicewonder Field
401655657,2024,1,regular,2024-08-31 17:00:00,Butler,Upper Iowa,Pioneer,Great Lakes,40.0,7.0,False,False,Butler Bowl
401674303,2024,1,regular,2024-08-31 17:00:00,Post,West Virginia Wesleyan,Northeast 10,Mountain East,41.0,24.0,True,False,Municipal Stadium
401676691,2024,1,regular,2024-08-31 17:00:00,Shaw,Elizabeth City State,CIAA,CIAA,17.0,13.0,False,True,George Williams Athletic Complex
401634212,2024,1,regular,2024-08-31 18:00:00,Oklahoma State,South Dakota State,Big 12,MVFC,44.0,20.0,False,False,Boone Pickens Stadium
401628591,2024,1,regular,2024-08-31 18:30:00,Cincinnati,Towson,Big 12,Coastal Athletic,38.0,20.0,False,False,Nippert Stadium
401675597,2024,1,regular,2024-08-31 19:00:00,Morehouse,Edward Waters,SIAC,SIAC,11.0,28.0,False,True,B.T. Harvey Stadium
401658348,2024,1,regular,2024-08-31 19:00:00,Erskine,St. Andrews,Gulf South,,52.0,0.0,False,False,J.W. Babb Stadium
401675404,2024,1,regular,2024-08-31 19:00:00,Kentucky State,Virginia Union,SIAC,CIAA,7.0,69.0,False,False,Alumni Stadium (KY)
401637159,2024,1,regular,2024-08-31 19:00:00,Washington State,Portland State,Pac-12,Big Sky,70.0,30.0,False,False,Gesa Field
401644683,2024,1,regular,2024-08-31 19:30:00,Northwestern,Miami (OH),Big Ten,Mid-American,13.0,6.0,True,False,Lanny and Sharon Martin Stadium
401628322,2024,1,regular,2024-08-31 19:30:00,Florida,Miami,SEC,ACC,17.0,41.0,False,False,Ben Hill Griffin Stadium
401628449,2024,1,regular,2024-08-31 19:30:00,Indiana,Florida International,Big Ten,Conference USA,31.0,7.0,False,False,"Memorial Stadium (Bloomington, IN)"
401628454,2024,1,regular,2024-08-31 19:30:00,Nebraska,UTEP,Big Ten,Conference USA,40.0,7.0,False,False,"Memorial Stadium (Lincoln, NE)"
401644731,2024,1,regular,2024-08-31 19:30:00,Northern Illinois,Western Illinois,Mid-American,Big South-OVC,54.0,15.0,False,False,Huskie Stadium
401628331,2024,1,regular,2024-08-31 19:30:00,Texas,Colorado State,SEC,Mountain West,52.0,0.0,False,False,DKR-Texas Memorial Stadium
401634133,2024,1,regular,2024-08-31 19:30:00,App State,East Tennessee State,Sun Belt,Southern,38.0,10.0,False,False,Kidd Brewer Stadium
401643699,2024,1,regular,2024-08-31 19:30:00,Air Force,Merrimack,Mountain West,FCS Independents,21.0,6.0,False,False,Falcon Stadium
401641015,2024,1,regular,2024-08-31 19:30:00,UTSA,Kennesaw State,American Athletic,Conference USA,28.0,16.0,False,False,Alamodome
401629039,2024,1,regular,2024-08-31 19:30:00,Massachusetts,Eastern Michigan,FBS Independents,Mid-American,14.0,28.0,False,False,Warren McGuirk Alumni Stadium
401634197,2024,1,regular,2024-08-31 19:30:00,Iowa State,North Dakota,Big 12,MVFC,21.0,3.0,False,False,Jack Trice Stadium
401634304,2024,1,regular,2024-08-31 19:30:00,Syracuse,Ohio,ACC,Mid-American,38.0,22.0,False,False,JMA Wireless Dome
401628455,2024,1,regular,2024-08-31 19:30:00,Ohio State,Akron,Big Ten,Mid-American,52.0,6.0,False,False,Ohio Stadium
401673264,2024,1,regular,2024-08-31 20:00:00,Fort Lewis,William Jewell,Rocky Mountain,Great Lakes,20.0,35.0,False,False,Ray Dennison Memorial Field
401655628,2024,1,regular,2024-08-31 20:00:00,Northern Arizona,Lincoln (CA),Big Sky,Independent DII,66.0,6.0,False,False,Walkup Skydome
401643700,2024,1,regular,2024-08-31 20:00:00,Georgia Southern,Boise State,Sun Belt,Mountain West,45.0,56.0,False,False,Allen E. Paulson Stadium
401628329,2024,1,regular,2024-08-31 20:15:00,South Carolina,Old Dominion,SEC,Sun Belt,23.0,19.0,False,False,Williams-Brice Stadium
401628590,2024,1,regular,2024-08-31 21:00:00,Marshall,Stony Brook,Sun Belt,Coastal Athletic,45.0,3.0,False,False,Joan C. Edwards Stadium
401634301,2024,1,regular,2024-08-31 21:00:00,California,UC Davis,ACC,Big Sky,31.0,13.0,False,False,California Memorial Stadium
401654582,2024,1,regular,2024-08-31 21:00:00,Northern Iowa,Valparaiso,MVFC,Pioneer,35.0,7.0,False,False,UNI-Dome
401643775,2024,1,regular,2024-08-31 21:00:00,South Alabama,North Texas,Sun Belt,American Athletic,38.0,52.0,False,False,Hancock Whitney Stadium
401654584,2024,1,regular,2024-08-31 22:00:00,Tennessee State,Mississippi Valley State,Big South-OVC,SWAC,41.0,21.0,False,False,Nissan Stadium
401628326,2024,1,regular,2024-08-31 22:00:00,Mississippi State,Eastern Kentucky,SEC,UAC,56.0,7.0,False,False,Davis Wade Stadium
401628589,2024,1,regular,2024-08-31 22:00:00,Virginia,Richmond,ACC,Coastal Athletic,34.0,13.0,False,False,Scott Stadium
401628586,2024,1,regular,2024-08-31 22:00:00,Liberty,Campbell,Conference USA,Coastal Athletic,41.0,24.0,False,False,Williams Stadium (VA)
401654510,2024,1,regular,2024-08-31 22:00:00,Hampton,Morgan State,Coastal Athletic,MEAC,28.0,30.0,False,False,Armstrong Stadium
401674289,2024,1,regular,2024-08-31 22:00:00,UNC Pembroke,Wingate,Mountain East,South Atlantic,12.0,17.0,False,False,Grace P. Johnson Stadium
401645320,2024,1,regular,2024-08-31 22:00:00,East Carolina,Norfolk State,American Athletic,MEAC,42.0,3.0,False,False,Dowdy-Ficklen Stadium
401654844,2024,1,regular,2024-08-31 22:00:00,Charleston Southern,The Citadel,Big South-OVC,Southern,21.0,22.0,False,False,Buccaneer Field
401675804,2024,1,regular,2024-08-31 22:00:00,Livingstone,Charleston (WV),CIAA,Mountain East,7.0,38.0,False,False,Alumni Memorial Stadium (NC)
401673044,2024,1,regular,2024-08-31 22:00:00,Stetson,Ave Maria University,Pioneer,,41.0,3.0,False,False,Spec Martin Municipal Stadium
401632063,2024,1,regular,2024-08-31 22:00:00,West Georgia,Samford,UAC,Southern,38.0,29.0,False,False,University Stadium (GA)
401654497,2024,1,regular,2024-08-31 22:00:00,Sacred Heart,Delaware State,FCS Independents,MEAC,15.0,17.0,False,False,Campus Field
401636373,2024,1,regular,2024-08-31 22:00:00,Florida A&M,South Carolina State,SWAC,MEAC,22.0,18.0,False,False,Bragg Memorial Stadium
401643704,2024,1,regular,2024-08-31 22:30:00,Oregon State,Idaho State,Pac-12,Big Sky,38.0,15.0,False,False,Reser Stadium
401675555,2024,1,regular,2024-08-31 23:00:00,UT Permian Basin,Western New Mexico,Lone Star,Lone Star,41.0,3.0,False,True,Ratliff Stadium
401636610,2024,1,regular,2024-08-31 23:00:00,Baylor,Tarleton State,Big 12,UAC,45.0,3.0,False,False,McLane Stadium
401632064,2024,1,regular,2024-08-31 23:00:00,Arkansas State,Central Arkansas,Sun Belt,UAC,34.0,31.0,False,False,Centennial Bank Stadium
401636611,2024,1,regular,2024-08-31 23:00:00,Houston,UNLV,Big 12,Mountain West,7.0,27.0,False,False,TDECU Stadium
401654565,2024,1,regular,2024-08-31 23:00:00,Prairie View A&M,Texas Southern,SWAC,SWAC,9.0,27.0,False,True,Panther Stadium
401675504,2024,1,regular,2024-08-31 23:00:00,Valdosta State,Albany State,Gulf South,SIAC,42.0,10.0,False,False,Bazemore-Hyder Stadium
401645321,2024,1,regular,2024-08-31 23:00:00,Memphis,North Alabama,American Athletic,UAC,40.0,0.0,False,False,Simmons Bank Liberty Stadium
401628325,2024,1,regular,2024-08-31 23:00:00,Ole Miss,Furman,SEC,Southern,76.0,0.0,False,False,Vaught-Hemingway Stadium
401641039,2024,1,regular,2024-08-31 23:00:00,Rice,Sam Houston,American Athletic,Conference USA,14.0,34.0,False,False,Rice Stadium
401643701,2024,1,regular,2024-08-31 23:00:00,Troy,Nevada,Sun Belt,Mountain West,26.0,28.0,False,False,Veterans Memorial Stadium (AL)
401636363,2024,1,regular,2024-08-31 23:00:00,South Florida,Bethune-Cookman,American Athletic,SWAC,48.0,3.0,False,False,Raymond James Stadium
401641023,2024,1,regular,2024-08-31 23:00:00,Middle Tennessee,Tennessee Tech,Conference USA,Big South-OVC,32.0,25.0,False,False,"Johnny ""Red"" Floyd Stadium"
401628319,2024,1,regular,2024-08-31 23:00:00,Alabama,Western Kentucky,SEC,Conference USA,63.0,0.0,False,False,Bryant-Denny Stadium
401628585,2024,1,regular,2024-08-31 23:00:00,UAlbany,Long Island University,Coastal Athletic,NEC,27.0,21.0,False,False,Bob Ford Field
401628588,2024,1,regular,2024-08-31 23:00:00,Rhode Island,Holy Cross,Coastal Athletic,Patriot,20.0,17.0,False,False,Meade Stadium
401675508,2024,1,regular,2024-08-31 23:00:00,West Alabama,Miles,Gulf South,SIAC,16.0,15.0,False,False,Tiger Stadium (AL)
401636612,2024,1,regular,2024-08-31 23:00:00,Kansas State,UT Martin,Big 12,Big South-OVC,41.0,6.0,False,False,Bill Snyder Family Stadium
401638359,2024,1,regular,2024-08-31 23:00:00,Incarnate Word,Northern Colorado,Southland,Big Sky,28.0,7.0,False,False,Gayle and Tom Benson Stadium
401628332,2024,1,regular,2024-08-31 23:30:00,Texas A&M,Notre Dame,SEC,FBS Independents,13.0,23.0,False,False,Kyle Field
401628456,2024,1,regular,2024-08-31 23:30:00,Oregon,Idaho,Big Ten,Big Sky,24.0,14.0,False,False,Autzen Stadium
401628459,2024,1,regular,2024-08-31 23:30:00,Hawai'i,UCLA,Mountain West,Big Ten,13.0,16.0,False,False,Clarence T.C. Ching Athletics Complex
401628452,2024,1,regular,2024-08-31 23:30:00,Michigan,Fresno State,Big Ten,Mountain West,30.0,10.0,False,False,Michigan Stadium
401636613,2024,1,regular,2024-08-31 23:30:00,Texas Tech,Abilene Christian,Big 12,UAC,52.0,51.0,False,False,Jones AT&T Stadium
401628321,2024,1,regular,2024-08-31 23:30:00,Auburn,Alabama A&M,SEC,SWAC,73.0,3.0,False,False,Jordan-Hare Stadium
401628324,2024,1,regular,2024-08-31 23:45:00,Kentucky,Southern Miss,SEC,Sun Belt,31.0,0.0,False,False,Kroger Field
401674188,2024,1,regular,2024-09-01 00:00:00,Pittsburg State,Ferris State,Mid America,GLIAC,19.0,3.0,False,False,Carnie Smith Stadium
401643776,2024,1,regular,2024-09-01 00:00:00,Texas State,Lamar,Sun Belt,Southland,34.0,27.0,False,False,Bobcat Stadium (TX)
401643702,2024,1,regular,2024-09-01 00:00:00,San Diego State,East Texas A&M,Mountain West,Southland,45.0,14.0,False,False,Snapdragon Stadium
401634240,2024,1,regular,2024-09-01 00:00:00,BYU,Southern Illinois,Big 12,MVFC,41.0,13.0,False,False,LaVell Edwards Stadium
401643774,2024,1,regular,2024-09-01 00:00:00,Charlotte,James Madison,American Athletic,Sun Belt,7.0,30.0,False,False,Jerry Richardson Stadium
401634303,2024,1,regular,2024-09-01 00:00:00,SMU,Houston Christian,ACC,Southland,59.0,7.0,False,False,Gerald J. Ford Stadium
401634302,2024,1,regular,2024-09-01 00:00:00,Georgia Tech,Georgia State,ACC,Sun Belt,35.0,12.0,False,False,Bobby Dodd Stadium
401655621,2024,1,regular,2024-09-01 00:00:00,San Diego,Cal Poly,Pioneer,Big Sky,27.0,21.0,False,False,Torero Stadium
401641007,2024,1,regular,2024-09-01 00:00:00,Louisiana Tech,Nicholls,Conference USA,Southland,25.0,17.0,False,False,Joe Aillet Stadium
401636380,2024,1,regular,2024-09-01 00:00:00,Louisiana,Grambling,Sun Belt,SWAC,40.0,10.0,False,False,Cajun Field
401654557,2024,1,regular,2024-09-01 00:00:00,McNeese,Southern,Southland,SWAC,21.0,7.0,False,False,Cowboy Stadium
401634180,2024,1,regular,2024-09-01 01:00:00,Montana,Missouri State,Big Sky,MVFC,29.0,24.0,False,False,Washington-Grizzly Stadium
401641032,2024,1,regular,2024-09-01 01:00:00,New Mexico State,Southeast Missouri State,Conference USA,Big South-OVC,23.0,16.0,False,False,Aggie Memorial Stadium
401632066,2024,1,regular,2024-09-01 02:00:00,Utah Tech,Montana State,UAC,Big Sky,7.0,31.0,False,False,Greater Zion Stadium
401636608,2024,1,regular,2024-09-01 02:30:00,Arizona,New Mexico,Big 12,Mountain West,61.0,39.0,False,False,Arizona Stadium
401636609,2024,1,regular,2024-09-01 02:30:00,Arizona State,Wyoming,Big 12,Mountain West,48.0,7.0,False,False,Mountain America Stadium
401628460,2024,1,regular,2024-09-01 03:00:00,Washington,Weber State,Big Ten,Big Sky,35.0,3.0,False,False,Husky Stadium
401636343,2024,1,regular,2024-09-01 19:00:00,Alabama State,North Carolina Central,SWAC,MEAC,24.0,31.0,True,False,Hard Rock Stadium
401675386,2024,1,regular,2024-09-01 20:00:00,Virginia State,Benedict,CIAA,SIAC,23.0,7.0,True,False,Tom Benson Hall of Fame Stadium
401675113,2024,1,regular,2024-09-01 23:00:00,Johnson C. Smith,Tuskegee,CIAA,SIAC,21.0,13.0,True,False,Cramton Bowl
401628334,2024,1,regular,2024-09-01 23:30:00,LSU,USC,SEC,Big Ten,20.0,27.0,True,False,Allegiant Stadium
401634306,2024,1,regular,2024-09-02 23:30:00,Florida State,Boston College,ACC,ACC,13.0,28.0,False,True,Doak Campbell Stadium
401675497,2024,2,regular,2024-09-04 23:00:00,Shorter,Mississippi College,Gulf South,Gulf South,29.0,5.0,False,True,Barron Stadium
401674846,2024,2,regular,2024-09-05 21:00:00,Rensselaer,Wisconsin La Crosse,Liberty League,Wisconsin,0.0,35.0,False,False,ECAV Stadium
401673249,2024,2,regular,2024-09-05 22:00:00,Michigan Tech,South Dakota Mines,GLIAC,Rocky Mountain,52.0,50.0,False,False,Sherman Field
401676748,2024,2,regular,2024-09-05 22:00:00,Southern Connecticut State,Shepherd,Northeast 10,Pennsylvania State Athletic,0.0,23.0,False,False,Jess Dow Field
401674338,2024,2,regular,2024-09-05 22:00:00,Bloomsburg,Fairmont State,Pennsylvania State Athletic,Mountain East,35.0,7.0,False,False,Robert B. Redman Stadium
401674578,2024,2,regular,2024-09-05 22:00:00,Tiffin,Wayne State (MI),Great Midwest Athletic,GLIAC,31.0,17.0,False,False,Frost-Kalnow Stadium
401674558,2024,2,regular,2024-09-05 22:00:00,Grand Valley State,Central State,GLIAC,SIAC,58.0,0.0,False,False,Lubbers Stadium
401674300,2024,2,regular,2024-09-05 22:00:00,Barton,West Virginia State,South Atlantic,Mountain East,24.0,27.0,False,False,Electric Supply Company Field
401676075,2024,2,regular,2024-09-05 22:00:00,Clarion,Lincoln (PA),Pennsylvania State Athletic,CIAA,20.0,9.0,False,False,"Memorial Stadium (Clarion, PA)"
401675823,2024,2,regular,2024-09-05 23:00:00,University of Mary,Augustana (SD),Northern Sun,Northern Sun,13.0,35.0,False,True,MDU Resources Community Bowl
401674364,2024,2,regular,2024-09-05 23:00:00,Pace,East Stroudsburg,Northeast 10,Pennsylvania State Athletic,6.0,41.0,False,False,Pace Stadium
401675417,2024,2,regular,2024-09-05 23:00:00,Ashland,IU Pennsylvania,Great Midwest Athletic,Pennsylvania State Athletic,10.0,19.0,False,False,Jack Miller Stadium
401676744,2024,2,regular,2024-09-05 23:00:00,Seton Hill,Ohio Dominican,Pennsylvania State Athletic,Great Midwest Athletic,14.0,21.0,False,False,Offutt Field
401674518,2024,2,regular,2024-09-05 23:00:00,West Florida,McKendree,Gulf South,Great Lakes,38.0,6.0,True,False,Blue Wahoos Stadium
401674870,2024,2,regular,2024-09-05 23:00:00,Stevenson,Rowan,Mid Atlantic,New Jersey,16.0,35.0,False,False,Mustang Stadium
401674489,2024,2,regular,2024-09-05 23:00:00,Southeastern Oklahoma State,Southern Arkansas,Great American,Great American,31.0,36.0,False,True,Paul Laird Field
401674329,2024,2,regular,2024-09-05 23:00:00,Minnesota St Moorhead,Wayne State (NE),Northern Sun,Northern Sun,17.0,44.0,False,True,Scheels Field at Nemzek Stadium
401674380,2024,2,regular,2024-09-05 23:00:00,Gannon,Northwood,Pennsylvania State Athletic,Great Midwest Athletic,14.0,28.0,False,False,McConnell Family Stadium
401677373,2024,2,regular,2024-09-05 23:00:00,Brockport,Buffalo State,Empire 8,Liberty League,27.0,0.0,False,False,Bob Boozer Field
401674410,2024,2,regular,2024-09-05 23:00:00,East Central,Henderson State,Great American,Great American,17.0,41.0,False,True,Koi Ishto Stadium
401674572,2024,2,regular,2024-09-05 23:00:00,Kentucky Wesleyan,Northern Michigan,Great Midwest Athletic,GLIAC,33.0,13.0,False,False,Steele Stadium
401674296,2024,2,regular,2024-09-05 23:00:00,West Liberty,Limestone,Mountain East,South Atlantic,13.0,48.0,False,False,West Family Stadium
401676109,2024,2,regular,2024-09-05 23:00:00,Heidelberg,Hiram,Ohio,North Coast,38.0,14.0,False,False,Hoernemann Stadium
401675491,2024,2,regular,2024-09-05 23:00:00,North Greenville,Keiser University,Gulf South,,20.0,23.0,False,False,Younts Stadium
401673956,2024,2,regular,2024-09-05 23:00:00,Wisconsin Stout,Carroll (WI),Wisconsin,CCIW,16.0,28.0,False,False,Don and Nona Williams Stadium
401658358,2024,2,regular,2024-09-05 23:00:00,Frostburg State,Millersville,Mountain East,Pennsylvania State Athletic,23.0,6.0,False,False,Bobcat Stadium (MD)
401674400,2024,2,regular,2024-09-05 23:00:00,Arkansas Monticello,Northwestern (OK),Great American,Great American,34.0,7.0,False,True,Convoy Leslie Cotton Boll Stadium
401676094,2024,2,regular,2024-09-05 23:30:00,Kutztown,Assumption,Pennsylvania State Athletic,Northeast 10,24.0,6.0,False,False,Andre Reed Stadium
401674484,2024,2,regular,2024-09-06 00:00:00,Ouachita Baptist,Southwestern Oklahoma State,Great American,Great American,42.0,3.0,False,True,Cliff Harris Stadium
401674419,2024,2,regular,2024-09-06 00:00:00,Harding,Southern Nazarene,Great American,Great American,59.0,0.0,False,True,First Security Stadium
401673283,2024,2,regular,2024-09-06 00:00:00,Chadron State,Jamestown,Rocky Mountain,,17.0,10.0,False,False,Elliott Field at Don Beebe Stadium
401676065,2024,2,regular,2024-09-06 00:00:00,Millsaps,Belhaven,Southern Athletic,USA South,23.0,21.0,False,False,Harper Davis Field
401673275,2024,2,regular,2024-09-06 00:00:00,Colorado School of Mines,West Texas,Rocky Mountain,Lone Star,41.0,13.0,False,False,Marv Kay Stadium at Campbell Field
401658337,2024,2,regular,2024-09-06 00:00:00,Winona State,Saginaw Valley State,Northern Sun,GLIAC,14.0,38.0,False,False,Altra Federal Credit Union Stadium
401674229,2024,2,regular,2024-09-06 00:00:00,Arkansas Tech,Oklahoma Baptist,Great American,Great American,44.0,41.0,False,True,Thone Stadium at Buerkle Field
401674863,2024,2,regular,2024-09-06 22:00:00,Albright,Gallaudet,Mid Atlantic,ECFC,17.0,6.0,False,False,Gene L. Shirk Stadium
401674669,2024,2,regular,2024-09-06 22:00:00,Dickinson,Randolph Macon,Centennial,Old Dominion,21.0,47.0,False,False,Biddle Field
401674703,2024,2,regular,2024-09-06 22:30:00,Salve Regina,Curry,NEWMAC,Commonwealth Coast,28.0,10.0,False,False,Toppa Field
401674815,2024,2,regular,2024-09-06 23:00:00,Susquehanna,Bridgewater,Landmark Conference,Old Dominion,41.0,7.0,False,False,Amos Alonzo Stagg Field (PA)
401676658,2024,2,regular,2024-09-06 23:00:00,McDaniel,Catholic,Centennial,Landmark Conference,7.0,3.0,False,False,Kenneth R. Gill Stadium
401678581,2024,2,regular,2024-09-06 23:00:00,Ursinus,Alvernia,Centennial,Mid Atlantic,45.0,14.0,False,False,Patterson Field
401674903,2024,2,regular,2024-09-06 23:00:00,Worcester State,WPI,MSCAC,NEWMAC,9.0,14.0,False,False,John Coughlin Memorial Field
401674858,2024,2,regular,2024-09-06 23:00:00,Utica,Union,Empire 8,Liberty League,41.0,26.0,False,False,Charles A. Gaetano Stadium
401674601,2024,2,regular,2024-09-06 23:00:00,Dubuque,Aurora,American Rivers,NACC,21.0,33.0,False,False,Chalmers Field
401673437,2024,2,regular,2024-09-06 23:00:00,Franklin & Marshall,Lebanon Valley,Centennial,Mid Atlantic,30.0,10.0,False,False,Shadek Stadium
401676760,2024,2,regular,2024-09-06 23:00:00,Springfield,Western New England,NEWMAC,Commonwealth Coast,38.0,32.0,False,False,Stagg Field
401682350,2024,2,regular,2024-09-06 23:00:00,Westfield State,Anna Maria College,MSCAC,ECFC,13.0,41.0,False,False,"Alumni Field (Westfield, MA)"
401674746,2024,2,regular,2024-09-06 23:00:00,Hobart,Alfred,Liberty League,Empire 8,10.0,7.0,False,False,Boswell Field at David J. Urick Stadium
401634765,2024,2,regular,2024-09-06 23:00:00,SMU,BYU,ACC,Big 12,15.0,18.0,False,False,Gerald J. Ford Stadium
401628463,2024,2,regular,2024-09-06 23:00:00,Indiana,Western Illinois,Big Ten,Big South-OVC,77.0,3.0,False,False,"Memorial Stadium (Bloomington, IN)"
401673428,2024,2,regular,2024-09-06 23:00:00,FDU Florham,William Paterson,Mid Atlantic,New Jersey,37.0,9.0,False,False,Robert T. Shields Field
401674895,2024,2,regular,2024-09-06 23:00:00,SUNY Maritime,Mass Maritime,NEWMAC,MSCAC,22.0,14.0,False,False,Reinhart Field
401676043,2024,2,regular,2024-09-07 00:00:00,East Texas Baptist,LaGrange,American Southwest,USA South,57.0,12.0,False,False,Ornelas Stadium
401635533,2024,2,regular,2024-09-07 01:00:00,Northwestern,Duke,Big Ten,ACC,20.0,26.0,True,False,Lanny and Sharon Martin Stadium
401674940,2024,2,regular,2024-09-07 01:00:00,Augsburg,Valley City State,Minnesota,,14.0,24.0,False,False,Edor Nelson Field
401675771,2024,2,regular,2024-09-07 04:00:00,Anderson (SC),St. Andrews,South Atlantic,,51.0,14.0,True,False,Spero Financial Field
401674636,2024,2,regular,2024-09-07 04:00:00,Howard Payne,Hardin Simmons,American Southwest,American Southwest,6.0,38.0,False,True,Gordon Wood Stadium
401693678,2024,2,regular,2024-09-07 04:00:00,Lincoln (CA),Southern Oregon,Independent DII,,7.0,46.0,True,False,
401674256,2024,2,regular,2024-09-07 04:00:00,Charleston (WV),California (PA),Mountain East,Pennsylvania State Athletic,23.0,19.0,False,False,University of Charleston Stadium
401643784,2024,2,regular,2024-09-07 16:00:00,Memphis,Troy,American Athletic,Sun Belt,38.0,17.0,False,False,Simmons Bank Liberty Stadium
401635534,2024,2,regular,2024-09-07 16:00:00,Syracuse,Georgia Tech,ACC,ACC,31.0,28.0,False,True,JMA Wireless Dome
401635538,2024,2,regular,2024-09-07 16:00:00,Cincinnati,Pittsburgh,Big 12,ACC,27.0,28.0,False,False,Nippert Stadium
401628336,2024,2,regular,2024-09-07 16:00:00,Oklahoma State,Arkansas,Big 12,SEC,39.0,31.0,False,False,Boone Pickens Stadium
401628347,2024,2,regular,2024-09-07 16:00:00,Michigan,Texas,Big Ten,SEC,12.0,31.0,False,False,Michigan Stadium
401654538,2024,2,regular,2024-09-07 16:00:00,The Citadel,South Carolina State,Southern,MEAC,20.0,23.0,False,False,Johnson Hagood Stadium
401628596,2024,2,regular,2024-09-07 16:00:00,Monmouth,Lafayette,Coastal Athletic,Patriot,35.0,40.0,False,False,Kessler Stadium
401654642,2024,2,regular,2024-09-07 16:00:00,Marist,Georgetown,Pioneer,Patriot,10.0,31.0,False,False,Leonidoff Field
401654616,2024,2,regular,2024-09-07 16:00:00,Lehigh,Wagner,Patriot,NEC,49.0,13.0,False,False,Goodman Stadium
401674808,2024,2,regular,2024-09-07 16:00:00,Lycoming,Widener,Landmark Conference,Mid Atlantic,48.0,12.0,False,False,David Person Field
401676053,2024,2,regular,2024-09-07 16:00:00,Greensboro,Guilford,USA South,Old Dominion,0.0,14.0,False,False,Jamieson Stadium
401674924,2024,2,regular,2024-09-07 16:00:00,Alma,Wisconsin River Falls,Michigan,Wisconsin,35.0,41.0,False,False,Bahlke Field
401675458,2024,2,regular,2024-09-07 16:00:00,Thomas More,Davenport,Great Midwest Athletic,GLIAC,17.0,24.0,True,False,BB&T Field at Griffin Plaza
401674679,2024,2,regular,2024-09-07 16:00:00,Juniata,Gettysburg,Landmark Conference,Centennial,41.0,61.0,False,False,Knox Stadium
401674626,2024,2,regular,2024-09-07 16:00:00,Kalamazoo,Austin,Michigan,Southern Collegiate Athletic,26.0,20.0,False,False,Angell Field
401674876,2024,2,regular,2024-09-07 16:00:00,Norwich,Vermont State Castleton,NEWMAC,MSCAC,12.0,14.0,False,False,Sabine Field at Haynes Family Stadium
401676776,2024,2,regular,2024-09-07 16:00:00,West Chester,Bentley,Pennsylvania State Athletic,Northeast 10,17.0,20.0,False,False,John A. Farrell Stadium
401675285,2024,2,regular,2024-09-07 16:00:00,Baldwin Wallace,Wittenberg,Ohio,North Coast,24.0,14.0,False,False,George Finnie Stadium
401674840,2024,2,regular,2024-09-07 16:00:00,Olivet,Rochester (NY),Michigan,Liberty League,21.0,28.0,False,False,Cutler Field
401676250,2024,2,regular,2024-09-07 16:00:00,Eastern,The College of New Jersey,Mid Atlantic,New Jersey,12.0,34.0,True,False,O'Hara Field
401676752,2024,2,regular,2024-09-07 16:00:00,American International,Shippensburg,Northeast 10,Pennsylvania State Athletic,28.0,3.0,False,False,Ronald J. Abdow Field
401674853,2024,2,regular,2024-09-07 16:00:00,St. Lawrence,Endicott,Liberty League,Commonwealth Coast,13.0,44.0,False,False,Leckonby Stadium
401676661,2024,2,regular,2024-09-07 16:00:00,Misericordia,Keystone,Mid Atlantic,Landmark Conference,24.0,14.0,False,False,Mangelsdorf Field
401673399,2024,2,regular,2024-09-07 16:00:00,Alfred State,Anderson (IN),ECFC,Heartland,13.0,0.0,False,False,Pioneer Stadium
401636616,2024,2,regular,2024-09-07 16:00:00,Tulane,Kansas State,American Athletic,Big 12,27.0,34.0,False,False,Yulman Stadium
401636999,2024,2,regular,2024-09-07 16:00:00,UConn,Merrimack,FBS Independents,FCS Independents,63.0,17.0,False,False,Pratt & Whitney Stadium
401628466,2024,2,regular,2024-09-07 16:00:00,Minnesota,Rhode Island,Big Ten,Coastal Athletic,48.0,0.0,False,False,Huntington Bank Stadium
401628471,2024,2,regular,2024-09-07 16:00:00,Rutgers,Akron,Big Ten,Mid-American,49.0,17.0,False,False,SHI Stadium
401628470,2024,2,regular,2024-09-07 16:00:00,Penn State,Bowling Green,Big Ten,Mid-American,34.0,27.0,False,False,Beaver Stadium
401674886,2024,2,regular,2024-09-07 16:00:00,Dean,Fitchburg State,ECFC,MSCAC,0.0,12.0,False,False,Dale Lippert Field
401645323,2024,2,regular,2024-09-07 16:00:00,Florida Atlantic,Army,American Athletic,American Athletic,7.0,24.0,False,True,FAU Stadium
401628348,2024,2,regular,2024-09-07 16:45:00,Texas A&M,McNeese,SEC,Southland,52.0,10.0,False,False,Kyle Field
401675996,2024,2,regular,2024-09-07 17:00:00,Apprentice School,Southern Virginia,Independent DIII,USA South,44.0,9.0,False,False,Apprentice Field
401676015,2024,2,regular,2024-09-07 17:00:00,Methodist,Shenandoah,USA South,Old Dominion,14.0,33.0,False,False,Monarch Stadium
401676023,2024,2,regular,2024-09-07 17:00:00,Maryville (TN),Sewanee,USA South,Southern Athletic,23.0,9.0,False,False,Lloyd L. Thornton Stadium
401676189,2024,2,regular,2024-09-07 17:00:00,Merchant Marine,Western Connecticut State,NEWMAC,MSCAC,44.0,27.0,False,False,Brooks Stadium (NY)
401676206,2024,2,regular,2024-09-07 17:00:00,Calvin,Oberlin,Michigan,North Coast,50.0,6.0,True,False,Grand Rapids Christian High School
401676722,2024,2,regular,2024-09-07 17:00:00,Slippery Rock,New Haven,Pennsylvania State Athletic,Northeast 10,22.0,7.0,False,False,Mihalik-Thompson Stadium
401654632,2024,2,regular,2024-09-07 17:00:00,Sacred Heart,Saint Anselm,FCS Independents,Northeast 10,10.0,3.0,False,False,Campus Field
401677399,2024,2,regular,2024-09-07 17:00:00,Maine Maritime,Hartwick,Independent DIII,Empire 8,6.0,62.0,True,False,Ritchie Field
401676348,2024,2,regular,2024-09-07 17:00:00,St. John Fisher,Marietta,Empire 8,Ohio,0.0,55.0,False,False,Growney Stadium
401674688,2024,2,regular,2024-09-07 17:00:00,Ithaca,Johns Hopkins,Liberty League,Centennial,23.0,27.0,False,False,Butterfield Stadium
401628594,2024,2,regular,2024-09-07 17:00:00,Western Carolina,Campbell,Southern,Coastal Athletic,16.0,24.0,False,False,E. J. Whitmire Stadium
401675936,2024,2,regular,2024-09-07 17:00:00,Wisconsin Whitewater,John Carroll,Wisconsin,Ohio,34.0,7.0,False,False,Perkins Stadium
401676244,2024,2,regular,2024-09-07 17:00:00,Salisbury,Washington and Lee,New Jersey,Old Dominion,48.0,26.0,False,False,Sea Gull Stadium
401676359,2024,2,regular,2024-09-07 17:00:00,Mount St Joseph,Muskingum,Heartland,Ohio,35.0,42.0,False,False,Schueler Field
401676651,2024,2,regular,2024-09-07 17:00:00,Washington & Jefferson,Saint Vincent,Presidents',Presidents',59.0,6.0,False,True,Cameron Stadium
401676644,2024,2,regular,2024-09-07 17:00:00,Grove City,Geneva,Presidents',Presidents',41.0,0.0,False,True,Robert E. Thorn Field
401674265,2024,2,regular,2024-09-07 17:00:00,Concord,Bluefield State,Mountain East,CIAA,13.0,22.0,False,False,Callaghan Stadium
401677458,2024,2,regular,2024-09-07 17:00:00,Concordia-Michigan,Defiance College,,,34.0,10.0,True,False,Riverbank Stadium
401676618,2024,2,regular,2024-09-07 17:00:00,Bethany (WV),Allegheny,Presidents',Presidents',14.0,20.0,False,True,Bison Stadium
401674282,2024,2,regular,2024-09-07 17:00:00,Glenville State,Lock Haven,Mountain East,Pennsylvania State Athletic,9.0,31.0,False,False,I.L. & Sue Morris Stadium
401674609,2024,2,regular,2024-09-07 17:00:00,Hope,Loras,Michigan,American Rivers,49.0,0.0,False,False,Ray and Sue Smith Stadium
401673408,2024,2,regular,2024-09-07 17:00:00,Moravian,Muhlenberg,Landmark Conference,Centennial,7.0,33.0,False,False,Rocco Calvo Field
401676354,2024,2,regular,2024-09-07 17:00:00,Ferrum,Mount Union,Old Dominion,Ohio,6.0,55.0,False,False,W.B. Adams Stadium
401676770,2024,2,regular,2024-09-07 17:00:00,Coast Guard,New England,NEWMAC,Commonwealth Coast,30.0,24.0,False,False,Cadet Memorial Field
401676432,2024,2,regular,2024-09-07 17:00:00,Waynesburg,Case Western Reserve,Presidents',Presidents',7.0,41.0,False,True,John F. Wiley Stadium
401673973,2024,2,regular,2024-09-07 17:00:00,Adrian,Elmhurst,Michigan,CCIW,55.0,20.0,False,False,Docking Stadium
401676633,2024,2,regular,2024-09-07 17:00:00,Thiel,Carnegie Mellon,Presidents',Presidents',0.0,58.0,False,True,Alumni Stadium (PA)
401674538,2024,2,regular,2024-09-07 17:00:00,Truman State,Findlay,Great Lakes,Great Midwest Athletic,21.0,37.0,False,False,Stokes Stadium
401673418,2024,2,regular,2024-09-07 17:00:00,Hampden Sydney,Delaware Valley,Old Dominion,Mid Atlantic,21.0,41.0,False,False,Lewis C. Everett Stadium
401674711,2024,2,regular,2024-09-07 17:00:00,Husson,Framingham State,Commonwealth Coast,MSCAC,56.0,14.0,False,False,Dr. John W. Winkin Sports Complex
401674755,2024,2,regular,2024-09-07 17:00:00,Hilbert,SUNY Cortland,Empire 8,Empire 8,0.0,76.0,True,True,St. Francis High School
401674763,2024,2,regular,2024-09-07 17:00:00,Kenyon,Bluffton,North Coast,Heartland,13.0,6.0,False,False,McBride Field
401674796,2024,2,regular,2024-09-07 17:00:00,DePauw,Rose Hulman,North Coast,Heartland,57.0,14.0,False,False,Blackstock Stadium
401674917,2024,2,regular,2024-09-07 17:00:00,Albion,Wisconsin Stevens Point,Michigan,Wisconsin,31.0,23.0,False,False,Sprankle-Sprandel Stadium
401674939,2024,2,regular,2024-09-07 17:00:00,Trine,Christopher Newport,Michigan,New Jersey,6.0,42.0,False,False,Fred Zollner Athletic Stadium
401675293,2024,2,regular,2024-09-07 17:00:00,Wabash,St. Norbert,North Coast,NACC,31.0,0.0,False,False,Little Giant Stadium
401675376,2024,2,regular,2024-09-07 17:00:00,Lenoir Rhyne,Bowie State,South Atlantic,CIAA,32.0,19.0,False,False,Helen and Leonard Moretz Stadium
401676236,2024,2,regular,2024-09-07 17:00:00,SUNY Morrisville,Kean,Empire 8,New Jersey,7.0,0.0,False,False,Drake Field (NY)
401675467,2024,2,regular,2024-09-07 17:00:00,Elizabeth City State,Chowan,CIAA,Gulf South,12.0,9.0,False,False,Roebuck Stadium
401675594,2024,2,regular,2024-09-07 17:00:00,Florida Memorial University,Edward Waters,,SIAC,31.0,21.0,True,False,
401674782,2024,2,regular,2024-09-07 17:30:00,Hanover,Centre,Heartland,Southern Athletic,12.0,27.0,False,False,Alumni Stadium (IN)
401654649,2024,2,regular,2024-09-07 17:30:00,VMI,Bucknell,Southern,Patriot,28.0,35.0,False,False,Alumni Memorial Field
401674773,2024,2,regular,2024-09-07 17:30:00,Ohio Northern,Franklin,Ohio,Heartland,45.0,7.0,False,False,Dial-Roberson Stadium
401674998,2024,2,regular,2024-09-07 18:00:00,Grinnell,Lyon,Midwest,Southern Collegiate Athletic,28.0,48.0,False,False,Rosenbloom Field
401674109,2024,2,regular,2024-09-07 18:00:00,Central Missouri,Northeastern State,Mid America,Independent DII,63.0,21.0,False,False,Audrey J. Walton Stadium at Vernon Kennedy Field
401673965,2024,2,regular,2024-09-07 18:00:00,Saint John's (MN),Carthage,Minnesota,CCIW,49.0,0.0,False,False,Clemens Stadium
401674151,2024,2,regular,2024-09-07 18:00:00,Emporia State,Angelo State,Mid America,Lone Star,17.0,12.0,False,False,Francis G. Welch Stadium
401674508,2024,2,regular,2024-09-07 18:00:00,Quincy,Lincoln (MO),Great Lakes,Great Lakes,46.0,5.0,False,True,QU Stadium
401675006,2024,2,regular,2024-09-07 18:00:00,Knox,Eureka,Midwest,NACC,7.0,6.0,False,False,Harley Knosher Bowl
401675276,2024,2,regular,2024-09-07 18:00:00,Wooster,Wilmington (OH),North Coast,Ohio,56.0,13.0,False,False,John P. Papp Stadium
401628339,2024,2,regular,2024-09-07 18:00:00,Georgia,Tennessee Tech,SEC,Big South-OVC,48.0,3.0,False,False,Sanford Stadium
401634181,2024,2,regular,2024-09-07 18:00:00,Ball State,Missouri State,Mid-American,MVFC,42.0,34.0,False,False,Scheumann Stadium
401628598,2024,2,regular,2024-09-07 18:00:00,Holy Cross,New Hampshire,Patriot,Coastal Athletic,20.0,21.0,False,False,Fitton Field
401674789,2024,2,regular,2024-09-07 18:00:00,Westminster (MO),Manchester,Upper Midwest,Heartland,23.0,3.0,False,False,Blue Jay Stadium
401674582,2024,2,regular,2024-09-07 18:00:00,Buena Vista,Benedictine (IL),American Rivers,NACC,7.0,34.0,False,False,J. Leslie Rollins Stadium
401675036,2024,2,regular,2024-09-07 18:00:00,Coe,Cornell (IA),American Rivers,Midwest,55.0,10.0,False,False,Clark Field
401674971,2024,2,regular,2024-09-07 18:00:00,Gustavus Adolphus,Whitworth,Minnesota,Northwest,7.0,40.0,False,False,Hollingsworth Field
401634245,2024,2,regular,2024-09-07 18:00:00,Youngstown State,Valparaiso,MVFC,Pioneer,59.0,25.0,False,False,Stambaugh Stadium
401674592,2024,2,regular,2024-09-07 18:00:00,Central College,Illinois Wesleyan,American Rivers,CCIW,49.0,14.0,False,False,Ron and Joyce Schipper Stadium
401674652,2024,2,regular,2024-09-07 18:00:00,Bethel University Tennessee,Mary Hardin Baylor,,American Southwest,20.0,10.0,True,False,
401674745,2024,2,regular,2024-09-07 18:00:00,Wisconsin Oshkosh,Wheaton (IL),Wisconsin,CCIW,21.0,14.0,False,False,J.J. Keller Field at Titan Stadium
401675976,2024,2,regular,2024-09-07 18:00:00,Wisconsin Platteville,Lakeland,Wisconsin,NACC,65.0,0.0,False,False,Ralph E. Davis Pioneer Stadium
401673445,2024,2,regular,2024-09-07 18:00:00,Millikin,Illinois College,CCIW,Midwest,21.0,46.0,False,False,Frank M. Lindsay Field
401674964,2024,2,regular,2024-09-07 18:00:00,Concordia (MN),Wisconsin Eau Claire,Minnesota,Wisconsin,10.0,21.0,False,False,Jake Christiansen Stadium
401675019,2024,2,regular,2024-09-07 18:00:00,Martin Luther,Lawrence,Upper Midwest,Midwest,35.0,7.0,False,False,MLC Bowl
401675013,2024,2,regular,2024-09-07 18:00:00,Lake Forest,Wisconsin Lutheran,Midwest,NACC,21.0,7.0,False,False,Farwell Field
401654583,2024,2,regular,2024-09-07 18:00:00,St. Thomas (MN),Northern Iowa,Pioneer,MVFC,10.0,17.0,False,False,O'Shaughnessy Stadium
401674991,2024,2,regular,2024-09-07 18:00:00,Beloit,Rockford,Midwest,NACC,17.0,43.0,False,False,Strong Stadium
401676036,2024,2,regular,2024-09-07 18:00:00,Greenville,Concordia Chicago,Upper Midwest,NACC,54.0,23.0,False,False,Francis Field (IL)
401675570,2024,2,regular,2024-09-07 18:00:00,Clark Atlanta,Allen,SIAC,SIAC,26.0,22.0,False,True,CAU Panther Stadium
401644732,2024,2,regular,2024-09-07 18:30:00,Kent State,Saint Francis,Mid-American,NEC,17.0,23.0,False,False,Dix Stadium
401632071,2024,2,regular,2024-09-07 19:00:00,UNLV,Utah Tech,Mountain West,UAC,72.0,14.0,False,False,Allegiant Stadium
401673151,2024,2,regular,2024-09-07 19:00:00,Black Hills State,Southwest Baptist,Rocky Mountain,Great Lakes,24.0,14.0,False,False,Lyle Hare Stadium
401634144,2024,2,regular,2024-09-07 19:00:00,Bethune-Cookman,Mercer,SWAC,Southern,2.0,31.0,False,False,Municipal Stadium
401676327,2024,2,regular,2024-09-07 19:00:00,Willamette,La Verne,Northwest,So. Cal.,27.0,24.0,False,False,McCulloch Stadium
401675798,2024,2,regular,2024-09-07 19:00:00,Morehouse,Johnson C. Smith,SIAC,CIAA,13.0,37.0,False,False,B.T. Harvey Stadium
401635537,2024,2,regular,2024-09-07 19:30:00,North Carolina,Charlotte,ACC,American Athletic,38.0,20.0,False,False,Kenan Stadium
401628337,2024,2,regular,2024-09-07 19:30:00,Auburn,California,SEC,ACC,14.0,21.0,False,False,Jordan-Hare Stadium
401629040,2024,2,regular,2024-09-07 19:30:00,Toledo,Massachusetts,Mid-American,FBS Independents,38.0,23.0,False,False,Glass Bowl
401628977,2024,2,regular,2024-09-07 19:30:00,Notre Dame,Northern Illinois,FBS Independents,Mid-American,14.0,16.0,False,False,Notre Dame Stadium
401636618,2024,2,regular,2024-09-07 19:30:00,Utah,Baylor,Big 12,Big 12,23.0,12.0,False,False,Rice-Eccles Stadium
401643710,2024,2,regular,2024-09-07 19:30:00,Wyoming,Idaho,Mountain West,Big Sky,13.0,17.0,False,False,War Memorial Stadium
401628599,2024,2,regular,2024-09-07 19:30:00,Richmond,Wofford,Coastal Athletic,Southern,19.0,26.0,False,False,E. Claiborne Robins Stadium
401628474,2024,2,regular,2024-09-07 19:30:00,Wisconsin,South Dakota,Big Ten,MVFC,27.0,13.0,False,False,Camp Randall Stadium
401635531,2024,2,regular,2024-09-07 19:30:00,Boston College,Duquesne,ACC,NEC,56.0,0.0,False,False,"Alumni Stadium (Chestnut Hill, MA)"
401634207,2024,2,regular,2024-09-07 19:30:00,North Dakota State,Tennessee State,MVFC,Big South-OVC,52.0,3.0,False,False,Fargodome
401635535,2024,2,regular,2024-09-07 19:30:00,Louisville,Jacksonville State,ACC,Conference USA,49.0,14.0,False,False,L&N Federal Credit Union Stadium
401628473,2024,2,regular,2024-09-07 19:30:00,Washington,Eastern Michigan,Big Ten,Mid-American,30.0,9.0,False,False,Husky Stadium
401628465,2024,2,regular,2024-09-07 19:30:00,Maryland,Michigan State,Big Ten,Big Ten,24.0,27.0,False,True,SECU Stadium
401628464,2024,2,regular,2024-09-07 19:30:00,Iowa,Iowa State,Big Ten,Big 12,19.0,20.0,False,False,Kinnick Stadium
401628340,2024,2,regular,2024-09-07 19:30:00,Kentucky,South Carolina,SEC,SEC,6.0,31.0,False,True,Kroger Field
401628600,2024,2,regular,2024-09-07 19:30:00,Stony Brook,Stonehill,Coastal Athletic,NEC,37.0,10.0,False,False,Kenneth P. LaValle Stadium
401645324,2024,2,regular,2024-09-07 19:30:00,Navy,Temple,American Athletic,American Athletic,38.0,11.0,False,True,Navy-Marine Corps Memorial Stadium
401676088,2024,2,regular,2024-09-07 20:00:00,Linfield,Denison,Northwest,North Coast,31.0,7.0,False,False,Maxwell Field
401654549,2024,2,regular,2024-09-07 20:00:00,Norfolk State,Virginia State,MEAC,CIAA,28.0,23.0,False,False,"William Dick"""" Price Stadium"""""
401673043,2024,2,regular,2024-09-07 20:00:00,San Diego,Central Washington,Pioneer,Lone Star,26.0,7.0,False,False,Torero Stadium
401674956,2024,2,regular,2024-09-07 20:00:00,Pomona Pitzer,Carleton,So. Cal.,Minnesota,28.0,12.0,False,False,Merritt Field
401643783,2024,2,regular,2024-09-07 20:00:00,Texas State,UTSA,Sun Belt,American Athletic,49.0,10.0,False,False,Bobcat Stadium (TX)
401675932,2024,2,regular,2024-09-07 20:00:00,Claremont Mudd Scripps,Chicago,So. Cal.,Midwest,24.0,0.0,False,False,Fritz B. Burns Stadium
401682375,2024,2,regular,2024-09-07 20:00:00,Lewis & Clark,Puget Sound,Northwest,Northwest,59.0,21.0,False,True,Griswold Stadium
401628604,2024,2,regular,2024-09-07 20:00:00,Bryant,Franklin Pierce,Coastal Athletic,Northeast 10,21.0,17.0,False,False,Bulldog Stadium
401676755,2024,2,regular,2024-09-07 20:00:00,UMass Dartmouth,Nichols,MSCAC,Commonwealth Coast,64.0,24.0,False,False,Cressy Field
401628342,2024,2,regular,2024-09-07 20:15:00,Ole Miss,Middle Tennessee,SEC,Conference USA,52.0,3.0,False,False,Vaught-Hemingway Stadium
401635540,2024,2,regular,2024-09-07 20:30:00,Virginia Tech,Marshall,ACC,Sun Belt,31.0,14.0,False,False,Lane Stadium
401675970,2024,2,regular,2024-09-07 21:00:00,Bridgewater State,MIT,MSCAC,NEWMAC,17.0,37.0,False,False,Edward C. Swenson Athletic Complex
401634134,2024,2,regular,2024-09-07 21:30:00,East Tennessee State,UVA Wise,Southern,South Atlantic,61.0,0.0,False,False,William B. Greene Jr. Stadium
401674549,2024,2,regular,2024-09-07 22:00:00,Ferris State,Lake Erie,GLIAC,Great Midwest Athletic,56.0,3.0,False,False,Top Taggart Field
401676144,2024,2,regular,2024-09-07 22:00:00,Ohio Wesleyan,Otterbein,North Coast,Ohio,26.0,7.0,False,False,Selby Stadium
401654677,2024,2,regular,2024-09-07 22:00:00,Furman,Charleston Southern,Southern,Big South-OVC,20.0,24.0,False,False,Paladin Stadium
401628601,2024,2,regular,2024-09-07 22:00:00,Towson,Morgan State,Coastal Athletic,MEAC,14.0,9.0,False,False,Johnny Unitas Stadium
401628605,2024,2,regular,2024-09-07 22:00:00,Hampton,Virginia Union,Coastal Athletic,CIAA,33.0,21.0,False,False,Armstrong Stadium
401643778,2024,2,regular,2024-09-07 22:00:00,Old Dominion,East Carolina,Sun Belt,American Athletic,14.0,20.0,False,False,S.B. Ballard Stadium
401635536,2024,2,regular,2024-09-07 22:00:00,Miami,Florida A&M,ACC,SWAC,56.0,9.0,False,False,Hard Rock Stadium
401675561,2024,2,regular,2024-09-07 22:00:00,Albany State,Shaw,SIAC,CIAA,40.0,43.0,False,False,Albany State University Coliseum
401640979,2024,2,regular,2024-09-07 22:00:00,Florida International,Central Michigan,Conference USA,Mid-American,52.0,16.0,True,False,Pitbull Stadium
401628593,2024,2,regular,2024-09-07 22:00:00,West Virginia,UAlbany,Big 12,Coastal Athletic,49.0,14.0,False,False,Milan Puskar Stadium
401643777,2024,2,regular,2024-09-07 22:00:00,James Madison,Gardner-Webb,Sun Belt,Big South-OVC,13.0,6.0,False,False,Bridgeforth Stadium
401636344,2024,2,regular,2024-09-07 22:00:00,Alabama State,Miles,SWAC,SIAC,24.0,3.0,False,False,Hornet Stadium
401674222,2024,2,regular,2024-09-07 22:00:00,Southwest Minnesota State,Minot State,Northern Sun,Northern Sun,9.0,42.0,False,True,Schwan Regional Event Center
401673045,2024,2,regular,2024-09-07 22:00:00,Stetson,Warner,Pioneer,,35.0,0.0,False,False,Spec Martin Municipal Stadium
401673042,2024,2,regular,2024-09-07 22:00:00,Morehead State,Kentucky Christian,Pioneer,,48.0,7.0,False,False,Jayne Stadium
401654605,2024,2,regular,2024-09-07 22:00:00,Robert Morris,Edinboro,NEC,Pennsylvania State Athletic,21.0,23.0,False,False,Joe Walton Stadium
401676006,2024,2,regular,2024-09-07 22:00:00,Averett,North Carolina Wesleyan,Old Dominion,USA South,41.0,29.0,False,False,Daly Field at Frank R. Campbell Stadium
401628595,2024,2,regular,2024-09-07 22:00:00,North Carolina Central,Elon,MEAC,Coastal Athletic,19.0,41.0,False,False,O'Kelly-Riddick Stadium
401675805,2024,2,regular,2024-09-07 22:00:00,Livingstone,Virginia Lynchburg,CIAA,,37.0,9.0,False,False,Alumni Memorial Stadium (NC)
401628602,2024,2,regular,2024-09-07 22:00:00,Colgate,Villanova,Patriot,Coastal Athletic,3.0,28.0,False,False,Andy Kerr Stadium
401655624,2024,2,regular,2024-09-07 22:00:00,Idaho State,Western Oregon,Big Sky,Lone Star,50.0,10.0,False,False,Holt Arena
401654573,2024,2,regular,2024-09-07 22:00:00,Central Connecticut,Fordham,NEC,Patriot,33.0,3.0,False,False,Arute Field
401674498,2024,2,regular,2024-09-07 22:00:00,Hillsdale,Indianapolis,Great Midwest Athletic,Great Lakes,16.0,42.0,False,False,"Frank ""Muddy"" Waters Stadium"
401674290,2024,2,regular,2024-09-07 22:00:00,Fayetteville State,UNC Pembroke,CIAA,Mountain East,35.0,31.0,False,False,"Luther ""Nick"" Jeralds Stadium"
401643781,2024,2,regular,2024-09-07 22:00:00,Ohio,South Alabama,Mid-American,Sun Belt,27.0,20.0,False,False,Peden Stadium
401674820,2024,2,regular,2024-09-07 22:00:00,King's,Wilkes,Mid Atlantic,Landmark Conference,28.0,43.0,False,False,McCarthy Stadium (Wilkes Barre)
401636617,2024,2,regular,2024-09-07 22:30:00,UCF,Sam Houston,Big 12,Conference USA,45.0,14.0,False,False,FBC Mortgage Stadium
401674982,2024,2,regular,2024-09-07 23:00:00,Minnesota Morris,Macalester,Upper Midwest,Minnesota,17.0,16.0,False,False,Big Cat Stadium
401654569,2024,2,regular,2024-09-07 23:00:00,Northwestern State,Prairie View A&M,Southland,SWAC,31.0,37.0,False,False,Harry Turpin Stadium
401641016,2024,2,regular,2024-09-07 23:00:00,Kennesaw State,Louisiana,Conference USA,Sun Belt,10.0,34.0,False,False,Fifth Third Stadium
401633979,2024,2,regular,2024-09-07 23:00:00,Southeast Missouri State,UT Martin,Big South-OVC,Big South-OVC,45.0,42.0,False,True,Houck Field
401632069,2024,2,regular,2024-09-07 23:00:00,Lindenwood,Central Arkansas,Big South-OVC,UAC,13.0,34.0,False,False,Hunter Stadium
401655665,2024,2,regular,2024-09-07 23:00:00,Erskine,Presbyterian,Gulf South,Pioneer,14.0,31.0,False,False,J.W. Babb Stadium
401674977,2024,2,regular,2024-09-07 23:00:00,Crown,Hamline,Upper Midwest,Minnesota,14.0,35.0,False,False,Old National Bank Stadium
401634158,2024,2,regular,2024-09-07 23:00:00,North Alabama,Illinois State,UAC,MVFC,17.0,24.0,False,False,Braly Municipal Stadium
401654558,2024,2,regular,2024-09-07 23:00:00,Southern,Savannah State,SWAC,SIAC,42.0,10.0,False,False,Ace W. Mumford Stadium
401628606,2024,2,regular,2024-09-07 23:00:00,North Carolina A&T,Winston-Salem State,Coastal Athletic,CIAA,27.0,20.0,False,False,Aggie Stadium
401628603,2024,2,regular,2024-09-07 23:00:00,Coastal Carolina,William & Mary,Sun Belt,Coastal Athletic,40.0,21.0,False,False,Brooks Stadium (SC)
401634170,2024,2,regular,2024-09-07 23:00:00,Eastern Illinois,Indiana State,Big South-OVC,MVFC,27.0,20.0,False,False,O'Brien Stadium
401634213,2024,2,regular,2024-09-07 23:00:00,South Dakota State,Incarnate Word,MVFC,Southland,45.0,24.0,False,False,Dana J. Dykhouse Stadium
401654585,2024,2,regular,2024-09-07 23:00:00,Lamar,Mississippi Valley State,Southland,SWAC,28.0,14.0,False,False,Provost Umphrey Stadium
401643782,2024,2,regular,2024-09-07 23:00:00,Southern Miss,SE Louisiana,Sun Belt,Southland,35.0,10.0,False,False,M. M. Roberts Stadium
401676048,2024,2,regular,2024-09-07 23:00:00,Huntingdon,Berry,USA South,Southern Athletic,7.0,43.0,False,False,Charles Lee Field at Samford Stadium
401675505,2024,2,regular,2024-09-07 23:00:00,Newberry,Valdosta State,South Atlantic,Gulf South,14.0,27.0,False,False,Setzler Field
401674526,2024,2,regular,2024-09-07 23:00:00,Delta State,Missouri S&T,Gulf South,Great Lakes,55.0,18.0,False,False,Parker Field at McCool Stadium
401674306,2024,2,regular,2024-09-07 23:00:00,Walsh,Wheeling,Great Midwest Athletic,Mountain East,10.0,14.0,False,False,Tom Benson Hall of Fame Stadium
401675509,2024,2,regular,2024-09-07 23:00:00,West Alabama,Tusculum,Gulf South,South Atlantic,45.0,9.0,False,False,Tiger Stadium (AL)
401673946,2024,2,regular,2024-09-07 23:00:00,Augustana (IL),Simpson (IA),CCIW,American Rivers,30.0,13.0,False,False,Charles D. Lindberg Stadium
401643708,2024,2,regular,2024-09-07 23:00:00,Nevada,Georgia Southern,Mountain West,Sun Belt,17.0,20.0,False,False,Mackay Stadium
401628344,2024,2,regular,2024-09-07 23:00:00,Missouri,Buffalo,SEC,Mid-American,38.0,0.0,False,False,Memorial Stadium
401632070,2024,2,regular,2024-09-07 23:00:00,Austin Peay,Southern Illinois,UAC,MVFC,17.0,31.0,False,False,Governors Stadium
401656598,2024,2,regular,2024-09-07 23:00:00,Howard,Mercyhurst,MEAC,NEC,32.0,31.0,False,False,William H. Greene Stadium
401643705,2024,2,regular,2024-09-07 23:00:00,Air Force,San José State,Mountain West,Mountain West,7.0,17.0,False,True,Falcon Stadium
401628338,2024,2,regular,2024-09-07 23:00:00,Florida,Samford,SEC,Southern,45.0,7.0,False,False,Ben Hill Griffin Stadium
401628462,2024,2,regular,2024-09-07 23:00:00,Illinois,Kansas,Big Ten,Big 12,23.0,17.0,False,False,"Memorial Stadium (Champaign, IL)"
401643706,2024,2,regular,2024-09-07 23:00:00,Colorado State,Northern Colorado,Mountain West,Big Sky,38.0,17.0,False,False,Canvas Stadium
401643780,2024,2,regular,2024-09-07 23:00:00,UL Monroe,UAB,Sun Belt,American Athletic,32.0,6.0,False,False,Malone Stadium
401643779,2024,2,regular,2024-09-07 23:00:00,Arkansas State,Tulsa,Sun Belt,American Athletic,28.0,24.0,False,False,Centennial Bank Stadium
401674663,2024,2,regular,2024-09-07 23:00:00,Trinity (TX),Texas Lutheran,Southern Athletic,Southern Collegiate Athletic,20.0,35.0,False,False,Trinity University Stadium
401635639,2024,2,regular,2024-09-07 23:00:00,Wake Forest,Virginia,ACC,ACC,30.0,31.0,False,True,Allegacy Federal Credit Union Stadium
401634198,2024,2,regular,2024-09-07 23:00:00,North Dakota,Montana,MVFC,Big Sky,27.0,24.0,False,False,Alerus Center
401634190,2024,2,regular,2024-09-07 23:00:00,Murray State,Butler,MVFC,Pioneer,17.0,19.0,False,False,Roy Stewart Stadium
401655660,2024,2,regular,2024-09-07 23:00:00,Davidson,Catawba,Pioneer,South Atlantic,49.0,14.0,False,False,Richardson Stadium
401632068,2024,2,regular,2024-09-07 23:00:00,Western Kentucky,Eastern Kentucky,Conference USA,UAC,31.0,0.0,False,False,Houchens Industries-L.T. Smith Stadium
401628335,2024,2,regular,2024-09-07 23:00:00,Alabama,South Florida,SEC,American Athletic,42.0,16.0,False,False,Bryant-Denny Stadium
401636388,2024,2,regular,2024-09-07 23:00:00,Jackson State,Lane College,SWAC,SIAC,58.0,7.0,False,False,Mississippi Veterans Memorial Stadium
401654664,2024,2,regular,2024-09-07 23:00:00,Houston Christian,Tarleton State,Southland,UAC,18.0,35.0,False,False,Husky Stadium
401645326,2024,2,regular,2024-09-07 23:00:00,Rice,Texas Southern,American Athletic,SWAC,69.0,7.0,False,False,Rice Stadium
401674308,2024,2,regular,2024-09-07 23:00:00,Minnesota State,Bemidji State,Northern Sun,Northern Sun,31.0,29.0,False,True,Blakeslee Stadium
401675816,2024,2,regular,2024-09-07 23:00:00,Northern State,Sioux Falls,Northern Sun,Northern Sun,10.0,34.0,False,True,Swisher Field
401635539,2024,2,regular,2024-09-07 23:00:00,Stanford,Cal Poly,ACC,Big Sky,41.0,7.0,False,False,Stanford Stadium
401632459,2024,2,regular,2024-09-07 23:00:00,Georgia State,Chattanooga,Sun Belt,Southern,24.0,21.0,False,False,Center Parc Stadium
401634250,2024,2,regular,2024-09-07 23:00:00,Alabama A&M,Kentucky State,SWAC,SIAC,49.0,7.0,False,False,Louis Crews Stadium
401655623,2024,2,regular,2024-09-07 23:00:00,Eastern Washington,Drake,Big Sky,Pioneer,32.0,35.0,False,False,Roos Field
401674740,2024,2,regular,2024-09-07 23:00:00,North Park,Ripon,CCIW,Midwest,42.0,41.0,False,False,Holmgren Athletic Complex
401636381,2024,2,regular,2024-09-07 23:00:00,Grambling,Tuskegee,SWAC,SIAC,37.0,20.0,False,False,Eddie Robinson Stadium
401674543,2024,2,regular,2024-09-07 23:00:00,Upper Iowa,Concordia St. Paul,Great Lakes,Northern Sun,33.0,7.0,False,False,Harms-Eischeid Stadium
401628349,2024,2,regular,2024-09-07 23:30:00,Vanderbilt,Alcorn State,SEC,SWAC,55.0,0.0,False,False,FirstBank Stadium
401645325,2024,2,regular,2024-09-07 23:30:00,North Texas,Stephen F. Austin,American Athletic,Southland,35.0,20.0,False,False,DATCU Stadium
401628467,2024,2,regular,2024-09-07 23:30:00,Nebraska,Colorado,Big Ten,Big 12,28.0,10.0,False,False,"Memorial Stadium (Lincoln, NE)"
401628346,2024,2,regular,2024-09-07 23:30:00,NC State,Tennessee,ACC,SEC,10.0,51.0,True,False,Bank of America Stadium
401628468,2024,2,regular,2024-09-07 23:30:00,Ohio State,Western Michigan,Big Ten,Mid-American,56.0,0.0,False,False,Ohio Stadium
401628341,2024,2,regular,2024-09-07 23:30:00,LSU,Nicholls,SEC,Southland,44.0,21.0,False,False,Tiger Stadium (LA)
401628345,2024,2,regular,2024-09-07 23:45:00,Oklahoma,Houston,SEC,Big 12,16.0,12.0,False,False,"Memorial Stadium (Norman, OK)"
401674656,2024,2,regular,2024-09-08 00:00:00,Southwestern U,McMurry,Southern Athletic,Southern Collegiate Athletic,24.0,20.0,False,False,Birkelbach Field
401628597,2024,2,regular,2024-09-08 00:00:00,Montana State,Maine,Big Sky,Coastal Athletic,41.0,24.0,False,False,Bobcat Stadium
401673240,2024,2,regular,2024-09-08 00:00:00,Western Colorado,Midwestern State,Rocky Mountain,Lone Star,38.0,33.0,False,False,Mountaineer Bowl
401635532,2024,2,regular,2024-09-08 00:00:00,Clemson,App State,ACC,Sun Belt,66.0,20.0,False,False,"Memorial Stadium (Clemson, SC)"
401636615,2024,2,regular,2024-09-08 00:00:00,TCU,Long Island University,Big 12,NEC,45.0,0.0,False,False,Amon G. Carter Stadium
401674616,2024,2,regular,2024-09-08 00:00:00,Nebraska Wesleyan,Dakota State University,American Rivers,,25.0,41.0,True,False,Abel Stadium
401673140,2024,2,regular,2024-09-08 00:00:00,Adams State,Western New Mexico,Rocky Mountain,Lone Star,30.0,39.0,False,False,Rex Stadium
401632067,2024,2,regular,2024-09-08 00:00:00,Abilene Christian,West Georgia,UAC,UAC,38.0,24.0,False,True,Wildcat Stadium (TX)
401636354,2024,2,regular,2024-09-08 00:00:00,Arkansas-Pine Bluff,Arkansas Baptist,SWAC,,73.0,0.0,False,False,Golden Lion Stadium
401674988,2024,2,regular,2024-09-08 00:00:00,Northwestern (MN),St. Olaf,Upper Midwest,Minnesota,21.0,39.0,False,False,Reynolds Field
401674140,2024,2,regular,2024-09-08 00:00:00,Central Oklahoma,Langston,Mid America,,72.0,0.0,False,False,Wantland Stadium
401676204,2024,2,regular,2024-09-08 00:00:00,Centenary (LA),Hendrix,Southern Collegiate Athletic,Southern Athletic,20.0,43.0,True,False,Mayo Field
401673270,2024,2,regular,2024-09-08 00:00:00,CSU Pueblo,UT Permian Basin,Rocky Mountain,Lone Star,40.0,23.0,False,False,Neta and Eddie DeRose ThunderBowl
401637160,2024,2,regular,2024-09-08 00:00:00,Weber State,Portland State,Big Sky,Big Sky,43.0,16.0,False,True,Stewart Stadium
401674160,2024,2,regular,2024-09-08 00:00:00,Fort Hays,Missouri Western,Mid America,Mid America,30.0,16.0,False,True,Lewis Field Stadium
401674743,2024,2,regular,2024-09-08 00:00:00,Rhodes,Washington St. Louis,Southern Athletic,CCIW,20.0,44.0,False,False,Crain Field
401674622,2024,2,regular,2024-09-08 00:00:00,Monmouth (IL),Wartburg,Midwest,American Rivers,24.0,38.0,False,False,April Zorn Memorial Stadium
401674180,2024,2,regular,2024-09-08 00:00:00,Nebraska Kearney,Northwest Missouri State,Mid America,Mid America,21.0,14.0,False,True,Ron & Carol Cope Stadium at Foster Field
401674168,2024,2,regular,2024-09-08 00:00:00,Missouri Southern State,Pittsburg State,Mid America,Mid America,17.0,42.0,False,True,Fred G. Hughes Stadium
401675530,2024,2,regular,2024-09-08 00:00:00,Eastern New Mexico,Sul Ross State,Lone Star,Lone Star,36.0,17.0,False,True,Al Whitehead Field at Greyhound Stadium
401632072,2024,2,regular,2024-09-08 01:00:00,UTEP,Southern Utah,Conference USA,UAC,24.0,27.0,False,False,Sun Bowl
401676197,2024,2,regular,2024-09-08 02:00:00,Chapman,Pacific (OR),So. Cal.,Northwest,43.0,23.0,False,False,Ernie Chapman Stadium
401643707,2024,2,regular,2024-09-08 02:00:00,Fresno State,Sacramento State,Mountain West,Big Sky,46.0,30.0,False,False,Valley Children's Stadium
401636859,2024,2,regular,2024-09-08 02:00:00,Washington State,Texas Tech,Pac-12,Big 12,37.0,16.0,False,False,Gesa Field
401654850,2024,2,regular,2024-09-08 02:00:00,UC Davis,East Texas A&M,Big Sky,Southland,36.0,22.0,False,False,Aggie Stadium
401636614,2024,2,regular,2024-09-08 02:00:00,Arizona,Northern Arizona,Big 12,Big Sky,22.0,10.0,False,False,Arizona Stadium
401628469,2024,2,regular,2024-09-08 02:00:00,Oregon,Boise State,Big Ten,Mountain West,37.0,34.0,False,False,Autzen Stadium
401677718,2024,2,regular,2024-09-08 02:00:00,Pacific Lutheran,Simpson (CA),Northwest,,43.0,0.0,False,False,Sparks Stadium
401640989,2024,2,regular,2024-09-08 02:15:00,New Mexico State,Liberty,Conference USA,Conference USA,24.0,30.0,False,True,Aggie Memorial Stadium
401628343,2024,2,regular,2024-09-08 02:30:00,Arizona State,Mississippi State,Big 12,SEC,30.0,23.0,False,False,Mountain America Stadium
401643709,2024,2,regular,2024-09-08 02:30:00,San Diego State,Oregon State,Mountain West,Pac-12,0.0,21.0,False,False,Snapdragon Stadium
401628472,2024,2,regular,2024-09-08 03:00:00,USC,Utah State,Big Ten,Mountain West,48.0,0.0,False,False,Los Angeles Memorial Coliseum
401675924,2024,2,regular,2024-09-08 17:00:00,Redlands,George Fox,So. Cal.,Northwest,3.0,17.0,True,False,Fritz B. Burns Stadium
401674485,2024,3,regular,2024-09-12 23:00:00,Northwestern (OK),Ouachita Baptist,Great American,Great American,2.0,56.0,False,True,Ranger Field
401636867,2024,3,regular,2024-09-12 23:30:00,Texas State,Arizona State,Sun Belt,Big 12,28.0,31.0,False,False,Bobcat Stadium (TX)
401643788,2024,3,regular,2024-09-12 23:30:00,South Alabama,Northwestern State,Sun Belt,Southland,87.0,10.0,False,False,Hancock Whitney Stadium
401673371,2024,3,regular,2024-09-13 16:00:00,West Virginia State,Carson Newman,Mountain East,South Atlantic,25.0,56.0,False,False,Dickerson Stadium
401674821,2024,3,regular,2024-09-13 22:00:00,Wilkes,Rensselaer,Landmark Conference,Liberty League,25.0,32.0,False,False,Schmidt Stadium
401676723,2024,3,regular,2024-09-13 23:00:00,Pace,New Haven,Northeast 10,Northeast 10,17.0,47.0,False,True,Pace Stadium
401674896,2024,3,regular,2024-09-13 23:00:00,Mass Maritime,Western Connecticut State,MSCAC,MSCAC,6.0,44.0,False,True,Clean Harbors Stadium
401674854,2024,3,regular,2024-09-13 23:00:00,Norwich,St. Lawrence,NEWMAC,Liberty League,9.0,20.0,False,False,Sabine Field at Haynes Family Stadium
401676771,2024,3,regular,2024-09-13 23:00:00,WPI,New England,NEWMAC,Commonwealth Coast,31.0,13.0,False,False,"Alumni Stadium (Worcester, MA)"
401636863,2024,3,regular,2024-09-13 23:00:00,Kansas,UNLV,Big 12,Mountain West,20.0,23.0,True,False,Children's Mercy Park
401676110,2024,3,regular,2024-09-13 23:00:00,Hiram,Mount St Joseph,North Coast,Heartland,7.0,28.0,False,False,Charles A. Henry Field
401689234,2024,3,regular,2024-09-13 23:00:00,Southern Connecticut State,American International,Northeast 10,Northeast 10,35.0,21.0,False,True,Jess Dow Field
401636864,2024,3,regular,2024-09-14 00:00:00,Kansas State,Arizona,Big 12,Big 12,31.0,7.0,False,False,Bill Snyder Family Stadium
401674566,2024,3,regular,2024-09-14 16:00:00,Michigan Tech,Hillsdale,GLIAC,Great Midwest Athletic,21.0,6.0,False,False,Sherman Field
401674887,2024,3,regular,2024-09-14 16:00:00,Fitchburg State,UMass Dartmouth,MSCAC,MSCAC,7.0,73.0,False,True,Elliot Field Athletic Complex
401674756,2024,3,regular,2024-09-14 16:00:00,SUNY Cortland,Lycoming,Empire 8,Landmark Conference,70.0,7.0,False,False,Stadium Red Field
401674826,2024,3,regular,2024-09-14 16:00:00,Randolph Macon,Hobart,Old Dominion,Liberty League,14.0,7.0,False,False,Day Field
401675377,2024,3,regular,2024-09-14 16:00:00,Bowie State,Davenport,CIAA,GLIAC,14.0,17.0,False,False,Bulldogs Stadium
401674904,2024,3,regular,2024-09-14 16:00:00,Worcester State,Plymouth State,MSCAC,MSCAC,27.0,21.0,False,True,John Coughlin Memorial Field
401676054,2024,3,regular,2024-09-14 16:00:00,Greensboro,Averett,USA South,Old Dominion,20.0,27.0,False,False,Jamieson Stadium
401636865,2024,3,regular,2024-09-14 16:00:00,Miami (OH),Cincinnati,Mid-American,Big 12,16.0,27.0,False,False,Yager Stadium
401628350,2024,3,regular,2024-09-14 16:00:00,Wisconsin,Alabama,Big Ten,SEC,10.0,42.0,False,False,Camp Randall Stadium
401654574,2024,3,regular,2024-09-14 16:00:00,Saint Francis,Central Connecticut,NEC,NEC,20.0,27.0,False,True,DeGol Field
401635542,2024,3,regular,2024-09-14 16:00:00,Florida State,Memphis,ACC,American Athletic,12.0,20.0,False,False,Doak Campbell Stadium
401628475,2024,3,regular,2024-09-14 16:00:00,Illinois,Central Michigan,Big Ten,Mid-American,30.0,9.0,False,False,"Memorial Stadium (Champaign, IL)"
401674637,2024,3,regular,2024-09-14 16:00:00,Curry,Hardin Simmons,Commonwealth Coast,American Southwest,21.0,73.0,False,False,Walter M. Katz Field
401636869,2024,3,regular,2024-09-14 16:00:00,Tulsa,Oklahoma State,American Athletic,Big 12,10.0,45.0,False,False,Chapman Stadium
401674349,2024,3,regular,2024-09-14 16:00:00,West Chester,California (PA),Pennsylvania State Athletic,Pennsylvania State Athletic,28.0,38.0,False,True,John A. Farrell Stadium
401673429,2024,3,regular,2024-09-14 16:00:00,FDU Florham,Albright,Mid Atlantic,Mid Atlantic,35.0,7.0,False,True,Robert T. Shields Field
401674373,2024,3,regular,2024-09-14 16:00:00,Kutztown,Edinboro,Pennsylvania State Athletic,Pennsylvania State Athletic,26.0,0.0,False,True,Andre Reed Stadium
401635546,2024,3,regular,2024-09-14 16:00:00,NC State,Louisiana Tech,ACC,Conference USA,30.0,20.0,False,False,Carter-Finley Stadium
401677402,2024,3,regular,2024-09-14 16:00:00,Buffalo State,Hilbert,Liberty League,Empire 8,42.0,6.0,False,False,Coyer Field
401677453,2024,3,regular,2024-09-14 16:00:00,Anna Maria College,Coast Guard,ECFC,NEWMAC,45.0,52.0,False,False,Caparso Field
401636868,2024,3,regular,2024-09-14 16:00:00,Texas Tech,North Texas,Big 12,American Athletic,66.0,21.0,False,False,Jones AT&T Stadium
401628479,2024,3,regular,2024-09-14 16:00:00,Michigan,Arkansas State,Big Ten,Sun Belt,28.0,18.0,False,False,Michigan Stadium
401654595,2024,3,regular,2024-09-14 16:00:00,Long Island University,Lehigh,NEC,Patriot,17.0,20.0,True,False,Bethpage Federal Credit Union Stadium
401656952,2024,3,regular,2024-09-14 16:00:00,Robert Morris,Mercyhurst,NEC,NEC,55.0,28.0,False,True,Joe Walton Stadium
401654848,2024,3,regular,2024-09-14 16:00:00,The Citadel,North Greenville,Southern,Gulf South,54.0,0.0,False,False,Johnson Hagood Stadium
401628359,2024,3,regular,2024-09-14 16:00:00,South Carolina,LSU,SEC,SEC,33.0,36.0,False,True,Williams-Brice Stadium
401676190,2024,3,regular,2024-09-14 16:00:00,Gallaudet,Merchant Marine,ECFC,NEWMAC,7.0,55.0,False,False,Hotchkiss Field
401676360,2024,3,regular,2024-09-14 16:00:00,Muskingum,Otterbein,Ohio,Ohio,24.0,7.0,False,True,Sherman Field at McConagha Stadium
401676654,2024,3,regular,2024-09-14 16:00:00,Eastern,Widener,Mid Atlantic,Mid Atlantic,13.0,27.0,True,True,O'Hara Field
401676749,2024,3,regular,2024-09-14 16:00:00,Shepherd,Slippery Rock,Pennsylvania State Athletic,Pennsylvania State Athletic,10.0,20.0,False,True,Ram Stadium (WV)
401677372,2024,3,regular,2024-09-14 16:00:00,Nichols,Maine Maritime,Commonwealth Coast,Independent DIII,63.0,12.0,False,False,Vendetti Field
401654624,2024,3,regular,2024-09-14 16:30:00,Lafayette,Marist,Patriot,Pioneer,56.0,14.0,False,False,Fisher Field
401628357,2024,3,regular,2024-09-14 16:45:00,Missouri,Boston College,SEC,ACC,27.0,21.0,False,False,Memorial Stadium
401673382,2024,3,regular,2024-09-14 17:00:00,Emory & Henry,Bluefield State,South Atlantic,CIAA,40.0,13.0,False,False,Fred Selfe Stadium at Nicewonder Field
401658349,2024,3,regular,2024-09-14 17:00:00,Erskine,Elizabeth City State,Gulf South,CIAA,0.0,20.0,False,False,J.W. Babb Stadium
401676619,2024,3,regular,2024-09-14 17:00:00,Allegheny,Saint Vincent,Presidents',Presidents',20.0,41.0,False,True,Frank B. Fuhrer Field
401676237,2024,3,regular,2024-09-14 17:00:00,Kean,Ursinus,New Jersey,Centennial,17.0,31.0,False,False,Kean Alumni Stadium
401676142,2024,3,regular,2024-09-14 17:00:00,Oberlin,Anderson (IN),North Coast,Heartland,6.0,20.0,False,False,Austin E. Knowlton Athletics Complex
401675463,2024,3,regular,2024-09-14 17:00:00,Lenoir Rhyne,Tiffin,South Atlantic,Great Midwest Athletic,38.0,17.0,False,False,Helen and Leonard Moretz Stadium
401679012,2024,3,regular,2024-09-14 17:00:00,Trinity (CT),Colby,NESCAC,NESCAC,17.0,7.0,False,True,Jessee/Miller Field
401676673,2024,3,regular,2024-09-14 17:00:00,Rowan,McDaniel,New Jersey,Centennial,30.0,20.0,False,False,Richard Wackar Stadium
401676207,2024,3,regular,2024-09-14 17:00:00,Concordia (WI),Calvin,NACC,Michigan,34.0,24.0,False,False,Tomasini Stadium
401676706,2024,3,regular,2024-09-14 17:00:00,Franklin Pierce,Assumption,Northeast 10,Northeast 10,7.0,27.0,True,True,Sodexo Field
401629041,2024,3,regular,2024-09-14 17:00:00,Buffalo,Massachusetts,Mid-American,FBS Independents,34.0,3.0,False,False,UB Stadium
401676634,2024,3,regular,2024-09-14 17:00:00,Carnegie Mellon,Geneva,Presidents',Presidents',41.0,7.0,False,True,Gesling Stadium
401676662,2024,3,regular,2024-09-14 17:00:00,Keystone,Hartwick,Landmark Conference,Empire 8,51.0,26.0,False,False,Athletic Field Complex
401676761,2024,3,regular,2024-09-14 17:00:00,Western New England,Salve Regina,Commonwealth Coast,NEWMAC,45.0,27.0,False,False,Golden Bear Stadium
401677466,2024,3,regular,2024-09-14 17:00:00,King's,Misericordia,Mid Atlantic,Mid Atlantic,41.0,14.0,False,True,McCarthy Stadium (Wilkes Barre)
401676418,2024,3,regular,2024-09-14 17:00:00,Westminster (PA),Waynesburg,Presidents',Presidents',23.0,10.0,False,True,Memorial Field (PA)
401654633,2024,3,regular,2024-09-14 17:00:00,Sacred Heart,Georgetown,FCS Independents,Patriot,40.0,14.0,False,False,Campus Field
401628616,2024,3,regular,2024-09-14 17:00:00,Fordham,Stony Brook,Patriot,Coastal Athletic,21.0,27.0,False,False,Jack Coffey Field
401634159,2024,3,regular,2024-09-14 17:00:00,Illinois State,Western Illinois,MVFC,Big South-OVC,51.0,34.0,False,False,Hancock Stadium
401655666,2024,3,regular,2024-09-14 17:00:00,Presbyterian,Virginia Lynchburg,Pioneer,,52.0,0.0,False,False,Bailey Memorial Stadium
401628609,2024,3,regular,2024-09-14 17:00:00,North Carolina A&T,Delaware,Coastal Athletic,CAA,13.0,42.0,False,True,Aggie Stadium
401674764,2024,3,regular,2024-09-14 17:00:00,Albion,Bluffton,Michigan,Heartland,56.0,21.0,False,False,Sprankle-Sprandel Stadium
401674936,2024,3,regular,2024-09-14 17:00:00,Olivet,Wooster,Michigan,North Coast,27.0,23.0,False,False,Cutler Field
401674933,2024,3,regular,2024-09-14 17:00:00,Kalamazoo,Kenyon,Michigan,North Coast,28.0,7.0,False,False,Angell Field
401674877,2024,3,regular,2024-09-14 17:00:00,Framingham State,Vermont State Castleton,MSCAC,MSCAC,13.0,32.0,False,True,Bowditch Field
401674834,2024,3,regular,2024-09-14 17:00:00,Ithaca,Endicott,Liberty League,Commonwealth Coast,7.0,13.0,False,False,Butterfield Stadium
401674816,2024,3,regular,2024-09-14 17:00:00,Susquehanna,Brockport,Landmark Conference,Empire 8,27.0,21.0,False,False,Amos Alonzo Stagg Field (PA)
401674774,2024,3,regular,2024-09-14 17:00:00,Hope,Franklin,Michigan,Heartland,48.0,6.0,False,False,Ray and Sue Smith Stadium
401674747,2024,3,regular,2024-09-14 17:00:00,Alfred,Juniata,Empire 8,Landmark Conference,64.0,28.0,False,False,Merrill Field at Yunevich Stadium
401674712,2024,3,regular,2024-09-14 17:00:00,Husson,Springfield,Commonwealth Coast,NEWMAC,7.0,76.0,False,False,Dr. John W. Winkin Sports Complex
401674670,2024,3,regular,2024-09-14 17:00:00,William Paterson,Dickinson,New Jersey,Centennial,0.0,24.0,False,False,Wightman Stadium
401674579,2024,3,regular,2024-09-14 17:00:00,Wayne State (MI),Findlay,GLIAC,Great Midwest Athletic,30.0,42.0,False,False,Tom Adams Field
401673438,2024,3,regular,2024-09-14 17:00:00,Lebanon Valley,Stevenson,Mid Atlantic,Mid Atlantic,37.0,7.0,False,True,Arnold Field (PA)
401673419,2024,3,regular,2024-09-14 17:00:00,Delaware Valley,Alvernia,Mid Atlantic,Mid Atlantic,42.0,7.0,False,True,Robert A. Lipinski Field at James Work Memorial Stadium
401658359,2024,3,regular,2024-09-14 17:00:00,West Liberty,Frostburg State,Mountain East,Mountain East,23.0,57.0,False,True,West Family Stadium
401658338,2024,3,regular,2024-09-14 17:00:00,Northwood,Saginaw Valley State,Great Midwest Athletic,GLIAC,10.0,7.0,False,False,Hantz Stadium
401675498,2024,3,regular,2024-09-14 17:00:00,Shorter,Webber International,Gulf South,,0.0,0.0,False,False,Barron Stadium
401676062,2024,3,regular,2024-09-14 17:00:00,Brevard,Hampden Sydney,USA South,Old Dominion,30.0,51.0,False,False,Brevard Memorial Stadium
401676170,2024,3,regular,2024-09-14 17:00:00,Middlebury,Wesleyan (CT),NESCAC,NESCAC,7.0,43.0,False,True,Alumni Stadium (VT)
401676146,2024,3,regular,2024-09-14 17:00:00,Amherst,Bates,NESCAC,NESCAC,19.0,7.0,False,True,Pratt Field at Lehrman Stadium
401675799,2024,3,regular,2024-09-14 17:00:00,Johnson C. Smith,Lincoln (PA),CIAA,CIAA,52.0,6.0,False,True,Irwin Belk Complex
401673409,2024,3,regular,2024-09-14 17:00:00,Moravian,Utica,Landmark Conference,Empire 8,18.0,13.0,False,False,Rocco Calvo Field
401676076,2024,3,regular,2024-09-14 17:00:00,Shippensburg,Clarion,Pennsylvania State Athletic,Pennsylvania State Athletic,24.0,21.0,False,True,Seth Grove Stadium
401676735,2024,3,regular,2024-09-14 17:00:00,Saint Anselm,Bentley,Northeast 10,Northeast 10,0.0,3.0,False,True,Grappone Stadium
401676306,2024,3,regular,2024-09-14 17:00:00,Catholic,Capital,Landmark Conference,Ohio,38.0,20.0,False,False,Cardinal Stadium (DC)
401675587,2024,3,regular,2024-09-14 17:00:00,Florida Memorial University,Clark Atlanta,,SIAC,28.0,28.0,True,False,
401675600,2024,3,regular,2024-09-14 17:00:00,Fort Valley State,Kentucky State,SIAC,SIAC,42.0,0.0,False,True,Wildcat Stadium (GA)
401676100,2024,3,regular,2024-09-14 17:00:00,Berry,DePauw,Southern Athletic,North Coast,0.0,33.0,False,False,Valhalla Stadium
401674925,2024,3,regular,2024-09-14 17:00:00,Denison,Alma,North Coast,Michigan,30.0,38.0,False,False,Deeds Field-Piper Stadium
401676155,2024,3,regular,2024-09-14 17:30:00,Williams,Hamilton,NESCAC,NESCAC,42.0,7.0,False,True,Farley-Lamb Field
401676271,2024,3,regular,2024-09-14 17:30:00,Wilmington (OH),Baldwin Wallace,Ohio,Ohio,7.0,42.0,False,True,Wiliams Stadium (OH)
401655861,2024,3,regular,2024-09-14 18:00:00,St. Thomas (MN),Black Hills State,Pioneer,Rocky Mountain,24.0,14.0,False,False,O'Shaughnessy Stadium
401634246,2024,3,regular,2024-09-14 18:00:00,Youngstown State,Duquesne,MVFC,NEC,25.0,28.0,False,False,Stambaugh Stadium
401654678,2024,3,regular,2024-09-14 18:00:00,Furman,Stetson,Southern,Pioneer,48.0,7.0,False,False,Paladin Stadium
401628615,2024,3,regular,2024-09-14 18:00:00,Richmond,Charleston Southern,Coastal Athletic,Big South-OVC,38.0,0.0,False,False,E. Claiborne Robins Stadium
401677464,2024,3,regular,2024-09-14 18:00:00,Chicago,Monmouth (IL),Midwest,Midwest,21.0,34.0,False,True,Amos Alonzo Stagg Field
401675898,2024,3,regular,2024-09-14 18:00:00,Wisconsin Eau Claire,Coe,Wisconsin,American Rivers,41.0,43.0,False,False,Carson Park
401675824,2024,3,regular,2024-09-14 18:00:00,Sioux Falls,University of Mary,Northern Sun,Northern Sun,35.0,33.0,False,True,Bob Young Field
401676446,2024,3,regular,2024-09-14 18:00:00,Washington and Lee,Apprentice School,Old Dominion,Independent DIII,68.0,28.0,False,False,Wilson Field
401675546,2024,3,regular,2024-09-14 18:00:00,Sul Ross State,Wayland Baptist,Lone Star,,52.0,51.0,False,False,Jackson Field
401674617,2024,3,regular,2024-09-14 18:00:00,Mayville State,Nebraska Wesleyan,,American Rivers,24.0,34.0,True,False,
401634199,2024,3,regular,2024-09-14 18:00:00,North Dakota,Idaho State,MVFC,Big Sky,52.0,28.0,False,False,Alerus Center
401675027,2024,3,regular,2024-09-14 18:00:00,St. Scholastica,Rockford,Minnesota,NACC,24.0,31.0,False,False,Public Schools Stadium
401675020,2024,3,regular,2024-09-14 18:00:00,Lawrence,Cornell (IA),Midwest,Midwest,21.0,31.0,False,True,Ron Roberts Field at the Banta Bowl
401675954,2024,3,regular,2024-09-14 18:00:00,St. Norbert,Wisconsin Stevens Point,NACC,Wisconsin,3.0,24.0,False,False,Donald J. Schneider Stadium
401628618,2024,3,regular,2024-09-14 18:00:00,Bryant,Holy Cross,Coastal Athletic,Patriot,22.0,43.0,False,False,Bulldog Stadium
401675937,2024,3,regular,2024-09-14 18:00:00,Roosevelt,Wisconsin Whitewater,GLIAC,Wisconsin,14.0,24.0,True,False,Morris Field
401674623,2024,3,regular,2024-09-14 18:00:00,Saint John's (MN),Wartburg,Minnesota,American Rivers,35.0,13.0,False,False,Clemens Stadium
401674999,2024,3,regular,2024-09-14 18:00:00,Ripon,Grinnell,Midwest,Midwest,23.0,19.0,False,True,Ingalls Field
401674989,2024,3,regular,2024-09-14 18:00:00,St. Olaf,Luther,Minnesota,American Rivers,53.0,7.0,False,False,Klein Field at Manitou
401674339,2024,3,regular,2024-09-14 18:00:00,Bloomsburg,Seton Hill,Pennsylvania State Athletic,Pennsylvania State Athletic,14.0,15.0,False,True,Robert B. Redman Stadium
401673446,2024,3,regular,2024-09-14 18:00:00,Lake Forest,Illinois College,Midwest,Midwest,42.0,35.0,False,True,Farwell Field
401673276,2024,3,regular,2024-09-14 18:00:00,Washburn,Colorado School of Mines,Mid America,Rocky Mountain,28.0,31.0,False,False,Yager Stadium at Moore Bowl
401674573,2024,3,regular,2024-09-14 18:00:00,Wisconsin La Crosse,Northern Michigan,Wisconsin,GLIAC,35.0,21.0,False,False,Veterans Memorial Stadium (WI)
401675971,2024,3,regular,2024-09-14 18:00:00,Westfield State,Bridgewater State,MSCAC,MSCAC,24.0,17.0,False,True,"Alumni Field (Westfield, MA)"
401676119,2024,3,regular,2024-09-14 18:00:00,Sewanee,Westminster (MO),Southern Athletic,Upper Midwest,42.0,0.0,False,False,Hardee-McGee Field
401674583,2024,3,regular,2024-09-14 18:00:00,Wisconsin Lutheran,Buena Vista,NACC,American Rivers,44.0,13.0,False,False,Warrior Field at Raabe Stadium
401643786,2024,3,regular,2024-09-14 18:00:00,Temple,Coastal Carolina,American Athletic,Sun Belt,20.0,28.0,False,False,Lincoln Financial Field
401673250,2024,3,regular,2024-09-14 18:00:00,South Dakota Mines,Upper Iowa,Rocky Mountain,Great Lakes,17.0,10.0,False,False,O'Harra Stadium
401675294,2024,3,regular,2024-09-14 18:00:00,Wabash,Ohio Wesleyan,North Coast,North Coast,30.0,13.0,False,True,Little Giant Stadium
401675997,2024,3,regular,2024-09-14 18:00:00,Bridgewater,Southern Virginia,Old Dominion,USA South,80.0,0.0,False,False,Jopson Athletic Complex
401675981,2024,3,regular,2024-09-14 18:30:00,Wisconsin Oshkosh,Linfield,Wisconsin,Northwest,28.0,21.0,False,False,J.J. Keller Field at Titan Stadium
401675448,2024,3,regular,2024-09-14 18:30:00,Lake Erie,Post,Great Midwest Athletic,Northeast 10,28.0,27.0,False,False,Jack Britt Memorial Stadium
401656599,2024,3,regular,2024-09-14 19:00:00,Howard,Morehouse,MEAC,SIAC,35.0,21.0,True,False,MetLife Stadium
401676251,2024,3,regular,2024-09-14 19:00:00,The College of New Jersey,Franklin & Marshall,New Jersey,Centennial,17.0,13.0,False,False,Lions Stadium
401675477,2024,3,regular,2024-09-14 19:00:00,Wingate,Delta State,South Atlantic,Gulf South,21.0,7.0,False,False,Irwin Belk Stadium
401674319,2024,3,regular,2024-09-14 19:00:00,Minnesota Duluth,Minnesota St Moorhead,Northern Sun,Northern Sun,29.0,30.0,False,True,James S. Malosky Stadium
401675946,2024,3,regular,2024-09-14 19:00:00,Dickinson State University,Wisconsin Stout,,Wisconsin,20.0,22.0,True,False,Henry Biesiot Activities Center
401673280,2024,3,regular,2024-09-14 19:00:00,Colorado Mesa,Central Washington,Rocky Mountain,Lone Star,12.0,28.0,False,False,Ralph Stocker Stadium
401655625,2024,3,regular,2024-09-14 19:00:00,Montana,Morehead State,Big Sky,Pioneer,59.0,2.0,False,False,Washington-Grizzly Stadium
401654498,2024,3,regular,2024-09-14 19:00:00,Delaware State,Wagner,MEAC,NEC,7.0,30.0,False,False,Alumni Stadium
401674223,2024,3,regular,2024-09-14 19:00:00,Minot State,Northern State,Northern Sun,Northern Sun,17.0,14.0,False,True,Herb Parker Stadium
401674309,2024,3,regular,2024-09-14 19:00:00,Bemidji State,Southwest Minnesota State,Northern Sun,Northern Sun,33.0,0.0,False,True,Chet Anderson Stadium
401674680,2024,3,regular,2024-09-14 19:00:00,Montclair State,Gettysburg,New Jersey,Centennial,27.0,26.0,False,False,Sprague Field
401674266,2024,3,regular,2024-09-14 19:00:00,Concord,UVA Wise,Mountain East,South Atlantic,0.0,28.0,False,False,Callaghan Stadium
401674790,2024,3,regular,2024-09-14 19:30:00,Concordia Chicago,Manchester,NACC,Heartland,28.0,27.0,False,False,Concordia Stadium
401635547,2024,3,regular,2024-09-14 19:30:00,Pittsburgh,West Virginia,ACC,Big 12,38.0,34.0,False,False,Acrisure Stadium
401635544,2024,3,regular,2024-09-14 19:30:00,Miami,Ball State,ACC,Mid-American,62.0,0.0,False,False,Hard Rock Stadium
401628978,2024,3,regular,2024-09-14 19:30:00,Purdue,Notre Dame,Big Ten,FBS Independents,7.0,66.0,False,False,Ross-Ade Stadium
401628484,2024,3,regular,2024-09-14 19:30:00,Washington,Washington State,Big Ten,Pac-12,19.0,24.0,True,False,Lumen Field
401628610,2024,3,regular,2024-09-14 19:30:00,Villanova,Towson,Coastal Athletic,Coastal Athletic,14.0,13.0,False,True,Villanova Stadium
401628483,2024,3,regular,2024-09-14 19:30:00,Oregon State,Oregon,Pac-12,Big Ten,14.0,49.0,False,False,Reser Stadium
401628607,2024,3,regular,2024-09-14 19:30:00,Maine,Monmouth,Coastal Athletic,Coastal Athletic,22.0,51.0,False,True,Alfond Stadium
401628480,2024,3,regular,2024-09-14 19:30:00,Michigan State,Prairie View A&M,Big Ten,SWAC,40.0,0.0,False,False,Spartan Stadium
401628353,2024,3,regular,2024-09-14 19:30:00,Florida,Texas A&M,SEC,SEC,20.0,33.0,False,True,Ben Hill Griffin Stadium
401628481,2024,3,regular,2024-09-14 19:30:00,Minnesota,Nevada,Big Ten,Mountain West,27.0,0.0,False,False,Huntington Bank Stadium
401635543,2024,3,regular,2024-09-14 19:30:00,Georgia Tech,VMI,ACC,Southern,59.0,7.0,False,False,Bobby Dodd Stadium
401644734,2024,3,regular,2024-09-14 19:30:00,Ohio,Morgan State,Mid-American,MEAC,21.0,6.0,False,False,Peden Stadium
401628358,2024,3,regular,2024-09-14 19:30:00,Oklahoma,Tulane,SEC,American Athletic,34.0,19.0,False,False,"Memorial Stadium (Norman, OK)"
401628617,2024,3,regular,2024-09-14 20:00:00,Idaho,UAlbany,Big Sky,Coastal Athletic,41.0,13.0,False,False,Kibbie Dome
401674965,2024,3,regular,2024-09-14 20:00:00,Pacific Lutheran,Concordia (MN),Northwest,Minnesota,3.0,31.0,False,False,Sparks Stadium
401687170,2024,3,regular,2024-09-14 20:00:00,Puget Sound,Southwestern U,Northwest,Southern Athletic,19.0,47.0,False,False,Baker Stadium
401643785,2024,3,regular,2024-09-14 20:00:00,East Carolina,App State,American Athletic,Sun Belt,19.0,21.0,False,False,Dowdy-Ficklen Stadium
401674859,2024,3,regular,2024-09-14 20:00:00,Union,SUNY Maritime,Liberty League,NEWMAC,18.0,15.0,False,False,Frank Bailey Field
401637161,2024,3,regular,2024-09-14 20:00:00,Portland State,South Dakota,Big Sky,MVFC,0.0,0.0,False,False,Hillsboro Stadium
401628613,2024,3,regular,2024-09-14 20:00:00,Norfolk State,Hampton,MEAC,Coastal Athletic,7.0,37.0,False,False,"William Dick"""" Price Stadium"""""
401654603,2024,3,regular,2024-09-14 20:00:00,Northern Colorado,Abilene Christian,Big Sky,UAC,22.0,24.0,False,False,Nottingham Field
401628477,2024,3,regular,2024-09-14 20:00:00,Iowa,Troy,Big Ten,Sun Belt,38.0,21.0,False,False,Kinnick Stadium
401673265,2024,3,regular,2024-09-14 20:00:00,Fort Lewis,Phoenix,Rocky Mountain,,17.0,12.0,False,False,Ray Dennison Memorial Field
401674697,2024,3,regular,2024-09-14 20:00:00,Salisbury,Muhlenberg,New Jersey,Centennial,59.0,38.0,False,False,Sea Gull Stadium
401676321,2024,3,regular,2024-09-14 20:00:00,Whitworth,Eastern Oregon,Northwest,,31.0,19.0,False,False,The Pine Bowl
401674593,2024,3,regular,2024-09-14 20:00:00,Cal Lutheran,Central College,So. Cal.,American Rivers,10.0,35.0,False,False,William Rolland Stadium
401628351,2024,3,regular,2024-09-14 20:15:00,Arkansas,UAB,SEC,American Athletic,37.0,27.0,False,False,Razorback Stadium
401636870,2024,3,regular,2024-09-14 20:30:00,Utah State,Utah,Mountain West,Big 12,21.0,38.0,False,False,Maverik Stadium
401674689,2024,3,regular,2024-09-14 21:00:00,Christopher Newport,Johns Hopkins,New Jersey,Centennial,3.0,14.0,False,False,TowneBank Stadium
401654601,2024,3,regular,2024-09-14 21:00:00,Alcorn State,Edward Waters,SWAC,SIAC,38.0,7.0,False,False,Jack Spinks Stadium
401634135,2024,3,regular,2024-09-14 21:30:00,East Tennessee State,North Dakota State,Southern,MVFC,35.0,38.0,False,False,William B. Greene Jr. Stadium
401634171,2024,3,regular,2024-09-14 22:00:00,Indiana State,Dayton,MVFC,Pioneer,24.0,13.0,False,False,Memorial Stadium
401676007,2024,3,regular,2024-09-14 22:00:00,North Carolina Wesleyan,Ferrum,USA South,Old Dominion,24.0,28.0,False,False,Bishop Stadium
401675614,2024,3,regular,2024-09-14 22:00:00,Savannah State,Central State,SIAC,SIAC,3.0,10.0,False,True,Ted Wright Stadium
401674550,2024,3,regular,2024-09-14 22:00:00,Ferris State,Ashland,GLIAC,Great Midwest Athletic,43.0,3.0,False,False,Top Taggart Field
401674499,2024,3,regular,2024-09-14 22:00:00,Indianapolis,Truman State,Great Lakes,Great Lakes,41.0,34.0,False,True,Key Stadium
401635545,2024,3,regular,2024-09-14 22:00:00,North Carolina,North Carolina Central,ACC,MEAC,45.0,10.0,False,False,Kenan Stadium
401675763,2024,3,regular,2024-09-14 22:00:00,Shaw,Catawba,CIAA,South Atlantic,28.0,37.0,False,False,George Williams Athletic Complex
401675772,2024,3,regular,2024-09-14 22:00:00,Anderson (SC),LaGrange,South Atlantic,USA South,44.0,14.0,True,False,Spero Financial Field
401632074,2024,3,regular,2024-09-14 22:00:00,Eastern Kentucky,West Georgia,UAC,UAC,26.0,7.0,False,True,Roy Kidd Stadium
401676083,2024,3,regular,2024-09-14 22:00:00,Lock Haven,IU Pennsylvania,Pennsylvania State Athletic,Pennsylvania State Athletic,17.0,20.0,False,True,Hubert Jack Stadium
401676703,2024,3,regular,2024-09-14 22:00:00,Winston-Salem State,Ohio Dominican,CIAA,Great Midwest Athletic,19.0,13.0,False,False,Bowman Gray Stadium
401628611,2024,3,regular,2024-09-14 22:00:00,Wofford,William & Mary,Southern,Coastal Athletic,21.0,28.0,False,False,Gibbs Stadium
401628608,2024,3,regular,2024-09-14 22:00:00,Rhode Island,Campbell,Coastal Athletic,Coastal Athletic,21.0,9.0,False,True,Meade Stadium
401635548,2024,3,regular,2024-09-14 22:00:00,Old Dominion,Virginia Tech,Sun Belt,ACC,17.0,37.0,False,False,S.B. Ballard Stadium
401654611,2024,3,regular,2024-09-14 22:00:00,Bucknell,Merrimack,Patriot,FCS Independents,21.0,31.0,False,False,Christy Mathewson-Memorial Stadium
401629030,2024,3,regular,2024-09-14 22:00:00,Duke,UConn,ACC,FBS Independents,26.0,21.0,False,False,Wallace Wade Stadium
401644733,2024,3,regular,2024-09-14 22:00:00,Akron,Colgate,Mid-American,Patriot,31.0,20.0,False,False,InfoCision Stadium
401676163,2024,3,regular,2024-09-14 22:00:00,Tufts,Bowdoin,NESCAC,NESCAC,23.0,21.0,False,True,Ellis Oval at Zimman Field
401677459,2024,3,regular,2024-09-14 22:00:00,Saint Francis (IN),Defiance College,,,64.0,36.0,True,False,Bishop John M. D'Arcy Stadium
401655658,2024,3,regular,2024-09-14 22:00:00,Butler,Hanover,Pioneer,Heartland,53.0,0.0,False,False,Butler Bowl
401640980,2024,3,regular,2024-09-14 22:00:00,Florida Atlantic,Florida International,American Athletic,Conference USA,38.0,20.0,False,False,FAU Stadium
401632460,2024,3,regular,2024-09-14 22:00:00,Chattanooga,Mercer,Southern,Southern,3.0,10.0,False,True,Finley Stadium
401640990,2024,3,regular,2024-09-14 22:00:00,Liberty,UTEP,Conference USA,Conference USA,28.0,10.0,False,True,Williams Stadium (VA)
401628614,2024,3,regular,2024-09-14 22:00:00,New Hampshire,Stonehill,Coastal Athletic,NEC,45.0,6.0,False,False,Wildcat Stadium
401643787,2024,3,regular,2024-09-14 22:00:00,Georgia Southern,South Carolina State,Sun Belt,MEAC,42.0,14.0,False,False,Allen E. Paulson Stadium
401675579,2024,3,regular,2024-09-14 22:00:00,Benedict,Lane College,SIAC,SIAC,27.0,32.0,False,True,Charlie W. Johnson Stadium
401675571,2024,3,regular,2024-09-14 22:00:00,Livingstone,Allen,CIAA,SIAC,23.0,21.0,False,False,Alumni Memorial Stadium (NC)
401645327,2024,3,regular,2024-09-14 22:00:00,Charlotte,Gardner-Webb,American Athletic,Big South-OVC,27.0,26.0,False,False,Jerry Richardson Stadium
401628612,2024,3,regular,2024-09-14 22:00:00,Elon,Western Carolina,Coastal Athletic,Southern,17.0,24.0,False,False,Rhodes Stadium
401675468,2024,3,regular,2024-09-14 22:00:00,Chowan,Barton,Gulf South,South Atlantic,20.0,24.0,False,False,Garrison Stadium
401674365,2024,3,regular,2024-09-14 22:05:00,East Stroudsburg,Gannon,Pennsylvania State Athletic,Pennsylvania State Athletic,24.0,7.0,False,True,Eiler-Martin Stadium
401636364,2024,3,regular,2024-09-14 22:30:00,Western Michigan,Bethune-Cookman,Mid-American,SWAC,59.0,31.0,False,False,Waldo Stadium
401628355,2024,3,regular,2024-09-14 22:30:00,Wake Forest,Ole Miss,ACC,SEC,6.0,40.0,False,False,Allegacy Federal Credit Union Stadium
401674304,2024,3,regular,2024-09-14 22:30:00,West Virginia Wesleyan,Wheeling,Mountain East,Mountain East,14.0,52.0,False,True,Cebe Ross Field
401676789,2024,3,regular,2024-09-14 23:00:00,Newberry,Keiser (Fl),South Atlantic,,16.0,21.0,False,False,Setzler Field
401655620,2024,3,regular,2024-09-14 23:00:00,SE Louisiana,Eastern Washington,Southland,Big Sky,28.0,24.0,False,False,Strawberry Stadium
401678898,2024,3,regular,2024-09-14 23:00:00,Alabama A&M,Georgetown College Kentucky,SWAC,,24.0,16.0,False,False,Louis Crews Stadium
401655616,2024,3,regular,2024-09-14 23:00:00,Lamar,Weber State,Southland,Big Sky,17.0,16.0,False,False,Provost Umphrey Stadium
401654663,2024,3,regular,2024-09-14 23:00:00,UT Martin,North Alabama,Big South-OVC,UAC,43.0,28.0,False,False,Graham Stadium
401655661,2024,3,regular,2024-09-14 23:00:00,Davidson,Point University,Pioneer,,42.0,12.0,False,False,Richardson Stadium
401636355,2024,3,regular,2024-09-14 23:00:00,Tennessee State,Arkansas-Pine Bluff,Big South-OVC,SWAC,41.0,28.0,True,False,Simmons Bank Liberty Stadium
401634191,2024,3,regular,2024-09-14 23:00:00,Murray State,Mississippi Valley State,MVFC,SWAC,59.0,8.0,False,False,Roy Stewart Stadium
401632073,2024,3,regular,2024-09-14 23:00:00,Central Arkansas,Austin Peay,UAC,UAC,45.0,17.0,False,True,Estes Stadium
401634182,2024,3,regular,2024-09-14 23:00:00,Missouri State,Lindenwood,MVFC,Big South-OVC,28.0,14.0,False,False,Plaster Sports Complex
401636345,2024,3,regular,2024-09-14 23:00:00,Samford,Alabama State,Southern,SWAC,12.0,7.0,False,False,Seibert Stadium
401674627,2024,3,regular,2024-09-14 23:00:00,Austin,Rhodes,Southern Collegiate Athletic,Southern Athletic,13.0,49.0,False,False,Jerry E. Apple Stadium
401674657,2024,3,regular,2024-09-14 23:00:00,McMurry,Lyon,Southern Collegiate Athletic,Southern Collegiate Athletic,48.0,6.0,False,True,Wilford Moore Stadium
401674664,2024,3,regular,2024-09-14 23:00:00,Texas Lutheran,Centenary (LA),Southern Collegiate Athletic,Southern Collegiate Athletic,31.0,8.0,False,True,Bulldog Stadium (TX)
401674736,2024,3,regular,2024-09-14 23:00:00,Aurora,North Central College,NACC,CCIW,21.0,48.0,False,False,Vago Field
401674797,2024,3,regular,2024-09-14 23:00:00,Rose Hulman,Trine,Heartland,Michigan,33.0,39.0,False,False,Cook Stadium
401674910,2024,3,regular,2024-09-14 23:00:00,Adrian,Madonna University (Mich.),Michigan,,38.0,20.0,False,False,Docking Stadium
401674949,2024,3,regular,2024-09-14 23:00:00,Northwestern (MN),Bethel (MN),Upper Midwest,Minnesota,3.0,49.0,False,False,Reynolds Field
401675510,2024,3,regular,2024-09-14 23:00:00,West Alabama,Limestone,Gulf South,South Atlantic,33.0,14.0,False,False,Tiger Stadium (AL)
401675513,2024,3,regular,2024-09-14 23:00:00,Angelo State,Eastern New Mexico,Lone Star,Lone Star,26.0,20.0,False,True,LeGrand Stadium at 1st Community Credit Union Field
401676016,2024,3,regular,2024-09-14 23:00:00,Guilford,Methodist,Old Dominion,USA South,14.0,12.0,False,False,Armfield Athletic Center
401676066,2024,3,regular,2024-09-14 23:00:00,Belhaven,Trinity (TX),USA South,Southern Athletic,10.0,55.0,False,False,Belhaven Bowl Stadium
401675904,2024,3,regular,2024-09-14 23:00:00,Simpson (IA),Crown,American Rivers,Upper Midwest,39.0,7.0,False,False,Bill Buxton Stadium
401676067,2024,3,regular,2024-09-14 23:00:00,Eureka,Greenville,NACC,Upper Midwest,7.0,27.0,False,False,Pete FioRito Stadium at McKinzie Field
401675459,2024,3,regular,2024-09-14 23:00:00,Thomas More,Kentucky Christian,Great Midwest Athletic,,50.0,0.0,True,False,BB&T Field at Griffin Plaza
401676626,2024,3,regular,2024-09-14 23:00:00,Case Western Reserve,Bethany (WV),Presidents',Presidents',64.0,6.0,False,True,Case Field
401676024,2024,3,regular,2024-09-14 23:00:00,Centre,Maryville (TN),Southern Athletic,USA South,17.0,14.0,False,False,Farris Stadium
401675485,2024,3,regular,2024-09-14 23:00:00,Mississippi College,Texas A&M-Kingsville,Gulf South,Lone Star,7.0,27.0,False,False,Robinson-Hale Stadium
401675840,2024,3,regular,2024-09-14 23:00:00,Wayne State (NE),Minnesota State,Northern Sun,Northern Sun,28.0,35.0,False,True,"Memorial Stadium (Wayne, NE)"
401676653,2024,3,regular,2024-09-14 23:00:00,Thiel,Washington & Jefferson,Presidents',Presidents',7.0,58.0,False,True,Alumni Stadium (PA)
401677678,2024,3,regular,2024-09-14 23:00:00,Pacific (OR),Lewis & Clark,Northwest,Northwest,34.0,24.0,False,True,Hanson Stadium
401641040,2024,3,regular,2024-09-14 23:00:00,Sam Houston,Hawai'i,Conference USA,Mountain West,31.0,13.0,False,False,Elliott T. Bowers Stadium
401628361,2024,3,regular,2024-09-14 23:00:00,Texas,UTSA,SEC,American Athletic,56.0,7.0,False,False,DKR-Texas Memorial Stadium
401640999,2024,3,regular,2024-09-14 23:00:00,Eastern Michigan,Jacksonville State,Mid-American,Conference USA,37.0,34.0,False,False,Rynearson Stadium
401628362,2024,3,regular,2024-09-14 23:00:00,Georgia State,Vanderbilt,Sun Belt,SEC,36.0,32.0,False,False,Center Parc Stadium
401643789,2024,3,regular,2024-09-14 23:00:00,Southern Miss,South Florida,Sun Belt,American Athletic,24.0,49.0,False,False,M. M. Roberts Stadium
401673400,2024,3,regular,2024-09-14 23:00:00,Alfred State,Rochester (NY),ECFC,Liberty League,0.0,28.0,False,False,Pioneer Stadium
401674646,2024,3,regular,2024-09-14 23:00:00,Nelson (TX),Howard Payne,,American Southwest,29.0,27.0,True,False,Lumpkins Stadium
401673141,2024,3,regular,2024-09-14 23:00:00,UT Permian Basin,Adams State,Lone Star,Rocky Mountain,67.0,14.0,False,False,Ratliff Stadium
401674230,2024,3,regular,2024-09-14 23:00:00,Southern Nazarene,Arkansas Tech,Great American,Great American,6.0,26.0,False,True,Southern Nazarene University Football Stadium
401674161,2024,3,regular,2024-09-14 23:00:00,Northwest Missouri State,Fort Hays,Mid America,Mid America,32.0,20.0,False,True,Bearcat Stadium
401674169,2024,3,regular,2024-09-14 23:00:00,Missouri Western,Missouri Southern State,Mid America,Mid America,35.0,27.0,False,True,Craig Field at Spratt Memorial Stadium
401674401,2024,3,regular,2024-09-14 23:00:00,Southwestern Oklahoma State,Arkansas Monticello,Great American,Great American,28.0,39.0,False,True,Milam Stadium
401674411,2024,3,regular,2024-09-14 23:00:00,Southern Arkansas,East Central,Great American,Great American,28.0,20.0,False,True,Wilkins Stadium
401674427,2024,3,regular,2024-09-14 23:00:00,Henderson State,Southeastern Oklahoma State,Great American,Great American,34.0,17.0,False,True,Ruggles Field at Carpenter-Haygood Stadium
401674527,2024,3,regular,2024-09-14 23:00:00,Missouri S&T,Lincoln (CA),Great Lakes,Independent DII,45.0,6.0,False,False,Allgood-Bailey Stadium
401674533,2024,3,regular,2024-09-14 23:00:00,Southwest Baptist,Oklahoma Panhandle,Great Lakes,Independent DII,42.0,10.0,False,False,Plaster Sports Complex
401674978,2024,3,regular,2024-09-14 23:00:00,Hamline,Minnesota Morris,Minnesota,Upper Midwest,25.0,20.0,False,False,Klas Field
401674983,2024,3,regular,2024-09-14 23:00:00,Macalester,Martin Luther,Minnesota,Upper Midwest,7.0,10.0,False,False,Macalester Stadium
401674992,2024,3,regular,2024-09-14 23:00:00,Beloit,Knox,Midwest,Midwest,13.0,17.0,False,True,Strong Stadium
401641024,2024,3,regular,2024-09-14 23:00:00,Middle Tennessee,Western Kentucky,Conference USA,Conference USA,21.0,49.0,False,True,"Johnny ""Red"" Floyd Stadium"
401636389,2024,3,regular,2024-09-14 23:00:00,Jackson State,Southern,SWAC,SWAC,33.0,15.0,False,True,Mississippi Veterans Memorial Stadium
401674610,2024,3,regular,2024-09-14 23:00:00,Loras,Benedictine (IL),American Rivers,NACC,22.0,27.0,False,False,Rock Bowl
401634241,2024,3,regular,2024-09-14 23:00:00,Southern Illinois,Incarnate Word,MVFC,Southland,35.0,28.0,False,False,Saluki Stadium
401675411,2024,3,regular,2024-09-14 23:00:00,Valdosta State,Fayetteville State,Gulf South,CIAA,34.0,0.0,False,False,Bazemore-Hyder Stadium
401674546,2024,3,regular,2024-09-14 23:00:00,Kentucky Wesleyan,William Jewell,Great Midwest Athletic,Great Lakes,16.0,23.0,False,False,Steele Stadium
401641017,2024,3,regular,2024-09-14 23:00:00,San José State,Kennesaw State,Mountain West,Conference USA,31.0,10.0,False,False,CEFCU Stadium
401654674,2024,3,regular,2024-09-14 23:00:00,East Texas A&M,Grambling,Southland,SWAC,28.0,35.0,False,False,Memorial Stadium (Commerce TX)
401634214,2024,3,regular,2024-09-14 23:00:00,South Dakota State,Augustana (SD),MVFC,Northern Sun,24.0,3.0,False,False,Dana J. Dykhouse Stadium
401654849,2024,3,regular,2024-09-14 23:00:00,Houston Christian,Louisiana Christian,Southland,,70.0,7.0,False,False,Husky Stadium
401628354,2024,3,regular,2024-09-14 23:30:00,Kentucky,Georgia,SEC,SEC,12.0,13.0,False,True,Kroger Field
401628476,2024,3,regular,2024-09-14 23:30:00,UCLA,Indiana,Big Ten,Big Ten,13.0,42.0,False,True,Rose Bowl
401655632,2024,3,regular,2024-09-14 23:30:00,Northwestern,Eastern Illinois,Big Ten,Big South-OVC,31.0,7.0,True,False,Lanny and Sharon Martin Stadium
401636866,2024,3,regular,2024-09-14 23:30:00,TCU,UCF,Big 12,Big 12,34.0,35.0,False,True,Amon G. Carter Stadium
401628352,2024,3,regular,2024-09-14 23:30:00,Auburn,New Mexico,SEC,Mountain West,45.0,19.0,False,False,Jordan-Hare Stadium
401675834,2024,3,regular,2024-09-14 23:30:00,Concordia St. Paul,Winona State,Northern Sun,Northern Sun,14.0,31.0,False,True,Sea Foam Stadium
401628356,2024,3,regular,2024-09-14 23:30:00,Mississippi State,Toledo,SEC,Mid-American,17.0,41.0,False,False,Davis Wade Stadium
401636861,2024,3,regular,2024-09-14 23:30:00,Colorado State,Colorado,Mountain West,Big 12,9.0,28.0,False,False,Canvas Stadium
401636860,2024,3,regular,2024-09-14 23:30:00,Baylor,Air Force,Big 12,Mountain West,31.0,3.0,False,False,McLane Stadium
401655859,2024,3,regular,2024-09-14 23:30:00,Valparaiso,Indiana Wesleyan,Pioneer,,20.0,17.0,False,False,Brown Field
401628482,2024,3,regular,2024-09-14 23:30:00,Nebraska,Northern Iowa,Big Ten,MVFC,34.0,3.0,False,False,"Memorial Stadium (Lincoln, NE)"
401628360,2024,3,regular,2024-09-14 23:45:00,Tennessee,Kent State,SEC,Mid-American,71.0,0.0,False,False,Neyland Stadium
401674110,2024,3,regular,2024-09-15 00:00:00,Central Oklahoma,Central Missouri,Mid America,Mid America,57.0,40.0,False,True,Wantland Stadium
401673241,2024,3,regular,2024-09-15 00:00:00,West Texas,Western Colorado,Lone Star,Rocky Mountain,17.0,26.0,False,False,Buffalo Stadium
401673258,2024,3,regular,2024-09-15 00:00:00,Western New Mexico,New Mexico Highlands,Lone Star,Rocky Mountain,36.0,33.0,False,False,Ben Altamirano Field
401673271,2024,3,regular,2024-09-15 00:00:00,CSU Pueblo,Grand Valley State,Rocky Mountain,GLIAC,21.0,24.0,False,False,Neta and Eddie DeRose ThunderBowl
401675115,2024,3,regular,2024-09-15 00:00:00,McNeese,Stephen F. Austin,Southland,Southland,28.0,24.0,False,True,Cowboy Stadium
401674152,2024,3,regular,2024-09-15 00:00:00,Pittsburg State,Emporia State,Mid America,Mid America,21.0,24.0,False,True,Carnie Smith Stadium
401674602,2024,3,regular,2024-09-15 00:00:00,Wisconsin Platteville,Dubuque,Wisconsin,American Rivers,38.0,7.0,False,False,Ralph E. Davis Pioneer Stadium
401636862,2024,3,regular,2024-09-15 00:00:00,Houston,Rice,Big 12,American Athletic,33.0,7.0,False,False,TDECU Stadium
401674420,2024,3,regular,2024-09-15 00:00:00,Oklahoma Baptist,Harding,Great American,Great American,7.0,59.0,False,True,Crain Family Stadium
401628478,2024,3,regular,2024-09-15 00:00:00,Virginia,Maryland,ACC,Big Ten,13.0,27.0,False,False,Scott Stadium
401632075,2024,3,regular,2024-09-15 00:00:00,Southern Utah,UC Davis,UAC,Big Sky,21.0,24.0,False,False,Eccles Coliseum
401655622,2024,3,regular,2024-09-15 00:00:00,Cal Poly,Western Oregon,Big Sky,Lone Star,31.0,14.0,False,False,Alex G. Spanos Stadium
401676368,2024,3,regular,2024-09-15 00:00:00,Hendrix,East Texas Baptist,Southern Athletic,American Southwest,28.0,63.0,False,False,Young-Wise Memorial Stadium
401674509,2024,3,regular,2024-09-15 00:00:00,Lincoln (MO),McKendree,Great Lakes,Great Lakes,19.0,34.0,False,True,Dwight T. Reed Stadium
401632076,2024,3,regular,2024-09-15 01:00:00,Utah Tech,Northern Arizona,UAC,Big Sky,17.0,45.0,False,False,Greater Zion Stadium
401655618,2024,3,regular,2024-09-15 01:00:00,Sacramento State,Nicholls,Big Sky,Southland,34.0,7.0,False,False,Hornet Stadium
401636871,2024,3,regular,2024-09-15 01:00:00,Wyoming,BYU,Mountain West,Big 12,14.0,34.0,False,False,War Memorial Stadium
401676279,2024,3,regular,2024-09-15 02:05:00,George Fox,Willamette,Northwest,Northwest,37.0,14.0,False,True,Stoffer Family Stadium
401641033,2024,3,regular,2024-09-15 02:30:00,Fresno State,New Mexico State,Mountain West,Conference USA,48.0,0.0,False,False,Valley Children's Stadium
401635541,2024,3,regular,2024-09-15 02:30:00,California,San Diego State,ACC,Mountain West,31.0,10.0,False,False,California Memorial Stadium
401674283,2024,4,regular,2024-09-19 23:00:00,Fairmont State,Glenville State,Mountain East,Mountain East,14.0,17.0,False,True,Duvall-Rosier Field
401674402,2024,4,regular,2024-09-19 23:00:00,Arkansas Monticello,Harding,Great American,Great American,3.0,63.0,False,True,Convoy Leslie Cotton Boll Stadium
401643790,2024,4,regular,2024-09-19 23:30:00,App State,South Alabama,Sun Belt,Sun Belt,14.0,48.0,False,True,Kidd Brewer Stadium
401675112,2024,4,regular,2024-09-20 00:00:00,Benedict,Edward Waters,SIAC,SIAC,31.0,28.0,False,True,Charlie W. Johnson Stadium
401676762,2024,4,regular,2024-09-20 23:00:00,St. Lawrence,Western New England,Liberty League,Commonwealth Coast,14.0,28.0,False,False,Leckonby Stadium
401682326,2024,4,regular,2024-09-20 23:00:00,Bentley,Southern Connecticut State,Northeast 10,Northeast 10,34.0,24.0,False,True,Bentley University Football Stadium
401674860,2024,4,regular,2024-09-20 23:00:00,Springfield,Union,NEWMAC,Liberty League,37.0,20.0,False,False,Stagg Field
401674848,2024,4,regular,2024-09-20 23:00:00,Rensselaer,WPI,Liberty League,NEWMAC,51.0,7.0,False,False,ECAV Stadium
401682280,2024,4,regular,2024-09-20 23:00:00,UMass Dartmouth,Framingham State,MSCAC,MSCAC,58.0,13.0,False,True,Cressy Field
401634766,2024,4,regular,2024-09-20 23:30:00,Syracuse,Stanford,ACC,ACC,24.0,26.0,False,True,JMA Wireless Dome
401628485,2024,4,regular,2024-09-21 00:00:00,Nebraska,Illinois,Big Ten,Big Ten,24.0,31.0,False,True,"Memorial Stadium (Lincoln, NE)"
401643714,2024,4,regular,2024-09-21 02:00:00,Washington State,San José State,Pac-12,Mountain West,54.0,52.0,False,False,Gesa Field
401654463,2024,4,regular,2024-09-21 16:00:00,Lehigh,Princeton,Patriot,Ivy,35.0,20.0,False,False,Goodman Stadium
401677403,2024,4,regular,2024-09-21 16:00:00,Endicott,Hilbert,Commonwealth Coast,Empire 8,58.0,0.0,False,False,Hempstead Stadium
401676736,2024,4,regular,2024-09-21 16:00:00,American International,Saint Anselm,Northeast 10,Northeast 10,20.0,37.0,False,True,Ronald J. Abdow Field
401675972,2024,4,regular,2024-09-21 16:00:00,Plymouth State,Bridgewater State,MSCAC,MSCAC,17.0,14.0,False,True,Charles L. Currier Memorial Field
401674111,2024,4,regular,2024-09-21 16:00:00,Davenport,Central Missouri,GLIAC,Mid America,31.0,32.0,False,False,Farmers Insurance Athletic Complex
401674757,2024,4,regular,2024-09-21 16:00:00,Susquehanna,SUNY Cortland,Landmark Conference,Empire 8,38.0,40.0,False,False,Amos Alonzo Stagg Field (PA)
401676745,2024,4,regular,2024-09-21 16:00:00,Seton Hill,West Chester,Pennsylvania State Athletic,Pennsylvania State Athletic,27.0,24.0,False,True,Offutt Field
401654588,2024,4,regular,2024-09-21 16:00:00,Duquesne,West Virginia Wesleyan,NEC,Mountain East,35.0,0.0,False,False,Arthur J. Rooney Athletic Field
401636879,2024,4,regular,2024-09-21 16:00:00,West Virginia,Kansas,Big 12,Big 12,32.0,28.0,False,True,Milan Puskar Stadium
401635556,2024,4,regular,2024-09-21 16:00:00,North Carolina,James Madison,ACC,Sun Belt,50.0,70.0,False,False,Kenan Stadium
401628488,2024,4,regular,2024-09-21 16:00:00,Maryland,Villanova,Big Ten,Coastal Athletic,38.0,20.0,False,False,SECU Stadium
401645328,2024,4,regular,2024-09-21 16:00:00,Army,Rice,American Athletic,American Athletic,37.0,14.0,False,True,Michie Stadium
401643791,2024,4,regular,2024-09-21 16:00:00,Louisiana,Tulane,Sun Belt,American Athletic,33.0,41.0,False,False,Cajun Field
401673430,2024,4,regular,2024-09-21 16:00:00,Misericordia,FDU Florham,Mid Atlantic,Mid Atlantic,20.0,35.0,False,True,Mangelsdorf Field
401676008,2024,4,regular,2024-09-21 16:00:00,North Carolina Wesleyan,Huntingdon,USA South,USA South,28.0,49.0,False,True,Bishop Stadium
401674704,2024,4,regular,2024-09-21 16:00:00,Dean,Curry,ECFC,Commonwealth Coast,0.0,50.0,False,False,Dale Lippert Field
401673439,2024,4,regular,2024-09-21 16:00:00,Eastern,Lebanon Valley,Mid Atlantic,Mid Atlantic,24.0,40.0,True,True,O'Hara Field
401676077,2024,4,regular,2024-09-21 16:00:00,Shepherd,Clarion,Pennsylvania State Athletic,Pennsylvania State Athletic,27.0,9.0,False,True,Ram Stadium (WV)
401674809,2024,4,regular,2024-09-21 16:00:00,Utica,Lycoming,Empire 8,Landmark Conference,42.0,17.0,False,False,Charles A. Gaetano Stadium
401636873,2024,4,regular,2024-09-21 16:00:00,Cincinnati,Houston,Big 12,Big 12,34.0,0.0,False,True,Nippert Stadium
401628367,2024,4,regular,2024-09-21 16:00:00,Mississippi State,Florida,SEC,SEC,28.0,45.0,False,True,Davis Wade Stadium
401628627,2024,4,regular,2024-09-21 16:00:00,Long Island University,Rhode Island,NEC,Coastal Athletic,21.0,28.0,True,False,Bethpage Federal Credit Union Stadium
401674381,2024,4,regular,2024-09-21 16:00:00,Gannon,Kutztown,Pennsylvania State Athletic,Pennsylvania State Athletic,14.0,37.0,False,True,McConnell Family Stadium
401676772,2024,4,regular,2024-09-21 16:00:00,New England,Gallaudet,Commonwealth Coast,ECFC,27.0,13.0,False,False,Blue Storm Stadium
401676663,2024,4,regular,2024-09-21 16:00:00,St. John Fisher,Keystone,Empire 8,Landmark Conference,42.0,40.0,False,False,Growney Stadium
401675427,2024,4,regular,2024-09-21 16:00:00,Findlay,Lake Erie,Great Midwest Athletic,Great Midwest Athletic,42.0,6.0,False,True,Donnell Stadium
401674878,2024,4,regular,2024-09-21 16:00:00,Vermont State Castleton,Mass Maritime,MSCAC,MSCAC,14.0,20.0,False,True,Dave Wolk Stadium
401674340,2024,4,regular,2024-09-21 16:00:00,Edinboro,Bloomsburg,Pennsylvania State Athletic,Pennsylvania State Athletic,27.0,32.0,False,True,Sox Harrison Stadium
401655663,2024,4,regular,2024-09-21 16:00:00,Dayton,Ave Maria University,Pioneer,,49.0,7.0,False,False,Welcome Stadium
401654487,2024,4,regular,2024-09-21 16:00:00,Columbia,Lafayette,Ivy,Patriot,31.0,20.0,False,False,Lawrence A. Wien Stadium
401674162,2024,4,regular,2024-09-21 16:00:00,Fort Hays,Northeastern State,Mid America,Independent DII,37.0,0.0,False,False,Lewis Field Stadium
401635552,2024,4,regular,2024-09-21 16:00:00,Clemson,NC State,ACC,ACC,59.0,35.0,False,True,"Memorial Stadium (Clemson, SC)"
401644596,2024,4,regular,2024-09-21 16:00:00,Harvard,Stetson,Ivy,Pioneer,35.0,0.0,False,False,Harvard Stadium
401673401,2024,4,regular,2024-09-21 16:00:00,MIT,Alfred State,NEWMAC,ECFC,20.0,0.0,False,False,Henry G. Steinbrenner '27 Stadium
401628486,2024,4,regular,2024-09-21 16:00:00,Indiana,Charlotte,Big Ten,American Athletic,52.0,14.0,False,False,"Memorial Stadium (Bloomington, IN)"
401674888,2024,4,regular,2024-09-21 16:00:00,Fitchburg State,Worcester State,MSCAC,MSCAC,14.0,20.0,False,True,Elliot Field Athletic Complex
401628492,2024,4,regular,2024-09-21 16:00:00,Ohio State,Marshall,Big Ten,Sun Belt,49.0,14.0,False,False,Ohio Stadium
401674841,2024,4,regular,2024-09-21 16:00:00,Rochester (NY),Salve Regina,Liberty League,NEWMAC,28.0,6.0,False,False,Edwin Fauver Stadium
401676415,2024,4,regular,2024-09-21 16:30:00,Randolph Macon,Berry,Old Dominion,Southern Athletic,24.0,28.0,False,False,Day Field
401628364,2024,4,regular,2024-09-21 16:45:00,Kentucky,Ohio,SEC,Mid-American,41.0,6.0,False,False,Kroger Field
401673410,2024,4,regular,2024-09-21 17:00:00,Hobart,Moravian,Liberty League,Landmark Conference,27.0,12.0,False,False,Boswell Field at David J. Urick Stadium
401674257,2024,4,regular,2024-09-21 17:00:00,Charleston (WV),UNC Pembroke,Mountain East,Mountain East,58.0,36.0,False,True,University of Charleston Stadium
401676433,2024,4,regular,2024-09-21 17:00:00,Waynesburg,Washington & Jefferson,Presidents',Presidents',16.0,55.0,False,True,John F. Wiley Stadium
401675460,2024,4,regular,2024-09-21 17:00:00,Ohio Dominican,Thomas More,Great Midwest Athletic,Great Midwest Athletic,0.0,6.0,False,True,Panther Stadium (OH)
401676143,2024,4,regular,2024-09-21 17:00:00,Ohio Wesleyan,Oberlin,North Coast,North Coast,74.0,0.0,False,True,Selby Stadium
401676648,2024,4,regular,2024-09-21 17:00:00,Saint Vincent,Grove City,Presidents',Presidents',7.0,56.0,False,True,Chuck Noll Field
401679015,2024,4,regular,2024-09-21 17:00:00,Bowdoin,Middlebury,NESCAC,NESCAC,15.0,39.0,False,True,Whittier Field
401676756,2024,4,regular,2024-09-21 17:00:00,Nichols,Coast Guard,Commonwealth Coast,NEWMAC,56.0,47.0,False,False,Vendetti Field
401676715,2024,4,regular,2024-09-21 17:00:00,New Haven,Franklin Pierce,Northeast 10,Northeast 10,45.0,34.0,False,True,Ralph F. DellaCamera Stadium
401675998,2024,4,regular,2024-09-21 17:00:00,Southern Virginia,Maryville (TN),USA South,USA South,6.0,54.0,False,True,Knight Stadium
401675562,2024,4,regular,2024-09-21 17:00:00,Central State,Albany State,SIAC,SIAC,7.0,28.0,False,True,McPherson Memorial Stadium
401674822,2024,4,regular,2024-09-21 17:00:00,Brockport,Wilkes,Empire 8,Landmark Conference,31.0,17.0,False,False,Bob Boozer Field
401676256,2024,4,regular,2024-09-21 17:00:00,Trinity (TX),Washington and Lee,Southern Athletic,Old Dominion,16.0,10.0,False,False,Trinity University Stadium
401675773,2024,4,regular,2024-09-21 17:00:00,Anderson (SC),Limestone,South Atlantic,South Atlantic,5.0,52.0,True,True,Spero Financial Field
401674698,2024,4,regular,2024-09-21 17:00:00,Muhlenberg,The College of New Jersey,Centennial,New Jersey,55.0,52.0,False,False,Scotty Wood Stadium
401676692,2024,4,regular,2024-09-21 17:00:00,Shaw,Lincoln (PA),CIAA,CIAA,48.0,14.0,False,True,George Williams Athletic Complex
401676264,2024,4,regular,2024-09-21 17:00:00,Guilford,Sewanee,Old Dominion,Southern Athletic,44.0,35.0,False,False,Armfield Athletic Center
401673272,2024,4,regular,2024-09-21 17:00:00,CSU Pueblo,Colorado Mesa,Rocky Mountain,Rocky Mountain,38.0,14.0,False,True,Neta and Eddie DeRose ThunderBowl
401676147,2024,4,regular,2024-09-21 17:00:00,Bates,Trinity (CT),NESCAC,NESCAC,7.0,28.0,False,True,Garcelon Field
401676063,2024,4,regular,2024-09-21 17:00:00,Brevard,Belhaven,USA South,USA South,42.0,26.0,False,True,Brevard Memorial Stadium
401675442,2024,4,regular,2024-09-21 17:00:00,Walsh,Kentucky Wesleyan,Great Midwest Athletic,Great Midwest Athletic,54.0,10.0,False,True,Tom Benson Hall of Fame Stadium
401654470,2024,4,regular,2024-09-21 17:00:00,Dartmouth,Fordham,Ivy,Patriot,45.0,13.0,False,False,Memorial Field
401674141,2024,4,regular,2024-09-21 17:00:00,Nebraska Kearney,Central Oklahoma,Mid America,Mid America,17.0,32.0,False,True,Ron & Carol Cope Stadium at Foster Field
401674671,2024,4,regular,2024-09-21 17:00:00,Dickinson,Kean,Centennial,New Jersey,21.0,14.0,False,False,Biddle Field
401673372,2024,4,regular,2024-09-21 17:00:00,Carson Newman,Wingate,South Atlantic,South Atlantic,31.0,28.0,False,True,Burke-Tarr Stadium
401693679,2024,4,regular,2024-09-21 17:00:00,Lincoln (CA),Webber International,Independent DII,,20.0,63.0,True,False,
401674567,2024,4,regular,2024-09-21 17:00:00,Wisconsin Oshkosh,Michigan Tech,Wisconsin,GLIAC,7.0,44.0,False,False,J.J. Keller Field at Titan Stadium
401675387,2024,4,regular,2024-09-21 17:00:00,Virginia State,Winston-Salem State,CIAA,CIAA,14.0,15.0,False,True,Rogers Stadium (VA)
401654456,2024,4,regular,2024-09-21 17:00:00,Georgetown,Brown,Patriot,Ivy,14.0,26.0,False,False,Cooper Field
401676156,2024,4,regular,2024-09-21 17:00:00,Hamilton,Amherst,NESCAC,NESCAC,7.0,21.0,False,True,Steuben Field
401676184,2024,4,regular,2024-09-21 17:00:00,Colby,Williams,NESCAC,NESCAC,19.0,24.0,False,True,Seaverns Field At Harold Alfond Stadium
401676255,2024,4,regular,2024-09-21 17:00:00,McDaniel,William Paterson,Centennial,New Jersey,14.0,27.0,False,False,Kenneth R. Gill Stadium
401674783,2024,4,regular,2024-09-21 17:00:00,Hanover,Olivet,Heartland,Michigan,56.0,14.0,False,False,Alumni Stadium (IN)
401682276,2024,4,regular,2024-09-21 17:00:00,Alvernia,King's,Mid Atlantic,Mid Atlantic,10.0,35.0,False,True,Turf Field
401677460,2024,4,regular,2024-09-21 17:00:00,Defiance College,Elgin,,,38.0,20.0,False,False,Justin F. Coressel Stadium
401676730,2024,4,regular,2024-09-21 17:00:00,Post,Pace,Northeast 10,Northeast 10,21.0,23.0,True,True,Municipal Stadium
401675418,2024,4,regular,2024-09-21 17:00:00,Hillsdale,Ashland,Great Midwest Athletic,Great Midwest Athletic,21.0,24.0,False,True,"Frank ""Muddy"" Waters Stadium"
401676777,2024,4,regular,2024-09-21 17:00:00,Mars Hill,Lenoir Rhyne,South Atlantic,South Atlantic,21.0,29.0,False,True,Meares Stadium
401677411,2024,4,regular,2024-09-21 17:00:00,Millsaps,Bridgewater,Southern Athletic,Old Dominion,14.0,28.0,False,False,Harper Davis Field
401676753,2024,4,regular,2024-09-21 17:00:00,Shippensburg,Slippery Rock,Pennsylvania State Athletic,Pennsylvania State Athletic,7.0,33.0,False,True,Seth Grove Stadium
401676790,2024,4,regular,2024-09-21 17:00:00,Tusculum,Newberry,South Atlantic,South Atlantic,20.0,50.0,False,True,Pioneer Field (TN)
401674574,2024,4,regular,2024-09-21 17:00:00,Northern Michigan,Alma,GLIAC,Michigan,27.0,44.0,False,False,Superior Dome
401677454,2024,4,regular,2024-09-21 17:00:00,SUNY Maritime,Anna Maria College,NEWMAC,ECFC,32.0,27.0,False,False,Reinhart Field
401674350,2024,4,regular,2024-09-21 17:00:00,Lock Haven,California (PA),Pennsylvania State Athletic,Pennsylvania State Athletic,20.0,27.0,False,True,Hubert Jack Stadium
401674864,2024,4,regular,2024-09-21 17:00:00,Widener,Albright,Mid Atlantic,Mid Atlantic,21.0,0.0,False,True,Leslie C. Quick Jr. Stadium
401628624,2024,4,regular,2024-09-21 17:00:00,Merrimack,Maine,FCS Independents,Coastal Athletic,15.0,26.0,False,False,Duane Stadium
401674802,2024,4,regular,2024-09-21 17:00:00,Hartwick,Juniata,Empire 8,Landmark Conference,30.0,37.0,False,False,Wright Stadium
401654505,2024,4,regular,2024-09-21 17:00:00,Colgate,Cornell,Patriot,Ivy,41.0,24.0,False,False,Andy Kerr Stadium
401673420,2024,4,regular,2024-09-21 17:00:00,Stevenson,Delaware Valley,Mid Atlantic,Mid Atlantic,21.0,20.0,False,True,Mustang Stadium
401676659,2024,4,regular,2024-09-21 17:00:00,Catholic,SUNY Morrisville,Landmark Conference,Empire 8,28.0,27.0,False,False,Cardinal Stadium (DC)
401644735,2024,4,regular,2024-09-21 17:00:00,Central Michigan,Ball State,Mid-American,Mid-American,37.0,34.0,False,True,Kelly/Shorts Stadium
401673383,2024,4,regular,2024-09-21 17:00:00,Emory & Henry,Barton,South Atlantic,South Atlantic,41.0,0.0,False,True,Fred Selfe Stadium at Nicewonder Field
401674791,2024,4,regular,2024-09-21 17:00:00,Manchester,Kalamazoo,Heartland,Michigan,0.0,55.0,False,False,Carl W. Burt Memorial Stadium
401677409,2024,4,regular,2024-09-21 17:00:00,Hampden Sydney,Centre,Old Dominion,Southern Athletic,38.0,34.0,False,False,Lewis C. Everett Stadium
401674330,2024,4,regular,2024-09-21 17:00:00,McKendree,Minnesota St Moorhead,Great Lakes,Northern Sun,22.0,15.0,False,False,Leemon Field
401654634,2024,4,regular,2024-09-21 17:00:00,Stonehill,Sacred Heart,NEC,FCS Independents,35.0,21.0,False,False,W.B. Mason Stadium
401658360,2024,4,regular,2024-09-21 17:00:00,Frostburg State,Concord,Mountain East,Mountain East,54.0,21.0,False,True,Bobcat Stadium (MD)
401674510,2024,4,regular,2024-09-21 17:00:00,Lincoln (MO),William Jewell,Great Lakes,Great Lakes,20.0,48.0,False,True,Dwight T. Reed Stadium
401674918,2024,4,regular,2024-09-21 17:00:00,Mount St Joseph,Albion,Heartland,Michigan,49.0,14.0,False,False,Schueler Field
401674224,2024,4,regular,2024-09-21 17:00:00,Minnesota State,Minot State,Northern Sun,Northern Sun,40.0,6.0,False,True,Blakeslee Stadium
401674681,2024,4,regular,2024-09-21 17:00:00,Gettysburg,Christopher Newport,Centennial,New Jersey,37.0,54.0,False,False,Shirk Field at Musselman Stadium
401675277,2024,4,regular,2024-09-21 17:00:00,DePauw,Wooster,North Coast,North Coast,51.0,14.0,False,True,Blackstock Stadium
401676208,2024,4,regular,2024-09-21 17:30:00,Anderson (IN),Calvin,Heartland,Michigan,12.0,66.0,False,False,Macholtz Stadium
401674775,2024,4,regular,2024-09-21 17:30:00,Franklin,Adrian,Heartland,Michigan,21.0,42.0,False,False,"Stewart """"Red"""" Faught Stadium"
401676683,2024,4,regular,2024-09-21 17:30:00,Franklin & Marshall,Montclair State,Centennial,New Jersey,35.0,10.0,False,False,Shadek Stadium
401654550,2024,4,regular,2024-09-21 17:30:00,VMI,Norfolk State,Southern,MEAC,10.0,32.0,False,False,Alumni Memorial Field
401676342,2024,4,regular,2024-09-21 17:30:00,Mount Union,John Carroll,Ohio,Ohio,37.0,31.0,False,True,Mount Union Stadium
401674798,2024,4,regular,2024-09-21 17:30:00,Rose Hulman,Hope,Heartland,Michigan,7.0,49.0,False,False,Cook Stadium
401676272,2024,4,regular,2024-09-21 17:30:00,Capital,Baldwin Wallace,Ohio,Ohio,21.0,55.0,False,True,Bernlohr Stadium
401674993,2024,4,regular,2024-09-21 18:00:00,Grinnell,Beloit,Midwest,Midwest,7.0,16.0,False,True,Rosenbloom Field
401634200,2024,4,regular,2024-09-21 18:00:00,North Dakota,San Diego,MVFC,Pioneer,41.0,24.0,False,False,Alerus Center
401674153,2024,4,regular,2024-09-21 18:00:00,Emporia State,Missouri Western,Mid America,Mid America,30.0,27.0,False,True,Francis G. Welch Stadium
401674189,2024,4,regular,2024-09-21 18:00:00,Washburn,Pittsburg State,Mid America,Mid America,31.0,39.0,False,True,Yager Stadium at Moore Bowl
401673447,2024,4,regular,2024-09-21 18:00:00,Illinois College,Ripon,Midwest,Midwest,44.0,14.0,False,True,England Stadium
401673957,2024,4,regular,2024-09-21 18:00:00,Washington St. Louis,Carroll (WI),CCIW,CCIW,35.0,7.0,False,True,Francis Field (MO)
401673046,2024,4,regular,2024-09-21 18:00:00,Valparaiso,Roosevelt,Pioneer,GLIAC,31.0,23.0,False,False,Brown Field
401654563,2024,4,regular,2024-09-21 18:00:00,South Dakota,Drake,MVFC,Pioneer,42.0,3.0,False,False,DakotaDome
401655634,2024,4,regular,2024-09-21 18:00:00,Lindenwood,St. Thomas (MN),Big South-OVC,Pioneer,64.0,0.0,False,False,Hunter Stadium
401675615,2024,4,regular,2024-09-21 18:00:00,Tuskegee,Savannah State,SIAC,SIAC,16.0,20.0,False,True,Abbott Memorial Alumni Stadium
401635558,2024,4,regular,2024-09-21 18:00:00,Coastal Carolina,Virginia,Sun Belt,ACC,24.0,43.0,False,False,Brooks Stadium (SC)
401644737,2024,4,regular,2024-09-21 18:00:00,Eastern Michigan,Saint Francis,Mid-American,NEC,36.0,0.0,False,False,Rynearson Stadium
401658339,2024,4,regular,2024-09-21 18:00:00,Saginaw Valley State,Truman State,GLIAC,Great Lakes,37.0,14.0,False,False,Harvey Randall Wickes Memorial Stadium
401673277,2024,4,regular,2024-09-21 18:00:00,Chadron State,Colorado School of Mines,Rocky Mountain,Rocky Mountain,12.0,13.0,False,True,Elliott Field at Don Beebe Stadium
401673966,2024,4,regular,2024-09-21 18:00:00,Carthage,North Central College,CCIW,CCIW,0.0,63.0,False,True,Art Keller Field
401675014,2024,4,regular,2024-09-21 18:00:00,Cornell (IA),Lake Forest,Midwest,Midwest,19.0,28.0,False,True,Van Metre Field at Ash Park
401674310,2024,4,regular,2024-09-21 18:00:00,Sioux Falls,Bemidji State,Northern Sun,Northern Sun,24.0,28.0,False,True,Bob Young Field
401674534,2024,4,regular,2024-09-21 18:00:00,Southwest Baptist,Upper Iowa,Great Lakes,Great Lakes,7.0,21.0,False,True,Plaster Sports Complex
401675021,2024,4,regular,2024-09-21 18:00:00,Monmouth (IL),Lawrence,Midwest,Midwest,52.0,6.0,False,True,April Zorn Memorial Stadium
401674584,2024,4,regular,2024-09-21 18:00:00,Loras,Buena Vista,American Rivers,American Rivers,17.0,20.0,False,True,Rock Bowl
401675028,2024,4,regular,2024-09-21 18:00:00,Benedictine (IL),Rockford,NACC,NACC,34.0,7.0,False,True,Village of Lisle-Benedictine University Sports Complex
401675295,2024,4,regular,2024-09-21 18:00:00,Wisconsin Platteville,Wabash,Wisconsin,North Coast,42.0,21.0,False,False,Ralph E. Davis Pioneer Stadium
401674594,2024,4,regular,2024-09-21 18:00:00,Central College,Wartburg,American Rivers,American Rivers,6.0,10.0,False,True,Ron and Joyce Schipper Stadium
401675764,2024,4,regular,2024-09-21 18:00:00,UVA Wise,Catawba,South Atlantic,South Atlantic,31.0,28.0,False,True,Carl Smith Stadium
401675817,2024,4,regular,2024-09-21 18:00:00,Augustana (SD),Northern State,Northern Sun,Northern Sun,41.0,7.0,False,True,Kirkeby-Over Stadium
401674603,2024,4,regular,2024-09-21 18:00:00,Dubuque,Simpson (IA),American Rivers,American Rivers,28.0,14.0,False,True,Chalmers Field
401674690,2024,4,regular,2024-09-21 18:00:00,Johns Hopkins,Salisbury,Centennial,New Jersey,13.0,41.0,False,False,Homewood Field
401674713,2024,4,regular,2024-09-21 18:00:00,Norwich,Husson,NEWMAC,Commonwealth Coast,22.0,38.0,False,False,Sabine Field at Haynes Family Stadium
401674732,2024,4,regular,2024-09-21 18:00:00,North Park,Millikin,CCIW,CCIW,44.0,0.0,False,True,Holmgren Athletic Complex
401674941,2024,4,regular,2024-09-21 18:00:00,Martin Luther,Augsburg,Upper Midwest,Minnesota,7.0,34.0,False,False,MLC Bowl
401674950,2024,4,regular,2024-09-21 18:00:00,Bethel (MN),Wisconsin Eau Claire,Minnesota,Wisconsin,51.0,30.0,False,False,Royal Stadium
401675547,2024,4,regular,2024-09-21 18:00:00,Sul Ross State,Western Oregon,Lone Star,Lone Star,17.0,39.0,False,True,Jackson Field
401674972,2024,4,regular,2024-09-21 18:00:00,Wisconsin Stevens Point,Gustavus Adolphus,Wisconsin,Minnesota,10.0,31.0,False,False,Community Stadium at Goerke Park
401675007,2024,4,regular,2024-09-21 18:00:00,Knox,Chicago,Midwest,Midwest,13.0,27.0,False,True,Harley Knosher Bowl
401675961,2024,4,regular,2024-09-21 18:00:00,Westfield State,Western Connecticut State,MSCAC,MSCAC,13.0,31.0,False,True,"Alumni Field (Westfield, MA)"
401654636,2024,4,regular,2024-09-21 18:00:00,Holy Cross,Yale,Patriot,Ivy,31.0,38.0,False,False,Fitton Field
401676349,2024,4,regular,2024-09-21 18:00:00,Otterbein,Marietta,Ohio,Ohio,14.0,51.0,False,True,"Memorial Stadium (Westerville, OH)"
401675938,2024,4,regular,2024-09-21 18:00:00,Wisconsin Whitewater,Mary Hardin Baylor,Wisconsin,American Southwest,17.0,35.0,False,False,Perkins Stadium
401676084,2024,4,regular,2024-09-21 18:00:00,Millersville,IU Pennsylvania,Pennsylvania State Athletic,Pennsylvania State Athletic,14.0,42.0,False,True,Chryst Field at Biemesderfer Stadium
401676140,2024,4,regular,2024-09-21 18:00:00,Wisconsin River Falls,Greenville,Wisconsin,Upper Midwest,66.0,7.0,False,False,David Smith Stadium at Ramer Field
401676037,2024,4,regular,2024-09-21 18:00:00,Concordia Chicago,Lakeland,NACC,NACC,61.0,66.0,False,True,Concordia Stadium
401675841,2024,4,regular,2024-09-21 18:00:00,Winona State,Wayne State (NE),Northern Sun,Northern Sun,21.0,28.0,False,True,Altra Federal Credit Union Stadium
401675835,2024,4,regular,2024-09-21 18:00:00,Southwest Minnesota State,Concordia St. Paul,Northern Sun,Northern Sun,17.0,27.0,False,True,Schwan Regional Event Center
401675989,2024,4,regular,2024-09-21 18:00:00,Aurora,St. Norbert,NACC,NACC,49.0,0.0,False,True,Vago Field
401675899,2024,4,regular,2024-09-21 18:00:00,Luther,Coe,American Rivers,American Rivers,0.0,63.0,False,True,Legacy Field in Carlson Stadium
401676369,2024,4,regular,2024-09-21 18:00:00,Hendrix,Southwestern U,Southern Athletic,Southern Athletic,35.0,20.0,False,True,Young-Wise Memorial Stadium
401675412,2024,4,regular,2024-09-21 18:00:00,Fayetteville State,Elizabeth City State,CIAA,CIAA,31.0,7.0,False,True,"Luther ""Nick"" Jeralds Stadium"
401636875,2024,4,regular,2024-09-21 18:00:00,Iowa State,Arkansas State,Big 12,Sun Belt,52.0,7.0,False,False,Jack Trice Stadium
401643715,2024,4,regular,2024-09-21 18:00:00,Temple,Utah State,American Athletic,Mountain West,45.0,29.0,False,False,Lincoln Financial Field
401628629,2024,4,regular,2024-09-21 18:00:00,North Dakota State,Towson,MVFC,Coastal Athletic,41.0,24.0,False,False,Fargodome
401633980,2024,4,regular,2024-09-21 18:30:00,Tennessee Tech,Tennessee State,Big South-OVC,Big South-OVC,24.0,14.0,False,True,Tucker Stadium
401676089,2024,4,regular,2024-09-21 19:00:00,Denison,Kenyon,North Coast,North Coast,14.0,0.0,False,True,Deeds Field-Piper Stadium
401674170,2024,4,regular,2024-09-21 19:00:00,Missouri Southern State,Northwest Missouri State,Mid America,Mid America,0.0,59.0,False,True,Fred G. Hughes Stadium
401675286,2024,4,regular,2024-09-21 19:00:00,Hiram,Wittenberg,North Coast,North Coast,0.0,0.0,False,True,Charles A. Henry Field
401655626,2024,4,regular,2024-09-21 19:00:00,Montana,Western Carolina,Big Sky,Southern,46.0,35.0,False,False,Washington-Grizzly Stadium
401673251,2024,4,regular,2024-09-21 19:00:00,South Dakota Mines,New Mexico Highlands,Rocky Mountain,Rocky Mountain,40.0,19.0,False,True,O'Harra Stadium
401636365,2024,4,regular,2024-09-21 19:00:00,Bethune-Cookman,Clark Atlanta,SWAC,SIAC,37.0,38.0,False,False,Municipal Stadium
401628619,2024,4,regular,2024-09-21 19:00:00,New Hampshire,Bryant,Coastal Athletic,Coastal Athletic,38.0,17.0,False,True,Wildcat Stadium
401643713,2024,4,regular,2024-09-21 19:00:00,Nevada,Eastern Washington,Mountain West,Big Sky,49.0,16.0,False,False,Mackay Stadium
401674320,2024,4,regular,2024-09-21 19:00:00,University of Mary,Minnesota Duluth,Northern Sun,Northern Sun,7.0,43.0,False,True,MDU Resources Community Bowl
401674957,2024,4,regular,2024-09-21 19:00:00,Carleton,Minnesota Morris,Minnesota,Upper Midwest,28.0,7.0,False,False,Laird Stadium
401641000,2024,4,regular,2024-09-21 19:00:00,Jacksonville State,Southern Miss,Conference USA,Sun Belt,44.0,7.0,False,False,AmFirst Stadium
401676361,2024,4,regular,2024-09-21 19:00:00,Wilmington (OH),Muskingum,Ohio,Ohio,13.0,42.0,False,True,Wiliams Stadium (OH)
401677764,2024,4,regular,2024-09-21 19:05:00,Montana State,Mercyhurst,Big Sky,NEC,52.0,13.0,False,False,Bobcat Stadium
401635554,2024,4,regular,2024-09-21 19:30:00,Louisville,Georgia Tech,ACC,ACC,31.0,19.0,False,True,L&N Federal Credit Union Stadium
401645330,2024,4,regular,2024-09-21 19:30:00,UTSA,Houston Christian,American Athletic,Southland,45.0,7.0,False,False,Alamodome
401629042,2024,4,regular,2024-09-21 19:30:00,Massachusetts,Central Connecticut,FBS Independents,NEC,35.0,31.0,False,False,Warren McGuirk Alumni Stadium
401628979,2024,4,regular,2024-09-21 19:30:00,Notre Dame,Miami (OH),FBS Independents,Mid-American,28.0,3.0,False,False,Notre Dame Stadium
401636877,2024,4,regular,2024-09-21 19:30:00,Texas Tech,Arizona State,Big 12,Big 12,30.0,22.0,False,True,Jones AT&T Stadium
401628363,2024,4,regular,2024-09-21 19:30:00,Auburn,Arkansas,SEC,SEC,14.0,24.0,False,True,Jordan-Hare Stadium
401628494,2024,4,regular,2024-09-21 19:30:00,Virginia Tech,Rutgers,ACC,Big Ten,23.0,26.0,False,False,Lane Stadium
401645329,2024,4,regular,2024-09-21 19:30:00,Navy,Memphis,American Athletic,American Athletic,56.0,44.0,False,True,Navy-Marine Corps Memorial Stadium
401644736,2024,4,regular,2024-09-21 19:30:00,Northern Illinois,Buffalo,Mid-American,Mid-American,20.0,23.0,False,True,Huskie Stadium
401628493,2024,4,regular,2024-09-21 19:30:00,Penn State,Kent State,Big Ten,Mid-American,56.0,0.0,False,False,Beaver Stadium
401628489,2024,4,regular,2024-09-21 19:30:00,Michigan,USC,Big Ten,Big Ten,27.0,24.0,False,True,Michigan Stadium
401634247,2024,4,regular,2024-09-21 19:30:00,Pittsburgh,Youngstown State,ACC,MVFC,73.0,17.0,False,False,Acrisure Stadium
401628365,2024,4,regular,2024-09-21 19:30:00,LSU,UCLA,SEC,Big Ten,34.0,17.0,False,False,Tiger Stadium (LA)
401675925,2024,4,regular,2024-09-21 20:00:00,Linfield,Redlands,Northwest,So. Cal.,45.0,0.0,False,False,Maxwell Field
401675933,2024,4,regular,2024-09-21 20:00:00,George Fox,Claremont Mudd Scripps,Northwest,So. Cal.,17.0,27.0,False,False,Stoffer Family Stadium
401636876,2024,4,regular,2024-09-21 20:00:00,Oklahoma State,Utah,Big 12,Big 12,19.0,22.0,False,True,Boone Pickens Stadium
401676176,2024,4,regular,2024-09-21 20:00:00,Cal Lutheran,Pacific Lutheran,So. Cal.,Northwest,17.0,27.0,False,False,William Rolland Stadium
401654606,2024,4,regular,2024-09-21 20:00:00,Wagner,Robert Morris,NEC,NEC,14.0,21.0,False,True,Wagner College Stadium
401628623,2024,4,regular,2024-09-21 20:00:00,Hampton,Howard,Coastal Athletic,MEAC,27.0,20.0,True,False,Audi Field
401635553,2024,4,regular,2024-09-21 20:00:00,Middle Tennessee,Duke,Conference USA,ACC,17.0,45.0,False,False,"Johnny ""Red"" Floyd Stadium"
401675454,2024,4,regular,2024-09-21 20:00:00,Tiffin,Northwood,Great Midwest Athletic,Great Midwest Athletic,31.0,23.0,False,True,Frost-Kalnow Stadium
401654586,2024,4,regular,2024-09-21 20:00:00,Nicholls,Mississippi Valley State,Southland,SWAC,66.0,0.0,False,False,Manning Field at John L. Guidry Stadium
401658350,2024,4,regular,2024-09-21 20:00:00,Erskine,Valdosta State,Gulf South,Gulf South,0.0,73.0,False,True,J.W. Babb Stadium
401673152,2024,4,regular,2024-09-21 20:00:00,Black Hills State,Fort Lewis,Rocky Mountain,Rocky Mountain,33.0,7.0,False,True,Lyle Hare Stadium
401676198,2024,4,regular,2024-09-21 20:00:00,Whitworth,Chapman,Northwest,So. Cal.,35.0,28.0,False,False,The Pine Bowl
401674493,2024,4,regular,2024-09-21 20:00:00,Southern Nazarene,Northwestern (OK),Great American,Great American,7.0,14.0,False,True,Southern Nazarene University Football Stadium
401682376,2024,4,regular,2024-09-21 20:00:00,Lewis & Clark,Montana Western,Northwest,,39.0,56.0,False,False,Griswold Stadium
401675378,2024,4,regular,2024-09-21 20:00:00,Bowie State,Livingstone,CIAA,CIAA,31.0,17.0,False,True,Bulldogs Stadium
401628368,2024,4,regular,2024-09-21 20:15:00,Missouri,Vanderbilt,SEC,SEC,30.0,27.0,False,True,Memorial Stadium
401675603,2024,4,regular,2024-09-21 20:30:00,Kentucky State,Morehouse,SIAC,SIAC,28.0,31.0,False,True,Alumni Stadium (KY)
401635557,2024,4,regular,2024-09-21 21:00:00,SMU,TCU,ACC,Big 12,66.0,42.0,False,False,Gerald J. Ford Stadium
401641028,2024,4,regular,2024-09-21 21:00:00,Colorado State,UTEP,Mountain West,Conference USA,27.0,17.0,False,False,Canvas Stadium
401628620,2024,4,regular,2024-09-21 21:00:00,Campbell,Stony Brook,Coastal Athletic,Coastal Athletic,17.0,24.0,False,True,Barker-Lane Stadium
401675607,2024,4,regular,2024-09-21 21:00:00,Miles,Lane College,SIAC,SIAC,42.0,32.0,False,True,Albert J. H. Sloan - Alumni Stadium
401675405,2024,4,regular,2024-09-21 22:00:00,Johnson C. Smith,Virginia Union,CIAA,CIAA,21.0,16.0,False,True,Irwin Belk Complex
401634145,2024,4,regular,2024-09-21 22:00:00,Mercer,The Citadel,Southern,Southern,38.0,21.0,False,True,Five Star Stadium at the Moye Complex
401654650,2024,4,regular,2024-09-21 22:00:00,Bucknell,Marist,Patriot,Pioneer,34.0,18.0,False,False,Christy Mathewson-Memorial Stadium
401640991,2024,4,regular,2024-09-21 22:00:00,Liberty,East Carolina,Conference USA,American Athletic,35.0,24.0,False,False,Williams Stadium (VA)
401632078,2024,4,regular,2024-09-21 22:00:00,Eastern Kentucky,Morehead State,UAC,Pioneer,42.0,13.0,False,False,Roy Kidd Stadium
401628625,2024,4,regular,2024-09-21 22:00:00,Florida International,Monmouth,Conference USA,Coastal Athletic,42.0,45.0,True,False,Pitbull Stadium
401675511,2024,4,regular,2024-09-21 22:00:00,West Florida,West Alabama,Gulf South,Gulf South,33.0,35.0,True,True,Pen-Air Field
401674500,2024,4,regular,2024-09-21 22:00:00,Wayne State (MI),Indianapolis,GLIAC,Great Lakes,6.0,30.0,False,False,Tom Adams Field
401632102,2024,4,regular,2024-09-21 22:00:00,Idaho State,Southern Utah,Big Sky,UAC,38.0,28.0,False,False,Holt Arena
401675499,2024,4,regular,2024-09-21 22:00:00,Warner,Shorter,,Gulf South,25.0,47.0,True,False,Jahna Field
401676017,2024,4,regular,2024-09-21 22:00:00,Methodist,Greensboro,USA South,USA South,17.0,14.0,False,True,Monarch Stadium
401676375,2024,4,regular,2024-09-21 22:00:00,Averett,Ferrum,Old Dominion,Old Dominion,10.0,36.0,False,True,Daly Field at Frank R. Campbell Stadium
401677407,2024,4,regular,2024-09-21 22:00:00,West Virginia State,West Liberty,Mountain East,Mountain East,57.0,37.0,False,True,Dickerson Stadium
401628628,2024,4,regular,2024-09-21 22:00:00,Delaware State,Richmond,MEAC,Coastal Athletic,24.0,38.0,False,False,Alumni Stadium
401628630,2024,4,regular,2024-09-21 22:00:00,William & Mary,Furman,Coastal Athletic,Southern,34.0,24.0,False,False,Zable Stadium
401628622,2024,4,regular,2024-09-21 22:00:00,Elon,East Tennessee State,Coastal Athletic,Southern,14.0,34.0,False,False,Rhodes Stadium
401628621,2024,4,regular,2024-09-21 22:00:00,Delaware,Pennsylvania,CAA,Ivy,29.0,22.0,False,False,Delaware Stadium
401654559,2024,4,regular,2024-09-21 23:00:00,Prairie View A&M,Southern,SWAC,SWAC,24.0,31.0,False,True,Panther Stadium
401674628,2024,4,regular,2024-09-21 23:00:00,Austin,Centenary (LA),Southern Collegiate Athletic,Southern Collegiate Athletic,17.0,36.0,False,True,Jerry E. Apple Stadium
401674486,2024,4,regular,2024-09-21 23:00:00,Southern Arkansas,Ouachita Baptist,Great American,Great American,20.0,25.0,False,True,Wilkins Stadium
401678897,2024,4,regular,2024-09-21 23:00:00,North Alabama,Tarleton State,UAC,UAC,14.0,28.0,False,True,Braly Municipal Stadium
401674765,2024,4,regular,2024-09-21 23:00:00,Bluffton,Trine,Heartland,Michigan,20.0,52.0,False,False,Alumni Field (OH)
401676617,2024,4,regular,2024-09-21 23:00:00,Westminster (MO),William Woods,Upper Midwest,,35.0,50.0,False,False,Blue Jay Stadium
401676300,2024,4,regular,2024-09-21 23:00:00,Shenandoah,Rhodes,Old Dominion,Southern Athletic,35.0,21.0,False,False,Shentel Stadium
401677676,2024,4,regular,2024-09-21 23:00:00,Ursinus,Rowan,Centennial,New Jersey,58.0,14.0,False,False,Patterson Field
401676419,2024,4,regular,2024-09-21 23:00:00,Allegheny,Westminster (PA),Presidents',Presidents',7.0,42.0,False,True,Frank B. Fuhrer Field
401676315,2024,4,regular,2024-09-21 23:00:00,Heidelberg,Ohio Northern,Ohio,Ohio,27.0,52.0,False,True,Hoernemann Stadium
401654566,2024,4,regular,2024-09-21 23:00:00,Lamar,Texas Southern,Southland,SWAC,20.0,17.0,False,False,Provost Umphrey Stadium
401673947,2024,4,regular,2024-09-21 23:00:00,Wheaton (IL),Augustana (IL),CCIW,CCIW,42.0,3.0,False,True,McCully Stadium
401636382,2024,4,regular,2024-09-21 23:00:00,Grambling,Jackson State,SWAC,SWAC,41.0,20.0,False,True,Eddie Robinson Stadium
401676645,2024,4,regular,2024-09-21 23:00:00,Geneva,Thiel,Presidents',Presidents',21.0,6.0,False,True,Reeves Field (PA)
401676081,2024,4,regular,2024-09-21 23:00:00,Wisconsin Lutheran,Eureka,NACC,NACC,38.0,6.0,False,True,Warrior Field at Raabe Stadium
401675486,2024,4,regular,2024-09-21 23:00:00,Mississippi College,North Greenville,Gulf South,Gulf South,7.0,29.0,False,True,Robinson-Hale Stadium
401675572,2024,4,regular,2024-09-21 23:00:00,Allen,Point University,SIAC,,35.0,10.0,False,False,W.C. Hawkins Stadium
401634215,2024,4,regular,2024-09-21 23:00:00,SE Louisiana,South Dakota State,Southland,MVFC,0.0,41.0,False,False,Strawberry Stadium
401632099,2024,4,regular,2024-09-21 23:00:00,Arkansas-Pine Bluff,Central Arkansas,SWAC,UAC,17.0,56.0,False,False,Golden Lion Stadium
401632100,2024,4,regular,2024-09-21 23:00:00,Austin Peay,Alabama A&M,UAC,SWAC,59.0,16.0,False,False,Governors Stadium
401655619,2024,4,regular,2024-09-21 23:00:00,Northwestern State,Weber State,Southland,Big Sky,0.0,39.0,False,False,Harry Turpin Stadium
401641034,2024,4,regular,2024-09-21 23:00:00,Sam Houston,New Mexico State,Conference USA,Conference USA,31.0,11.0,False,True,Elliott T. Bowers Stadium
401628626,2024,4,regular,2024-09-21 23:00:00,North Carolina Central,North Carolina A&T,MEAC,Coastal Athletic,66.0,24.0,False,False,O'Kelly-Riddick Stadium
401635555,2024,4,regular,2024-09-21 23:00:00,South Florida,Miami,American Athletic,ACC,15.0,50.0,False,False,Raymond James Stadium
401635551,2024,4,regular,2024-09-21 23:00:00,Florida State,California,ACC,ACC,14.0,9.0,False,True,Doak Campbell Stadium
401629031,2024,4,regular,2024-09-21 23:00:00,UConn,Florida Atlantic,FBS Independents,American Athletic,48.0,14.0,False,False,Pratt & Whitney Stadium
401654851,2024,4,regular,2024-09-21 23:00:00,East Texas A&M,Sacramento State,Southland,Big Sky,0.0,34.0,False,False,Memorial Stadium (Commerce TX)
401628491,2024,4,regular,2024-09-21 23:00:00,Washington,Northwestern,Big Ten,Big Ten,24.0,5.0,False,True,Husky Stadium
401673974,2024,4,regular,2024-09-21 23:00:00,Elmhurst,Illinois Wesleyan,CCIW,CCIW,7.0,55.0,False,True,Langhorst Field
401634160,2024,4,regular,2024-09-21 23:00:00,Illinois State,Eastern Illinois,MVFC,Big South-OVC,31.0,7.0,False,False,Hancock Stadium
401636374,2024,4,regular,2024-09-21 23:00:00,Troy,Florida A&M,Sun Belt,SWAC,34.0,12.0,False,False,Veterans Memorial Stadium (AL)
401675551,2024,4,regular,2024-09-21 23:00:00,UT Permian Basin,Texas A&M-Kingsville,Lone Star,Lone Star,14.0,20.0,False,True,Ratliff Stadium
401641037,2024,4,regular,2024-09-21 23:00:00,Western Kentucky,Toledo,Conference USA,Mid-American,26.0,21.0,False,False,Houchens Industries-L.T. Smith Stadium
401643716,2024,4,regular,2024-09-21 23:00:00,North Texas,Wyoming,American Athletic,Mountain West,44.0,17.0,False,False,DATCU Stadium
401634183,2024,4,regular,2024-09-21 23:00:00,UT Martin,Missouri State,Big South-OVC,MVFC,24.0,31.0,False,False,Graham Stadium
401674559,2024,4,regular,2024-09-21 23:00:00,Grand Valley State,Wisconsin La Crosse,GLIAC,Wisconsin,20.0,13.0,False,False,Lubbers Stadium
401674528,2024,4,regular,2024-09-21 23:00:00,Missouri S&T,Quincy,Great Lakes,Great Lakes,14.0,21.0,False,True,Allgood-Bailey Stadium
401654511,2024,4,regular,2024-09-21 23:00:00,Morgan State,Virginia Lynchburg,MEAC,,56.0,7.0,False,False,Hughes Stadium
401641008,2024,4,regular,2024-09-21 23:00:00,Louisiana Tech,Tulsa,Conference USA,American Athletic,20.0,23.0,False,False,Joe Aillet Stadium
401676164,2024,4,regular,2024-09-21 23:00:00,Wesleyan (CT),Tufts,NESCAC,NESCAC,20.0,9.0,False,True,Corwin Stadium
401676627,2024,4,regular,2024-09-21 23:00:00,Carnegie Mellon,Bethany (WV),Presidents',Presidents',66.0,0.0,False,True,Gesling Stadium
401638360,2024,4,regular,2024-09-21 23:00:00,Incarnate Word,Northern Arizona,Southland,Big Sky,38.0,14.0,False,False,Gayle and Tom Benson Stadium
401674478,2024,4,regular,2024-09-21 23:00:00,Southeastern Oklahoma State,Oklahoma Baptist,Great American,Great American,29.0,10.0,False,True,Paul Laird Field
401675478,2024,4,regular,2024-09-21 23:00:00,Delta State,Fort Valley State,Gulf South,SIAC,27.0,24.0,False,False,Parker Field at McCool Stadium
401674412,2024,4,regular,2024-09-21 23:00:00,East Central,Southwestern Oklahoma State,Great American,Great American,3.0,19.0,False,True,Koi Ishto Stadium
401674658,2024,4,regular,2024-09-21 23:00:00,McMurry,Texas Lutheran,Southern Collegiate Athletic,Southern Collegiate Athletic,31.0,10.0,False,True,Wilford Moore Stadium
401674647,2024,4,regular,2024-09-21 23:00:00,Lyon,Howard Payne,Southern Collegiate Athletic,American Southwest,14.0,41.0,True,False,Pioneer Stadium
401634242,2024,4,regular,2024-09-21 23:00:00,Southern Illinois,Southeast Missouri State,MVFC,Big South-OVC,21.0,38.0,False,False,Saluki Stadium
401675947,2024,4,regular,2024-09-21 23:00:00,Wisconsin Stout,Northwestern (MN),Wisconsin,Upper Midwest,56.0,19.0,False,False,Don and Nona Williams Stadium
401655631,2024,4,regular,2024-09-21 23:00:00,Presbyterian,Gardner-Webb,Pioneer,Big South-OVC,21.0,42.0,False,False,Bailey Memorial Stadium
401628487,2024,4,regular,2024-09-21 23:30:00,Minnesota,Iowa,Big Ten,Big Ten,14.0,31.0,False,True,Huntington Bank Stadium
401628370,2024,4,regular,2024-09-21 23:30:00,South Carolina,Akron,SEC,Mid-American,50.0,7.0,False,False,Williams-Brice Stadium
401628372,2024,4,regular,2024-09-21 23:30:00,Texas A&M,Bowling Green,SEC,Mid-American,26.0,20.0,False,False,Kyle Field
401628369,2024,4,regular,2024-09-21 23:30:00,Oklahoma,Tennessee,SEC,SEC,15.0,25.0,False,True,"Memorial Stadium (Norman, OK)"
401628366,2024,4,regular,2024-09-21 23:45:00,Ole Miss,Georgia Southern,SEC,Sun Belt,52.0,13.0,False,False,Vaught-Hemingway Stadium
401675514,2024,4,regular,2024-09-22 00:00:00,Western New Mexico,Angelo State,Lone Star,Lone Star,0.0,21.0,False,True,Ben Altamirano Field
401628371,2024,4,regular,2024-09-22 00:00:00,Texas,UL Monroe,SEC,Sun Belt,51.0,3.0,False,False,DKR-Texas Memorial Stadium
401675531,2024,4,regular,2024-09-22 00:00:00,Eastern New Mexico,Midwestern State,Lone Star,Lone Star,15.0,36.0,False,True,Al Whitehead Field at Greyhound Stadium
401675522,2024,4,regular,2024-09-22 00:00:00,West Texas,Central Washington,Lone Star,Lone Star,3.0,45.0,False,True,Buffalo Stadium
401654602,2024,4,regular,2024-09-22 00:00:00,McNeese,Alcorn State,Southland,SWAC,42.0,14.0,False,False,Cowboy Stadium
401655630,2024,4,regular,2024-09-22 00:00:00,Stephen F. Austin,Northern Colorado,Southland,Big Sky,48.0,7.0,False,False,Homer Bryce Stadium
401674231,2024,4,regular,2024-09-22 00:00:00,Henderson State,Arkansas Tech,Great American,Great American,27.0,12.0,False,True,Ruggles Field at Carpenter-Haygood Stadium
401636874,2024,4,regular,2024-09-22 00:00:00,Colorado,Baylor,Big 12,Big 12,38.0,31.0,False,True,Folsom Field
401675987,2024,4,regular,2024-09-22 00:00:00,Crown,St. Scholastica,Upper Midwest,Minnesota,13.0,35.0,False,False,Old National Bank Stadium
401654604,2024,4,regular,2024-09-22 00:00:00,Abilene Christian,Idaho,UAC,Big Sky,24.0,27.0,False,False,Wildcat Stadium (TX)
401673142,2024,4,regular,2024-09-22 00:00:00,Western Colorado,Adams State,Rocky Mountain,Rocky Mountain,38.0,0.0,False,True,Mountaineer Bowl
401628490,2024,4,regular,2024-09-22 00:00:00,Boston College,Michigan State,ACC,Big Ten,23.0,19.0,False,False,"Alumni Stadium (Chestnut Hill, MA)"
401643717,2024,4,regular,2024-09-22 00:30:00,Oregon State,Purdue,Pac-12,Big Ten,38.0,21.0,False,False,Reser Stadium
401643711,2024,4,regular,2024-09-22 00:30:00,New Mexico,Fresno State,Mountain West,Mountain West,21.0,38.0,False,True,University Stadium (NM)
401637162,2024,4,regular,2024-09-22 01:45:00,Boise State,Portland State,Mountain West,Big Sky,56.0,14.0,False,False,Albertsons Stadium
401677682,2024,4,regular,2024-09-22 02:00:00,La Verne,Puget Sound,So. Cal.,Northwest,41.0,49.0,False,False,Ortmayer Stadium
401632101,2024,4,regular,2024-09-22 02:00:00,UC Davis,Utah Tech,Big Sky,UAC,32.0,14.0,False,False,Aggie Stadium
401677679,2024,4,regular,2024-09-22 02:00:00,Pacific (OR),Pomona Pitzer,Northwest,So. Cal.,45.0,14.0,False,False,Hanson Stadium
401636872,2024,4,regular,2024-09-22 02:30:00,BYU,Kansas State,Big 12,Big 12,38.0,9.0,False,True,LaVell Edwards Stadium
401643712,2024,4,regular,2024-09-22 03:59:00,Hawai'i,Northern Iowa,Mountain West,MVFC,36.0,7.0,False,False,Clarence T.C. Ching Athletics Complex
401645331,2024,5,regular,2024-09-26 23:30:00,Temple,Army,American Athletic,American Athletic,14.0,42.0,False,True,Lincoln Financial Field
401676707,2024,5,regular,2024-09-27 22:00:00,Assumption,Post,Northeast 10,Northeast 10,35.0,7.0,False,True,Multi-Sport Stadium
401634767,2024,5,regular,2024-09-27 23:30:00,Miami,Virginia Tech,ACC,ACC,38.0,34.0,False,True,Hard Rock Stadium
401628501,2024,5,regular,2024-09-28 00:00:00,Rutgers,Washington,Big Ten,Big Ten,21.0,18.0,False,True,SHI Stadium
401674865,2024,5,regular,2024-09-28 16:00:00,Albright,Eastern,Mid Atlantic,Mid Atlantic,20.0,41.0,False,True,Gene L. Shirk Stadium
401675973,2024,5,regular,2024-09-28 16:00:00,Bridgewater State,Framingham State,MSCAC,MSCAC,41.0,0.0,False,True,Edward C. Swenson Athletic Complex
401628499,2024,5,regular,2024-09-28 16:00:00,Purdue,Nebraska,Big Ten,Big Ten,10.0,28.0,False,True,Ross-Ade Stadium
401635565,2024,5,regular,2024-09-28 16:00:00,Syracuse,Holy Cross,ACC,Patriot,42.0,14.0,False,False,JMA Wireless Dome
401628497,2024,5,regular,2024-09-28 16:00:00,Michigan,Minnesota,Big Ten,Big Ten,27.0,24.0,False,True,Michigan Stadium
401677473,2024,5,regular,2024-09-28 16:00:00,Salve Regina,MIT,NEWMAC,NEWMAC,19.0,6.0,False,True,Toppa Field
401635560,2024,5,regular,2024-09-28 16:00:00,Boston College,Western Kentucky,ACC,Conference USA,21.0,20.0,False,False,"Alumni Stadium (Chestnut Hill, MA)"
401676936,2024,5,regular,2024-09-28 16:00:00,Mount St Joseph,Wisconsin River Falls,Heartland,Wisconsin,9.0,68.0,False,False,Schueler Field
401673431,2024,5,regular,2024-09-28 16:00:00,FDU Florham,Lebanon Valley,Mid Atlantic,Mid Atlantic,48.0,26.0,False,True,Robert T. Shields Field
401674551,2024,5,regular,2024-09-28 16:00:00,American International,Ferris State,Northeast 10,GLIAC,7.0,84.0,False,False,Ronald J. Abdow Field
401636880,2024,5,regular,2024-09-28 16:00:00,Baylor,BYU,Big 12,Big 12,28.0,34.0,False,True,McLane Stadium
401674810,2024,5,regular,2024-09-28 16:00:00,Lycoming,Hilbert,Landmark Conference,Empire 8,48.0,0.0,False,False,David Person Field
401676191,2024,5,regular,2024-09-28 16:00:00,SUNY Maritime,Merchant Marine,NEWMAC,NEWMAC,20.0,23.0,False,True,Reinhart Field
401675999,2024,5,regular,2024-09-28 16:00:00,Greensboro,Southern Virginia,USA South,USA South,42.0,23.0,False,True,Jamieson Stadium
401645332,2024,5,regular,2024-09-28 16:00:00,UAB,Navy,American Athletic,American Athletic,18.0,41.0,False,True,Protective Stadium
401674705,2024,5,regular,2024-09-28 16:00:00,Curry,Ithaca,Commonwealth Coast,Liberty League,13.0,38.0,False,False,Walter M. Katz Field
401638660,2024,5,regular,2024-09-28 16:00:00,Marist,Dayton,Pioneer,Pioneer,14.0,47.0,False,True,Leonidoff Field
401636883,2024,5,regular,2024-09-28 16:00:00,Kansas State,Oklahoma State,Big 12,Big 12,42.0,20.0,False,True,Bill Snyder Family Stadium
401676218,2024,5,regular,2024-09-28 16:00:00,WPI,Norwich,NEWMAC,NEWMAC,14.0,0.0,False,True,"Alumni Stadium (Worcester, MA)"
401694304,2024,5,regular,2024-09-28 16:00:00,Campbellsville University,Roosevelt,,GLIAC,24.0,8.0,True,False,
401645337,2024,5,regular,2024-09-28 16:00:00,Tulane,South Florida,American Athletic,American Athletic,45.0,10.0,False,True,Yulman Stadium
401628377,2024,5,regular,2024-09-28 16:00:00,Ole Miss,Kentucky,SEC,SEC,17.0,20.0,False,True,Vaught-Hemingway Stadium
401673411,2024,5,regular,2024-09-28 16:00:00,SUNY Morrisville,Moravian,Empire 8,Landmark Conference,6.0,14.0,False,False,Drake Field (NY)
401676009,2024,5,regular,2024-09-28 16:00:00,Belhaven,North Carolina Wesleyan,USA South,USA South,30.0,12.0,False,True,Belhaven Bowl Stadium
401628496,2024,5,regular,2024-09-28 16:00:00,Indiana,Maryland,Big Ten,Big Ten,42.0,28.0,False,True,"Memorial Stadium (Bloomington, IN)"
401635564,2024,5,regular,2024-09-28 16:00:00,NC State,Northern Illinois,ACC,Mid-American,24.0,17.0,False,False,Carter-Finley Stadium
401676101,2024,5,regular,2024-09-28 16:00:00,DePauw,Oberlin,North Coast,North Coast,72.0,0.0,False,True,Blackstock Stadium
401674351,2024,5,regular,2024-09-28 16:00:00,California (PA),Gannon,Pennsylvania State Athletic,Pennsylvania State Athletic,49.0,7.0,False,True,Adamson Stadium
401629032,2024,5,regular,2024-09-28 16:00:00,UConn,Buffalo,FBS Independents,Mid-American,47.0,3.0,False,False,Pratt & Whitney Stadium
401674879,2024,5,regular,2024-09-28 16:00:00,UMass Dartmouth,Vermont State Castleton,MSCAC,MSCAC,60.0,10.0,False,True,Cressy Field
401654617,2024,5,regular,2024-09-28 16:00:00,Lehigh,Bucknell,Patriot,Patriot,35.0,38.0,False,True,Goodman Stadium
401644597,2024,5,regular,2024-09-28 16:00:00,Brown,Harvard,Ivy,Ivy,31.0,28.0,False,True,Brown Stadium
401674823,2024,5,regular,2024-09-28 16:00:00,Wilkes,St. John Fisher,Landmark Conference,Empire 8,28.0,21.0,False,False,Schmidt Stadium
401674849,2024,5,regular,2024-09-28 16:00:00,Endicott,Rensselaer,Commonwealth Coast,Liberty League,28.0,20.0,False,False,Hempstead Stadium
401674827,2024,5,regular,2024-09-28 16:00:00,Keystone,Hobart,Landmark Conference,Liberty League,9.0,52.0,False,False,Athletic Field Complex
401676757,2024,5,regular,2024-09-28 16:00:00,Dean,Nichols,ECFC,Commonwealth Coast,7.0,31.0,False,False,Dale Lippert Field
401654488,2024,5,regular,2024-09-28 16:30:00,Georgetown,Columbia,Patriot,Ivy,20.0,17.0,False,False,Cooper Field
401638662,2024,5,regular,2024-09-28 17:00:00,Morehead State,Valparaiso,Pioneer,Pioneer,17.0,5.0,False,True,Jayne Stadium
401677461,2024,5,regular,2024-09-28 17:00:00,Defiance College,Siena Heights,,,7.0,52.0,False,False,Justin F. Coressel Stadium
401676434,2024,5,regular,2024-09-28 17:00:00,Saint Vincent,Waynesburg,Presidents',Presidents',7.0,21.0,False,True,Chuck Noll Field
401676225,2024,5,regular,2024-09-28 17:00:00,Coast Guard,Springfield,NEWMAC,NEWMAC,34.0,52.0,False,True,Cadet Memorial Field
401676773,2024,5,regular,2024-09-28 17:00:00,Rochester (NY),New England,Liberty League,Commonwealth Coast,42.0,21.0,False,False,Edwin Fauver Stadium
401676750,2024,5,regular,2024-09-28 17:00:00,Shippensburg,Shepherd,Pennsylvania State Athletic,Pennsylvania State Athletic,0.0,38.0,False,True,Seth Grove Stadium
401674919,2024,5,regular,2024-09-28 17:00:00,Trine,Albion,Michigan,Michigan,14.0,42.0,False,True,Fred Zollner Athletic Stadium
401674871,2024,5,regular,2024-09-28 17:00:00,Stevenson,Alvernia,Mid Atlantic,Mid Atlantic,34.0,20.0,False,True,Mustang Stadium
401674737,2024,5,regular,2024-09-28 17:00:00,North Central College,Washington St. Louis,CCIW,CCIW,49.0,9.0,False,True,Benedetti-Wehrli Stadium
401674648,2024,5,regular,2024-09-28 17:00:00,Wittenberg,Howard Payne,North Coast,American Southwest,36.0,29.0,False,False,Edwards-Maurer Field
401674277,2024,5,regular,2024-09-28 17:00:00,Wheeling,Fairmont State,Mountain East,Mountain East,49.0,52.0,False,True,Bishop Schmitt Field
401673421,2024,5,regular,2024-09-28 17:00:00,Delaware Valley,Misericordia,Mid Atlantic,Mid Atlantic,13.0,0.0,False,True,Robert A. Lipinski Field at James Work Memorial Stadium
401674331,2024,5,regular,2024-09-28 17:00:00,Minnesota St Moorhead,Augustana (SD),Northern Sun,Northern Sun,43.0,41.0,False,True,Scheels Field at Nemzek Stadium
401675836,2024,5,regular,2024-09-28 17:00:00,Concordia St. Paul,Minnesota State,Northern Sun,Northern Sun,20.0,33.0,False,True,Sea Foam Stadium
401675581,2024,5,regular,2024-09-28 17:00:00,Morehouse,Benedict,SIAC,SIAC,5.0,21.0,False,True,B.T. Harvey Stadium
401676148,2024,5,regular,2024-09-28 17:00:00,Wesleyan (CT),Bates,NESCAC,NESCAC,13.0,24.0,False,True,Corwin Stadium
401675469,2024,5,regular,2024-09-28 17:00:00,Chowan,Mississippi College,Gulf South,Gulf South,27.0,25.0,False,True,Garrison Stadium
401676105,2024,5,regular,2024-09-28 17:00:00,Lock Haven,Millersville,Pennsylvania State Athletic,Pennsylvania State Athletic,24.0,23.0,False,True,Hubert Jack Stadium
401674897,2024,5,regular,2024-09-28 17:00:00,Mass Maritime,Plymouth State,MSCAC,MSCAC,29.0,6.0,False,True,Clean Harbors Stadium
401676025,2024,5,regular,2024-09-28 17:00:00,Maryville (TN),Brevard,USA South,USA South,0.0,0.0,False,True,Lloyd L. Thornton Stadium
401674803,2024,5,regular,2024-09-28 17:00:00,Juniata,Shenandoah,Landmark Conference,Old Dominion,27.0,62.0,False,False,Knox Stadium
401676165,2024,5,regular,2024-09-28 17:00:00,Tufts,Amherst,NESCAC,NESCAC,25.0,0.0,False,True,Ellis Oval at Zimman Field
401675902,2024,5,regular,2024-09-28 17:00:00,Luther,Anderson (IN),American Rivers,Heartland,9.0,6.0,False,False,Legacy Field in Carlson Stadium
401675419,2024,5,regular,2024-09-28 17:00:00,Ashland,Tiffin,Great Midwest Athletic,Great Midwest Athletic,21.0,12.0,False,True,Jack Miller Stadium
401676018,2024,5,regular,2024-09-28 17:00:00,LaGrange,Methodist,USA South,USA South,40.0,24.0,False,True,Callaway Stadium
401674748,2024,5,regular,2024-09-28 17:00:00,Alfred,Catholic,Empire 8,Landmark Conference,45.0,15.0,False,False,Merrill Field at Yunevich Stadium
401676157,2024,5,regular,2024-09-28 17:00:00,Bowdoin,Hamilton,NESCAC,NESCAC,28.0,21.0,False,True,Whittier Field
401675379,2024,5,regular,2024-09-28 17:00:00,Winston-Salem State,Bowie State,CIAA,CIAA,28.0,14.0,False,True,Bowman Gray Stadium
401674284,2024,5,regular,2024-09-28 17:00:00,Glenville State,UNC Pembroke,Mountain East,Mountain East,14.0,7.0,False,True,I.L. & Sue Morris Stadium
401677408,2024,5,regular,2024-09-28 17:00:00,West Virginia State,West Virginia Wesleyan,Mountain East,Mountain East,48.0,22.0,False,True,Dickerson Stadium
401674258,2024,5,regular,2024-09-28 17:00:00,Concord,Charleston (WV),Mountain East,Mountain East,7.0,42.0,False,True,Callaghan Stadium
401675573,2024,5,regular,2024-09-28 17:00:00,Allen,Miles,SIAC,SIAC,13.0,33.0,False,True,W.C. Hawkins Stadium
401628636,2024,5,regular,2024-09-28 17:00:00,Monmouth,Fordham,Coastal Athletic,Patriot,63.0,21.0,False,False,Kessler Stadium
401654471,2024,5,regular,2024-09-28 17:00:00,Merrimack,Dartmouth,FCS Independents,Ivy,14.0,16.0,False,False,Duane Stadium
401676090,2024,5,regular,2024-09-28 17:00:00,Denison,Hiram,North Coast,North Coast,35.0,0.0,False,True,Deeds Field-Piper Stadium
401675443,2024,5,regular,2024-09-28 17:00:00,Ohio Dominican,Kentucky Wesleyan,Great Midwest Athletic,Great Midwest Athletic,38.0,7.0,False,True,Panther Stadium (OH)
401676763,2024,5,regular,2024-09-28 17:00:00,Western New England,Susquehanna,Commonwealth Coast,Landmark Conference,21.0,34.0,False,False,Golden Bear Stadium
401675406,2024,5,regular,2024-09-28 17:00:00,Virginia Union,Shaw,CIAA,CIAA,42.0,7.0,False,True,Hovey Field
401676737,2024,5,regular,2024-09-28 17:00:00,Saint Anselm,Southern Connecticut State,Northeast 10,Northeast 10,31.0,28.0,False,True,Grappone Stadium
401687169,2024,5,regular,2024-09-28 17:00:00,King's,Widener,Mid Atlantic,Mid Atlantic,28.0,25.0,False,True,McCarthy Stadium (Wilkes Barre)
401676265,2024,5,regular,2024-09-28 17:00:00,Sewanee,Millsaps,Southern Athletic,Southern Athletic,21.0,31.0,False,True,Hardee-McGee Field
401675278,2024,5,regular,2024-09-28 17:00:00,Kenyon,Wooster,North Coast,North Coast,32.0,26.0,False,True,McBride Field
401679013,2024,5,regular,2024-09-28 17:00:00,Middlebury,Colby,NESCAC,NESCAC,24.0,16.0,False,True,Alumni Stadium (VT)
401638661,2024,5,regular,2024-09-28 17:00:00,Drake,San Diego,Pioneer,Pioneer,30.0,28.0,False,True,Drake Stadium
401679156,2024,5,regular,2024-09-28 17:00:00,Mercyhurst,Frostburg State,NEC,Mountain East,24.0,25.0,False,False,Saxon Stadium
401656601,2024,5,regular,2024-09-28 17:00:00,Pennsylvania,Colgate,Ivy,Patriot,27.0,17.0,False,False,Franklin Field
401655659,2024,5,regular,2024-09-28 17:00:00,Butler,Virginia Lynchburg,Pioneer,,63.0,0.0,False,False,Butler Bowl
401634172,2024,5,regular,2024-09-28 17:00:00,Indiana State,Houston Christian,MVFC,Southland,24.0,27.0,False,False,Memorial Stadium
401674321,2024,5,regular,2024-09-28 17:05:00,Minnesota Duluth,Southwest Minnesota State,Northern Sun,Northern Sun,62.0,0.0,False,True,James S. Malosky Stadium
401676185,2024,5,regular,2024-09-28 17:30:00,Trinity (CT),Williams,NESCAC,NESCAC,45.0,14.0,False,True,Jessee/Miller Field
401676336,2024,5,regular,2024-09-28 17:30:00,John Carroll,Heidelberg,Ohio,Ohio,48.0,10.0,False,True,Don Shula Stadium at Wasmer Field
401674714,2024,5,regular,2024-09-28 17:30:00,Anna Maria College,Husson,ECFC,Commonwealth Coast,47.0,29.0,False,False,Caparso Field
401643793,2024,5,regular,2024-09-28 17:30:00,James Madison,Ball State,Sun Belt,Mid-American,63.0,7.0,False,False,Bridgeforth Stadium
401676307,2024,5,regular,2024-09-28 17:30:00,Marietta,Capital,Ohio,Ohio,54.0,10.0,False,True,Don Drumm Stadium
401676366,2024,5,regular,2024-09-28 17:30:00,Ohio Northern,Wilmington (OH),Ohio,Ohio,59.0,3.0,False,True,Dial-Roberson Stadium
401674776,2024,5,regular,2024-09-28 17:30:00,Franklin,Ohio Wesleyan,Heartland,North Coast,27.0,14.0,False,False,"Stewart """"Red"""" Faught Stadium"
401674966,2024,5,regular,2024-09-28 18:00:00,Concordia (MN),St. Scholastica,Minnesota,Minnesota,35.0,0.0,False,True,Jake Christiansen Stadium
401628634,2024,5,regular,2024-09-28 18:00:00,Campbell,Delaware State,Coastal Athletic,MEAC,44.0,41.0,False,False,Barker-Lane Stadium
401673967,2024,5,regular,2024-09-28 18:00:00,Illinois Wesleyan,Carthage,CCIW,CCIW,35.0,0.0,False,True,Tucci Stadium
401654506,2024,5,regular,2024-09-28 18:00:00,Cornell,Yale,Ivy,Ivy,47.0,23.0,False,True,Schoellkopf Field
401674511,2024,5,regular,2024-09-28 18:00:00,Southwest Baptist,Lincoln (MO),Great Lakes,Great Lakes,17.0,13.0,False,True,Plaster Sports Complex
401675990,2024,5,regular,2024-09-28 18:00:00,Aurora,Concordia Chicago,NACC,NACC,72.0,6.0,False,True,Vago Field
401675388,2024,5,regular,2024-09-28 18:00:00,Virginia State,Fayetteville State,CIAA,CIAA,35.0,18.0,False,True,Rogers Stadium (VA)
401674544,2024,5,regular,2024-09-28 18:00:00,Quincy,Upper Iowa,Great Lakes,Great Lakes,27.0,29.0,False,True,QU Stadium
401676031,2024,5,regular,2024-09-28 18:00:00,Benedictine (IL),Concordia (WI),NACC,NACC,18.0,23.0,False,True,Village of Lisle-Benedictine University Sports Complex
401632106,2024,5,regular,2024-09-28 18:00:00,Austin Peay,Southern Utah,UAC,UAC,17.0,28.0,False,True,Governors Stadium
401674341,2024,5,regular,2024-09-28 18:00:00,Bloomsburg,West Chester,Pennsylvania State Athletic,Pennsylvania State Athletic,23.0,21.0,False,True,Robert B. Redman Stadium
401632105,2024,5,regular,2024-09-28 18:00:00,West Georgia,North Alabama,UAC,UAC,16.0,25.0,False,True,University Stadium (GA)
401673975,2024,5,regular,2024-09-28 18:00:00,Elmhurst,North Park,CCIW,CCIW,28.0,21.0,False,True,Langhorst Field
401676635,2024,5,regular,2024-09-28 18:00:00,Washington & Jefferson,Carnegie Mellon,Presidents',Presidents',27.0,30.0,False,True,Cameron Stadium
401674611,2024,5,regular,2024-09-28 18:00:00,Simpson (IA),Loras,American Rivers,American Rivers,66.0,14.0,False,True,Bill Buxton Stadium
401676724,2024,5,regular,2024-09-28 18:00:00,Bentley,New Haven,Northeast 10,Northeast 10,35.0,45.0,False,True,Bentley University Football Stadium
401674942,2024,5,regular,2024-09-28 18:00:00,Augsburg,Gustavus Adolphus,Minnesota,Minnesota,0.0,28.0,False,True,Edor Nelson Field
401628632,2024,5,regular,2024-09-28 18:00:00,Elon,Richmond,Coastal Athletic,Coastal Athletic,17.0,27.0,False,True,Rhodes Stadium
401634192,2024,5,regular,2024-09-28 18:00:00,North Dakota,Murray State,MVFC,MVFC,72.0,35.0,False,True,Alerus Center
401673242,2024,5,regular,2024-09-28 18:00:00,New Mexico Highlands,Western Colorado,Rocky Mountain,Rocky Mountain,12.0,53.0,False,True,Sanchez Family Stadium
401676049,2024,5,regular,2024-09-28 18:00:00,Hendrix,Huntingdon,Southern Athletic,USA South,31.0,28.0,False,False,Young-Wise Memorial Stadium
401674618,2024,5,regular,2024-09-28 18:00:00,Wartburg,Nebraska Wesleyan,American Rivers,American Rivers,34.0,0.0,False,True,Walston-Hoover Stadium
401676273,2024,5,regular,2024-09-28 18:00:00,Baldwin Wallace,Mount Union,Ohio,Ohio,14.0,52.0,False,True,George Finnie Stadium
401674539,2024,5,regular,2024-09-28 18:00:00,Truman State,Wayne State (MI),Great Lakes,GLIAC,31.0,17.0,False,False,Stokes Stadium
401675428,2024,5,regular,2024-09-28 18:00:00,Findlay,Hillsdale,Great Midwest Athletic,Great Midwest Athletic,28.0,21.0,False,True,Donnell Stadium
401674926,2024,5,regular,2024-09-28 18:00:00,Alma,Hope,Michigan,Michigan,13.0,34.0,False,True,Bahlke Field
401632110,2024,5,regular,2024-09-28 18:00:00,Eastern Kentucky,Robert Morris,UAC,NEC,31.0,7.0,False,False,Roy Kidd Stadium
401674604,2024,5,regular,2024-09-28 18:00:00,Coe,Dubuque,American Rivers,American Rivers,27.0,10.0,False,True,Clark Field
401675029,2024,5,regular,2024-09-28 18:00:00,Rockford,St. Norbert,NACC,NACC,3.0,40.0,False,True,Sam Greeley Field
401674547,2024,5,regular,2024-09-28 18:00:00,William Jewell,Davenport,Great Lakes,GLIAC,7.0,17.0,True,False,Liberty North High School
401674112,2024,5,regular,2024-09-28 18:00:00,Central Missouri,Nebraska Kearney,Mid America,Mid America,36.0,35.0,False,True,Audrey J. Walton Stadium at Vernon Kennedy Field
401674951,2024,5,regular,2024-09-28 18:00:00,Bethel (MN),Saint John's (MN),Minnesota,Minnesota,20.0,45.0,False,True,Royal Stadium
401675756,2024,5,regular,2024-09-28 18:00:00,Barton,Anderson (SC),South Atlantic,South Atlantic,27.0,13.0,False,True,Electric Supply Company Field
401674225,2024,5,regular,2024-09-28 18:00:00,Minot State,Sioux Falls,Northern Sun,Northern Sun,26.0,22.0,False,True,Herb Parker Stadium
401673958,2024,5,regular,2024-09-28 18:00:00,Carroll (WI),Wheaton (IL),CCIW,CCIW,10.0,22.0,False,True,Schneider Stadium
401673948,2024,5,regular,2024-09-28 18:00:00,Millikin,Augustana (IL),CCIW,CCIW,20.0,24.0,False,True,Frank M. Lindsay Field
401674638,2024,5,regular,2024-09-28 18:00:00,Hardin Simmons,North American,American Southwest,,90.0,7.0,False,False,Shelton Stadium
401638341,2024,5,regular,2024-09-28 18:00:00,Furman,Samford,Southern,Southern,0.0,0.0,False,True,Paladin Stadium
401674958,2024,5,regular,2024-09-28 18:00:00,Hamline,Carleton,Minnesota,Minnesota,14.0,24.0,False,True,Klas Field
401634243,2024,5,regular,2024-09-28 18:00:00,South Dakota,Southern Illinois,MVFC,MVFC,42.0,13.0,False,True,DakotaDome
401674585,2024,5,regular,2024-09-28 18:00:00,Buena Vista,Central College,American Rivers,American Rivers,0.0,52.0,False,True,J. Leslie Rollins Stadium
401675563,2024,5,regular,2024-09-28 18:00:00,Albany State,Kentucky State,SIAC,SIAC,49.0,21.0,False,True,Albany State University Coliseum
401674629,2024,5,regular,2024-09-28 18:00:00,Austin,McMurry,Southern Collegiate Athletic,Southern Collegiate Athletic,9.0,34.0,False,True,Jerry E. Apple Stadium
401674154,2024,5,regular,2024-09-28 18:30:00,Northwest Missouri State,Emporia State,Mid America,Mid America,14.0,9.0,False,True,Bearcat Stadium
401674905,2024,5,regular,2024-09-28 18:30:00,Worcester State,Westfield State,MSCAC,MSCAC,27.0,35.0,False,True,John Coughlin Memorial Field
401673153,2024,5,regular,2024-09-28 19:00:00,Colorado School of Mines,Black Hills State,Rocky Mountain,Rocky Mountain,52.0,24.0,False,True,Marv Kay Stadium at Campbell Field
401676639,2024,5,regular,2024-09-28 19:00:00,Geneva,Case Western Reserve,Presidents',Presidents',14.0,56.0,False,True,Reeves Field (PA)
401674311,2024,5,regular,2024-09-28 19:00:00,Bemidji State,University of Mary,Northern Sun,Northern Sun,41.0,7.0,False,True,Chet Anderson Stadium
401654553,2024,5,regular,2024-09-28 19:00:00,Norfolk State,North Carolina Central,MEAC,MEAC,10.0,37.0,True,True,Lucas Oil Stadium
401654464,2024,5,regular,2024-09-28 19:00:00,Princeton,Howard,Ivy,MEAC,30.0,13.0,False,False,Princeton University Stadium
401674911,2024,5,regular,2024-09-28 19:00:00,Adrian,Olivet,Michigan,Michigan,24.0,14.0,False,True,Docking Stadium
401674175,2024,5,regular,2024-09-28 19:00:00,Missouri Western,Washburn,Mid America,Mid America,16.0,24.0,False,True,Craig Field at Spratt Memorial Stadium
401676420,2024,5,regular,2024-09-28 19:00:00,Thiel,Westminster (PA),Presidents',Presidents',6.0,58.0,False,True,Alumni Stadium (PA)
401634161,2024,5,regular,2024-09-28 19:00:00,Illinois State,North Dakota State,MVFC,MVFC,10.0,42.0,False,True,Hancock Stadium
401634184,2024,5,regular,2024-09-28 19:00:00,Missouri State,Youngstown State,MVFC,MVFC,38.0,31.0,False,True,Plaster Sports Complex
401634146,2024,5,regular,2024-09-28 19:00:00,Wofford,Mercer,Southern,Southern,3.0,22.0,False,True,Gibbs Stadium
401673143,2024,5,regular,2024-09-28 19:00:00,Adams State,CSU Pueblo,Rocky Mountain,Rocky Mountain,10.0,66.0,False,True,Rex Stadium
401675588,2024,5,regular,2024-09-28 19:00:00,Lane College,Clark Atlanta,SIAC,SIAC,28.0,38.0,False,True,Lane Field
401634046,2024,5,regular,2024-09-28 19:00:00,Northern Colorado,Cal Poly,Big Sky,Big Sky,7.0,28.0,False,True,Nottingham Field
401641041,2024,5,regular,2024-09-28 19:00:00,Sam Houston,Texas State,Conference USA,Sun Belt,40.0,39.0,True,False,NRG Stadium
401674665,2024,5,regular,2024-09-28 19:00:00,Lyon,Texas Lutheran,Southern Collegiate Athletic,Southern Collegiate Athletic,0.0,49.0,True,True,Pioneer Stadium
401633982,2024,5,regular,2024-09-28 19:00:00,Eastern Illinois,Lindenwood,Big South-OVC,Big South-OVC,25.0,28.0,False,True,O'Brien Stadium
401674560,2024,5,regular,2024-09-28 19:00:00,Grand Valley State,West Florida,GLIAC,Gulf South,31.0,7.0,False,False,Lubbers Stadium
401636346,2024,5,regular,2024-09-28 19:00:00,Bethune-Cookman,Alabama State,SWAC,SWAC,21.0,26.0,False,True,Municipal Stadium
401673281,2024,5,regular,2024-09-28 19:00:00,Colorado Mesa,Chadron State,Rocky Mountain,Rocky Mountain,18.0,3.0,False,True,Ralph Stocker Stadium
401629043,2024,5,regular,2024-09-28 19:30:00,Miami (OH),Massachusetts,Mid-American,FBS Independents,23.0,20.0,False,False,Yager Stadium
401635659,2024,5,regular,2024-09-28 19:30:00,Wake Forest,Louisiana,ACC,Sun Belt,38.0,41.0,False,False,Allegacy Federal Credit Union Stadium
401628631,2024,5,regular,2024-09-28 19:30:00,UAlbany,Maine,Coastal Athletic,Coastal Athletic,20.0,34.0,False,True,Bob Ford Field
401643792,2024,5,regular,2024-09-28 19:30:00,Georgia State,Georgia Southern,Sun Belt,Sun Belt,21.0,38.0,False,True,Center Parc Stadium
401643794,2024,5,regular,2024-09-28 19:30:00,Marshall,Western Michigan,Sun Belt,Mid-American,27.0,20.0,False,False,Joan C. Edwards Stadium
401643721,2024,5,regular,2024-09-28 19:30:00,Central Michigan,San Diego State,Mid-American,Mountain West,22.0,21.0,False,False,Kelly/Shorts Stadium
401644739,2024,5,regular,2024-09-28 19:30:00,Kent State,Eastern Michigan,Mid-American,Mid-American,33.0,52.0,False,True,Dix Stadium
401644738,2024,5,regular,2024-09-28 19:30:00,Ohio,Akron,Mid-American,Mid-American,30.0,10.0,False,True,Peden Stadium
401628638,2024,5,regular,2024-09-28 19:30:00,Stony Brook,Morgan State,Coastal Athletic,MEAC,22.0,3.0,False,False,Kenneth P. LaValle Stadium
401640992,2024,5,regular,2024-09-28 19:30:00,App State,Liberty,Sun Belt,Conference USA,,,False,False,Kidd Brewer Stadium
401628502,2024,5,regular,2024-09-28 19:30:00,USC,Wisconsin,Big Ten,Big Ten,38.0,21.0,False,True,Los Angeles Memorial Coliseum
401628373,2024,5,regular,2024-09-28 19:30:00,Texas A&M,Arkansas,SEC,SEC,21.0,17.0,True,True,AT&T Stadium
401636882,2024,5,regular,2024-09-28 19:30:00,Kansas,TCU,Big 12,Big 12,27.0,38.0,True,True,GEHA Field at Arrowhead Stadium
401636885,2024,5,regular,2024-09-28 19:30:00,UCF,Colorado,Big 12,Big 12,21.0,48.0,False,True,FBC Mortgage Stadium
401628635,2024,5,regular,2024-09-28 19:30:00,Delaware,Sacred Heart,CAA,FCS Independents,49.0,0.0,False,False,Delaware Stadium
401628375,2024,5,regular,2024-09-28 19:30:00,Auburn,Oklahoma,SEC,SEC,21.0,27.0,False,True,Jordan-Hare Stadium
401643720,2024,5,regular,2024-09-28 19:30:00,UNLV,Fresno State,Mountain West,Mountain West,59.0,14.0,False,True,Allegiant Stadium
401628980,2024,5,regular,2024-09-28 19:30:00,Notre Dame,Louisville,FBS Independents,ACC,31.0,24.0,False,False,Notre Dame Stadium
401677683,2024,5,regular,2024-09-28 20:00:00,La Verne,Pomona Pitzer,So. Cal.,So. Cal.,20.0,27.0,False,True,Ortmayer Stadium
401674171,2024,5,regular,2024-09-28 20:00:00,Northeastern State,Missouri Southern State,Independent DII,Mid America,20.0,27.0,False,False,Gable Field at Doc Wadley Stadium
401635562,2024,5,regular,2024-09-28 20:00:00,Duke,North Carolina,ACC,ACC,21.0,20.0,False,True,Wallace Wade Stadium
401673252,2024,5,regular,2024-09-28 20:00:00,Fort Lewis,South Dakota Mines,Rocky Mountain,Rocky Mountain,33.0,49.0,False,True,Ray Dennison Memorial Field
401645334,2024,5,regular,2024-09-28 20:00:00,East Carolina,UTSA,American Athletic,American Athletic,30.0,20.0,False,True,Dowdy-Ficklen Stadium
401676078,2024,5,regular,2024-09-28 20:00:00,IU Pennsylvania,Clarion,Pennsylvania State Athletic,Pennsylvania State Athletic,31.0,0.0,False,True,George P. Miller Stadium
401654846,2024,5,regular,2024-09-28 20:00:00,Southeast Missouri State,Northwestern State,Big South-OVC,Southland,19.0,0.0,False,False,Houck Field
401633983,2024,5,regular,2024-09-28 20:00:00,Gardner-Webb,Tennessee Tech,Big South-OVC,Big South-OVC,21.0,52.0,False,True,Ernest W. Spangler Stadium
401634050,2024,5,regular,2024-09-28 20:00:00,Northern Arizona,Sacramento State,Big Sky,Big Sky,34.0,16.0,False,True,Walkup Skydome
401658351,2024,5,regular,2024-09-28 20:00:00,Erskine,Delta State,Gulf South,Gulf South,0.0,0.0,False,True,J.W. Babb Stadium
401677719,2024,5,regular,2024-09-28 20:00:00,Willamette,Simpson (CA),Northwest,,21.0,18.0,False,False,McCulloch Stadium
401675558,2024,5,regular,2024-09-28 20:05:00,Western Oregon,West Texas,Lone Star,Lone Star,24.0,16.0,False,True,McArthur Field
401628378,2024,5,regular,2024-09-28 20:15:00,Texas,Mississippi State,SEC,SEC,35.0,13.0,False,True,DKR-Texas Memorial Stadium
401674861,2024,5,regular,2024-09-28 21:00:00,Montclair State,Union,New Jersey,Liberty League,17.0,15.0,False,False,Sprague Field
401674889,2024,5,regular,2024-09-28 21:00:00,Western Connecticut State,Fitchburg State,MSCAC,MSCAC,72.0,0.0,False,True,Westside Athletic Complex
401634136,2024,5,regular,2024-09-28 21:00:00,The Citadel,East Tennessee State,Southern,Southern,17.0,34.0,False,True,Johnson Hagood Stadium
401643795,2024,5,regular,2024-09-28 21:00:00,Bowling Green,Old Dominion,Mid-American,Sun Belt,27.0,30.0,False,False,Doyt L. Perry Stadium
401673402,2024,5,regular,2024-09-28 21:00:00,Buffalo State,Alfred State,Liberty League,ECFC,12.0,0.0,False,False,Coyer Field
401628637,2024,5,regular,2024-09-28 22:00:00,South Carolina State,North Carolina A&T,MEAC,Coastal Athletic,45.0,25.0,False,False,Oliver C. Dawson Stadium
401675806,2024,5,regular,2024-09-28 22:00:00,Lincoln (PA),Livingstone,CIAA,CIAA,14.0,15.0,False,True,Lincoln University Stadium
401634048,2024,5,regular,2024-09-28 22:00:00,Idaho State,Montana State,Big Sky,Big Sky,17.0,37.0,False,True,Holt Arena
401674374,2024,5,regular,2024-09-28 22:00:00,Slippery Rock,Edinboro,Pennsylvania State Athletic,Pennsylvania State Athletic,28.0,23.0,False,True,Mihalik-Thompson Stadium
401645335,2024,5,regular,2024-09-28 22:00:00,Florida Atlantic,Wagner,American Athletic,NEC,41.0,10.0,False,False,FAU Stadium
401675449,2024,5,regular,2024-09-28 22:00:00,Lake Erie,Northwood,Great Midwest Athletic,Great Midwest Athletic,20.0,55.0,False,True,Jack Britt Memorial Stadium
401675800,2024,5,regular,2024-09-28 22:00:00,Bluefield State,Johnson C. Smith,CIAA,CIAA,3.0,42.0,False,True,Mitchell Stadium
401640981,2024,5,regular,2024-09-28 22:00:00,Florida International,Louisiana Tech,Conference USA,Conference USA,17.0,10.0,True,True,Pitbull Stadium
401641018,2024,5,regular,2024-09-28 22:00:00,Kennesaw State,UT Martin,Conference USA,Big South-OVC,13.0,24.0,False,False,Fifth Third Stadium
401673373,2024,5,regular,2024-09-28 22:00:00,Catawba,Carson Newman,South Atlantic,South Atlantic,34.0,35.0,False,True,Shuford Stadium
401676716,2024,5,regular,2024-09-28 22:00:00,Franklin Pierce,Pace,Northeast 10,Northeast 10,48.0,20.0,True,True,Sodexo Field
401676785,2024,5,regular,2024-09-28 22:00:00,Wingate,Mars Hill,South Atlantic,South Atlantic,0.0,0.0,False,True,Irwin Belk Stadium
401628633,2024,5,regular,2024-09-28 22:00:00,William & Mary,Hampton,Coastal Athletic,Coastal Athletic,49.0,7.0,False,True,Zable Stadium
401633981,2024,5,regular,2024-09-28 22:00:00,Tennessee State,Charleston Southern,Big South-OVC,Big South-OVC,13.0,9.0,False,True,Nissan Stadium
401658340,2024,5,regular,2024-09-28 22:00:00,Indianapolis,Saginaw Valley State,Great Lakes,GLIAC,24.0,28.0,False,False,Key Stadium
401628639,2024,5,regular,2024-09-28 22:00:00,Villanova,Long Island University,Coastal Athletic,NEC,24.0,10.0,False,False,Villanova Stadium
401674366,2024,5,regular,2024-09-28 22:05:00,East Stroudsburg,Kutztown,Pennsylvania State Athletic,Pennsylvania State Athletic,21.0,27.0,False,True,Eiler-Martin Stadium
401676209,2024,5,regular,2024-09-28 22:30:00,Kalamazoo,Calvin,Michigan,Michigan,33.0,31.0,False,True,Angell Field
401654587,2024,5,regular,2024-09-28 23:00:00,Mississippi Valley State,Alcorn State,SWAC,SWAC,21.0,42.0,False,True,Rice-Totten Field
401674403,2024,5,regular,2024-09-28 23:00:00,Ouachita Baptist,Arkansas Monticello,Great American,Great American,49.0,14.0,False,True,Cliff Harris Stadium
401676068,2024,5,regular,2024-09-28 23:00:00,Lakeland,Wisconsin Lutheran,NACC,NACC,31.0,33.0,False,True,Taylor Field
401676791,2024,5,regular,2024-09-28 23:00:00,Newberry,UVA Wise,South Atlantic,South Atlantic,0.0,0.0,False,True,Setzler Field
401674490,2024,5,regular,2024-09-28 23:00:00,Northwestern (OK),Southeastern Oklahoma State,Great American,Great American,21.0,27.0,False,True,Ranger Field
401674413,2024,5,regular,2024-09-28 23:00:00,Oklahoma Baptist,East Central,Great American,Great American,20.0,10.0,False,True,Crain Family Stadium
401654666,2024,5,regular,2024-09-28 23:00:00,Tarleton State,SE Louisiana,UAC,Southland,36.0,33.0,False,False,"Memorial Stadium (Stephenville, TX)"
401676205,2024,5,regular,2024-09-28 23:00:00,East Texas Baptist,Centenary (LA),American Southwest,Southern Collegiate Athletic,47.0,8.0,False,False,Ornelas Stadium
401674232,2024,5,regular,2024-09-28 23:00:00,Arkansas Tech,Southern Arkansas,Great American,Great American,7.0,38.0,False,True,Thone Stadium at Buerkle Field
401676620,2024,5,regular,2024-09-28 23:00:00,Grove City,Allegheny,Presidents',Presidents',58.0,7.0,False,True,Robert E. Thorn Field
401645336,2024,5,regular,2024-09-28 23:00:00,North Texas,Tulsa,American Athletic,American Athletic,52.0,20.0,False,True,DATCU Stadium
401636390,2024,5,regular,2024-09-28 23:00:00,Texas Southern,Jackson State,SWAC,SWAC,14.0,43.0,False,True,BBVA Compass Stadium
401675492,2024,5,regular,2024-09-28 23:00:00,North Greenville,Shorter,Gulf South,Gulf South,0.0,0.0,False,True,Younts Stadium
401675461,2024,5,regular,2024-09-28 23:00:00,Thomas More,Walsh,Great Midwest Athletic,Great Midwest Athletic,44.0,21.0,True,True,BB&T Field at Griffin Plaza
401632107,2024,5,regular,2024-09-28 23:00:00,Central Arkansas,Lamar,UAC,Southland,34.0,14.0,False,False,Estes Stadium
401654847,2024,5,regular,2024-09-28 23:00:00,Western Illinois,McKendree,Big South-OVC,Great Lakes,49.0,32.0,False,False,Hanson Field
401675506,2024,5,regular,2024-09-28 23:00:00,Valdosta State,West Alabama,Gulf South,Gulf South,0.0,0.0,False,True,Bazemore-Hyder Stadium
401636383,2024,5,regular,2024-09-28 23:00:00,Prairie View A&M,Grambling,SWAC,SWAC,36.0,34.0,True,True,Cotton Bowl
401645333,2024,5,regular,2024-09-28 23:00:00,Rice,Charlotte,American Athletic,American Athletic,20.0,21.0,False,True,Rice Stadium
401632461,2024,5,regular,2024-09-28 23:00:00,Chattanooga,Portland State,Southern,Big Sky,45.0,30.0,False,False,Finley Stadium
401643796,2024,5,regular,2024-09-28 23:00:00,Troy,UL Monroe,Sun Belt,Sun Belt,9.0,13.0,False,True,Veterans Memorial Stadium (AL)
401635561,2024,5,regular,2024-09-28 23:00:00,Clemson,Stanford,ACC,ACC,40.0,14.0,False,True,"Memorial Stadium (Clemson, SC)"
401674494,2024,5,regular,2024-09-28 23:00:00,Southwestern Oklahoma State,Southern Nazarene,Great American,Great American,24.0,17.0,False,True,Milam Stadium
401675818,2024,5,regular,2024-09-28 23:00:00,Northern State,Winona State,Northern Sun,Northern Sun,30.0,24.0,False,True,Swisher Field
401636881,2024,5,regular,2024-09-28 23:00:00,Houston,Iowa State,Big 12,Big 12,0.0,20.0,False,True,TDECU Stadium
401628498,2024,5,regular,2024-09-28 23:30:00,Michigan State,Ohio State,Big Ten,Big Ten,7.0,38.0,False,True,Spartan Stadium
401628495,2024,5,regular,2024-09-28 23:30:00,Penn State,Illinois,Big Ten,Big Ten,21.0,7.0,False,True,Beaver Stadium
401628374,2024,5,regular,2024-09-28 23:30:00,Alabama,Georgia,SEC,SEC,41.0,34.0,False,True,Bryant-Denny Stadium
401641025,2024,5,regular,2024-09-28 23:30:00,Memphis,Middle Tennessee,American Athletic,Conference USA,24.0,7.0,False,False,Simmons Bank Liberty Stadium
401628376,2024,5,regular,2024-09-28 23:45:00,LSU,South Alabama,SEC,Sun Belt,42.0,10.0,False,False,Tiger Stadium (LA)
401674142,2024,5,regular,2024-09-29 00:00:00,Central Oklahoma,Fort Hays,Mid America,Mid America,49.0,24.0,False,True,Wantland Stadium
401655617,2024,5,regular,2024-09-29 00:00:00,Weber State,McNeese,Big Sky,Southland,26.0,28.0,False,False,Stewart Stadium
401636884,2024,5,regular,2024-09-29 00:00:00,Texas Tech,Cincinnati,Big 12,Big 12,44.0,41.0,False,True,Jones AT&T Stadium
401643718,2024,5,regular,2024-09-29 00:00:00,Wyoming,Air Force,Mountain West,Mountain West,31.0,19.0,False,True,War Memorial Stadium
401641035,2024,5,regular,2024-09-29 00:00:00,New Mexico State,New Mexico,Conference USA,Mountain West,40.0,50.0,False,False,Aggie Memorial Stadium
401635563,2024,5,regular,2024-09-29 00:00:00,SMU,Florida State,ACC,ACC,42.0,16.0,False,True,Gerald J. Ford Stadium
401675539,2024,5,regular,2024-09-29 00:00:00,Midwestern State,UT Permian Basin,Lone Star,Lone Star,3.0,27.0,False,True,"Memorial Stadium (Wichita Falls, TX)"
401674984,2024,5,regular,2024-09-29 00:00:00,Macalester,St. Olaf,Minnesota,Minnesota,0.0,29.0,False,True,Macalester Stadium
401634049,2024,5,regular,2024-09-29 00:00:00,Eastern Washington,Montana,Big Sky,Big Sky,49.0,52.0,False,True,Roos Field
401674421,2024,5,regular,2024-09-29 00:00:00,Harding,Henderson State,Great American,Great American,66.0,0.0,False,True,First Security Stadium
401675548,2024,5,regular,2024-09-29 00:00:00,Texas A&M-Kingsville,Sul Ross State,Lone Star,Lone Star,56.0,21.0,False,True,Javelina Stadium
401632103,2024,5,regular,2024-09-29 01:00:00,Utah Tech,Abilene Christian,UAC,UAC,30.0,55.0,False,True,Greater Zion Stadium
401675523,2024,5,regular,2024-09-29 01:00:00,Central Washington,Western New Mexico,Lone Star,Lone Star,36.0,0.0,False,True,Tomlinson Stadium
401634047,2024,5,regular,2024-09-29 02:00:00,UC Davis,Idaho,Big Sky,Big Sky,28.0,26.0,False,True,Aggie Stadium
401643719,2024,5,regular,2024-09-29 02:00:00,Boise State,Washington State,Mountain West,Pac-12,45.0,24.0,False,False,Albertsons Stadium
401676177,2024,5,regular,2024-09-29 02:00:00,Cal Lutheran,Claremont Mudd Scripps,So. Cal.,So. Cal.,13.0,31.0,False,True,William Rolland Stadium
401675926,2024,5,regular,2024-09-29 02:00:00,Redlands,Chapman,So. Cal.,So. Cal.,10.0,32.0,False,True,Ted Runner Stadium
401636886,2024,5,regular,2024-09-29 02:15:00,Utah,Arizona,Big 12,Big 12,10.0,23.0,False,True,Rice-Eccles Stadium
401628500,2024,5,regular,2024-09-29 03:00:00,UCLA,Oregon,Big Ten,Big Ten,13.0,34.0,False,True,Rose Bowl
401673384,2024,5,regular,2024-09-29 17:00:00,Limestone,Emory & Henry,South Atlantic,South Atlantic,37.0,24.0,False,True,The Reservation
401675601,2024,5,regular,2024-09-29 17:00:00,Savannah State,Fort Valley State,SIAC,SIAC,0.0,30.0,False,True,Wildcat Stadium (GA)
401676778,2024,5,regular,2024-09-29 19:00:00,Lenoir Rhyne,Tusculum,South Atlantic,South Atlantic,37.0,23.0,False,True,Helen and Leonard Moretz Stadium
401675595,2024,5,regular,2024-09-29 20:00:00,Edward Waters,Tuskegee,SIAC,SIAC,13.0,27.0,False,True,Earl Kitchings Stadium
401638659,2024,5,regular,2024-09-29 21:00:00,Presbyterian,Davidson,Pioneer,Pioneer,37.0,48.0,False,True,Richardson Stadium
401643797,2024,6,regular,2024-10-03 23:00:00,Troy,Texas State,Sun Belt,Sun Belt,17.0,38.0,False,True,Veterans Memorial Stadium (AL)
401641029,2024,6,regular,2024-10-04 01:00:00,UTEP,Sam Houston,Conference USA,Conference USA,21.0,41.0,False,True,Sun Bowl
401674691,2024,6,regular,2024-10-04 22:00:00,Johns Hopkins,Rowan,Centennial,New Jersey,20.0,13.0,False,False,Homewood Field
401674804,2024,6,regular,2024-10-04 22:00:00,Juniata,Wilkes,Landmark Conference,Landmark Conference,7.0,54.0,False,True,Knox Stadium
401674682,2024,6,regular,2024-10-04 23:00:00,Gettysburg,McDaniel,Centennial,Centennial,20.0,7.0,False,True,Shirk Field at Musselman Stadium
401644598,2024,6,regular,2024-10-04 23:00:00,Harvard,New Hampshire,Ivy,Coastal Athletic,28.0,23.0,False,False,Harvard Stadium
401674898,2024,6,regular,2024-10-04 23:00:00,Mass Maritime,UMass Dartmouth,MSCAC,MSCAC,0.0,34.0,False,True,Clean Harbors Stadium
401641001,2024,6,regular,2024-10-04 23:00:00,Kennesaw State,Jacksonville State,Conference USA,Conference USA,24.0,63.0,False,True,Fifth Third Stadium
401674699,2024,6,regular,2024-10-04 23:00:00,Muhlenberg,Ursinus,Centennial,Centennial,50.0,53.0,False,True,Scotty Wood Stadium
401636891,2024,6,regular,2024-10-04 23:30:00,TCU,Houston,Big 12,Big 12,19.0,30.0,False,True,Amon G. Carter Stadium
401634779,2024,6,regular,2024-10-05 01:00:00,UNLV,Syracuse,Mountain West,ACC,41.0,44.0,False,False,Allegiant Stadium
401628506,2024,6,regular,2024-10-05 01:00:00,Oregon,Michigan State,Big Ten,Big Ten,31.0,10.0,False,True,Autzen Stadium
401676226,2024,6,regular,2024-10-05 16:00:00,Springfield,WPI,NEWMAC,NEWMAC,51.0,7.0,False,True,Stagg Field
401676118,2024,6,regular,2024-10-05 16:00:00,Oberlin,Kenyon,North Coast,North Coast,0.0,34.0,False,True,Austin E. Knowlton Athletics Complex
401676758,2024,6,regular,2024-10-05 16:00:00,Gallaudet,Nichols,ECFC,Commonwealth Coast,42.0,28.0,False,False,Hotchkiss Field
401675450,2024,6,regular,2024-10-05 16:00:00,Walsh,Lake Erie,Great Midwest Athletic,Great Midwest Athletic,63.0,34.0,False,True,Tom Benson Hall of Fame Stadium
401674568,2024,6,regular,2024-10-05 16:00:00,Michigan Tech,Wayne State (MI),GLIAC,GLIAC,22.0,7.0,False,True,Sherman Field
401676192,2024,6,regular,2024-10-05 16:00:00,Merchant Marine,Salve Regina,NEWMAC,NEWMAC,28.0,31.0,False,True,Brooks Stadium (NY)
401628383,2024,6,regular,2024-10-05 16:00:00,Texas A&M,Missouri,SEC,SEC,41.0,10.0,False,True,Kyle Field
401628646,2024,6,regular,2024-10-05 16:00:00,Brown,Bryant,Ivy,Coastal Athletic,35.0,42.0,False,False,Brown Stadium
401643722,2024,6,regular,2024-10-05 16:00:00,Air Force,Navy,Mountain West,American Athletic,7.0,34.0,False,False,Falcon Stadium
401675964,2024,6,regular,2024-10-05 16:00:00,Plymouth State,Western Connecticut State,MSCAC,MSCAC,21.0,48.0,False,True,Charles L. Currier Memorial Field
401628510,2024,6,regular,2024-10-05 16:00:00,Penn State,UCLA,Big Ten,Big Ten,27.0,11.0,False,True,Beaver Stadium
401676665,2024,6,regular,2024-10-05 16:00:00,Hartwick,Utica,Empire 8,Empire 8,7.0,65.0,False,True,Wright Stadium
401674561,2024,6,regular,2024-10-05 16:00:00,Davenport,Grand Valley State,GLIAC,GLIAC,7.0,24.0,False,True,Farmers Insurance Athletic Complex
401674259,2024,6,regular,2024-10-05 16:00:00,Charleston (WV),Glenville State,Mountain East,Mountain East,29.0,17.0,False,True,University of Charleston Stadium
401673403,2024,6,regular,2024-10-05 16:00:00,Alfred State,Apprentice School,ECFC,Independent DIII,21.0,7.0,False,False,Pioneer Stadium
401629044,2024,6,regular,2024-10-05 16:00:00,Northern Illinois,Massachusetts,Mid-American,FBS Independents,34.0,20.0,False,False,Huskie Stadium
401635567,2024,6,regular,2024-10-05 16:00:00,Virginia,Boston College,ACC,ACC,24.0,14.0,False,True,Scott Stadium
401674291,2024,6,regular,2024-10-05 16:00:00,Wheeling,UNC Pembroke,Mountain East,Mountain East,32.0,35.0,False,True,Bishop Schmitt Field
401674342,2024,6,regular,2024-10-05 16:00:00,Kutztown,Bloomsburg,Pennsylvania State Athletic,Pennsylvania State Athletic,42.0,10.0,False,True,Andre Reed Stadium
401635571,2024,6,regular,2024-10-05 16:00:00,Louisville,SMU,ACC,ACC,27.0,34.0,False,True,L&N Federal Credit Union Stadium
401675500,2024,6,regular,2024-10-05 16:00:00,Shorter,Valdosta State,Gulf South,Gulf South,6.0,59.0,False,True,Barron Stadium
401635572,2024,6,regular,2024-10-05 16:00:00,North Carolina,Pittsburgh,ACC,ACC,24.0,34.0,False,True,Kenan Stadium
401635638,2024,6,regular,2024-10-05 16:00:00,NC State,Wake Forest,ACC,ACC,30.0,34.0,False,True,Carter-Finley Stadium
401682327,2024,6,regular,2024-10-05 16:00:00,Pace,Bentley,Northeast 10,Northeast 10,16.0,31.0,False,True,Pace Stadium
401645339,2024,6,regular,2024-10-05 16:00:00,Tulsa,Army,American Athletic,American Athletic,7.0,49.0,False,True,Chapman Stadium
401654575,2024,6,regular,2024-10-05 16:00:00,Yale,Central Connecticut,Ivy,NEC,23.0,22.0,False,False,Yale Bowl
401674842,2024,6,regular,2024-10-05 16:00:00,Rochester (NY),Rensselaer,Liberty League,Liberty League,14.0,7.0,False,True,Edwin Fauver Stadium
401654489,2024,6,regular,2024-10-05 16:00:00,Columbia,Princeton,Ivy,Ivy,34.0,17.0,False,True,Lawrence A. Wien Stadium
401676106,2024,6,regular,2024-10-05 16:00:00,Shepherd,Lock Haven,Pennsylvania State Athletic,Pennsylvania State Athletic,45.0,38.0,False,True,Ram Stadium (WV)
401674890,2024,6,regular,2024-10-05 16:00:00,Framingham State,Fitchburg State,MSCAC,MSCAC,25.0,22.0,False,True,Bowditch Field
401674367,2024,6,regular,2024-10-05 16:00:00,Millersville,East Stroudsburg,Pennsylvania State Athletic,Pennsylvania State Athletic,17.0,57.0,False,True,Chryst Field at Biemesderfer Stadium
401676754,2024,6,regular,2024-10-05 16:00:00,West Chester,Shippensburg,Pennsylvania State Athletic,Pennsylvania State Athletic,28.0,10.0,False,True,John A. Farrell Stadium
401677474,2024,6,regular,2024-10-05 16:00:00,MIT,Coast Guard,NEWMAC,NEWMAC,19.0,21.0,False,True,Henry G. Steinbrenner '27 Stadium
401628509,2024,6,regular,2024-10-05 16:00:00,Wisconsin,Purdue,Big Ten,Big Ten,52.0,6.0,False,True,Camp Randall Stadium
401676355,2024,6,regular,2024-10-05 16:30:00,Otterbein,Mount Union,Ohio,Ohio,0.0,21.0,False,True,"Memorial Stadium (Westerville, OH)"
401675380,2024,6,regular,2024-10-05 17:00:00,Fayetteville State,Bowie State,CIAA,CIAA,27.0,24.0,False,True,"Luther ""Nick"" Jeralds Stadium"
401674382,2024,6,regular,2024-10-05 17:00:00,Gannon,Seton Hill,Pennsylvania State Athletic,Pennsylvania State Athletic,23.0,17.0,False,True,McConnell Family Stadium
401674792,2024,6,regular,2024-10-05 17:00:00,Defiance College,Manchester,,Heartland,35.0,3.0,False,True,Justin F. Coressel Stadium
401676257,2024,6,regular,2024-10-05 17:00:00,Centre,Trinity (TX),Southern Athletic,Southern Athletic,24.0,12.0,False,True,Farris Stadium
401645338,2024,6,regular,2024-10-05 17:00:00,UAB,Tulane,American Athletic,American Athletic,20.0,71.0,False,True,Protective Stadium
401654589,2024,6,regular,2024-10-05 17:00:00,Duquesne,Long Island University,NEC,NEC,47.0,21.0,False,True,Arthur J. Rooney Athletic Field
401654472,2024,6,regular,2024-10-05 17:00:00,Dartmouth,Pennsylvania,Ivy,Ivy,20.0,17.0,False,True,Memorial Field
401676693,2024,6,regular,2024-10-05 17:00:00,Shaw,Bluefield State,CIAA,CIAA,35.0,17.0,False,True,George Williams Athletic Complex
401676000,2024,6,regular,2024-10-05 17:00:00,Southern Virginia,Brevard,USA South,USA South,21.0,55.0,False,True,Knight Stadium
401675407,2024,6,regular,2024-10-05 17:00:00,Virginia Union,Winston-Salem State,CIAA,CIAA,31.0,13.0,False,True,Hovey Field
401676628,2024,6,regular,2024-10-05 17:00:00,Bethany (WV),Grove City,Presidents',Presidents',22.0,62.0,False,True,Bison Stadium
401676238,2024,6,regular,2024-10-05 17:00:00,Kean,William Paterson,New Jersey,New Jersey,25.0,18.0,False,True,Kean Alumni Stadium
401676186,2024,6,regular,2024-10-05 17:00:00,Williams,Bowdoin,NESCAC,NESCAC,34.0,14.0,False,True,Farley-Lamb Field
401673412,2024,6,regular,2024-10-05 17:00:00,Keystone,Moravian,Landmark Conference,Landmark Conference,14.0,55.0,False,True,Athletic Field Complex
401674267,2024,6,regular,2024-10-05 17:00:00,West Liberty,Concord,Mountain East,Mountain East,31.0,10.0,False,True,West Family Stadium
401676421,2024,6,regular,2024-10-05 17:00:00,Westminster (PA),Washington & Jefferson,Presidents',Presidents',14.0,21.0,False,True,Memorial Field (PA)
401676782,2024,6,regular,2024-10-05 17:00:00,Tusculum,Limestone,South Atlantic,South Atlantic,21.0,49.0,False,True,Pioneer Field (TN)
401676428,2024,6,regular,2024-10-05 17:00:00,Hampden Sydney,Guilford,Old Dominion,Old Dominion,31.0,0.0,False,True,Lewis C. Everett Stadium
401676219,2024,6,regular,2024-10-05 17:00:00,Norwich,SUNY Maritime,NEWMAC,NEWMAC,14.0,37.0,False,True,Sabine Field at Haynes Family Stadium
401674817,2024,6,regular,2024-10-05 17:00:00,Catholic,Susquehanna,Landmark Conference,Landmark Conference,14.0,48.0,False,True,Cardinal Stadium (DC)
401673385,2024,6,regular,2024-10-05 17:00:00,Emory & Henry,Lenoir Rhyne,South Atlantic,South Atlantic,31.0,20.0,False,True,Fred Selfe Stadium at Nicewonder Field
401658341,2024,6,regular,2024-10-05 17:00:00,Northern Michigan,Saginaw Valley State,GLIAC,GLIAC,14.0,63.0,False,True,Superior Dome
401677374,2024,6,regular,2024-10-05 17:00:00,Brockport,St. John Fisher,Empire 8,Empire 8,35.0,0.0,False,True,Bob Boozer Field
401675435,2024,6,regular,2024-10-05 17:00:00,Northwood,Hillsdale,Great Midwest Athletic,Great Midwest Athletic,13.0,14.0,False,True,Hantz Stadium
401674749,2024,6,regular,2024-10-05 17:00:00,Alfred,Hilbert,Empire 8,Empire 8,47.0,0.0,False,True,Merrill Field at Yunevich Stadium
401674856,2024,6,regular,2024-10-05 17:00:00,St. Lawrence,Union,Liberty League,Liberty League,27.0,24.0,False,True,Leckonby Stadium
401676646,2024,6,regular,2024-10-05 17:00:00,Saint Vincent,Geneva,Presidents',Presidents',13.0,16.0,False,True,Chuck Noll Field
401675000,2024,6,regular,2024-10-05 17:00:00,Lawrence,Grinnell,Midwest,Midwest,14.0,17.0,False,True,Ron Roberts Field at the Banta Bowl
401674930,2024,6,regular,2024-10-05 17:00:00,Hope,Trine,Michigan,Michigan,42.0,6.0,False,True,Ray and Sue Smith Stadium
401674828,2024,6,regular,2024-10-05 17:00:00,Hobart,Ithaca,Liberty League,Liberty League,16.0,7.0,False,True,Boswell Field at David J. Urick Stadium
401674672,2024,6,regular,2024-10-05 17:00:00,Franklin & Marshall,Dickinson,Centennial,Centennial,23.0,14.0,False,True,Shadek Stadium
401676026,2024,6,regular,2024-10-05 17:00:00,LaGrange,Maryville (TN),USA South,USA South,13.0,38.0,False,True,Callaway Stadium
401675279,2024,6,regular,2024-10-05 17:00:00,Wooster,Wabash,North Coast,North Coast,19.0,55.0,False,True,John P. Papp Stadium
401676774,2024,6,regular,2024-10-05 17:00:00,New England,Dean,Commonwealth Coast,ECFC,68.0,0.0,False,False,Blue Storm Stadium
401676441,2024,6,regular,2024-10-05 17:00:00,Shenandoah,Randolph Macon,Old Dominion,Old Dominion,21.0,22.0,False,True,Shentel Stadium
401676058,2024,6,regular,2024-10-05 17:00:00,St. Norbert,Concordia (WI),NACC,NACC,28.0,10.0,False,True,Donald J. Schneider Stadium
401674912,2024,6,regular,2024-10-05 17:00:00,Albion,Adrian,Michigan,Michigan,38.0,27.0,False,True,Sprankle-Sprandel Stadium
401673374,2024,6,regular,2024-10-05 17:00:00,Carson Newman,Barton,South Atlantic,South Atlantic,28.0,17.0,False,True,Burke-Tarr Stadium
401676621,2024,6,regular,2024-10-05 17:00:00,Allegheny,Case Western Reserve,Presidents',Presidents',14.0,58.0,False,True,Frank B. Fuhrer Field
401675420,2024,6,regular,2024-10-05 17:00:00,Ashland,Ohio Dominican,Great Midwest Athletic,Great Midwest Athletic,26.0,6.0,False,True,Jack Miller Stadium
401676210,2024,6,regular,2024-10-05 17:00:00,Calvin,Alma,Michigan,Michigan,13.0,73.0,True,True,Grand Rapids Christian High School
401676158,2024,6,regular,2024-10-05 17:00:00,Hamilton,Wesleyan (CT),NESCAC,NESCAC,7.0,19.0,False,True,Steuben Field
401658361,2024,6,regular,2024-10-05 17:00:00,Frostburg State,West Virginia Wesleyan,Mountain East,Mountain East,49.0,16.0,False,True,Bobcat Stadium (MD)
401676731,2024,6,regular,2024-10-05 17:00:00,Saint Anselm,Post,Northeast 10,Northeast 10,56.0,28.0,False,True,Grappone Stadium
401638665,2024,6,regular,2024-10-05 17:00:00,Butler,Morehead State,Pioneer,Pioneer,40.0,6.0,False,True,Butler Bowl
401654654,2024,6,regular,2024-10-05 17:00:00,Stonehill,Wagner,NEC,NEC,7.0,28.0,False,True,W.B. Mason Stadium
401677465,2024,6,regular,2024-10-05 17:00:00,Mercyhurst,Buffalo State,NEC,Liberty League,55.0,0.0,False,False,Saxon Stadium
401654625,2024,6,regular,2024-10-05 17:00:00,Fordham,Lafayette,Patriot,Patriot,23.0,28.0,False,True,Jack Coffey Field
401654551,2024,6,regular,2024-10-05 17:00:00,Sacred Heart,Norfolk State,FCS Independents,MEAC,10.0,3.0,False,False,Campus Field
401676922,2024,6,regular,2024-10-05 17:00:00,SUNY Cortland,SUNY Morrisville,Empire 8,Empire 8,41.0,0.0,False,True,Stadium Red Field
401628645,2024,6,regular,2024-10-05 17:00:00,Cornell,UAlbany,Ivy,Coastal Athletic,10.0,31.0,False,False,Schoellkopf Field
401676725,2024,6,regular,2024-10-05 17:00:00,New Haven,American International,Northeast 10,Northeast 10,56.0,0.0,False,True,Ralph F. DellaCamera Stadium
401628640,2024,6,regular,2024-10-05 17:00:00,Monmouth,Delaware,Coastal Athletic,CAA,35.0,42.0,False,True,Kessler Stadium
401638664,2024,6,regular,2024-10-05 17:00:00,Davidson,Marist,Pioneer,Pioneer,42.0,19.0,False,True,Richardson Stadium
401654637,2024,6,regular,2024-10-05 17:00:00,Colgate,Holy Cross,Patriot,Patriot,7.0,38.0,False,True,Andy Kerr Stadium
401638663,2024,6,regular,2024-10-05 17:00:00,Valparaiso,Drake,Pioneer,Pioneer,3.0,27.0,False,True,Brown Field
401654512,2024,6,regular,2024-10-05 17:00:00,Morgan State,Lincoln (PA),MEAC,CIAA,41.0,0.0,False,False,Hughes Stadium
401654509,2024,6,regular,2024-10-05 17:00:00,Delaware State,Saint Francis,MEAC,NEC,17.0,28.0,False,False,Alumni Stadium
401674784,2024,6,regular,2024-10-05 17:30:00,Hanover,Mount St Joseph,Heartland,Heartland,41.0,49.0,False,True,Alumni Stadium (IN)
401676308,2024,6,regular,2024-10-05 17:30:00,Capital,Heidelberg,Ohio,Ohio,22.0,45.0,False,True,Bernlohr Stadium
401676343,2024,6,regular,2024-10-05 17:30:00,Muskingum,John Carroll,Ohio,Ohio,10.0,35.0,False,True,Sherman Field at McConagha Stadium
401674766,2024,6,regular,2024-10-05 17:30:00,Bluffton,Anderson (IN),Heartland,Heartland,37.0,9.0,False,True,Alumni Field (OH)
401676166,2024,6,regular,2024-10-05 17:30:00,Tufts,Trinity (CT),NESCAC,NESCAC,24.0,42.0,False,True,Ellis Oval at Zimman Field
401674639,2024,6,regular,2024-10-05 18:00:00,Hardin Simmons,Endicott,American Southwest,Commonwealth Coast,35.0,27.0,False,False,Shelton Stadium
401632109,2024,6,regular,2024-10-05 18:00:00,West Georgia,Austin Peay,UAC,UAC,16.0,20.0,False,True,University Stadium (GA)
401674994,2024,6,regular,2024-10-05 18:00:00,Chicago,Beloit,Midwest,Midwest,23.0,3.0,False,True,Amos Alonzo Stagg Field
401634173,2024,6,regular,2024-10-05 18:00:00,Youngstown State,Indiana State,MVFC,MVFC,21.0,14.0,False,True,Stambaugh Stadium
401675977,2024,6,regular,2024-10-05 18:00:00,Wisconsin La Crosse,Wisconsin Platteville,Wisconsin,Wisconsin,27.0,30.0,False,True,Veterans Memorial Stadium (WI)
401628642,2024,6,regular,2024-10-05 18:00:00,Richmond,North Carolina A&T,Coastal Athletic,Coastal Athletic,20.0,17.0,False,True,E. Claiborne Robins Stadium
401674959,2024,6,regular,2024-10-05 18:00:00,Carleton,Concordia (MN),Minnesota,Minnesota,6.0,31.0,False,True,Laird Stadium
401674332,2024,6,regular,2024-10-05 18:00:00,Winona State,Minnesota St Moorhead,Northern Sun,Northern Sun,33.0,6.0,False,True,Altra Federal Credit Union Stadium
401673949,2024,6,regular,2024-10-05 18:00:00,Augustana (IL),North Park,CCIW,CCIW,27.0,30.0,False,True,Charles D. Lindberg Stadium
401676404,2024,6,regular,2024-10-05 18:00:00,Ferrum,Bridgewater,Old Dominion,Old Dominion,15.0,41.0,False,True,W.B. Adams Stadium
401674278,2024,6,regular,2024-10-05 18:00:00,Fairmont State,West Virginia State,Mountain East,Mountain East,34.0,45.0,False,True,Duvall-Rosier Field
401674552,2024,6,regular,2024-10-05 18:00:00,Ferris State,Roosevelt,GLIAC,GLIAC,55.0,13.0,False,True,Top Taggart Field
401674943,2024,6,regular,2024-10-05 18:00:00,Saint John's (MN),Augsburg,Minnesota,Minnesota,45.0,20.0,False,True,Clemens Stadium
401674738,2024,6,regular,2024-10-05 18:00:00,Wheaton (IL),North Central College,CCIW,CCIW,27.0,55.0,False,True,McCully Stadium
401676133,2024,6,regular,2024-10-05 18:00:00,Martin Luther,Minnesota Morris,Upper Midwest,Upper Midwest,21.0,14.0,False,True,MLC Bowl
401675939,2024,6,regular,2024-10-05 18:00:00,Wisconsin Whitewater,Wisconsin Oshkosh,Wisconsin,Wisconsin,21.0,14.0,False,True,Perkins Stadium
401674226,2024,6,regular,2024-10-05 18:00:00,Wayne State (NE),Minot State,Northern Sun,Northern Sun,27.0,21.0,False,True,"Memorial Stadium (Wayne, NE)"
401674630,2024,6,regular,2024-10-05 18:00:00,Texas Lutheran,Austin,Southern Collegiate Athletic,Southern Collegiate Athletic,43.0,34.0,False,True,Bulldog Stadium (TX)
401628641,2024,6,regular,2024-10-05 18:00:00,Hampton,Rhode Island,Coastal Athletic,Coastal Athletic,44.0,46.0,False,True,Armstrong Stadium
401675589,2024,6,regular,2024-10-05 18:00:00,Clark Atlanta,Savannah State,SIAC,SIAC,28.0,35.0,False,True,CAU Panther Stadium
401674586,2024,6,regular,2024-10-05 18:00:00,Nebraska Wesleyan,Buena Vista,American Rivers,American Rivers,34.0,21.0,True,True,Abel Stadium
401676127,2024,6,regular,2024-10-05 18:00:00,Northwestern (MN),Crown,Upper Midwest,Upper Midwest,69.0,14.0,False,True,Reynolds Field
401673144,2024,6,regular,2024-10-05 18:00:00,Chadron State,Adams State,Rocky Mountain,Rocky Mountain,52.0,3.0,False,True,Elliott Field at Don Beebe Stadium
401674501,2024,6,regular,2024-10-05 18:00:00,William Jewell,Indianapolis,Great Lakes,Great Lakes,20.0,23.0,True,True,Liberty North High School
401675991,2024,6,regular,2024-10-05 18:00:00,Wisconsin Lutheran,Aurora,NACC,NACC,14.0,45.0,False,True,Warrior Field at Raabe Stadium
401675389,2024,6,regular,2024-10-05 18:00:00,Johnson C. Smith,Virginia State,CIAA,CIAA,21.0,17.0,False,True,Irwin Belk Complex
401674181,2024,6,regular,2024-10-05 18:00:00,Southwest Minnesota State,Nebraska Kearney,Northern Sun,Mid America,0.0,35.0,False,False,Schwan Regional Event Center
401674612,2024,6,regular,2024-10-05 18:00:00,Loras,Coe,American Rivers,American Rivers,10.0,43.0,False,True,Rock Bowl
401674428,2024,6,regular,2024-10-05 18:00:00,Henderson State,Oklahoma Baptist,Great American,Great American,52.0,7.0,False,True,Ruggles Field at Carpenter-Haygood Stadium
401674352,2024,6,regular,2024-10-05 18:00:00,Clarion,California (PA),Pennsylvania State Athletic,Pennsylvania State Athletic,27.0,31.0,False,True,"Memorial Stadium (Clarion, PA)"
401676120,2024,6,regular,2024-10-05 18:00:00,Westminster (MO),Greenville,Upper Midwest,Upper Midwest,14.0,35.0,False,True,Blue Jay Stadium
401677469,2024,6,regular,2024-10-05 18:00:00,Amherst,Middlebury,NESCAC,NESCAC,21.0,29.0,False,True,Pratt Field at Lehrman Stadium
401674952,2024,6,regular,2024-10-05 18:00:00,Gustavus Adolphus,Bethel (MN),Minnesota,Minnesota,0.0,43.0,False,True,Hollingsworth Field
401638667,2024,6,regular,2024-10-05 18:00:00,St. Thomas (MN),Stetson,Pioneer,Pioneer,34.0,24.0,False,True,O'Shaughnessy Stadium
401675617,2024,6,regular,2024-10-05 18:00:00,Tuskegee,Morehouse,SIAC,SIAC,42.0,0.0,True,True,A.J. McClung Stadium
401676795,2024,6,regular,2024-10-05 18:00:00,UVA Wise,Wingate,South Atlantic,South Atlantic,0.0,33.0,False,True,Carl Smith Stadium
401674653,2024,6,regular,2024-10-05 18:00:00,Mary Hardin Baylor,East Texas Baptist,American Southwest,American Southwest,42.0,28.0,False,True,Crusader Stadium
401676032,2024,6,regular,2024-10-05 18:00:00,Lakeland,Benedictine (IL),NACC,NACC,42.0,21.0,False,True,Taylor Field
401676085,2024,6,regular,2024-10-05 18:00:00,IU Pennsylvania,Slippery Rock,Pennsylvania State Athletic,Pennsylvania State Athletic,32.0,33.0,False,True,George P. Miller Stadium
401673968,2024,6,regular,2024-10-05 18:00:00,Carthage,Elmhurst,CCIW,CCIW,17.0,23.0,False,True,Art Keller Field
401675604,2024,6,regular,2024-10-05 18:00:00,Kentucky State,Lane College,SIAC,SIAC,24.0,20.0,False,True,Alumni Stadium (KY)
401674595,2024,6,regular,2024-10-05 18:00:00,Central College,Simpson (IA),American Rivers,American Rivers,59.0,14.0,False,True,Ron and Joyce Schipper Stadium
401638343,2024,6,regular,2024-10-05 18:00:00,The Citadel,Furman,Southern,Southern,16.0,17.0,False,True,Johnson Hagood Stadium
401675429,2024,6,regular,2024-10-05 18:00:00,Kentucky Wesleyan,Findlay,Great Midwest Athletic,Great Midwest Athletic,9.0,49.0,False,True,Steele Stadium
401676708,2024,6,regular,2024-10-05 18:00:00,Southern Connecticut State,Assumption,Northeast 10,Northeast 10,28.0,35.0,False,True,Jess Dow Field
401674880,2024,6,regular,2024-10-05 18:00:00,Vermont State Castleton,Westfield State,MSCAC,MSCAC,24.0,10.0,False,True,Dave Wolk Stadium
401676102,2024,6,regular,2024-10-05 18:00:00,Ohio Wesleyan,DePauw,North Coast,North Coast,14.0,53.0,False,True,Selby Stadium
401674934,2024,6,regular,2024-10-05 18:00:00,Olivet,Kalamazoo,Michigan,Michigan,45.0,12.0,False,True,Cutler Field
401633986,2024,6,regular,2024-10-05 18:00:00,UT Martin,Gardner-Webb,Big South-OVC,Big South-OVC,35.0,17.0,False,True,Graham Stadium
401633987,2024,6,regular,2024-10-05 18:00:00,Lindenwood,Tennessee State,Big South-OVC,Big South-OVC,20.0,24.0,False,True,Hunter Stadium
401675948,2024,6,regular,2024-10-05 18:00:00,Wisconsin Stevens Point,Wisconsin Stout,Wisconsin,Wisconsin,15.0,22.0,False,True,Community Stadium at Goerke Park
401675287,2024,6,regular,2024-10-05 18:00:00,Wittenberg,Denison,North Coast,North Coast,20.0,30.0,False,True,Edwards-Maurer Field
401674985,2024,6,regular,2024-10-05 18:00:00,St. Scholastica,Macalester,Minnesota,Minnesota,30.0,28.0,False,True,Public Schools Stadium
401676050,2024,6,regular,2024-10-05 18:00:00,Huntingdon,Belhaven,USA South,USA South,45.0,31.0,False,True,Charles Lee Field at Samford Stadium
401644741,2024,6,regular,2024-10-05 18:00:00,Ball State,Western Michigan,Mid-American,Mid-American,42.0,45.0,False,True,Scheumann Stadium
401674322,2024,6,regular,2024-10-05 18:00:00,Augustana (SD),Minnesota Duluth,Northern Sun,Northern Sun,28.0,24.0,False,True,Kirkeby-Over Stadium
401674979,2024,6,regular,2024-10-05 18:00:00,St. Olaf,Hamline,Minnesota,Minnesota,41.0,6.0,False,True,Klein Field at Manitou
401675988,2024,6,regular,2024-10-05 18:00:00,Wisconsin River Falls,Wisconsin Eau Claire,Wisconsin,Wisconsin,71.0,14.0,False,True,David Smith Stadium at Ramer Field
401674777,2024,6,regular,2024-10-05 18:00:00,Rose Hulman,Franklin,Heartland,Heartland,24.0,16.0,False,True,Cook Stadium
401674727,2024,6,regular,2024-10-05 18:00:00,Illinois Wesleyan,Washington St. Louis,CCIW,CCIW,23.0,33.0,False,True,Tucci Stadium
401654539,2024,6,regular,2024-10-05 18:30:00,Tennessee Tech,South Carolina State,Big South-OVC,MEAC,20.0,22.0,False,False,Tucker Stadium
401634153,2024,6,regular,2024-10-05 18:30:00,Western Carolina,Wofford,Southern,Southern,21.0,17.0,False,True,E. J. Whitmire Stadium
401675493,2024,6,regular,2024-10-05 19:00:00,Benedict,North Greenville,SIAC,Gulf South,21.0,38.0,False,False,Charlie W. Johnson Stadium
401676741,2024,6,regular,2024-10-05 19:00:00,Minnesota State,Sioux Falls,Northern Sun,Northern Sun,36.0,40.0,False,True,Blakeslee Stadium
401674512,2024,6,regular,2024-10-05 19:00:00,Lincoln (MO),Lincoln (CA),Great Lakes,Independent DII,40.0,14.0,False,False,Dwight T. Reed Stadium
401676252,2024,6,regular,2024-10-05 19:00:00,The College of New Jersey,Montclair State,New Jersey,New Jersey,20.0,13.0,False,True,Lions Stadium
401654567,2024,6,regular,2024-10-05 19:00:00,Texas Southern,Virginia Lynchburg,SWAC,,28.0,10.0,False,False,BBVA Compass Stadium
401674176,2024,6,regular,2024-10-05 19:00:00,Pittsburg State,Missouri Western,Mid America,Mid America,31.0,20.0,False,True,Carnie Smith Stadium
401674422,2024,6,regular,2024-10-05 19:00:00,Southwestern Oklahoma State,Harding,Great American,Great American,3.0,57.0,False,True,Milam Stadium
401676740,2024,6,regular,2024-10-05 19:00:00,University of Mary,Concordia St. Paul,Northern Sun,Northern Sun,13.0,19.0,False,True,MDU Resources Community Bowl
401674605,2024,6,regular,2024-10-05 19:00:00,Dubuque,Luther,American Rivers,American Rivers,64.0,7.0,False,True,Chalmers Field
401673278,2024,6,regular,2024-10-05 19:00:00,Colorado Mesa,Colorado School of Mines,Rocky Mountain,Rocky Mountain,14.0,13.0,False,True,Ralph Stocker Stadium
401676350,2024,6,regular,2024-10-05 19:00:00,Marietta,Ohio Northern,Ohio,Ohio,45.0,10.0,False,True,Don Drumm Stadium
401674143,2024,6,regular,2024-10-05 19:00:00,Missouri Southern State,Central Oklahoma,Mid America,Mid America,24.0,59.0,False,True,Fred G. Hughes Stadium
401675024,2024,6,regular,2024-10-05 19:00:00,Cornell (IA),Ripon,Midwest,Midwest,37.0,34.0,False,True,Van Metre Field at Ash Park
401674155,2024,6,regular,2024-10-05 19:00:00,Emporia State,Northeastern State,Mid America,Independent DII,48.0,14.0,False,False,Francis G. Welch Stadium
401674487,2024,6,regular,2024-10-05 19:00:00,Southeastern Oklahoma State,Ouachita Baptist,Great American,Great American,9.0,25.0,False,True,Paul Laird Field
401673959,2024,6,regular,2024-10-05 19:00:00,Carroll (WI),Millikin,CCIW,CCIW,49.0,14.0,False,True,Schneider Stadium
401636356,2024,6,regular,2024-10-05 19:00:00,Alcorn State,Arkansas-Pine Bluff,SWAC,SWAC,38.0,28.0,False,True,Jack Spinks Stadium
401638342,2024,6,regular,2024-10-05 19:00:00,Samford,VMI,Southern,Southern,27.0,3.0,False,True,Seibert Stadium
401633985,2024,6,regular,2024-10-05 19:00:00,Eastern Illinois,Southeast Missouri State,Big South-OVC,Big South-OVC,27.0,38.0,False,True,O'Brien Stadium
401634053,2024,6,regular,2024-10-05 19:00:00,Montana,Weber State,Big Sky,Big Sky,48.0,55.0,False,True,Washington-Grizzly Stadium
401636347,2024,6,regular,2024-10-05 19:00:00,Alabama State,Florida A&M,SWAC,SWAC,13.0,28.0,False,True,Hornet Stadium
401675008,2024,6,regular,2024-10-05 19:00:00,Lake Forest,Knox,Midwest,Midwest,42.0,0.0,False,True,Farwell Field
401634193,2024,6,regular,2024-10-05 19:00:00,Murray State,South Dakota,MVFC,MVFC,0.0,59.0,False,True,Roy Stewart Stadium
401673448,2024,6,regular,2024-10-05 19:00:00,Monmouth (IL),Illinois College,Midwest,Midwest,44.0,24.0,False,True,April Zorn Memorial Stadium
401643799,2024,6,regular,2024-10-05 19:30:00,Marshall,App State,Sun Belt,Sun Belt,52.0,37.0,False,True,Joan C. Edwards Stadium
401628643,2024,6,regular,2024-10-05 19:30:00,Stony Brook,Villanova,Coastal Athletic,Coastal Athletic,24.0,42.0,False,True,Kenneth P. LaValle Stadium
401644684,2024,6,regular,2024-10-05 19:30:00,Toledo,Miami (OH),Mid-American,Mid-American,30.0,20.0,False,True,Glass Bowl
401644740,2024,6,regular,2024-10-05 19:30:00,Akron,Bowling Green,Mid-American,Mid-American,20.0,27.0,False,True,InfoCision Stadium
401634201,2024,6,regular,2024-10-05 19:30:00,North Dakota State,North Dakota,MVFC,MVFC,41.0,17.0,False,True,Fargodome
401628381,2024,6,regular,2024-10-05 19:30:00,Georgia,Auburn,SEC,SEC,31.0,13.0,False,True,Sanford Stadium
401674312,2024,6,regular,2024-10-05 19:30:00,Northern State,Bemidji State,Northern Sun,Northern Sun,14.0,13.0,False,True,Swisher Field
401635573,2024,6,regular,2024-10-05 19:30:00,Stanford,Virginia Tech,ACC,ACC,7.0,31.0,False,True,Stanford Stadium
401628382,2024,6,regular,2024-10-05 19:30:00,South Carolina,Ole Miss,SEC,SEC,3.0,27.0,False,True,Williams-Brice Stadium
401628503,2024,6,regular,2024-10-05 19:30:00,Northwestern,Indiana,Big Ten,Big Ten,24.0,41.0,True,True,Lanny and Sharon Martin Stadium
401629033,2024,6,regular,2024-10-05 19:30:00,UConn,Temple,FBS Independents,American Athletic,29.0,20.0,False,False,Pratt & Whitney Stadium
401628504,2024,6,regular,2024-10-05 19:30:00,Ohio State,Iowa,Big Ten,Big Ten,35.0,7.0,False,True,Ohio Stadium
401674495,2024,6,regular,2024-10-05 19:30:00,Southern Arkansas,Southern Nazarene,Great American,Great American,49.0,21.0,False,True,Wilkins Stadium
401632462,2024,6,regular,2024-10-05 19:30:00,East Tennessee State,Chattanooga,Southern,Southern,10.0,17.0,False,True,William B. Greene Jr. Stadium
401645340,2024,6,regular,2024-10-05 19:30:00,Charlotte,East Carolina,American Athletic,American Athletic,55.0,24.0,False,True,Jerry Richardson Stadium
401676316,2024,6,regular,2024-10-05 20:00:00,Pacific Lutheran,Whitworth,Northwest,Northwest,23.0,34.0,False,True,Sparks Stadium
401634055,2024,6,regular,2024-10-05 20:00:00,Portland State,UC Davis,Big Sky,Big Sky,26.0,27.0,False,True,Hillsboro Stadium
401675560,2024,6,regular,2024-10-05 20:00:00,Western New Mexico,Western Oregon,Lone Star,Lone Star,10.0,34.0,False,True,Ben Altamirano Field
401675596,2024,6,regular,2024-10-05 20:00:00,Edward Waters,Fort Valley State,SIAC,SIAC,14.0,48.0,False,True,Earl Kitchings Stadium
401676038,2024,6,regular,2024-10-05 20:00:00,Eureka,Concordia Chicago,NACC,NACC,27.0,31.0,False,True,Pete FioRito Stadium at McKinzie Field
401674519,2024,6,regular,2024-10-05 20:00:00,McKendree,Quincy,Great Lakes,Great Lakes,10.0,34.0,False,True,Leemon Field
401674404,2024,6,regular,2024-10-05 20:00:00,East Central,Arkansas Monticello,Great American,Great American,42.0,17.0,False,True,Koi Ishto Stadium
401675807,2024,6,regular,2024-10-05 20:00:00,Livingstone,Elizabeth City State,CIAA,CIAA,23.0,17.0,False,True,Alumni Memorial Stadium (NC)
401674185,2024,6,regular,2024-10-05 20:00:00,Washburn,Northwest Missouri State,Mid America,Mid America,34.0,51.0,False,True,Yager Stadium at Moore Bowl
401673259,2024,6,regular,2024-10-05 20:00:00,CSU Pueblo,New Mexico Highlands,Rocky Mountain,Rocky Mountain,67.0,28.0,False,True,Neta and Eddie DeRose ThunderBowl
401676280,2024,6,regular,2024-10-05 20:00:00,Lewis & Clark,George Fox,Northwest,Northwest,24.0,21.0,False,True,Griswold Stadium
401677680,2024,6,regular,2024-10-05 20:00:00,Puget Sound,Pacific (OR),Northwest,Northwest,34.0,62.0,False,True,Baker Stadium
401674233,2024,6,regular,2024-10-05 20:00:00,Northwestern (OK),Arkansas Tech,Great American,Great American,21.0,44.0,False,True,Ranger Field
401674906,2024,6,regular,2024-10-05 20:00:00,Bridgewater State,Worcester State,MSCAC,MSCAC,42.0,7.0,False,True,Edward C. Swenson Athletic Complex
401675462,2024,6,regular,2024-10-05 20:00:00,Tiffin,Thomas More,Great Midwest Athletic,Great Midwest Athletic,51.0,10.0,False,True,Frost-Kalnow Stadium
401628508,2024,6,regular,2024-10-05 20:00:00,Nebraska,Rutgers,Big Ten,Big Ten,14.0,7.0,False,True,"Memorial Stadium (Lincoln, NE)"
401636890,2024,6,regular,2024-10-05 20:00:00,Oklahoma State,West Virginia,Big 12,Big 12,14.0,38.0,False,True,Boone Pickens Stadium
401634054,2024,6,regular,2024-10-05 20:00:00,Montana State,Northern Colorado,Big Sky,Big Sky,55.0,17.0,False,True,Bobcat Stadium
401632117,2024,6,regular,2024-10-05 20:00:00,Abilene Christian,Central Arkansas,UAC,UAC,41.0,34.0,False,True,Wildcat Stadium (TX)
401633984,2024,6,regular,2024-10-05 20:00:00,Charleston Southern,Western Illinois,Big South-OVC,Big South-OVC,20.0,31.0,False,True,Buccaneer Field
401628647,2024,6,regular,2024-10-05 20:00:00,Campbell,North Carolina Central,Coastal Athletic,MEAC,14.0,45.0,False,False,Barker-Lane Stadium
401638666,2024,6,regular,2024-10-05 20:00:00,San Diego,Presbyterian,Pioneer,Pioneer,27.0,21.0,False,True,Torero Stadium
401628384,2024,6,regular,2024-10-05 20:15:00,Vanderbilt,Alabama,SEC,SEC,40.0,35.0,False,True,FirstBank Stadium
401675611,2024,6,regular,2024-10-05 21:00:00,Miles,Central State,SIAC,SIAC,16.0,7.0,False,True,Albert J. H. Sloan - Alumni Stadium
401676396,2024,6,regular,2024-10-05 21:00:00,Washington and Lee,Averett,Old Dominion,Old Dominion,35.0,0.0,False,True,Wilson Field
401632108,2024,6,regular,2024-10-05 21:00:00,North Alabama,Utah Tech,UAC,UAC,60.0,14.0,False,True,Braly Municipal Stadium
401675487,2024,6,regular,2024-10-05 21:00:00,West Florida,Mississippi College,Gulf South,Gulf South,31.0,0.0,True,True,Pen-Air Field
401634216,2024,6,regular,2024-10-05 21:00:00,Northern Iowa,South Dakota State,MVFC,MVFC,3.0,41.0,False,True,UNI-Dome
401634052,2024,6,regular,2024-10-05 21:00:00,Idaho,Northern Arizona,Big Sky,Big Sky,23.0,17.0,False,True,Kibbie Dome
401634253,2024,6,regular,2024-10-05 21:00:00,Jackson State,Alabama A&M,SWAC,SWAC,45.0,38.0,True,True,Ladd Peebles Stadium
401676230,2024,6,regular,2024-10-05 22:00:00,Salisbury,Christopher Newport,New Jersey,New Jersey,42.0,38.0,False,True,Sea Gull Stadium
401628644,2024,6,regular,2024-10-05 22:00:00,Towson,William & Mary,Coastal Athletic,Coastal Athletic,34.0,27.0,False,True,Johnny Unitas Stadium
401676010,2024,6,regular,2024-10-05 22:00:00,North Carolina Wesleyan,Methodist,USA South,USA South,19.0,17.0,False,True,Bishop Stadium
401676416,2024,6,regular,2024-10-05 22:00:00,Berry,Southwestern U,Southern Athletic,Southern Athletic,44.0,7.0,False,True,Valhalla Stadium
401675564,2024,6,regular,2024-10-05 22:00:00,Allen,Albany State,SIAC,SIAC,17.0,57.0,False,True,W.C. Hawkins Stadium
401643724,2024,6,regular,2024-10-05 22:30:00,Oregon State,Colorado State,Pac-12,Mountain West,39.0,31.0,False,False,Reser Stadium
401676764,2024,6,regular,2024-10-05 23:00:00,Anna Maria College,Western New England,ECFC,Commonwealth Coast,10.0,44.0,False,False,Caparso Field
401654560,2024,6,regular,2024-10-05 23:00:00,Southern,Nicholls,SWAC,Southland,7.0,51.0,False,False,Ace W. Mumford Stadium
401638361,2024,6,regular,2024-10-05 23:00:00,Incarnate Word,Prairie View A&M,Southland,SWAC,56.0,28.0,False,False,Gayle and Tom Benson Stadium
401643800,2024,6,regular,2024-10-05 23:00:00,Arkansas State,South Alabama,Sun Belt,Sun Belt,18.0,16.0,False,True,Centennial Bank Stadium
401676786,2024,6,regular,2024-10-05 23:00:00,Newberry,Mars Hill,South Atlantic,South Atlantic,9.0,34.0,False,True,Setzler Field
401643723,2024,6,regular,2024-10-05 23:00:00,Boise State,Utah State,Mountain West,Mountain West,62.0,30.0,False,True,Albertsons Stadium
401635569,2024,6,regular,2024-10-05 23:00:00,Florida State,Clemson,ACC,ACC,13.0,29.0,False,True,Doak Campbell Stadium
401675515,2024,6,regular,2024-10-05 23:00:00,UT Permian Basin,Angelo State,Lone Star,Lone Star,7.0,36.0,False,True,Ratliff Stadium
401676301,2024,6,regular,2024-10-05 23:00:00,Rhodes,Hendrix,Southern Athletic,Southern Athletic,34.0,29.0,False,True,Crain Field
401676287,2024,6,regular,2024-10-05 23:00:00,Willamette,Linfield,Northwest,Northwest,0.0,72.0,False,True,McCulloch Stadium
401676435,2024,6,regular,2024-10-05 23:00:00,Carnegie Mellon,Waynesburg,Presidents',Presidents',42.0,0.0,False,True,Gesling Stadium
401673154,2024,6,regular,2024-10-05 23:00:00,South Dakota Mines,Black Hills State,Rocky Mountain,Rocky Mountain,20.0,22.0,False,True,O'Harra Stadium
401676202,2024,6,regular,2024-10-05 23:00:00,Centenary (LA),Lyon,Southern Collegiate Athletic,Southern Collegiate Athletic,35.0,14.0,True,True,Mayo Field
401634038,2024,6,regular,2024-10-05 23:00:00,SE Louisiana,East Texas A&M,Southland,Southland,21.0,9.0,False,True,Strawberry Stadium
401674540,2024,6,regular,2024-10-05 23:00:00,Upper Iowa,Truman State,Great Lakes,Great Lakes,23.0,26.0,False,True,Harms-Eischeid Stadium
401643802,2024,6,regular,2024-10-05 23:00:00,Southern Miss,Louisiana,Sun Belt,Sun Belt,13.0,23.0,False,True,M. M. Roberts Stadium
401643801,2024,6,regular,2024-10-05 23:00:00,UL Monroe,James Madison,Sun Belt,Sun Belt,21.0,19.0,False,True,Malone Stadium
401675470,2024,6,regular,2024-10-05 23:00:00,Delta State,Chowan,Gulf South,Gulf South,54.0,9.0,False,True,Parker Field at McCool Stadium
401674529,2024,6,regular,2024-10-05 23:00:00,Missouri S&T,Southwest Baptist,Great Lakes,Great Lakes,65.0,24.0,False,True,Allgood-Bailey Stadium
401643798,2024,6,regular,2024-10-05 23:00:00,Coastal Carolina,Old Dominion,Sun Belt,Sun Belt,45.0,37.0,False,True,Brooks Stadium (SC)
401634031,2024,6,regular,2024-10-05 23:00:00,Houston Christian,McNeese,Southland,Southland,43.0,22.0,False,True,Husky Stadium
401676149,2024,6,regular,2024-10-05 23:00:00,Colby,Bates,NESCAC,NESCAC,28.0,26.0,False,True,Seaverns Field At Harold Alfond Stadium
401634162,2024,6,regular,2024-10-05 23:00:00,Southern Illinois,Illinois State,MVFC,MVFC,10.0,45.0,False,True,Saluki Stadium
401643726,2024,6,regular,2024-10-05 23:30:00,San José State,Nevada,Mountain West,Mountain West,35.0,31.0,False,True,CEFCU Stadium
401628379,2024,6,regular,2024-10-05 23:30:00,Arkansas,Tennessee,SEC,SEC,19.0,14.0,False,True,Razorback Stadium
401628505,2024,6,regular,2024-10-05 23:30:00,Washington,Michigan,Big Ten,Big Ten,27.0,17.0,False,True,Husky Stadium
401628507,2024,6,regular,2024-10-05 23:30:00,Minnesota,USC,Big Ten,Big Ten,24.0,17.0,False,True,Huntington Bank Stadium
401636889,2024,6,regular,2024-10-05 23:30:00,Iowa State,Baylor,Big 12,Big 12,43.0,21.0,False,True,Jack Trice Stadium
401628380,2024,6,regular,2024-10-05 23:45:00,Florida,UCF,SEC,Big 12,24.0,13.0,False,False,Ben Hill Griffin Stadium
401643725,2024,6,regular,2024-10-06 00:00:00,San Diego State,Hawai'i,Mountain West,Mountain West,27.0,24.0,False,True,Snapdragon Stadium
401632112,2024,6,regular,2024-10-06 00:00:00,Southern Utah,Tarleton State,UAC,UAC,37.0,38.0,False,True,Eccles Coliseum
401635570,2024,6,regular,2024-10-06 00:00:00,Georgia Tech,Duke,ACC,ACC,24.0,14.0,False,True,Bobby Dodd Stadium
401674113,2024,6,regular,2024-10-06 00:00:00,Fort Hays,Central Missouri,Mid America,Mid America,31.0,21.0,False,True,Lewis Field Stadium
401675117,2024,6,regular,2024-10-06 00:00:00,Stephen F. Austin,Northwestern State,Southland,Southland,59.0,17.0,False,True,Homer Bryce Stadium
401673243,2024,6,regular,2024-10-06 00:00:00,Western Colorado,Fort Lewis,Rocky Mountain,Rocky Mountain,44.0,7.0,False,True,Mountaineer Bowl
401634051,2024,6,regular,2024-10-06 00:00:00,Cal Poly,Idaho State,Big Sky,Big Sky,38.0,41.0,False,True,Alex G. Spanos Stadium
401636888,2024,6,regular,2024-10-06 00:00:00,Arizona State,Kansas,Big 12,Big 12,35.0,31.0,False,True,Mountain America Stadium
401675524,2024,6,regular,2024-10-06 00:00:00,Eastern New Mexico,Central Washington,Lone Star,Lone Star,28.0,44.0,False,True,Al Whitehead Field at Greyhound Stadium
401675540,2024,6,regular,2024-10-06 00:00:00,Texas A&M-Kingsville,Midwestern State,Lone Star,Lone Star,40.0,13.0,False,True,Javelina Stadium
401676178,2024,6,regular,2024-10-06 02:00:00,Chapman,Cal Lutheran,So. Cal.,So. Cal.,24.0,20.0,False,True,Ernie Chapman Stadium
401675934,2024,6,regular,2024-10-06 02:00:00,Pomona Pitzer,Claremont Mudd Scripps,So. Cal.,So. Cal.,14.0,20.0,False,True,Merritt Field
401675927,2024,6,regular,2024-10-06 02:00:00,Redlands,La Verne,So. Cal.,So. Cal.,38.0,17.0,False,True,Ted Runner Stadium
401635568,2024,6,regular,2024-10-06 02:30:00,California,Miami,ACC,ACC,38.0,39.0,False,True,California Memorial Stadium
401636887,2024,6,regular,2024-10-06 03:00:00,Arizona,Texas Tech,Big 12,Big 12,22.0,28.0,False,True,Arizona Stadium
401675765,2024,6,regular,2024-10-06 18:00:00,Anderson (SC),Catawba,South Atlantic,South Atlantic,41.0,44.0,False,True,Shuford Stadium
401640982,2024,7,regular,2024-10-08 23:00:00,Liberty,Florida International,Conference USA,Conference USA,31.0,24.0,False,True,Williams Stadium (VA)
401641002,2024,7,regular,2024-10-09 23:30:00,Jacksonville State,New Mexico State,Conference USA,Conference USA,54.0,13.0,False,True,AmFirst Stadium
401674479,2024,7,regular,2024-10-10 23:00:00,Oklahoma Baptist,Southern Arkansas,Great American,Great American,10.0,65.0,False,True,Crain Family Stadium
401643803,2024,7,regular,2024-10-10 23:30:00,James Madison,Coastal Carolina,Sun Belt,Sun Belt,39.0,7.0,False,True,Bridgeforth Stadium
401641030,2024,7,regular,2024-10-11 00:00:00,Western Kentucky,UTEP,Conference USA,Conference USA,44.0,17.0,False,True,Houchens Industries-L.T. Smith Stadium
401641009,2024,7,regular,2024-10-11 00:00:00,Louisiana Tech,Middle Tennessee,Conference USA,Conference USA,48.0,21.0,False,True,Joe Aillet Stadium
401644599,2024,7,regular,2024-10-11 22:00:00,Cornell,Harvard,Ivy,Ivy,20.0,38.0,False,True,Schoellkopf Field
401674683,2024,7,regular,2024-10-11 23:00:00,Gettysburg,Johns Hopkins,Centennial,Centennial,7.0,51.0,False,True,Shirk Field at Musselman Stadium
401682361,2024,7,regular,2024-10-11 23:00:00,Eureka,Lakeland,NACC,NACC,8.0,49.0,False,True,Pete FioRito Stadium at McKinzie Field
401628513,2024,7,regular,2024-10-12 00:00:00,Maryland,Northwestern,Big Ten,Big Ten,10.0,37.0,False,True,SECU Stadium
401643733,2024,7,regular,2024-10-12 01:00:00,Utah State,UNLV,Mountain West,Mountain West,34.0,50.0,False,True,Maverik Stadium
401636357,2024,7,regular,2024-10-12 01:15:00,Arkansas-Pine Bluff,Prairie View A&M,SWAC,SWAC,21.0,17.0,False,True,Golden Lion Stadium
401636892,2024,7,regular,2024-10-12 02:30:00,Arizona State,Utah,Big 12,Big 12,27.0,19.0,False,True,Mountain America Stadium
401635576,2024,7,regular,2024-10-12 16:00:00,Wake Forest,Clemson,ACC,ACC,14.0,49.0,False,True,Allegacy Federal Credit Union Stadium
401638669,2024,7,regular,2024-10-12 16:00:00,Dayton,Davidson,Pioneer,Pioneer,16.0,14.0,False,True,Welcome Stadium
401628517,2024,7,regular,2024-10-12 16:00:00,Rutgers,Wisconsin,Big Ten,Big Ten,7.0,42.0,False,True,SHI Stadium
401673413,2024,7,regular,2024-10-12 16:00:00,Moravian,Catholic,Landmark Conference,Landmark Conference,34.0,14.0,False,True,Rocco Calvo Field
401674260,2024,7,regular,2024-10-12 16:00:00,Charleston (WV),Wheeling,Mountain East,Mountain East,42.0,23.0,False,True,University of Charleston Stadium
401677404,2024,7,regular,2024-10-12 16:00:00,Hilbert,St. John Fisher,Empire 8,Empire 8,6.0,52.0,True,True,St. Francis High School
401676921,2024,7,regular,2024-10-12 16:00:00,SUNY Morrisville,Alfred,Empire 8,Empire 8,24.0,14.0,False,True,Drake Field (NY)
401676114,2024,7,regular,2024-10-12 16:00:00,Millersville,Shippensburg,Pennsylvania State Athletic,Pennsylvania State Athletic,27.0,35.0,False,True,Chryst Field at Biemesderfer Stadium
401644743,2024,7,regular,2024-10-12 16:00:00,Kent State,Ball State,Mid-American,Mid-American,35.0,37.0,False,True,Dix Stadium
401676095,2024,7,regular,2024-10-12 16:00:00,Kutztown,Lock Haven,Pennsylvania State Athletic,Pennsylvania State Athletic,24.0,0.0,False,True,Andre Reed Stadium
401645342,2024,7,regular,2024-10-12 16:00:00,Army,UAB,American Athletic,American Athletic,44.0,10.0,False,True,Michie Stadium
401654473,2024,7,regular,2024-10-12 16:00:00,Yale,Dartmouth,Ivy,Ivy,43.0,44.0,False,True,Yale Bowl
401635577,2024,7,regular,2024-10-12 16:00:00,North Carolina,Georgia Tech,ACC,ACC,34.0,41.0,False,True,Kenan Stadium
401674866,2024,7,regular,2024-10-12 16:00:00,Albright,Misericordia,Mid Atlantic,Mid Atlantic,10.0,13.0,False,True,Gene L. Shirk Stadium
401676128,2024,7,regular,2024-10-12 16:00:00,Greenville,Northwestern (MN),Upper Midwest,Upper Midwest,14.0,34.0,False,True,Francis Field (IL)
401654590,2024,7,regular,2024-10-12 16:00:00,Saint Francis,Duquesne,NEC,NEC,7.0,38.0,False,True,DeGol Field
401628389,2024,7,regular,2024-10-12 16:00:00,Massachusetts,Missouri,FBS Independents,SEC,3.0,45.0,False,False,Warren McGuirk Alumni Stadium
401673404,2024,7,regular,2024-10-12 16:00:00,Curry,Alfred State,Commonwealth Coast,ECFC,30.0,16.0,False,False,Walter M. Katz Field
401676717,2024,7,regular,2024-10-12 16:00:00,American International,Franklin Pierce,Northeast 10,Northeast 10,14.0,41.0,False,True,Ronald J. Abdow Field
401676709,2024,7,regular,2024-10-12 16:00:00,Assumption,Bentley,Northeast 10,Northeast 10,16.0,13.0,False,True,Multi-Sport Stadium
401638671,2024,7,regular,2024-10-12 16:00:00,Marist,St. Thomas (MN),Pioneer,Pioneer,32.0,39.0,False,True,Leonidoff Field
401676193,2024,7,regular,2024-10-12 16:00:00,MIT,Merchant Marine,NEWMAC,NEWMAC,0.0,21.0,False,True,Henry G. Steinbrenner '27 Stadium
401676011,2024,7,regular,2024-10-12 16:00:00,North Carolina Wesleyan,LaGrange,USA South,USA South,9.0,31.0,False,True,Bishop Stadium
401674811,2024,7,regular,2024-10-12 16:00:00,Wilkes,Lycoming,Landmark Conference,Landmark Conference,53.0,28.0,False,True,Schmidt Stadium
401654576,2024,7,regular,2024-10-12 16:00:00,Central Connecticut,Mercyhurst,NEC,NEC,38.0,20.0,False,True,Arute Field
401654490,2024,7,regular,2024-10-12 16:00:00,Wagner,Columbia,NEC,Ivy,6.0,24.0,False,False,Wagner College Stadium
401676751,2024,7,regular,2024-10-12 16:00:00,West Chester,Shepherd,Pennsylvania State Athletic,Pennsylvania State Athletic,35.0,14.0,False,True,John A. Farrell Stadium
401676738,2024,7,regular,2024-10-12 16:00:00,Pace,Saint Anselm,Northeast 10,Northeast 10,26.0,20.0,False,True,Pace Stadium
401674850,2024,7,regular,2024-10-12 16:00:00,Rensselaer,St. Lawrence,Liberty League,Liberty League,34.0,10.0,False,True,ECAV Stadium
401675455,2024,7,regular,2024-10-12 16:00:00,Thomas More,Northwood,Great Midwest Athletic,Great Midwest Athletic,3.0,20.0,True,True,BB&T Field at Griffin Plaza
401674715,2024,7,regular,2024-10-12 16:00:00,Dean,Husson,ECFC,Commonwealth Coast,0.0,24.0,False,False,Dale Lippert Field
401628385,2024,7,regular,2024-10-12 16:00:00,Alabama,South Carolina,SEC,SEC,27.0,25.0,False,True,Bryant-Denny Stadium
401654596,2024,7,regular,2024-10-12 16:00:00,Long Island University,Stonehill,NEC,NEC,31.0,7.0,True,True,Bethpage Federal Credit Union Stadium
401676655,2024,7,regular,2024-10-12 16:00:00,Eastern,King's,Mid Atlantic,Mid Atlantic,23.0,35.0,True,True,O'Hara Field
401628512,2024,7,regular,2024-10-12 16:00:00,Iowa,Washington,Big Ten,Big Ten,40.0,16.0,False,True,Kinnick Stadium
401675421,2024,7,regular,2024-10-12 16:00:00,Findlay,Ashland,Great Midwest Athletic,Great Midwest Athletic,21.0,41.0,False,True,Donnell Stadium
401644745,2024,7,regular,2024-10-12 16:00:00,Buffalo,Toledo,Mid-American,Mid-American,30.0,15.0,False,True,UB Stadium
401674569,2024,7,regular,2024-10-12 16:00:00,Michigan Tech,Davenport,GLIAC,GLIAC,20.0,24.0,False,True,Sherman Field
401676732,2024,7,regular,2024-10-12 16:00:00,Post,Southern Connecticut State,Northeast 10,Northeast 10,27.0,31.0,True,True,Municipal Stadium
401654626,2024,7,regular,2024-10-12 16:30:00,Lafayette,Georgetown,Patriot,Patriot,0.0,17.0,False,True,Fisher Field
401676442,2024,7,regular,2024-10-12 17:00:00,Randolph Macon,Guilford,Old Dominion,Old Dominion,63.0,0.0,False,True,Day Field
401675590,2024,7,regular,2024-10-12 17:00:00,Central State,Clark Atlanta,SIAC,SIAC,20.0,25.0,False,True,McPherson Memorial Stadium
401676111,2024,7,regular,2024-10-12 17:00:00,Hiram,Kenyon,North Coast,North Coast,7.0,27.0,False,True,Charles A. Henry Field
401676245,2024,7,regular,2024-10-12 17:00:00,William Paterson,Salisbury,New Jersey,New Jersey,0.0,63.0,False,True,Wightman Stadium
401676253,2024,7,regular,2024-10-12 17:00:00,Rowan,The College of New Jersey,New Jersey,New Jersey,36.0,22.0,False,True,Richard Wackar Stadium
401676258,2024,7,regular,2024-10-12 17:00:00,Trinity (TX),Sewanee,Southern Athletic,Southern Athletic,45.0,26.0,False,True,Trinity University Stadium
401676647,2024,7,regular,2024-10-12 17:00:00,Washington & Jefferson,Geneva,Presidents',Presidents',73.0,21.0,False,True,Cameron Stadium
401676694,2024,7,regular,2024-10-12 17:00:00,Winston-Salem State,Shaw,CIAA,CIAA,34.0,14.0,False,True,Bowman Gray Stadium
401674872,2024,7,regular,2024-10-12 17:00:00,Widener,Stevenson,Mid Atlantic,Mid Atlantic,3.0,10.0,False,True,Leslie C. Quick Jr. Stadium
401673432,2024,7,regular,2024-10-12 17:00:00,Alvernia,FDU Florham,Mid Atlantic,Mid Atlantic,26.0,37.0,False,True,Turf Field
401673031,2024,7,regular,2024-10-12 17:00:00,Howard,Sacred Heart,MEAC,FCS Independents,21.0,14.0,False,False,William H. Greene Stadium
401673422,2024,7,regular,2024-10-12 17:00:00,Lebanon Valley,Delaware Valley,Mid Atlantic,Mid Atlantic,16.0,21.0,False,True,Arnold Field (PA)
401654651,2024,7,regular,2024-10-12 17:00:00,Pennsylvania,Bucknell,Ivy,Patriot,31.0,21.0,False,False,Franklin Field
401654638,2024,7,regular,2024-10-12 17:00:00,Holy Cross,Fordham,Patriot,Patriot,19.0,16.0,False,True,Fitton Field
401634174,2024,7,regular,2024-10-12 17:00:00,Indiana State,Murray State,MVFC,MVFC,31.0,27.0,False,True,Memorial Stadium
401628653,2024,7,regular,2024-10-12 17:00:00,Rhode Island,Brown,Coastal Athletic,Ivy,31.0,21.0,False,False,Meade Stadium
401628649,2024,7,regular,2024-10-12 17:00:00,Bryant,UAlbany,Coastal Athletic,Coastal Athletic,17.0,24.0,False,True,Bulldog Stadium
401638672,2024,7,regular,2024-10-12 17:00:00,Stetson,Valparaiso,Pioneer,Pioneer,0.0,0.0,False,True,Spec Martin Municipal Stadium
401634163,2024,7,regular,2024-10-12 17:00:00,Illinois State,Missouri State,MVFC,MVFC,7.0,41.0,False,True,Hancock Stadium
401628650,2024,7,regular,2024-10-12 17:00:00,Delaware,Maine,CAA,Coastal Athletic,44.0,21.0,False,True,Delaware Stadium
401693676,2024,7,regular,2024-10-12 17:00:00,Lincoln (PA),Bluefield State,CIAA,CIAA,37.0,13.0,False,True,Lincoln University Stadium
401674268,2024,7,regular,2024-10-12 17:00:00,West Virginia State,Concord,Mountain East,Mountain East,44.0,14.0,False,True,Dickerson Stadium
401674292,2024,7,regular,2024-10-12 17:00:00,UNC Pembroke,West Liberty,Mountain East,Mountain East,67.0,20.0,False,True,Grace P. Johnson Stadium
401673375,2024,7,regular,2024-10-12 17:00:00,Mars Hill,Carson Newman,South Atlantic,South Atlantic,27.0,28.0,False,True,Meares Stadium
401674279,2024,7,regular,2024-10-12 17:00:00,West Virginia Wesleyan,Fairmont State,Mountain East,Mountain East,21.0,40.0,False,True,Cebe Ross Field
401675015,2024,7,regular,2024-10-12 17:00:00,Lawrence,Lake Forest,Midwest,Midwest,7.0,54.0,False,True,Ron Roberts Field at the Banta Bowl
401674333,2024,7,regular,2024-10-12 17:00:00,Minnesota St Moorhead,Minnesota State,Northern Sun,Northern Sun,19.0,24.0,False,True,Scheels Field at Nemzek Stadium
401674383,2024,7,regular,2024-10-12 17:00:00,Slippery Rock,Gannon,Pennsylvania State Athletic,Pennsylvania State Athletic,35.0,17.0,False,True,Mihalik-Thompson Stadium
401675408,2024,7,regular,2024-10-12 17:00:00,Virginia Union,Elizabeth City State,CIAA,CIAA,35.0,0.0,False,True,Hovey Field
401674414,2024,7,regular,2024-10-12 17:00:00,Ouachita Baptist,East Central,Great American,Great American,40.0,0.0,False,True,Cliff Harris Stadium
401674673,2024,7,regular,2024-10-12 17:00:00,Christopher Newport,Dickinson,New Jersey,Centennial,28.0,31.0,False,False,TowneBank Stadium
401676370,2024,7,regular,2024-10-12 17:00:00,Hendrix,Berry,Southern Athletic,Southern Athletic,13.0,42.0,False,True,Young-Wise Memorial Stadium
401675471,2024,7,regular,2024-10-12 17:00:00,Chowan,Shorter,Gulf South,Gulf South,31.0,27.0,False,True,Garrison Stadium
401674323,2024,7,regular,2024-10-12 17:00:00,Minnesota Duluth,Northern State,Northern Sun,Northern Sun,21.0,24.0,False,True,James S. Malosky Stadium
401675582,2024,7,regular,2024-10-12 17:00:00,Kentucky State,Benedict,SIAC,SIAC,23.0,21.0,False,True,Alumni Stadium (KY)
401674758,2024,7,regular,2024-10-12 17:00:00,Utica,SUNY Cortland,Empire 8,Empire 8,7.0,45.0,False,True,Charles A. Gaetano Stadium
401674944,2024,7,regular,2024-10-12 17:00:00,Augsburg,Hamline,Minnesota,Minnesota,37.0,27.0,False,True,Edor Nelson Field
401676171,2024,7,regular,2024-10-12 17:00:00,Wesleyan (CT),Colby,NESCAC,NESCAC,23.0,17.0,False,True,Corwin Stadium
401676410,2024,7,regular,2024-10-12 17:00:00,Shenandoah,Ferrum,Old Dominion,Old Dominion,42.0,20.0,False,True,Shentel Stadium
401676779,2024,7,regular,2024-10-12 17:00:00,Lenoir Rhyne,Newberry,South Atlantic,South Atlantic,24.0,3.0,False,True,Helen and Leonard Moretz Stadium
401676001,2024,7,regular,2024-10-12 17:00:00,Belhaven,Southern Virginia,USA South,USA South,38.0,17.0,False,True,Belhaven Bowl Stadium
401676429,2024,7,regular,2024-10-12 17:00:00,Washington and Lee,Hampden Sydney,Old Dominion,Old Dominion,28.0,26.0,False,True,Wilson Field
401676121,2024,7,regular,2024-10-12 17:00:00,Minnesota Morris,Westminster (MO),Upper Midwest,Upper Midwest,32.0,7.0,False,True,Big Cat Stadium
401676622,2024,7,regular,2024-10-12 17:00:00,Thiel,Allegheny,Presidents',Presidents',21.0,7.0,False,True,Alumni Stadium (PA)
401678582,2024,7,regular,2024-10-12 17:00:00,Ursinus,Franklin & Marshall,Centennial,Centennial,23.0,17.0,False,True,Patterson Field
401677375,2024,7,regular,2024-10-12 17:00:00,Hartwick,Brockport,Empire 8,Empire 8,0.0,53.0,False,True,Wright Stadium
401677470,2024,7,regular,2024-10-12 17:00:00,Amherst,Bowdoin,NESCAC,NESCAC,7.0,35.0,False,True,Pratt Field at Lehrman Stadium
401676019,2024,7,regular,2024-10-12 17:00:00,Methodist,Huntingdon,USA South,USA South,0.0,42.0,False,True,Monarch Stadium
401677401,2024,7,regular,2024-10-12 17:00:00,Apprentice School,Maine Maritime,Independent DIII,Independent DIII,72.0,26.0,False,True,Apprentice Field
401674818,2024,7,regular,2024-10-12 17:00:00,Susquehanna,Keystone,Landmark Conference,Landmark Conference,79.0,6.0,False,True,Amos Alonzo Stagg Field (PA)
401674835,2024,7,regular,2024-10-12 17:00:00,Ithaca,Rochester (NY),Liberty League,Liberty League,24.0,0.0,False,True,Butterfield Stadium
401676309,2024,7,regular,2024-10-12 17:30:00,John Carroll,Capital,Ohio,Ohio,49.0,14.0,False,True,Don Shula Stadium at Wasmer Field
401678696,2024,7,regular,2024-10-12 17:30:00,Anderson (IN),Mount St Joseph,Heartland,Heartland,0.0,49.0,False,True,Macholtz Stadium
401634154,2024,7,regular,2024-10-12 17:30:00,Wofford,VMI,Southern,Southern,31.0,16.0,False,True,Gibbs Stadium
401676362,2024,7,regular,2024-10-12 17:30:00,Ohio Northern,Muskingum,Ohio,Ohio,30.0,42.0,False,True,Dial-Roberson Stadium
401658362,2024,7,regular,2024-10-12 17:30:00,Glenville State,Frostburg State,Mountain East,Mountain East,9.0,41.0,False,True,I.L. & Sue Morris Stadium
401676356,2024,7,regular,2024-10-12 17:30:00,Mount Union,Wilmington (OH),Ohio,Ohio,78.0,19.0,False,True,Mount Union Stadium
401676159,2024,7,regular,2024-10-12 17:30:00,Trinity (CT),Hamilton,NESCAC,NESCAC,31.0,7.0,False,True,Jessee/Miller Field
401676274,2024,7,regular,2024-10-12 17:30:00,Baldwin Wallace,Otterbein,Ohio,Ohio,36.0,7.0,False,True,George Finnie Stadium
401674767,2024,7,regular,2024-10-12 17:30:00,Manchester,Bluffton,Heartland,Heartland,10.0,42.0,False,True,Carl W. Burt Memorial Stadium
401674587,2024,7,regular,2024-10-12 18:00:00,Buena Vista,Wartburg,American Rivers,American Rivers,21.0,70.0,False,True,J. Leslie Rollins Stadium
401675030,2024,7,regular,2024-10-12 18:00:00,Concordia Chicago,Rockford,NACC,NACC,45.0,74.0,False,True,Concordia Stadium
401675992,2024,7,regular,2024-10-12 18:00:00,Concordia (WI),Aurora,NACC,NACC,14.0,42.0,False,True,Tomasini Stadium
401676302,2024,7,regular,2024-10-12 18:00:00,Southwestern U,Rhodes,Southern Athletic,Southern Athletic,45.0,22.0,False,True,Birkelbach Field
401674700,2024,7,regular,2024-10-12 18:00:00,McDaniel,Muhlenberg,Centennial,Centennial,6.0,34.0,False,True,Kenneth R. Gill Stadium
401638668,2024,7,regular,2024-10-12 18:00:00,Drake,Butler,Pioneer,Pioneer,27.0,17.0,False,True,Drake Stadium
401676337,2024,7,regular,2024-10-12 18:00:00,Heidelberg,Marietta,Ohio,Ohio,7.0,35.0,False,True,Hoernemann Stadium
401644685,2024,7,regular,2024-10-12 18:00:00,Eastern Michigan,Miami (OH),Mid-American,Mid-American,14.0,38.0,False,True,Rynearson Stadium
401675413,2024,7,regular,2024-10-12 18:00:00,Livingstone,Fayetteville State,CIAA,CIAA,24.0,19.0,False,True,Alumni Memorial Stadium (NC)
401675381,2024,7,regular,2024-10-12 18:00:00,Virginia State,Bowie State,CIAA,CIAA,38.0,17.0,False,True,Rogers Stadium (VA)
401674596,2024,7,regular,2024-10-12 18:00:00,Coe,Central College,American Rivers,American Rivers,16.0,13.0,False,True,Clark Field
401675037,2024,7,regular,2024-10-12 18:00:00,Beloit,Cornell (IA),Midwest,Midwest,0.0,28.0,False,True,Strong Stadium
401673960,2024,7,regular,2024-10-12 18:00:00,North Park,Carroll (WI),CCIW,CCIW,30.0,26.0,False,True,Holmgren Athletic Complex
401674967,2024,7,regular,2024-10-12 18:00:00,Concordia (MN),Saint John's (MN),Minnesota,Minnesota,31.0,38.0,False,True,Jake Christiansen Stadium
401674375,2024,7,regular,2024-10-12 18:00:00,Edinboro,IU Pennsylvania,Pennsylvania State Athletic,Pennsylvania State Athletic,27.0,23.0,False,True,Sox Harrison Stadium
401675982,2024,7,regular,2024-10-12 18:00:00,Wisconsin Oshkosh,Wisconsin La Crosse,Wisconsin,Wisconsin,34.0,33.0,False,True,J.J. Keller Field at Titan Stadium
401676636,2024,7,regular,2024-10-12 18:00:00,Grove City,Carnegie Mellon,Presidents',Presidents',17.0,10.0,False,True,Robert E. Thorn Field
401675774,2024,7,regular,2024-10-12 18:00:00,UVA Wise,Anderson (SC),South Atlantic,South Atlantic,13.0,20.0,False,True,Carl Smith Stadium
401675837,2024,7,regular,2024-10-12 18:00:00,Sioux Falls,Concordia St. Paul,Northern Sun,Northern Sun,35.0,21.0,False,True,Bob Young Field
401674545,2024,7,regular,2024-10-12 18:00:00,Upper Iowa,William Jewell,Great Lakes,Great Lakes,38.0,31.0,False,True,Harms-Eischeid Stadium
401677462,2024,7,regular,2024-10-12 18:00:00,Saint Xavier,Defiance College,,,45.0,14.0,True,False,Bruce R. Deaton Memorial Field
401674227,2024,7,regular,2024-10-12 18:00:00,Minot State,Augustana (SD),Northern Sun,Northern Sun,7.0,20.0,False,True,Herb Parker Stadium
401658342,2024,7,regular,2024-10-12 18:00:00,Roosevelt,Saginaw Valley State,GLIAC,GLIAC,14.0,27.0,True,True,Morris Field
401674728,2024,7,regular,2024-10-12 18:00:00,Wheaton (IL),Illinois Wesleyan,CCIW,CCIW,42.0,21.0,False,True,McCully Stadium
401674156,2024,7,regular,2024-10-12 18:00:00,Missouri Southern State,Emporia State,Mid America,Mid America,30.0,49.0,False,True,Fred G. Hughes Stadium
401674114,2024,7,regular,2024-10-12 18:00:00,Central Missouri,Missouri Western,Mid America,Mid America,28.0,38.0,False,True,Audrey J. Walton Stadium at Vernon Kennedy Field
401676137,2024,7,regular,2024-10-12 18:00:00,Crown,Martin Luther,Upper Midwest,Upper Midwest,14.0,30.0,False,True,Old National Bank Stadium
401675574,2024,7,regular,2024-10-12 18:00:00,Fort Valley State,Allen,SIAC,SIAC,49.0,40.0,False,True,Wildcat Stadium (GA)
401676187,2024,7,regular,2024-10-12 18:00:00,Middlebury,Williams,NESCAC,NESCAC,32.0,29.0,False,True,Alumni Stadium (VT)
401673950,2024,7,regular,2024-10-12 18:00:00,Augustana (IL),Elmhurst,CCIW,CCIW,35.0,21.0,False,True,Charles D. Lindberg Stadium
401673253,2024,7,regular,2024-10-12 18:00:00,Colorado School of Mines,South Dakota Mines,Rocky Mountain,Rocky Mountain,45.0,20.0,False,True,Marv Kay Stadium at Campbell Field
401675978,2024,7,regular,2024-10-12 18:00:00,Wisconsin Platteville,Wisconsin River Falls,Wisconsin,Wisconsin,28.0,7.0,False,True,Ralph E. Davis Pioneer Stadium
401674520,2024,7,regular,2024-10-12 18:00:00,McKendree,Southwest Baptist,Great Lakes,Great Lakes,37.0,14.0,False,True,Leemon Field
401674785,2024,7,regular,2024-10-12 18:00:00,Hanover,Rose Hulman,Heartland,Heartland,37.0,16.0,False,True,Alumni Stadium (IN)
401633988,2024,7,regular,2024-10-12 18:00:00,Lindenwood,Charleston Southern,Big South-OVC,Big South-OVC,29.0,14.0,False,True,Hunter Stadium
401674619,2024,7,regular,2024-10-12 18:00:00,Simpson (IA),Nebraska Wesleyan,American Rivers,American Rivers,21.0,14.0,False,True,Bill Buxton Stadium
401689233,2024,7,regular,2024-10-12 18:00:00,Grinnell,Monmouth (IL),Midwest,Midwest,7.0,49.0,False,True,Rosenbloom Field
401674640,2024,7,regular,2024-10-12 18:00:00,Mary Hardin Baylor,Hardin Simmons,American Southwest,American Southwest,21.0,44.0,False,True,Crusader Stadium
401675955,2024,7,regular,2024-10-12 18:00:00,Wisconsin Eau Claire,Wisconsin Stevens Point,Wisconsin,Wisconsin,41.0,0.0,False,True,Carson Park
401676071,2024,7,regular,2024-10-12 18:00:00,Benedictine (IL),St. Norbert,NACC,NACC,0.0,14.0,False,True,Village of Lisle-Benedictine University Sports Complex
401674649,2024,7,regular,2024-10-12 18:00:00,East Texas Baptist,Howard Payne,American Southwest,American Southwest,42.0,33.0,False,True,Ornelas Stadium
401674973,2024,7,regular,2024-10-12 18:00:00,Gustavus Adolphus,St. Scholastica,Minnesota,Minnesota,51.0,13.0,False,True,Hollingsworth Field
401676397,2024,7,regular,2024-10-12 18:00:00,Bridgewater,Averett,Old Dominion,Old Dominion,63.0,7.0,False,True,Jopson Athletic Complex
401674144,2024,7,regular,2024-10-12 18:00:00,Central Oklahoma,Northwest Missouri State,Mid America,Mid America,48.0,20.0,False,True,Wantland Stadium
401632463,2024,7,regular,2024-10-12 18:00:00,Furman,Chattanooga,Southern,Southern,10.0,41.0,False,True,Paladin Stadium
401674953,2024,7,regular,2024-10-12 18:00:00,Bethel (MN),Macalester,Minnesota,Minnesota,59.0,0.0,False,True,Royal Stadium
401628652,2024,7,regular,2024-10-12 18:00:00,Norfolk State,Towson,MEAC,Coastal Athletic,23.0,28.0,False,False,"William Dick"""" Price Stadium"""""
401628651,2024,7,regular,2024-10-12 18:00:00,Elon,New Hampshire,Coastal Athletic,Coastal Athletic,10.0,17.0,False,True,Rhodes Stadium
401674733,2024,7,regular,2024-10-12 18:00:00,Millikin,North Central College,CCIW,CCIW,14.0,70.0,False,True,Frank M. Lindsay Field
401638670,2024,7,regular,2024-10-12 18:00:00,Morehead State,Presbyterian,Pioneer,Pioneer,14.0,7.0,False,True,Jayne Stadium
401674613,2024,7,regular,2024-10-12 18:00:00,Luther,Loras,American Rivers,American Rivers,13.0,48.0,False,True,Legacy Field in Carlson Stadium
401674343,2024,7,regular,2024-10-12 18:00:00,Bloomsburg,East Stroudsburg,Pennsylvania State Athletic,Pennsylvania State Athletic,0.0,31.0,False,True,Robert B. Redman Stadium
401673969,2024,7,regular,2024-10-12 18:00:00,Washington St. Louis,Carthage,CCIW,CCIW,65.0,16.0,False,True,Francis Field (MO)
401673260,2024,7,regular,2024-10-12 18:00:00,New Mexico Highlands,Chadron State,Rocky Mountain,Rocky Mountain,33.0,30.0,False,True,Sanchez Family Stadium
401674960,2024,7,regular,2024-10-12 18:00:00,St. Olaf,Carleton,Minnesota,Minnesota,19.0,13.0,False,True,Klein Field at Manitou
401673386,2024,7,regular,2024-10-12 18:00:00,Tusculum,Emory & Henry,South Atlantic,South Atlantic,21.0,23.0,False,True,Pioneer Field (TN)
401654555,2024,7,regular,2024-10-12 18:00:00,North Carolina Central,Virginia Lynchburg,MEAC,,68.0,0.0,False,False,O'Kelly-Riddick Stadium
401638344,2024,7,regular,2024-10-12 18:30:00,Western Carolina,The Citadel,Southern,Southern,30.0,16.0,False,True,E. J. Whitmire Stadium
401676363,2024,7,regular,2024-10-12 18:30:00,Millsaps,Centre,Southern Athletic,Southern Athletic,20.0,24.0,False,True,Harper Davis Field
401674829,2024,7,regular,2024-10-12 19:00:00,Buffalo State,Hobart,Liberty League,Liberty League,3.0,31.0,False,True,Coyer Field
401675488,2024,7,regular,2024-10-12 19:00:00,Mississippi College,West Alabama,Gulf South,Gulf South,0.0,26.0,False,True,Robinson-Hale Stadium
401674429,2024,7,regular,2024-10-12 19:00:00,Southern Nazarene,Henderson State,Great American,Great American,21.0,48.0,False,True,Southern Nazarene University Football Stadium
401674423,2024,7,regular,2024-10-12 19:00:00,Harding,Northwestern (OK),Great American,Great American,62.0,0.0,False,True,First Security Stadium
401634030,2024,7,regular,2024-10-12 19:00:00,Northwestern State,East Texas A&M,Southland,Southland,21.0,42.0,False,True,Harry Turpin Stadium
401634254,2024,7,regular,2024-10-12 19:00:00,Alabama A&M,Bethune-Cookman,SWAC,SWAC,56.0,12.0,False,True,Louis Crews Stadium
401654513,2024,7,regular,2024-10-12 19:00:00,Morgan State,Merrimack,MEAC,FCS Independents,24.0,32.0,False,False,Hughes Stadium
401634217,2024,7,regular,2024-10-12 19:00:00,South Dakota State,Youngstown State,MVFC,MVFC,63.0,13.0,False,True,Dana J. Dykhouse Stadium
401634208,2024,7,regular,2024-10-12 19:00:00,Southern Illinois,North Dakota State,MVFC,MVFC,3.0,24.0,False,True,Saluki Stadium
401636348,2024,7,regular,2024-10-12 19:00:00,Alabama State,Mississippi Valley State,SWAC,SWAC,54.0,17.0,False,True,Hornet Stadium
401636384,2024,7,regular,2024-10-12 19:00:00,Grambling,Alcorn State,SWAC,SWAC,15.0,17.0,False,True,Eddie Robinson Stadium
401675116,2024,7,regular,2024-10-12 19:00:00,Houston Christian,SE Louisiana,Southland,Southland,7.0,37.0,False,True,Husky Stadium
401654499,2024,7,regular,2024-10-12 19:00:00,Robert Morris,Delaware State,NEC,MEAC,23.0,0.0,False,False,Joe Walton Stadium
401654564,2024,7,regular,2024-10-12 19:00:00,South Dakota,Northern Iowa,MVFC,MVFC,42.0,17.0,False,True,DakotaDome
401675940,2024,7,regular,2024-10-12 19:00:00,Wisconsin Stout,Wisconsin Whitewater,Wisconsin,Wisconsin,29.0,27.0,False,True,Don and Nona Williams Stadium
401674405,2024,7,regular,2024-10-12 19:00:00,Arkansas Monticello,Southeastern Oklahoma State,Great American,Great American,0.0,27.0,False,True,Convoy Leslie Cotton Boll Stadium
401673145,2024,7,regular,2024-10-12 19:00:00,Adams State,Colorado Mesa,Rocky Mountain,Rocky Mountain,10.0,52.0,False,True,Rex Stadium
401675565,2024,7,regular,2024-10-12 19:00:00,Miles,Albany State,SIAC,SIAC,32.0,21.0,False,True,Albert J. H. Sloan - Alumni Stadium
401673155,2024,7,regular,2024-10-12 19:00:00,Black Hills State,Western Colorado,Rocky Mountain,Rocky Mountain,14.0,35.0,False,True,Lyle Hare Stadium
401674182,2024,7,regular,2024-10-12 19:00:00,Nebraska Kearney,Pittsburg State,Mid America,Mid America,10.0,20.0,False,True,Ron & Carol Cope Stadium at Foster Field
401674631,2024,7,regular,2024-10-12 19:00:00,Lyon,Austin,Southern Collegiate Athletic,Southern Collegiate Athletic,17.0,35.0,True,True,Pioneer Stadium
401675494,2024,7,regular,2024-10-12 19:00:00,North Greenville,Valdosta State,Gulf South,Gulf South,24.0,32.0,False,True,Younts Stadium
401675825,2024,7,regular,2024-10-12 19:00:00,Winona State,University of Mary,Northern Sun,Northern Sun,48.0,7.0,False,True,Altra Federal Credit Union Stadium
401675608,2024,7,regular,2024-10-12 19:00:00,Lane College,Tuskegee,SIAC,SIAC,17.0,27.0,False,True,Lane Field
401635575,2024,7,regular,2024-10-12 19:30:00,Pittsburgh,California,ACC,ACC,17.0,15.0,False,True,Acrisure Stadium
401634147,2024,7,regular,2024-10-12 19:30:00,Mercer,Princeton,Southern,Ivy,34.0,7.0,False,False,Five Star Stadium at the Moye Complex
401634137,2024,7,regular,2024-10-12 19:30:00,East Tennessee State,Samford,Southern,Southern,31.0,28.0,False,True,William B. Greene Jr. Stadium
401643805,2024,7,regular,2024-10-12 19:30:00,Georgia State,Old Dominion,Sun Belt,Sun Belt,14.0,21.0,False,True,Center Parc Stadium
401645341,2024,7,regular,2024-10-12 19:30:00,South Florida,Memphis,American Athletic,American Athletic,3.0,21.0,True,True,Camping World Stadium
401628516,2024,7,regular,2024-10-12 19:30:00,USC,Penn State,Big Ten,Big Ten,30.0,33.0,False,True,Los Angeles Memorial Coliseum
401636895,2024,7,regular,2024-10-12 19:30:00,UCF,Cincinnati,Big 12,Big 12,13.0,19.0,False,True,FBC Mortgage Stadium
401635578,2024,7,regular,2024-10-12 19:30:00,Virginia,Louisville,ACC,ACC,20.0,24.0,False,True,Scott Stadium
401644744,2024,7,regular,2024-10-12 19:30:00,Bowling Green,Northern Illinois,Mid-American,Mid-American,7.0,17.0,False,True,Doyt L. Perry Stadium
401628390,2024,7,regular,2024-10-12 19:30:00,Oklahoma,Texas,SEC,SEC,3.0,34.0,True,True,Cotton Bowl
401628981,2024,7,regular,2024-10-12 19:30:00,Notre Dame,Stanford,FBS Independents,ACC,49.0,7.0,False,False,Notre Dame Stadium
401644742,2024,7,regular,2024-10-12 19:30:00,Western Michigan,Akron,Mid-American,Mid-American,34.0,24.0,False,True,Waldo Stadium
401643732,2024,7,regular,2024-10-12 19:30:00,Wyoming,San Diego State,Mountain West,Mountain West,24.0,27.0,False,True,War Memorial Stadium
401628511,2024,7,regular,2024-10-12 19:30:00,Illinois,Purdue,Big Ten,Big Ten,50.0,49.0,False,True,"Memorial Stadium (Champaign, IL)"
401643729,2024,7,regular,2024-10-12 19:30:00,Colorado State,San José State,Mountain West,Mountain West,31.0,24.0,False,True,Canvas Stadium
401678917,2024,7,regular,2024-10-12 20:00:00,Southern Utah,Eastern Kentucky,UAC,UAC,42.0,21.0,False,True,Eccles Coliseum
401636893,2024,7,regular,2024-10-12 20:00:00,BYU,Arizona,Big 12,Big 12,41.0,19.0,False,True,LaVell Edwards Stadium
401633991,2024,7,regular,2024-10-12 20:00:00,Western Illinois,UT Martin,Big South-OVC,Big South-OVC,17.0,45.0,False,True,Hanson Field
401633990,2024,7,regular,2024-10-12 20:00:00,Southeast Missouri State,Tennessee Tech,Big South-OVC,Big South-OVC,34.0,3.0,False,True,Houck Field
401674353,2024,7,regular,2024-10-12 20:00:00,Seton Hill,California (PA),Pennsylvania State Athletic,Pennsylvania State Athletic,21.0,28.0,False,True,Offutt Field
401675464,2024,7,regular,2024-10-12 20:00:00,Tiffin,Ohio Dominican,Great Midwest Athletic,Great Midwest Athletic,31.0,13.0,False,True,Frost-Kalnow Stadium
401676199,2024,7,regular,2024-10-12 20:00:00,Claremont Mudd Scripps,Chapman,So. Cal.,So. Cal.,13.0,41.0,False,True,Fritz B. Burns Stadium
401676288,2024,7,regular,2024-10-12 20:00:00,Linfield,Lewis & Clark,Northwest,Northwest,47.0,14.0,False,True,Maxwell Field
401676322,2024,7,regular,2024-10-12 20:00:00,Whitworth,Willamette,Northwest,Northwest,48.0,0.0,False,True,The Pine Bowl
401673266,2024,7,regular,2024-10-12 20:00:00,Fort Lewis,CSU Pueblo,Rocky Mountain,Rocky Mountain,24.0,58.0,False,True,Ray Dennison Memorial Field
401675436,2024,7,regular,2024-10-12 20:00:00,Hillsdale,Walsh,Great Midwest Athletic,Great Midwest Athletic,35.0,36.0,False,True,"Frank ""Muddy"" Waters Stadium"
401644746,2024,7,regular,2024-10-12 20:00:00,Central Michigan,Ohio,Mid-American,Mid-American,25.0,27.0,False,True,Kelly/Shorts Stadium
401675479,2024,7,regular,2024-10-12 20:00:00,West Florida,Delta State,Gulf South,Gulf South,40.0,28.0,True,True,Pen-Air Field
401675118,2024,7,regular,2024-10-12 20:00:00,Lamar,Stephen F. Austin,Southland,Southland,20.0,27.0,False,True,Provost Umphrey Stadium
401634099,2024,7,regular,2024-10-12 20:00:00,Montana,Northern Arizona,Big Sky,Big Sky,31.0,20.0,False,True,Washington-Grizzly Stadium
401675532,2024,7,regular,2024-10-12 20:05:00,Western Oregon,Eastern New Mexico,Lone Star,Lone Star,49.0,20.0,False,True,McArthur Field
401628386,2024,7,regular,2024-10-12 20:15:00,Georgia,Mississippi State,SEC,SEC,41.0,31.0,False,True,Sanford Stadium
401676422,2024,7,regular,2024-10-12 20:30:00,Bethany (WV),Westminster (PA),Presidents',Presidents',7.0,49.0,False,True,Bison Stadium
401632136,2024,7,regular,2024-10-12 21:00:00,Central Arkansas,West Georgia,UAC,UAC,34.0,33.0,False,True,Estes Stadium
401675444,2024,7,regular,2024-10-12 21:00:00,Kentucky Wesleyan,Lake Erie,Great Midwest Athletic,Great Midwest Athletic,23.0,29.0,False,True,Steele Stadium
401674234,2024,7,regular,2024-10-12 21:00:00,Arkansas Tech,Southwestern Oklahoma State,Great American,Great American,29.0,19.0,False,True,Thone Stadium at Buerkle Field
401643807,2024,7,regular,2024-10-12 21:00:00,UL Monroe,Southern Miss,Sun Belt,Sun Belt,38.0,21.0,False,True,Malone Stadium
401633989,2024,7,regular,2024-10-12 22:00:00,Tennessee State,Eastern Illinois,Big South-OVC,Big South-OVC,41.0,17.0,False,True,Nissan Stadium
401674502,2024,7,regular,2024-10-12 22:00:00,Indianapolis,Quincy,Great Lakes,Great Lakes,47.0,10.0,False,True,Key Stadium
401676150,2024,7,regular,2024-10-12 22:00:00,Bates,Tufts,NESCAC,NESCAC,22.0,45.0,False,True,Garcelon Field
401634058,2024,7,regular,2024-10-12 22:00:00,Idaho State,Portland State,Big Sky,Big Sky,38.0,42.0,False,True,Holt Arena
401674659,2024,7,regular,2024-10-12 22:00:00,Centenary (LA),McMurry,Southern Collegiate Athletic,Southern Collegiate Athletic,10.0,28.0,True,True,Mayo Field
401675766,2024,7,regular,2024-10-12 22:00:00,Catawba,Limestone,South Atlantic,South Atlantic,33.0,36.0,False,True,Shuford Stadium
401675757,2024,7,regular,2024-10-12 22:00:00,Wingate,Barton,South Atlantic,South Atlantic,50.0,0.0,False,True,Irwin Belk Stadium
401676239,2024,7,regular,2024-10-12 22:00:00,Montclair State,Kean,New Jersey,New Jersey,13.0,16.0,False,True,Sprague Field
401676055,2024,7,regular,2024-10-12 22:00:00,Brevard,Greensboro,USA South,USA South,42.0,9.0,False,True,Brevard Memorial Stadium
401675842,2024,7,regular,2024-10-12 22:00:00,Southwest Minnesota State,Wayne State (NE),Northern Sun,Northern Sun,7.0,41.0,False,True,Schwan Regional Event Center
401675616,2024,7,regular,2024-10-12 22:00:00,Savannah State,Lincoln (CA),SIAC,Independent DII,30.0,18.0,False,False,Ted Wright Stadium
401675009,2024,7,regular,2024-10-12 23:00:00,Ripon,Knox,Midwest,Midwest,24.0,17.0,False,True,Ingalls Field
401673449,2024,7,regular,2024-10-12 23:00:00,Illinois College,Chicago,Midwest,Midwest,50.0,37.0,False,True,England Stadium
401674562,2024,7,regular,2024-10-12 23:00:00,Grand Valley State,Northern Michigan,GLIAC,GLIAC,49.0,17.0,False,True,Lubbers Stadium
401675280,2024,7,regular,2024-10-12 23:00:00,Wooster,Denison,North Coast,North Coast,30.0,48.0,False,True,John P. Papp Stadium
401676317,2024,7,regular,2024-10-12 23:00:00,Pacific (OR),Pacific Lutheran,Northwest,Northwest,18.0,34.0,False,True,Hanson Stadium
401676281,2024,7,regular,2024-10-12 23:00:00,George Fox,Puget Sound,Northwest,Northwest,40.0,14.0,False,True,Stoffer Family Stadium
401645343,2024,7,regular,2024-10-12 23:00:00,Florida Atlantic,North Texas,American Athletic,American Athletic,37.0,41.0,False,True,FAU Stadium
401674513,2024,7,regular,2024-10-12 23:00:00,Northeastern State,Lincoln (MO),Independent DII,Great Lakes,55.0,7.0,False,False,Gable Field at Doc Wadley Stadium
401675288,2024,7,regular,2024-10-12 23:00:00,Wittenberg,Ohio Wesleyan,North Coast,North Coast,17.0,6.0,False,True,Edwards-Maurer Field
401632114,2024,7,regular,2024-10-12 23:00:00,Tarleton State,Utah Tech,UAC,UAC,42.0,0.0,False,True,"Memorial Stadium (Stephenville, TX)"
401675516,2024,7,regular,2024-10-12 23:00:00,Angelo State,Texas A&M-Kingsville,Lone Star,Lone Star,38.0,0.0,False,True,LeGrand Stadium at 1st Community Credit Union Field
401654547,2024,7,regular,2024-10-12 23:00:00,Texas Southern,Southern,SWAC,SWAC,19.0,22.0,False,True,BBVA Compass Stadium
401643727,2024,7,regular,2024-10-12 23:00:00,New Mexico,Air Force,Mountain West,Mountain West,52.0,37.0,False,True,University Stadium (NM)
401676640,2024,7,regular,2024-10-12 23:00:00,Case Western Reserve,Saint Vincent,Presidents',Presidents',49.0,0.0,False,True,Case Field
401628391,2024,7,regular,2024-10-12 23:00:00,Tennessee,Florida,SEC,SEC,23.0,17.0,False,True,Neyland Stadium
401632113,2024,7,regular,2024-10-12 23:00:00,North Alabama,Abilene Christian,UAC,UAC,47.0,34.0,False,True,Braly Municipal Stadium
401643730,2024,7,regular,2024-10-12 23:00:00,Fresno State,Washington State,Mountain West,Pac-12,17.0,25.0,False,False,Valley Children's Stadium
401634019,2024,7,regular,2024-10-12 23:00:00,Incarnate Word,Nicholls,Southland,Southland,55.0,10.0,False,True,Gayle and Tom Benson Stadium
401645344,2024,7,regular,2024-10-12 23:00:00,Rice,UTSA,American Athletic,American Athletic,29.0,27.0,False,True,Rice Stadium
401643808,2024,7,regular,2024-10-12 23:00:00,Texas State,Arkansas State,Sun Belt,Sun Belt,41.0,9.0,False,True,Bobcat Stadium (TX)
401674530,2024,7,regular,2024-10-12 23:00:00,Truman State,Missouri S&T,Great Lakes,Great Lakes,48.0,17.0,False,True,Stokes Stadium
401634056,2024,7,regular,2024-10-12 23:00:00,UC Davis,Cal Poly,Big Sky,Big Sky,56.0,10.0,False,True,Aggie Stadium
401628515,2024,7,regular,2024-10-12 23:30:00,Oregon,Ohio State,Big Ten,Big Ten,32.0,31.0,False,True,Autzen Stadium
401643731,2024,7,regular,2024-10-12 23:30:00,Nevada,Oregon State,Mountain West,Pac-12,42.0,37.0,False,False,Mackay Stadium
401643806,2024,7,regular,2024-10-12 23:30:00,Louisiana,App State,Sun Belt,Sun Belt,34.0,24.0,False,True,Cajun Field
401628388,2024,7,regular,2024-10-12 23:30:00,LSU,Ole Miss,SEC,SEC,29.0,26.0,False,True,Tiger Stadium (LA)
401628387,2024,7,regular,2024-10-12 23:45:00,Kentucky,Vanderbilt,SEC,SEC,13.0,20.0,False,True,Kroger Field
401675559,2024,7,regular,2024-10-13 00:00:00,West Texas,Western New Mexico,Lone Star,Lone Star,42.0,17.0,False,True,Buffalo Stadium
401635574,2024,7,regular,2024-10-13 00:00:00,NC State,Syracuse,ACC,ACC,17.0,24.0,False,True,Carter-Finley Stadium
401636896,2024,7,regular,2024-10-13 00:00:00,West Virginia,Iowa State,Big 12,Big 12,16.0,28.0,False,True,Milan Puskar Stadium
401643804,2024,7,regular,2024-10-13 00:00:00,Georgia Southern,Marshall,Sun Belt,Sun Belt,24.0,23.0,False,True,Allen E. Paulson Stadium
401674163,2024,7,regular,2024-10-13 00:00:00,Fort Hays,Washburn,Mid America,Mid America,38.0,7.0,False,True,Lewis Field Stadium
401676179,2024,7,regular,2024-10-13 00:00:00,La Verne,Cal Lutheran,So. Cal.,So. Cal.,17.0,31.0,False,True,Ortmayer Stadium
401634101,2024,7,regular,2024-10-13 00:00:00,Weber State,Northern Colorado,Big Sky,Big Sky,17.0,21.0,False,True,Stewart Stadium
401675541,2024,7,regular,2024-10-13 00:00:00,Midwestern State,Sul Ross State,Lone Star,Lone Star,40.0,21.0,False,True,"Memorial Stadium (Wichita Falls, TX)"
401675525,2024,7,regular,2024-10-13 01:00:00,Central Washington,UT Permian Basin,Lone Star,Lone Star,13.0,14.0,False,True,Tomlinson Stadium
401634057,2024,7,regular,2024-10-13 01:00:00,Sacramento State,Eastern Washington,Big Sky,Big Sky,28.0,35.0,False,True,Hornet Stadium
401628514,2024,7,regular,2024-10-13 01:00:00,UCLA,Minnesota,Big Ten,Big Ten,17.0,21.0,False,True,Rose Bowl
401675928,2024,7,regular,2024-10-13 02:00:00,Pomona Pitzer,Redlands,So. Cal.,So. Cal.,10.0,7.0,False,True,Merritt Field
401636894,2024,7,regular,2024-10-13 02:15:00,Colorado,Kansas State,Big 12,Big 12,28.0,31.0,False,True,Folsom Field
401634100,2024,7,regular,2024-10-13 02:15:00,Montana State,Idaho,Big Sky,Big Sky,38.0,7.0,False,True,Bobcat Stadium
401643728,2024,7,regular,2024-10-13 03:00:00,Hawai'i,Boise State,Mountain West,Mountain West,7.0,28.0,False,True,Clarence T.C. Ching Athletics Complex
401674553,2024,7,regular,2024-10-13 15:00:00,Wayne State (MI),Ferris State,GLIAC,GLIAC,14.0,27.0,False,True,Tom Adams Field
401675296,2024,7,regular,2024-10-13 16:00:00,Oberlin,Wabash,North Coast,North Coast,0.0,52.0,False,True,Austin E. Knowlton Athletics Complex
401643809,2024,8,regular,2024-10-15 23:30:00,South Alabama,Troy,Sun Belt,Sun Belt,25.0,9.0,False,True,Hancock Whitney Stadium
401641019,2024,8,regular,2024-10-16 00:00:00,Middle Tennessee,Kennesaw State,Conference USA,Conference USA,14.0,5.0,False,True,"Johnny ""Red"" Floyd Stadium"
401641010,2024,8,regular,2024-10-16 01:00:00,New Mexico State,Louisiana Tech,Conference USA,Conference USA,33.0,30.0,False,True,Aggie Memorial Stadium
401641038,2024,8,regular,2024-10-16 23:00:00,Sam Houston,Western Kentucky,Conference USA,Conference USA,14.0,31.0,False,True,Elliott T. Bowers Stadium
401640983,2024,8,regular,2024-10-17 01:00:00,UTEP,Florida International,Conference USA,Conference USA,30.0,21.0,False,True,Sun Bowl
401643810,2024,8,regular,2024-10-17 23:00:00,Marshall,Georgia State,Sun Belt,Sun Belt,35.0,20.0,False,True,Joan C. Edwards Stadium
401634768,2024,8,regular,2024-10-17 23:30:00,Virginia Tech,Boston College,ACC,ACC,42.0,21.0,False,True,Lane Stadium
401675941,2024,8,regular,2024-10-18 23:00:00,Wisconsin Whitewater,Wisconsin Stevens Point,Wisconsin,Wisconsin,66.0,0.0,False,True,Perkins Stadium
401634769,2024,8,regular,2024-10-18 23:00:00,Duke,Florida State,ACC,ACC,23.0,16.0,False,True,Wallace Wade Stadium
401654457,2024,8,regular,2024-10-18 23:00:00,Princeton,Brown,Ivy,Ivy,29.0,17.0,False,True,Princeton University Stadium
401628523,2024,8,regular,2024-10-19 00:00:00,Purdue,Oregon,Big Ten,Big Ten,0.0,35.0,False,True,Ross-Ade Stadium
401636898,2024,8,regular,2024-10-19 02:15:00,BYU,Oklahoma State,Big 12,Big 12,38.0,35.0,False,True,LaVell Edwards Stadium
401643735,2024,8,regular,2024-10-19 02:30:00,Nevada,Fresno State,Mountain West,Mountain West,21.0,24.0,False,True,Mackay Stadium
401676056,2024,8,regular,2024-10-19 16:00:00,Greensboro,Belhaven,USA South,USA South,20.0,30.0,False,True,Jamieson Stadium
401674280,2024,8,regular,2024-10-19 16:00:00,Fairmont State,UNC Pembroke,Mountain East,Mountain East,37.0,28.0,False,True,Duvall-Rosier Field
401674376,2024,8,regular,2024-10-19 16:00:00,Clarion,Edinboro,Pennsylvania State Athletic,Pennsylvania State Athletic,29.0,28.0,False,True,"Memorial Stadium (Clarion, PA)"
401675422,2024,8,regular,2024-10-19 16:00:00,Thomas More,Ashland,Great Midwest Athletic,Great Midwest Athletic,3.0,28.0,True,True,BB&T Field at Griffin Plaza
401677467,2024,8,regular,2024-10-19 16:00:00,Misericordia,Widener,Mid Atlantic,Mid Atlantic,24.0,20.0,False,True,Mangelsdorf Field
401676666,2024,8,regular,2024-10-19 16:00:00,SUNY Morrisville,Utica,Empire 8,Empire 8,28.0,26.0,False,True,Drake Field (NY)
401628522,2024,8,regular,2024-10-19 16:00:00,Northwestern,Wisconsin,Big Ten,Big Ten,3.0,23.0,True,True,Lanny and Sharon Martin Stadium
401635589,2024,8,regular,2024-10-19 16:00:00,Louisville,Miami,ACC,ACC,45.0,52.0,False,True,L&N Federal Credit Union Stadium
401673405,2024,8,regular,2024-10-19 16:00:00,Alfred State,Dean,ECFC,ECFC,58.0,0.0,False,True,Pioneer Stadium
401673423,2024,8,regular,2024-10-19 16:00:00,Delaware Valley,FDU Florham,Mid Atlantic,Mid Atlantic,33.0,8.0,False,True,Robert A. Lipinski Field at James Work Memorial Stadium
401629034,2024,8,regular,2024-10-19 16:00:00,UConn,Wake Forest,FBS Independents,ACC,20.0,23.0,False,False,Pratt & Whitney Stadium
401674812,2024,8,regular,2024-10-19 16:00:00,Lycoming,Catholic,Landmark Conference,Landmark Conference,12.0,14.0,False,True,David Person Field
401674684,2024,8,regular,2024-10-19 16:00:00,Muhlenberg,Gettysburg,Centennial,Centennial,58.0,42.0,False,True,Scotty Wood Stadium
401654647,2024,8,regular,2024-10-19 16:00:00,Wagner,Saint Francis,NEC,NEC,14.0,0.0,False,True,Wagner College Stadium
401675465,2024,8,regular,2024-10-19 16:00:00,Walsh,Tiffin,Great Midwest Athletic,Great Midwest Athletic,21.0,38.0,False,True,Tom Benson Hall of Fame Stadium
401675430,2024,8,regular,2024-10-19 16:00:00,Ohio Dominican,Findlay,Great Midwest Athletic,Great Midwest Athletic,10.0,26.0,False,True,Panther Stadium (OH)
401676194,2024,8,regular,2024-10-19 16:00:00,Merchant Marine,Norwich,NEWMAC,NEWMAC,49.0,7.0,False,True,Brooks Stadium (NY)
401677396,2024,8,regular,2024-10-19 16:00:00,Hilbert,Brockport,Empire 8,Empire 8,0.0,51.0,True,True,St. Francis High School
401677410,2024,8,regular,2024-10-19 16:00:00,Southwestern U,Millsaps,Southern Athletic,Southern Athletic,14.0,17.0,False,True,Birkelbach Field
401628395,2024,8,regular,2024-10-19 16:00:00,Missouri,Auburn,SEC,SEC,21.0,17.0,False,True,Memorial Stadium
401636899,2024,8,regular,2024-10-19 16:00:00,Cincinnati,Arizona State,Big 12,Big 12,24.0,14.0,False,True,Nippert Stadium
401676783,2024,8,regular,2024-10-19 16:00:00,Limestone,Wingate,South Atlantic,South Atlantic,12.0,38.0,False,True,The Reservation
401643811,2024,8,regular,2024-10-19 16:00:00,Coastal Carolina,Louisiana,Sun Belt,Sun Belt,24.0,34.0,False,True,Brooks Stadium (SC)
401674824,2024,8,regular,2024-10-19 16:00:00,Keystone,Wilkes,Landmark Conference,Landmark Conference,24.0,69.0,False,True,Athletic Field Complex
401644600,2024,8,regular,2024-10-19 16:00:00,Harvard,Holy Cross,Ivy,Patriot,35.0,34.0,False,False,Harvard Stadium
401634034,2024,8,regular,2024-10-19 16:00:00,Nicholls,Northwestern State,Southland,Southland,20.0,0.0,False,True,Manning Field at John L. Guidry Stadium
401674302,2024,8,regular,2024-10-19 16:00:00,Wheeling,West Virginia State,Mountain East,Mountain East,35.0,33.0,False,True,Bishop Schmitt Field
401676115,2024,8,regular,2024-10-19 16:00:00,Shepherd,Millersville,Pennsylvania State Athletic,Pennsylvania State Athletic,35.0,21.0,False,True,Ram Stadium (WV)
401676227,2024,8,regular,2024-10-19 16:00:00,Springfield,MIT,NEWMAC,NEWMAC,48.0,0.0,False,True,Stagg Field
401654618,2024,8,regular,2024-10-19 16:00:00,Yale,Lehigh,Ivy,Patriot,38.0,23.0,False,False,Yale Bowl
401674891,2024,8,regular,2024-10-19 16:00:00,Fitchburg State,Mass Maritime,MSCAC,MSCAC,3.0,21.0,False,True,Elliot Field Athletic Complex
401674907,2024,8,regular,2024-10-19 16:00:00,Worcester State,UMass Dartmouth,MSCAC,MSCAC,7.0,58.0,False,True,John Coughlin Memorial Field
401654597,2024,8,regular,2024-10-19 16:00:00,Robert Morris,Long Island University,NEC,NEC,45.0,31.0,False,True,Joe Walton Stadium
401628519,2024,8,regular,2024-10-19 16:00:00,Indiana,Nebraska,Big Ten,Big Ten,56.0,7.0,False,True,"Memorial Stadium (Bloomington, IN)"
401635588,2024,8,regular,2024-10-19 16:00:00,Clemson,Virginia,ACC,ACC,48.0,31.0,False,True,"Memorial Stadium (Clemson, SC)"
401645346,2024,8,regular,2024-10-19 16:00:00,Army,East Carolina,American Athletic,American Athletic,45.0,28.0,False,True,Michie Stadium
401628524,2024,8,regular,2024-10-19 16:00:00,Rutgers,UCLA,Big Ten,Big Ten,32.0,35.0,False,True,SHI Stadium
401654627,2024,8,regular,2024-10-19 16:30:00,Lafayette,Sacred Heart,Patriot,FCS Independents,31.0,17.0,False,False,Fisher Field
401675985,2024,8,regular,2024-10-19 16:30:00,Wisconsin Eau Claire,Wisconsin La Crosse,Wisconsin,Wisconsin,7.0,34.0,False,True,Carson Park
401628396,2024,8,regular,2024-10-19 16:45:00,Oklahoma,South Carolina,SEC,SEC,9.0,35.0,False,True,"Memorial Stadium (Norman, OK)"
401658363,2024,8,regular,2024-10-19 17:00:00,Frostburg State,Charleston (WV),Mountain East,Mountain East,7.0,48.0,False,True,Bobcat Stadium (MD)
401628656,2024,8,regular,2024-10-19 17:00:00,North Carolina A&T,Hampton,Coastal Athletic,Coastal Athletic,17.0,59.0,False,True,Aggie Stadium
401628660,2024,8,regular,2024-10-19 17:00:00,Monmouth,Bryant,Coastal Athletic,Coastal Athletic,55.0,17.0,False,True,Kessler Stadium
401654491,2024,8,regular,2024-10-19 17:00:00,Pennsylvania,Columbia,Ivy,Ivy,17.0,23.0,False,True,Franklin Field
401673440,2024,8,regular,2024-10-19 17:00:00,King's,Lebanon Valley,Mid Atlantic,Mid Atlantic,28.0,13.0,False,True,McCarthy Stadium (Wilkes Barre)
401674334,2024,8,regular,2024-10-19 17:00:00,Concordia St. Paul,Minnesota St Moorhead,Northern Sun,Northern Sun,31.0,34.0,False,True,Sea Foam Stadium
401674674,2024,8,regular,2024-10-19 17:00:00,Dickinson,McDaniel,Centennial,Centennial,24.0,0.0,False,True,Biddle Field
401674805,2024,8,regular,2024-10-19 17:00:00,Susquehanna,Juniata,Landmark Conference,Landmark Conference,66.0,21.0,False,True,Amos Alonzo Stagg Field (PA)
401674830,2024,8,regular,2024-10-19 17:00:00,St. Lawrence,Hobart,Liberty League,Liberty League,3.0,39.0,False,True,Leckonby Stadium
401674931,2024,8,regular,2024-10-19 17:00:00,Kalamazoo,Hope,Michigan,Michigan,18.0,49.0,False,True,Angell Field
401675445,2024,8,regular,2024-10-19 17:00:00,Northwood,Kentucky Wesleyan,Great Midwest Athletic,Great Midwest Athletic,20.0,27.0,False,True,Hantz Stadium
401675591,2024,8,regular,2024-10-19 17:00:00,Clark Atlanta,Miles,SIAC,SIAC,28.0,49.0,False,True,CAU Panther Stadium
401676039,2024,8,regular,2024-10-19 17:00:00,St. Norbert,Concordia Chicago,NACC,NACC,62.0,0.0,False,True,Donald J. Schneider Stadium
401676096,2024,8,regular,2024-10-19 17:00:00,Shippensburg,Kutztown,Pennsylvania State Athletic,Pennsylvania State Athletic,2.0,31.0,False,True,Seth Grove Stadium
401676138,2024,8,regular,2024-10-19 17:00:00,Greenville,Martin Luther,Upper Midwest,Upper Midwest,42.0,35.0,False,True,Francis Field (IL)
401676151,2024,8,regular,2024-10-19 17:00:00,Williams,Bates,NESCAC,NESCAC,24.0,21.0,False,True,Farley-Lamb Field
401676172,2024,8,regular,2024-10-19 17:00:00,Bowdoin,Wesleyan (CT),NESCAC,NESCAC,14.0,17.0,False,True,Whittier Field
401676276,2024,8,regular,2024-10-19 17:00:00,William Paterson,Ursinus,New Jersey,Centennial,7.0,49.0,False,False,Wightman Stadium
401676718,2024,8,regular,2024-10-19 17:00:00,Franklin Pierce,Post,Northeast 10,Northeast 10,55.0,20.0,True,True,Sodexo Field
401677455,2024,8,regular,2024-10-19 17:00:00,Gallaudet,Anna Maria College,ECFC,ECFC,39.0,34.0,False,True,Hotchkiss Field
401628655,2024,8,regular,2024-10-19 17:00:00,Maine,Villanova,Coastal Athletic,Coastal Athletic,35.0,7.0,False,True,Alfond Stadium
401628659,2024,8,regular,2024-10-19 17:00:00,New Hampshire,Rhode Island,Coastal Athletic,Coastal Athletic,9.0,26.0,False,True,Wildcat Stadium
401654474,2024,8,regular,2024-10-19 17:00:00,Dartmouth,Central Connecticut,Ivy,NEC,20.0,16.0,False,False,Memorial Field
401674938,2024,8,regular,2024-10-19 17:00:00,Trine,Olivet,Michigan,Michigan,35.0,28.0,False,True,Fred Zollner Athletic Stadium
401676122,2024,8,regular,2024-10-19 17:00:00,Westminster (MO),Crown,Upper Midwest,Upper Midwest,13.0,30.0,False,True,Blue Jay Stadium
401676775,2024,8,regular,2024-10-19 17:00:00,New England,Endicott,Commonwealth Coast,Commonwealth Coast,7.0,39.0,False,True,Blue Storm Stadium
401654643,2024,8,regular,2024-10-19 17:00:00,Colgate,Georgetown,Patriot,Patriot,38.0,28.0,False,True,Andy Kerr Stadium
401654507,2024,8,regular,2024-10-19 17:00:00,Bucknell,Cornell,Patriot,Ivy,21.0,34.0,False,False,Christy Mathewson-Memorial Stadium
401654612,2024,8,regular,2024-10-19 17:00:00,Merrimack,Stonehill,FCS Independents,NEC,48.0,28.0,False,False,Duane Stadium
401628657,2024,8,regular,2024-10-19 17:00:00,Towson,Stony Brook,Coastal Athletic,Coastal Athletic,24.0,52.0,False,True,Johnny Unitas Stadium
401638673,2024,8,regular,2024-10-19 17:00:00,Butler,Dayton,Pioneer,Pioneer,14.0,21.0,False,True,Butler Bowl
401638674,2024,8,regular,2024-10-19 17:00:00,Presbyterian,Drake,Pioneer,Pioneer,16.0,19.0,False,True,Bailey Memorial Stadium
401638676,2024,8,regular,2024-10-19 17:00:00,Davidson,Stetson,Pioneer,Pioneer,70.0,48.0,False,True,Richardson Stadium
401675409,2024,8,regular,2024-10-19 17:00:00,Lincoln (PA),Virginia Union,CIAA,CIAA,12.0,63.0,False,True,Lincoln University Stadium
401676710,2024,8,regular,2024-10-19 17:00:00,Saint Anselm,Assumption,Northeast 10,Northeast 10,20.0,14.0,False,True,Grappone Stadium
401674269,2024,8,regular,2024-10-19 17:00:00,Concord,Glenville State,Mountain East,Mountain East,21.0,24.0,False,True,Callaghan Stadium
401676160,2024,8,regular,2024-10-19 17:00:00,Tufts,Hamilton,NESCAC,NESCAC,20.0,13.0,False,True,Ellis Oval at Zimman Field
401674920,2024,8,regular,2024-10-19 17:00:00,Alma,Albion,Michigan,Michigan,40.0,30.0,False,True,Bahlke Field
401673387,2024,8,regular,2024-10-19 17:00:00,Anderson (SC),Emory & Henry,South Atlantic,South Atlantic,3.0,34.0,True,True,Spero Financial Field
401675801,2024,8,regular,2024-10-19 17:00:00,Johnson C. Smith,Shaw,CIAA,CIAA,21.0,14.0,False,True,Irwin Belk Complex
401674862,2024,8,regular,2024-10-19 17:00:00,Union,Buffalo State,Liberty League,Liberty League,31.0,10.0,False,True,Frank Bailey Field
401674575,2024,8,regular,2024-10-19 17:00:00,Northern Michigan,Roosevelt,GLIAC,GLIAC,10.0,16.0,False,True,Superior Dome
401674693,2024,8,regular,2024-10-19 17:00:00,Johns Hopkins,Franklin & Marshall,Centennial,Centennial,13.0,6.0,False,True,Homewood Field
401674298,2024,8,regular,2024-10-19 17:00:00,West Liberty,West Virginia Wesleyan,Mountain East,Mountain East,21.0,9.0,False,True,West Family Stadium
401674514,2024,8,regular,2024-10-19 17:00:00,Lincoln (MO),Upper Iowa,Great Lakes,Great Lakes,3.0,31.0,False,True,Dwight T. Reed Stadium
401676246,2024,8,regular,2024-10-19 17:00:00,Salisbury,Montclair State,New Jersey,New Jersey,44.0,8.0,False,True,Sea Gull Stadium
401675390,2024,8,regular,2024-10-19 17:00:00,Elizabeth City State,Virginia State,CIAA,CIAA,7.0,36.0,False,True,Roebuck Stadium
401673376,2024,8,regular,2024-10-19 17:00:00,Carson Newman,UVA Wise,South Atlantic,South Atlantic,35.0,23.0,False,True,Burke-Tarr Stadium
401674554,2024,8,regular,2024-10-19 17:00:00,Ferris State,Michigan Tech,GLIAC,GLIAC,51.0,13.0,False,True,Top Taggart Field
401674750,2024,8,regular,2024-10-19 17:00:00,Alfred,SUNY Cortland,Empire 8,Empire 8,17.0,59.0,False,True,Merrill Field at Yunevich Stadium
401674836,2024,8,regular,2024-10-19 17:00:00,Ithaca,Rensselaer,Liberty League,Liberty League,33.0,14.0,False,True,Butterfield Stadium
401675289,2024,8,regular,2024-10-19 17:00:00,Kenyon,Wittenberg,North Coast,North Coast,7.0,27.0,False,True,McBride Field
401675297,2024,8,regular,2024-10-19 17:00:00,Wabash,Hiram,North Coast,North Coast,56.0,7.0,False,True,Little Giant Stadium
401675472,2024,8,regular,2024-10-19 17:00:00,Chowan,West Florida,Gulf South,Gulf South,6.0,35.0,False,True,Garrison Stadium
401676027,2024,8,regular,2024-10-19 17:00:00,Maryville (TN),Huntingdon,USA South,USA South,44.0,16.0,False,True,Lloyd L. Thornton Stadium
401676231,2024,8,regular,2024-10-19 17:00:00,Christopher Newport,Rowan,New Jersey,New Jersey,24.0,7.0,False,True,TowneBank Stadium
401676259,2024,8,regular,2024-10-19 17:00:00,Rhodes,Trinity (TX),Southern Athletic,Southern Athletic,14.0,38.0,False,True,Crain Field
401676423,2024,8,regular,2024-10-19 17:00:00,Westminster (PA),Saint Vincent,Presidents',Presidents',56.0,0.0,False,True,Memorial Field (PA)
401676436,2024,8,regular,2024-10-19 17:00:00,Waynesburg,Bethany (WV),Presidents',Presidents',34.0,14.0,False,True,John F. Wiley Stadium
401676656,2024,8,regular,2024-10-19 17:00:00,Alvernia,Eastern,Mid Atlantic,Mid Atlantic,14.0,22.0,False,True,Turf Field
401676726,2024,8,regular,2024-10-19 17:00:00,Southern Connecticut State,New Haven,Northeast 10,Northeast 10,0.0,21.0,False,True,Jess Dow Field
401676765,2024,8,regular,2024-10-19 17:00:00,Western New England,Curry,Commonwealth Coast,Commonwealth Coast,47.0,21.0,False,True,Golden Bear Stadium
401677471,2024,8,regular,2024-10-19 17:00:00,Colby,Amherst,NESCAC,NESCAC,38.0,7.0,False,True,Seaverns Field At Harold Alfond Stadium
401682323,2024,8,regular,2024-10-19 17:00:00,Bentley,American International,Northeast 10,Northeast 10,27.0,14.0,False,True,Bentley University Football Stadium
401682362,2024,8,regular,2024-10-19 17:00:00,Middlebury,Trinity (CT),NESCAC,NESCAC,24.0,21.0,False,True,Alumni Stadium (VT)
401674867,2024,8,regular,2024-10-19 17:00:00,Stevenson,Albright,Mid Atlantic,Mid Atlantic,48.0,3.0,False,True,Mustang Stadium
401676365,2024,8,regular,2024-10-19 17:00:00,Centre,Hendrix,Southern Athletic,Southern Athletic,35.0,18.0,False,True,Farris Stadium
401675382,2024,8,regular,2024-10-19 17:00:00,Bowie State,Bluefield State,CIAA,CIAA,54.0,0.0,False,True,Bulldogs Stadium
401674786,2024,8,regular,2024-10-19 17:30:00,Anderson (IN),Hanover,Heartland,Heartland,0.0,35.0,False,True,Macholtz Stadium
401677498,2024,8,regular,2024-10-19 17:30:00,Coast Guard,Salve Regina,NEWMAC,NEWMAC,28.0,34.0,False,True,Cadet Memorial Field
401674768,2024,8,regular,2024-10-19 17:30:00,Mount St Joseph,Bluffton,Heartland,Heartland,63.0,27.0,False,True,Schueler Field
401633993,2024,8,regular,2024-10-19 17:30:00,Gardner-Webb,Lindenwood,Big South-OVC,Big South-OVC,42.0,35.0,False,True,Ernest W. Spangler Stadium
401638346,2024,8,regular,2024-10-19 17:30:00,VMI,The Citadel,Southern,Southern,10.0,13.0,False,True,Alumni Memorial Field
401676310,2024,8,regular,2024-10-19 17:30:00,Capital,Ohio Northern,Ohio,Ohio,41.0,42.0,False,True,Bernlohr Stadium
401632464,2024,8,regular,2024-10-19 17:30:00,Chattanooga,Wofford,Southern,Southern,37.0,5.0,False,True,Finley Stadium
401674778,2024,8,regular,2024-10-19 17:30:00,Manchester,Franklin,Heartland,Heartland,0.0,49.0,False,True,Carl W. Burt Memorial Stadium
401676338,2024,8,regular,2024-10-19 17:30:00,Mount Union,Heidelberg,Ohio,Ohio,52.0,10.0,False,True,Mount Union Stadium
401674799,2024,8,regular,2024-10-19 17:30:00,Rose Hulman,Defiance College,Heartland,,29.0,25.0,False,True,Cook Stadium
401676372,2024,8,regular,2024-10-19 17:30:00,Wilmington (OH),Otterbein,Ohio,Ohio,31.0,21.0,False,True,Wiliams Stadium (OH)
401644750,2024,8,regular,2024-10-19 18:00:00,Eastern Michigan,Central Michigan,Mid-American,Mid-American,38.0,34.0,False,True,Rynearson Stadium
401676091,2024,8,regular,2024-10-19 18:00:00,Denison,DePauw,North Coast,North Coast,34.0,53.0,False,True,Deeds Field-Piper Stadium
401676086,2024,8,regular,2024-10-19 18:00:00,IU Pennsylvania,Seton Hill,Pennsylvania State Athletic,Pennsylvania State Athletic,20.0,13.0,False,True,George P. Miller Stadium
401673976,2024,8,regular,2024-10-19 18:00:00,Elmhurst,Washington St. Louis,CCIW,CCIW,10.0,49.0,False,True,Langhorst Field
401682328,2024,8,regular,2024-10-19 18:00:00,SUNY Maritime,WPI,NEWMAC,NEWMAC,42.0,35.0,False,True,Reinhart Field
401638345,2024,8,regular,2024-10-19 18:00:00,Furman,Western Carolina,Southern,Southern,20.0,52.0,False,True,Paladin Stadium
401676266,2024,8,regular,2024-10-19 18:00:00,Berry,Sewanee,Southern Athletic,Southern Athletic,53.0,10.0,False,True,Valhalla Stadium
401654540,2024,8,regular,2024-10-19 18:00:00,South Carolina State,Fort Valley State,MEAC,SIAC,30.0,3.0,False,False,Oliver C. Dawson Stadium
401634202,2024,8,regular,2024-10-19 18:00:00,North Dakota,Northern Iowa,MVFC,MVFC,31.0,7.0,False,True,Alerus Center
401675829,2024,8,regular,2024-10-19 18:00:00,Augustana (SD),Winona State,Northern Sun,Northern Sun,31.0,0.0,False,True,Kirkeby-Over Stadium
401674729,2024,8,regular,2024-10-19 18:00:00,Illinois Wesleyan,Millikin,CCIW,CCIW,51.0,8.0,False,True,Tucci Stadium
401682278,2024,8,regular,2024-10-19 18:00:00,Westfield State,Framingham State,MSCAC,MSCAC,7.0,21.0,False,True,"Alumni Field (Westfield, MA)"
401674597,2024,8,regular,2024-10-19 18:00:00,Central College,Luther,American Rivers,American Rivers,56.0,3.0,False,True,Ron and Joyce Schipper Stadium
401674620,2024,8,regular,2024-10-19 18:00:00,Nebraska Wesleyan,Coe,American Rivers,American Rivers,0.0,50.0,True,True,Abel Stadium
401674632,2024,8,regular,2024-10-19 18:00:00,Austin,Texas Lutheran,Southern Collegiate Athletic,Southern Collegiate Athletic,17.0,55.0,False,True,Jerry E. Apple Stadium
401675025,2024,8,regular,2024-10-19 18:00:00,Ripon,Chicago,Midwest,Midwest,6.0,30.0,False,True,Ingalls Field
401676275,2024,8,regular,2024-10-19 18:00:00,John Carroll,Baldwin Wallace,Ohio,Ohio,20.0,16.0,False,True,Don Shula Stadium at Wasmer Field
401675605,2024,8,regular,2024-10-19 18:00:00,Tuskegee,Kentucky State,SIAC,SIAC,38.0,24.0,False,True,Abbott Memorial Alumni Stadium
401676059,2024,8,regular,2024-10-19 18:00:00,Concordia (WI),Eureka,NACC,NACC,39.0,0.0,False,True,Tomasini Stadium
401675533,2024,8,regular,2024-10-19 18:00:00,Eastern New Mexico,West Texas,Lone Star,Lone Star,24.0,42.0,False,True,Al Whitehead Field at Greyhound Stadium
401674945,2024,8,regular,2024-10-19 18:00:00,Bethel (MN),Augsburg,Minnesota,Minnesota,73.0,8.0,False,True,Royal Stadium
401676411,2024,8,regular,2024-10-19 18:00:00,Ferrum,Hampden Sydney,Old Dominion,Old Dominion,41.0,36.0,False,True,W.B. Adams Stadium
401675566,2024,8,regular,2024-10-19 18:00:00,Albany State,Morehouse,SIAC,SIAC,52.0,6.0,False,True,Albany State University Coliseum
401673450,2024,8,regular,2024-10-19 18:00:00,Knox,Illinois College,Midwest,Midwest,34.0,77.0,False,True,Harley Knosher Bowl
401673951,2024,8,regular,2024-10-19 18:00:00,Carroll (WI),Augustana (IL),CCIW,CCIW,30.0,20.0,False,True,Schneider Stadium
401658353,2024,8,regular,2024-10-19 18:00:00,North Greenville,Erskine,Gulf South,Gulf South,52.0,35.0,False,True,Younts Stadium
401674313,2024,8,regular,2024-10-19 18:00:00,Bemidji State,Minot State,Northern Sun,Northern Sun,21.0,9.0,False,True,Chet Anderson Stadium
401673970,2024,8,regular,2024-10-19 18:00:00,Carthage,Wheaton (IL),CCIW,CCIW,13.0,50.0,False,True,Art Keller Field
401674172,2024,8,regular,2024-10-19 18:00:00,Washburn,Missouri Southern State,Mid America,Mid America,42.0,21.0,False,True,Yager Stadium at Moore Bowl
401674503,2024,8,regular,2024-10-19 18:00:00,McKendree,Indianapolis,Great Lakes,Great Lakes,34.0,42.0,False,True,Leemon Field
401674531,2024,8,regular,2024-10-19 18:00:00,William Jewell,Missouri S&T,Great Lakes,Great Lakes,28.0,49.0,True,True,Liberty North High School
401674541,2024,8,regular,2024-10-19 18:00:00,Quincy,Truman State,Great Lakes,Great Lakes,21.0,28.0,False,True,QU Stadium
401674580,2024,8,regular,2024-10-19 18:00:00,Davenport,Wayne State (MI),GLIAC,GLIAC,43.0,26.0,False,True,Farmers Insurance Athletic Complex
401674324,2024,8,regular,2024-10-19 18:00:00,Sioux Falls,Minnesota Duluth,Northern Sun,Northern Sun,24.0,21.0,False,True,Bob Young Field
401674961,2024,8,regular,2024-10-19 18:00:00,Carleton,Saint John's (MN),Minnesota,Minnesota,7.0,48.0,False,True,Laird Stadium
401674968,2024,8,regular,2024-10-19 18:00:00,Hamline,Concordia (MN),Minnesota,Minnesota,7.0,41.0,False,True,Klas Field
401674974,2024,8,regular,2024-10-19 18:00:00,Macalester,Gustavus Adolphus,Minnesota,Minnesota,7.0,36.0,False,True,Macalester Stadium
401674990,2024,8,regular,2024-10-19 18:00:00,St. Olaf,St. Scholastica,Minnesota,Minnesota,36.0,33.0,False,True,Klein Field at Manitou
401674995,2024,8,regular,2024-10-19 18:00:00,Beloit,Lawrence,Midwest,Midwest,10.0,24.0,False,True,Strong Stadium
401645351,2024,8,regular,2024-10-19 18:00:00,Temple,Tulsa,American Athletic,American Athletic,20.0,10.0,False,True,Lincoln Financial Field
401675758,2024,8,regular,2024-10-19 18:00:00,Barton,Lenoir Rhyne,South Atlantic,South Atlantic,0.0,20.0,False,True,Electric Supply Company Field
401676033,2024,8,regular,2024-10-19 18:00:00,Benedictine (IL),Wisconsin Lutheran,NACC,NACC,7.0,10.0,False,True,Village of Lisle-Benedictine University Sports Complex
401676129,2024,8,regular,2024-10-19 18:00:00,Northwestern (MN),Minnesota Morris,Upper Midwest,Upper Midwest,44.0,13.0,False,True,Reynolds Field
401675002,2024,8,regular,2024-10-19 18:00:00,Grinnell,Lake Forest,Midwest,Midwest,22.0,42.0,False,True,Rosenbloom Field
401675031,2024,8,regular,2024-10-19 18:00:00,Aurora,Rockford,NACC,NACC,69.0,0.0,False,True,Vago Field
401638677,2024,8,regular,2024-10-19 18:00:00,Valparaiso,St. Thomas (MN),Pioneer,Pioneer,14.0,42.0,False,True,Brown Field
401689231,2024,8,regular,2024-10-19 18:00:00,Cornell (IA),Monmouth (IL),Midwest,Midwest,28.0,38.0,False,True,Van Metre Field at Ash Park
401632118,2024,8,regular,2024-10-19 18:00:00,West Georgia,Shorter,UAC,Gulf South,41.0,13.0,False,False,University Stadium (GA)
401674606,2024,8,regular,2024-10-19 18:00:00,Loras,Dubuque,American Rivers,American Rivers,42.0,49.0,False,True,Rock Bowl
401675949,2024,8,regular,2024-10-19 18:00:00,Wisconsin River Falls,Wisconsin Stout,Wisconsin,Wisconsin,40.0,37.0,False,True,David Smith Stadium at Ramer Field
401674145,2024,8,regular,2024-10-19 18:00:00,Northeastern State,Central Oklahoma,Independent DII,Mid America,57.0,64.0,False,False,Gable Field at Doc Wadley Stadium
401675437,2024,8,regular,2024-10-19 18:30:00,Lake Erie,Hillsdale,Great Midwest Athletic,Great Midwest Athletic,10.0,28.0,False,True,Jack Britt Memorial Stadium
401674624,2024,8,regular,2024-10-19 18:30:00,Wartburg,Simpson (IA),American Rivers,American Rivers,46.0,21.0,False,True,Walston-Hoover Stadium
401675979,2024,8,regular,2024-10-19 18:30:00,Wisconsin Oshkosh,Wisconsin Platteville,Wisconsin,Wisconsin,24.0,17.0,False,True,J.J. Keller Field at Titan Stadium
401674881,2024,8,regular,2024-10-19 18:30:00,Vermont State Castleton,Plymouth State,MSCAC,MSCAC,6.0,21.0,False,True,Dave Wolk Stadium
401674716,2024,8,regular,2024-10-19 18:30:00,Husson,Nichols,Commonwealth Coast,Commonwealth Coast,56.0,22.0,False,True,Dr. John W. Winkin Sports Complex
401676787,2024,8,regular,2024-10-19 18:30:00,Mars Hill,Tusculum,South Atlantic,South Atlantic,30.0,3.0,False,True,Meares Stadium
401674115,2024,8,regular,2024-10-19 19:00:00,Northwest Missouri State,Central Missouri,Mid America,Mid America,30.0,35.0,False,True,Bearcat Stadium
401673146,2024,8,regular,2024-10-19 19:00:00,Adams State,Colorado School of Mines,Rocky Mountain,Rocky Mountain,14.0,56.0,False,True,Rex Stadium
401634164,2024,8,regular,2024-10-19 19:00:00,Murray State,Illinois State,MVFC,MVFC,32.0,40.0,False,True,Roy Stewart Stadium
401673267,2024,8,regular,2024-10-19 19:00:00,Chadron State,Fort Lewis,Rocky Mountain,Rocky Mountain,55.0,13.0,False,True,Elliott Field at Don Beebe Stadium
401636366,2024,8,regular,2024-10-19 19:00:00,Mississippi Valley State,Bethune-Cookman,SWAC,SWAC,10.0,20.0,False,True,Rice-Totten Field
401673261,2024,8,regular,2024-10-19 19:00:00,Colorado Mesa,New Mexico Highlands,Rocky Mountain,Rocky Mountain,21.0,10.0,False,True,Ralph Stocker Stadium
401676203,2024,8,regular,2024-10-19 19:00:00,Lyon,Centenary (LA),Southern Collegiate Athletic,Southern Collegiate Athletic,21.0,28.0,True,True,Pioneer Stadium
401675843,2024,8,regular,2024-10-19 19:00:00,University of Mary,Wayne State (NE),Northern Sun,Northern Sun,0.0,30.0,False,True,MDU Resources Community Bowl
401673244,2024,8,regular,2024-10-19 19:00:00,Western Colorado,South Dakota Mines,Rocky Mountain,Rocky Mountain,35.0,24.0,False,True,Mountaineer Bowl
401687156,2024,8,regular,2024-10-19 19:00:00,St. John Fisher,Hartwick,Empire 8,Empire 8,56.0,0.0,False,True,Growney Stadium
401674430,2024,8,regular,2024-10-19 19:00:00,Henderson State,Southern Arkansas,Great American,Great American,19.0,42.0,False,True,Ruggles Field at Carpenter-Haygood Stadium
401674491,2024,8,regular,2024-10-19 19:00:00,Southeastern Oklahoma State,Southern Nazarene,Great American,Great American,40.0,14.0,False,True,Paul Laird Field
401676002,2024,8,regular,2024-10-19 19:00:00,Methodist,Southern Virginia,USA South,USA South,17.0,21.0,False,True,Monarch Stadium
401676211,2024,8,regular,2024-10-19 19:00:00,Adrian,Calvin,Michigan,Michigan,30.0,10.0,False,True,Docking Stadium
401634175,2024,8,regular,2024-10-19 19:00:00,Missouri State,Indiana State,MVFC,MVFC,46.0,21.0,False,True,Plaster Sports Complex
401674164,2024,8,regular,2024-10-19 19:00:00,Pittsburg State,Fort Hays,Mid America,Mid America,18.0,17.0,False,True,Carnie Smith Stadium
401634148,2024,8,regular,2024-10-19 19:00:00,Samford,Mercer,Southern,Southern,55.0,35.0,False,True,Seibert Stadium
401675489,2024,8,regular,2024-10-19 19:00:00,Valdosta State,Mississippi College,Gulf South,Gulf South,35.0,10.0,False,True,Bazemore-Hyder Stadium
401676240,2024,8,regular,2024-10-19 19:00:00,The College of New Jersey,Kean,New Jersey,New Jersey,48.0,7.0,False,True,Lions Stadium
401673236,2024,8,regular,2024-10-19 19:00:00,CSU Pueblo,Black Hills State,Rocky Mountain,Rocky Mountain,24.0,21.0,False,True,Neta and Eddie DeRose ThunderBowl
401675609,2024,8,regular,2024-10-19 19:00:00,Lane College,Central State,SIAC,SIAC,27.0,24.0,False,True,Lane Field
401658343,2024,8,regular,2024-10-19 19:00:00,Saginaw Valley State,Grand Valley State,GLIAC,GLIAC,9.0,16.0,False,True,Harvey Randall Wickes Memorial Stadium
401674177,2024,8,regular,2024-10-19 19:00:00,Missouri Western,Nebraska Kearney,Mid America,Mid America,23.0,24.0,False,True,Craig Field at Spratt Memorial Stadium
401674354,2024,8,regular,2024-10-19 19:00:00,California (PA),Slippery Rock,Pennsylvania State Athletic,Pennsylvania State Athletic,28.0,7.0,False,True,Adamson Stadium
401636358,2024,8,regular,2024-10-19 19:00:00,Grambling,Arkansas-Pine Bluff,SWAC,SWAC,31.0,21.0,False,True,Eddie Robinson Stadium
401645347,2024,8,regular,2024-10-19 19:30:00,Navy,Charlotte,American Athletic,American Athletic,51.0,17.0,False,True,Navy-Marine Corps Memorial Stadium
401644749,2024,8,regular,2024-10-19 19:30:00,Buffalo,Western Michigan,Mid-American,Mid-American,41.0,48.0,False,True,UB Stadium
401628654,2024,8,regular,2024-10-19 19:30:00,William & Mary,Campbell,Coastal Athletic,Coastal Athletic,35.0,28.0,False,True,Zable Stadium
401636901,2024,8,regular,2024-10-19 19:30:00,Kansas,Houston,Big 12,Big 12,42.0,14.0,True,True,GEHA Field at Arrowhead Stadium
401644751,2024,8,regular,2024-10-19 19:30:00,Northern Illinois,Toledo,Mid-American,Mid-American,6.0,13.0,False,True,Huskie Stadium
401645348,2024,8,regular,2024-10-19 19:30:00,UTSA,Florida Atlantic,American Athletic,American Athletic,38.0,24.0,False,True,Alamodome
401635587,2024,8,regular,2024-10-19 19:30:00,California,NC State,ACC,ACC,23.0,24.0,False,True,California Memorial Stadium
401645345,2024,8,regular,2024-10-19 19:30:00,South Florida,UAB,American Athletic,American Athletic,35.0,25.0,False,True,Raymond James Stadium
401636375,2024,8,regular,2024-10-19 19:30:00,Jackson State,Florida A&M,SWAC,SWAC,35.0,21.0,False,True,Mississippi Veterans Memorial Stadium
401628518,2024,8,regular,2024-10-19 19:30:00,Illinois,Michigan,Big Ten,Big Ten,21.0,7.0,False,True,"Memorial Stadium (Champaign, IL)"
401645350,2024,8,regular,2024-10-19 19:30:00,Tulane,Rice,American Athletic,American Athletic,24.0,10.0,False,True,Yulman Stadium
401644686,2024,8,regular,2024-10-19 19:30:00,Miami (OH),Ohio,Mid-American,Mid-American,30.0,20.0,False,True,Yager Stadium
401643813,2024,8,regular,2024-10-19 19:30:00,Old Dominion,Texas State,Sun Belt,Sun Belt,24.0,14.0,False,True,S.B. Ballard Stadium
401628658,2024,8,regular,2024-10-19 19:30:00,Richmond,Delaware,Coastal Athletic,CAA,28.0,9.0,False,True,E. Claiborne Robins Stadium
401643736,2024,8,regular,2024-10-19 19:30:00,Washington State,Hawai'i,Pac-12,Mountain West,42.0,10.0,False,False,Gesa Field
401676044,2024,8,regular,2024-10-19 19:30:00,Brevard,LaGrange,USA South,USA South,21.0,26.0,False,True,Brevard Memorial Stadium
401628982,2024,8,regular,2024-10-19 19:30:00,Georgia Tech,Notre Dame,ACC,FBS Independents,13.0,31.0,True,False,Mercedes-Benz Stadium
401655635,2024,8,regular,2024-10-19 19:30:00,Howard,Tennessee State,MEAC,Big South-OVC,14.0,27.0,False,False,William H. Greene Stadium
401628397,2024,8,regular,2024-10-19 19:30:00,Tennessee,Alabama,SEC,SEC,24.0,17.0,False,True,Neyland Stadium
401674650,2024,8,regular,2024-10-19 19:30:00,Howard Payne,Mary Hardin Baylor,American Southwest,American Southwest,0.0,41.0,False,True,Gordon Wood Stadium
401628661,2024,8,regular,2024-10-19 19:30:00,UAlbany,Elon,Coastal Athletic,Coastal Athletic,14.0,30.0,False,True,Bob Ford Field
401644748,2024,8,regular,2024-10-19 19:30:00,Bowling Green,Kent State,Mid-American,Mid-American,27.0,6.0,False,True,Doyt L. Perry Stadium
401676323,2024,8,regular,2024-10-19 20:00:00,Puget Sound,Whitworth,Northwest,Northwest,24.0,42.0,False,True,Baker Stadium
401634105,2024,8,regular,2024-10-19 20:00:00,Portland State,Montana State,Big Sky,Big Sky,14.0,44.0,False,True,Hillsboro Stadium
401643738,2024,8,regular,2024-10-19 20:00:00,San José State,Wyoming,Mountain West,Mountain West,24.0,14.0,False,True,CEFCU Stadium
401675935,2024,8,regular,2024-10-19 20:00:00,Claremont Mudd Scripps,La Verne,So. Cal.,So. Cal.,57.0,14.0,False,True,Fritz B. Burns Stadium
401676318,2024,8,regular,2024-10-19 20:00:00,Pacific Lutheran,Willamette,Northwest,Northwest,50.0,0.0,False,True,Sparks Stadium
401676447,2024,8,regular,2024-10-19 20:00:00,Guilford,Washington and Lee,Old Dominion,Old Dominion,23.0,40.0,False,True,Armfield Athletic Center
401674415,2024,8,regular,2024-10-19 20:00:00,East Central,Northwestern (OK),Great American,Great American,20.0,14.0,False,True,Koi Ishto Stadium
401677681,2024,8,regular,2024-10-19 20:00:00,Lewis & Clark,Pacific (OR),Northwest,Northwest,51.0,37.0,False,True,Griswold Stadium
401634102,2024,8,regular,2024-10-19 20:00:00,Idaho,Cal Poly,Big Sky,Big Sky,34.0,29.0,False,True,Kibbie Dome
401633994,2024,8,regular,2024-10-19 20:00:00,Western Illinois,Tennessee Tech,Big South-OVC,Big South-OVC,37.0,21.0,False,True,Hanson Field
401675808,2024,8,regular,2024-10-19 20:00:00,Livingstone,Winston-Salem State,CIAA,CIAA,17.0,31.0,False,True,Alumni Memorial Stadium (NC)
401634104,2024,8,regular,2024-10-19 20:00:00,Northern Arizona,Idaho State,Big Sky,Big Sky,30.0,26.0,False,True,Walkup Skydome
401632134,2024,8,regular,2024-10-19 20:00:00,Utah Tech,Austin Peay,UAC,UAC,7.0,13.0,False,True,Greater Zion Stadium
401676398,2024,8,regular,2024-10-19 20:00:00,Averett,Randolph Macon,Old Dominion,Old Dominion,10.0,49.0,False,True,Daly Field at Frank R. Campbell Stadium
401643737,2024,8,regular,2024-10-19 20:00:00,Utah State,New Mexico,Mountain West,Mountain West,45.0,50.0,False,True,Maverik Stadium
401628521,2024,8,regular,2024-10-19 20:00:00,Maryland,USC,Big Ten,Big Ten,29.0,28.0,False,True,SECU Stadium
401636902,2024,8,regular,2024-10-19 20:00:00,Texas Tech,Baylor,Big 12,Big 12,35.0,59.0,False,True,Jones AT&T Stadium
401636897,2024,8,regular,2024-10-19 20:00:00,Arizona,Colorado,Big 12,Big 12,7.0,34.0,False,True,Arizona Stadium
401643812,2024,8,regular,2024-10-19 20:00:00,Georgia Southern,James Madison,Sun Belt,Sun Belt,28.0,14.0,False,True,Allen E. Paulson Stadium
401632137,2024,8,regular,2024-10-19 20:00:00,Abilene Christian,Eastern Kentucky,UAC,UAC,34.0,20.0,False,True,Wildcat Stadium (TX)
401633992,2024,8,regular,2024-10-19 20:00:00,Charleston Southern,Southeast Missouri State,Big South-OVC,Big South-OVC,13.0,26.0,False,True,Buccaneer Field
401628394,2024,8,regular,2024-10-19 20:15:00,Mississippi State,Texas A&M,SEC,SEC,24.0,34.0,False,True,Davis Wade Stadium
401634033,2024,8,regular,2024-10-19 20:30:00,East Texas A&M,Lamar,Southland,Southland,20.0,29.0,False,True,Memorial Stadium (Commerce TX)
401638675,2024,8,regular,2024-10-19 21:00:00,San Diego,Marist,Pioneer,Pioneer,34.0,6.0,False,True,Torero Stadium
401634022,2024,8,regular,2024-10-19 21:00:00,Incarnate Word,McNeese,Southland,Southland,30.0,17.0,False,True,Gayle and Tom Benson Stadium
401675119,2024,8,regular,2024-10-19 21:00:00,SE Louisiana,Stephen F. Austin,Southland,Southland,24.0,23.0,False,True,Strawberry Stadium
401675974,2024,8,regular,2024-10-19 21:00:00,Western Connecticut State,Bridgewater State,MSCAC,MSCAC,49.0,7.0,False,True,Westside Athletic Complex
401675480,2024,8,regular,2024-10-19 21:00:00,Delta State,West Alabama,Gulf South,Gulf South,21.0,6.0,False,True,Parker Field at McCool Stadium
401674235,2024,8,regular,2024-10-19 21:00:00,Arkansas Monticello,Arkansas Tech,Great American,Great American,24.0,13.0,False,True,Convoy Leslie Cotton Boll Stadium
401634248,2024,8,regular,2024-10-19 22:00:00,Youngstown State,South Dakota,MVFC,MVFC,17.0,27.0,False,True,Stambaugh Stadium
401675598,2024,8,regular,2024-10-19 22:00:00,Edward Waters,Savannah State,SIAC,SIAC,20.0,27.0,False,True,Earl Kitchings Stadium
401676641,2024,8,regular,2024-10-19 22:00:00,Case Western Reserve,Thiel,Presidents',Presidents',52.0,7.0,False,True,Case Field
401675767,2024,8,regular,2024-10-19 22:00:00,Catawba,Newberry,South Atlantic,South Atlantic,21.0,27.0,False,True,Shuford Stadium
401676649,2024,8,regular,2024-10-19 22:00:00,Washington & Jefferson,Grove City,Presidents',Presidents',27.0,19.0,False,True,Cameron Stadium
401676405,2024,8,regular,2024-10-19 22:00:00,Bridgewater,Shenandoah,Old Dominion,Old Dominion,22.0,21.0,False,True,Jopson Athletic Complex
401674344,2024,8,regular,2024-10-19 22:00:00,Lock Haven,Bloomsburg,Pennsylvania State Athletic,Pennsylvania State Athletic,35.0,32.0,False,True,Hubert Jack Stadium
401674368,2024,8,regular,2024-10-19 22:05:00,East Stroudsburg,West Chester,Pennsylvania State Athletic,Pennsylvania State Athletic,45.0,31.0,False,True,Eiler-Martin Stadium
401675575,2024,8,regular,2024-10-19 23:00:00,Allen,Benedict,SIAC,SIAC,27.0,34.0,False,True,W.C. Hawkins Stadium
401643814,2024,8,regular,2024-10-19 23:00:00,Southern Miss,Arkansas State,Sun Belt,Sun Belt,28.0,44.0,False,True,M. M. Roberts Stadium
401628399,2024,8,regular,2024-10-19 23:00:00,Vanderbilt,Ball State,SEC,Mid-American,24.0,14.0,False,False,FirstBank Stadium
401628392,2024,8,regular,2024-10-19 23:00:00,Arkansas,LSU,SEC,SEC,10.0,34.0,False,True,Razorback Stadium
401675281,2024,8,regular,2024-10-19 23:00:00,Wooster,Ohio Wesleyan,North Coast,North Coast,22.0,34.0,False,True,John P. Papp Stadium
401634103,2024,8,regular,2024-10-19 23:00:00,Eastern Washington,UC Davis,Big Sky,Big Sky,38.0,48.0,False,True,Roos Field
401675819,2024,8,regular,2024-10-19 23:00:00,Northern State,Southwest Minnesota State,Northern Sun,Northern Sun,41.0,7.0,False,True,Swisher Field
401676351,2024,8,regular,2024-10-19 23:00:00,Muskingum,Marietta,Ohio,Ohio,6.0,38.0,False,True,Sherman Field at McConagha Stadium
401654561,2024,8,regular,2024-10-19 23:00:00,Southern,Alcorn State,SWAC,SWAC,24.0,14.0,False,True,Ace W. Mumford Stadium
401674641,2024,8,regular,2024-10-19 23:00:00,McMurry,Hardin Simmons,Southern Collegiate Athletic,American Southwest,12.0,17.0,False,False,Wilford Moore Stadium
401675556,2024,8,regular,2024-10-19 23:00:00,UT Permian Basin,Western Oregon,Lone Star,Lone Star,27.0,30.0,False,True,Ratliff Stadium
401674739,2024,8,regular,2024-10-19 23:00:00,North Central College,North Park,CCIW,CCIW,69.0,0.0,False,True,Benedetti-Wehrli Stadium
401676623,2024,8,regular,2024-10-19 23:00:00,Geneva,Allegheny,Presidents',Presidents',30.0,13.0,False,True,Reeves Field (PA)
401674480,2024,8,regular,2024-10-19 23:00:00,Oklahoma Baptist,Southwestern Oklahoma State,Great American,Great American,35.0,17.0,False,True,Crain Family Stadium
401676282,2024,8,regular,2024-10-19 23:05:00,George Fox,Linfield,Northwest,Northwest,7.0,47.0,False,True,Stoffer Family Stadium
401636904,2024,8,regular,2024-10-19 23:30:00,West Virginia,Kansas State,Big 12,Big 12,18.0,45.0,False,True,Milan Puskar Stadium
401645349,2024,8,regular,2024-10-19 23:30:00,Memphis,North Texas,American Athletic,American Athletic,52.0,44.0,False,True,Simmons Bank Liberty Stadium
401636900,2024,8,regular,2024-10-19 23:30:00,Iowa State,UCF,Big 12,Big 12,38.0,35.0,False,True,Jack Trice Stadium
401628398,2024,8,regular,2024-10-19 23:30:00,Texas,Georgia,SEC,SEC,15.0,30.0,False,True,DKR-Texas Memorial Stadium
401628520,2024,8,regular,2024-10-19 23:30:00,Michigan State,Iowa,Big Ten,Big Ten,32.0,20.0,False,True,Spartan Stadium
401628393,2024,8,regular,2024-10-19 23:45:00,Florida,Kentucky,SEC,SEC,48.0,20.0,False,True,Ben Hill Griffin Stadium
401634209,2024,8,regular,2024-10-20 00:00:00,North Dakota State,South Dakota State,MVFC,MVFC,13.0,9.0,False,True,Fargodome
401675549,2024,8,regular,2024-10-20 00:00:00,Sul Ross State,Western New Mexico,Lone Star,Lone Star,34.0,20.0,False,True,Jackson Field
401635590,2024,8,regular,2024-10-20 00:00:00,Stanford,SMU,ACC,ACC,10.0,40.0,False,True,Stanford Stadium
401675526,2024,8,regular,2024-10-20 00:00:00,Texas A&M-Kingsville,Central Washington,Lone Star,Lone Star,0.0,31.0,False,True,Javelina Stadium
401643734,2024,8,regular,2024-10-20 00:00:00,Air Force,Colorado State,Mountain West,Mountain West,13.0,21.0,False,True,Falcon Stadium
401674424,2024,8,regular,2024-10-20 00:00:00,Ouachita Baptist,Harding,Great American,Great American,17.0,13.0,False,True,Cliff Harris Stadium
401675517,2024,8,regular,2024-10-20 00:00:00,Midwestern State,Angelo State,Lone Star,Lone Star,7.0,44.0,False,True,"Memorial Stadium (Wichita Falls, TX)"
401634106,2024,8,regular,2024-10-20 01:00:00,Sacramento State,Weber State,Big Sky,Big Sky,51.0,48.0,False,True,Hornet Stadium
401676180,2024,8,regular,2024-10-20 02:00:00,Cal Lutheran,Redlands,So. Cal.,So. Cal.,15.0,17.0,False,True,William Rolland Stadium
401643739,2024,8,regular,2024-10-20 02:00:00,Oregon State,UNLV,Pac-12,Mountain West,25.0,33.0,False,False,Reser Stadium
401676200,2024,8,regular,2024-10-20 02:00:00,Chapman,Pomona Pitzer,So. Cal.,So. Cal.,17.0,21.0,False,True,Ernie Chapman Stadium
401636903,2024,8,regular,2024-10-20 02:30:00,Utah,TCU,Big 12,Big 12,7.0,13.0,False,True,Rice-Eccles Stadium
401640984,2024,9,regular,2024-10-22 23:30:00,Florida International,Sam Houston,Conference USA,Conference USA,7.0,10.0,True,True,Pitbull Stadium
401641011,2024,9,regular,2024-10-23 00:00:00,Louisiana Tech,UTEP,Conference USA,Conference USA,14.0,10.0,False,True,Joe Aillet Stadium
401640993,2024,9,regular,2024-10-23 23:00:00,Kennesaw State,Liberty,Conference USA,Conference USA,27.0,24.0,False,True,Fifth Third Stadium
401641003,2024,9,regular,2024-10-23 23:30:00,Jacksonville State,Middle Tennessee,Conference USA,Conference USA,42.0,20.0,False,True,AmFirst Stadium
401643815,2024,9,regular,2024-10-24 23:00:00,Old Dominion,Georgia Southern,Sun Belt,Sun Belt,47.0,19.0,False,True,S.B. Ballard Stadium
401634770,2024,9,regular,2024-10-24 23:30:00,Pittsburgh,Syracuse,ACC,ACC,41.0,13.0,False,True,Acrisure Stadium
401674261,2024,9,regular,2024-10-25 23:00:00,Charleston (WV),Fairmont State,Mountain East,Mountain East,50.0,30.0,False,True,University of Charleston Stadium
401673036,2024,9,regular,2024-10-25 23:00:00,Pennsylvania,Yale,Ivy,Ivy,10.0,31.0,False,True,Franklin Field
401634771,2024,9,regular,2024-10-25 23:30:00,Boston College,Louisville,ACC,ACC,27.0,31.0,False,True,"Alumni Stadium (Chestnut Hill, MA)"
401643740,2024,9,regular,2024-10-26 02:30:00,UNLV,Boise State,Mountain West,Mountain West,24.0,29.0,False,True,Allegiant Stadium
401628532,2024,9,regular,2024-10-26 03:00:00,USC,Rutgers,Big Ten,Big Ten,42.0,20.0,False,True,Los Angeles Memorial Coliseum
401674843,2024,9,regular,2024-10-26 16:00:00,Rochester (NY),St. Lawrence,Liberty League,Liberty League,21.0,0.0,False,True,Edwin Fauver Stadium
401635598,2024,9,regular,2024-10-26 16:00:00,Virginia,North Carolina,ACC,ACC,14.0,41.0,False,True,Scott Stadium
401628663,2024,9,regular,2024-10-26 16:00:00,Bryant,Richmond,Coastal Athletic,Coastal Athletic,14.0,41.0,False,True,Bulldog Stadium
401628983,2024,9,regular,2024-10-26 16:00:00,Navy,Notre Dame,American Athletic,FBS Independents,14.0,51.0,True,False,MetLife Stadium
401645353,2024,9,regular,2024-10-26 16:00:00,Memphis,Charlotte,American Athletic,American Athletic,33.0,28.0,False,True,Simmons Bank Liberty Stadium
401674873,2024,9,regular,2024-10-26 16:00:00,Eastern,Stevenson,Mid Atlantic,Mid Atlantic,24.0,14.0,True,True,O'Hara Field
401674570,2024,9,regular,2024-10-26 16:00:00,Michigan Tech,Northern Michigan,GLIAC,GLIAC,39.0,9.0,False,True,Sherman Field
401673406,2024,9,regular,2024-10-26 16:00:00,Anna Maria College,Alfred State,ECFC,ECFC,35.0,23.0,False,True,Caparso Field
401676277,2024,9,regular,2024-10-26 16:00:00,Montclair State,William Paterson,New Jersey,New Jersey,39.0,6.0,False,True,Sprague Field
401675466,2024,9,regular,2024-10-26 16:00:00,Ohio Dominican,Walsh,Great Midwest Athletic,Great Midwest Athletic,16.0,7.0,False,True,Panther Stadium (OH)
401654619,2024,9,regular,2024-10-26 16:00:00,Lehigh,Fordham,Patriot,Patriot,33.0,19.0,False,True,Goodman Stadium
401654577,2024,9,regular,2024-10-26 16:00:00,Long Island University,Central Connecticut,NEC,NEC,24.0,21.0,True,True,Bethpage Federal Credit Union Stadium
401654458,2024,9,regular,2024-10-26 16:00:00,Brown,Cornell,Ivy,Ivy,23.0,21.0,False,True,Brown Stadium
401638679,2024,9,regular,2024-10-26 16:00:00,Dayton,Morehead State,Pioneer,Pioneer,6.0,14.0,False,True,Welcome Stadium
401682351,2024,9,regular,2024-10-26 16:00:00,Plymouth State,Westfield State,MSCAC,MSCAC,35.0,7.0,False,True,Charles L. Currier Memorial Field
401677405,2024,9,regular,2024-10-26 16:00:00,Hartwick,Hilbert,Empire 8,Empire 8,36.0,21.0,False,True,Wright Stadium
401676228,2024,9,regular,2024-10-26 16:00:00,Salve Regina,Springfield,NEWMAC,NEWMAC,7.0,31.0,False,True,Toppa Field
401676711,2024,9,regular,2024-10-26 16:00:00,Assumption,New Haven,Northeast 10,Northeast 10,19.0,14.0,False,True,Multi-Sport Stadium
401638682,2024,9,regular,2024-10-26 16:00:00,Marist,Valparaiso,Pioneer,Pioneer,14.0,17.0,False,True,Leonidoff Field
401674899,2024,9,regular,2024-10-26 16:00:00,Framingham State,Mass Maritime,MSCAC,MSCAC,6.0,21.0,False,True,Bowditch Field
401674377,2024,9,regular,2024-10-26 16:00:00,Edinboro,Gannon,Pennsylvania State Athletic,Pennsylvania State Athletic,21.0,25.0,False,True,Sox Harrison Stadium
401676112,2024,9,regular,2024-10-26 16:00:00,Ohio Wesleyan,Hiram,North Coast,North Coast,41.0,14.0,False,True,Selby Stadium
401676220,2024,9,regular,2024-10-26 16:00:00,Norwich,Coast Guard,NEWMAC,NEWMAC,13.0,17.0,False,True,Sabine Field at Haynes Family Stadium
401675431,2024,9,regular,2024-10-26 16:00:00,Thomas More,Findlay,Great Midwest Athletic,Great Midwest Athletic,17.0,34.0,True,True,BB&T Field at Griffin Plaza
401677496,2024,9,regular,2024-10-26 16:00:00,MIT,SUNY Maritime,NEWMAC,NEWMAC,14.0,20.0,False,True,Henry G. Steinbrenner '27 Stadium
401677457,2024,9,regular,2024-10-26 16:00:00,Dean,Gallaudet,ECFC,ECFC,6.0,23.0,False,True,Dale Lippert Field
401644755,2024,9,regular,2024-10-26 16:00:00,Ohio,Buffalo,Mid-American,Mid-American,47.0,16.0,False,True,Peden Stadium
401676373,2024,9,regular,2024-10-26 16:00:00,Southwestern U,Centre,Southern Athletic,Southern Athletic,28.0,38.0,False,True,Birkelbach Field
401676161,2024,9,regular,2024-10-26 16:00:00,Hamilton,Colby,NESCAC,NESCAC,13.0,16.0,False,True,Steuben Field
401628402,2024,9,regular,2024-10-26 16:00:00,Ole Miss,Oklahoma,SEC,SEC,26.0,14.0,False,True,Vaught-Hemingway Stadium
401635597,2024,9,regular,2024-10-26 16:00:00,Virginia Tech,Georgia Tech,ACC,ACC,21.0,6.0,False,True,Lane Stadium
401676311,2024,9,regular,2024-10-26 16:00:00,Otterbein,Capital,Ohio,Ohio,39.0,10.0,False,True,"Memorial Stadium (Westerville, OH)"
401628526,2024,9,regular,2024-10-26 16:00:00,Indiana,Washington,Big Ten,Big Ten,31.0,17.0,False,True,"Memorial Stadium (Bloomington, IN)"
401654613,2024,9,regular,2024-10-26 16:00:00,Merrimack,Colgate,FCS Independents,Patriot,51.0,17.0,False,False,Duane Stadium
401656951,2024,9,regular,2024-10-26 16:00:00,Sacred Heart,Mercyhurst,FCS Independents,NEC,31.0,14.0,False,False,Campus Field
401645354,2024,9,regular,2024-10-26 16:00:00,North Texas,Tulane,American Athletic,American Athletic,37.0,45.0,False,True,DATCU Stadium
401673424,2024,9,regular,2024-10-26 16:00:00,Delaware Valley,Albright,Mid Atlantic,Mid Atlantic,28.0,0.0,False,True,Robert A. Lipinski Field at James Work Memorial Stadium
401673433,2024,9,regular,2024-10-26 16:00:00,FDU Florham,King's,Mid Atlantic,Mid Atlantic,35.0,42.0,False,True,Robert T. Shields Field
401675282,2024,9,regular,2024-10-26 16:00:00,Oberlin,Wooster,North Coast,North Coast,21.0,46.0,False,True,Austin E. Knowlton Athletics Complex
401674355,2024,9,regular,2024-10-26 16:00:00,California (PA),IU Pennsylvania,Pennsylvania State Athletic,Pennsylvania State Athletic,16.0,13.0,False,True,Adamson Stadium
401676444,2024,9,regular,2024-10-26 16:00:00,Shenandoah,Guilford,Old Dominion,Old Dominion,42.0,10.0,False,True,Shentel Stadium
401628530,2024,9,regular,2024-10-26 16:00:00,Ohio State,Nebraska,Big Ten,Big Ten,21.0,17.0,False,True,Ohio Stadium
401675451,2024,9,regular,2024-10-26 16:00:00,Tiffin,Lake Erie,Great Midwest Athletic,Great Midwest Athletic,63.0,10.0,False,True,Frost-Kalnow Stadium
401674837,2024,9,regular,2024-10-26 16:00:00,Buffalo State,Ithaca,Liberty League,Liberty League,14.0,49.0,False,True,Coyer Field
401674769,2024,9,regular,2024-10-26 16:00:00,Bluffton,Rose Hulman,Heartland,Heartland,10.0,52.0,False,True,Alumni Field (OH)
401674819,2024,9,regular,2024-10-26 16:00:00,Wilkes,Susquehanna,Landmark Conference,Landmark Conference,21.0,48.0,False,True,Schmidt Stadium
401674369,2024,9,regular,2024-10-26 16:05:00,East Stroudsburg,Lock Haven,Pennsylvania State Athletic,Pennsylvania State Athletic,38.0,35.0,False,True,Eiler-Martin Stadium
401628403,2024,9,regular,2024-10-26 16:45:00,Mississippi State,Arkansas,SEC,SEC,25.0,58.0,False,True,Davis Wade Stadium
401676212,2024,9,regular,2024-10-26 17:00:00,Trine,Calvin,Michigan,Michigan,35.0,30.0,False,True,Fred Zollner Athletic Stadium
401676173,2024,9,regular,2024-10-26 17:00:00,Amherst,Wesleyan (CT),NESCAC,NESCAC,14.0,31.0,False,True,Pratt Field at Lehrman Stadium
401676399,2024,9,regular,2024-10-26 17:00:00,Hampden Sydney,Averett,Old Dominion,Old Dominion,42.0,21.0,False,True,Lewis C. Everett Stadium
401676152,2024,9,regular,2024-10-26 17:00:00,Bates,Middlebury,NESCAC,NESCAC,21.0,20.0,False,True,Garcelon Field
401676020,2024,9,regular,2024-10-26 17:00:00,Maryville (TN),Methodist,USA South,USA South,48.0,6.0,False,True,Lloyd L. Thornton Stadium
401676134,2024,9,regular,2024-10-26 17:00:00,Minnesota Morris,Greenville,Upper Midwest,Upper Midwest,27.0,42.0,False,True,Big Cat Stadium
401676040,2024,9,regular,2024-10-26 17:00:00,Concordia Chicago,Wisconsin Lutheran,NACC,NACC,14.0,49.0,False,True,Concordia Stadium
401674335,2024,9,regular,2024-10-26 17:00:00,Minnesota St Moorhead,Southwest Minnesota State,Northern Sun,Northern Sun,38.0,6.0,False,True,Scheels Field at Nemzek Stadium
401634176,2024,9,regular,2024-10-26 17:00:00,Indiana State,Southern Illinois,MVFC,MVFC,20.0,17.0,False,True,Memorial Stadium
401675802,2024,9,regular,2024-10-26 17:00:00,Winston-Salem State,Johnson C. Smith,CIAA,CIAA,15.0,24.0,False,True,Bowman Gray Stadium
401682277,2024,9,regular,2024-10-26 17:00:00,Widener,Alvernia,Mid Atlantic,Mid Atlantic,34.0,24.0,False,True,Leslie C. Quick Jr. Stadium
401676637,2024,9,regular,2024-10-26 17:00:00,Saint Vincent,Carnegie Mellon,Presidents',Presidents',7.0,69.0,False,True,Chuck Noll Field
401676406,2024,9,regular,2024-10-26 17:00:00,Randolph Macon,Bridgewater,Old Dominion,Old Dominion,49.0,16.0,False,True,Day Field
401676247,2024,9,regular,2024-10-26 17:00:00,Salisbury,Rowan,New Jersey,New Jersey,42.0,35.0,False,True,Sea Gull Stadium
401628666,2024,9,regular,2024-10-26 17:00:00,Rhode Island,Maine,Coastal Athletic,Coastal Athletic,24.0,14.0,False,True,Meade Stadium
401674921,2024,9,regular,2024-10-26 17:00:00,Albion,Kalamazoo,Michigan,Michigan,28.0,23.0,False,True,Sprankle-Sprandel Stadium
401674675,2024,9,regular,2024-10-26 17:00:00,Muhlenberg,Dickinson,Centennial,Centennial,49.0,20.0,False,True,Scotty Wood Stadium
401673451,2024,9,regular,2024-10-26 17:00:00,Illinois College,Lawrence,Midwest,Midwest,84.0,0.0,False,True,England Stadium
401674927,2024,9,regular,2024-10-26 17:00:00,Alma,Olivet,Michigan,Michigan,67.0,14.0,False,True,Bahlke Field
401628667,2024,9,regular,2024-10-26 17:00:00,Monmouth,Towson,Coastal Athletic,Coastal Athletic,14.0,26.0,False,True,Kessler Stadium
401676232,2024,9,regular,2024-10-26 17:00:00,Kean,Christopher Newport,New Jersey,New Jersey,21.0,32.0,False,True,Kean Alumni Stadium
401675844,2024,9,regular,2024-10-26 17:00:00,Wayne State (NE),Sioux Falls,Northern Sun,Northern Sun,13.0,23.0,False,True,"Memorial Stadium (Wayne, NE)"
401676629,2024,9,regular,2024-10-26 17:00:00,Washington & Jefferson,Bethany (WV),Presidents',Presidents',48.0,7.0,False,True,Cameron Stadium
401676650,2024,9,regular,2024-10-26 17:00:00,Grove City,Thiel,Presidents',Presidents',59.0,7.0,False,True,Robert E. Thorn Field
401674285,2024,9,regular,2024-10-26 17:00:00,Glenville State,West Liberty,Mountain East,Mountain East,37.0,14.0,False,True,I.L. & Sue Morris Stadium
401675481,2024,9,regular,2024-10-26 17:00:00,North Greenville,Delta State,Gulf South,Gulf South,47.0,45.0,False,True,Younts Stadium
401638678,2024,9,regular,2024-10-26 17:00:00,Davidson,Butler,Pioneer,Pioneer,38.0,48.0,False,True,Richardson Stadium
401675423,2024,9,regular,2024-10-26 17:00:00,Ashland,Northwood,Great Midwest Athletic,Great Midwest Athletic,9.0,7.0,False,True,Jack Miller Stadium
401674694,2024,9,regular,2024-10-26 17:00:00,Ursinus,Johns Hopkins,Centennial,Centennial,7.0,16.0,False,True,Patterson Field
401674813,2024,9,regular,2024-10-26 17:00:00,Lycoming,Keystone,Landmark Conference,Landmark Conference,31.0,28.0,False,True,David Person Field
401674725,2024,9,regular,2024-10-26 17:00:00,Nichols,New England,Commonwealth Coast,Commonwealth Coast,30.0,51.0,False,True,Vendetti Field
401675290,2024,9,regular,2024-10-26 17:00:00,DePauw,Wittenberg,North Coast,North Coast,44.0,10.0,False,True,Blackstock Stadium
401674751,2024,9,regular,2024-10-26 17:00:00,Utica,Alfred,Empire 8,Empire 8,34.0,38.0,False,True,Charles A. Gaetano Stadium
401674759,2024,9,regular,2024-10-26 17:00:00,SUNY Cortland,St. John Fisher,Empire 8,Empire 8,49.0,0.0,False,True,Stadium Red Field
401675775,2024,9,regular,2024-10-26 17:00:00,Tusculum,Anderson (SC),South Atlantic,South Atlantic,30.0,28.0,False,True,Pioneer Field (TN)
401658344,2024,9,regular,2024-10-26 17:00:00,Wayne State (MI),Saginaw Valley State,GLIAC,GLIAC,10.0,37.0,False,True,Tom Adams Field
401674946,2024,9,regular,2024-10-26 17:00:00,Augsburg,St. Olaf,Minnesota,Minnesota,35.0,34.0,False,True,Edor Nelson Field
401674325,2024,9,regular,2024-10-26 17:00:00,Minnesota Duluth,Minot State,Northern Sun,Northern Sun,35.0,21.0,False,True,James S. Malosky Stadium
401674685,2024,9,regular,2024-10-26 17:00:00,Gettysburg,The College of New Jersey,Centennial,New Jersey,31.0,41.0,False,False,Shirk Field at Musselman Stadium
401675438,2024,9,regular,2024-10-26 17:00:00,Kentucky Wesleyan,Hillsdale,Great Midwest Athletic,Great Midwest Athletic,7.0,41.0,False,True,Steele Stadium
401676678,2024,9,regular,2024-10-26 17:00:00,Franklin & Marshall,McDaniel,Centennial,Centennial,24.0,0.0,False,True,Shadek Stadium
401676003,2024,9,regular,2024-10-26 17:00:00,Southern Virginia,North Carolina Wesleyan,USA South,USA South,31.0,34.0,False,True,Knight Stadium
401674504,2024,9,regular,2024-10-26 17:00:00,Upper Iowa,Indianapolis,Great Lakes,Great Lakes,13.0,40.0,False,True,Harms-Eischeid Stadium
401675576,2024,9,regular,2024-10-26 17:00:00,Kentucky State,Allen,SIAC,SIAC,23.0,20.0,False,True,Alumni Stadium (KY)
401675820,2024,9,regular,2024-10-26 17:00:00,Concordia St. Paul,Northern State,Northern Sun,Northern Sun,34.0,35.0,False,True,Sea Foam Stadium
401676045,2024,9,regular,2024-10-26 17:00:00,LaGrange,Greensboro,USA South,USA South,52.0,16.0,False,True,Callaway Stadium
401675383,2024,9,regular,2024-10-26 17:00:00,Bowie State,Virginia Union,CIAA,CIAA,28.0,56.0,False,True,Bulldogs Stadium
401675298,2024,9,regular,2024-10-26 17:00:00,Wabash,Kenyon,North Coast,North Coast,38.0,0.0,False,True,Little Giant Stadium
401673441,2024,9,regular,2024-10-26 17:00:00,Misericordia,Lebanon Valley,Mid Atlantic,Mid Atlantic,9.0,20.0,False,True,Mangelsdorf Field
401673377,2024,9,regular,2024-10-26 17:00:00,Emory & Henry,Carson Newman,South Atlantic,South Atlantic,17.0,10.0,False,True,Fred Selfe Stadium at Nicewonder Field
401658364,2024,9,regular,2024-10-26 17:00:00,Frostburg State,Wheeling,Mountain East,Mountain East,25.0,26.0,False,True,Bobcat Stadium (MD)
401654591,2024,9,regular,2024-10-26 17:00:00,Stonehill,Duquesne,NEC,NEC,34.0,48.0,False,True,W.B. Mason Stadium
401638681,2024,9,regular,2024-10-26 17:00:00,St. Thomas (MN),San Diego,Pioneer,Pioneer,34.0,14.0,False,True,O'Shaughnessy Stadium
401638680,2024,9,regular,2024-10-26 17:00:00,Stetson,Presbyterian,Pioneer,Pioneer,14.0,42.0,False,True,Spec Martin Municipal Stadium
401677736,2024,9,regular,2024-10-26 17:00:00,Elizabeth City State,Lincoln (PA),CIAA,CIAA,20.0,21.0,False,True,Roebuck Stadium
401676780,2024,9,regular,2024-10-26 17:00:00,Lenoir Rhyne,Limestone,South Atlantic,South Atlantic,21.0,19.0,False,True,Helen and Leonard Moretz Stadium
401643816,2024,9,regular,2024-10-26 17:00:00,App State,Georgia State,Sun Belt,Sun Belt,33.0,26.0,False,True,Kidd Brewer Stadium
401674831,2024,9,regular,2024-10-26 17:00:00,Hobart,Union,Liberty League,Liberty League,27.0,0.0,False,True,Boswell Field at David J. Urick Stadium
401676766,2024,9,regular,2024-10-26 17:00:00,Western New England,Endicott,Commonwealth Coast,Commonwealth Coast,7.0,41.0,False,True,Golden Bear Stadium
401676733,2024,9,regular,2024-10-26 17:00:00,Post,Bentley,Northeast 10,Northeast 10,28.0,61.0,True,True,Municipal Stadium
401676719,2024,9,regular,2024-10-26 17:00:00,Southern Connecticut State,Franklin Pierce,Northeast 10,Northeast 10,24.0,35.0,False,True,Jess Dow Field
401675618,2024,9,regular,2024-10-26 17:00:00,Central State,Tuskegee,SIAC,SIAC,14.0,30.0,False,True,McPherson Memorial Stadium
401682324,2024,9,regular,2024-10-26 17:00:00,Pace,American International,Northeast 10,Northeast 10,7.0,14.0,False,True,Pace Stadium
401679016,2024,9,regular,2024-10-26 17:30:00,Trinity (CT),Bowdoin,NESCAC,NESCAC,34.0,14.0,False,True,Jessee/Miller Field
401676344,2024,9,regular,2024-10-26 17:30:00,Wilmington (OH),John Carroll,Ohio,Ohio,14.0,66.0,False,True,Wiliams Stadium (OH)
401654628,2024,9,regular,2024-10-26 17:30:00,Lafayette,Holy Cross,Patriot,Patriot,28.0,34.0,False,True,Fisher Field
401654492,2024,9,regular,2024-10-26 17:30:00,Columbia,Dartmouth,Ivy,Ivy,21.0,24.0,False,True,Lawrence A. Wien Stadium
401676167,2024,9,regular,2024-10-26 17:30:00,Williams,Tufts,NESCAC,NESCAC,24.0,27.0,False,True,Farley-Lamb Field
401673414,2024,9,regular,2024-10-26 17:30:00,Moravian,Juniata,Landmark Conference,Landmark Conference,35.0,13.0,False,True,Rocco Calvo Field
401676339,2024,9,regular,2024-10-26 17:30:00,Heidelberg,Muskingum,Ohio,Ohio,52.0,24.0,False,True,Hoernemann Stadium
401676357,2024,9,regular,2024-10-26 17:30:00,Ohio Northern,Mount Union,Ohio,Ohio,13.0,42.0,False,True,Dial-Roberson Stadium
401674787,2024,9,regular,2024-10-26 17:30:00,Manchester,Hanover,Heartland,Heartland,7.0,55.0,False,True,Carl W. Burt Memorial Stadium
401674779,2024,9,regular,2024-10-26 17:30:00,Franklin,Mount St Joseph,Heartland,Heartland,43.0,46.0,False,True,"Stewart """"Red"""" Faught Stadium"
401673971,2024,9,regular,2024-10-26 18:00:00,Millikin,Carthage,CCIW,CCIW,20.0,24.0,False,True,Frank M. Lindsay Field
401654552,2024,9,regular,2024-10-26 18:00:00,Norfolk State,Howard,MEAC,MEAC,21.0,20.0,False,True,"William Dick"""" Price Stadium"""""
401676097,2024,9,regular,2024-10-26 18:00:00,Kutztown,Shepherd,Pennsylvania State Athletic,Pennsylvania State Athletic,24.0,0.0,False,True,Andre Reed Stadium
401676705,2024,9,regular,2024-10-26 18:00:00,Roosevelt,Davenport,GLIAC,GLIAC,14.0,19.0,True,True,Morris Field
401676788,2024,9,regular,2024-10-26 18:00:00,UVA Wise,Mars Hill,South Atlantic,South Atlantic,17.0,31.0,False,True,Carl Smith Stadium
401677397,2024,9,regular,2024-10-26 18:00:00,Brockport,SUNY Morrisville,Empire 8,Empire 8,24.0,0.0,False,True,Bob Boozer Field
401689232,2024,9,regular,2024-10-26 18:00:00,Monmouth (IL),Beloit,Midwest,Midwest,55.0,3.0,False,True,April Zorn Memorial Stadium
401676116,2024,9,regular,2024-10-26 18:00:00,West Chester,Millersville,Pennsylvania State Athletic,Pennsylvania State Athletic,41.0,23.0,False,True,John A. Farrell Stadium
401674744,2024,9,regular,2024-10-26 18:00:00,Washington St. Louis,Wheaton (IL),CCIW,CCIW,20.0,27.0,False,True,Francis Field (MO)
401674975,2024,9,regular,2024-10-26 18:00:00,Saint John's (MN),Gustavus Adolphus,Minnesota,Minnesota,34.0,0.0,False,True,Clemens Stadium
401674515,2024,9,regular,2024-10-26 18:00:00,Missouri S&T,Lincoln (MO),Great Lakes,Great Lakes,63.0,21.0,False,True,Allgood-Bailey Stadium
401676260,2024,9,regular,2024-10-26 18:00:00,Trinity (TX),Berry,Southern Athletic,Southern Athletic,38.0,35.0,False,True,Trinity University Stadium
401676267,2024,9,regular,2024-10-26 18:00:00,Sewanee,Rhodes,Southern Athletic,Southern Athletic,31.0,7.0,False,True,Hardee-McGee Field
401675016,2024,9,regular,2024-10-26 18:00:00,Lake Forest,Ripon,Midwest,Midwest,66.0,0.0,False,True,Farwell Field
401644687,2024,9,regular,2024-10-26 18:00:00,Miami (OH),Central Michigan,Mid-American,Mid-American,46.0,7.0,False,True,Yager Stadium
401675032,2024,9,regular,2024-10-26 18:00:00,Rockford,Concordia (WI),NACC,NACC,35.0,42.0,False,True,Sam Greeley Field
401676034,2024,9,regular,2024-10-26 18:00:00,Eureka,Benedictine (IL),NACC,NACC,0.0,42.0,False,True,Pete FioRito Stadium at McKinzie Field
401634194,2024,9,regular,2024-10-26 18:00:00,Murray State,North Dakota State,MVFC,MVFC,6.0,59.0,False,True,Roy Stewart Stadium
401634138,2024,9,regular,2024-10-26 18:00:00,Wofford,East Tennessee State,Southern,Southern,7.0,24.0,False,True,Gibbs Stadium
401654644,2024,9,regular,2024-10-26 18:00:00,Georgetown,Bucknell,Patriot,Patriot,21.0,20.0,False,True,Cooper Field
401676296,2024,9,regular,2024-10-26 18:00:00,Marietta,Baldwin Wallace,Ohio,Ohio,47.0,7.0,False,True,Don Drumm Stadium
401674314,2024,9,regular,2024-10-26 18:00:00,Winona State,Bemidji State,Northern Sun,Northern Sun,31.0,28.0,False,True,Altra Federal Credit Union Stadium
401645352,2024,9,regular,2024-10-26 18:00:00,East Carolina,Temple,American Athletic,American Athletic,56.0,34.0,False,True,Dowdy-Ficklen Stadium
401632116,2024,9,regular,2024-10-26 18:00:00,Southern Utah,West Georgia,UAC,UAC,28.0,17.0,False,True,University Stadium (GA)
401675602,2024,9,regular,2024-10-26 18:00:00,Morehouse,Fort Valley State,SIAC,SIAC,20.0,42.0,False,True,B.T. Harvey Stadium
401676051,2024,9,regular,2024-10-26 18:00:00,Huntingdon,Brevard,USA South,USA South,21.0,25.0,False,True,Charles Lee Field at Samford Stadium
401676412,2024,9,regular,2024-10-26 18:00:00,Ferrum,Washington and Lee,Old Dominion,Old Dominion,0.0,34.0,False,True,W.B. Adams Stadium
401674345,2024,9,regular,2024-10-26 18:00:00,Bloomsburg,Shippensburg,Pennsylvania State Athletic,Pennsylvania State Athletic,20.0,10.0,False,True,Robert B. Redman Stadium
401673952,2024,9,regular,2024-10-26 18:00:00,Augustana (IL),North Central College,CCIW,CCIW,10.0,49.0,False,True,Charles D. Lindberg Stadium
401638347,2024,9,regular,2024-10-26 18:00:00,The Citadel,Samford,Southern,Southern,28.0,11.0,False,True,Johnson Hagood Stadium
401673961,2024,9,regular,2024-10-26 18:00:00,Elmhurst,Carroll (WI),CCIW,CCIW,14.0,45.0,False,True,Langhorst Field
401674406,2024,9,regular,2024-10-26 18:00:00,Henderson State,Arkansas Monticello,Great American,Great American,42.0,7.0,False,True,Ruggles Field at Carpenter-Haygood Stadium
401675534,2024,9,regular,2024-10-26 18:00:00,Western New Mexico,Eastern New Mexico,Lone Star,Lone Star,34.0,41.0,False,True,Ben Altamirano Field
401676123,2024,9,regular,2024-10-26 18:00:00,Martin Luther,Westminster (MO),Upper Midwest,Upper Midwest,46.0,14.0,False,True,MLC Bowl
401628665,2024,9,regular,2024-10-26 18:00:00,Hampton,Elon,Coastal Athletic,Coastal Athletic,41.0,21.0,False,True,Armstrong Stadium
401674730,2024,9,regular,2024-10-26 18:00:00,North Park,Illinois Wesleyan,CCIW,CCIW,28.0,24.0,False,True,Holmgren Athletic Complex
401674642,2024,9,regular,2024-10-26 18:00:00,Hardin Simmons,East Texas Baptist,American Southwest,American Southwest,38.0,22.0,False,True,Shelton Stadium
401674621,2024,9,regular,2024-10-26 18:00:00,Luther,Nebraska Wesleyan,American Rivers,American Rivers,14.0,40.0,False,True,Legacy Field in Carlson Stadium
401674598,2024,9,regular,2024-10-26 18:00:00,Dubuque,Central College,American Rivers,American Rivers,21.0,38.0,False,True,Chalmers Field
401674535,2024,9,regular,2024-10-26 18:00:00,Southwest Baptist,William Jewell,Great Lakes,Great Lakes,27.0,28.0,False,True,Plaster Sports Complex
401674588,2024,9,regular,2024-10-26 18:00:00,Simpson (IA),Buena Vista,American Rivers,American Rivers,24.0,16.0,False,True,Bill Buxton Stadium
401675003,2024,9,regular,2024-10-26 18:00:00,Knox,Grinnell,Midwest,Midwest,14.0,21.0,False,True,Harley Knosher Bowl
401674969,2024,9,regular,2024-10-26 18:00:00,Macalester,Concordia (MN),Minnesota,Minnesota,7.0,44.0,False,True,Macalester Stadium
401675830,2024,9,regular,2024-10-26 18:00:00,Minnesota State,Augustana (SD),Northern Sun,Northern Sun,16.0,34.0,False,True,Blakeslee Stadium
401675950,2024,9,regular,2024-10-26 18:00:00,Wisconsin Stout,Wisconsin Eau Claire,Wisconsin,Wisconsin,42.0,24.0,False,True,Don and Nona Williams Stadium
401675567,2024,9,regular,2024-10-26 18:00:00,Albany State,Edward Waters,SIAC,SIAC,42.0,34.0,False,True,Albany State University Coliseum
401675900,2024,9,regular,2024-10-26 18:00:00,Coe,Wartburg,American Rivers,American Rivers,7.0,14.0,False,True,Clark Field
401675942,2024,9,regular,2024-10-26 18:00:00,Wisconsin Platteville,Wisconsin Whitewater,Wisconsin,Wisconsin,17.0,10.0,False,True,Ralph E. Davis Pioneer Stadium
401675956,2024,9,regular,2024-10-26 18:00:00,Wisconsin Stevens Point,Wisconsin Oshkosh,Wisconsin,Wisconsin,7.0,42.0,False,True,Community Stadium at Goerke Park
401675986,2024,9,regular,2024-10-26 18:00:00,Wisconsin La Crosse,Wisconsin River Falls,Wisconsin,Wisconsin,28.0,24.0,False,True,Veterans Memorial Stadium (WI)
401675993,2024,9,regular,2024-10-26 18:00:00,Lakeland,Aurora,NACC,NACC,14.0,49.0,False,True,Taylor Field
401674954,2024,9,regular,2024-10-26 18:00:00,Hamline,Bethel (MN),Minnesota,Minnesota,0.0,70.0,False,True,Klas Field
401674962,2024,9,regular,2024-10-26 18:00:00,St. Scholastica,Carleton,Minnesota,Minnesota,14.0,35.0,False,True,Public Schools Stadium
401673245,2024,9,regular,2024-10-26 18:00:00,Colorado School of Mines,Western Colorado,Rocky Mountain,Rocky Mountain,28.0,38.0,False,True,Marv Kay Stadium at Campbell Field
401674165,2024,9,regular,2024-10-26 18:00:00,Fort Hays,Missouri Southern State,Mid America,Mid America,53.0,9.0,False,True,Lewis Field Stadium
401654608,2024,9,regular,2024-10-26 18:00:00,Robert Morris,Saint Francis,NEC,NEC,17.0,0.0,False,True,Joe Walton Stadium
401674913,2024,9,regular,2024-10-26 18:00:00,Hope,Adrian,Michigan,Michigan,45.0,0.0,False,True,Ray and Sue Smith Stadium
401675583,2024,9,regular,2024-10-26 18:00:00,Benedict,Miles,SIAC,SIAC,14.0,26.0,False,True,Charlie W. Johnson Stadium
401676195,2024,9,regular,2024-10-26 18:30:00,WPI,Merchant Marine,NEWMAC,NEWMAC,35.0,24.0,False,True,"Alumni Stadium (Worcester, MA)"
401675414,2024,9,regular,2024-10-26 18:30:00,Fayetteville State,Shaw,CIAA,CIAA,35.0,38.0,False,True,"Luther ""Nick"" Jeralds Stadium"
401633995,2024,9,regular,2024-10-26 18:30:00,Tennessee Tech,Charleston Southern,Big South-OVC,Big South-OVC,28.0,23.0,False,True,Tucker Stadium
401674707,2024,9,regular,2024-10-26 18:30:00,Curry,Husson,Commonwealth Coast,Commonwealth Coast,34.0,35.0,False,True,Walter M. Katz Field
401674136,2024,9,regular,2024-10-26 18:30:00,Central Missouri,Washburn,Mid America,Mid America,31.0,28.0,False,True,Audrey J. Walton Stadium at Vernon Kennedy Field
401636367,2024,9,regular,2024-10-26 19:00:00,Bethune-Cookman,Jackson State,SWAC,SWAC,17.0,37.0,False,True,Municipal Stadium
401654570,2024,9,regular,2024-10-26 19:00:00,Prairie View A&M,East Texas A&M,SWAC,Southland,34.0,27.0,False,False,Panther Stadium
401675473,2024,9,regular,2024-10-26 19:00:00,West Alabama,Chowan,Gulf South,Gulf South,38.0,0.0,False,True,Tiger Stadium (AL)
401644601,2024,9,regular,2024-10-26 19:00:00,Harvard,Princeton,Ivy,Ivy,45.0,13.0,False,True,Harvard Stadium
401675038,2024,9,regular,2024-10-26 19:00:00,Chicago,Cornell (IA),Midwest,Midwest,33.0,14.0,False,True,Amos Alonzo Stagg Field
401636359,2024,9,regular,2024-10-26 19:00:00,Arkansas-Pine Bluff,Mississippi Valley State,SWAC,SWAC,35.0,21.0,False,True,Golden Lion Stadium
401674555,2024,9,regular,2024-10-26 19:00:00,Grand Valley State,Ferris State,GLIAC,GLIAC,7.0,34.0,False,True,Lubbers Stadium
401634109,2024,9,regular,2024-10-26 19:00:00,Northern Colorado,Montana,Big Sky,Big Sky,0.0,24.0,False,True,Nottingham Field
401674521,2024,9,regular,2024-10-26 19:00:00,Truman State,McKendree,Great Lakes,Great Lakes,21.0,28.0,False,True,Stokes Stadium
401675768,2024,9,regular,2024-10-26 19:00:00,Wingate,Catawba,South Atlantic,South Atlantic,24.0,15.0,False,True,Irwin Belk Stadium
401674492,2024,9,regular,2024-10-26 19:00:00,Southwestern Oklahoma State,Southeastern Oklahoma State,Great American,Great American,15.0,30.0,False,True,Milam Stadium
401674396,2024,9,regular,2024-10-26 19:00:00,Arkansas Tech,Ouachita Baptist,Great American,Great American,7.0,38.0,False,True,Thone Stadium at Buerkle Field
401674882,2024,9,regular,2024-10-26 19:00:00,Fitchburg State,Vermont State Castleton,MSCAC,MSCAC,26.0,6.0,False,True,Elliot Field Athletic Complex
401674416,2024,9,regular,2024-10-26 19:00:00,Southern Nazarene,East Central,Great American,Great American,30.0,31.0,False,True,Southern Nazarene University Football Stadium
401674481,2024,9,regular,2024-10-26 19:00:00,Northwestern (OK),Oklahoma Baptist,Great American,Great American,30.0,28.0,False,True,Ranger Field
401634017,2024,9,regular,2024-10-26 19:00:00,Northwestern State,Lamar,Southland,Southland,10.0,42.0,False,True,Harry Turpin Stadium
401676371,2024,9,regular,2024-10-26 19:00:00,Millsaps,Hendrix,Southern Athletic,Southern Athletic,27.0,26.0,False,True,Harper Davis Field
401674146,2024,9,regular,2024-10-26 19:00:00,Central Oklahoma,Pittsburg State,Mid America,Mid America,21.0,35.0,False,True,Wantland Stadium
401633997,2024,9,regular,2024-10-26 19:00:00,Southeast Missouri State,Gardner-Webb,Big South-OVC,Big South-OVC,30.0,24.0,False,True,Houck Field
401628662,2024,9,regular,2024-10-26 19:00:00,Delaware,UAlbany,CAA,Coastal Athletic,28.0,14.0,False,True,Delaware Stadium
401675610,2024,9,regular,2024-10-26 19:00:00,Savannah State,Lane College,SIAC,SIAC,27.0,28.0,False,True,Ted Wright Stadium
401674157,2024,9,regular,2024-10-26 19:00:00,Nebraska Kearney,Emporia State,Mid America,Mid America,35.0,42.0,False,True,Ron & Carol Cope Stadium at Foster Field
401633998,2024,9,regular,2024-10-26 19:00:00,Lindenwood,Western Illinois,Big South-OVC,Big South-OVC,49.0,38.0,False,True,Hunter Stadium
401632120,2024,9,regular,2024-10-26 19:00:00,Eastern Kentucky,Utah Tech,UAC,UAC,28.0,17.0,False,True,Roy Kidd Stadium
401633996,2024,9,regular,2024-10-26 19:00:00,UT Martin,Eastern Illinois,Big South-OVC,Big South-OVC,52.0,17.0,False,True,Graham Stadium
401636910,2024,9,regular,2024-10-26 19:30:00,TCU,Texas Tech,Big 12,Big 12,35.0,34.0,False,True,Amon G. Carter Stadium
401635599,2024,9,regular,2024-10-26 19:30:00,Stanford,Wake Forest,ACC,ACC,24.0,27.0,False,True,Stanford Stadium
401645355,2024,9,regular,2024-10-26 19:30:00,Tulsa,UTSA,American Athletic,American Athletic,46.0,45.0,False,True,Chapman Stadium
401654514,2024,9,regular,2024-10-26 19:30:00,North Carolina Central,Morgan State,MEAC,MEAC,16.0,7.0,False,True,O'Kelly-Riddick Stadium
401628525,2024,9,regular,2024-10-26 19:30:00,Oregon,Illinois,Big Ten,Big Ten,38.0,9.0,False,True,Autzen Stadium
401628528,2024,9,regular,2024-10-26 19:30:00,Minnesota,Maryland,Big Ten,Big Ten,48.0,23.0,False,True,Huntington Bank Stadium
401645308,2024,9,regular,2024-10-26 19:30:00,Massachusetts,Wagner,FBS Independents,NEC,35.0,7.0,False,False,Warren McGuirk Alumni Stadium
401643817,2024,9,regular,2024-10-26 19:30:00,James Madison,Southern Miss,Sun Belt,Sun Belt,32.0,15.0,False,True,Bridgeforth Stadium
401644752,2024,9,regular,2024-10-26 19:30:00,Akron,Eastern Michigan,Mid-American,Mid-American,25.0,21.0,False,True,InfoCision Stadium
401644753,2024,9,regular,2024-10-26 19:30:00,Ball State,Northern Illinois,Mid-American,Mid-American,25.0,23.0,False,True,Scheumann Stadium
401644754,2024,9,regular,2024-10-26 19:30:00,Toledo,Bowling Green,Mid-American,Mid-American,26.0,41.0,False,True,Glass Bowl
401644756,2024,9,regular,2024-10-26 19:30:00,Western Michigan,Kent State,Mid-American,Mid-American,52.0,21.0,False,True,Waldo Stadium
401634255,2024,9,regular,2024-10-26 19:30:00,Alabama A&M,Alabama State,SWAC,SWAC,19.0,27.0,True,True,Legion Field
401628400,2024,9,regular,2024-10-26 19:30:00,Alabama,Missouri,SEC,SEC,34.0,0.0,False,True,Bryant-Denny Stadium
401654500,2024,9,regular,2024-10-26 19:30:00,South Carolina State,Delaware State,MEAC,MEAC,69.0,35.0,False,True,Oliver C. Dawson Stadium
401628668,2024,9,regular,2024-10-26 19:30:00,Villanova,New Hampshire,Coastal Athletic,Coastal Athletic,14.0,6.0,False,True,Villanova Stadium
401629035,2024,9,regular,2024-10-26 19:30:00,UConn,Rice,FBS Independents,American Athletic,17.0,10.0,False,False,Pratt & Whitney Stadium
401634149,2024,9,regular,2024-10-26 19:30:00,Mercer,Western Carolina,Southern,Southern,44.0,34.0,False,True,Five Star Stadium at the Moye Complex
401628669,2024,9,regular,2024-10-26 19:30:00,Stony Brook,William & Mary,Coastal Athletic,Coastal Athletic,35.0,13.0,False,True,Kenneth P. LaValle Stadium
401628527,2024,9,regular,2024-10-26 19:30:00,Iowa,Northwestern,Big Ten,Big Ten,40.0,14.0,False,True,Kinnick Stadium
401636911,2024,9,regular,2024-10-26 19:30:00,UCF,BYU,Big 12,Big 12,24.0,37.0,False,True,FBC Mortgage Stadium
401636906,2024,9,regular,2024-10-26 19:30:00,Baylor,Oklahoma State,Big 12,Big 12,38.0,28.0,False,True,McLane Stadium
401634026,2024,9,regular,2024-10-26 20:00:00,Nicholls,McNeese,Southland,Southland,24.0,19.0,False,True,Manning Field at John L. Guidry Stadium
401632465,2024,9,regular,2024-10-26 20:00:00,Chattanooga,VMI,Southern,Southern,31.0,10.0,False,True,Finley Stadium
401632122,2024,9,regular,2024-10-26 20:00:00,Austin Peay,Tarleton State,UAC,UAC,17.0,27.0,False,True,Governors Stadium
401673268,2024,9,regular,2024-10-26 20:00:00,Fort Lewis,Colorado Mesa,Rocky Mountain,Rocky Mountain,0.0,49.0,False,True,Ray Dennison Memorial Field
401674293,2024,9,regular,2024-10-26 20:00:00,UNC Pembroke,West Virginia State,Mountain East,Mountain East,62.0,17.0,False,True,Grace P. Johnson Stadium
401675759,2024,9,regular,2024-10-26 20:00:00,Newberry,Barton,South Atlantic,South Atlantic,41.0,25.0,False,True,Setzler Field
401674908,2024,9,regular,2024-10-26 20:00:00,Western Connecticut State,Worcester State,MSCAC,MSCAC,61.0,7.0,False,True,Westside Athletic Complex
401676079,2024,9,regular,2024-10-26 20:00:00,Seton Hill,Clarion,Pennsylvania State Athletic,Pennsylvania State Athletic,31.0,16.0,False,True,Offutt Field
401628664,2024,9,regular,2024-10-26 20:00:00,Campbell,North Carolina A&T,Coastal Athletic,Coastal Athletic,21.0,7.0,False,True,Barker-Lane Stadium
401676289,2024,9,regular,2024-10-26 20:00:00,Linfield,Puget Sound,Northwest,Northwest,62.0,13.0,False,True,Maxwell Field
401676283,2024,9,regular,2024-10-26 20:00:00,Willamette,George Fox,Northwest,Northwest,7.0,28.0,False,True,McCulloch Stadium
401676324,2024,9,regular,2024-10-26 20:00:00,Pacific (OR),Whitworth,Northwest,Northwest,32.0,39.0,False,True,Hanson Stadium
401676319,2024,9,regular,2024-10-26 20:00:00,Lewis & Clark,Pacific Lutheran,Northwest,Northwest,28.0,31.0,False,True,Griswold Stadium
401635594,2024,9,regular,2024-10-26 20:00:00,California,Oregon State,ACC,Pac-12,44.0,7.0,False,False,California Memorial Stadium
401674425,2024,9,regular,2024-10-26 20:00:00,Harding,Southern Arkansas,Great American,Great American,49.0,17.0,False,True,First Security Stadium
401675552,2024,9,regular,2024-10-26 20:05:00,Western Oregon,Texas A&M-Kingsville,Lone Star,Lone Star,14.0,21.0,False,True,McArthur Field
401628405,2024,9,regular,2024-10-26 20:15:00,Vanderbilt,Texas,SEC,SEC,24.0,27.0,False,True,FirstBank Stadium
401674660,2024,9,regular,2024-10-26 21:00:00,Texas Lutheran,McMurry,Southern Collegiate Athletic,Southern Collegiate Athletic,28.0,6.0,False,True,Bulldog Stadium (TX)
401634185,2024,9,regular,2024-10-26 21:00:00,Northern Iowa,Missouri State,MVFC,MVFC,42.0,49.0,False,True,UNI-Dome
401658354,2024,9,regular,2024-10-26 21:00:00,Mississippi College,Erskine,Gulf South,Gulf South,42.0,7.0,False,True,Robinson-Hale Stadium
401675501,2024,9,regular,2024-10-26 21:00:00,West Florida,Shorter,Gulf South,Gulf South,35.0,16.0,True,True,Pen-Air Field
401643819,2024,9,regular,2024-10-26 21:00:00,South Alabama,UL Monroe,Sun Belt,Sun Belt,46.0,17.0,False,True,Hancock Whitney Stadium
401643741,2024,9,regular,2024-10-26 21:00:00,Colorado State,New Mexico,Mountain West,Mountain West,17.0,6.0,False,True,Canvas Stadium
401632123,2024,9,regular,2024-10-26 21:00:00,Central Arkansas,North Alabama,UAC,UAC,24.0,19.0,False,True,Estes Stadium
401676437,2024,9,regular,2024-10-26 21:05:00,Allegheny,Waynesburg,Presidents',Presidents',41.0,44.0,False,True,Frank B. Fuhrer Field
401675975,2024,9,regular,2024-10-26 21:30:00,UMass Dartmouth,Bridgewater State,MSCAC,MSCAC,49.0,16.0,False,True,Cressy Field
401675391,2024,9,regular,2024-10-26 22:00:00,Bluefield State,Virginia State,CIAA,CIAA,6.0,45.0,False,True,Mitchell Stadium
401676130,2024,9,regular,2024-10-26 22:00:00,Crown,Northwestern (MN),Upper Midwest,Upper Midwest,10.0,24.0,False,True,Old National Bank Stadium
401673237,2024,9,regular,2024-10-26 22:00:00,Black Hills State,Chadron State,Rocky Mountain,Rocky Mountain,21.0,16.0,False,True,Lyle Hare Stadium
401634203,2024,9,regular,2024-10-26 22:00:00,Youngstown State,North Dakota,MVFC,MVFC,41.0,40.0,False,True,Stambaugh Stadium
401634108,2024,9,regular,2024-10-26 22:00:00,Idaho State,Sacramento State,Big Sky,Big Sky,30.0,27.0,False,True,Holt Arena
401674270,2024,9,regular,2024-10-26 22:00:00,West Virginia Wesleyan,Concord,Mountain East,Mountain East,31.0,33.0,False,True,Cebe Ross Field
401636385,2024,9,regular,2024-10-26 23:00:00,Texas Southern,Grambling,SWAC,SWAC,24.0,17.0,False,True,BBVA Compass Stadium
401675120,2024,9,regular,2024-10-26 23:00:00,Stephen F. Austin,Houston Christian,Southland,Southland,55.0,6.0,False,True,Homer Bryce Stadium
401634032,2024,9,regular,2024-10-26 23:00:00,SE Louisiana,Incarnate Word,Southland,Southland,31.0,34.0,False,True,Strawberry Stadium
401636376,2024,9,regular,2024-10-26 23:00:00,Florida A&M,Southern,SWAC,SWAC,24.0,6.0,False,True,Bragg Memorial Stadium
401643745,2024,9,regular,2024-10-26 23:00:00,Wyoming,Utah State,Mountain West,Mountain West,25.0,27.0,False,True,War Memorial Stadium
401676424,2024,9,regular,2024-10-26 23:00:00,Westminster (PA),Case Western Reserve,Presidents',Presidents',17.0,14.0,False,True,Memorial Field (PA)
401635596,2024,9,regular,2024-10-26 23:00:00,Miami,Florida State,ACC,ACC,36.0,14.0,False,True,Hard Rock Stadium
401636908,2024,9,regular,2024-10-26 23:00:00,Houston,Utah,Big 12,Big 12,17.0,14.0,False,True,TDECU Stadium
401674633,2024,9,regular,2024-10-26 23:00:00,Centenary (LA),Austin,Southern Collegiate Athletic,Southern Collegiate Athletic,41.0,21.0,True,True,Mayo Field
401675512,2024,9,regular,2024-10-26 23:00:00,Northeastern State,Lincoln (CA),Independent DII,Independent DII,48.0,0.0,False,True,Gable Field at Doc Wadley Stadium
401636905,2024,9,regular,2024-10-26 23:00:00,Arizona,West Virginia,Big 12,Big 12,26.0,31.0,False,True,Arizona Stadium
401675518,2024,9,regular,2024-10-26 23:00:00,Angelo State,Sul Ross State,Lone Star,Lone Star,57.0,10.0,False,True,LeGrand Stadium at 1st Community Credit Union Field
401643818,2024,9,regular,2024-10-26 23:00:00,Arkansas State,Troy,Sun Belt,Sun Belt,34.0,31.0,False,True,Centennial Bank Stadium
401673147,2024,9,regular,2024-10-26 23:00:00,New Mexico Highlands,Adams State,Rocky Mountain,Rocky Mountain,44.0,27.0,False,True,Sanchez Family Stadium
401634218,2024,9,regular,2024-10-26 23:30:00,South Dakota State,South Dakota,MVFC,MVFC,20.0,17.0,False,True,Dana J. Dykhouse Stadium
401628531,2024,9,regular,2024-10-26 23:30:00,Wisconsin,Penn State,Big Ten,Big Ten,13.0,28.0,False,True,Camp Randall Stadium
401628404,2024,9,regular,2024-10-26 23:30:00,Texas A&M,LSU,SEC,SEC,38.0,23.0,False,True,Kyle Field
401628529,2024,9,regular,2024-10-26 23:30:00,Michigan,Michigan State,Big Ten,Big Ten,24.0,17.0,False,True,Michigan Stadium
401628401,2024,9,regular,2024-10-26 23:45:00,Kentucky,Auburn,SEC,SEC,10.0,24.0,False,True,Kroger Field
401675557,2024,9,regular,2024-10-27 00:00:00,West Texas,UT Permian Basin,Lone Star,Lone Star,7.0,21.0,False,True,Buffalo Stadium
401636909,2024,9,regular,2024-10-27 00:00:00,Kansas State,Kansas,Big 12,Big 12,29.0,27.0,False,True,Bill Snyder Family Stadium
401635595,2024,9,regular,2024-10-27 00:00:00,Duke,SMU,ACC,ACC,27.0,28.0,False,True,Wallace Wade Stadium
401643742,2024,9,regular,2024-10-27 00:00:00,Fresno State,San José State,Mountain West,Mountain West,33.0,10.0,False,True,Valley Children's Stadium
401675527,2024,9,regular,2024-10-27 01:00:00,Central Washington,Midwestern State,Lone Star,Lone Star,42.0,21.0,False,True,Tomlinson Stadium
401634107,2024,9,regular,2024-10-27 01:00:00,Idaho,Eastern Washington,Big Sky,Big Sky,38.0,28.0,False,True,Kibbie Dome
401676181,2024,9,regular,2024-10-27 02:00:00,Cal Lutheran,Chapman,So. Cal.,So. Cal.,18.0,28.0,False,True,William Rolland Stadium
401675929,2024,9,regular,2024-10-27 02:00:00,Redlands,Claremont Mudd Scripps,So. Cal.,So. Cal.,10.0,17.0,False,True,Ted Runner Stadium
401677684,2024,9,regular,2024-10-27 02:00:00,Pomona Pitzer,La Verne,So. Cal.,So. Cal.,51.0,14.0,False,True,Merritt Field
401636907,2024,9,regular,2024-10-27 02:15:00,Colorado,Cincinnati,Big 12,Big 12,34.0,23.0,False,True,Folsom Field
401643744,2024,9,regular,2024-10-27 02:30:00,San Diego State,Washington State,Mountain West,Pac-12,26.0,29.0,False,False,Snapdragon Stadium
401643743,2024,9,regular,2024-10-27 03:59:00,Hawai'i,Nevada,Mountain West,Mountain West,34.0,13.0,False,True,Clarence T.C. Ching Athletics Complex
401640985,2024,10,regular,2024-10-29 23:00:00,Florida International,New Mexico State,Conference USA,Conference USA,34.0,13.0,True,True,Pitbull Stadium
401643820,2024,10,regular,2024-10-29 23:30:00,Texas State,Louisiana,Sun Belt,Sun Belt,17.0,23.0,False,True,Bobcat Stadium (TX)
401641012,2024,10,regular,2024-10-30 00:00:00,Sam Houston,Louisiana Tech,Conference USA,Conference USA,9.0,3.0,False,True,Elliott T. Bowers Stadium
401640994,2024,10,regular,2024-10-30 23:00:00,Liberty,Jacksonville State,Conference USA,Conference USA,21.0,31.0,False,True,Williams Stadium (VA)
401641020,2024,10,regular,2024-10-30 23:30:00,Western Kentucky,Kennesaw State,Conference USA,Conference USA,31.0,14.0,False,True,Houchens Industries-L.T. Smith Stadium
401676080,2024,10,regular,2024-10-31 22:00:00,Clarion,Slippery Rock,Pennsylvania State Athletic,Pennsylvania State Athletic,22.0,38.0,False,True,"Memorial Stadium (Clarion, PA)"
401674488,2024,10,regular,2024-10-31 23:00:00,Ouachita Baptist,Southern Nazarene,Great American,Great American,17.0,18.0,False,True,Cliff Harris Stadium
401674900,2024,10,regular,2024-10-31 23:00:00,Mass Maritime,Westfield State,MSCAC,MSCAC,10.0,13.0,False,True,Clean Harbors Stadium
401645356,2024,10,regular,2024-10-31 23:30:00,Charlotte,Tulane,American Athletic,American Athletic,3.0,34.0,False,True,Jerry Richardson Stadium
401654541,2024,10,regular,2024-10-31 23:30:00,South Carolina State,North Carolina Central,MEAC,MEAC,24.0,21.0,False,True,Oliver C. Dawson Stadium
401674426,2024,10,regular,2024-11-01 00:00:00,Harding,Southeastern Oklahoma State,Great American,Great American,56.0,14.0,False,True,First Security Stadium
401676712,2024,10,regular,2024-11-01 22:00:00,American International,Assumption,Northeast 10,Northeast 10,27.0,24.0,False,True,Ronald J. Abdow Field
401654493,2024,10,regular,2024-11-01 23:00:00,Columbia,Yale,Ivy,Ivy,13.0,10.0,False,True,Lawrence A. Wien Stadium
401629036,2024,10,regular,2024-11-01 23:00:00,UConn,Georgia State,FBS Independents,Sun Belt,34.0,27.0,False,False,Pratt & Whitney Stadium
401645357,2024,10,regular,2024-11-01 23:30:00,Florida Atlantic,South Florida,American Athletic,American Athletic,21.0,44.0,False,True,FAU Stadium
401643747,2024,10,regular,2024-11-02 00:00:00,Boise State,San Diego State,Mountain West,Mountain West,56.0,24.0,False,True,Albertsons Stadium
401635516,2024,10,regular,2024-11-02 16:00:00,NC State,Stanford,ACC,ACC,59.0,28.0,False,True,Carter-Finley Stadium
401658365,2024,10,regular,2024-11-02 16:00:00,West Virginia State,Frostburg State,Mountain East,Mountain East,38.0,24.0,False,True,Dickerson Stadium
401674838,2024,10,regular,2024-11-02 16:00:00,Union,Ithaca,Liberty League,Liberty League,0.0,24.0,False,True,Frank Bailey Field
401628410,2024,10,regular,2024-11-02 16:00:00,Oklahoma,Maine,SEC,Coastal Athletic,59.0,14.0,False,False,"Memorial Stadium (Norman, OK)"
401676667,2024,10,regular,2024-11-02 16:00:00,Utica,Brockport,Empire 8,Empire 8,10.0,20.0,False,True,Charles A. Gaetano Stadium
401644758,2024,10,regular,2024-11-02 16:00:00,Eastern Michigan,Toledo,Mid-American,Mid-American,28.0,29.0,False,True,Rynearson Stadium
401635604,2024,10,regular,2024-11-02 16:00:00,Syracuse,Virginia Tech,ACC,ACC,38.0,31.0,False,True,JMA Wireless Dome
401675502,2024,10,regular,2024-11-02 16:00:00,Shorter,Virginia Lynchburg,Gulf South,,55.0,0.0,False,False,Barron Stadium
401628406,2024,10,regular,2024-11-02 16:00:00,Arkansas,Ole Miss,SEC,SEC,31.0,63.0,False,True,Razorback Stadium
401644757,2024,10,regular,2024-11-02 16:00:00,Akron,Buffalo,Mid-American,Mid-American,30.0,41.0,False,True,InfoCision Stadium
401676098,2024,10,regular,2024-11-02 16:00:00,Millersville,Kutztown,Pennsylvania State Athletic,Pennsylvania State Athletic,17.0,49.0,False,True,Chryst Field at Biemesderfer Stadium
401676107,2024,10,regular,2024-11-02 16:00:00,West Chester,Lock Haven,Pennsylvania State Athletic,Pennsylvania State Athletic,27.0,16.0,False,True,John A. Farrell Stadium
401676340,2024,10,regular,2024-11-02 16:00:00,Otterbein,Heidelberg,Ohio,Ohio,7.0,55.0,False,True,"Memorial Stadium (Westerville, OH)"
401677456,2024,10,regular,2024-11-02 16:00:00,Anna Maria College,Dean,ECFC,ECFC,63.0,0.0,False,True,Caparso Field
401682279,2024,10,regular,2024-11-02 16:00:00,Framingham State,Plymouth State,MSCAC,MSCAC,20.0,41.0,False,True,Bowditch Field
401645359,2024,10,regular,2024-11-02 16:00:00,UTSA,Memphis,American Athletic,American Athletic,44.0,36.0,False,True,Alamodome
401635601,2024,10,regular,2024-11-02 16:00:00,Miami,Duke,ACC,ACC,53.0,31.0,False,True,Hard Rock Stadium
401628533,2024,10,regular,2024-11-02 16:00:00,Illinois,Minnesota,Big Ten,Big Ten,17.0,25.0,False,True,"Memorial Stadium (Champaign, IL)"
401628538,2024,10,regular,2024-11-02 16:00:00,Purdue,Northwestern,Big Ten,Big Ten,20.0,26.0,False,True,Ross-Ade Stadium
401628539,2024,10,regular,2024-11-02 16:00:00,Penn State,Ohio State,Big Ten,Big Ten,13.0,20.0,False,True,Beaver Stadium
401682363,2024,10,regular,2024-11-02 16:00:00,Coast Guard,WPI,NEWMAC,NEWMAC,14.0,38.0,False,True,Cadet Memorial Field
401676012,2024,10,regular,2024-11-02 16:00:00,Greensboro,North Carolina Wesleyan,USA South,USA South,21.0,23.0,False,True,Jamieson Stadium
401676221,2024,10,regular,2024-11-02 16:00:00,Springfield,Norwich,NEWMAC,NEWMAC,56.0,14.0,False,True,Stagg Field
401676657,2024,10,regular,2024-11-02 16:00:00,Eastern,Misericordia,Mid Atlantic,Mid Atlantic,31.0,10.0,True,True,O'Hara Field
401643746,2024,10,regular,2024-11-02 16:00:00,Army,Air Force,American Athletic,Mountain West,20.0,3.0,False,False,Michie Stadium
401674844,2024,10,regular,2024-11-02 16:00:00,Rochester (NY),Buffalo State,Liberty League,Liberty League,21.0,35.0,False,True,Edwin Fauver Stadium
401674868,2024,10,regular,2024-11-02 16:00:00,Albright,Alvernia,Mid Atlantic,Mid Atlantic,22.0,19.0,False,True,Gene L. Shirk Stadium
401674892,2024,10,regular,2024-11-02 16:00:00,Bridgewater State,Fitchburg State,MSCAC,MSCAC,17.0,9.0,False,True,Edward C. Swenson Athletic Complex
401675283,2024,10,regular,2024-11-02 16:00:00,Hiram,Wooster,North Coast,North Coast,20.0,30.0,False,True,Charles A. Henry Field
401675826,2024,10,regular,2024-11-02 16:00:00,Southwest Minnesota State,University of Mary,Northern Sun,Northern Sun,6.0,15.0,False,True,Schwan Regional Event Center
401675432,2024,10,regular,2024-11-02 16:00:00,Findlay,Walsh,Great Midwest Athletic,Great Midwest Athletic,28.0,17.0,False,True,Donnell Stadium
401654592,2024,10,regular,2024-11-02 16:00:00,Duquesne,Mercyhurst,NEC,NEC,31.0,24.0,False,True,Arthur J. Rooney Athletic Field
401654609,2024,10,regular,2024-11-02 16:00:00,Robert Morris,Merrimack,NEC,FCS Independents,6.0,0.0,False,False,Joe Walton Stadium
401674346,2024,10,regular,2024-11-02 16:00:00,Shepherd,Bloomsburg,Pennsylvania State Athletic,Pennsylvania State Athletic,21.0,27.0,False,True,Ram Stadium (WV)
401673407,2024,10,regular,2024-11-02 16:00:00,Alfred State,Gallaudet,ECFC,ECFC,28.0,26.0,False,True,Pioneer Stadium
401676759,2024,10,regular,2024-11-02 16:00:00,Endicott,Nichols,Commonwealth Coast,Commonwealth Coast,50.0,10.0,False,True,Hempstead Stadium
401676767,2024,10,regular,2024-11-02 16:00:00,Husson,Western New England,Commonwealth Coast,Commonwealth Coast,49.0,42.0,False,True,Dr. John W. Winkin Sports Complex
401654459,2024,10,regular,2024-11-02 16:00:00,Brown,Pennsylvania,Ivy,Ivy,28.0,38.0,False,True,Brown Stadium
401674271,2024,10,regular,2024-11-02 16:00:00,Fairmont State,Concord,Mountain East,Mountain East,34.0,19.0,False,True,Duvall-Rosier Field
401674378,2024,10,regular,2024-11-02 16:00:00,Edinboro,Seton Hill,Pennsylvania State Athletic,Pennsylvania State Athletic,24.0,22.0,False,True,Sox Harrison Stadium
401674384,2024,10,regular,2024-11-02 16:00:00,Gannon,IU Pennsylvania,Pennsylvania State Athletic,Pennsylvania State Athletic,7.0,35.0,False,True,McConnell Family Stadium
401654578,2024,10,regular,2024-11-02 16:00:00,Central Connecticut,Wagner,NEC,NEC,24.0,14.0,False,True,Arute Field
401676021,2024,10,regular,2024-11-02 16:00:00,Brevard,Methodist,USA South,USA South,44.0,21.0,False,True,Brevard Memorial Stadium
401676660,2024,10,regular,2024-11-02 16:00:00,Catholic,Keystone,Landmark Conference,Landmark Conference,42.0,24.0,False,True,Cardinal Stadium (DC)
401673434,2024,10,regular,2024-11-02 16:00:00,Stevenson,FDU Florham,Mid Atlantic,Mid Atlantic,19.0,34.0,False,True,Mustang Stadium
401654620,2024,10,regular,2024-11-02 16:30:00,Georgetown,Lehigh,Patriot,Patriot,6.0,43.0,False,True,Cooper Field
401676162,2024,10,regular,2024-11-02 16:30:00,Middlebury,Hamilton,NESCAC,NESCAC,35.0,0.0,False,True,Alumni Stadium (VT)
401628407,2024,10,regular,2024-11-02 16:45:00,Auburn,Vanderbilt,SEC,SEC,7.0,17.0,False,True,Jordan-Hare Stadium
401674914,2024,10,regular,2024-11-02 17:00:00,Adrian,Kalamazoo,Michigan,Michigan,35.0,21.0,False,True,Docking Stadium
401675424,2024,10,regular,2024-11-02 17:00:00,Lake Erie,Ashland,Great Midwest Athletic,Great Midwest Athletic,14.0,41.0,False,True,Jack Britt Memorial Stadium
401676400,2024,10,regular,2024-11-02 17:00:00,Averett,Shenandoah,Old Dominion,Old Dominion,14.0,41.0,False,True,Daly Field at Frank R. Campbell Stadium
401673977,2024,10,regular,2024-11-02 17:00:00,Wheaton (IL),Elmhurst,CCIW,CCIW,65.0,17.0,False,True,McCully Stadium
401654648,2024,10,regular,2024-11-02 17:00:00,Saint Francis,Stonehill,NEC,NEC,34.0,0.0,False,True,DeGol Field
401628670,2024,10,regular,2024-11-02 17:00:00,North Carolina A&T,William & Mary,Coastal Athletic,Coastal Athletic,7.0,45.0,False,True,Aggie Stadium
401656602,2024,10,regular,2024-11-02 17:00:00,Fordham,Colgate,Patriot,Patriot,20.0,14.0,False,True,Jack Coffey Field
401676425,2024,10,regular,2024-11-02 17:00:00,Carnegie Mellon,Westminster (PA),Presidents',Presidents',45.0,20.0,False,True,Gesling Stadium
401674516,2024,10,regular,2024-11-02 17:00:00,Truman State,Lincoln (MO),Great Lakes,Great Lakes,52.0,7.0,False,True,Stokes Stadium
401676268,2024,10,regular,2024-11-02 17:00:00,Sewanee,Southwestern U,Southern Athletic,Southern Athletic,10.0,35.0,False,True,Hardee-McGee Field
401676374,2024,10,regular,2024-11-02 17:00:00,Berry,Centre,Southern Athletic,Southern Athletic,28.0,21.0,False,True,Valhalla Stadium
401674556,2024,10,regular,2024-11-02 17:00:00,Northern Michigan,Ferris State,GLIAC,GLIAC,9.0,55.0,False,True,Superior Dome
401676297,2024,10,regular,2024-11-02 17:00:00,Baldwin Wallace,Muskingum,Ohio,Ohio,54.0,17.0,False,True,George Finnie Stadium
401674922,2024,10,regular,2024-11-02 17:00:00,Hope,Albion,Michigan,Michigan,41.0,14.0,False,True,Ray and Sue Smith Stadium
401676727,2024,10,regular,2024-11-02 17:00:00,New Haven,Post,Northeast 10,Northeast 10,51.0,7.0,False,True,Ralph F. DellaCamera Stadium
401677406,2024,10,regular,2024-11-02 17:00:00,SUNY Morrisville,Hilbert,Empire 8,Empire 8,38.0,8.0,False,True,Drake Field (NY)
401676241,2024,10,regular,2024-11-02 17:00:00,Kean,Franklin & Marshall,New Jersey,Centennial,14.0,34.0,False,False,Kean Alumni Stadium
401628673,2024,10,regular,2024-11-02 17:00:00,Bryant,Stony Brook,Coastal Athletic,Coastal Athletic,30.0,31.0,False,True,Bulldog Stadium
401628675,2024,10,regular,2024-11-02 17:00:00,UAlbany,New Hampshire,Coastal Athletic,Coastal Athletic,14.0,31.0,False,True,Bob Ford Field
401658345,2024,10,regular,2024-11-02 17:00:00,Saginaw Valley State,Davenport,GLIAC,GLIAC,24.0,14.0,False,True,Harvey Randall Wickes Memorial Stadium
401673388,2024,10,regular,2024-11-02 17:00:00,Mars Hill,Emory & Henry,South Atlantic,South Atlantic,31.0,23.0,False,True,Meares Stadium
401634177,2024,10,regular,2024-11-02 17:00:00,Indiana State,North Dakota,MVFC,MVFC,35.0,31.0,False,True,Memorial Stadium
401654501,2024,10,regular,2024-11-02 17:00:00,Howard,Delaware State,MEAC,MEAC,38.0,0.0,False,True,William H. Greene Stadium
401676652,2024,10,regular,2024-11-02 17:00:00,Thiel,Saint Vincent,Presidents',Presidents',20.0,10.0,False,True,Alumni Stadium (PA)
401676413,2024,10,regular,2024-11-02 17:00:00,Guilford,Ferrum,Old Dominion,Old Dominion,7.0,20.0,False,True,Armfield Athletic Center
401674286,2024,10,regular,2024-11-02 17:00:00,Wheeling,Glenville State,Mountain East,Mountain East,21.0,28.0,False,True,Bishop Schmitt Field
401675592,2024,10,regular,2024-11-02 17:00:00,Clark Atlanta,Tuskegee,SIAC,SIAC,36.0,28.0,False,True,CAU Panther Stadium
401676642,2024,10,regular,2024-11-02 17:00:00,Case Western Reserve,Washington & Jefferson,Presidents',Presidents',21.0,34.0,False,True,Case Field
401676261,2024,10,regular,2024-11-02 17:00:00,Hendrix,Trinity (TX),Southern Athletic,Southern Athletic,7.0,26.0,False,True,Young-Wise Memorial Stadium
401654629,2024,10,regular,2024-11-02 17:00:00,Bucknell,Lafayette,Patriot,Patriot,21.0,14.0,False,True,Christy Mathewson-Memorial Stadium
401673415,2024,10,regular,2024-11-02 17:00:00,Susquehanna,Moravian,Landmark Conference,Landmark Conference,49.0,34.0,False,True,Amos Alonzo Stagg Field (PA)
401673425,2024,10,regular,2024-11-02 17:00:00,King's,Delaware Valley,Mid Atlantic,Mid Atlantic,14.0,6.0,False,True,McCarthy Stadium (Wilkes Barre)
401628671,2024,10,regular,2024-11-02 17:00:00,Hampton,Villanova,Coastal Athletic,Coastal Athletic,14.0,20.0,False,True,Armstrong Stadium
401675584,2024,10,regular,2024-11-02 17:00:00,Fort Valley State,Benedict,SIAC,SIAC,44.0,20.0,False,True,Wildcat Stadium (GA)
401676174,2024,10,regular,2024-11-02 17:00:00,Wesleyan (CT),Williams,NESCAC,NESCAC,25.0,24.0,False,True,Corwin Stadium
401676213,2024,10,regular,2024-11-02 17:00:00,Olivet,Calvin,Michigan,Michigan,21.0,13.0,False,True,Cutler Field
401675951,2024,10,regular,2024-11-02 17:00:00,Wisconsin Stout,Wisconsin La Crosse,Wisconsin,Wisconsin,31.0,33.0,False,True,Don and Nona Williams Stadium
401675456,2024,10,regular,2024-11-02 17:00:00,Northwood,Ohio Dominican,Great Midwest Athletic,Great Midwest Athletic,37.0,10.0,False,True,Hantz Stadium
401638687,2024,10,regular,2024-11-02 17:00:00,Morehead State,St. Thomas (MN),Pioneer,Pioneer,21.0,7.0,False,True,Jayne Stadium
401673442,2024,10,regular,2024-11-02 17:00:00,Lebanon Valley,Widener,Mid Atlantic,Mid Atlantic,21.0,24.0,False,True,Arnold Field (PA)
401674294,2024,10,regular,2024-11-02 17:00:00,UNC Pembroke,West Virginia Wesleyan,Mountain East,Mountain East,79.0,20.0,False,True,Grace P. Johnson Stadium
401676720,2024,10,regular,2024-11-02 17:00:00,Franklin Pierce,Saint Anselm,Northeast 10,Northeast 10,28.0,42.0,True,True,Sodexo Field
401674928,2024,10,regular,2024-11-02 17:00:00,Alma,Trine,Michigan,Michigan,41.0,16.0,False,True,Bahlke Field
401674806,2024,10,regular,2024-11-02 17:00:00,Juniata,Lycoming,Landmark Conference,Landmark Conference,0.0,45.0,False,True,Knox Stadium
401674760,2024,10,regular,2024-11-02 17:00:00,SUNY Cortland,Hartwick,Empire 8,Empire 8,68.0,10.0,False,True,Stadium Red Field
401675392,2024,10,regular,2024-11-02 17:00:00,Lincoln (PA),Virginia State,CIAA,CIAA,0.0,55.0,False,True,Lincoln University Stadium
401674752,2024,10,regular,2024-11-02 17:00:00,Alfred,St. John Fisher,Empire 8,Empire 8,34.0,31.0,False,True,Merrill Field at Yunevich Stadium
401676233,2024,10,regular,2024-11-02 17:00:00,Christopher Newport,William Paterson,New Jersey,New Jersey,45.0,7.0,False,True,TowneBank Stadium
401689236,2024,10,regular,2024-11-02 17:00:00,Southern Connecticut State,Pace,Northeast 10,Northeast 10,35.0,30.0,False,True,Jess Dow Field
401654515,2024,10,regular,2024-11-02 17:00:00,Morgan State,Norfolk State,MEAC,MEAC,38.0,37.0,False,True,Hughes Stadium
401674262,2024,10,regular,2024-11-02 17:00:00,West Liberty,Charleston (WV),Mountain East,Mountain East,0.0,38.0,False,True,West Family Stadium
401628674,2024,10,regular,2024-11-02 17:00:00,Rhode Island,Monmouth,Coastal Athletic,Coastal Athletic,37.0,28.0,False,True,Meade Stadium
401676781,2024,10,regular,2024-11-02 17:00:00,Lenoir Rhyne,Wingate,South Atlantic,South Atlantic,10.0,14.0,False,True,Helen and Leonard Moretz Stadium
401676168,2024,10,regular,2024-11-02 17:00:00,Colby,Tufts,NESCAC,NESCAC,21.0,28.0,False,True,Seaverns Field At Harold Alfond Stadium
401654466,2024,10,regular,2024-11-02 17:00:00,Princeton,Cornell,Ivy,Ivy,35.0,49.0,False,True,Princeton University Stadium
401675809,2024,10,regular,2024-11-02 17:00:00,Shaw,Livingstone,CIAA,CIAA,24.0,17.0,False,True,George Williams Athletic Complex
401638684,2024,10,regular,2024-11-02 17:00:00,Presbyterian,Dayton,Pioneer,Pioneer,28.0,7.0,False,True,Bailey Memorial Stadium
401676630,2024,10,regular,2024-11-02 17:00:00,Bethany (WV),Geneva,Presidents',Presidents',27.0,34.0,False,True,Bison Stadium
401638686,2024,10,regular,2024-11-02 17:00:00,Butler,Stetson,Pioneer,Pioneer,46.0,13.0,False,True,Butler Bowl
401678583,2024,10,regular,2024-11-02 17:00:00,McDaniel,Ursinus,Centennial,Centennial,0.0,42.0,False,True,Kenneth R. Gill Stadium
401675439,2024,10,regular,2024-11-02 17:00:00,Hillsdale,Thomas More,Great Midwest Athletic,Great Midwest Athletic,38.0,17.0,False,True,"Frank ""Muddy"" Waters Stadium"
401674370,2024,10,regular,2024-11-02 17:00:00,Shippensburg,East Stroudsburg,Pennsylvania State Athletic,Pennsylvania State Athletic,0.0,45.0,False,True,Seth Grove Stadium
401675415,2024,10,regular,2024-11-02 17:00:00,Johnson C. Smith,Fayetteville State,CIAA,CIAA,0.0,27.0,False,True,Irwin Belk Complex
401674571,2024,10,regular,2024-11-02 17:00:00,Roosevelt,Michigan Tech,GLIAC,GLIAC,7.0,20.0,True,True,Morris Field
401676103,2024,10,regular,2024-11-02 17:00:00,Kenyon,DePauw,North Coast,North Coast,0.0,65.0,False,True,McBride Field
401673962,2024,10,regular,2024-11-02 17:00:00,North Central College,Carroll (WI),CCIW,CCIW,56.0,3.0,False,True,Benedetti-Wehrli Stadium
401677499,2024,10,regular,2024-11-02 17:00:00,SUNY Maritime,Salve Regina,NEWMAC,NEWMAC,25.0,22.0,False,True,Reinhart Field
401675299,2024,10,regular,2024-11-02 17:00:00,Wabash,Denison,North Coast,North Coast,24.0,23.0,False,True,Little Giant Stadium
401675384,2024,10,regular,2024-11-02 17:00:00,Elizabeth City State,Bowie State,CIAA,CIAA,6.0,48.0,False,True,Roebuck Stadium
401677472,2024,10,regular,2024-11-02 17:00:00,Amherst,Trinity (CT),NESCAC,NESCAC,20.0,45.0,False,True,Pratt Field at Lehrman Stadium
401677463,2024,10,regular,2024-11-02 17:00:00,Taylor,Defiance College,,,,,True,False,New Turner Stadium
401674676,2024,10,regular,2024-11-02 17:00:00,Dickinson,Gettysburg,Centennial,Centennial,34.0,14.0,False,True,Biddle Field
401674708,2024,10,regular,2024-11-02 17:00:00,New England,Curry,Commonwealth Coast,Commonwealth Coast,10.0,24.0,False,True,Blue Storm Stadium
401675410,2024,10,regular,2024-11-02 17:00:00,Virginia Union,Bluefield State,CIAA,CIAA,91.0,0.0,False,True,Hovey Field
401676438,2024,10,regular,2024-11-02 17:00:00,Waynesburg,Grove City,Presidents',Presidents',0.0,51.0,False,True,John F. Wiley Stadium
401674734,2024,10,regular,2024-11-02 17:00:00,Washington St. Louis,Millikin,CCIW,CCIW,70.0,21.0,False,True,Francis Field (MO)
401644602,2024,10,regular,2024-11-02 17:30:00,Dartmouth,Harvard,Ivy,Ivy,27.0,31.0,False,True,Memorial Field
401638348,2024,10,regular,2024-11-02 17:30:00,VMI,Furman,Southern,Southern,21.0,17.0,False,True,Alumni Memorial Field
401674780,2024,10,regular,2024-11-02 17:30:00,Franklin,Anderson (IN),Heartland,Heartland,35.0,14.0,False,True,"Stewart """"Red"""" Faught Stadium"
401676352,2024,10,regular,2024-11-02 17:30:00,Marietta,Wilmington (OH),Ohio,Ohio,52.0,6.0,False,True,Don Drumm Stadium
401674770,2024,10,regular,2024-11-02 17:30:00,Hanover,Bluffton,Heartland,Heartland,49.0,13.0,False,True,Alumni Stadium (IN)
401676312,2024,10,regular,2024-11-02 17:30:00,Capital,Mount Union,Ohio,Ohio,0.0,54.0,False,True,Bernlohr Stadium
401676345,2024,10,regular,2024-11-02 17:30:00,Ohio Northern,John Carroll,Ohio,Ohio,13.0,49.0,False,True,Dial-Roberson Stadium
401674793,2024,10,regular,2024-11-02 17:30:00,Rose Hulman,Manchester,Heartland,Heartland,70.0,7.0,False,True,Cook Stadium
401675943,2024,10,regular,2024-11-02 18:00:00,Wisconsin Whitewater,Wisconsin River Falls,Wisconsin,Wisconsin,13.0,7.0,False,True,Perkins Stadium
401673972,2024,10,regular,2024-11-02 18:00:00,Carthage,North Park,CCIW,CCIW,22.0,21.0,False,True,Art Keller Field
401674599,2024,10,regular,2024-11-02 18:00:00,Central College,Loras,American Rivers,American Rivers,45.0,7.0,False,True,Ron and Joyce Schipper Stadium
401633999,2024,10,regular,2024-11-02 18:00:00,Charleston Southern,Gardner-Webb,Big South-OVC,Big South-OVC,14.0,17.0,False,True,Buccaneer Field
401676072,2024,10,regular,2024-11-02 18:00:00,Wisconsin Lutheran,St. Norbert,NACC,NACC,7.0,55.0,False,True,Warrior Field at Raabe Stadium
401674315,2024,10,regular,2024-11-02 18:00:00,Bemidji State,Wayne State (NE),Northern Sun,Northern Sun,37.0,20.0,False,True,Chet Anderson Stadium
401674996,2024,10,regular,2024-11-02 18:00:00,Beloit,Lake Forest,Midwest,Midwest,17.0,62.0,False,True,Strong Stadium
401674183,2024,10,regular,2024-11-02 18:00:00,Washburn,Nebraska Kearney,Mid America,Mid America,13.0,14.0,False,True,Yager Stadium at Moore Bowl
401676046,2024,10,regular,2024-11-02 18:00:00,Huntingdon,LaGrange,USA South,USA South,21.0,24.0,False,True,Charles Lee Field at Samford Stadium
401674326,2024,10,regular,2024-11-02 18:00:00,Winona State,Minnesota Duluth,Northern Sun,Northern Sun,38.0,42.0,False,True,Altra Federal Credit Union Stadium
401675957,2024,10,regular,2024-11-02 18:00:00,Wisconsin Stevens Point,Wisconsin Platteville,Wisconsin,Wisconsin,14.0,42.0,False,True,Community Stadium at Goerke Park
401675831,2024,10,regular,2024-11-02 18:00:00,Augustana (SD),Concordia St. Paul,Northern Sun,Northern Sun,28.0,7.0,False,True,Kirkeby-Over Stadium
401674589,2024,10,regular,2024-11-02 18:00:00,Buena Vista,Coe,American Rivers,American Rivers,13.0,35.0,False,True,J. Leslie Rollins Stadium
401628672,2024,10,regular,2024-11-02 18:00:00,Richmond,Towson,Coastal Athletic,Coastal Athletic,35.0,24.0,False,True,E. Claiborne Robins Stadium
401674666,2024,10,regular,2024-11-02 18:00:00,Texas Lutheran,Lyon,Southern Collegiate Athletic,Southern Collegiate Athletic,45.0,10.0,False,True,Bulldog Stadium (TX)
401674695,2024,10,regular,2024-11-02 18:00:00,Johns Hopkins,Muhlenberg,Centennial,Centennial,26.0,13.0,False,True,Homewood Field
401674643,2024,10,regular,2024-11-02 18:00:00,Hardin Simmons,Howard Payne,American Southwest,American Southwest,44.0,17.0,False,True,Shelton Stadium
401675446,2024,10,regular,2024-11-02 18:00:00,Kentucky Wesleyan,Tiffin,Great Midwest Athletic,Great Midwest Athletic,14.0,54.0,False,True,Steele Stadium
401674947,2024,10,regular,2024-11-02 18:00:00,Concordia (MN),Augsburg,Minnesota,Minnesota,38.0,7.0,False,True,Jake Christiansen Stadium
401677677,2024,10,regular,2024-11-02 18:00:00,Rowan,Montclair State,New Jersey,New Jersey,16.0,10.0,False,True,Richard Wackar Stadium
401674654,2024,10,regular,2024-11-02 18:00:00,East Texas Baptist,Mary Hardin Baylor,American Southwest,American Southwest,14.0,27.0,False,True,Ornelas Stadium
401674548,2024,10,regular,2024-11-02 18:00:00,Quincy,William Jewell,Great Lakes,Great Lakes,24.0,20.0,False,True,QU Stadium
401673255,2024,10,regular,2024-11-02 18:00:00,Chadron State,South Dakota Mines,Rocky Mountain,Rocky Mountain,17.0,24.0,False,True,Elliott Field at Don Beebe Stadium
401674522,2024,10,regular,2024-11-02 18:00:00,Missouri S&T,McKendree,Great Lakes,Great Lakes,20.0,27.0,False,True,Allgood-Bailey Stadium
401673262,2024,10,regular,2024-11-02 18:00:00,New Mexico Highlands,Colorado School of Mines,Rocky Mountain,Rocky Mountain,21.0,56.0,False,True,Sanchez Family Stadium
401673452,2024,10,regular,2024-11-02 18:00:00,Grinnell,Illinois College,Midwest,Midwest,14.0,56.0,False,True,Rosenbloom Field
401675760,2024,10,regular,2024-11-02 18:00:00,Barton,Catawba,South Atlantic,South Atlantic,49.0,35.0,False,True,Electric Supply Company Field
401675033,2024,10,regular,2024-11-02 18:00:00,Rockford,Eureka,NACC,NACC,59.0,6.0,False,True,Sam Greeley Field
401675983,2024,10,regular,2024-11-02 18:00:00,Wisconsin Eau Claire,Wisconsin Oshkosh,Wisconsin,Wisconsin,31.0,42.0,False,True,Carson Park
401675994,2024,10,regular,2024-11-02 18:00:00,Aurora,Benedictine (IL),NACC,NACC,56.0,20.0,False,True,Vago Field
401676793,2024,10,regular,2024-11-02 18:00:00,UVA Wise,Tusculum,South Atlantic,South Atlantic,35.0,27.0,False,True,Carl Smith Stadium
401673953,2024,10,regular,2024-11-02 18:00:00,Illinois Wesleyan,Augustana (IL),CCIW,CCIW,29.0,21.0,False,True,Tucci Stadium
401676131,2024,10,regular,2024-11-02 18:00:00,Northwestern (MN),Martin Luther,Upper Midwest,Upper Midwest,35.0,7.0,False,True,Reynolds Field
401675026,2024,10,regular,2024-11-02 18:00:00,Monmouth (IL),Ripon,Midwest,Midwest,56.0,13.0,False,True,April Zorn Memorial Stadium
401638685,2024,10,regular,2024-11-02 18:00:00,Drake,Marist,Pioneer,Pioneer,19.0,0.0,False,True,Drake Stadium
401675577,2024,10,regular,2024-11-02 18:00:00,Allen,Central State,SIAC,SIAC,41.0,3.0,False,True,W.C. Hawkins Stadium
401676248,2024,10,regular,2024-11-02 18:00:00,The College of New Jersey,Salisbury,New Jersey,New Jersey,35.0,52.0,False,True,Lions Stadium
401628676,2024,10,regular,2024-11-02 18:00:00,Elon,Campbell,Coastal Athletic,Coastal Athletic,50.0,27.0,False,True,Rhodes Stadium
401674634,2024,10,regular,2024-11-02 18:00:00,McMurry,Austin,Southern Collegiate Athletic,Southern Collegiate Athletic,31.0,3.0,False,True,Wilford Moore Stadium
401674625,2024,10,regular,2024-11-02 18:00:00,Wartburg,Luther,American Rivers,American Rivers,49.0,10.0,False,True,Walston-Hoover Stadium
401674607,2024,10,regular,2024-11-02 18:00:00,Nebraska Wesleyan,Dubuque,American Rivers,American Rivers,7.0,52.0,True,True,Abel Stadium
401676124,2024,10,regular,2024-11-02 18:00:00,Greenville,Westminster (MO),Upper Midwest,Upper Midwest,45.0,7.0,False,True,Francis Field (IL)
401676060,2024,10,regular,2024-11-02 18:00:00,Concordia (WI),Lakeland,NACC,NACC,37.0,34.0,False,True,Tomasini Stadium
401674986,2024,10,regular,2024-11-02 18:00:00,St. Scholastica,Saint John's (MN),Minnesota,Minnesota,0.0,70.0,False,True,Public Schools Stadium
401675535,2024,10,regular,2024-11-02 18:00:00,Sul Ross State,Eastern New Mexico,Lone Star,Lone Star,33.0,28.0,False,True,Jackson Field
401674976,2024,10,regular,2024-11-02 18:00:00,Gustavus Adolphus,St. Olaf,Minnesota,Minnesota,21.0,10.0,False,True,Hollingsworth Field
401676407,2024,10,regular,2024-11-02 18:00:00,Bridgewater,Hampden Sydney,Old Dominion,Old Dominion,21.0,28.0,False,True,Jopson Athletic Complex
401674955,2024,10,regular,2024-11-02 18:00:00,Bethel (MN),Carleton,Minnesota,Minnesota,56.0,7.0,False,True,Royal Stadium
401675010,2024,10,regular,2024-11-02 18:00:00,Cornell (IA),Knox,Midwest,Midwest,44.0,14.0,False,True,Van Metre Field at Ash Park
401693680,2024,10,regular,2024-11-02 18:00:00,West Georgia,Lincoln (CA),UAC,Independent DII,88.0,12.0,False,False,University Stadium (GA)
401676028,2024,10,regular,2024-11-02 18:00:00,Belhaven,Maryville (TN),USA South,USA South,11.0,42.0,False,True,Belhaven Bowl Stadium
401674158,2024,10,regular,2024-11-02 18:00:00,Emporia State,Fort Hays,Mid America,Mid America,7.0,36.0,False,True,Francis G. Welch Stadium
401658355,2024,10,regular,2024-11-02 18:00:00,Erskine,West Florida,Gulf South,Gulf South,0.0,70.0,False,True,J.W. Babb Stadium
401674883,2024,10,regular,2024-11-02 18:30:00,Vermont State Castleton,Worcester State,MSCAC,MSCAC,6.0,31.0,False,True,Dave Wolk Stadium
401632466,2024,10,regular,2024-11-02 18:30:00,Western Carolina,Chattanooga,Southern,Southern,38.0,34.0,False,True,E. J. Whitmire Stadium
401674186,2024,10,regular,2024-11-02 18:30:00,Northwest Missouri State,Northeastern State,Mid America,Independent DII,44.0,26.0,False,False,Bearcat Stadium
401634001,2024,10,regular,2024-11-02 18:30:00,Tennessee Tech,Lindenwood,Big South-OVC,Big South-OVC,52.0,10.0,False,True,Tucker Stadium
401645358,2024,10,regular,2024-11-02 18:30:00,UAB,Tulsa,American Athletic,American Athletic,59.0,21.0,False,True,Protective Stadium
401643821,2024,10,regular,2024-11-02 18:30:00,App State,Old Dominion,Sun Belt,Sun Belt,28.0,20.0,False,True,Kidd Brewer Stadium
401654571,2024,10,regular,2024-11-02 19:00:00,Mississippi Valley State,Prairie View A&M,SWAC,SWAC,16.0,17.0,False,True,Rice-Totten Field
401675612,2024,10,regular,2024-11-02 19:00:00,Miles,Morehouse,SIAC,SIAC,37.0,3.0,False,True,Albert J. H. Sloan - Alumni Stadium
401674397,2024,10,regular,2024-11-02 19:00:00,Arkansas Tech,East Central,Great American,Great American,13.0,23.0,False,True,Thone Stadium at Buerkle Field
401674407,2024,10,regular,2024-11-02 19:00:00,Arkansas Monticello,Oklahoma Baptist,Great American,Great American,24.0,20.0,False,True,Convoy Leslie Cotton Boll Stadium
401676303,2024,10,regular,2024-11-02 19:00:00,Rhodes,Millsaps,Southern Athletic,Southern Athletic,31.0,24.0,False,True,Crain Field
401675967,2024,10,regular,2024-11-02 19:00:00,UMass Dartmouth,Western Connecticut State,MSCAC,MSCAC,41.0,30.0,False,True,Cressy Field
401675495,2024,10,regular,2024-11-02 19:00:00,West Alabama,North Greenville,Gulf South,Gulf South,17.0,14.0,False,True,Tiger Stadium (AL)
401675568,2024,10,regular,2024-11-02 19:00:00,Savannah State,Albany State,SIAC,SIAC,28.0,26.0,False,True,Ted Wright Stadium
401674431,2024,10,regular,2024-11-02 19:00:00,Northwestern (OK),Henderson State,Great American,Great American,10.0,44.0,False,True,Ranger Field
401676443,2024,10,regular,2024-11-02 19:00:00,Washington and Lee,Randolph Macon,Old Dominion,Old Dominion,7.0,20.0,False,True,Wilson Field
401675821,2024,10,regular,2024-11-02 19:00:00,Northern State,Minnesota State,Northern Sun,Northern Sun,14.0,24.0,False,True,Swisher Field
401674147,2024,10,regular,2024-11-02 19:00:00,Missouri Western,Central Oklahoma,Mid America,Mid America,34.0,37.0,False,True,Craig Field at Spratt Memorial Stadium
401634155,2024,10,regular,2024-11-02 19:00:00,Samford,Wofford,Southern,Southern,13.0,17.0,False,True,Seibert Stadium
401674563,2024,10,regular,2024-11-02 19:00:00,Grand Valley State,Wayne State (MI),GLIAC,GLIAC,51.0,28.0,False,True,Lubbers Stadium
401673378,2024,10,regular,2024-11-02 19:00:00,Carson Newman,Anderson (SC),South Atlantic,South Atlantic,28.0,7.0,False,True,Burke-Tarr Stadium
401634139,2024,10,regular,2024-11-02 19:00:00,Mercer,East Tennessee State,Southern,Southern,37.0,31.0,False,True,Five Star Stadium at the Moye Complex
401634165,2024,10,regular,2024-11-02 19:00:00,Illinois State,Youngstown State,MVFC,MVFC,23.0,16.0,False,True,Hancock Stadium
401675599,2024,10,regular,2024-11-02 19:00:00,Lane College,Edward Waters,SIAC,SIAC,23.0,37.0,False,True,Lane Field
401675291,2024,10,regular,2024-11-02 19:00:00,Wittenberg,Oberlin,North Coast,North Coast,77.0,0.0,False,True,Edwards-Maurer Field
401634000,2024,10,regular,2024-11-02 19:00:00,Eastern Illinois,Western Illinois,Big South-OVC,Big South-OVC,45.0,38.0,False,True,O'Brien Stadium
401673238,2024,10,regular,2024-11-02 19:00:00,Colorado Mesa,Black Hills State,Rocky Mountain,Rocky Mountain,21.0,13.0,False,True,Ralph Stocker Stadium
401673246,2024,10,regular,2024-11-02 19:00:00,Western Colorado,CSU Pueblo,Rocky Mountain,Rocky Mountain,34.0,44.0,False,True,Mountaineer Bowl
401634186,2024,10,regular,2024-11-02 19:00:00,Missouri State,Southern Illinois,MVFC,MVFC,38.0,17.0,False,True,Plaster Sports Complex
401634195,2024,10,regular,2024-11-02 19:00:00,South Dakota State,Murray State,MVFC,MVFC,52.0,6.0,False,True,Dana J. Dykhouse Stadium
401674832,2024,10,regular,2024-11-02 19:00:00,Rensselaer,Hobart,Liberty League,Liberty League,21.0,27.0,False,True,ECAV Stadium
401674137,2024,10,regular,2024-11-02 19:00:00,Pittsburg State,Central Missouri,Mid America,Mid America,13.0,37.0,False,True,Carnie Smith Stadium
401674336,2024,10,regular,2024-11-02 19:00:00,Minot State,Minnesota St Moorhead,Northern Sun,Northern Sun,38.0,42.0,False,True,Herb Parker Stadium
401675365,2024,10,regular,2024-11-02 19:00:00,Southwestern Oklahoma State,Southern Arkansas,Great American,Great American,14.0,48.0,False,True,Milam Stadium
401636360,2024,10,regular,2024-11-02 19:00:00,Jackson State,Arkansas-Pine Bluff,SWAC,SWAC,41.0,3.0,False,True,Mississippi Veterans Memorial Stadium
401634035,2024,10,regular,2024-11-02 19:00:00,Incarnate Word,Houston Christian,Southland,Southland,45.0,20.0,False,True,Gayle and Tom Benson Stadium
401675474,2024,10,regular,2024-11-02 19:00:00,Valdosta State,Chowan,Gulf South,Gulf South,52.0,0.0,False,True,Bazemore-Hyder Stadium
401636368,2024,10,regular,2024-11-02 19:00:00,Bethune-Cookman,Grambling,SWAC,SWAC,24.0,21.0,False,True,Municipal Stadium
401634256,2024,10,regular,2024-11-02 19:00:00,Alabama A&M,Southern,SWAC,SWAC,20.0,25.0,False,True,Louis Crews Stadium
401636915,2024,10,regular,2024-11-02 19:30:00,Oklahoma State,Arizona State,Big 12,Big 12,21.0,42.0,False,True,Boone Pickens Stadium
401628536,2024,10,regular,2024-11-02 19:30:00,Michigan,Oregon,Big Ten,Big Ten,17.0,38.0,False,True,Michigan Stadium
401628534,2024,10,regular,2024-11-02 19:30:00,Michigan State,Indiana,Big Ten,Big Ten,10.0,47.0,False,True,Spartan Stadium
401635602,2024,10,regular,2024-11-02 19:30:00,Florida State,North Carolina,ACC,ACC,11.0,35.0,False,True,Doak Campbell Stadium
401641026,2024,10,regular,2024-11-02 19:30:00,UTEP,Middle Tennessee,Conference USA,Conference USA,13.0,20.0,False,True,Sun Bowl
401628537,2024,10,regular,2024-11-02 19:30:00,Nebraska,UCLA,Big Ten,Big Ten,20.0,27.0,False,True,"Memorial Stadium (Lincoln, NE)"
401636913,2024,10,regular,2024-11-02 19:30:00,Houston,Kansas State,Big 12,Big 12,24.0,19.0,False,True,TDECU Stadium
401628408,2024,10,regular,2024-11-02 19:30:00,Georgia,Florida,SEC,SEC,34.0,20.0,True,True,EverBank Stadium
401634210,2024,10,regular,2024-11-02 19:30:00,North Dakota State,Northern Iowa,MVFC,MVFC,42.0,19.0,False,True,Fargodome
401636914,2024,10,regular,2024-11-02 19:30:00,Iowa State,Texas Tech,Big 12,Big 12,22.0,23.0,False,True,Jack Trice Stadium
401636916,2024,10,regular,2024-11-02 19:30:00,UCF,Arizona,Big 12,Big 12,56.0,12.0,False,True,FBC Mortgage Stadium
401643822,2024,10,regular,2024-11-02 19:30:00,Marshall,UL Monroe,Sun Belt,Sun Belt,28.0,23.0,False,True,Joan C. Edwards Stadium
401676290,2024,10,regular,2024-11-02 20:00:00,Pacific (OR),Linfield,Northwest,Northwest,28.0,68.0,False,True,Hanson Stadium
401638683,2024,10,regular,2024-11-02 20:00:00,San Diego,Davidson,Pioneer,Pioneer,40.0,13.0,False,True,Torero Stadium
401676784,2024,10,regular,2024-11-02 20:00:00,Newberry,Limestone,South Atlantic,South Atlantic,14.0,35.0,False,True,Setzler Field
401636377,2024,10,regular,2024-11-02 20:00:00,Florida A&M,Texas Southern,SWAC,SWAC,52.0,28.0,False,True,Bragg Memorial Stadium
401632128,2024,10,regular,2024-11-02 20:00:00,Abilene Christian,Southern Utah,UAC,UAC,28.0,25.0,False,True,Wildcat Stadium (TX)
401634025,2024,10,regular,2024-11-02 20:00:00,Lamar,SE Louisiana,Southland,Southland,27.0,30.0,False,True,Provost Umphrey Stadium
401676284,2024,10,regular,2024-11-02 20:00:00,Pacific Lutheran,George Fox,Northwest,Northwest,24.0,14.0,False,True,Sparks Stadium
401634113,2024,10,regular,2024-11-02 20:00:00,UC Davis,Northern Colorado,Big Sky,Big Sky,59.0,7.0,False,True,Aggie Stadium
401675930,2024,10,regular,2024-11-02 20:00:00,La Verne,Redlands,So. Cal.,So. Cal.,21.0,31.0,False,True,Ortmayer Stadium
401676325,2024,10,regular,2024-11-02 20:00:00,Whitworth,Lewis & Clark,Northwest,Northwest,48.0,9.0,False,True,The Pine Bowl
401675121,2024,10,regular,2024-11-02 20:00:00,Nicholls,Stephen F. Austin,Southland,Southland,12.0,28.0,False,True,Manning Field at John L. Guidry Stadium
401643750,2024,10,regular,2024-11-02 20:00:00,New Mexico,Wyoming,Mountain West,Mountain West,45.0,49.0,False,True,University Stadium (NM)
401634112,2024,10,regular,2024-11-02 20:00:00,Northern Arizona,Weber State,Big Sky,Big Sky,27.0,6.0,False,True,Walkup Skydome
401634111,2024,10,regular,2024-11-02 20:00:00,Eastern Washington,Montana State,Big Sky,Big Sky,28.0,42.0,False,True,Roos Field
401643824,2024,10,regular,2024-11-02 20:00:00,Troy,Coastal Carolina,Sun Belt,Sun Belt,38.0,24.0,False,True,Veterans Memorial Stadium (AL)
401632125,2024,10,regular,2024-11-02 20:00:00,Utah Tech,Central Arkansas,UAC,UAC,34.0,21.0,False,True,Greater Zion Stadium
401676328,2024,10,regular,2024-11-02 20:00:00,Puget Sound,Willamette,Northwest,Northwest,38.0,23.0,False,True,Baker Stadium
401645360,2024,10,regular,2024-11-02 20:00:00,Rice,Navy,American Athletic,American Athletic,24.0,10.0,False,True,Rice Stadium
401628409,2024,10,regular,2024-11-02 20:15:00,Mississippi State,Massachusetts,SEC,FBS Independents,45.0,20.0,False,False,Davis Wade Stadium
401634110,2024,10,regular,2024-11-02 21:00:00,Cal Poly,Montana,Big Sky,Big Sky,7.0,42.0,False,True,Alex G. Spanos Stadium
401632126,2024,10,regular,2024-11-02 21:00:00,North Alabama,Austin Peay,UAC,UAC,17.0,31.0,False,True,Braly Municipal Stadium
401636349,2024,10,regular,2024-11-02 21:00:00,Alabama State,Alcorn State,SWAC,SWAC,21.0,17.0,True,True,Ladd Peebles Stadium
401676135,2024,10,regular,2024-11-02 21:00:00,Crown,Minnesota Morris,Upper Midwest,Upper Midwest,6.0,27.0,False,True,Old National Bank Stadium
401676153,2024,10,regular,2024-11-02 21:30:00,Bates,Bowdoin,NESCAC,NESCAC,24.0,35.0,False,True,Garcelon Field
401675022,2024,10,regular,2024-11-02 22:00:00,Lawrence,Chicago,Midwest,Midwest,14.0,64.0,False,True,Ron Roberts Field at the Banta Bowl
401634002,2024,10,regular,2024-11-02 22:00:00,Tennessee State,UT Martin,Big South-OVC,Big South-OVC,21.0,28.0,False,True,Nissan Stadium
401674505,2024,10,regular,2024-11-02 22:00:00,Indianapolis,Southwest Baptist,Great Lakes,Great Lakes,58.0,3.0,False,True,Key Stadium
401632124,2024,10,regular,2024-11-02 23:00:00,Tarleton State,Eastern Kentucky,UAC,UAC,13.0,17.0,False,True,"Memorial Stadium (Stephenville, TX)"
401643749,2024,10,regular,2024-11-02 23:00:00,Fresno State,Hawai'i,Mountain West,Mountain West,20.0,21.0,False,True,Valley Children's Stadium
401675519,2024,10,regular,2024-11-02 23:00:00,Angelo State,Central Washington,Lone Star,Lone Star,17.0,16.0,False,True,LeGrand Stadium at 1st Community Credit Union Field
401635600,2024,10,regular,2024-11-02 23:30:00,Clemson,Louisville,ACC,ACC,21.0,33.0,False,True,"Memorial Stadium (Clemson, SC)"
401643823,2024,10,regular,2024-11-02 23:30:00,South Alabama,Georgia Southern,Sun Belt,Sun Belt,30.0,34.0,False,True,Hancock Whitney Stadium
401628540,2024,10,regular,2024-11-02 23:30:00,Washington,USC,Big Ten,Big Ten,26.0,21.0,False,True,Husky Stadium
401628411,2024,10,regular,2024-11-02 23:30:00,South Carolina,Texas A&M,SEC,SEC,44.0,20.0,False,True,Williams-Brice Stadium
401628535,2024,10,regular,2024-11-02 23:30:00,Iowa,Wisconsin,Big Ten,Big Ten,42.0,10.0,False,True,Kinnick Stadium
401628412,2024,10,regular,2024-11-02 23:45:00,Tennessee,Kentucky,SEC,SEC,28.0,18.0,False,True,Neyland Stadium
401675542,2024,10,regular,2024-11-03 00:00:00,Midwestern State,Western Oregon,Lone Star,Lone Star,16.0,21.0,False,True,"Memorial Stadium (Wichita Falls, TX)"
401636912,2024,10,regular,2024-11-03 00:00:00,Baylor,TCU,Big 12,Big 12,37.0,34.0,False,True,McLane Stadium
401675553,2024,10,regular,2024-11-03 00:00:00,Texas A&M-Kingsville,West Texas,Lone Star,Lone Star,14.0,21.0,False,True,Javelina Stadium
401673148,2024,10,regular,2024-11-03 00:00:00,Adams State,Fort Lewis,Rocky Mountain,Rocky Mountain,17.0,27.0,False,True,Rex Stadium
401674980,2024,10,regular,2024-11-03 00:00:00,Macalester,Hamline,Minnesota,Minnesota,35.0,37.0,False,True,Macalester Stadium
401634020,2024,10,regular,2024-11-03 00:00:00,McNeese,East Texas A&M,Southland,Southland,31.0,3.0,False,True,Cowboy Stadium
401635627,2024,10,regular,2024-11-03 00:00:00,SMU,Pittsburgh,ACC,ACC,48.0,25.0,False,True,Gerald J. Ford Stadium
401643748,2024,10,regular,2024-11-03 00:00:00,Nevada,Colorado State,Mountain West,Mountain West,21.0,38.0,False,True,Mackay Stadium
401634114,2024,10,regular,2024-11-03 01:00:00,Sacramento State,Portland State,Big Sky,Big Sky,38.0,58.0,False,True,Hornet Stadium
401676196,2024,10,regular,2024-11-03 02:00:00,Chapman,Claremont Mudd Scripps,So. Cal.,So. Cal.,9.0,7.0,False,True,Ernie Chapman Stadium
401676182,2024,10,regular,2024-11-03 02:00:00,Pomona Pitzer,Cal Lutheran,So. Cal.,So. Cal.,32.0,27.0,False,True,Merritt Field
401644760,2024,11,regular,2024-11-06 00:30:00,Central Michigan,Bowling Green,Mid-American,Mid-American,13.0,23.0,False,True,Kelly/Shorts Stadium
401644688,2024,11,regular,2024-11-06 01:00:00,Ball State,Miami (OH),Mid-American,Mid-American,21.0,27.0,False,True,Scheumann Stadium
401644762,2024,11,regular,2024-11-07 00:00:00,Western Michigan,Northern Illinois,Mid-American,Mid-American,28.0,42.0,False,True,Waldo Stadium
401644761,2024,11,regular,2024-11-07 00:00:00,Kent State,Ohio,Mid-American,Mid-American,0.0,41.0,False,True,Dix Stadium
401643825,2024,11,regular,2024-11-08 01:00:00,Coastal Carolina,App State,Sun Belt,Sun Belt,38.0,24.0,False,True,Brooks Stadium (SC)
401645361,2024,11,regular,2024-11-08 01:00:00,East Carolina,Florida Atlantic,American Athletic,American Athletic,49.0,14.0,False,True,Dowdy-Ficklen Stadium
401654467,2024,11,regular,2024-11-08 23:00:00,Princeton,Dartmouth,Ivy,Ivy,17.0,26.0,False,True,Princeton University Stadium
401634773,2024,11,regular,2024-11-09 01:00:00,Wake Forest,California,ACC,ACC,36.0,46.0,False,True,Allegacy Federal Credit Union Stadium
401645362,2024,11,regular,2024-11-09 02:00:00,Memphis,Rice,American Athletic,American Athletic,27.0,20.0,False,True,Simmons Bank Liberty Stadium
401628542,2024,11,regular,2024-11-09 02:00:00,UCLA,Iowa,Big Ten,Big Ten,20.0,17.0,False,True,Rose Bowl
401643754,2024,11,regular,2024-11-09 03:30:00,San Diego State,New Mexico,Mountain West,Mountain West,16.0,21.0,False,True,Snapdragon Stadium
401679157,2024,11,regular,2024-11-09 16:00:00,Mercyhurst,Lincoln (CA),NEC,Independent DII,66.0,0.0,False,False,Saxon Stadium
401674356,2024,11,regular,2024-11-09 17:00:00,California (PA),Edinboro,Pennsylvania State Athletic,Pennsylvania State Athletic,28.0,14.0,False,True,Adamson Stadium
401676029,2024,11,regular,2024-11-09 17:00:00,Greensboro,Maryville (TN),USA South,USA South,7.0,47.0,False,True,Jamieson Stadium
401673416,2024,11,regular,2024-11-09 17:00:00,Moravian,Lycoming,Landmark Conference,Landmark Conference,34.0,23.0,False,True,Rocco Calvo Field
401674893,2024,11,regular,2024-11-09 17:00:00,Fitchburg State,Plymouth State,MSCAC,MSCAC,21.0,26.0,False,True,Elliot Field Athletic Complex
401675433,2024,11,regular,2024-11-09 17:00:00,Findlay,Northwood,Great Midwest Athletic,Great Midwest Athletic,27.0,17.0,False,True,Donnell Stadium
401682281,2024,11,regular,2024-11-09 17:00:00,Westfield State,UMass Dartmouth,MSCAC,MSCAC,14.0,56.0,False,True,"Alumni Field (Westfield, MA)"
401674869,2024,11,regular,2024-11-09 17:00:00,Albright,King's,Mid Atlantic,Mid Atlantic,6.0,41.0,False,True,Gene L. Shirk Stadium
401676175,2024,11,regular,2024-11-09 17:00:00,Trinity (CT),Wesleyan (CT),NESCAC,NESCAC,17.0,27.0,False,True,Jessee/Miller Field
401674884,2024,11,regular,2024-11-09 17:00:00,Vermont State Castleton,Bridgewater State,MSCAC,MSCAC,20.0,31.0,False,True,Dave Wolk Stadium
401674761,2024,11,regular,2024-11-09 17:00:00,Brockport,SUNY Cortland,Empire 8,Empire 8,28.0,29.0,False,True,Bob Boozer Field
401687162,2024,11,regular,2024-11-09 17:00:00,St. John Fisher,SUNY Morrisville,Empire 8,Empire 8,11.0,14.0,False,True,Growney Stadium
401676664,2024,11,regular,2024-11-09 17:00:00,Keystone,Juniata,Landmark Conference,Landmark Conference,38.0,43.0,False,True,Athletic Field Complex
401628417,2024,11,regular,2024-11-09 17:00:00,Texas,Florida,SEC,SEC,49.0,17.0,False,True,DKR-Texas Memorial Stadium
401628545,2024,11,regular,2024-11-09 17:00:00,Ohio State,Purdue,Big Ten,Big Ten,45.0,0.0,False,True,Ohio Stadium
401628544,2024,11,regular,2024-11-09 17:00:00,Rutgers,Minnesota,Big Ten,Big Ten,26.0,19.0,False,True,SHI Stadium
401635609,2024,11,regular,2024-11-09 17:00:00,Georgia Tech,Miami,ACC,ACC,28.0,23.0,False,True,Bobby Dodd Stadium
401645363,2024,11,regular,2024-11-09 17:00:00,South Florida,Navy,American Athletic,American Athletic,7.0,28.0,False,True,Raymond James Stadium
401675761,2024,11,regular,2024-11-09 17:00:00,Limestone,Barton,South Atlantic,South Atlantic,40.0,26.0,False,True,The Reservation
401676132,2024,11,regular,2024-11-09 17:00:00,Northwestern (MN),Greenville,Upper Midwest,Upper Midwest,42.0,34.0,False,True,Reynolds Field
401674845,2024,11,regular,2024-11-09 17:00:00,Union,Rochester (NY),Liberty League,Liberty League,34.0,13.0,False,True,Frank Bailey Field
401674901,2024,11,regular,2024-11-09 17:00:00,Worcester State,Mass Maritime,MSCAC,MSCAC,7.0,34.0,False,True,John Coughlin Memorial Field
401654502,2024,11,regular,2024-11-09 17:00:00,Delaware State,Morgan State,MEAC,MEAC,28.0,36.0,False,True,Alumni Stadium
401682329,2024,11,regular,2024-11-09 17:00:00,Coast Guard,SUNY Maritime,NEWMAC,NEWMAC,37.0,55.0,False,True,Cadet Memorial Field
401675503,2024,11,regular,2024-11-09 17:00:00,Shorter,West Alabama,Gulf South,Gulf South,6.0,31.0,False,True,Barron Stadium
401676188,2024,11,regular,2024-11-09 17:00:00,Williams,Amherst,NESCAC,NESCAC,21.0,0.0,False,True,Farley-Lamb Field
401677500,2024,11,regular,2024-11-09 17:00:00,Salve Regina,WPI,NEWMAC,NEWMAC,21.0,14.0,False,True,Toppa Field
401673426,2024,11,regular,2024-11-09 17:00:00,Delaware Valley,Eastern,Mid Atlantic,Mid Atlantic,27.0,0.0,False,True,Robert A. Lipinski Field at James Work Memorial Stadium
401676013,2024,11,regular,2024-11-09 17:00:00,North Carolina Wesleyan,Brevard,USA South,USA South,30.0,24.0,False,True,Bishop Stadium
401676099,2024,11,regular,2024-11-09 17:00:00,Kutztown,West Chester,Pennsylvania State Athletic,Pennsylvania State Athletic,31.0,13.0,False,True,Andre Reed Stadium
401676222,2024,11,regular,2024-11-09 17:00:00,Norwich,MIT,NEWMAC,NEWMAC,0.0,27.0,False,True,Sabine Field at Haynes Family Stadium
401654494,2024,11,regular,2024-11-09 17:00:00,Harvard,Columbia,Ivy,Ivy,26.0,6.0,False,True,Harvard Stadium
401636918,2024,11,regular,2024-11-09 17:00:00,Cincinnati,West Virginia,Big 12,Big 12,24.0,31.0,False,True,Nippert Stadium
401635606,2024,11,regular,2024-11-09 17:00:00,Boston College,Syracuse,ACC,ACC,37.0,31.0,False,True,"Alumni Stadium (Chestnut Hill, MA)"
401654593,2024,11,regular,2024-11-09 17:00:00,Duquesne,Robert Morris,NEC,NEC,31.0,6.0,False,True,Arthur J. Rooney Athletic Field
401676154,2024,11,regular,2024-11-09 17:00:00,Hamilton,Bates,NESCAC,NESCAC,24.0,21.0,False,True,Steuben Field
401638692,2024,11,regular,2024-11-09 17:00:00,Dayton,San Diego,Pioneer,Pioneer,10.0,16.0,False,True,Welcome Stadium
401675425,2024,11,regular,2024-11-09 17:00:00,Walsh,Ashland,Great Midwest Athletic,Great Midwest Athletic,24.0,10.0,False,True,Tom Benson Hall of Fame Stadium
401674281,2024,11,regular,2024-11-09 17:00:00,Fairmont State,West Liberty,Mountain East,Mountain East,36.0,35.0,False,True,Duvall-Rosier Field
401676216,2024,11,regular,2024-11-09 17:00:00,Merchant Marine,Springfield,NEWMAC,NEWMAC,7.0,42.0,False,True,Brooks Stadium (NY)
401674385,2024,11,regular,2024-11-09 17:00:00,Clarion,Gannon,Pennsylvania State Athletic,Pennsylvania State Athletic,28.0,34.0,False,True,"Memorial Stadium (Clarion, PA)"
401676304,2024,11,regular,2024-11-09 17:00:00,Centre,Rhodes,Southern Athletic,Southern Athletic,49.0,20.0,False,True,Farris Stadium
401676624,2024,11,regular,2024-11-09 17:00:00,Carnegie Mellon,Allegheny,Presidents',Presidents',63.0,10.0,False,True,Gesling Stadium
401674564,2024,11,regular,2024-11-09 17:00:00,Michigan Tech,Grand Valley State,GLIAC,GLIAC,0.0,20.0,False,True,Sherman Field
401676743,2024,11,regular,2024-11-09 17:00:00,Southwest Minnesota State,Winona State,Northern Sun,Northern Sun,15.0,37.0,False,True,Schwan Regional Event Center
401677362,2024,11,regular,2024-11-09 17:00:00,Western Connecticut State,Framingham State,MSCAC,MSCAC,76.0,18.0,False,True,Westside Athletic Complex
401674576,2024,11,regular,2024-11-09 17:00:00,Davenport,Northern Michigan,GLIAC,GLIAC,52.0,31.0,False,True,Farmers Insurance Athletic Complex
401674709,2024,11,regular,2024-11-09 17:00:00,Nichols,Curry,Commonwealth Coast,Commonwealth Coast,41.0,47.0,False,True,Vendetti Field
401654621,2024,11,regular,2024-11-09 17:00:00,Holy Cross,Lehigh,Patriot,Patriot,7.0,10.0,False,True,Fitton Field
401654598,2024,11,regular,2024-11-09 17:00:00,Sacred Heart,Long Island University,FCS Independents,NEC,7.0,28.0,False,False,Campus Field
401674718,2024,11,regular,2024-11-09 17:00:00,Endicott,Husson,Commonwealth Coast,Commonwealth Coast,32.0,6.0,False,True,Hempstead Stadium
401673435,2024,11,regular,2024-11-09 17:00:00,FDU Florham,Widener,Mid Atlantic,Mid Atlantic,7.0,10.0,False,True,Robert T. Shields Field
401674874,2024,11,regular,2024-11-09 17:00:00,Misericordia,Stevenson,Mid Atlantic,Mid Atlantic,17.0,56.0,False,True,Mangelsdorf Field
401634140,2024,11,regular,2024-11-09 17:00:00,East Tennessee State,Western Carolina,Southern,Southern,24.0,21.0,False,True,William B. Greene Jr. Stadium
401676104,2024,11,regular,2024-11-09 17:00:00,Hiram,DePauw,North Coast,North Coast,7.0,58.0,False,True,Charles A. Henry Field
401643828,2024,11,regular,2024-11-09 17:00:00,UL Monroe,Texas State,Sun Belt,Sun Belt,17.0,38.0,False,True,Malone Stadium
401654460,2024,11,regular,2024-11-09 17:00:00,Yale,Brown,Ivy,Ivy,56.0,34.0,False,True,Yale Bowl
401676169,2024,11,regular,2024-11-09 17:30:00,Tufts,Middlebury,NESCAC,NESCAC,17.0,7.0,False,True,Ellis Oval at Zimman Field
401674929,2024,11,regular,2024-11-09 18:00:00,Kalamazoo,Alma,Michigan,Michigan,13.0,51.0,False,True,Angell Field
401674839,2024,11,regular,2024-11-09 18:00:00,Ithaca,St. Lawrence,Liberty League,Liberty League,41.0,0.0,False,True,Butterfield Stadium
401674825,2024,11,regular,2024-11-09 18:00:00,Catholic,Wilkes,Landmark Conference,Landmark Conference,15.0,40.0,False,True,Cardinal Stadium (DC)
401674590,2024,11,regular,2024-11-09 18:00:00,Luther,Buena Vista,American Rivers,American Rivers,13.0,40.0,False,True,Legacy Field in Carlson Stadium
401654630,2024,11,regular,2024-11-09 18:00:00,Colgate,Lafayette,Patriot,Patriot,20.0,21.0,False,True,Andy Kerr Stadium
401654652,2024,11,regular,2024-11-09 18:00:00,Bucknell,Fordham,Patriot,Patriot,28.0,27.0,False,True,Christy Mathewson-Memorial Stadium
401675944,2024,11,regular,2024-11-09 18:00:00,Wisconsin La Crosse,Wisconsin Whitewater,Wisconsin,Wisconsin,24.0,21.0,False,True,Veterans Memorial Stadium (WI)
401675958,2024,11,regular,2024-11-09 18:00:00,Wisconsin River Falls,Wisconsin Stevens Point,Wisconsin,Wisconsin,45.0,17.0,False,True,David Smith Stadium at Ramer Field
401676070,2024,11,regular,2024-11-09 18:00:00,St. Norbert,Lakeland,NACC,NACC,55.0,13.0,False,True,Donald J. Schneider Stadium
401628678,2024,11,regular,2024-11-09 18:00:00,Maine,Bryant,Coastal Athletic,Coastal Athletic,38.0,26.0,False,True,Alfond Stadium
401676108,2024,11,regular,2024-11-09 18:00:00,Lock Haven,Shippensburg,Pennsylvania State Athletic,Pennsylvania State Athletic,42.0,21.0,False,True,Hubert Jack Stadium
401676125,2024,11,regular,2024-11-09 18:00:00,Westminster (MO),Minnesota Morris,Upper Midwest,Upper Midwest,27.0,47.0,False,True,Blue Jay Stadium
401674263,2024,11,regular,2024-11-09 18:00:00,West Virginia Wesleyan,Charleston (WV),Mountain East,Mountain East,21.0,69.0,False,True,Cebe Ross Field
401676426,2024,11,regular,2024-11-09 18:00:00,Geneva,Westminster (PA),Presidents',Presidents',7.0,56.0,False,True,Reeves Field (PA)
401676728,2024,11,regular,2024-11-09 18:00:00,Saint Anselm,New Haven,Northeast 10,Northeast 10,11.0,14.0,False,True,Grappone Stadium
401674287,2024,11,regular,2024-11-09 18:00:00,Glenville State,West Virginia State,Mountain East,Mountain East,40.0,14.0,False,True,I.L. & Sue Morris Stadium
401658366,2024,11,regular,2024-11-09 18:00:00,UNC Pembroke,Frostburg State,Mountain East,Mountain East,58.0,17.0,False,True,Grace P. Johnson Stadium
401674272,2024,11,regular,2024-11-09 18:00:00,Concord,Wheeling,Mountain East,Mountain East,30.0,50.0,False,True,Callaghan Stadium
401675440,2024,11,regular,2024-11-09 18:00:00,Hillsdale,Tiffin,Great Midwest Athletic,Great Midwest Athletic,20.0,17.0,False,True,"Frank ""Muddy"" Waters Stadium"
401676041,2024,11,regular,2024-11-09 18:00:00,Concordia (WI),Concordia Chicago,NACC,NACC,52.0,24.0,False,True,Tomasini Stadium
401658346,2024,11,regular,2024-11-09 18:00:00,Ferris State,Saginaw Valley State,GLIAC,GLIAC,27.0,24.0,False,True,Top Taggart Field
401673379,2024,11,regular,2024-11-09 18:00:00,Tusculum,Carson Newman,South Atlantic,South Atlantic,14.0,56.0,False,True,Pioneer Field (TN)
401674517,2024,11,regular,2024-11-09 18:00:00,Lincoln (MO),Lane College,Great Lakes,SIAC,28.0,41.0,False,False,Dwight T. Reed Stadium
401676242,2024,11,regular,2024-11-09 18:00:00,Rowan,Kean,New Jersey,New Jersey,42.0,14.0,False,True,Richard Wackar Stadium
401675827,2024,11,regular,2024-11-09 18:00:00,Minnesota State,University of Mary,Northern Sun,Northern Sun,49.0,21.0,False,True,Blakeslee Stadium
401676249,2024,11,regular,2024-11-09 18:00:00,Salisbury,McDaniel,New Jersey,Centennial,69.0,13.0,False,False,Sea Gull Stadium
401674581,2024,11,regular,2024-11-09 18:00:00,Wayne State (MI),Roosevelt,GLIAC,GLIAC,38.0,14.0,False,True,Tom Adams Field
401676047,2024,11,regular,2024-11-09 18:00:00,Belhaven,LaGrange,USA South,USA South,36.0,9.0,False,True,Belhaven Bowl Stadium
401675034,2024,11,regular,2024-11-09 18:00:00,Rockford,Wisconsin Lutheran,NACC,NACC,48.0,49.0,False,True,Sam Greeley Field
401673389,2024,11,regular,2024-11-09 18:00:00,Emory & Henry,UVA Wise,South Atlantic,South Atlantic,62.0,14.0,False,True,Fred Selfe Stadium at Nicewonder Field
401675385,2024,11,regular,2024-11-09 18:00:00,Bowie State,Lincoln (PA),CIAA,CIAA,45.0,7.0,False,True,Bulldogs Stadium
401675416,2024,11,regular,2024-11-09 18:00:00,Winston-Salem State,Fayetteville State,CIAA,CIAA,37.0,31.0,False,True,Bowman Gray Stadium
401675593,2024,11,regular,2024-11-09 18:00:00,Morehouse,Clark Atlanta,SIAC,SIAC,17.0,28.0,False,True,B.T. Harvey Stadium
401676145,2024,11,regular,2024-11-09 18:00:00,Kenyon,Ohio Wesleyan,North Coast,North Coast,13.0,12.0,False,True,McBride Field
401675606,2024,11,regular,2024-11-09 18:00:00,Central State,Kentucky State,SIAC,SIAC,14.0,24.0,False,True,McPherson Memorial Stadium
401658356,2024,11,regular,2024-11-09 18:00:00,Chowan,Erskine,Gulf South,Gulf South,21.0,3.0,False,True,Garrison Stadium
401674316,2024,11,regular,2024-11-09 18:00:00,Minnesota St Moorhead,Bemidji State,Northern Sun,Northern Sun,14.0,25.0,False,True,Scheels Field at Nemzek Stadium
401674788,2024,11,regular,2024-11-09 18:00:00,Defiance College,Hanover,,Heartland,7.0,31.0,True,False,Justin F. Coressel Stadium
401674686,2024,11,regular,2024-11-09 18:00:00,Ursinus,Gettysburg,Centennial,Centennial,34.0,0.0,False,True,Patterson Field
401675839,2024,11,regular,2024-11-09 18:00:00,Wayne State (NE),Northern State,Northern Sun,Northern Sun,21.0,28.0,False,True,"Memorial Stadium (Wayne, NE)"
401674915,2024,11,regular,2024-11-09 18:00:00,Trine,Adrian,Michigan,Michigan,52.0,32.0,False,True,Fred Zollner Athletic Stadium
401673443,2024,11,regular,2024-11-09 18:00:00,Alvernia,Lebanon Valley,Mid Atlantic,Mid Atlantic,10.0,23.0,False,True,Turf Field
401673978,2024,11,regular,2024-11-09 18:00:00,North Central College,Elmhurst,CCIW,CCIW,70.0,7.0,False,True,Benedetti-Wehrli Stadium
401674327,2024,11,regular,2024-11-09 18:00:00,Concordia St. Paul,Minnesota Duluth,Northern Sun,Northern Sun,7.0,35.0,False,True,Sea Foam Stadium
401674701,2024,11,regular,2024-11-09 18:00:00,Franklin & Marshall,Muhlenberg,Centennial,Centennial,23.0,24.0,False,True,Shadek Stadium
401674753,2024,11,regular,2024-11-09 18:00:00,Hartwick,Alfred,Empire 8,Empire 8,0.0,51.0,False,True,Wright Stadium
401674923,2024,11,regular,2024-11-09 18:00:00,Albion,Olivet,Michigan,Michigan,49.0,14.0,False,True,Sprankle-Sprandel Stadium
401676004,2024,11,regular,2024-11-09 18:00:00,Southern Virginia,Huntingdon,USA South,USA South,0.0,51.0,False,True,Knight Stadium
401676234,2024,11,regular,2024-11-09 18:00:00,Montclair State,Christopher Newport,New Jersey,New Jersey,10.0,33.0,False,True,Sprague Field
401677737,2024,11,regular,2024-11-09 18:00:00,Bluefield State,Elizabeth City State,CIAA,CIAA,21.0,27.0,False,True,Mitchell Stadium
401676713,2024,11,regular,2024-11-09 18:00:00,Pace,Assumption,Northeast 10,Northeast 10,7.0,14.0,False,True,Pace Stadium
401676401,2024,11,regular,2024-11-09 18:00:00,Averett,Guilford,Old Dominion,Old Dominion,28.0,21.0,False,True,Daly Field at Frank R. Campbell Stadium
401674371,2024,11,regular,2024-11-09 18:00:00,East Stroudsburg,Shepherd,Pennsylvania State Athletic,Pennsylvania State Athletic,28.0,7.0,False,True,Eiler-Martin Stadium
401676746,2024,11,regular,2024-11-09 18:00:00,Slippery Rock,Seton Hill,Pennsylvania State Athletic,Pennsylvania State Athletic,38.0,20.0,False,True,Mihalik-Thompson Stadium
401676254,2024,11,regular,2024-11-09 18:00:00,William Paterson,The College of New Jersey,New Jersey,New Jersey,14.0,21.0,False,True,Wightman Stadium
401676768,2024,11,regular,2024-11-09 18:00:00,Western New England,New England,Commonwealth Coast,Commonwealth Coast,24.0,6.0,False,True,Golden Bear Stadium
401676414,2024,11,regular,2024-11-09 18:00:00,Randolph Macon,Ferrum,Old Dominion,Old Dominion,35.0,7.0,False,True,Day Field
401675017,2024,11,regular,2024-11-09 18:00:00,Lake Forest,Monmouth (IL),Midwest,Midwest,35.0,28.0,False,True,Farwell Field
401676631,2024,11,regular,2024-11-09 18:00:00,Saint Vincent,Bethany (WV),Presidents',Presidents',13.0,21.0,False,True,Chuck Noll Field
401676643,2024,11,regular,2024-11-09 18:00:00,Grove City,Case Western Reserve,Presidents',Presidents',30.0,20.0,False,True,Robert E. Thorn Field
401634244,2024,11,regular,2024-11-09 18:00:00,Southern Illinois,Youngstown State,MVFC,MVFC,37.0,33.0,False,True,Saluki Stadium
401676734,2024,11,regular,2024-11-09 18:00:00,Post,American International,Northeast 10,Northeast 10,27.0,28.0,True,True,Municipal Stadium
401628684,2024,11,regular,2024-11-09 18:00:00,Villanova,North Carolina A&T,Coastal Athletic,Coastal Athletic,31.0,3.0,False,True,Villanova Stadium
401676214,2024,11,regular,2024-11-09 18:00:00,Calvin,Hope,Michigan,Michigan,7.0,38.0,True,True,Grand Rapids Christian High School
401673963,2024,11,regular,2024-11-09 18:00:00,Carroll (WI),Illinois Wesleyan,CCIW,CCIW,21.0,24.0,False,True,Schneider Stadium
401674677,2024,11,regular,2024-11-09 18:00:00,Johns Hopkins,Dickinson,Centennial,Centennial,30.0,0.0,False,True,Homewood Field
401675292,2024,11,regular,2024-11-09 18:00:00,Wittenberg,Wabash,North Coast,North Coast,28.0,31.0,False,True,Edwards-Maurer Field
401674741,2024,11,regular,2024-11-09 18:00:00,North Park,Washington St. Louis,CCIW,CCIW,21.0,28.0,False,True,Holmgren Athletic Complex
401628680,2024,11,regular,2024-11-09 18:00:00,Delaware,Rhode Island,CAA,Coastal Athletic,24.0,21.0,False,True,Delaware Stadium
401628681,2024,11,regular,2024-11-09 18:00:00,William & Mary,Elon,Coastal Athletic,Coastal Athletic,36.0,40.0,False,True,Zable Stadium
401628683,2024,11,regular,2024-11-09 18:00:00,New Hampshire,Monmouth,Coastal Athletic,Coastal Athletic,33.0,20.0,False,True,Wildcat Stadium
401634023,2024,11,regular,2024-11-09 18:00:00,SE Louisiana,Northwestern State,Southland,Southland,41.0,0.0,False,True,Strawberry Stadium
401674851,2024,11,regular,2024-11-09 18:00:00,Buffalo State,Rensselaer,Liberty League,Liberty League,7.0,48.0,False,True,Coyer Field
401675452,2024,11,regular,2024-11-09 18:00:00,Lake Erie,Ohio Dominican,Great Midwest Athletic,Great Midwest Athletic,21.0,38.0,False,True,Jack Britt Memorial Stadium
401675490,2024,11,regular,2024-11-09 18:00:00,Mississippi College,Northeastern State,Gulf South,Independent DII,35.0,7.0,False,False,Robinson-Hale Stadium
401676417,2024,11,regular,2024-11-09 18:00:00,Berry,Millsaps,Southern Athletic,Southern Athletic,45.0,7.0,False,True,Valhalla Stadium
401676430,2024,11,regular,2024-11-09 18:00:00,Shenandoah,Hampden Sydney,Old Dominion,Old Dominion,35.0,7.0,False,True,Shentel Stadium
401676439,2024,11,regular,2024-11-09 18:00:00,Waynesburg,Thiel,Presidents',Presidents',37.0,10.0,False,True,John F. Wiley Stadium
401640995,2024,11,regular,2024-11-09 18:00:00,Middle Tennessee,Liberty,Conference USA,Conference USA,17.0,37.0,False,True,"Johnny ""Red"" Floyd Stadium"
401628682,2024,11,regular,2024-11-09 18:00:00,Towson,Hampton,Coastal Athletic,Coastal Athletic,27.0,10.0,False,True,Johnny Unitas Stadium
401638690,2024,11,regular,2024-11-09 18:00:00,Stetson,Marist,Pioneer,Pioneer,31.0,40.0,False,True,Spec Martin Municipal Stadium
401638691,2024,11,regular,2024-11-09 18:00:00,Davidson,Morehead State,Pioneer,Pioneer,31.0,14.0,False,True,Richardson Stadium
401628677,2024,11,regular,2024-11-09 18:00:00,Stony Brook,UAlbany,Coastal Athletic,Coastal Athletic,24.0,6.0,False,True,Kenneth P. LaValle Stadium
401654579,2024,11,regular,2024-11-09 18:00:00,Stonehill,Central Connecticut,NEC,NEC,17.0,21.0,False,True,W.B. Mason Stadium
401654508,2024,11,regular,2024-11-09 18:00:00,Cornell,Pennsylvania,Ivy,Ivy,49.0,67.0,False,True,Schoellkopf Field
401676092,2024,11,regular,2024-11-09 18:00:00,Denison,Oberlin,North Coast,North Coast,63.0,0.0,False,True,Deeds Field-Piper Stadium
401676721,2024,11,regular,2024-11-09 18:00:00,Franklin Pierce,Bentley,Northeast 10,Northeast 10,26.0,34.0,True,True,Sodexo Field
401675393,2024,11,regular,2024-11-09 18:00:00,Virginia State,Virginia Union,CIAA,CIAA,35.0,28.0,False,True,Rogers Stadium (VA)
401676341,2024,11,regular,2024-11-09 18:30:00,Wilmington (OH),Heidelberg,Ohio,Ohio,20.0,30.0,False,True,Wiliams Stadium (OH)
401634150,2024,11,regular,2024-11-09 18:30:00,VMI,Mercer,Southern,Southern,0.0,34.0,False,True,Alumni Memorial Field
401634004,2024,11,regular,2024-11-09 18:30:00,Gardner-Webb,Eastern Illinois,Big South-OVC,Big South-OVC,31.0,28.0,False,True,Ernest W. Spangler Stadium
401676792,2024,11,regular,2024-11-09 18:30:00,Wingate,Newberry,South Atlantic,South Atlantic,38.0,0.0,False,True,Irwin Belk Stadium
401674800,2024,11,regular,2024-11-09 18:30:00,Anderson (IN),Rose Hulman,Heartland,Heartland,9.0,28.0,False,True,Macholtz Stadium
401676298,2024,11,regular,2024-11-09 18:30:00,Baldwin Wallace,Ohio Northern,Ohio,Ohio,27.0,26.0,False,True,George Finnie Stadium
401674771,2024,11,regular,2024-11-09 18:30:00,Bluffton,Franklin,Heartland,Heartland,28.0,22.0,False,True,Alumni Field (OH)
401676313,2024,11,regular,2024-11-09 18:30:00,Muskingum,Capital,Ohio,Ohio,51.0,20.0,False,True,Sherman Field at McConagha Stadium
401676346,2024,11,regular,2024-11-09 18:30:00,John Carroll,Otterbein,Ohio,Ohio,56.0,0.0,False,True,Don Shula Stadium at Wasmer Field
401674794,2024,11,regular,2024-11-09 18:30:00,Manchester,Mount St Joseph,Heartland,Heartland,7.0,43.0,False,True,Carl W. Burt Memorial Stadium
401676353,2024,11,regular,2024-11-09 18:30:00,Mount Union,Marietta,Ohio,Ohio,28.0,21.0,False,True,Mount Union Stadium
401638689,2024,11,regular,2024-11-09 19:00:00,St. Thomas (MN),Drake,Pioneer,Pioneer,19.0,22.0,False,True,O'Shaughnessy Stadium
401675901,2024,11,regular,2024-11-09 19:00:00,Coe,Simpson (IA),American Rivers,American Rivers,47.0,10.0,False,True,Clark Field
401674987,2024,11,regular,2024-11-09 19:00:00,Saint John's (MN),St. Olaf,Minnesota,Minnesota,55.0,6.0,False,True,Clemens Stadium
401674981,2024,11,regular,2024-11-09 19:00:00,Hamline,St. Scholastica,Minnesota,Minnesota,28.0,42.0,False,True,Klas Field
401674614,2024,11,regular,2024-11-09 19:00:00,Loras,Nebraska Wesleyan,American Rivers,American Rivers,32.0,22.0,False,True,Rock Bowl
401676269,2024,11,regular,2024-11-09 19:00:00,Sewanee,Hendrix,Southern Athletic,Southern Athletic,15.0,27.0,False,True,Hardee-McGee Field
401675585,2024,11,regular,2024-11-09 19:00:00,Benedict,Savannah State,SIAC,SIAC,35.0,27.0,False,True,Charlie W. Johnson Stadium
401638688,2024,11,regular,2024-11-09 19:00:00,Valparaiso,Butler,Pioneer,Pioneer,17.0,24.0,False,True,Brown Field
401675980,2024,11,regular,2024-11-09 19:00:00,Wisconsin Platteville,Wisconsin Eau Claire,Wisconsin,Wisconsin,56.0,14.0,False,True,Ralph E. Davis Pioneer Stadium
401674735,2024,11,regular,2024-11-09 19:00:00,Millikin,Wheaton (IL),CCIW,CCIW,10.0,64.0,False,True,Frank M. Lindsay Field
401674644,2024,11,regular,2024-11-09 19:00:00,Hardin Simmons,Mary Hardin Baylor,American Southwest,American Southwest,27.0,19.0,False,True,Shelton Stadium
401673453,2024,11,regular,2024-11-09 19:00:00,Illinois College,Cornell (IA),Midwest,Midwest,42.0,14.0,False,True,England Stadium
401634166,2024,11,regular,2024-11-09 19:00:00,Northern Iowa,Illinois State,MVFC,MVFC,9.0,31.0,False,True,UNI-Dome
401634204,2024,11,regular,2024-11-09 19:00:00,North Dakota,South Dakota State,MVFC,MVFC,7.0,38.0,False,True,Alerus Center
401634156,2024,11,regular,2024-11-09 19:00:00,Furman,Wofford,Southern,Southern,13.0,19.0,False,True,Paladin Stadium
401674997,2024,11,regular,2024-11-09 19:00:00,Ripon,Beloit,Midwest,Midwest,16.0,7.0,False,True,Ingalls Field
401675496,2024,11,regular,2024-11-09 19:00:00,West Florida,North Greenville,Gulf South,Gulf South,35.0,14.0,True,True,Pen-Air Field
401675536,2024,11,regular,2024-11-09 19:00:00,Eastern New Mexico,UT Permian Basin,Lone Star,Lone Star,14.0,64.0,False,True,Al Whitehead Field at Greyhound Stadium
401674523,2024,11,regular,2024-11-09 19:00:00,McKendree,Upper Iowa,Great Lakes,Great Lakes,24.0,28.0,False,True,Leemon Field
401675011,2024,11,regular,2024-11-09 19:00:00,Lawrence,Knox,Midwest,Midwest,34.0,35.0,False,True,Ron Roberts Field at the Banta Bowl
401675803,2024,11,regular,2024-11-09 19:00:00,Livingstone,Johnson C. Smith,CIAA,CIAA,15.0,10.0,False,True,Alumni Memorial Stadium (NC)
401676262,2024,11,regular,2024-11-09 19:00:00,Trinity (TX),Southwestern U,Southern Athletic,Southern Athletic,34.0,7.0,False,True,Trinity University Stadium
401674608,2024,11,regular,2024-11-09 19:00:00,Dubuque,Wartburg,American Rivers,American Rivers,14.0,24.0,False,True,Chalmers Field
401676668,2024,11,regular,2024-11-09 19:00:00,Hilbert,Utica,Empire 8,Empire 8,6.0,36.0,True,True,St. Francis High School
401634006,2024,11,regular,2024-11-09 19:00:00,Western Illinois,Tennessee State,Big South-OVC,Big South-OVC,20.0,45.0,False,True,Hanson Field
401634187,2024,11,regular,2024-11-09 19:00:00,Murray State,Missouri State,MVFC,MVFC,31.0,59.0,False,True,Roy Stewart Stadium
401634178,2024,11,regular,2024-11-09 19:00:00,South Dakota,Indiana State,MVFC,MVFC,49.0,0.0,False,True,DakotaDome
401634005,2024,11,regular,2024-11-09 19:00:00,Lindenwood,Southeast Missouri State,Big South-OVC,Big South-OVC,24.0,12.0,False,True,Hunter Stadium
401634003,2024,11,regular,2024-11-09 19:00:00,Charleston Southern,UT Martin,Big South-OVC,Big South-OVC,14.0,40.0,False,True,Buccaneer Field
401634116,2024,11,regular,2024-11-09 19:00:00,Northern Colorado,Eastern Washington,Big Sky,Big Sky,15.0,43.0,False,True,Nottingham Field
401674347,2024,11,regular,2024-11-09 19:00:00,Bloomsburg,Millersville,Pennsylvania State Athletic,Pennsylvania State Athletic,35.0,27.0,False,True,Robert B. Redman Stadium
401674148,2024,11,regular,2024-11-09 19:00:00,Washburn,Central Oklahoma,Mid America,Mid America,27.0,28.0,False,True,Yager Stadium at Moore Bowl
401674138,2024,11,regular,2024-11-09 19:00:00,Emporia State,Central Missouri,Mid America,Mid America,36.0,45.0,False,True,Francis G. Welch Stadium
401673954,2024,11,regular,2024-11-09 19:00:00,Augustana (IL),Carthage,CCIW,CCIW,31.0,21.0,False,True,Charles D. Lindberg Stadium
401673263,2024,11,regular,2024-11-09 19:00:00,Fort Lewis,New Mexico Highlands,Rocky Mountain,Rocky Mountain,44.0,22.0,False,True,Ray Dennison Memorial Field
401673256,2024,11,regular,2024-11-09 19:00:00,South Dakota Mines,Colorado Mesa,Rocky Mountain,Rocky Mountain,17.0,14.0,False,True,O'Harra Stadium
401674506,2024,11,regular,2024-11-09 19:00:00,Indianapolis,Missouri S&T,Great Lakes,Great Lakes,55.0,10.0,False,True,Key Stadium
401674948,2024,11,regular,2024-11-09 19:00:00,Augsburg,Macalester,Minnesota,Minnesota,33.0,3.0,False,True,Edor Nelson Field
401632077,2024,11,regular,2024-11-09 19:00:00,West Georgia,Tarleton State,UAC,UAC,21.0,38.0,False,True,University Stadium (GA)
401675578,2024,11,regular,2024-11-09 19:00:00,Edward Waters,Allen,SIAC,SIAC,33.0,28.0,False,True,Earl Kitchings Stadium
401674432,2024,11,regular,2024-11-09 19:00:00,Henderson State,Southwestern Oklahoma State,Great American,Great American,35.0,17.0,False,True,Ruggles Field at Carpenter-Haygood Stadium
401674963,2024,11,regular,2024-11-09 19:00:00,Carleton,Gustavus Adolphus,Minnesota,Minnesota,51.0,17.0,False,True,Laird Stadium
401632140,2024,11,regular,2024-11-09 19:00:00,Eastern Kentucky,Central Arkansas,UAC,UAC,31.0,24.0,False,True,Roy Kidd Stadium
401675569,2024,11,regular,2024-11-09 19:00:00,Fort Valley State,Albany State,SIAC,SIAC,15.0,20.0,True,True,A.J. McClung Stadium
401674651,2024,11,regular,2024-11-09 19:00:00,Howard Payne,East Texas Baptist,American Southwest,American Southwest,17.0,38.0,False,True,Gordon Wood Stadium
401674667,2024,11,regular,2024-11-09 19:00:00,Centenary (LA),Texas Lutheran,Southern Collegiate Athletic,Southern Collegiate Athletic,23.0,46.0,True,True,Mayo Field
401675004,2024,11,regular,2024-11-09 19:00:00,Chicago,Grinnell,Midwest,Midwest,42.0,6.0,False,True,Amos Alonzo Stagg Field
401674970,2024,11,regular,2024-11-09 19:00:00,Concordia (MN),Bethel (MN),Minnesota,Minnesota,16.0,49.0,False,True,Jake Christiansen Stadium
401675447,2024,11,regular,2024-11-09 19:00:00,Thomas More,Kentucky Wesleyan,Great Midwest Athletic,Great Midwest Athletic,47.0,12.0,True,True,BB&T Field at Griffin Plaza
401632467,2024,11,regular,2024-11-09 19:00:00,The Citadel,Chattanooga,Southern,Southern,7.0,31.0,False,True,Johnson Hagood Stadium
401675554,2024,11,regular,2024-11-09 19:00:00,Western New Mexico,Texas A&M-Kingsville,Lone Star,Lone Star,20.0,28.0,False,True,Ben Altamirano Field
401675613,2024,11,regular,2024-11-09 19:00:00,Tuskegee,Miles,SIAC,SIAC,7.0,37.0,False,True,Abbott Memorial Alumni Stadium
401676408,2024,11,regular,2024-11-09 19:00:00,Bridgewater,Washington and Lee,Old Dominion,Old Dominion,7.0,23.0,False,True,Jopson Athletic Complex
401676139,2024,11,regular,2024-11-09 19:00:00,Martin Luther,Crown,Upper Midwest,Upper Midwest,13.0,0.0,False,True,MLC Bowl
401675832,2024,11,regular,2024-11-09 19:00:00,Augustana (SD),Sioux Falls,Northern Sun,Northern Sun,27.0,21.0,False,True,Kirkeby-Over Stadium
401674536,2024,11,regular,2024-11-09 19:00:00,Southwest Baptist,Quincy,Great Lakes,Great Lakes,25.0,34.0,False,True,Plaster Sports Complex
401629037,2024,11,regular,2024-11-09 19:30:00,UAB,UConn,American Athletic,FBS Independents,23.0,31.0,False,False,Protective Stadium
401673273,2024,11,regular,2024-11-09 20:00:00,CSU Pueblo,Colorado School of Mines,Rocky Mountain,Rocky Mountain,28.0,13.0,False,True,Neta and Eddie DeRose ThunderBowl
401634257,2024,11,regular,2024-11-09 20:00:00,Arkansas-Pine Bluff,Alabama A&M,SWAC,SWAC,24.0,52.0,False,True,Golden Lion Stadium
401675952,2024,11,regular,2024-11-09 20:00:00,Wisconsin Oshkosh,Wisconsin Stout,Wisconsin,Wisconsin,42.0,45.0,False,True,J.J. Keller Field at Titan Stadium
401674661,2024,11,regular,2024-11-09 20:00:00,Lyon,McMurry,Southern Collegiate Athletic,Southern Collegiate Athletic,0.0,28.0,True,True,Pioneer Stadium
401643829,2024,11,regular,2024-11-09 20:00:00,Southern Miss,Marshall,Sun Belt,Sun Belt,3.0,37.0,False,True,M. M. Roberts Stadium
401634120,2024,11,regular,2024-11-09 20:00:00,Montana State,Sacramento State,Big Sky,Big Sky,49.0,7.0,False,True,Bobcat Stadium
401632135,2024,11,regular,2024-11-09 20:00:00,North Alabama,Southern Utah,UAC,UAC,26.0,38.0,False,True,Eccles Coliseum
401655656,2024,11,regular,2024-11-09 20:00:00,Samford,Tennessee Tech,Southern,Big South-OVC,7.0,27.0,False,False,Seibert Stadium
401636350,2024,11,regular,2024-11-09 20:00:00,Grambling,Alabama State,SWAC,SWAC,24.0,23.0,False,True,Eddie Robinson Stadium
401634027,2024,11,regular,2024-11-09 20:00:00,Houston Christian,Nicholls,Southland,Southland,24.0,21.0,False,True,Husky Stadium
401634028,2024,11,regular,2024-11-09 20:00:00,Incarnate Word,Lamar,Southland,Southland,41.0,20.0,False,True,Gayle and Tom Benson Stadium
401636378,2024,11,regular,2024-11-09 20:00:00,Prairie View A&M,Florida A&M,SWAC,SWAC,31.0,12.0,False,True,Panther Stadium
401634118,2024,11,regular,2024-11-09 20:00:00,Weber State,Idaho State,Big Sky,Big Sky,35.0,43.0,False,True,Stewart Stadium
401636369,2024,11,regular,2024-11-09 20:00:00,Southern,Bethune-Cookman,SWAC,SWAC,25.0,23.0,False,True,Ace W. Mumford Stadium
401636391,2024,11,regular,2024-11-09 20:00:00,Jackson State,Mississippi Valley State,SWAC,SWAC,51.0,14.0,False,True,Mississippi Veterans Memorial Stadium
401654568,2024,11,regular,2024-11-09 20:00:00,Alcorn State,Texas Southern,SWAC,SWAC,42.0,21.0,False,True,Jack Spinks Stadium
401673247,2024,11,regular,2024-11-09 20:00:00,Western Colorado,Chadron State,Rocky Mountain,Rocky Mountain,21.0,17.0,False,True,Mountaineer Bowl
401673149,2024,11,regular,2024-11-09 20:00:00,Black Hills State,Adams State,Rocky Mountain,Rocky Mountain,45.0,3.0,False,True,Lyle Hare Stadium
401674398,2024,11,regular,2024-11-09 20:00:00,Southeastern Oklahoma State,Arkansas Tech,Great American,Great American,0.0,6.0,False,True,Paul Laird Field
401674482,2024,11,regular,2024-11-09 20:00:00,Oklahoma Baptist,Ouachita Baptist,Great American,Great American,0.0,55.0,False,True,Crain Family Stadium
401674496,2024,11,regular,2024-11-09 20:00:00,Southern Arkansas,Northwestern (OK),Great American,Great American,78.0,0.0,False,True,Wilkins Stadium
401674173,2024,11,regular,2024-11-09 20:00:00,Missouri Southern State,Nebraska Kearney,Mid America,Mid America,24.0,13.0,False,True,Fred G. Hughes Stadium
401674408,2024,11,regular,2024-11-09 20:00:00,Southern Nazarene,Arkansas Monticello,Great American,Great American,24.0,21.0,False,True,Southern Nazarene University Football Stadium
401674417,2024,11,regular,2024-11-09 20:00:00,East Central,Harding,Great American,Great American,7.0,34.0,False,True,Koi Ishto Stadium
401674178,2024,11,regular,2024-11-09 20:00:00,Missouri Western,Northwest Missouri State,Mid America,Mid America,23.0,33.0,False,True,Craig Field at Spratt Memorial Stadium
401675482,2024,11,regular,2024-11-09 20:00:00,Delta State,Valdosta State,Gulf South,Gulf South,20.0,49.0,False,True,Parker Field at McCool Stadium
401629045,2024,11,regular,2024-11-09 20:30:00,North Texas,Army,American Athletic,American Athletic,3.0,14.0,False,True,DATCU Stadium
401643755,2024,11,regular,2024-11-09 20:30:00,Oregon State,San José State,Pac-12,Mountain West,13.0,24.0,False,False,Reser Stadium
401643826,2024,11,regular,2024-11-09 20:30:00,James Madison,Georgia State,Sun Belt,Sun Belt,38.0,7.0,False,True,Bridgeforth Stadium
401654542,2024,11,regular,2024-11-09 20:30:00,Howard,South Carolina State,MEAC,MEAC,14.0,38.0,False,True,William H. Greene Stadium
401635608,2024,11,regular,2024-11-09 20:30:00,NC State,Duke,ACC,ACC,19.0,29.0,False,True,Carter-Finley Stadium
401628414,2024,11,regular,2024-11-09 20:30:00,Ole Miss,Georgia,SEC,SEC,28.0,10.0,False,True,Vaught-Hemingway Stadium
401636919,2024,11,regular,2024-11-09 20:30:00,Kansas,Iowa State,Big 12,Big 12,45.0,36.0,True,True,GEHA Field at Arrowhead Stadium
401635607,2024,11,regular,2024-11-09 20:30:00,Virginia Tech,Clemson,ACC,ACC,14.0,24.0,False,True,Lane Stadium
401628541,2024,11,regular,2024-11-09 20:30:00,Indiana,Michigan,Big Ten,Big Ten,20.0,15.0,False,True,"Memorial Stadium (Bloomington, IN)"
401628679,2024,11,regular,2024-11-09 20:30:00,Campbell,Richmond,Coastal Athletic,Coastal Athletic,24.0,27.0,False,True,Barker-Lane Stadium
401645364,2024,11,regular,2024-11-09 21:00:00,Tulane,Temple,American Athletic,American Athletic,52.0,6.0,False,True,Yulman Stadium
401676183,2024,11,regular,2024-11-09 21:00:00,Claremont Mudd Scripps,Cal Lutheran,So. Cal.,So. Cal.,41.0,24.0,False,True,Fritz B. Burns Stadium
401636921,2024,11,regular,2024-11-09 21:00:00,Texas Tech,Colorado,Big 12,Big 12,27.0,41.0,False,True,Jones AT&T Stadium
401676329,2024,11,regular,2024-11-09 21:00:00,Willamette,Pacific (OR),Northwest,Northwest,10.0,24.0,False,True,McCulloch Stadium
401676291,2024,11,regular,2024-11-09 21:00:00,Linfield,Pacific Lutheran,Northwest,Northwest,38.0,10.0,False,True,Maxwell Field
401682377,2024,11,regular,2024-11-09 21:00:00,Puget Sound,Lewis & Clark,Northwest,Northwest,28.0,55.0,False,True,Baker Stadium
401676201,2024,11,regular,2024-11-09 21:00:00,La Verne,Chapman,So. Cal.,So. Cal.,21.0,42.0,False,True,Ortmayer Stadium
401675796,2024,11,regular,2024-11-09 21:00:00,Anderson (SC),Mars Hill,South Atlantic,South Atlantic,16.0,31.0,True,True,Spero Financial Field
401641021,2024,11,regular,2024-11-09 21:00:00,UTEP,Kennesaw State,Conference USA,Conference USA,43.0,35.0,False,True,Sun Bowl
401675931,2024,11,regular,2024-11-09 21:00:00,Redlands,Pomona Pitzer,So. Cal.,So. Cal.,10.0,21.0,False,True,Ted Runner Stadium
401676285,2024,11,regular,2024-11-09 21:00:00,George Fox,Whitworth,Northwest,Northwest,0.0,31.0,False,True,Stoffer Family Stadium
401674542,2024,11,regular,2024-11-09 21:00:00,William Jewell,Truman State,Great Lakes,Great Lakes,0.0,34.0,True,True,Liberty North High School
401632130,2024,11,regular,2024-11-09 21:00:00,Austin Peay,Abilene Christian,UAC,UAC,34.0,35.0,False,True,Governors Stadium
401634117,2024,11,regular,2024-11-09 21:00:00,Portland State,Idaho,Big Sky,Big Sky,30.0,39.0,False,True,Hillsboro Stadium
401675520,2024,11,regular,2024-11-09 21:05:00,Western Oregon,Angelo State,Lone Star,Lone Star,16.0,38.0,False,True,McArthur Field
401628418,2024,11,regular,2024-11-09 21:15:00,Vanderbilt,South Carolina,SEC,SEC,7.0,28.0,False,True,FirstBank Stadium
401641004,2024,11,regular,2024-11-09 21:30:00,Louisiana Tech,Jacksonville State,Conference USA,Conference USA,37.0,44.0,False,True,Joe Aillet Stadium
401675122,2024,11,regular,2024-11-09 21:30:00,East Texas A&M,Stephen F. Austin,Southland,Southland,19.0,14.0,False,True,Memorial Stadium (Commerce TX)
401679014,2024,11,regular,2024-11-09 22:00:00,Bowdoin,Colby,NESCAC,NESCAC,10.0,34.0,False,True,Whittier Field
401643827,2024,11,regular,2024-11-09 22:00:00,Louisiana,Arkansas State,Sun Belt,Sun Belt,55.0,19.0,False,True,Cajun Field
401641036,2024,11,regular,2024-11-09 23:00:00,New Mexico State,Western Kentucky,Conference USA,Conference USA,28.0,41.0,False,True,Aggie Memorial Stadium
401675769,2024,11,regular,2024-11-09 23:00:00,Catawba,Lenoir Rhyne,South Atlantic,South Atlantic,14.0,33.0,False,True,Shuford Stadium
401636917,2024,11,regular,2024-11-10 00:00:00,Arizona State,UCF,Big 12,Big 12,35.0,31.0,False,True,Mountain America Stadium
401675543,2024,11,regular,2024-11-10 00:00:00,West Texas,Midwestern State,Lone Star,Lone Star,17.0,12.0,False,True,Buffalo Stadium
401628543,2024,11,regular,2024-11-10 00:00:00,Oregon,Maryland,Big Ten,Big Ten,39.0,18.0,False,True,Autzen Stadium
401628416,2024,11,regular,2024-11-10 00:00:00,Tennessee,Mississippi State,SEC,SEC,33.0,14.0,False,True,Neyland Stadium
401636920,2024,11,regular,2024-11-10 00:00:00,TCU,Oklahoma State,Big 12,Big 12,38.0,13.0,False,True,Amon G. Carter Stadium
401675995,2024,11,regular,2024-11-10 00:00:00,Eureka,Aurora,NACC,NACC,0.0,56.0,False,True,Pete FioRito Stadium at McKinzie Field
401628984,2024,11,regular,2024-11-10 00:30:00,Notre Dame,Florida State,FBS Independents,ACC,52.0,3.0,False,False,Notre Dame Stadium
401628413,2024,11,regular,2024-11-10 00:30:00,LSU,Alabama,SEC,SEC,13.0,42.0,False,True,Tiger Stadium (LA)
401628415,2024,11,regular,2024-11-10 00:45:00,Missouri,Oklahoma,SEC,SEC,30.0,23.0,False,True,Memorial Stadium
401628546,2024,11,regular,2024-11-10 01:00:00,Penn State,Washington,Big Ten,Big Ten,35.0,6.0,False,True,Beaver Stadium
401634115,2024,11,regular,2024-11-10 01:00:00,Cal Poly,Northern Arizona,Big Sky,Big Sky,14.0,31.0,False,True,Alex G. Spanos Stadium
401635610,2024,11,regular,2024-11-10 01:00:00,Pittsburgh,Virginia,ACC,ACC,19.0,24.0,False,True,Acrisure Stadium
401643752,2024,11,regular,2024-11-10 01:00:00,Boise State,Nevada,Mountain West,Mountain West,28.0,21.0,False,True,Albertsons Stadium
401675528,2024,11,regular,2024-11-10 02:00:00,Central Washington,Sul Ross State,Lone Star,Lone Star,66.0,0.0,False,True,Tomlinson Stadium
401643753,2024,11,regular,2024-11-10 02:00:00,Hawai'i,UNLV,Mountain West,Mountain West,27.0,29.0,False,True,Clarence T.C. Ching Athletics Complex
401643751,2024,11,regular,2024-11-10 02:45:00,Air Force,Fresno State,Mountain West,Mountain West,36.0,28.0,False,True,Falcon Stadium
401636922,2024,11,regular,2024-11-10 03:15:00,Utah,BYU,Big 12,Big 12,21.0,22.0,False,True,Rice-Eccles Stadium
401634119,2024,11,regular,2024-11-10 03:15:00,Montana,UC Davis,Big Sky,Big Sky,14.0,30.0,False,True,Washington-Grizzly Stadium
401643756,2024,11,regular,2024-11-10 03:30:00,Washington State,Utah State,Pac-12,Mountain West,49.0,28.0,False,False,Gesa Field
401644763,2024,12,regular,2024-11-13 00:00:00,Buffalo,Ball State,Mid-American,Mid-American,51.0,48.0,False,True,UB Stadium
401644764,2024,12,regular,2024-11-13 00:00:00,Bowling Green,Western Michigan,Mid-American,Mid-American,31.0,13.0,False,True,Doyt L. Perry Stadium
401644765,2024,12,regular,2024-11-13 00:00:00,Toledo,Central Michigan,Mid-American,Mid-American,37.0,10.0,False,True,Glass Bowl
401644767,2024,12,regular,2024-11-14 00:00:00,Ohio,Eastern Michigan,Mid-American,Mid-American,35.0,10.0,False,True,Peden Stadium
401644689,2024,12,regular,2024-11-14 00:00:00,Miami (OH),Kent State,Mid-American,Mid-American,34.0,7.0,False,True,Yager Stadium
401644766,2024,12,regular,2024-11-14 00:00:00,Northern Illinois,Akron,Mid-American,Mid-American,29.0,16.0,False,True,Huskie Stadium
401645365,2024,12,regular,2024-11-15 00:30:00,Tulsa,East Carolina,American Athletic,American Athletic,31.0,38.0,False,True,Chapman Stadium
401634258,2024,12,regular,2024-11-15 01:00:00,Alabama A&M,Grambling,SWAC,SWAC,22.0,17.0,False,True,Louis Crews Stadium
401645366,2024,12,regular,2024-11-16 01:00:00,UTSA,North Texas,American Athletic,American Athletic,48.0,27.0,False,True,Alamodome
401654556,2024,12,regular,2024-11-16 01:00:00,North Carolina Central,Howard,MEAC,MEAC,26.0,3.0,False,True,O'Kelly-Riddick Stadium
401643759,2024,12,regular,2024-11-16 01:00:00,Colorado State,Wyoming,Mountain West,Mountain West,24.0,10.0,False,True,Canvas Stadium
401628553,2024,12,regular,2024-11-16 02:00:00,Washington,UCLA,Big Ten,Big Ten,31.0,19.0,False,True,Husky Stadium
401636923,2024,12,regular,2024-11-16 03:15:00,Arizona,Houston,Big 12,Big 12,27.0,3.0,False,True,Arizona Stadium
401674875,2024,12,regular,2024-11-16 17:00:00,King's,Stevenson,Mid Atlantic,Mid Atlantic,33.0,21.0,False,True,McCarthy Stadium (Wilkes Barre)
401654614,2024,12,regular,2024-11-16 17:00:00,Merrimack,Sacred Heart,FCS Independents,FCS Independents,20.0,31.0,False,True,Duane Stadium
401654594,2024,12,regular,2024-11-16 17:00:00,Duquesne,Wagner,NEC,NEC,42.0,21.0,False,True,Arthur J. Rooney Athletic Field
401654503,2024,12,regular,2024-11-16 17:00:00,Norfolk State,Delaware State,MEAC,MEAC,38.0,19.0,False,True,"William Dick"""" Price Stadium"""""
401654599,2024,12,regular,2024-11-16 17:00:00,Long Island University,Saint Francis,NEC,NEC,27.0,34.0,True,True,Bethpage Federal Credit Union Stadium
401654495,2024,12,regular,2024-11-16 17:00:00,Brown,Columbia,Ivy,Ivy,12.0,21.0,False,True,Brown Stadium
401654580,2024,12,regular,2024-11-16 17:00:00,Central Connecticut,Robert Morris,NEC,NEC,35.0,33.0,False,True,Arute Field
401628685,2024,12,regular,2024-11-16 17:00:00,Hampton,Richmond,Coastal Athletic,Coastal Athletic,21.0,24.0,False,True,Armstrong Stadium
401654468,2024,12,regular,2024-11-16 17:00:00,Yale,Princeton,Ivy,Ivy,42.0,28.0,False,True,Yale Bowl
401638697,2024,12,regular,2024-11-16 17:00:00,Dayton,Valparaiso,Pioneer,Pioneer,26.0,14.0,False,True,Welcome Stadium
401634141,2024,12,regular,2024-11-16 17:00:00,East Tennessee State,Furman,Southern,Southern,21.0,24.0,False,True,William B. Greene Jr. Stadium
401654639,2024,12,regular,2024-11-16 17:00:00,Holy Cross,Bucknell,Patriot,Patriot,40.0,38.0,False,True,Fitton Field
401634249,2024,12,regular,2024-11-16 17:00:00,Youngstown State,Northern Iowa,MVFC,MVFC,39.0,38.0,False,True,Stambaugh Stadium
401636925,2024,12,regular,2024-11-16 17:00:00,Colorado,Utah,Big 12,Big 12,49.0,24.0,False,True,Folsom Field
401628550,2024,12,regular,2024-11-16 17:00:00,Northwestern,Ohio State,Big Ten,Big Ten,7.0,31.0,True,True,Wrigley Field
401628419,2024,12,regular,2024-11-16 17:00:00,Arkansas,Texas,SEC,SEC,10.0,20.0,False,True,Razorback Stadium
401635582,2024,12,regular,2024-11-16 17:00:00,Pittsburgh,Clemson,ACC,ACC,20.0,24.0,False,True,Acrisure Stadium
401629046,2024,12,regular,2024-11-16 17:00:00,Massachusetts,Liberty,FBS Independents,Conference USA,34.0,35.0,False,False,Warren McGuirk Alumni Stadium
401673436,2024,12,regular,2024-11-16 17:00:00,FDU Florham,Eastern,Mid Atlantic,Mid Atlantic,33.0,37.0,False,True,Robert T. Shields Field
401687157,2024,12,regular,2024-11-16 17:00:00,SUNY Morrisville,Hartwick,Empire 8,Empire 8,31.0,14.0,False,True,Drake Field (NY)
401676229,2024,12,regular,2024-11-16 17:00:00,SUNY Maritime,Springfield,NEWMAC,NEWMAC,20.0,55.0,False,True,Reinhart Field
401674386,2024,12,regular,2024-11-16 17:00:00,Gannon,Lock Haven,Pennsylvania State Athletic,Pennsylvania State Athletic,13.0,21.0,False,True,McConnell Family Stadium
401676223,2024,12,regular,2024-11-16 17:00:00,Salve Regina,Norwich,NEWMAC,NEWMAC,31.0,30.0,False,True,Toppa Field
401674909,2024,12,regular,2024-11-16 17:00:00,Framingham State,Worcester State,MSCAC,MSCAC,30.0,20.0,False,True,Bowditch Field
401674902,2024,12,regular,2024-11-16 17:00:00,Bridgewater State,Mass Maritime,MSCAC,MSCAC,20.0,0.0,False,True,Edward C. Swenson Athletic Complex
401674894,2024,12,regular,2024-11-16 17:00:00,Westfield State,Fitchburg State,MSCAC,MSCAC,22.0,7.0,False,True,"Alumni Field (Westfield, MA)"
401675434,2024,12,regular,2024-11-16 17:00:00,Tiffin,Findlay,Great Midwest Athletic,Great Midwest Athletic,37.0,14.0,False,True,Frost-Kalnow Stadium
401638694,2024,12,regular,2024-11-16 17:00:00,Marist,Presbyterian,Pioneer,Pioneer,23.0,42.0,False,True,Leonidoff Field
401654622,2024,12,regular,2024-11-16 17:00:00,Lehigh,Colgate,Patriot,Patriot,45.0,17.0,False,True,Goodman Stadium
401628686,2024,12,regular,2024-11-16 17:00:00,Monmouth,Villanova,Coastal Athletic,Coastal Athletic,40.0,33.0,False,True,Kessler Stadium
401674372,2024,12,regular,2024-11-16 17:00:00,Clarion,East Stroudsburg,Pennsylvania State Athletic,Pennsylvania State Athletic,19.0,22.0,False,True,"Memorial Stadium (Clarion, PA)"
401674379,2024,12,regular,2024-11-16 17:00:00,Edinboro,Millersville,Pennsylvania State Athletic,Pennsylvania State Athletic,21.0,23.0,False,True,Sox Harrison Stadium
401628688,2024,12,regular,2024-11-16 17:00:00,Towson,North Carolina A&T,Coastal Athletic,Coastal Athletic,31.0,13.0,False,True,Johnny Unitas Stadium
401676714,2024,12,regular,2024-11-16 17:00:00,Assumption,Franklin Pierce,Northeast 10,Northeast 10,19.0,21.0,False,True,Multi-Sport Stadium
401733667,2024,12,regular,2024-11-16 17:00:00,Miles,Clark Atlanta,SIAC,SIAC,53.0,25.0,False,True,Albert J. H. Sloan - Alumni Stadium
401676367,2024,12,regular,2024-11-16 17:00:00,Otterbein,Ohio Northern,Ohio,Ohio,15.0,47.0,False,True,"Memorial Stadium (Westerville, OH)"
401673417,2024,12,regular,2024-11-16 17:00:00,Wilkes,Moravian,Landmark Conference,Landmark Conference,47.0,28.0,False,True,Schmidt Stadium
401674696,2024,12,regular,2024-11-16 17:00:00,McDaniel,Johns Hopkins,Centennial,Centennial,0.0,35.0,False,True,Kenneth R. Gill Stadium
401674710,2024,12,regular,2024-11-16 17:00:00,Curry,Endicott,Commonwealth Coast,Commonwealth Coast,14.0,49.0,False,True,Walter M. Katz Field
401674762,2024,12,regular,2024-11-16 17:00:00,SUNY Cortland,Ithaca,Empire 8,Liberty League,28.0,17.0,False,False,Stadium Red Field
401674357,2024,12,regular,2024-11-16 17:00:00,California (PA),Kutztown,Pennsylvania State Athletic,Pennsylvania State Athletic,14.0,21.0,False,True,Adamson Stadium
401674852,2024,12,regular,2024-11-16 17:00:00,Rensselaer,Union,Liberty League,Liberty League,24.0,7.0,False,True,ECAV Stadium
401673427,2024,12,regular,2024-11-16 17:00:00,Widener,Delaware Valley,Mid Atlantic,Mid Atlantic,26.0,49.0,False,True,Leslie C. Quick Jr. Stadium
401674264,2024,12,regular,2024-11-16 17:00:00,Charleston (WV),West Virginia State,Mountain East,Mountain East,52.0,17.0,False,True,University of Charleston Stadium
401674814,2024,12,regular,2024-11-16 17:00:00,Lycoming,Susquehanna,Landmark Conference,Landmark Conference,7.0,55.0,False,True,David Person Field
401675441,2024,12,regular,2024-11-16 17:00:00,Ohio Dominican,Hillsdale,Great Midwest Athletic,Great Midwest Athletic,6.0,28.0,False,True,Panther Stadium (OH)
401682282,2024,12,regular,2024-11-16 17:00:00,Plymouth State,UMass Dartmouth,MSCAC,MSCAC,42.0,47.0,False,True,Charles L. Currier Memorial Field
401676739,2024,12,regular,2024-11-16 17:00:00,Bentley,Saint Anselm,Northeast 10,Northeast 10,41.0,14.0,False,True,Bentley University Football Stadium
401676769,2024,12,regular,2024-11-16 17:00:00,Nichols,Western New England,Commonwealth Coast,Commonwealth Coast,28.0,56.0,False,True,Vendetti Field
401677497,2024,12,regular,2024-11-16 17:00:00,WPI,MIT,NEWMAC,NEWMAC,34.0,12.0,False,True,"Alumni Stadium (Worcester, MA)"
401676747,2024,12,regular,2024-11-16 17:00:00,Seton Hill,Shepherd,Pennsylvania State Athletic,Pennsylvania State Athletic,10.0,13.0,False,True,Offutt Field
401676113,2024,12,regular,2024-11-16 17:00:00,Oberlin,Hiram,North Coast,North Coast,20.0,17.0,False,True,Austin E. Knowlton Athletics Complex
401682325,2024,12,regular,2024-11-16 17:00:00,American International,Southern Connecticut State,Northeast 10,Northeast 10,21.0,50.0,False,True,Ronald J. Abdow Field
401676014,2024,12,regular,2024-11-16 17:00:00,Maryville (TN),North Carolina Wesleyan,USA South,USA South,35.0,14.0,False,True,Lloyd L. Thornton Stadium
401676126,2024,12,regular,2024-11-16 17:00:00,Westminster (MO),Northwestern (MN),Upper Midwest,Upper Midwest,21.0,33.0,False,True,Blue Jay Stadium
401676217,2024,12,regular,2024-11-16 17:00:00,Merchant Marine,Coast Guard,NEWMAC,NEWMAC,21.0,42.0,False,True,Brooks Stadium (NY)
401675770,2024,12,regular,2024-11-16 17:00:00,Limestone,Mars Hill,South Atlantic,South Atlantic,31.0,26.0,False,True,The Reservation
401641013,2024,12,regular,2024-11-16 17:00:00,Western Kentucky,Louisiana Tech,Conference USA,Conference USA,7.0,12.0,False,True,Houchens Industries-L.T. Smith Stadium
401645370,2024,12,regular,2024-11-16 17:00:00,Navy,Tulane,American Athletic,American Athletic,0.0,35.0,False,True,Navy-Marine Corps Memorial Stadium
401654631,2024,12,regular,2024-11-16 17:30:00,Lafayette,Stonehill,Patriot,NEC,42.0,10.0,False,False,Fisher Field
401628426,2024,12,regular,2024-11-16 17:45:00,Auburn,UL Monroe,SEC,Sun Belt,48.0,14.0,False,False,Jordan-Hare Stadium
401654476,2024,12,regular,2024-11-16 18:00:00,Cornell,Dartmouth,Ivy,Ivy,39.0,22.0,False,True,Schoellkopf Field
401674577,2024,12,regular,2024-11-16 18:00:00,Wayne State (MI),Northern Michigan,GLIAC,GLIAC,30.0,14.0,False,True,Tom Adams Field
401675453,2024,12,regular,2024-11-16 18:00:00,Lake Erie,Thomas More,Great Midwest Athletic,Great Midwest Athletic,25.0,28.0,False,True,Jack Britt Memorial Stadium
401675550,2024,12,regular,2024-11-16 18:00:00,Sul Ross State,UT Permian Basin,Lone Star,Lone Star,7.0,75.0,False,True,Jackson Field
401734013,2024,12,regular,2024-11-16 18:00:00,Carleton,Hamline,Minnesota,Minnesota,21.0,9.0,False,True,Laird Stadium
401628692,2024,12,regular,2024-11-16 18:00:00,New Hampshire,Stony Brook,Coastal Athletic,Coastal Athletic,31.0,30.0,False,True,Wildcat Stadium
401638693,2024,12,regular,2024-11-16 18:00:00,Drake,Morehead State,Pioneer,Pioneer,20.0,29.0,False,True,Drake Stadium
401634167,2024,12,regular,2024-11-16 18:00:00,Indiana State,Illinois State,MVFC,MVFC,19.0,31.0,False,True,Memorial Stadium
401675023,2024,12,regular,2024-11-16 18:00:00,Ripon,Lawrence,Midwest,Midwest,41.0,0.0,False,True,Ingalls Field
401675284,2024,12,regular,2024-11-16 18:00:00,Wooster,Wittenberg,North Coast,North Coast,27.0,48.0,False,True,John P. Papp Stadium
401675012,2024,12,regular,2024-11-16 18:00:00,Knox,Monmouth (IL),Midwest,Midwest,0.0,49.0,False,True,Harley Knosher Bowl
401676064,2024,12,regular,2024-11-16 18:00:00,Kentucky Christian,Brevard,,USA South,25.0,41.0,True,False,Kentucky Christian
401676073,2024,12,regular,2024-11-16 18:00:00,St. Norbert,Eureka,NACC,NACC,61.0,0.0,False,True,Donald J. Schneider Stadium
401676409,2024,12,regular,2024-11-16 18:00:00,Guilford,Bridgewater,Old Dominion,Old Dominion,0.0,58.0,False,True,Armfield Athletic Center
401676427,2024,12,regular,2024-11-16 18:00:00,Westminster (PA),Grove City,Presidents',Presidents',9.0,36.0,False,True,Memorial Field (PA)
401674742,2024,12,regular,2024-11-16 18:00:00,Wheaton (IL),North Park,CCIW,CCIW,66.0,14.0,False,True,McCully Stadium
401674754,2024,12,regular,2024-11-16 18:00:00,Alfred,Brockport,Empire 8,Empire 8,23.0,14.0,False,True,Merrill Field at Yunevich Stadium
401676243,2024,12,regular,2024-11-16 18:00:00,Kean,Salisbury,New Jersey,New Jersey,28.0,58.0,False,True,Kean Alumni Stadium
401676270,2024,12,regular,2024-11-16 18:00:00,Centre,Sewanee,Southern Athletic,Southern Athletic,35.0,8.0,False,True,Farris Stadium
401676278,2024,12,regular,2024-11-16 18:00:00,William Paterson,Rowan,New Jersey,New Jersey,0.0,45.0,False,True,Wightman Stadium
401734012,2024,12,regular,2024-11-16 18:00:00,Saint John's (MN),Bethel (MN),Minnesota,Minnesota,41.0,33.0,False,True,Clemens Stadium
401676669,2024,12,regular,2024-11-16 18:00:00,St. John Fisher,Utica,Empire 8,Empire 8,20.0,35.0,False,True,Growney Stadium
401676215,2024,12,regular,2024-11-16 18:00:00,Calvin,Albion,Michigan,Michigan,21.0,41.0,True,True,Grand Rapids Christian High School
401676042,2024,12,regular,2024-11-16 18:00:00,Concordia Chicago,Benedictine (IL),NACC,NACC,14.0,49.0,False,True,Concordia Stadium
401673444,2024,12,regular,2024-11-16 18:00:00,Lebanon Valley,Albright,Mid Atlantic,Mid Atlantic,27.0,3.0,False,True,Arnold Field (PA)
401673955,2024,12,regular,2024-11-16 18:00:00,Washington St. Louis,Augustana (IL),CCIW,CCIW,45.0,24.0,False,True,Francis Field (MO)
401674166,2024,12,regular,2024-11-16 18:00:00,Nebraska Kearney,Fort Hays,Mid America,Mid America,20.0,27.0,False,True,Ron & Carol Cope Stadium at Foster Field
401674337,2024,12,regular,2024-11-16 18:00:00,University of Mary,Minnesota St Moorhead,Northern Sun,Northern Sun,3.0,52.0,False,True,MDU Resources Community Bowl
401674348,2024,12,regular,2024-11-16 18:00:00,Slippery Rock,Bloomsburg,Pennsylvania State Athletic,Pennsylvania State Athletic,27.0,7.0,False,True,Mihalik-Thompson Stadium
401674678,2024,12,regular,2024-11-16 18:00:00,Dickinson,Ursinus,Centennial,Centennial,13.0,24.0,False,True,Biddle Field
401676093,2024,12,regular,2024-11-16 18:00:00,Ohio Wesleyan,Denison,North Coast,North Coast,14.0,28.0,False,True,Selby Stadium
401674833,2024,12,regular,2024-11-16 18:00:00,Hobart,Rochester (NY),Liberty League,Liberty League,37.0,7.0,False,True,Boswell Field at David J. Urick Stadium
401673454,2024,12,regular,2024-11-16 18:00:00,Illinois College,Beloit,Midwest,Midwest,96.0,14.0,False,True,England Stadium
401674507,2024,12,regular,2024-11-16 18:00:00,Lincoln (MO),Indianapolis,Great Lakes,Great Lakes,0.0,52.0,False,True,Dwight T. Reed Stadium
401674687,2024,12,regular,2024-11-16 18:00:00,Gettysburg,Franklin & Marshall,Centennial,Centennial,19.0,55.0,False,True,Shirk Field at Musselman Stadium
401674702,2024,12,regular,2024-11-16 18:00:00,Muhlenberg,Montclair State,Centennial,New Jersey,21.0,0.0,False,False,Scotty Wood Stadium
401674932,2024,12,regular,2024-11-16 18:00:00,Olivet,Hope,Michigan,Michigan,12.0,48.0,False,True,Cutler Field
401674719,2024,12,regular,2024-11-16 18:00:00,Husson,New England,Commonwealth Coast,Commonwealth Coast,14.0,25.0,False,True,Dr. John W. Winkin Sports Complex
401674532,2024,12,regular,2024-11-16 18:00:00,Upper Iowa,Missouri S&T,Great Lakes,Great Lakes,51.0,7.0,False,True,Harms-Eischeid Stadium
401674662,2024,12,regular,2024-11-16 18:00:00,McMurry,Centenary (LA),Southern Collegiate Athletic,Southern Collegiate Athletic,49.0,12.0,False,True,Wilford Moore Stadium
401674807,2024,12,regular,2024-11-16 18:00:00,Juniata,Catholic,Landmark Conference,Landmark Conference,22.0,56.0,False,True,Knox Stadium
401674857,2024,12,regular,2024-11-16 18:00:00,St. Lawrence,Buffalo State,Liberty League,Liberty League,26.0,18.0,False,True,Leckonby Stadium
401675005,2024,12,regular,2024-11-16 18:00:00,Cornell (IA),Grinnell,Midwest,Midwest,26.0,7.0,False,True,Van Metre Field at Ash Park
401675797,2024,12,regular,2024-11-16 18:00:00,Lenoir Rhyne,Anderson (SC),South Atlantic,South Atlantic,27.0,24.0,False,True,Helen and Leonard Moretz Stadium
401675838,2024,12,regular,2024-11-16 18:00:00,Wayne State (NE),Concordia St. Paul,Northern Sun,Northern Sun,21.0,0.0,False,True,"Memorial Stadium (Wayne, NE)"
401676022,2024,12,regular,2024-11-16 18:00:00,Methodist,Belhaven,USA South,USA South,3.0,26.0,False,True,Monarch Stadium
401676141,2024,12,regular,2024-11-16 18:00:00,Crown,Greenville,Upper Midwest,Upper Midwest,0.0,29.0,False,True,Old National Bank Stadium
401676632,2024,12,regular,2024-11-16 18:00:00,Bethany (WV),Thiel,Presidents',Presidents',23.0,30.0,False,True,Bison Stadium
401676440,2024,12,regular,2024-11-16 18:00:00,Geneva,Waynesburg,Presidents',Presidents',33.0,6.0,False,True,Reeves Field (PA)
401676445,2024,12,regular,2024-11-16 18:00:00,Washington and Lee,Shenandoah,Old Dominion,Old Dominion,21.0,28.0,False,True,Wilson Field
401676729,2024,12,regular,2024-11-16 18:00:00,New Haven,Pace,Northeast 10,Northeast 10,41.0,14.0,False,True,Ralph F. DellaCamera Stadium
401677468,2024,12,regular,2024-11-16 18:00:00,Alvernia,Misericordia,Mid Atlantic,Mid Atlantic,34.0,31.0,False,True,Turf Field
401676625,2024,12,regular,2024-11-16 18:00:00,Allegheny,Washington & Jefferson,Presidents',Presidents',0.0,45.0,False,True,Frank B. Fuhrer Field
401693681,2024,12,regular,2024-11-16 18:00:00,Lincoln (CA),Florida Memorial University,Independent DII,,8.0,48.0,True,False,
401628689,2024,12,regular,2024-11-16 18:00:00,Rhode Island,UAlbany,Coastal Athletic,Coastal Athletic,20.0,17.0,False,True,Meade Stadium
401673964,2024,12,regular,2024-11-16 18:00:00,Carroll (WI),Carthage,CCIW,CCIW,27.0,7.0,False,True,Schneider Stadium
401676235,2024,12,regular,2024-11-16 18:00:00,Christopher Newport,The College of New Jersey,New Jersey,New Jersey,70.0,31.0,False,True,TowneBank Stadium
401734015,2024,12,regular,2024-11-16 18:00:00,St. Olaf,Augsburg,Minnesota,Minnesota,41.0,26.0,False,True,Klein Field at Manitou
401643832,2024,12,regular,2024-11-16 18:00:00,Marshall,Coastal Carolina,Sun Belt,Sun Belt,31.0,19.0,False,True,Joan C. Edwards Stadium
401634007,2024,12,regular,2024-11-16 18:00:00,Eastern Illinois,Charleston Southern,Big South-OVC,Big South-OVC,16.0,13.0,False,True,O'Brien Stadium
401636379,2024,12,regular,2024-11-16 18:00:00,Florida A&M,Mississippi Valley State,SWAC,SWAC,21.0,24.0,False,True,Bragg Memorial Stadium
401638349,2024,12,regular,2024-11-16 18:00:00,Western Carolina,VMI,Southern,Southern,58.0,28.0,False,True,E. J. Whitmire Stadium
401644604,2024,12,regular,2024-11-16 18:00:00,Pennsylvania,Harvard,Ivy,Ivy,28.0,31.0,False,True,Franklin Field
401638696,2024,12,regular,2024-11-16 18:00:00,Butler,St. Thomas (MN),Pioneer,Pioneer,36.0,20.0,False,True,Butler Bowl
401634205,2024,12,regular,2024-11-16 18:00:00,North Dakota,South Dakota,MVFC,MVFC,36.0,42.0,False,True,Alerus Center
401628690,2024,12,regular,2024-11-16 18:00:00,William & Mary,Bryant,Coastal Athletic,Coastal Athletic,22.0,12.0,False,True,Zable Stadium
401628691,2024,12,regular,2024-11-16 18:00:00,Delaware,Campbell,CAA,Coastal Athletic,41.0,22.0,False,True,Delaware Stadium
401654645,2024,12,regular,2024-11-16 18:00:00,Fordham,Georgetown,Patriot,Patriot,31.0,3.0,False,True,Jack Coffey Field
401734011,2024,12,regular,2024-11-16 18:00:00,Gustavus Adolphus,Concordia (MN),Minnesota,Minnesota,13.0,17.0,False,True,Hollingsworth Field
401734014,2024,12,regular,2024-11-16 18:00:00,St. Scholastica,Macalester,Minnesota,Minnesota,44.0,41.0,False,True,Public Schools Stadium
401674916,2024,12,regular,2024-11-16 18:00:00,Adrian,Alma,Michigan,Michigan,7.0,31.0,False,True,Docking Stadium
401674935,2024,12,regular,2024-11-16 18:00:00,Kalamazoo,Trine,Michigan,Michigan,14.0,37.0,False,True,Angell Field
401676431,2024,12,regular,2024-11-16 18:00:00,Hampden Sydney,Randolph Macon,Old Dominion,Old Dominion,6.0,27.0,False,True,Lewis C. Everett Stadium
401674537,2024,12,regular,2024-11-16 18:00:00,Truman State,Southwest Baptist,Great Lakes,Great Lakes,55.0,3.0,False,True,Stokes Stadium
401675426,2024,12,regular,2024-11-16 18:00:00,Ashland,Kentucky Wesleyan,Great Midwest Athletic,Great Midwest Athletic,44.0,30.0,False,True,Jack Miller Stadium
401675457,2024,12,regular,2024-11-16 18:00:00,Northwood,Walsh,Great Midwest Athletic,Great Midwest Athletic,49.0,42.0,False,True,Hantz Stadium
401674557,2024,12,regular,2024-11-16 18:00:00,Ferris State,Davenport,GLIAC,GLIAC,24.0,9.0,False,True,Top Taggart Field
401676005,2024,12,regular,2024-11-16 18:00:00,LaGrange,Southern Virginia,USA South,USA South,50.0,24.0,False,True,Callaway Stadium
401673390,2024,12,regular,2024-11-16 18:00:00,Newberry,Emory & Henry,South Atlantic,South Atlantic,7.0,27.0,False,True,Setzler Field
401674273,2024,12,regular,2024-11-16 18:00:00,Concord,UNC Pembroke,Mountain East,Mountain East,7.0,63.0,False,True,Callaghan Stadium
401658347,2024,12,regular,2024-11-16 18:00:00,Saginaw Valley State,Michigan Tech,GLIAC,GLIAC,28.0,32.0,False,True,Harvey Randall Wickes Memorial Stadium
401674328,2024,12,regular,2024-11-16 18:00:00,Minnesota Duluth,Minnesota State,Northern Sun,Northern Sun,30.0,16.0,False,True,James S. Malosky Stadium
401675483,2024,12,regular,2024-11-16 18:00:00,Mississippi College,Delta State,Gulf South,Gulf South,14.0,20.0,False,True,Robinson-Hale Stadium
401674288,2024,12,regular,2024-11-16 18:00:00,West Virginia Wesleyan,Glenville State,Mountain East,Mountain East,23.0,42.0,False,True,Cebe Ross Field
401658367,2024,12,regular,2024-11-16 18:00:00,Frostburg State,Fairmont State,Mountain East,Mountain East,28.0,31.0,False,True,Bobcat Stadium (MD)
401675475,2024,12,regular,2024-11-16 18:00:00,North Greenville,Chowan,Gulf South,Gulf South,31.0,27.0,False,True,Younts Stadium
401675300,2024,12,regular,2024-11-16 18:07:00,DePauw,Wabash,North Coast,North Coast,42.0,21.0,False,True,Blackstock Stadium
401632468,2024,12,regular,2024-11-16 18:30:00,Chattanooga,Samford,Southern,Southern,13.0,36.0,False,True,Finley Stadium
401628422,2024,12,regular,2024-11-16 18:30:00,Kentucky,Murray State,SEC,MVFC,48.0,6.0,False,False,Kroger Field
401676638,2024,12,regular,2024-11-16 18:30:00,Case Western Reserve,Carnegie Mellon,Presidents',Presidents',30.0,37.0,False,True,Case Field
401634157,2024,12,regular,2024-11-16 18:30:00,Wofford,The Citadel,Southern,Southern,17.0,30.0,False,True,Gibbs Stadium
401674801,2024,12,regular,2024-11-16 18:30:00,Mount St Joseph,Rose Hulman,Heartland,Heartland,38.0,21.0,False,True,Schueler Field
401674781,2024,12,regular,2024-11-16 18:30:00,Franklin,Hanover,Heartland,Heartland,27.0,31.0,False,True,"Stewart """"Red"""" Faught Stadium"
401676358,2024,12,regular,2024-11-16 18:30:00,Muskingum,Mount Union,Ohio,Ohio,28.0,35.0,False,True,Sherman Field at McConagha Stadium
401676299,2024,12,regular,2024-11-16 18:30:00,Heidelberg,Baldwin Wallace,Ohio,Ohio,10.0,14.0,False,True,Hoernemann Stadium
401674795,2024,12,regular,2024-11-16 18:30:00,Anderson (IN),Manchester,Heartland,Heartland,31.0,17.0,False,True,Macholtz Stadium
401674772,2024,12,regular,2024-11-16 18:30:00,Bluffton,Defiance College,Heartland,,21.0,23.0,False,False,Alumni Field (OH)
401634008,2024,12,regular,2024-11-16 18:30:00,Gardner-Webb,Tennessee State,Big South-OVC,Big South-OVC,20.0,23.0,False,True,Ernest W. Spangler Stadium
401676314,2024,12,regular,2024-11-16 18:30:00,Capital,Wilmington (OH),Ohio,Ohio,50.0,31.0,False,True,Bernlohr Stadium
401675018,2024,12,regular,2024-11-16 19:00:00,Chicago,Lake Forest,Midwest,Midwest,9.0,28.0,False,True,Amos Alonzo Stagg Field
401645369,2024,12,regular,2024-11-16 19:00:00,Temple,Florida Atlantic,American Athletic,American Athletic,18.0,15.0,False,True,Lincoln Financial Field
401640986,2024,12,regular,2024-11-16 19:00:00,Jacksonville State,Florida International,Conference USA,Conference USA,34.0,31.0,False,True,AmFirst Stadium
401632119,2024,12,regular,2024-11-16 19:00:00,Austin Peay,Eastern Kentucky,UAC,UAC,27.0,30.0,False,True,Governors Stadium
401675959,2024,12,regular,2024-11-16 19:00:00,Wisconsin La Crosse,Wisconsin Stevens Point,Wisconsin,Wisconsin,56.0,14.0,False,True,Veterans Memorial Stadium (WI)
401674139,2024,12,regular,2024-11-16 19:00:00,Central Missouri,Missouri Southern State,Mid America,Mid America,62.0,47.0,False,True,Audrey J. Walton Stadium at Vernon Kennedy Field
401675945,2024,12,regular,2024-11-16 19:00:00,Wisconsin Eau Claire,Wisconsin Whitewater,Wisconsin,Wisconsin,7.0,48.0,False,True,Carson Park
401634021,2024,12,regular,2024-11-16 19:00:00,East Texas A&M,Houston Christian,Southland,Southland,41.0,40.0,False,True,Memorial Stadium (Commerce TX)
401675903,2024,12,regular,2024-11-16 19:00:00,Simpson (IA),Luther,American Rivers,American Rivers,29.0,15.0,False,True,Bill Buxton Stadium
401673269,2024,12,regular,2024-11-16 19:00:00,Colorado School of Mines,Fort Lewis,Rocky Mountain,Rocky Mountain,67.0,9.0,False,True,Marv Kay Stadium at Campbell Field
401674615,2024,12,regular,2024-11-16 19:00:00,Wartburg,Loras,American Rivers,American Rivers,69.0,14.0,False,True,Walston-Hoover Stadium
401674635,2024,12,regular,2024-11-16 19:00:00,Austin,Lyon,Southern Collegiate Athletic,Southern Collegiate Athletic,31.0,21.0,False,True,Jerry E. Apple Stadium
401675035,2024,12,regular,2024-11-16 19:00:00,Lakeland,Rockford,NACC,NACC,35.0,28.0,False,True,Taylor Field
401674565,2024,12,regular,2024-11-16 19:00:00,Roosevelt,Grand Valley State,GLIAC,GLIAC,21.0,34.0,True,True,Morris Field
401676082,2024,12,regular,2024-11-16 19:00:00,Wisconsin Lutheran,Concordia (WI),NACC,NACC,27.0,17.0,False,True,Warrior Field at Raabe Stadium
401673239,2024,12,regular,2024-11-16 19:00:00,New Mexico Highlands,Black Hills State,Rocky Mountain,Rocky Mountain,31.0,48.0,False,True,Sanchez Family Stadium
401673274,2024,12,regular,2024-11-16 19:00:00,Chadron State,CSU Pueblo,Rocky Mountain,Rocky Mountain,21.0,38.0,False,True,Elliott Field at Don Beebe Stadium
401673979,2024,12,regular,2024-11-16 19:00:00,Elmhurst,Millikin,CCIW,CCIW,35.0,7.0,False,True,Langhorst Field
401674190,2024,12,regular,2024-11-16 19:00:00,Northeastern State,Washburn,Independent DII,Mid America,28.0,35.0,False,False,Gable Field at Doc Wadley Stadium
401674317,2024,12,regular,2024-11-16 19:00:00,Bemidji State,Augustana (SD),Northern Sun,Northern Sun,17.0,10.0,False,True,Chet Anderson Stadium
401674433,2024,12,regular,2024-11-16 19:00:00,Henderson State,Ouachita Baptist,Great American,Great American,20.0,27.0,False,True,Ruggles Field at Carpenter-Haygood Stadium
401674591,2024,12,regular,2024-11-16 19:00:00,Buena Vista,Dubuque,American Rivers,American Rivers,21.0,56.0,False,True,J. Leslie Rollins Stadium
401674655,2024,12,regular,2024-11-16 19:00:00,Mary Hardin Baylor,Howard Payne,American Southwest,American Southwest,63.0,7.0,False,True,Crusader Stadium
401675953,2024,12,regular,2024-11-16 19:00:00,Wisconsin Stout,Wisconsin Platteville,Wisconsin,Wisconsin,38.0,46.0,False,True,Don and Nona Williams Stadium
401674668,2024,12,regular,2024-11-16 19:00:00,Texas Lutheran,Southwestern U,Southern Collegiate Athletic,Southern Athletic,17.0,10.0,False,False,Bulldog Stadium (TX)
401675544,2024,12,regular,2024-11-16 19:00:00,Midwestern State,Western New Mexico,Lone Star,Lone Star,52.0,24.0,False,True,"Memorial Stadium (Wichita Falls, TX)"
401676347,2024,12,regular,2024-11-16 19:00:00,John Carroll,Marietta,Ohio,Ohio,49.0,35.0,False,True,Don Shula Stadium at Wasmer Field
401676263,2024,12,regular,2024-11-16 19:00:00,Millsaps,Trinity (TX),Southern Athletic,Southern Athletic,24.0,38.0,False,True,Harper Davis Field
401675984,2024,12,regular,2024-11-16 19:00:00,Wisconsin River Falls,Wisconsin Oshkosh,Wisconsin,Wisconsin,28.0,14.0,False,True,David Smith Stadium at Ramer Field
401676052,2024,12,regular,2024-11-16 19:00:00,Huntingdon,Greensboro,USA South,USA South,38.0,7.0,False,True,Charles Lee Field at Samford Stadium
401634126,2024,12,regular,2024-11-16 19:00:00,Northern Colorado,Northern Arizona,Big Sky,Big Sky,3.0,44.0,False,True,Nottingham Field
401674885,2024,12,regular,2024-11-16 19:00:00,Western Connecticut State,Vermont State Castleton,MSCAC,MSCAC,57.0,18.0,False,True,Westside Athletic Complex
401674228,2024,12,regular,2024-11-16 19:00:00,Minot State,Winona State,Northern Sun,Northern Sun,56.0,23.0,False,True,Herb Parker Stadium
401676305,2024,12,regular,2024-11-16 19:00:00,Rhodes,Berry,Southern Athletic,Southern Athletic,14.0,48.0,False,True,Crain Field
401634010,2024,12,regular,2024-11-16 19:00:00,UT Martin,Tennessee Tech,Big South-OVC,Big South-OVC,9.0,10.0,False,True,Graham Stadium
401634009,2024,12,regular,2024-11-16 19:00:00,Southeast Missouri State,Western Illinois,Big South-OVC,Big South-OVC,54.0,45.0,False,True,Houck Field
401676087,2024,12,regular,2024-11-16 19:00:00,IU Pennsylvania,Shippensburg,Pennsylvania State Athletic,Pennsylvania State Athletic,38.0,7.0,False,True,George P. Miller Stadium
401674524,2024,12,regular,2024-11-16 19:00:00,William Jewell,McKendree,Great Lakes,Great Lakes,45.0,14.0,True,True,Liberty North High School
401676742,2024,12,regular,2024-11-16 19:00:00,Sioux Falls,Southwest Minnesota State,Northern Sun,Northern Sun,41.0,14.0,False,True,Bob Young Field
401634036,2024,12,regular,2024-11-16 19:00:00,Northwestern State,McNeese,Southland,Southland,3.0,35.0,False,True,Harry Turpin Stadium
401674645,2024,12,regular,2024-11-16 19:00:00,East Texas Baptist,Hardin Simmons,American Southwest,American Southwest,23.0,45.0,False,True,Ornelas Stadium
401674731,2024,12,regular,2024-11-16 19:00:00,Illinois Wesleyan,North Central College,CCIW,CCIW,20.0,42.0,False,True,Tucci Stadium
401674600,2024,12,regular,2024-11-16 19:00:00,Nebraska Wesleyan,Central College,American Rivers,American Rivers,0.0,32.0,True,True,Abel Stadium
401628425,2024,12,regular,2024-11-16 19:00:00,Alabama,Mercer,SEC,Southern,52.0,7.0,False,False,Bryant-Denny Stadium
401628687,2024,12,regular,2024-11-16 19:00:00,Elon,Maine,Coastal Athletic,Coastal Athletic,31.0,25.0,False,True,Rhodes Stadium
401674149,2024,12,regular,2024-11-16 19:00:00,Central Oklahoma,Emporia State,Mid America,Mid America,55.0,38.0,False,True,Wantland Stadium
401676136,2024,12,regular,2024-11-16 19:00:00,Minnesota Morris,Martin Luther,Upper Midwest,Upper Midwest,41.0,7.0,False,True,Big Cat Stadium
401658352,2024,12,regular,2024-11-16 19:00:00,West Alabama,Erskine,Gulf South,Gulf South,63.0,0.0,False,True,Tiger Stadium (AL)
401674187,2024,12,regular,2024-11-16 19:30:00,Northwest Missouri State,Pittsburg State,Mid America,Mid America,7.0,23.0,False,True,Bearcat Stadium
401628547,2024,12,regular,2024-11-16 19:30:00,Illinois,Michigan State,Big Ten,Big Ten,38.0,16.0,False,True,"Memorial Stadium (Champaign, IL)"
401673380,2024,12,regular,2024-11-16 20:00:00,Wingate,Carson Newman,South Atlantic,South Atlantic,28.0,13.0,False,True,Irwin Belk Stadium
401673150,2024,12,regular,2024-11-16 20:00:00,Adams State,South Dakota Mines,Rocky Mountain,Rocky Mountain,6.0,44.0,False,True,Rex Stadium
401674399,2024,12,regular,2024-11-16 20:00:00,Harding,Arkansas Tech,Great American,Great American,57.0,27.0,False,True,First Security Stadium
401674418,2024,12,regular,2024-11-16 20:00:00,East Central,Southeastern Oklahoma State,Great American,Great American,20.0,13.0,False,True,Koi Ishto Stadium
401635581,2024,12,regular,2024-11-16 20:00:00,California,Syracuse,ACC,ACC,25.0,33.0,False,True,California Memorial Stadium
401643760,2024,12,regular,2024-11-16 20:00:00,Utah State,Hawai'i,Mountain West,Mountain West,55.0,10.0,False,True,Maverik Stadium
401674483,2024,12,regular,2024-11-16 20:00:00,Oklahoma Baptist,Southern Nazarene,Great American,Great American,21.0,49.0,False,True,Crain Family Stadium
401676292,2024,12,regular,2024-11-16 20:00:00,Whitworth,Linfield,Northwest,Northwest,7.0,34.0,False,True,The Pine Bowl
401675123,2024,12,regular,2024-11-16 20:00:00,Stephen F. Austin,Incarnate Word,Southland,Southland,20.0,27.0,False,True,Homer Bryce Stadium
401636361,2024,12,regular,2024-11-16 20:00:00,Southern,Arkansas-Pine Bluff,SWAC,SWAC,31.0,9.0,False,True,Ace W. Mumford Stadium
401636351,2024,12,regular,2024-11-16 20:00:00,Alabama State,Jackson State,SWAC,SWAC,10.0,16.0,False,True,Hornet Stadium
401634124,2024,12,regular,2024-11-16 20:00:00,Montana,Portland State,Big Sky,Big Sky,28.0,17.0,False,True,Washington-Grizzly Stadium
401654572,2024,12,regular,2024-11-16 20:00:00,Prairie View A&M,Alcorn State,SWAC,SWAC,13.0,26.0,False,True,Panther Stadium
401674409,2024,12,regular,2024-11-16 20:00:00,Arkansas Monticello,Southern Arkansas,Great American,Great American,22.0,54.0,False,True,Convoy Leslie Cotton Boll Stadium
401674179,2024,12,regular,2024-11-16 20:00:00,Missouri Western,Quincy,Mid America,Great Lakes,31.0,16.0,False,False,Craig Field at Spratt Memorial Stadium
401673248,2024,12,regular,2024-11-16 20:00:00,Colorado Mesa,Western Colorado,Rocky Mountain,Rocky Mountain,7.0,37.0,False,True,Ralph Stocker Stadium
401636370,2024,12,regular,2024-11-16 20:00:00,Texas Southern,Bethune-Cookman,SWAC,SWAC,17.0,14.0,False,True,BBVA Compass Stadium
401734008,2024,12,regular,2024-11-16 20:00:00,Virginia State,Virginia Union,CIAA,CIAA,13.0,17.0,True,True,Salem Stadium
401641022,2024,12,regular,2024-11-16 20:00:00,Kennesaw State,Sam Houston,Conference USA,Conference USA,17.0,23.0,False,True,Fifth Third Stadium
401634239,2024,12,regular,2024-11-16 20:00:00,South Dakota State,Southern Illinois,MVFC,MVFC,41.0,10.0,False,True,Dana J. Dykhouse Stadium
401628985,2024,12,regular,2024-11-16 20:30:00,Notre Dame,Virginia,FBS Independents,ACC,35.0,14.0,False,False,Notre Dame Stadium
401676402,2024,12,regular,2024-11-16 20:30:00,Ferrum,Averett,Old Dominion,Old Dominion,35.0,6.0,False,True,W.B. Adams Stadium
401628552,2024,12,regular,2024-11-16 20:30:00,Purdue,Penn State,Big Ten,Big Ten,10.0,49.0,False,True,Ross-Ade Stadium
401645368,2024,12,regular,2024-11-16 20:30:00,Charlotte,South Florida,American Athletic,American Athletic,24.0,59.0,False,True,Jerry Richardson Stadium
401635517,2024,12,regular,2024-11-16 20:30:00,Stanford,Louisville,ACC,ACC,38.0,35.0,False,True,Stanford Stadium
401635580,2024,12,regular,2024-11-16 20:30:00,SMU,Boston College,ACC,ACC,38.0,28.0,False,True,Gerald J. Ford Stadium
401628420,2024,12,regular,2024-11-16 20:30:00,Florida,LSU,SEC,SEC,27.0,16.0,False,True,Ben Hill Griffin Stadium
401643757,2024,12,regular,2024-11-16 20:30:00,Air Force,Oregon State,Mountain West,Pac-12,28.0,0.0,False,False,Falcon Stadium
401634188,2024,12,regular,2024-11-16 20:30:00,North Dakota State,Missouri State,MVFC,MVFC,59.0,21.0,False,True,Fargodome
401643833,2024,12,regular,2024-11-16 21:00:00,Old Dominion,James Madison,Sun Belt,Sun Belt,32.0,35.0,False,True,S.B. Ballard Stadium
401636929,2024,12,regular,2024-11-16 21:00:00,West Virginia,Baylor,Big 12,Big 12,35.0,49.0,False,True,Milan Puskar Stadium
401676286,2024,12,regular,2024-11-16 21:00:00,Pacific (OR),George Fox,Northwest,Northwest,39.0,11.0,False,True,Hanson Stadium
401676320,2024,12,regular,2024-11-16 21:00:00,Pacific Lutheran,Puget Sound,Northwest,Northwest,34.0,21.0,False,True,Sparks Stadium
401643830,2024,12,regular,2024-11-16 21:00:00,Georgia Southern,Troy,Sun Belt,Sun Belt,20.0,28.0,False,True,Allen E. Paulson Stadium
401628549,2024,12,regular,2024-11-16 21:00:00,USC,Nebraska,Big Ten,Big Ten,28.0,20.0,False,True,Los Angeles Memorial Coliseum
401634037,2024,12,regular,2024-11-16 21:00:00,Lamar,Nicholls,Southland,Southland,24.0,7.0,False,True,Provost Umphrey Stadium
401632129,2024,12,regular,2024-11-16 21:00:00,Utah Tech,West Georgia,UAC,UAC,31.0,34.0,False,True,Greater Zion Stadium
401654536,2024,12,regular,2024-11-16 21:00:00,Morgan State,South Carolina State,MEAC,MEAC,7.0,54.0,False,True,Hughes Stadium
401734018,2024,12,regular,2024-11-16 21:00:00,Claremont Mudd Scripps,Redlands,So. Cal.,So. Cal.,24.0,0.0,False,True,Fritz B. Burns Stadium
401734017,2024,12,regular,2024-11-16 21:00:00,Cal Lutheran,La Verne,So. Cal.,So. Cal.,38.0,14.0,False,True,William Rolland Stadium
401634122,2024,12,regular,2024-11-16 21:00:00,Eastern Washington,Idaho State,Big Sky,Big Sky,77.0,42.0,False,True,Roos Field
401675529,2024,12,regular,2024-11-16 21:00:00,Central Washington,Western Oregon,Lone Star,Lone Star,13.0,3.0,False,True,Tomlinson Stadium
401638695,2024,12,regular,2024-11-16 21:00:00,San Diego,Stetson,Pioneer,Pioneer,45.0,6.0,False,True,Torero Stadium
401674497,2024,12,regular,2024-11-16 21:00:00,Southwestern Oklahoma State,Northwestern (OK),Great American,Great American,50.0,0.0,False,True,Milam Stadium
401628423,2024,12,regular,2024-11-16 21:15:00,South Carolina,Missouri,SEC,SEC,34.0,30.0,False,True,Williams-Brice Stadium
401643831,2024,12,regular,2024-11-16 22:00:00,Georgia State,Arkansas State,Sun Belt,Sun Belt,20.0,27.0,False,True,Center Parc Stadium
401634121,2024,12,regular,2024-11-16 22:00:00,Cal Poly,Sacramento State,Big Sky,Big Sky,26.0,23.0,False,True,Alex G. Spanos Stadium
401678916,2024,12,regular,2024-11-16 22:00:00,Central Arkansas,Southern Utah,UAC,UAC,31.0,38.0,False,True,Estes Stadium
401734016,2024,12,regular,2024-11-16 22:30:00,Pomona Pitzer,Chapman,So. Cal.,So. Cal.,37.0,34.0,False,True,Merritt Field
401676330,2024,12,regular,2024-11-16 22:30:00,Lewis & Clark,Willamette,Northwest,Northwest,35.0,7.0,False,True,Griswold Stadium
401675762,2024,12,regular,2024-11-16 23:00:00,Barton,UVA Wise,South Atlantic,South Atlantic,21.0,24.0,False,True,Electric Supply Company Field
401628548,2024,12,regular,2024-11-16 23:00:00,Maryland,Rutgers,Big Ten,Big Ten,17.0,31.0,False,True,SECU Stadium
401674299,2024,12,regular,2024-11-16 23:00:00,Wheeling,West Liberty,Mountain East,Mountain East,40.0,16.0,False,True,Bishop Schmitt Field
401676794,2024,12,regular,2024-11-16 23:00:00,Catawba,Tusculum,South Atlantic,South Atlantic,47.0,15.0,False,True,Shuford Stadium
401643835,2024,12,regular,2024-11-17 00:00:00,Texas State,Southern Miss,Sun Belt,Sun Belt,58.0,3.0,False,True,Bobcat Stadium (TX)
401636927,2024,12,regular,2024-11-17 00:00:00,Kansas State,Arizona State,Big 12,Big 12,14.0,24.0,False,True,Bill Snyder Family Stadium
401675507,2024,12,regular,2024-11-17 00:00:00,Valdosta State,West Florida,Gulf South,Gulf South,28.0,7.0,False,True,Bazemore-Hyder Stadium
401675521,2024,12,regular,2024-11-17 00:00:00,Angelo State,West Texas,Lone Star,Lone Star,56.0,19.0,False,True,LeGrand Stadium at 1st Community Credit Union Field
401632139,2024,12,regular,2024-11-17 00:00:00,Tarleton State,Abilene Christian,UAC,UAC,31.0,35.0,False,True,"Memorial Stadium (Stephenville, TX)"
401643834,2024,12,regular,2024-11-17 00:00:00,Louisiana,South Alabama,Sun Belt,Sun Belt,22.0,24.0,False,True,Cajun Field
401643758,2024,12,regular,2024-11-17 00:00:00,San José State,Boise State,Mountain West,Mountain West,21.0,42.0,False,True,CEFCU Stadium
401628551,2024,12,regular,2024-11-17 00:30:00,Wisconsin,Oregon,Big Ten,Big Ten,13.0,16.0,False,True,Camp Randall Stadium
401628421,2024,12,regular,2024-11-17 00:30:00,Georgia,Tennessee,SEC,SEC,31.0,17.0,False,True,Sanford Stadium
401628424,2024,12,regular,2024-11-17 00:45:00,Texas A&M,New Mexico State,SEC,Conference USA,38.0,3.0,False,False,Kyle Field
401634123,2024,12,regular,2024-11-17 01:00:00,Idaho,Weber State,Big Sky,Big Sky,31.0,24.0,False,True,Kibbie Dome
401634125,2024,12,regular,2024-11-17 01:00:00,UC Davis,Montana State,Big Sky,Big Sky,28.0,30.0,False,True,Aggie Stadium
401636926,2024,12,regular,2024-11-17 01:00:00,Iowa State,Cincinnati,Big 12,Big 12,34.0,17.0,False,True,Jack Trice Stadium
401675537,2024,12,regular,2024-11-17 01:00:00,Texas A&M-Kingsville,Eastern New Mexico,Lone Star,Lone Star,28.0,13.0,False,True,Javelina Stadium
401645367,2024,12,regular,2024-11-17 01:00:00,Memphis,UAB,American Athletic,American Athletic,53.0,18.0,False,True,Simmons Bank Liberty Stadium
401635583,2024,12,regular,2024-11-17 01:00:00,North Carolina,Wake Forest,ACC,ACC,31.0,24.0,False,True,Kenan Stadium
401643761,2024,12,regular,2024-11-17 02:30:00,New Mexico,Washington State,Mountain West,Pac-12,38.0,35.0,False,False,University Stadium (NM)
401636924,2024,12,regular,2024-11-17 03:15:00,BYU,Kansas,Big 12,Big 12,13.0,17.0,False,True,LaVell Edwards Stadium
401643762,2024,12,regular,2024-11-17 03:30:00,UNLV,San Diego State,Mountain West,Mountain West,41.0,20.0,False,True,Allegiant Stadium
401644769,2024,13,regular,2024-11-20 00:00:00,Kent State,Akron,Mid-American,Mid-American,17.0,38.0,False,True,Dix Stadium
401644770,2024,13,regular,2024-11-20 00:30:00,Central Michigan,Western Michigan,Mid-American,Mid-American,16.0,14.0,False,True,Kelly/Shorts Stadium
401644690,2024,13,regular,2024-11-20 01:00:00,Miami (OH),Northern Illinois,Mid-American,Mid-American,20.0,9.0,False,True,Yager Stadium
401644772,2024,13,regular,2024-11-21 00:00:00,Eastern Michigan,Buffalo,Mid-American,Mid-American,20.0,37.0,False,True,Rynearson Stadium
401644773,2024,13,regular,2024-11-21 00:00:00,Toledo,Ohio,Mid-American,Mid-American,7.0,24.0,False,True,Glass Bowl
401634039,2024,13,regular,2024-11-22 00:00:00,Nicholls,SE Louisiana,Southland,Southland,16.0,19.0,False,True,Manning Field at John L. Guidry Stadium
401634772,2024,13,regular,2024-11-22 00:30:00,Georgia Tech,NC State,ACC,ACC,30.0,29.0,False,True,Bobby Dodd Stadium
401645374,2024,13,regular,2024-11-23 00:00:00,UTSA,Temple,American Athletic,American Athletic,51.0,27.0,False,True,Alamodome
401628558,2024,13,regular,2024-11-23 01:00:00,Michigan State,Purdue,Big Ten,Big Ten,24.0,17.0,False,True,Spartan Stadium
401643767,2024,13,regular,2024-11-23 03:00:00,San José State,UNLV,Mountain West,Mountain West,16.0,27.0,False,True,CEFCU Stadium
401628429,2024,13,regular,2024-11-23 17:00:00,Florida,Ole Miss,SEC,SEC,24.0,17.0,False,True,Ben Hill Griffin Stadium
401654623,2024,13,regular,2024-11-23 17:00:00,Lehigh,Lafayette,Patriot,Patriot,38.0,14.0,False,True,Goodman Stadium
401654600,2024,13,regular,2024-11-23 17:00:00,Wagner,Long Island University,NEC,NEC,28.0,35.0,False,True,Wagner College Stadium
401628695,2024,13,regular,2024-11-23 17:00:00,Richmond,William & Mary,Coastal Athletic,Coastal Athletic,27.0,0.0,False,True,E. Claiborne Robins Stadium
401734588,2024,13,regular,2024-11-23 17:00:00,Berry,Maryville (TN),Southern Athletic,USA South,16.0,20.0,False,False,Valhalla Stadium
401654496,2024,13,regular,2024-11-23 17:00:00,Columbia,Cornell,Ivy,Ivy,17.0,9.0,False,True,Lawrence A. Wien Stadium
401734589,2024,13,regular,2024-11-23 17:00:00,King's,Ursinus,Mid Atlantic,Centennial,32.0,29.0,False,False,McCarthy Stadium (Wilkes Barre)
401734580,2024,13,regular,2024-11-23 17:00:00,Miles,Carson Newman,SIAC,South Atlantic,14.0,13.0,False,False,Albert J. H. Sloan - Alumni Stadium
401654462,2024,13,regular,2024-11-23 17:00:00,Dartmouth,Brown,Ivy,Ivy,56.0,28.0,False,True,Memorial Field
401654610,2024,13,regular,2024-11-23 17:00:00,Robert Morris,Stonehill,NEC,NEC,31.0,13.0,False,True,Joe Walton Stadium
401644605,2024,13,regular,2024-11-23 17:00:00,Harvard,Yale,Ivy,Ivy,29.0,34.0,False,True,Harvard Stadium
401734590,2024,13,regular,2024-11-23 17:00:00,John Carroll,Mount St Joseph,Ohio,Heartland,52.0,7.0,False,False,Don Shula Stadium at Wasmer Field
401634142,2024,13,regular,2024-11-23 17:00:00,VMI,East Tennessee State,Southern,Southern,9.0,16.0,False,True,Alumni Memorial Field
401654581,2024,13,regular,2024-11-23 17:00:00,Central Connecticut,Duquesne,NEC,NEC,21.0,14.0,False,True,Arute Field
401635518,2024,13,regular,2024-11-23 17:00:00,Syracuse,UConn,ACC,FBS Independents,31.0,24.0,False,False,JMA Wireless Dome
401628555,2024,13,regular,2024-11-23 17:00:00,Ohio State,Indiana,Big Ten,Big Ten,38.0,15.0,False,True,Ohio Stadium
401635619,2024,13,regular,2024-11-23 17:00:00,Virginia,SMU,ACC,ACC,7.0,33.0,False,True,Scott Stadium
401635618,2024,13,regular,2024-11-23 17:00:00,Miami,Wake Forest,ACC,ACC,42.0,14.0,False,True,Hard Rock Stadium
401635612,2024,13,regular,2024-11-23 17:00:00,Boston College,North Carolina,ACC,ACC,41.0,21.0,False,True,"Alumni Stadium (Chestnut Hill, MA)"
401628556,2024,13,regular,2024-11-23 17:00:00,Maryland,Iowa,Big Ten,Big Ten,13.0,29.0,False,True,SECU Stadium
401641005,2024,13,regular,2024-11-23 17:00:00,Jacksonville State,Sam Houston,Conference USA,Conference USA,21.0,11.0,False,True,AmFirst Stadium
401628554,2024,13,regular,2024-11-23 17:00:00,Rutgers,Illinois,Big Ten,Big Ten,31.0,38.0,False,True,SHI Stadium
401734571,2024,13,regular,2024-11-23 17:00:00,Endicott,Alfred State,Commonwealth Coast,ECFC,44.0,0.0,False,False,Hempstead Stadium
401654640,2024,13,regular,2024-11-23 17:30:00,Georgetown,Holy Cross,Patriot,Patriot,0.0,34.0,False,True,Cooper Field
401628430,2024,13,regular,2024-11-23 17:45:00,Georgia,Massachusetts,SEC,FBS Independents,59.0,21.0,False,False,Sanford Stadium
401734570,2024,13,regular,2024-11-23 18:00:00,Coe,Bethel (MN),American Rivers,Minnesota,26.0,31.0,False,False,Clark Field
401654469,2024,13,regular,2024-11-23 18:00:00,Princeton,Pennsylvania,Ivy,Ivy,20.0,17.0,False,True,Princeton University Stadium
401638698,2024,13,regular,2024-11-23 18:00:00,Presbyterian,Butler,Pioneer,Pioneer,30.0,27.0,False,True,Bailey Memorial Stadium
401654504,2024,13,regular,2024-11-23 18:00:00,Delaware State,North Carolina Central,MEAC,MEAC,10.0,52.0,False,True,Alumni Stadium
401628693,2024,13,regular,2024-11-23 18:00:00,Maine,New Hampshire,Coastal Athletic,Coastal Athletic,9.0,27.0,False,True,Alfond Stadium
401634011,2024,13,regular,2024-11-23 18:00:00,Tennessee Tech,Eastern Illinois,Big South-OVC,Big South-OVC,23.0,6.0,False,True,Tucker Stadium
401654537,2024,13,regular,2024-11-23 18:00:00,Morgan State,Howard,MEAC,MEAC,35.0,21.0,False,True,Hughes Stadium
401628699,2024,13,regular,2024-11-23 18:00:00,Bryant,Rhode Island,Coastal Athletic,Coastal Athletic,21.0,35.0,False,True,Bulldog Stadium
401654653,2024,13,regular,2024-11-23 18:00:00,Bucknell,Colgate,Patriot,Patriot,48.0,34.0,False,True,Christy Mathewson-Memorial Stadium
401634259,2024,13,regular,2024-11-23 18:00:00,Mississippi Valley State,Alabama A&M,SWAC,SWAC,35.0,49.0,False,True,Rice-Totten Field
401634168,2024,13,regular,2024-11-23 18:00:00,Illinois State,North Dakota,MVFC,MVFC,35.0,13.0,False,True,Hancock Stadium
401640996,2024,13,regular,2024-11-23 18:00:00,Liberty,Western Kentucky,Conference USA,Conference USA,38.0,21.0,False,True,Williams Stadium (VA)
401628694,2024,13,regular,2024-11-23 18:00:00,Villanova,Delaware,Coastal Athletic,CAA,38.0,28.0,False,True,Villanova Stadium
401734587,2024,13,regular,2024-11-23 18:00:00,Trinity (TX),Mary Hardin Baylor,Southern Athletic,American Southwest,22.0,29.0,False,False,Trinity University Stadium
401734596,2024,13,regular,2024-11-23 18:00:00,Grand Valley State,Indianapolis,GLIAC,Great Lakes,24.0,7.0,False,False,Lubbers Stadium
401734598,2024,13,regular,2024-11-23 18:00:00,Augustana (SD),Minnesota State,Northern Sun,Northern Sun,19.0,20.0,False,True,Kirkeby-Over Stadium
401638702,2024,13,regular,2024-11-23 18:00:00,Morehead State,San Diego,Pioneer,Pioneer,14.0,37.0,False,True,Jayne Stadium
401634196,2024,13,regular,2024-11-23 18:00:00,Southern Illinois,Murray State,MVFC,MVFC,62.0,0.0,False,True,Saluki Stadium
401734577,2024,13,regular,2024-11-23 18:00:00,Slippery Rock,New Haven,Pennsylvania State Athletic,Northeast 10,14.0,7.0,False,False,Mihalik-Thompson Stadium
401734578,2024,13,regular,2024-11-23 18:00:00,Charleston (WV),Ashland,Mountain East,Great Midwest Athletic,38.0,40.0,False,False,University of Charleston Stadium
401734579,2024,13,regular,2024-11-23 18:00:00,California (PA),East Stroudsburg,Pennsylvania State Athletic,Pennsylvania State Athletic,30.0,27.0,False,True,Adamson Stadium
401628435,2024,13,regular,2024-11-23 18:00:00,Tennessee,UTEP,SEC,Conference USA,56.0,0.0,False,False,Neyland Stadium
401654635,2024,13,regular,2024-11-23 18:00:00,Mercyhurst,Saint Francis,NEC,NEC,21.0,20.0,False,True,Saxon Stadium
401734581,2024,13,regular,2024-11-23 18:00:00,Wingate,Virginia Union,South Atlantic,CIAA,31.0,34.0,False,False,Irwin Belk Stadium
401734569,2024,13,regular,2024-11-23 18:00:00,Wisconsin La Crosse,Northwestern (MN),Wisconsin,Upper Midwest,59.0,14.0,False,False,Veterans Memorial Stadium (WI)
401654615,2024,13,regular,2024-11-23 18:00:00,Fordham,Merrimack,Patriot,FCS Independents,3.0,19.0,False,False,Jack Coffey Field
401628696,2024,13,regular,2024-11-23 18:00:00,North Carolina A&T,Elon,Coastal Athletic,Coastal Athletic,21.0,31.0,False,True,Aggie Stadium
401638701,2024,13,regular,2024-11-23 18:00:00,Stetson,Drake,Pioneer,Pioneer,10.0,49.0,False,True,Spec Martin Municipal Stadium
401628698,2024,13,regular,2024-11-23 18:00:00,UAlbany,Hampton,Coastal Athletic,Coastal Athletic,41.0,34.0,False,True,Bob Ford Field
401628697,2024,13,regular,2024-11-23 18:00:00,Stony Brook,Monmouth,Coastal Athletic,Coastal Athletic,47.0,55.0,False,True,Kenneth P. LaValle Stadium
401635616,2024,13,regular,2024-11-23 18:30:00,Florida State,Charleston Southern,ACC,Big South-OVC,41.0,7.0,False,False,Doak Campbell Stadium
401654543,2024,13,regular,2024-11-23 18:30:00,South Carolina State,Norfolk State,MEAC,MEAC,53.0,21.0,False,True,Oliver C. Dawson Stadium
401734597,2024,13,regular,2024-11-23 19:00:00,Pittsburg State,Harding,Mid America,Great American,3.0,48.0,False,False,Carnie Smith Stadium
401734595,2024,13,regular,2024-11-23 19:00:00,Central Oklahoma,Ouachita Baptist,Mid America,Great American,38.0,31.0,False,False,Wantland Stadium
401638700,2024,13,regular,2024-11-23 19:00:00,St. Thomas (MN),Dayton,Pioneer,Pioneer,32.0,9.0,False,True,O'Shaughnessy Stadium
401634012,2024,13,regular,2024-11-23 19:00:00,Western Illinois,Gardner-Webb,Big South-OVC,Big South-OVC,45.0,28.0,False,True,Hanson Field
401734582,2024,13,regular,2024-11-23 19:00:00,West Alabama,Lenoir Rhyne,Gulf South,South Atlantic,34.0,37.0,False,False,Tiger Stadium (AL)
401634179,2024,13,regular,2024-11-23 19:00:00,Northern Iowa,Indiana State,MVFC,MVFC,41.0,34.0,False,True,UNI-Dome
401638699,2024,13,regular,2024-11-23 19:00:00,Valparaiso,Davidson,Pioneer,Pioneer,18.0,17.0,False,True,Brown Field
401628700,2024,13,regular,2024-11-23 19:00:00,Campbell,Towson,Coastal Athletic,Coastal Athletic,23.0,45.0,False,True,Barker-Lane Stadium
401634130,2024,13,regular,2024-11-23 19:00:00,Montana State,Montana,Big Sky,Big Sky,34.0,11.0,False,True,Bobcat Stadium
401634211,2024,13,regular,2024-11-23 19:00:00,South Dakota,North Dakota State,MVFC,MVFC,29.0,28.0,False,True,DakotaDome
401734600,2024,13,regular,2024-11-23 19:00:00,Angelo State,Bemidji State,Lone Star,Northern Sun,14.0,24.0,False,False,LeGrand Stadium at 1st Community Credit Union Field
401645373,2024,13,regular,2024-11-23 19:00:00,UAB,Rice,American Athletic,American Athletic,40.0,14.0,False,True,Protective Stadium
401632142,2024,13,regular,2024-11-23 19:00:00,Austin Peay,Chattanooga,UAC,Southern,17.0,24.0,False,False,Governors Stadium
401632132,2024,13,regular,2024-11-23 19:00:00,Eastern Kentucky,North Alabama,UAC,UAC,21.0,15.0,False,True,Roy Kidd Stadium
401644774,2024,13,regular,2024-11-23 19:00:00,Ball State,Bowling Green,Mid-American,Mid-American,13.0,38.0,False,True,Scheumann Stadium
401634041,2024,13,regular,2024-11-23 19:00:00,East Texas A&M,Incarnate Word,Southland,Southland,24.0,38.0,False,True,Memorial Stadium (Commerce TX)
401643836,2024,13,regular,2024-11-23 19:30:00,App State,James Madison,Sun Belt,Sun Belt,34.0,20.0,False,True,Kidd Brewer Stadium
401641027,2024,13,regular,2024-11-23 19:30:00,Middle Tennessee,New Mexico State,Conference USA,Conference USA,21.0,36.0,False,True,"Johnny ""Red"" Floyd Stadium"
401632131,2024,13,regular,2024-11-23 20:00:00,Tarleton State,Central Arkansas,UAC,UAC,39.0,14.0,False,True,"Memorial Stadium (Stephenville, TX)"
401643841,2024,13,regular,2024-11-23 20:00:00,Southern Miss,South Alabama,Sun Belt,Sun Belt,14.0,35.0,False,True,M. M. Roberts Stadium
401634128,2024,13,regular,2024-11-23 20:00:00,Northern Arizona,Eastern Washington,Big Sky,Big Sky,30.0,18.0,False,True,Walkup Skydome
401734572,2024,13,regular,2024-11-23 20:00:00,Whitworth,Pomona Pitzer,Northwest,So. Cal.,21.0,13.0,False,False,The Pine Bowl
401636352,2024,13,regular,2024-11-23 20:00:00,Alabama State,Prairie View A&M,SWAC,SWAC,9.0,6.0,False,True,Hornet Stadium
401634040,2024,13,regular,2024-11-23 20:00:00,Houston Christian,Northwestern State,Southland,Southland,62.0,24.0,False,True,Husky Stadium
401636392,2024,13,regular,2024-11-23 20:00:00,Alcorn State,Jackson State,SWAC,SWAC,10.0,48.0,False,True,Jack Spinks Stadium
401632143,2024,13,regular,2024-11-23 20:00:00,Southern Utah,Utah Tech,UAC,UAC,37.0,34.0,False,True,Eccles Coliseum
401634127,2024,13,regular,2024-11-23 20:00:00,Weber State,Cal Poly,Big Sky,Big Sky,28.0,17.0,False,True,Stewart Stadium
401636935,2024,13,regular,2024-11-23 20:00:00,TCU,Arizona,Big 12,Big 12,49.0,28.0,False,True,Amon G. Carter Stadium
401640987,2024,13,regular,2024-11-23 20:00:00,Kennesaw State,Florida International,Conference USA,Conference USA,27.0,26.0,False,True,Fifth Third Stadium
401678896,2024,13,regular,2024-11-23 20:00:00,Stephen F. Austin,Abilene Christian,Southland,UAC,32.0,19.0,False,False,Homer Bryce Stadium
401638350,2024,13,regular,2024-11-23 20:00:00,Samford,Western Carolina,Southern,Southern,42.0,47.0,False,True,Seibert Stadium
401634151,2024,13,regular,2024-11-23 20:00:00,Mercer,Furman,Southern,Southern,49.0,23.0,False,True,Five Star Stadium at the Moye Complex
401634013,2024,13,regular,2024-11-23 20:00:00,UT Martin,Lindenwood,Big South-OVC,Big South-OVC,33.0,26.0,False,True,Graham Stadium
401634189,2024,13,regular,2024-11-23 20:00:00,Missouri State,South Dakota State,MVFC,MVFC,9.0,45.0,False,True,Plaster Sports Complex
401643839,2024,13,regular,2024-11-23 20:00:00,Arkansas State,UL Monroe,Sun Belt,Sun Belt,28.0,21.0,False,True,Centennial Bank Stadium
401636362,2024,13,regular,2024-11-23 20:00:00,Arkansas-Pine Bluff,Texas Southern,SWAC,SWAC,23.0,31.0,False,True,Golden Lion Stadium
401734599,2024,13,regular,2024-11-23 20:00:00,Western Colorado,Central Washington,Rocky Mountain,Lone Star,28.0,21.0,False,False,Mountaineer Bowl
401645371,2024,13,regular,2024-11-23 20:00:00,Florida Atlantic,Charlotte,American Athletic,American Athletic,27.0,39.0,False,True,FAU Stadium
401636371,2024,13,regular,2024-11-23 20:30:00,Bethune-Cookman,Florida A&M,SWAC,SWAC,38.0,41.0,True,True,Camping World Stadium
401636934,2024,13,regular,2024-11-23 20:30:00,Oklahoma State,Texas Tech,Big 12,Big 12,48.0,56.0,False,True,Boone Pickens Stadium
401636930,2024,13,regular,2024-11-23 20:30:00,Arizona State,BYU,Big 12,Big 12,28.0,23.0,False,True,Mountain America Stadium
401643837,2024,13,regular,2024-11-23 20:30:00,Coastal Carolina,Georgia Southern,Sun Belt,Sun Belt,6.0,26.0,False,True,Brooks Stadium (SC)
401635614,2024,13,regular,2024-11-23 20:30:00,Clemson,The Citadel,ACC,Southern,51.0,14.0,False,False,"Memorial Stadium (Clemson, SC)"
401645372,2024,13,regular,2024-11-23 20:30:00,North Texas,East Carolina,American Athletic,American Athletic,28.0,40.0,False,True,DATCU Stadium
401645375,2024,13,regular,2024-11-23 20:30:00,South Florida,Tulsa,American Athletic,American Athletic,63.0,30.0,False,True,Raymond James Stadium
401628436,2024,13,regular,2024-11-23 20:30:00,Texas,Kentucky,SEC,SEC,31.0,14.0,False,True,DKR-Texas Memorial Stadium
401628557,2024,13,regular,2024-11-23 20:30:00,Michigan,Northwestern,Big Ten,Big Ten,50.0,6.0,False,True,Michigan Stadium
401628559,2024,13,regular,2024-11-23 20:30:00,Minnesota,Penn State,Big Ten,Big Ten,25.0,26.0,False,True,Huntington Bank Stadium
401628560,2024,13,regular,2024-11-23 20:30:00,Nebraska,Wisconsin,Big Ten,Big Ten,44.0,25.0,False,True,"Memorial Stadium (Lincoln, NE)"
401636932,2024,13,regular,2024-11-23 20:30:00,Kansas,Colorado,Big 12,Big 12,37.0,21.0,True,True,GEHA Field at Arrowhead Stadium
401636937,2024,13,regular,2024-11-23 20:30:00,West Virginia,UCF,Big 12,Big 12,31.0,21.0,False,True,Milan Puskar Stadium
401643766,2024,13,regular,2024-11-23 20:30:00,Utah State,San Diego State,Mountain West,Mountain West,41.0,20.0,False,True,Maverik Stadium
401635613,2024,13,regular,2024-11-23 20:30:00,California,Stanford,ACC,ACC,24.0,21.0,False,True,California Memorial Stadium
401628427,2024,13,regular,2024-11-23 21:00:00,Arkansas,Louisiana Tech,SEC,Conference USA,35.0,14.0,False,False,Razorback Stadium
401634131,2024,13,regular,2024-11-23 21:00:00,Portland State,Northern Colorado,Big Sky,Big Sky,45.0,13.0,False,True,Hillsboro Stadium
401635617,2024,13,regular,2024-11-23 21:00:00,Louisville,Pittsburgh,ACC,ACC,37.0,9.0,False,True,L&N Federal Credit Union Stadium
401628434,2024,13,regular,2024-11-23 21:00:00,South Carolina,Wofford,SEC,Southern,56.0,12.0,False,False,Williams-Brice Stadium
401628432,2024,13,regular,2024-11-23 21:15:00,Mississippi State,Missouri,SEC,SEC,20.0,39.0,False,True,Davis Wade Stadium
401634014,2024,13,regular,2024-11-23 21:30:00,Tennessee State,Southeast Missouri State,Big South-OVC,Big South-OVC,28.0,21.0,False,True,Nissan Stadium
401643840,2024,13,regular,2024-11-23 22:00:00,Louisiana,Troy,Sun Belt,Sun Belt,51.0,30.0,False,True,Cajun Field
401634132,2024,13,regular,2024-11-23 22:00:00,Sacramento State,UC Davis,Big Sky,Big Sky,39.0,42.0,False,True,Hornet Stadium
401634129,2024,13,regular,2024-11-23 23:00:00,Idaho State,Idaho,Big Sky,Big Sky,17.0,40.0,False,True,Holt Arena
401643842,2024,13,regular,2024-11-24 00:00:00,Texas State,Georgia State,Sun Belt,Sun Belt,44.0,52.0,False,True,Bobcat Stadium (TX)
401643764,2024,13,regular,2024-11-24 00:00:00,Wyoming,Boise State,Mountain West,Mountain West,13.0,17.0,False,True,War Memorial Stadium
401636931,2024,13,regular,2024-11-24 00:00:00,Houston,Baylor,Big 12,Big 12,10.0,20.0,False,True,TDECU Stadium
401628572,2024,13,regular,2024-11-24 00:00:00,Oregon State,Washington State,Pac-12,Pac-12,41.0,38.0,False,True,Reser Stadium
401640959,2024,13,regular,2024-11-24 00:00:00,Notre Dame,Army,FBS Independents,American Athletic,49.0,14.0,True,False,Yankee Stadium
401643838,2024,13,regular,2024-11-24 00:30:00,Old Dominion,Marshall,Sun Belt,Sun Belt,35.0,42.0,False,True,S.B. Ballard Stadium
401628428,2024,13,regular,2024-11-24 00:30:00,Auburn,Texas A&M,SEC,SEC,43.0,41.0,False,True,Jordan-Hare Stadium
401628433,2024,13,regular,2024-11-24 00:30:00,Oklahoma,Alabama,SEC,SEC,24.0,3.0,False,True,"Memorial Stadium (Norman, OK)"
401636936,2024,13,regular,2024-11-24 00:30:00,Utah,Iowa State,Big 12,Big 12,28.0,31.0,False,True,Rice-Eccles Stadium
401628431,2024,13,regular,2024-11-24 00:45:00,LSU,Vanderbilt,SEC,SEC,24.0,17.0,False,True,Tiger Stadium (LA)
401634042,2024,13,regular,2024-11-24 01:00:00,McNeese,Lamar,Southland,Southland,24.0,26.0,False,True,Cowboy Stadium
401636933,2024,13,regular,2024-11-24 01:00:00,Kansas State,Cincinnati,Big 12,Big 12,41.0,15.0,False,True,Bill Snyder Family Stadium
401635615,2024,13,regular,2024-11-24 01:00:00,Duke,Virginia Tech,ACC,ACC,31.0,28.0,False,True,Wallace Wade Stadium
401643765,2024,13,regular,2024-11-24 03:30:00,Fresno State,Colorado State,Mountain West,Mountain West,28.0,22.0,False,True,Valley Children's Stadium
401628561,2024,13,regular,2024-11-24 03:30:00,UCLA,USC,Big Ten,Big Ten,13.0,19.0,False,True,Rose Bowl
401643763,2024,13,regular,2024-11-24 03:30:00,Nevada,Air Force,Mountain West,Mountain West,19.0,22.0,False,True,Mackay Stadium
401644775,2024,14,regular,2024-11-27 00:00:00,Akron,Toledo,Mid-American,Mid-American,21.0,14.0,False,True,InfoCision Stadium
401644776,2024,14,regular,2024-11-27 00:00:00,Buffalo,Kent State,Mid-American,Mid-American,43.0,7.0,False,True,UB Stadium
401636353,2024,14,regular,2024-11-28 19:00:00,Alabama State,Tuskegee,SWAC,SIAC,34.0,6.0,False,False,Hornet Stadium
401645376,2024,14,regular,2024-11-29 00:30:00,Tulane,Memphis,American Athletic,American Athletic,24.0,34.0,False,True,Yulman Stadium
401644777,2024,14,regular,2024-11-29 17:00:00,Ohio,Ball State,Mid-American,Mid-American,42.0,21.0,False,True,Peden Stadium
401644691,2024,14,regular,2024-11-29 17:00:00,Bowling Green,Miami (OH),Mid-American,Mid-American,12.0,28.0,False,True,Doyt L. Perry Stadium
401628568,2024,14,regular,2024-11-29 17:00:00,Wisconsin,Minnesota,Big Ten,Big Ten,7.0,24.0,False,True,Camp Randall Stadium
401643769,2024,14,regular,2024-11-29 17:00:00,Boise State,Oregon State,Mountain West,Pac-12,34.0,18.0,False,False,Albertsons Stadium
401636938,2024,14,regular,2024-11-29 17:00:00,Colorado,Oklahoma State,Big 12,Big 12,52.0,0.0,False,True,Folsom Field
401645379,2024,14,regular,2024-11-29 17:00:00,East Carolina,Navy,American Athletic,American Athletic,20.0,34.0,False,True,Dowdy-Ficklen Stadium
401640997,2024,14,regular,2024-11-29 20:30:00,Sam Houston,Liberty,Conference USA,Conference USA,20.0,18.0,False,True,Elliott T. Bowers Stadium
401643770,2024,14,regular,2024-11-29 20:30:00,Colorado State,Utah State,Mountain West,Mountain West,42.0,37.0,False,True,Canvas Stadium
401643843,2024,14,regular,2024-11-29 20:30:00,South Alabama,Texas State,Sun Belt,Sun Belt,38.0,45.0,False,True,Hancock Whitney Stadium
401628442,2024,14,regular,2024-11-29 20:30:00,Ole Miss,Mississippi State,SEC,SEC,26.0,14.0,False,True,Vaught-Hemingway Stadium
401635625,2024,14,regular,2024-11-29 21:00:00,San José State,Stanford,Mountain West,ACC,34.0,31.0,False,False,CEFCU Stadium
401634252,2024,14,regular,2024-11-29 21:00:00,Florida A&M,Alabama A&M,SWAC,SWAC,28.0,20.0,False,True,Bragg Memorial Stadium
401628439,2024,14,regular,2024-11-30 00:30:00,Georgia,Georgia Tech,SEC,ACC,44.0,42.0,False,False,Sanford Stadium
401628562,2024,14,regular,2024-11-30 00:30:00,Iowa,Nebraska,Big Ten,Big Ten,13.0,10.0,False,True,Kinnick Stadium
401636939,2024,14,regular,2024-11-30 01:00:00,UCF,Utah,Big 12,Big 12,14.0,28.0,False,True,FBC Mortgage Stadium
401628566,2024,14,regular,2024-11-30 17:00:00,Ohio State,Michigan,Big Ten,Big Ten,10.0,13.0,False,True,Ohio Stadium
401629038,2024,14,regular,2024-11-30 17:00:00,Massachusetts,UConn,FBS Independents,FBS Independents,42.0,47.0,False,True,Warren McGuirk Alumni Stadium
401635622,2024,14,regular,2024-11-30 17:00:00,Wake Forest,Duke,ACC,ACC,17.0,23.0,False,True,Allegacy Federal Credit Union Stadium
401636941,2024,14,regular,2024-11-30 17:00:00,Baylor,Kansas,Big 12,Big 12,45.0,17.0,False,True,McLane Stadium
401734922,2024,14,regular,2024-11-30 17:00:00,SUNY Cortland,Endicott,Empire 8,Commonwealth Coast,17.0,9.0,False,False,Stadium Red Field
401628563,2024,14,regular,2024-11-30 17:00:00,Northwestern,Illinois,Big Ten,Big Ten,28.0,38.0,True,True,Wrigley Field
401734923,2024,14,regular,2024-11-30 17:00:00,Salisbury,King's,New Jersey,Mid Atlantic,33.0,13.0,False,False,Sea Gull Stadium
401734576,2024,14,regular,2024-11-30 17:00:00,Hope,Aurora,Michigan,NACC,49.0,21.0,False,False,Ray and Sue Smith Stadium
401645381,2024,14,regular,2024-11-30 17:00:00,Temple,North Texas,American Athletic,American Athletic,17.0,24.0,False,True,Lincoln Financial Field
401734594,2024,14,regular,2024-11-30 17:00:00,Carnegie Mellon,Centre,Presidents',Southern Athletic,24.0,15.0,False,False,Gesling Stadium
401734593,2024,14,regular,2024-11-30 17:00:00,Randolph Macon,Washington & Jefferson,Old Dominion,Presidents',38.0,22.0,False,False,Day Field
401734592,2024,14,regular,2024-11-30 17:00:00,Johns Hopkins,Grove City,Centennial,Presidents',17.0,14.0,False,False,Homewood Field
401734575,2024,14,regular,2024-11-30 17:00:00,Springfield,UMass Dartmouth,NEWMAC,MSCAC,54.0,27.0,False,False,Stagg Field
401734989,2024,14,regular,2024-11-30 17:00:00,Kutztown,Slippery Rock,Pennsylvania State Athletic,Pennsylvania State Athletic,24.0,25.0,False,True,Andre Reed Stadium
401645378,2024,14,regular,2024-11-30 17:00:00,Army,UTSA,American Athletic,American Athletic,29.0,24.0,False,True,Michie Stadium
401734573,2024,14,regular,2024-11-30 17:00:00,Susquehanna,Hobart,Landmark Conference,Liberty League,42.0,35.0,False,False,Amos Alonzo Stagg Field (PA)
401636945,2024,14,regular,2024-11-30 17:00:00,Texas Tech,West Virginia,Big 12,Big 12,52.0,15.0,False,True,Jones AT&T Stadium
401628440,2024,14,regular,2024-11-30 17:00:00,Kentucky,Louisville,SEC,ACC,14.0,41.0,False,False,Kroger Field
401643848,2024,14,regular,2024-11-30 17:00:00,UL Monroe,Louisiana,Sun Belt,Sun Belt,23.0,37.0,False,True,Malone Stadium
401628444,2024,14,regular,2024-11-30 17:00:00,Clemson,South Carolina,ACC,SEC,14.0,17.0,False,False,"Memorial Stadium (Clemson, SC)"
401734924,2024,14,regular,2024-11-30 17:00:00,Mount Union,John Carroll,Ohio,Ohio,42.0,7.0,False,True,Mount Union Stadium
401729737,2024,14,regular,2024-11-30 17:00:00,Rhode Island,Central Connecticut,Coastal Athletic,NEC,21.0,17.0,False,False,Meade Stadium
401729731,2024,14,regular,2024-11-30 17:00:00,Southeast Missouri State,Illinois State,Big South-OVC,MVFC,27.0,35.0,False,False,Houck Field
401628446,2024,14,regular,2024-11-30 17:00:00,Vanderbilt,Tennessee,SEC,SEC,23.0,36.0,False,True,FirstBank Stadium
401734925,2024,14,regular,2024-11-30 17:00:00,DePauw,Maryville (TN),North Coast,USA South,45.0,20.0,False,False,Blackstock Stadium
401734994,2024,14,regular,2024-11-30 17:00:00,Ferris State,Central Oklahoma,GLIAC,Mid America,78.0,17.0,False,False,Top Taggart Field
401734996,2024,14,regular,2024-11-30 18:00:00,Virginia Union,Lenoir Rhyne,CIAA,South Atlantic,44.0,12.0,False,False,Helen and Leonard Moretz Stadium
401734992,2024,14,regular,2024-11-30 18:00:00,Grand Valley State,Harding,GLIAC,Great American,26.0,44.0,False,False,Lubbers Stadium
401734991,2024,14,regular,2024-11-30 18:00:00,California (PA),Ashland,Pennsylvania State Athletic,Great Midwest Athletic,34.0,33.0,False,False,Adamson Stadium
401734574,2024,14,regular,2024-11-30 18:00:00,Wartburg,Wisconsin Platteville,American Rivers,Wisconsin,19.0,14.0,False,False,Walston-Hoover Stadium
401734997,2024,14,regular,2024-11-30 18:00:00,North Central College,Whitworth,CCIW,Northwest,42.0,17.0,False,False,Benedetti-Wehrli Stadium
401734926,2024,14,regular,2024-11-30 18:00:00,Lake Forest,Bethel (MN),Midwest,Minnesota,21.0,48.0,False,False,Royal Stadium
401729729,2024,14,regular,2024-11-30 18:00:00,New Hampshire,UT Martin,Coastal Athletic,Big South-OVC,10.0,41.0,False,False,Wildcat Stadium
401734921,2024,14,regular,2024-11-30 18:00:00,Valdosta State,Miles,Gulf South,SIAC,33.0,17.0,False,False,Bazemore-Hyder Stadium
401734987,2024,14,regular,2024-11-30 18:00:00,Hardin Simmons,Mary Hardin Baylor,American Southwest,American Southwest,13.0,17.0,False,True,Shelton Stadium
401734988,2024,14,regular,2024-11-30 18:00:00,Saint John's (MN),Wisconsin La Crosse,Minnesota,Wisconsin,24.0,13.0,False,False,Clemens Stadium
401644780,2024,14,regular,2024-11-30 18:30:00,Western Michigan,Eastern Michigan,Mid-American,Mid-American,26.0,18.0,False,True,Waldo Stadium
401645382,2024,14,regular,2024-11-30 19:00:00,Rice,South Florida,American Athletic,American Athletic,35.0,28.0,False,True,Rice Stadium
401640988,2024,14,regular,2024-11-30 19:00:00,Florida International,Middle Tennessee,Conference USA,Conference USA,35.0,24.0,True,True,Pitbull Stadium
401636386,2024,14,regular,2024-11-30 19:00:00,Southern,Grambling,SWAC,SWAC,24.0,14.0,True,True,Caesars Superdome
401729730,2024,14,regular,2024-11-30 19:00:00,Richmond,Lehigh,Coastal Athletic,Patriot,16.0,20.0,False,False,E. Claiborne Robins Stadium
401643849,2024,14,regular,2024-11-30 19:00:00,Troy,Southern Miss,Sun Belt,Sun Belt,52.0,20.0,False,True,Veterans Memorial Stadium (AL)
401729736,2024,14,regular,2024-11-30 19:00:00,Villanova,Eastern Kentucky,Coastal Athletic,UAC,22.0,17.0,False,False,Villanova Stadium
401643845,2024,14,regular,2024-11-30 19:00:00,Georgia State,Coastal Carolina,Sun Belt,Sun Belt,27.0,48.0,False,True,Center Parc Stadium
401643847,2024,14,regular,2024-11-30 20:00:00,Arkansas State,Old Dominion,Sun Belt,Sun Belt,32.0,40.0,False,True,Centennial Bank Stadium
401734995,2024,14,regular,2024-11-30 20:00:00,Western Colorado,Bemidji State,Rocky Mountain,Northern Sun,19.0,20.0,False,False,Mountaineer Bowl
401729738,2024,14,regular,2024-11-30 20:00:00,Abilene Christian,Northern Arizona,UAC,Big Sky,24.0,0.0,False,False,Wildcat Stadium (TX)
401734990,2024,14,regular,2024-11-30 20:00:00,CSU Pueblo,Minnesota State,Rocky Mountain,Northern Sun,23.0,26.0,False,False,Neta and Eddie DeRose ThunderBowl
401734591,2024,14,regular,2024-11-30 20:00:00,Linfield,Texas Lutheran,Northwest,Southern Collegiate Athletic,65.0,3.0,False,False,Maxwell Field
401729732,2024,14,regular,2024-11-30 20:00:00,Tarleton State,Drake,UAC,Pioneer,43.0,29.0,False,False,"Memorial Stadium (Stephenville, TX)"
401635620,2024,14,regular,2024-11-30 20:00:00,Boston College,Pittsburgh,ACC,ACC,34.0,23.0,False,True,"Alumni Stadium (Chestnut Hill, MA)"
401628437,2024,14,regular,2024-11-30 20:30:00,Alabama,Auburn,SEC,SEC,28.0,14.0,False,True,Bryant-Denny Stadium
401636940,2024,14,regular,2024-11-30 20:30:00,Arizona,Arizona State,Big 12,Big 12,7.0,49.0,False,True,Arizona Stadium
401645377,2024,14,regular,2024-11-30 20:30:00,Charlotte,UAB,American Athletic,American Athletic,29.0,27.0,False,True,Jerry Richardson Stadium
401644779,2024,14,regular,2024-11-30 20:30:00,Northern Illinois,Central Michigan,Mid-American,Mid-American,24.0,16.0,False,True,Huskie Stadium
401635623,2024,14,regular,2024-11-30 20:30:00,Syracuse,Miami,ACC,ACC,42.0,38.0,False,True,JMA Wireless Dome
401628443,2024,14,regular,2024-11-30 20:30:00,Missouri,Arkansas,SEC,SEC,28.0,21.0,False,True,Memorial Stadium
401635624,2024,14,regular,2024-11-30 20:30:00,North Carolina,NC State,ACC,ACC,30.0,35.0,False,True,Kenan Stadium
401628567,2024,14,regular,2024-11-30 20:30:00,Michigan State,Rutgers,Big Ten,Big Ten,14.0,41.0,False,True,Spartan Stadium
401628570,2024,14,regular,2024-11-30 20:30:00,UCLA,Fresno State,Big Ten,Mountain West,20.0,13.0,False,False,Rose Bowl
401628571,2024,14,regular,2024-11-30 20:30:00,USC,Notre Dame,Big Ten,FBS Independents,35.0,49.0,False,False,Los Angeles Memorial Coliseum
401635621,2024,14,regular,2024-11-30 20:30:00,SMU,California,ACC,ACC,38.0,6.0,False,True,Gerald J. Ford Stadium
401628565,2024,14,regular,2024-11-30 20:30:00,Penn State,Maryland,Big Ten,Big Ten,44.0,7.0,False,True,Beaver Stadium
401645380,2024,14,regular,2024-11-30 20:30:00,Tulsa,Florida Atlantic,American Athletic,American Athletic,16.0,63.0,False,True,Chapman Stadium
401641006,2024,14,regular,2024-11-30 21:00:00,Western Kentucky,Jacksonville State,Conference USA,Conference USA,19.0,17.0,False,True,Houchens Industries-L.T. Smith Stadium
401641014,2024,14,regular,2024-11-30 21:00:00,Louisiana Tech,Kennesaw State,Conference USA,Conference USA,33.0,0.0,False,True,Joe Aillet Stadium
401641031,2024,14,regular,2024-11-30 21:00:00,New Mexico State,UTEP,Conference USA,Conference USA,35.0,42.0,False,True,Aggie Memorial Stadium
401636943,2024,14,regular,2024-11-30 23:00:00,Cincinnati,TCU,Big 12,Big 12,13.0,20.0,False,True,Nippert Stadium
401643844,2024,14,regular,2024-11-30 23:00:00,Georgia Southern,App State,Sun Belt,Sun Belt,29.0,20.0,False,True,Allen E. Paulson Stadium
401643773,2024,14,regular,2024-11-30 23:30:00,Washington State,Wyoming,Pac-12,Mountain West,14.0,15.0,False,False,Gesa Field
401628438,2024,14,regular,2024-12-01 00:00:00,Florida State,Florida,ACC,SEC,11.0,31.0,False,False,Doak Campbell Stadium
401628564,2024,14,regular,2024-12-01 00:00:00,Indiana,Purdue,Big Ten,Big Ten,66.0,0.0,False,True,"Memorial Stadium (Bloomington, IN)"
401628441,2024,14,regular,2024-12-01 00:00:00,LSU,Oklahoma,SEC,SEC,37.0,17.0,False,True,Tiger Stadium (LA)
401628445,2024,14,regular,2024-12-01 00:30:00,Texas A&M,Texas,SEC,SEC,7.0,17.0,False,True,Kyle Field
401628569,2024,14,regular,2024-12-01 00:30:00,Oregon,Washington,Big Ten,Big Ten,49.0,21.0,False,True,Autzen Stadium
401636944,2024,14,regular,2024-12-01 00:30:00,Iowa State,Kansas State,Big 12,Big 12,29.0,21.0,False,True,Jack Trice Stadium
401643846,2024,14,regular,2024-12-01 01:00:00,James Madison,Marshall,Sun Belt,Sun Belt,33.0,35.0,False,True,Bridgeforth Stadium
401643772,2024,14,regular,2024-12-01 01:00:00,UNLV,Nevada,Mountain West,Mountain West,38.0,14.0,False,True,Allegiant Stadium
401635640,2024,14,regular,2024-12-01 01:00:00,Virginia Tech,Virginia,ACC,ACC,37.0,17.0,False,True,Lane Stadium
401636942,2024,14,regular,2024-12-01 03:15:00,BYU,Houston,Big 12,Big 12,30.0,18.0,False,True,LaVell Edwards Stadium
401729734,2024,14,regular,2024-12-01 03:15:00,Montana,Tennessee State,Big Sky,Big South-OVC,41.0,27.0,False,False,Washington-Grizzly Stadium
401643768,2024,14,regular,2024-12-01 03:30:00,San Diego State,Air Force,Mountain West,Mountain West,20.0,31.0,False,True,Snapdragon Stadium
401643771,2024,14,regular,2024-12-01 04:00:00,Hawai'i,New Mexico,Mountain West,Mountain West,38.0,30.0,False,True,Clarence T.C. Ching Athletics Complex
401673466,2024,15,regular,2024-12-07 00:00:00,Jacksonville State,Western Kentucky,Conference USA,Conference USA,52.0,12.0,False,True,AmFirst Stadium
401673468,2024,15,regular,2024-12-07 01:00:00,Boise State,UNLV,Mountain West,Mountain West,21.0,7.0,False,True,Albertsons Stadium
401673462,2024,15,regular,2024-12-07 01:00:00,Army,Tulane,American Athletic,American Athletic,35.0,14.0,False,True,Michie Stadium
401735948,2024,15,regular,2024-12-07 17:00:00,Carnegie Mellon,Mount Union,Presidents',Ohio,19.0,24.0,False,False,Mount Union Stadium
401673467,2024,15,regular,2024-12-07 17:00:00,Miami (OH),Ohio,Mid-American,Mid-American,3.0,38.0,True,True,Ford Field
401735947,2024,15,regular,2024-12-07 17:00:00,Johns Hopkins,DePauw,Centennial,North Coast,14.0,9.0,False,False,Blackstock Stadium
401735972,2024,15,regular,2024-12-07 17:00:00,Salisbury,Randolph Macon,New Jersey,Old Dominion,35.0,14.0,False,False,Sea Gull Stadium
401735971,2024,15,regular,2024-12-07 17:00:00,SUNY Cortland,Springfield,Empire 8,NEWMAC,28.0,40.0,False,False,Stadium Red Field
401673465,2024,15,regular,2024-12-07 17:00:00,Arizona State,Iowa State,Big 12,Big 12,45.0,19.0,True,True,AT&T Stadium
401735967,2024,15,regular,2024-12-07 18:00:00,Hope,North Central College,Michigan,CCIW,21.0,41.0,False,False,Benedetti-Wehrli Stadium
401735987,2024,15,regular,2024-12-07 18:00:00,Ferris State,Harding,GLIAC,Great American,41.0,7.0,False,False,Top Taggart Field
401735968,2024,15,regular,2024-12-07 18:00:00,California (PA),Slippery Rock,Pennsylvania State Athletic,Pennsylvania State Athletic,13.0,31.0,False,True,Adamson Stadium
401735970,2024,15,regular,2024-12-07 18:00:00,Valdosta State,Virginia Union,Gulf South,CIAA,49.0,14.0,False,False,Bazemore-Hyder Stadium
401735969,2024,15,regular,2024-12-07 18:00:00,Saint John's (MN),Susquehanna,Minnesota,Landmark Conference,38.0,41.0,False,False,Clemens Stadium
401735988,2024,15,regular,2024-12-07 18:00:00,Wartburg,Bethel (MN),American Rivers,Minnesota,14.0,24.0,False,False,Walston-Hoover Stadium
401729750,2024,15,regular,2024-12-07 19:00:00,South Dakota State,Montana,MVFC,Big Sky,35.0,18.0,False,False,Dana J. Dykhouse Stadium
401729754,2024,15,regular,2024-12-07 19:00:00,Incarnate Word,Villanova,Southland,Coastal Athletic,13.0,6.0,False,False,Gayle and Tom Benson Stadium
401729756,2024,15,regular,2024-12-07 19:00:00,Mercer,Rhode Island,Southern,Coastal Athletic,17.0,10.0,False,False,Five Star Stadium at the Moye Complex
401673471,2024,15,regular,2024-12-07 19:00:00,Jackson State,Southern,SWAC,SWAC,41.0,13.0,False,True,Mississippi Veterans Memorial Stadium
401735989,2024,15,regular,2024-12-07 20:00:00,Mary Hardin Baylor,Linfield,American Southwest,Northwest,28.0,18.0,False,False,Maxwell Field
401729743,2024,15,regular,2024-12-07 20:00:00,Montana State,UT Martin,Big Sky,Big South-OVC,49.0,17.0,False,False,Bobcat Stadium
401735990,2024,15,regular,2024-12-07 20:00:00,Minnesota State,Bemidji State,Northern Sun,Northern Sun,27.0,23.0,False,True,Blakeslee Stadium
401729752,2024,15,regular,2024-12-07 20:00:00,South Dakota,Tarleton State,MVFC,UAC,42.0,31.0,False,False,DakotaDome
401729745,2024,15,regular,2024-12-07 20:00:00,North Dakota State,Abilene Christian,MVFC,UAC,51.0,31.0,False,False,Fargodome
401673469,2024,15,regular,2024-12-07 21:00:00,Texas,Georgia,SEC,SEC,19.0,22.0,True,True,Mercedes-Benz Stadium
401729753,2024,15,regular,2024-12-07 21:00:00,UC Davis,Illinois State,Big Sky,MVFC,42.0,10.0,False,False,Aggie Stadium
401673470,2024,15,regular,2024-12-08 00:30:00,Louisiana,Marshall,Sun Belt,Sun Belt,3.0,31.0,False,True,Cajun Field
401673463,2024,15,regular,2024-12-08 01:00:00,SMU,Clemson,ACC,ACC,31.0,34.0,True,True,Bank of America Stadium
401673464,2024,15,regular,2024-12-08 01:00:00,Oregon,Penn State,Big Ten,Big Ten,45.0,37.0,True,True,Lucas Oil Stadium
401729759,2024,15,regular,2024-12-08 02:00:00,Idaho,Lehigh,Big Sky,Patriot,34.0,13.0,False,False,Kibbie Dome
401729780,2024,16,regular,2024-12-14 02:00:00,Montana State,Idaho,Big Sky,Big Sky,52.0,19.0,False,True,Bobcat Stadium
401737153,2024,16,regular,2024-12-14 17:00:00,Valdosta State,Minnesota State,Gulf South,Northern Sun,35.0,21.0,False,False,Bazemore-Hyder Stadium
401737151,2024,16,regular,2024-12-14 17:00:00,Johns Hopkins,Mary Hardin Baylor,Centennial,American Southwest,17.0,10.0,False,False,Homewood Field
401729781,2024,16,regular,2024-12-14 17:00:00,South Dakota State,Incarnate Word,MVFC,Southland,55.0,14.0,False,False,Dana J. Dykhouse Stadium
401737147,2024,16,regular,2024-12-14 17:00:00,Salisbury,Mount Union,New Jersey,Ohio,17.0,38.0,False,False,Sea Gull Stadium
401737149,2024,16,regular,2024-12-14 17:00:00,Susquehanna,Bethel (MN),Landmark Conference,Minnesota,24.0,21.0,False,False,Amos Alonzo Stagg Field (PA)
401737148,2024,16,regular,2024-12-14 18:00:00,North Central College,Springfield,CCIW,NEWMAC,27.0,3.0,False,False,Benedetti-Wehrli Stadium
401645383,2024,16,regular,2024-12-14 20:00:00,Army,Navy,American Athletic,American Athletic,13.0,31.0,True,True,Northwest Stadium
401729785,2024,16,regular,2024-12-14 20:30:00,North Dakota State,Mercer,MVFC,Southern,31.0,7.0,False,False,Fargodome
401737154,2024,16,regular,2024-12-14 20:30:00,Ferris State,Slippery Rock,GLIAC,Pennsylvania State Athletic,48.0,38.0,False,False,Top Taggart Field
401729783,2024,16,regular,2024-12-14 21:00:00,South Dakota,UC Davis,MVFC,Big Sky,35.0,21.0,False,False,DakotaDome
