id,season,week,season_type,start_date,home_team,away_team,home_conference,away_conference,home_points,away_points,neutral_site,conference_game,venue
401756846,2025,1,regular,2025-08-23 16:00:00,Kansas State,Iowa State,Big 12,Big 12,21.0,24.0,True,True,Aviva Stadium
401767476,2025,1,regular,2025-08-23 17:00:00,Nicholls,Incarnate Word,Southland,Southland,20.0,6.0,False,True,Manning Field at John L. Guidry Stadium
401760371,2025,1,regular,2025-08-23 20:00:00,UNLV,Idaho State,Mountain West,Big Sky,38.0,31.0,False,False,Allegiant Stadium
401767126,2025,1,regular,2025-08-23 20:30:00,Portland State,Tarleton State,Big Sky,UAC,0.0,42.0,False,False,Hillsboro Stadium
401756847,2025,1,regular,2025-08-23 22:30:00,Kansas,Fresno State,Big 12,Mountain West,31.0,7.0,False,False,Memorial Stadium
401757218,2025,1,regular,2025-08-23 23:00:00,Western Kentucky,Sam Houston,Conference USA,Conference USA,41.0,24.0,False,True,Houchens Industries-L.T. Smith Stadium
401767410,2025,1,regular,2025-08-23 23:30:00,Southern,North Carolina Central,SWAC,MEAC,14.0,31.0,True,False,Center Parc Stadium
401754516,2025,1,regular,2025-08-23 23:30:00,Hawai'i,Stanford,Mountain West,ACC,23.0,20.0,False,False,Clarence T.C. Ching Athletics Complex
401773590,2025,1,regular,2025-08-28 20:00:00,Central Washington,Colorado Mesa,Lone Star,Rocky Mountain,41.0,14.0,False,False,Tomlinson Stadium
401762522,2025,1,regular,2025-08-28 21:30:00,South Florida,Boise State,American Athletic,Mountain West,34.0,7.0,False,False,Raymond James Stadium
401773397,2025,1,regular,2025-08-28 22:00:00,Marian (IN),Indianapolis,,Great Lakes,21.0,45.0,True,False,St. Vincent Health Field
401773478,2025,1,regular,2025-08-28 22:00:00,Northern Michigan,Minnesota St Moorhead,GLIAC,Northern Sun,37.0,44.0,False,False,Superior Dome
401752794,2025,1,regular,2025-08-28 22:00:00,Rutgers,Ohio,Big Ten,Mid-American,34.0,31.0,False,False,SHI Stadium
401762790,2025,1,regular,2025-08-28 22:00:00,Bowling Green,Lafayette,Mid-American,Patriot,26.0,7.0,False,False,Doyt L. Perry Stadium
401773643,2025,1,regular,2025-08-28 22:00:00,Ferris State,Pittsburg State,GLIAC,Mid America,34.0,17.0,False,False,Top Taggart Field
401773470,2025,1,regular,2025-08-28 22:00:00,Michigan Tech,Bemidji State,GLIAC,Northern Sun,37.0,17.0,False,False,Sherman Field
401767446,2025,1,regular,2025-08-28 22:00:00,Indiana State,McKendree,MVFC,Great Lakes,41.0,24.0,False,False,Memorial Stadium
401773703,2025,1,regular,2025-08-28 22:00:00,Clarion,Wheeling,Pennsylvania State Athletic,Mountain East,34.0,0.0,False,False,"Memorial Stadium (Clarion, PA)"
401767549,2025,1,regular,2025-08-28 22:00:00,Youngstown State,Mercyhurst,MVFC,NEC,24.0,15.0,False,False,Stambaugh Stadium
401773488,2025,1,regular,2025-08-28 22:00:00,Saginaw Valley State,Northeastern State,GLIAC,Independent DII,21.0,28.0,False,False,Harvey Randall Wickes Memorial Stadium
401773633,2025,1,regular,2025-08-28 23:00:00,Wayne State (NE),Nebraska Kearney,Northern Sun,Mid America,21.0,28.0,False,False,"Memorial Stadium (Wayne, NE)"
401761588,2025,1,regular,2025-08-28 23:00:00,UL Monroe,Saint Francis,Sun Belt,NEC,29.0,0.0,False,False,Malone Stadium
401754373,2025,1,regular,2025-08-28 23:00:00,NC State,East Carolina,ACC,American Athletic,24.0,17.0,False,False,Carter-Finley Stadium
401756848,2025,1,regular,2025-08-28 23:00:00,UCF,Jacksonville State,Big 12,Conference USA,17.0,10.0,False,False,FBC Mortgage Stadium
401767327,2025,1,regular,2025-08-28 23:00:00,Norfolk State,Towson,MEAC,Coastal Athletic,7.0,27.0,False,False,"William Dick"""" Price Stadium"""""
401767209,2025,1,regular,2025-08-28 23:00:00,St. Thomas (MN),Lindenwood,Pioneer,OVC-Big South,35.0,13.0,False,False,O'Shaughnessy Stadium
401757219,2025,1,regular,2025-08-28 23:00:00,Delaware,Delaware State,Conference USA,MEAC,35.0,17.0,False,False,Delaware Stadium
401773691,2025,1,regular,2025-08-28 23:00:00,Walsh,West Liberty,Great Midwest Athletic,Mountain East,38.0,10.0,False,False,Tom Benson Hall of Fame Stadium
401773093,2025,1,regular,2025-08-28 23:00:00,Charleston (WV),Livingstone,Mountain East,CIAA,39.0,10.0,False,False,University of Charleston Stadium
401767171,2025,1,regular,2025-08-28 23:00:00,Eastern Illinois,Dayton,OVC-Big South,Pioneer,24.0,14.0,False,False,O'Brien Stadium
401762789,2025,1,regular,2025-08-28 23:00:00,Akron,Wyoming,Mid-American,Mountain West,0.0,10.0,False,False,InfoCision Stadium
401773667,2025,1,regular,2025-08-28 23:00:00,Seton Hill,Fairmont State,Pennsylvania State Athletic,Mountain East,21.0,24.0,False,False,Offutt Field
401773639,2025,1,regular,2025-08-28 23:00:00,Minnesota State,Northwest Missouri State,Northern Sun,Mid America,38.0,14.0,False,False,Blakeslee Stadium
401773065,2025,1,regular,2025-08-28 23:00:00,Barton,Virginia State,Carolinas,CIAA,7.0,35.0,False,False,Electric Supply Company Field
401773514,2025,1,regular,2025-08-28 23:00:00,Delta State,Central Missouri,Gulf South,Mid America,31.0,23.0,False,False,Parker Field at McCool Stadium
401773827,2025,1,regular,2025-08-28 23:05:00,East Stroudsburg,Edinboro,Pennsylvania State Athletic,Pennsylvania State Athletic,14.0,29.0,False,True,Eiler-Martin Stadium
401777556,2025,1,regular,2025-08-28 23:30:00,University of Mary,Midland,Northern Sun,,28.0,22.0,False,False,MDU Resources Community Bowl
401773431,2025,1,regular,2025-08-28 23:30:00,Quincy,Concordia St. Paul,Great Lakes,Northern Sun,38.0,7.0,False,False,QU Stadium
401767468,2025,1,regular,2025-08-28 23:30:00,Houston Christian,Arkansas Baptist,Southland,,69.0,0.0,False,False,Husky Stadium
401756876,2025,1,regular,2025-08-28 23:30:00,Oklahoma State,UT Martin,Big 12,OVC-Big South,27.0,7.0,False,False,Boone Pickens Stadium
401752674,2025,1,regular,2025-08-28 23:30:00,Missouri,Central Arkansas,SEC,UAC,61.0,6.0,False,False,Memorial Stadium
401767620,2025,1,regular,2025-08-28 23:30:00,Drake,Upper Iowa,Pioneer,Great Lakes,41.0,7.0,False,False,Drake Stadium
401767298,2025,1,regular,2025-08-28 23:30:00,Samford,West Georgia,Southern,UAC,3.0,34.0,False,False,Seibert Stadium
401754517,2025,1,regular,2025-08-28 23:30:00,Duke,Elon,ACC,Coastal Athletic,45.0,17.0,False,False,Wallace Wade Stadium
401773545,2025,1,regular,2025-08-29 00:00:00,Eastern New Mexico,New Mexico Highlands,Lone Star,Rocky Mountain,28.0,34.0,False,False,Al Whitehead Field at Greyhound Stadium
401773910,2025,1,regular,2025-08-29 00:00:00,CSU Pueblo,South Dakota Mines,Rocky Mountain,Rocky Mountain,43.0,0.0,False,True,Neta and Eddie DeRose ThunderBowl
401767369,2025,1,regular,2025-08-29 00:00:00,Northwestern State,Alcorn State,Southland,SWAC,20.0,10.0,False,False,Harry Turpin Stadium
401773604,2025,1,regular,2025-08-29 00:00:00,Emporia State,Minot State,Mid America,Northern Sun,27.0,7.0,False,False,Francis G. Welch Stadium
401752793,2025,1,regular,2025-08-29 00:00:00,Minnesota,Buffalo,Big Ten,Mid-American,23.0,10.0,False,False,Huntington Bank Stadium
401773788,2025,1,regular,2025-08-29 00:00:00,Black Hills State,Sioux Falls,Rocky Mountain,Northern Sun,21.0,27.0,False,False,Lyle Hare Stadium
401773534,2025,1,regular,2025-08-29 00:00:00,Fort Hays,Angelo State,Mid America,Lone Star,7.0,28.0,False,False,Lewis Field Stadium
401777554,2025,1,regular,2025-08-29 00:00:00,Winona State,Minnesota Duluth,Northern Sun,Northern Sun,7.0,35.0,False,True,Altra Federal Credit Union Stadium
401756852,2025,1,regular,2025-08-29 00:00:00,Houston,Stephen F. Austin,Big 12,Southland,27.0,0.0,False,False,TDECU Stadium
401773579,2025,1,regular,2025-08-29 00:00:00,Western Colorado,West Texas,Rocky Mountain,Lone Star,45.0,28.0,False,False,Mountaineer Bowl
401762430,2025,1,regular,2025-08-29 00:30:00,UAB,Alabama State,American Athletic,SWAC,52.0,42.0,False,False,Protective Stadium
401752796,2025,1,regular,2025-08-29 01:00:00,Cincinnati,Nebraska,Big 12,Big Ten,17.0,20.0,True,False,GEHA Field at Arrowhead Stadium
401762791,2025,1,regular,2025-08-29 01:00:00,Wisconsin,Miami (OH),Big Ten,Mid-American,17.0,0.0,False,False,Camp Randall Stadium
401760357,2025,1,regular,2025-08-29 02:00:00,San Diego State,Stony Brook,Mountain West,Coastal Athletic,42.0,0.0,False,False,Snapdragon Stadium
401762432,2025,1,regular,2025-08-29 22:00:00,Army,Tarleton State,American Athletic,UAC,27.0,30.0,False,False,Michie Stadium
401767140,2025,1,regular,2025-08-29 22:00:00,Rhode Island,Campbell,Coastal Athletic,Coastal Athletic,31.0,20.0,False,True,Meade Stadium
401773529,2025,1,regular,2025-08-29 22:00:00,West Florida,Lenoir Rhyne,Gulf South,South Atlantic,48.0,21.0,False,False,Pen-Air Field
401761589,2025,1,regular,2025-08-29 23:00:00,Charlotte,App State,American Athletic,Sun Belt,11.0,34.0,True,False,Bank of America Stadium
401766898,2025,1,regular,2025-08-29 23:00:00,Florida International,Bethune-Cookman,Conference USA,SWAC,42.0,9.0,False,False,Pitbull Stadium
401779329,2025,1,regular,2025-08-29 23:00:00,Marist,New Haven,Pioneer,NEC,31.0,14.0,False,False,Leonidoff Field
401752802,2025,1,regular,2025-08-29 23:00:00,Michigan State,Western Michigan,Big Ten,Mid-American,23.0,6.0,False,False,Spartan Stadium
401767256,2025,1,regular,2025-08-29 23:00:00,Colgate,Monmouth,Patriot,Coastal Athletic,39.0,42.0,False,False,Andy Kerr Stadium
401754374,2025,1,regular,2025-08-29 23:00:00,Wake Forest,Kennesaw State,ACC,Conference USA,10.0,9.0,False,False,Allegacy Federal Credit Union Stadium
401752795,2025,1,regular,2025-08-29 23:30:00,Illinois,Western Illinois,Big Ten,OVC-Big South,52.0,3.0,False,False,"Memorial Stadium (Champaign, IL)"
401756854,2025,1,regular,2025-08-29 23:30:00,Kansas,Wagner,Big 12,NEC,46.0,7.0,False,False,Memorial Stadium
401754375,2025,1,regular,2025-08-30 00:00:00,Colorado,Georgia Tech,Big 12,ACC,20.0,27.0,False,False,Folsom Field
401752667,2025,1,regular,2025-08-30 00:00:00,Baylor,Auburn,Big 12,SEC,24.0,38.0,False,False,McLane Stadium
401757224,2025,1,regular,2025-08-30 01:30:00,Sam Houston,UNLV,Conference USA,Mountain West,21.0,38.0,True,False,BBVA Compass Stadium
401760358,2025,1,regular,2025-08-30 02:30:00,San José State,Central Michigan,Mountain West,Mid-American,14.0,16.0,False,False,CEFCU Stadium
401752803,2025,1,regular,2025-08-30 16:00:00,Tulane,Northwestern,American Athletic,Big Ten,23.0,3.0,False,False,Yulman Stadium
401754520,2025,1,regular,2025-08-30 16:00:00,Pittsburgh,Duquesne,ACC,NEC,61.0,9.0,False,False,Acrisure Stadium
401752677,2025,1,regular,2025-08-30 16:00:00,Ohio State,Texas,Big Ten,SEC,14.0,7.0,False,False,Ohio Stadium
401752676,2025,1,regular,2025-08-30 16:00:00,Tennessee,Syracuse,SEC,ACC,45.0,26.0,True,False,Mercedes-Benz Stadium
401752801,2025,1,regular,2025-08-30 16:00:00,Purdue,Ball State,Big Ten,Mid-American,31.0,0.0,False,False,Ross-Ade Stadium
401762792,2025,1,regular,2025-08-30 16:00:00,Kent State,Merrimack,Mid-American,FCS Independents,21.0,17.0,False,False,Dix Stadium
401762434,2025,1,regular,2025-08-30 16:00:00,Navy,VMI,American Athletic,Southern,52.0,7.0,False,False,Navy-Marine Corps Memorial Stadium
401773696,2025,1,regular,2025-08-30 16:00:00,Carson Newman,West Virginia State,South Atlantic,Mountain East,41.0,10.0,False,False,Burke-Tarr Stadium
401773452,2025,1,regular,2025-08-30 16:00:00,Gannon,Davenport,Pennsylvania State Athletic,GLIAC,12.0,21.0,False,False,McConnell Family Stadium
401773141,2025,1,regular,2025-08-30 16:00:00,Shorter,Anderson (SC),Carolinas,South Atlantic,7.0,34.0,False,False,Barron Stadium
401767509,2025,1,regular,2025-08-30 16:00:00,The Citadel,North Dakota State,Southern,MVFC,0.0,38.0,False,False,Johnson Hagood Stadium
401752797,2025,1,regular,2025-08-30 16:00:00,Maryland,Florida Atlantic,Big Ten,American Athletic,39.0,7.0,False,False,SECU Stadium
401767732,2025,1,regular,2025-08-30 16:00:00,Lehigh,Richmond,Patriot,Patriot,21.0,14.0,False,False,Goodman Stadium
401752673,2025,1,regular,2025-08-30 16:00:00,Southern Miss,Mississippi State,Sun Belt,SEC,17.0,34.0,False,False,M. M. Roberts Stadium
401752670,2025,1,regular,2025-08-30 16:45:00,Kentucky,Toledo,SEC,Mid-American,24.0,16.0,False,False,Kroger Field
401767230,2025,1,regular,2025-08-30 17:00:00,Tennessee Tech,Cumberland (TN),OVC-Big South,,65.0,0.0,False,False,Tucker Stadium
401773684,2025,1,regular,2025-08-30 17:00:00,Glenville State,Emory & Henry,Mountain East,South Atlantic,17.0,45.0,False,False,I.L. & Sue Morris Stadium
401773099,2025,1,regular,2025-08-30 17:00:00,Shaw,Albany State,CIAA,SIAC,7.0,51.0,False,False,George Williams Athletic Complex
401773699,2025,1,regular,2025-08-30 17:00:00,Post,West Virginia Wesleyan,Northeast 10,Mountain East,51.0,14.0,False,False,Municipal Stadium
401773057,2025,1,regular,2025-08-30 17:00:00,Grand Valley State,Lincoln (PA),GLIAC,CIAA,45.0,9.0,False,False,Lubbers Stadium
401774011,2025,1,regular,2025-08-30 17:00:00,Central State,Kentucky State,SIAC,SIAC,24.0,34.0,True,True,Ford Field
401767602,2025,1,regular,2025-08-30 17:00:00,Davidson,Georgetown,Pioneer,Patriot,14.0,51.0,False,False,Richardson Stadium
401773572,2025,1,regular,2025-08-30 17:00:00,UT Permian Basin,Central Oklahoma,Lone Star,Mid America,34.0,14.0,False,False,Ratliff Stadium
401773520,2025,1,regular,2025-08-30 17:15:00,Clark Atlanta,Valdosta State,SIAC,Gulf South,28.0,31.0,True,False,Legion Field
401754518,2025,1,regular,2025-08-30 18:00:00,Boston College,Fordham,ACC,Patriot,66.0,10.0,False,False,"Alumni Stadium (Chestnut Hill, MA)"
401767657,2025,1,regular,2025-08-30 18:00:00,Sacred Heart,Stonehill,FCS Independents,NEC,12.0,7.0,False,False,Campus Field
401767339,2025,1,regular,2025-08-30 18:00:00,Furman,William & Mary,Southern,Coastal Athletic,23.0,21.0,False,False,Paladin Stadium
401757167,2025,1,regular,2025-08-30 18:00:00,UConn,Central Connecticut,FBS Independents,NEC,59.0,13.0,False,False,Pratt & Whitney Stadium
401767536,2025,1,regular,2025-08-30 18:00:00,Northern Iowa,Butler,MVFC,Pioneer,38.0,14.0,False,False,UNI-Dome
401767655,2025,1,regular,2025-08-30 18:00:00,Valparaiso,Virginia Lynchburg,Pioneer,,67.0,10.0,False,False,Brown Field
401773627,2025,1,regular,2025-08-30 18:00:00,Augustana (SD),Missouri Western,Northern Sun,Mid America,30.0,26.0,False,False,Kirkeby-Over Stadium
401756878,2025,1,regular,2025-08-30 18:00:00,West Virginia,Robert Morris,Big 12,NEC,45.0,3.0,False,False,Milan Puskar Stadium
401773444,2025,1,regular,2025-08-30 18:00:00,Washburn,Truman State,Mid America,Great Lakes,20.0,17.0,False,False,Yager Stadium at Moore Bowl
401773448,2025,1,regular,2025-08-30 18:00:00,Fort Lewis,William Jewell,Rocky Mountain,Great Lakes,14.0,34.0,False,False,Ray Dennison Memorial Field
401752806,2025,1,regular,2025-08-30 18:30:00,Indiana,Old Dominion,Big Ten,Sun Belt,27.0,14.0,False,False,"Memorial Stadium (Bloomington, IN)"
401754519,2025,1,regular,2025-08-30 19:00:00,Louisville,Eastern Kentucky,ACC,UAC,51.0,17.0,False,False,L&N Federal Credit Union Stadium
401767179,2025,1,regular,2025-08-30 19:00:00,Jackson State,Hampton,SWAC,Coastal Athletic,28.0,14.0,False,False,Mississippi Veterans Memorial Stadium
401767119,2025,1,regular,2025-08-30 19:00:00,Northern Colorado,Chadron State,Big Sky,Rocky Mountain,17.0,3.0,False,False,Nottingham Field
401760359,2025,1,regular,2025-08-30 19:30:00,Air Force,Bucknell,Mountain West,Patriot,49.0,13.0,False,False,Falcon Stadium
401752669,2025,1,regular,2025-08-30 19:30:00,Georgia,Marshall,SEC,Sun Belt,45.0,7.0,False,False,Sanford Stadium
401756853,2025,1,regular,2025-08-30 19:30:00,Iowa State,South Dakota,Big 12,MVFC,55.0,7.0,False,False,Jack Trice Stadium
401762793,2025,1,regular,2025-08-30 19:30:00,Northern Illinois,Holy Cross,Mid-American,Patriot,19.0,17.0,False,False,Huskie Stadium
401752807,2025,1,regular,2025-08-30 19:30:00,Penn State,Nevada,Big Ten,Mountain West,46.0,11.0,False,False,Beaver Stadium
401752665,2025,1,regular,2025-08-30 19:30:00,Florida State,Alabama,ACC,SEC,31.0,17.0,False,False,Doak Campbell Stadium
401762456,2025,1,regular,2025-08-30 19:30:00,Massachusetts,Temple,Mid-American,American Athletic,10.0,42.0,False,False,Warren McGuirk Alumni Stadium
401757220,2025,1,regular,2025-08-30 20:00:00,Liberty,Maine,Conference USA,Coastal Athletic,28.0,7.0,False,False,Williams Stadium (VA)
401752804,2025,1,regular,2025-08-30 20:00:00,Oregon,Montana State,Big Ten,Big Sky,59.0,13.0,False,False,Autzen Stadium
401773086,2025,1,regular,2025-08-30 20:00:00,Morehouse,Johnson C. Smith,SIAC,CIAA,9.0,45.0,True,False,Harvard Stadium
401767350,2025,1,regular,2025-08-30 20:00:00,Florida A&M,Howard,SWAC,MEAC,9.0,10.0,True,False,Hard Rock Stadium
401752666,2025,1,regular,2025-08-30 20:15:00,Arkansas,Alabama A&M,SEC,SWAC,52.0,7.0,False,False,Razorback Stadium
401762433,2025,1,regular,2025-08-30 20:30:00,Memphis,Chattanooga,American Athletic,Southern,45.0,10.0,False,False,Simmons Bank Liberty Stadium
401767223,2025,1,regular,2025-08-30 20:30:00,Tennessee State,North Carolina A&T,OVC-Big South,Coastal Athletic,24.0,21.0,False,False,Nissan Stadium
401773079,2025,1,regular,2025-08-30 21:00:00,Benedict,Fayetteville State,SIAC,CIAA,10.0,0.0,False,False,Charlie W. Johnson Stadium
401767425,2025,1,regular,2025-08-30 21:00:00,Mississippi Valley State,Southern,SWAC,SWAC,29.0,34.0,False,True,Rice-Totten Field
401777980,2025,1,regular,2025-08-30 21:00:00,Pace,Saint Anselm,Northeast 10,Northeast 10,10.0,34.0,False,True,Pace Stadium
401773524,2025,1,regular,2025-08-30 21:15:00,West Alabama,Fort Valley State,Gulf South,SIAC,27.0,17.0,True,False,Legion Field
401767454,2025,1,regular,2025-08-30 21:30:00,East Tennessee State,Murray State,Southern,MVFC,45.0,17.0,False,False,William B. Greene Jr. Stadium
401761590,2025,1,regular,2025-08-30 22:00:00,James Madison,Weber State,Sun Belt,Big Sky,45.0,10.0,False,False,Bridgeforth Stadium
401767651,2025,1,regular,2025-08-30 22:00:00,Stetson,Webber International,Pioneer,,21.0,31.0,False,False,Spec Martin Municipal Stadium
401767634,2025,1,regular,2025-08-30 22:00:00,Morehead State,Allen,Pioneer,SIAC,38.0,31.0,False,False,Jayne Stadium
401754616,2025,1,regular,2025-08-30 22:00:00,Virginia,Coastal Carolina,ACC,Sun Belt,48.0,7.0,False,False,Scott Stadium
401767265,2025,1,regular,2025-08-30 22:00:00,North Carolina Central,New Hampshire,MEAC,Coastal Athletic,10.0,27.0,False,False,O'Kelly-Riddick Stadium
401767201,2025,1,regular,2025-08-30 22:00:00,Western Carolina,Gardner-Webb,Southern,OVC-Big South,45.0,52.0,False,False,E. J. Whitmire Stadium
401752675,2025,1,regular,2025-08-30 22:00:00,Oklahoma,Illinois State,SEC,MVFC,35.0,3.0,False,False,"Memorial Stadium (Norman, OK)"
401752799,2025,1,regular,2025-08-30 22:00:00,Iowa,UAlbany,Big Ten,Coastal Athletic,34.0,7.0,False,False,Kinnick Stadium
401773676,2025,1,regular,2025-08-30 22:00:00,Frostburg State,Shepherd,Mountain East,Pennsylvania State Athletic,41.0,27.0,False,False,Bobcat Stadium (MD)
401773129,2025,1,regular,2025-08-30 22:00:00,Wingate,UNC Pembroke,South Atlantic,Carolinas,30.0,21.0,False,False,Irwin Belk Stadium
401773657,2025,1,regular,2025-08-30 22:00:00,UVA Wise,Concord,South Atlantic,Mountain East,29.0,37.0,False,False,Carl Smith Stadium
401767415,2025,1,regular,2025-08-30 22:00:00,South Carolina State,Wofford,MEAC,Southern,16.0,15.0,False,False,Oliver C. Dawson Stadium
401767572,2025,1,regular,2025-08-30 22:00:00,Mercer,Presbyterian,Southern,Pioneer,10.0,15.0,False,False,Five Star Stadium at the Moye Complex
401774027,2025,1,regular,2025-08-30 22:00:00,Savannah State,Edward Waters,SIAC,SIAC,14.0,41.0,False,True,Ted Wright Stadium
401773926,2025,1,regular,2025-08-30 22:00:00,Catawba,Ferrum,South Atlantic,Carolinas,45.0,13.0,False,False,Shuford Stadium
401773113,2025,1,regular,2025-08-30 22:00:00,Chowan,Elizabeth City State,Carolinas,CIAA,28.0,14.0,False,False,Garrison Stadium
401773423,2025,1,regular,2025-08-30 23:00:00,Missouri S&T,Central Methodist,Great Lakes,,51.0,10.0,False,False,Allgood-Bailey Stadium
401752679,2025,1,regular,2025-08-30 23:00:00,Vanderbilt,Charleston Southern,SEC,OVC-Big South,45.0,3.0,False,False,FirstBank Stadium
401752668,2025,1,regular,2025-08-30 23:00:00,Florida,Long Island University,SEC,NEC,55.0,0.0,False,False,Ben Hill Griffin Stadium
401773961,2025,1,regular,2025-08-30 23:00:00,Bluefield State,Tusculum,CIAA,South Atlantic,23.0,49.0,False,False,Mitchell Stadium
401773555,2025,1,regular,2025-08-30 23:00:00,Missouri Southern State,Midwestern State,Mid America,Lone Star,33.0,19.0,False,False,Fred G. Hughes Stadium
401788977,2025,1,regular,2025-08-30 23:00:00,Grambling,Langston,SWAC,,55.0,7.0,True,False,Independence Stadium
401767547,2025,1,regular,2025-08-30 23:00:00,Southern Illinois,Thomas More,MVFC,Great Midwest Athletic,49.0,3.0,False,False,Saluki Stadium
401757226,2025,1,regular,2025-08-30 23:00:00,Western Kentucky,North Alabama,Conference USA,UAC,55.0,6.0,False,False,Houchens Industries-L.T. Smith Stadium
401757222,2025,1,regular,2025-08-30 23:00:00,Middle Tennessee,Austin Peay,Conference USA,UAC,14.0,34.0,False,False,"Johnny ""Red"" Floyd Stadium"
401752678,2025,1,regular,2025-08-30 23:00:00,Texas A&M,UTSA,SEC,American Athletic,42.0,24.0,False,False,Kyle Field
401767130,2025,1,regular,2025-08-30 23:00:00,South Dakota State,Sacramento State,MVFC,Big Sky,20.0,3.0,False,False,Dana J. Dykhouse Stadium
401767059,2025,1,regular,2025-08-30 23:00:00,Incarnate Word,Eastern Washington,Southland,Big Sky,31.0,21.0,False,False,Gayle and Tom Benson Stadium
401767490,2025,1,regular,2025-08-30 23:00:00,McNeese,Louisiana Christian,Southland,,54.0,9.0,False,False,Cowboy Stadium
401761591,2025,1,regular,2025-08-30 23:00:00,Arkansas State,Southeast Missouri State,Sun Belt,OVC-Big South,42.0,24.0,False,False,Centennial Bank Stadium
401756855,2025,1,regular,2025-08-30 23:00:00,Kansas State,North Dakota,Big 12,MVFC,38.0,35.0,False,False,Bill Snyder Family Stadium
401761593,2025,1,regular,2025-08-30 23:00:00,South Alabama,Morgan State,Sun Belt,MEAC,38.0,21.0,False,False,Hancock Whitney Stadium
401761595,2025,1,regular,2025-08-30 23:00:00,Troy,Nicholls,Sun Belt,Southland,38.0,20.0,False,False,Veterans Memorial Stadium (AL)
401757225,2025,1,regular,2025-08-30 23:30:00,Utah State,UTEP,Mountain West,Conference USA,28.0,16.0,False,False,Maverik Stadium
401752671,2025,1,regular,2025-08-30 23:30:00,Clemson,LSU,ACC,SEC,10.0,17.0,False,False,"Memorial Stadium (Clemson, SC)"
401757221,2025,1,regular,2025-08-30 23:30:00,Louisiana Tech,SE Louisiana,Conference USA,Southland,24.0,0.0,False,False,Joe Aillet Stadium
401752808,2025,1,regular,2025-08-30 23:30:00,Michigan,New Mexico,Big Ten,Mountain West,34.0,17.0,False,False,Michigan Stadium
401752798,2025,1,regular,2025-08-30 23:30:00,USC,Missouri State,Big Ten,Conference USA,73.0,13.0,False,False,Los Angeles Memorial Coliseum
401756877,2025,1,regular,2025-08-30 23:30:00,Texas Tech,Arkansas-Pine Bluff,Big 12,SWAC,67.0,7.0,False,False,Jones AT&T Stadium
401773406,2025,1,regular,2025-08-30 23:30:00,Lincoln (MO),Lincoln (CA),Great Lakes,Independent DII,55.0,6.0,False,False,Dwight T. Reed Stadium
401752672,2025,1,regular,2025-08-30 23:45:00,Ole Miss,Georgia State,SEC,Sun Belt,63.0,7.0,False,False,Vaught-Hemingway Stadium
401767431,2025,1,regular,2025-08-31 00:00:00,Texas Southern,Prairie View A&M,SWAC,SWAC,21.0,22.0,False,True,BBVA Compass Stadium
401756851,2025,1,regular,2025-08-31 00:00:00,BYU,Portland State,Big 12,Big Sky,69.0,0.0,False,False,LaVell Edwards Stadium
401761594,2025,1,regular,2025-08-31 00:00:00,Texas State,Eastern Michigan,Sun Belt,Mid-American,52.0,27.0,False,False,Bobcat Stadium (TX)
401762457,2025,1,regular,2025-08-31 00:00:00,Tulsa,Abilene Christian,American Athletic,UAC,35.0,7.0,False,False,Chapman Stadium
401767526,2025,1,regular,2025-08-31 00:00:00,UT Rio Grande Valley,Sul Ross State,Southland,Lone Star,66.0,0.0,False,False,Robert and Janet Vackar Stadium
401761592,2025,1,regular,2025-08-31 00:00:00,Louisiana,Rice,Sun Belt,American Athletic,12.0,14.0,False,False,Cajun Field
401762435,2025,1,regular,2025-08-31 00:00:00,North Texas,Lamar,American Athletic,Southland,51.0,0.0,False,False,DATCU Stadium
401767070,2025,1,regular,2025-08-31 00:00:00,San Diego,Cal Poly,Pioneer,Big Sky,17.0,41.0,False,False,Torero Stadium
401773585,2025,1,regular,2025-08-31 00:00:00,Western New Mexico,Adams State,Lone Star,Rocky Mountain,35.0,21.0,False,False,Ben Altamirano Field
401767080,2025,1,regular,2025-08-31 00:30:00,Southern Utah,Idaho State,UAC,Big Sky,46.0,24.0,False,False,Eccles Coliseum
401757223,2025,1,regular,2025-08-31 01:00:00,New Mexico State,Bryant,Conference USA,Coastal Athletic,19.0,3.0,False,False,Aggie Memorial Stadium
401754521,2025,1,regular,2025-08-31 01:00:00,SMU,East Texas A&M,ACC,Southland,42.0,13.0,False,False,Gerald J. Ford Stadium
401760361,2025,1,regular,2025-08-31 01:30:00,Fresno State,Georgia Southern,Mountain West,Sun Belt,42.0,14.0,False,False,Valley Children's Stadium
401767156,2025,1,regular,2025-08-31 02:00:00,Utah Tech,UC Davis,UAC,Big Sky,24.0,31.0,False,False,Greater Zion Stadium
401756850,2025,1,regular,2025-08-31 02:00:00,Arizona State,Northern Arizona,Big 12,Big Sky,38.0,19.0,False,False,Mountain America Stadium
401752947,2025,1,regular,2025-08-31 02:00:00,Washington State,Idaho,Pac-12,Big Sky,13.0,10.0,False,False,Gesa Field
401756849,2025,1,regular,2025-08-31 02:30:00,Arizona,Hawai'i,Big 12,Mountain West,40.0,6.0,False,False,Arizona Stadium
401752936,2025,1,regular,2025-08-31 02:30:00,Oregon State,California,Pac-12,ACC,15.0,34.0,False,False,Reser Stadium
401752805,2025,1,regular,2025-08-31 03:00:00,Washington,Colorado State,Big Ten,Mountain West,38.0,21.0,False,False,Husky Stadium
401752800,2025,1,regular,2025-08-31 03:00:00,UCLA,Utah,Big Ten,Big 12,10.0,43.0,False,False,Rose Bowl
401752680,2025,1,regular,2025-08-31 19:00:00,South Carolina,Virginia Tech,SEC,ACC,24.0,11.0,True,False,Mercedes-Benz Stadium
401773072,2025,1,regular,2025-08-31 20:00:00,Virginia Union,Miles,CIAA,SIAC,45.0,3.0,True,False,Tom Benson Hall of Fame Stadium
401774028,2025,1,regular,2025-08-31 23:00:00,Tuskegee,Winston-Salem State,SIAC,CIAA,20.0,17.0,True,False,Cramton Bowl
401754522,2025,1,regular,2025-08-31 23:30:00,Miami,Notre Dame,ACC,FBS Independents,27.0,24.0,False,False,Hard Rock Stadium
401754523,2025,1,regular,2025-09-02 00:00:00,North Carolina,TCU,ACC,Big 12,14.0,48.0,False,False,Kenan Stadium
401838335,2025,1,regular,2025-12-13 17:00:00,John Carroll,Berry,Ohio,Southern Athletic,21.0,13.0,False,False,Valhalla Stadium
401838375,2025,1,regular,2025-12-13 17:00:00,Ferris State,Newberry,GLIAC,South Atlantic,49.0,17.0,False,False,Top Taggart Field
401838338,2025,1,regular,2025-12-13 17:00:00,Susquehanna,Johns Hopkins,Landmark Conference,Centennial,10.0,40.0,False,False,Homewood Field
401838376,2025,1,regular,2025-12-13 20:30:00,Kutztown,Harding,Pennsylvania State Athletic,Great American,27.0,49.0,False,False,Andre Reed Stadium
401773494,2025,2,regular,2025-09-04 22:00:00,Wayne State (MI),Tiffin,GLIAC,Great Midwest Athletic,7.0,34.0,False,False,Tom Adams Field
401774218,2025,2,regular,2025-09-04 22:00:00,North Carolina Wesleyan,Averett,USA South,Old Dominion,64.0,12.0,False,False,Bishop Stadium
401773700,2025,2,regular,2025-09-04 22:00:00,West Virginia Wesleyan,Clarion,Mountain East,Pennsylvania State Athletic,20.0,48.0,False,False,Cebe Ross Field
401773648,2025,2,regular,2025-09-04 22:00:00,California (PA),Charleston (WV),Pennsylvania State Athletic,Mountain East,23.0,19.0,False,False,Adamson Stadium
401777085,2025,2,regular,2025-09-04 23:00:00,Heidelberg,Hiram,Ohio,Presidents',65.0,27.0,False,False,Hoernemann Stadium
401773361,2025,2,regular,2025-09-04 23:00:00,Northwestern (OK),Harding,Great American,Great American,7.0,49.0,False,True,Ranger Field
401777200,2025,2,regular,2025-09-04 23:00:00,Westminster (PA),Marietta,Presidents',Ohio,8.0,12.0,False,False,Memorial Field (PA)
401773471,2025,2,regular,2025-09-04 23:00:00,South Dakota Mines,Michigan Tech,Rocky Mountain,GLIAC,9.0,45.0,False,False,O'Harra Stadium
401773677,2025,2,regular,2025-09-04 23:00:00,Millersville,Frostburg State,Pennsylvania State Athletic,Mountain East,34.0,42.0,False,False,Chryst Field at Biemesderfer Stadium
401773342,2025,2,regular,2025-09-04 23:00:00,Southeastern Oklahoma State,Arkansas Monticello,Great American,Great American,44.0,13.0,False,True,Paul Laird Field
401776726,2025,2,regular,2025-09-04 23:00:00,Valley City State,Augsburg,,Minnesota,27.0,0.0,True,False,Lokken Stadium
401773331,2025,2,regular,2025-09-04 23:00:00,Southwestern Oklahoma State,Arkansas Tech,Great American,Great American,10.0,32.0,False,True,Milam Stadium
401774158,2025,2,regular,2025-09-04 23:00:00,Wisconsin Eau Claire,Carroll (WI),Wisconsin,CCIW,29.0,7.0,False,False,Carson Park
401774062,2025,2,regular,2025-09-04 23:00:00,Lebanon Valley,Franklin & Marshall,Mid Atlantic,Centennial,21.0,31.0,False,False,Arnold Field (PA)
401778004,2025,2,regular,2025-09-04 23:00:00,Buffalo State,Brockport,Liberty League,Empire 8,0.0,41.0,False,False,Coyer Field
401773382,2025,2,regular,2025-09-04 23:00:00,Southern Arkansas,Oklahoma Baptist,Great American,Great American,49.0,14.0,False,True,Wilkins Stadium
401773369,2025,2,regular,2025-09-04 23:00:00,Henderson State,Southern Nazarene,Great American,Great American,48.0,13.0,False,True,Ruggles Field at Carpenter-Haygood Stadium
401773165,2025,2,regular,2025-09-04 23:00:00,IU Pennsylvania,Ashland,Pennsylvania State Athletic,Great Midwest Athletic,9.0,13.0,False,False,George P. Miller Stadium
401773668,2025,2,regular,2025-09-04 23:00:00,Fairmont State,Bloomsburg,Mountain East,Pennsylvania State Athletic,41.0,40.0,False,False,Duvall-Rosier Field
401777552,2025,2,regular,2025-09-04 23:05:00,East Stroudsburg,Pace,Pennsylvania State Athletic,Northeast 10,31.0,12.0,False,False,Eiler-Martin Stadium
401773706,2025,2,regular,2025-09-04 23:30:00,Kutztown,Assumption,Pennsylvania State Athletic,Northeast 10,51.0,14.0,False,False,Andre Reed Stadium
401773613,2025,2,regular,2025-09-05 00:00:00,CSU Pueblo,Fort Hays,Rocky Mountain,Mid America,35.0,36.0,False,False,Neta and Eddie DeRose ThunderBowl
401773352,2025,2,regular,2025-09-05 00:00:00,East Central,Ouachita Baptist,Great American,Great American,24.0,22.0,False,True,Koi Ishto Stadium
401774462,2025,2,regular,2025-09-05 00:00:00,Belhaven,Millsaps,USA South,Southern Athletic,50.0,24.0,False,False,Belhaven Bowl Stadium
401766643,2025,2,regular,2025-09-05 00:00:00,Illinois College,Greenville,Midwest,Upper Midwest,28.0,9.0,False,False,England Stadium
401773258,2025,2,regular,2025-09-05 00:00:00,Howard Payne,Pacific (OR),American Southwest,Northwest,21.0,13.0,False,False,Gordon Wood Stadium
401773580,2025,2,regular,2025-09-05 00:00:00,West Texas,Colorado School of Mines,Lone Star,Rocky Mountain,31.0,33.0,False,False,Buffalo Stadium
401774272,2025,2,regular,2025-09-05 00:00:00,Texas Lutheran,Trinity (TX),Southern Collegiate Athletic,Southern Athletic,14.0,26.0,False,False,Bulldog Stadium (TX)
401773044,2025,2,regular,2025-09-05 00:00:00,Cornell (IA),Coe,Midwest,American Rivers,6.0,62.0,False,False,Van Metre Field at Ash Park
401783361,2025,2,regular,2025-09-05 22:00:00,Merchant Marine,Montclair State,NEWMAC,New Jersey,29.0,15.0,False,False,Brooks Stadium (NY)
401778000,2025,2,regular,2025-09-05 22:00:00,Curry,Bridgewater State,Commonwealth Coast,MSCAC,35.0,28.0,False,False,Walter M. Katz Field
401777236,2025,2,regular,2025-09-05 22:00:00,Randolph Macon,Dickinson,Old Dominion,Centennial,48.0,34.0,False,False,Day Field
401777027,2025,2,regular,2025-09-05 22:00:00,Thiel,Concordia (WI),Presidents',NACC,8.0,27.0,False,False,Alumni Stadium (PA)
401789174,2025,2,regular,2025-09-05 22:00:00,Franklin Pierce,Slippery Rock,Northeast 10,Pennsylvania State Athletic,13.0,24.0,False,False,Sodexo Field
401778005,2025,2,regular,2025-09-05 22:00:00,Gallaudet,Albright,Old Dominion,Mid Atlantic,7.0,9.0,False,False,Hotchkiss Field
401774147,2025,2,regular,2025-09-05 23:00:00,St. Lawrence,Norwich,Liberty League,NEWMAC,19.0,3.0,False,False,Leckonby Stadium
401754528,2025,2,regular,2025-09-05 23:00:00,Louisville,James Madison,ACC,Sun Belt,28.0,14.0,False,False,L&N Federal Credit Union Stadium
401788913,2025,2,regular,2025-09-05 23:00:00,Mass Maritime,SUNY Maritime,MSCAC,NEWMAC,14.0,21.0,False,False,Clean Harbors Stadium
401777995,2025,2,regular,2025-09-05 23:00:00,Muhlenberg,Moravian,Centennial,Landmark Conference,38.0,19.0,False,False,Scotty Wood Stadium
401773295,2025,2,regular,2025-09-05 23:00:00,Alfred,Hobart,Empire 8,Liberty League,28.0,23.0,False,False,Merrill Field at Yunevich Stadium
401777731,2025,2,regular,2025-09-05 23:00:00,Catholic,McDaniel,Landmark Conference,Centennial,10.0,7.0,False,False,Cardinal Stadium (DC)
401774081,2025,2,regular,2025-09-05 23:00:00,Gettysburg,Juniata,Centennial,Landmark Conference,30.0,31.0,False,False,Shirk Field at Musselman Stadium
401777002,2025,2,regular,2025-09-05 23:00:00,Fitchburg State,Dean,MSCAC,MSCAC,49.0,14.0,False,False,Elliot Field Athletic Complex
401752817,2025,2,regular,2025-09-05 23:30:00,Northwestern,Western Illinois,Big Ten,OVC-Big South,42.0,7.0,False,False,Lanny and Sharon Martin Stadium
401752826,2025,2,regular,2025-09-05 23:30:00,Maryland,Northern Illinois,Big Ten,Mid-American,20.0,9.0,False,False,SECU Stadium
401783282,2025,2,regular,2025-09-05 23:30:00,Alvernia,Ursinus,Mid Atlantic,Centennial,17.0,41.0,False,False,Turf Field
401760363,2025,2,regular,2025-09-06 01:00:00,Boise State,Eastern Washington,Mountain West,Big Sky,51.0,14.0,False,False,Albertsons Stadium
401774036,2025,2,regular,2025-09-06 15:00:00,FDU Florham,St. John Fisher,Mid Atlantic,Empire 8,0.0,21.0,False,False,Robert T. Shields Field
401783311,2025,2,regular,2025-09-06 16:00:00,Wilkes,King's,Landmark Conference,Mid Atlantic,19.0,16.0,False,False,Schmidt Stadium
401777976,2025,2,regular,2025-09-06 16:00:00,Bentley,West Chester,Northeast 10,Pennsylvania State Athletic,13.0,30.0,False,False,Bentley University Football Stadium
401773232,2025,2,regular,2025-09-06 16:00:00,Findlay,Indianapolis,Great Midwest Athletic,Great Lakes,38.0,35.0,False,False,Donnell Stadium
401774044,2025,2,regular,2025-09-06 16:00:00,SUNY Cortland,Grove City,Empire 8,Presidents',14.0,31.0,False,False,Stadium Red Field
401774091,2025,2,regular,2025-09-06 16:00:00,Susquehanna,Union,Landmark Conference,Liberty League,33.0,14.0,False,False,Amos Alonzo Stagg Field (PA)
401754529,2025,2,regular,2025-09-06 16:00:00,Pittsburgh,Central Michigan,ACC,Mid-American,45.0,17.0,False,False,Acrisure Stadium
401774280,2025,2,regular,2025-09-06 16:00:00,Bethany (WV),Sewanee,Presidents',Southern Athletic,6.0,41.0,False,False,Bison Stadium
401776993,2025,2,regular,2025-09-06 16:00:00,Endicott,Misericordia,Commonwealth Coast,Mid Atlantic,31.0,21.0,False,False,Hempstead Stadium
401777767,2025,2,regular,2025-09-06 16:00:00,New England College,Plymouth State,,MSCAC,21.0,49.0,True,False,
401773104,2025,2,regular,2025-09-06 16:00:00,West Virginia State,Barton,Mountain East,Carolinas,28.0,14.0,False,False,Dickerson Stadium
401776976,2025,2,regular,2025-09-06 16:00:00,New England,Coast Guard,Commonwealth Coast,NEWMAC,56.0,49.0,False,False,Blue Storm Stadium
401774130,2025,2,regular,2025-09-06 16:00:00,Westfield State,Vermont State Castleton,MSCAC,New Jersey,12.0,16.0,False,True,"Alumni Field (Westfield, MA)"
401773266,2025,2,regular,2025-09-06 16:00:00,Anderson (IN),Alfred State,Heartland,Empire 8,7.0,6.0,False,False,Macholtz Stadium
401778013,2025,2,regular,2025-09-06 16:00:00,Salve Regina,UMass Dartmouth,NEWMAC,MSCAC,34.0,13.0,False,False,Toppa Field
401777019,2025,2,regular,2025-09-06 16:00:00,Concordia Chicago,Minnesota Morris,NACC,Upper Midwest,17.0,16.0,False,False,Concordia Stadium
401777227,2025,2,regular,2025-09-06 16:00:00,Delaware Valley,Hampden Sydney,Mid Atlantic,Old Dominion,9.0,38.0,False,False,Robert A. Lipinski Field at James Work Memorial Stadium
401777095,2025,2,regular,2025-09-06 16:00:00,Otterbein,Ohio Wesleyan,Ohio,North Coast,28.0,65.0,False,False,"Memorial Stadium (Westerville, OH)"
401776805,2025,2,regular,2025-09-06 16:00:00,Rochester (NY),Olivet,Liberty League,Michigan,38.0,17.0,False,False,Edwin Fauver Stadium
401773087,2025,2,regular,2025-09-06 16:00:00,Johnson C. Smith,Valdosta State,CIAA,Gulf South,28.0,16.0,False,False,Irwin Belk Complex
401779511,2025,2,regular,2025-09-06 16:00:00,Mercyhurst,New Haven,NEC,NEC,48.0,14.0,False,False,Saxon Stadium
401752693,2025,2,regular,2025-09-06 16:00:00,Texas,San José State,SEC,Mountain West,38.0,7.0,False,False,DKR-Texas Memorial Stadium
401767741,2025,2,regular,2025-09-06 16:00:00,Central Connecticut,American International,NEC,Northeast 10,34.0,7.0,False,False,Arute Field
401752811,2025,2,regular,2025-09-06 16:00:00,Penn State,Florida International,Big Ten,Conference USA,34.0,0.0,False,False,Beaver Stadium
401767612,2025,2,regular,2025-09-06 16:00:00,Dayton,Thomas More,Pioneer,Great Midwest Athletic,38.0,0.0,False,False,Welcome Stadium
401754524,2025,2,regular,2025-09-06 16:00:00,NC State,Virginia,ACC,ACC,35.0,31.0,False,False,Carter-Finley Stadium
401756885,2025,2,regular,2025-09-06 16:00:00,Texas Tech,Kent State,Big 12,Mid-American,62.0,14.0,False,False,Jones AT&T Stadium
401767750,2025,2,regular,2025-09-06 16:00:00,Duquesne,Lincoln (PA),NEC,CIAA,55.0,14.0,False,False,Arthur J. Rooney Athletic Field
401754525,2025,2,regular,2025-09-06 16:00:00,SMU,Baylor,ACC,Big 12,45.0,48.0,False,False,Gerald J. Ford Stadium
401767658,2025,2,regular,2025-09-06 16:00:00,Lehigh,Sacred Heart,Patriot,FCS Independents,28.0,10.0,False,False,Goodman Stadium
401776793,2025,2,regular,2025-09-06 16:00:00,Oberlin,Calvin,North Coast,Michigan,6.0,88.0,False,False,Austin E. Knowlton Athletics Complex
401783301,2025,2,regular,2025-09-06 16:00:00,Western New England,Springfield,Commonwealth Coast,NEWMAC,23.0,22.0,False,False,Golden Bear Stadium
401777774,2025,2,regular,2025-09-06 16:00:00,MIT,Nichols,NEWMAC,Commonwealth Coast,46.0,13.0,False,False,Henry G. Steinbrenner '27 Stadium
401774299,2025,2,regular,2025-09-06 16:00:00,Framingham State,Husson,MSCAC,Commonwealth Coast,13.0,40.0,False,False,Bowditch Field
401752812,2025,2,regular,2025-09-06 16:00:00,Indiana,Kennesaw State,Big Ten,Conference USA,56.0,9.0,False,False,"Memorial Stadium (Bloomington, IN)"
401773479,2025,2,regular,2025-09-06 16:00:00,Northwood,Northern Michigan,Great Midwest Athletic,GLIAC,23.0,18.0,False,False,Hantz Stadium
401752822,2025,2,regular,2025-09-06 16:00:00,Iowa State,Iowa,Big 12,Big Ten,16.0,13.0,False,False,Jack Trice Stadium
401773276,2025,2,regular,2025-09-06 16:00:00,Eastern,Anna Maria College,Mid Atlantic,MSCAC,46.0,7.0,False,False,O'Hara Field
401776968,2025,2,regular,2025-09-06 16:00:00,Hartwick,Maine Maritime,Empire 8,Commonwealth Coast,56.0,7.0,False,False,Wright Stadium
401754618,2025,2,regular,2025-09-06 16:00:00,Syracuse,UConn,ACC,FBS Independents,27.0,20.0,False,False,JMA Wireless Dome
401754621,2025,2,regular,2025-09-06 16:00:00,Florida State,East Texas A&M,ACC,Southland,77.0,3.0,False,False,Doak Campbell Stadium
401752825,2025,2,regular,2025-09-06 16:00:00,Duke,Illinois,ACC,Big Ten,19.0,45.0,False,False,Wallace Wade Stadium
401757227,2025,2,regular,2025-09-06 16:00:00,Jacksonville State,Liberty,Conference USA,Conference USA,34.0,24.0,False,True,AmFirst Stadium
401752813,2025,2,regular,2025-09-06 16:00:00,Minnesota,Northwestern State,Big Ten,Southland,66.0,0.0,False,False,Huntington Bank Stadium
401774057,2025,2,regular,2025-09-06 16:00:00,Washington & Jefferson,Utica,Presidents',Empire 8,31.0,49.0,False,False,Cameron Stadium
401752694,2025,2,regular,2025-09-06 16:45:00,Texas A&M,Utah State,SEC,Mountain West,44.0,22.0,False,False,Kyle Field
401773304,2025,2,regular,2025-09-06 17:00:00,Saint Vincent,Hilbert,Presidents',Empire 8,28.0,7.0,False,False,Chuck Noll Field
401788304,2025,2,regular,2025-09-06 17:00:00,Anderson (SC),Erskine,South Atlantic,Carolinas,35.0,7.0,False,False,Spero Financial Field
401774320,2025,2,regular,2025-09-06 17:00:00,Lycoming,The College of New Jersey,Landmark Conference,New Jersey,24.0,27.0,False,False,David Person Field
401774227,2025,2,regular,2025-09-06 17:00:00,Shenandoah,Methodist,Old Dominion,USA South,25.0,6.0,False,False,Shentel Stadium
401766644,2025,2,regular,2025-09-06 17:00:00,Chicago,Carnegie Mellon,Midwest,Presidents',0.0,20.0,False,False,Amos Alonzo Stagg Field
401777274,2025,2,regular,2025-09-06 17:00:00,Widener,Geneva,Mid Atlantic,Presidents',44.0,18.0,False,False,Leslie C. Quick Jr. Stadium
401767626,2025,2,regular,2025-09-06 17:00:00,Marist,Bucknell,Pioneer,Patriot,23.0,34.0,False,False,Leonidoff Field
401766652,2025,2,regular,2025-09-06 17:00:00,Lawrence,Martin Luther,Midwest,Upper Midwest,14.0,33.0,False,False,Ron Roberts Field at the Banta Bowl
401773028,2025,2,regular,2025-09-06 17:00:00,Shippensburg,Bowie State,Pennsylvania State Athletic,CIAA,7.0,23.0,False,False,Seth Grove Stadium
401773497,2025,2,regular,2025-09-06 17:00:00,Kentucky Wesleyan,West Florida,Great Midwest Athletic,Gulf South,7.0,28.0,False,False,Steele Stadium
401773114,2025,2,regular,2025-09-06 17:00:00,Chowan,West Alabama,Carolinas,Gulf South,28.0,38.0,False,True,Garrison Stadium
401773692,2025,2,regular,2025-09-06 17:00:00,West Liberty,Seton Hill,Mountain East,Pennsylvania State Athletic,21.0,42.0,False,False,West Family Stadium
401774051,2025,2,regular,2025-09-06 17:00:00,Kean,SUNY Morrisville,New Jersey,Empire 8,17.0,14.0,False,False,Kean Alumni Stadium
401777249,2025,2,regular,2025-09-06 17:00:00,Washington and Lee,Salisbury,Old Dominion,New Jersey,21.0,42.0,False,False,Wilson Field
401776787,2025,2,regular,2025-09-06 17:00:00,Wisconsin River Falls,Alma,Wisconsin,Michigan,45.0,33.0,False,False,David Smith Stadium at Ramer Field
401774421,2025,2,regular,2025-09-06 17:00:00,Manchester,Westminster (MO),Heartland,Upper Midwest,14.0,21.0,False,False,Carl W. Burt Memorial Stadium
401777266,2025,2,regular,2025-09-06 17:00:00,Rowan,Case Western Reserve,New Jersey,Presidents',17.0,17.0,False,False,Richard Wackar Stadium
401773927,2025,2,regular,2025-09-06 17:00:00,Emory & Henry,Catawba,South Atlantic,South Atlantic,35.0,7.0,False,True,Fred Selfe Stadium at Nicewonder Field
401774072,2025,2,regular,2025-09-06 17:00:00,Ithaca,Johns Hopkins,Liberty League,Centennial,14.0,42.0,False,False,Butterfield Stadium
401773658,2025,2,regular,2025-09-06 17:00:00,Bluefield State,Concord,CIAA,Mountain East,38.0,31.0,False,False,Mitchell Stadium
401777197,2025,2,regular,2025-09-06 17:00:00,Waynesburg,John Carroll,Presidents',Ohio,14.0,48.0,False,False,John F. Wiley Stadium
401774245,2025,2,regular,2025-09-06 17:00:00,Brevard,Kentucky Christian,USA South,,20.0,41.0,False,False,Brevard Memorial Stadium
401767332,2025,2,regular,2025-09-06 17:00:00,Delaware State,UAlbany,MEAC,Coastal Athletic,37.0,32.0,False,False,Alumni Stadium
401769067,2025,2,regular,2025-09-06 17:00:00,Merrimack,Saint Anselm,FCS Independents,Northeast 10,31.0,6.0,False,False,Duane Stadium
401769891,2025,2,regular,2025-09-06 17:00:00,Butler,Truman State,Pioneer,Great Lakes,37.0,27.0,False,False,Butler Bowl
401767719,2025,2,regular,2025-09-06 17:00:00,Georgetown,Wagner,Patriot,NEC,31.0,20.0,False,False,Cooper Field
401767172,2025,2,regular,2025-09-06 17:00:00,Indiana State,Eastern Illinois,MVFC,OVC-Big South,38.0,14.0,False,False,Memorial Stadium
401767231,2025,2,regular,2025-09-06 17:00:00,Tennessee Tech,Chattanooga,OVC-Big South,Southern,45.0,17.0,False,False,Tucker Stadium
401767771,2025,2,regular,2025-09-06 17:00:00,Stonehill,Lafayette,NEC,Patriot,26.0,42.0,False,False,W.B. Mason Stadium
401773242,2025,2,regular,2025-09-06 17:00:00,McKendree,Hillsdale,Great Lakes,Great Midwest Athletic,17.0,22.0,False,False,Leemon Field
401774395,2025,2,regular,2025-09-06 17:00:00,Mount Union,Wheaton (IL),Ohio,CCIW,37.0,29.0,False,False,Mount Union Stadium
401774120,2025,2,regular,2025-09-06 17:00:00,Christopher Newport,Trine,New Jersey,Michigan,38.0,7.0,False,False,TowneBank Stadium
401767587,2025,2,regular,2025-09-06 17:30:00,VMI,Ferrum,Southern,Carolinas,42.0,7.0,False,False,Alumni Memorial Field
401774407,2025,2,regular,2025-09-06 17:30:00,Franklin,Ohio Northern,Heartland,Ohio,27.0,20.0,False,False,"Stewart """"Red"""" Faught Stadium"
401773767,2025,2,regular,2025-09-06 18:00:00,Augustana (SD),Jamestown,Northern Sun,Northern Sun,37.0,7.0,False,False,Kirkeby-Over Stadium
401773172,2025,2,regular,2025-09-06 18:00:00,Wisconsin Stout,Dubuque,Wisconsin,American Rivers,38.0,35.0,False,False,Don and Nona Williams Stadium
401774235,2025,2,regular,2025-09-06 18:00:00,Hendrix,Maryville (TN),Southern Athletic,USA South,14.0,40.0,False,False,Young-Wise Memorial Stadium
401773035,2025,2,regular,2025-09-06 18:00:00,Illinois Wesleyan,Central College,CCIW,American Rivers,18.0,27.0,False,False,Tucci Stadium
401767550,2025,2,regular,2025-09-06 18:00:00,Youngstown State,Robert Morris,MVFC,NEC,56.0,17.0,False,False,Stambaugh Stadium
401773732,2025,2,regular,2025-09-06 18:00:00,Winona State,Bemidji State,Northern Sun,Northern Sun,21.0,17.0,False,True,Altra Federal Credit Union Stadium
401773972,2025,2,regular,2025-09-06 18:00:00,Kentucky State,Albany State,SIAC,SIAC,21.0,49.0,False,True,Alumni Stadium (KY)
401767565,2025,2,regular,2025-09-06 18:00:00,Furman,Presbyterian,Southern,Pioneer,38.0,39.0,False,False,Paladin Stadium
401776761,2025,2,regular,2025-09-06 18:00:00,Hamline,Crown,Minnesota,Upper Midwest,28.0,21.0,False,False,Klas Field
401774197,2025,2,regular,2025-09-06 18:00:00,Wisconsin Whitewater,Carleton,Wisconsin,Minnesota,45.0,14.0,False,False,Perkins Stadium
401777953,2025,2,regular,2025-09-06 18:00:00,Lake Erie,Ferris State,Great Midwest Athletic,GLIAC,6.0,63.0,False,False,Jack Britt Memorial Stadium
401776743,2025,2,regular,2025-09-06 18:00:00,St. Olaf,Northwestern (MN),Minnesota,Upper Midwest,32.0,7.0,False,False,Klein Field at Manitou
401776735,2025,2,regular,2025-09-06 18:00:00,Wisconsin Lutheran,St. Scholastica,NACC,Minnesota,27.0,41.0,False,False,Warrior Field at Raabe Stadium
401773489,2025,2,regular,2025-09-06 18:00:00,Saginaw Valley State,Gannon,GLIAC,Pennsylvania State Athletic,49.0,28.0,False,False,Harvey Randall Wickes Memorial Stadium
401773155,2025,2,regular,2025-09-06 18:00:00,Benedictine (IL),Buena Vista,NACC,American Rivers,35.0,0.0,False,False,Village of Lisle-Benedictine University Sports Complex
401766645,2025,2,regular,2025-09-06 18:00:00,Grinnell,Macalester,Midwest,Minnesota,15.0,20.0,False,False,Rosenbloom Field
401766646,2025,2,regular,2025-09-06 18:00:00,Rockford,Beloit,NACC,Midwest,19.0,15.0,False,False,Sam Greeley Field
401774188,2025,2,regular,2025-09-06 18:00:00,Wisconsin Stevens Point,Albion,Wisconsin,Michigan,28.0,21.0,False,False,Community Stadium at Goerke Park
401773179,2025,2,regular,2025-09-06 18:00:00,Loras,Hope,American Rivers,Michigan,0.0,62.0,False,False,Rock Bowl
401774182,2025,2,regular,2025-09-06 18:00:00,Aurora,Wisconsin Platteville,NACC,Wisconsin,0.0,41.0,False,False,Vago Field
401773185,2025,2,regular,2025-09-06 18:00:00,Luther,Millikin,American Rivers,CCIW,3.0,33.0,False,False,Legacy Field in Carlson Stadium
401773432,2025,2,regular,2025-09-06 18:00:00,Roosevelt,Quincy,GLIAC,Great Lakes,23.0,21.0,False,False,Morris Field
401773640,2025,2,regular,2025-09-06 18:00:00,Washburn,Northwest Missouri State,Mid America,Mid America,7.0,34.0,False,True,Yager Stadium at Moore Bowl
401777049,2025,2,regular,2025-09-06 18:00:00,Allegheny,Denison,Presidents',North Coast,24.0,35.0,False,False,Frank B. Fuhrer Field
401777134,2025,2,regular,2025-09-06 18:00:00,Wittenberg,Baldwin Wallace,North Coast,Ohio,13.0,31.0,False,False,Edwards-Maurer Field
401777045,2025,2,regular,2025-09-06 18:00:00,St. Norbert,Wabash,NACC,North Coast,21.0,55.0,False,False,Donald J. Schneider Stadium
401754620,2025,2,regular,2025-09-06 18:00:00,Wake Forest,Western Carolina,ACC,Southern,42.0,10.0,False,False,Allegacy Federal Credit Union Stadium
401773751,2025,2,regular,2025-09-06 18:00:00,Minnesota State,Minot State,Northern Sun,Northern Sun,34.0,16.0,False,True,Blakeslee Stadium
401762462,2025,2,regular,2025-09-06 18:00:00,Temple,Howard,American Athletic,MEAC,55.0,7.0,False,False,Lincoln Financial Field
401767224,2025,2,regular,2025-09-06 18:30:00,Tennessee State,North Dakota State,OVC-Big South,MVFC,3.0,59.0,False,False,Nissan Stadium
401778022,2025,2,regular,2025-09-06 19:00:00,Willamette,Pomona Pitzer,Northwest,So. Cal.,17.0,41.0,False,False,McCulloch Stadium
401773994,2025,2,regular,2025-09-06 19:00:00,Clark Atlanta,Florida Memorial University,SIAC,,17.0,12.0,False,False,CAU Panther Stadium
401760366,2025,2,regular,2025-09-06 19:00:00,New Mexico,Idaho State,Mountain West,Big Sky,32.0,22.0,False,False,University Stadium (NM)
401773407,2025,2,regular,2025-09-06 19:00:00,Lane College,Lincoln (MO),SIAC,Great Lakes,15.0,27.0,False,False,Lane Field
401762794,2025,2,regular,2025-09-06 19:30:00,Buffalo,Saint Francis,Mid-American,NEC,45.0,6.0,False,False,UB Stadium
401761596,2025,2,regular,2025-09-06 19:30:00,App State,Lindenwood,Sun Belt,OVC-Big South,20.0,13.0,False,False,Kidd Brewer Stadium
401752824,2025,2,regular,2025-09-06 19:30:00,Oregon,Oklahoma State,Big Ten,Big 12,69.0,3.0,False,False,Autzen Stadium
401754637,2025,2,regular,2025-09-06 19:30:00,Clemson,Troy,ACC,Sun Belt,27.0,16.0,False,False,"Memorial Stadium (Clemson, SC)"
401762458,2025,2,regular,2025-09-06 19:30:00,Navy,UAB,American Athletic,American Athletic,38.0,24.0,False,True,Navy-Marine Corps Memorial Stadium
401752685,2025,2,regular,2025-09-06 19:30:00,Georgia,Austin Peay,SEC,UAC,28.0,6.0,False,False,Sanford Stadium
401756881,2025,2,regular,2025-09-06 19:30:00,Colorado,Delaware,Big 12,Conference USA,31.0,7.0,False,False,Folsom Field
401767579,2025,2,regular,2025-09-06 19:30:00,Samford,The Citadel,Southern,Southern,13.0,40.0,False,True,Seibert Stadium
401752818,2025,2,regular,2025-09-06 19:30:00,Rutgers,Miami (OH),Big Ten,Mid-American,45.0,17.0,False,False,SHI Stadium
401752692,2025,2,regular,2025-09-06 19:30:00,Tennessee,East Tennessee State,SEC,Southern,72.0,17.0,False,False,Neyland Stadium
401756880,2025,2,regular,2025-09-06 19:30:00,Cincinnati,Bowling Green,Big 12,Mid-American,34.0,20.0,False,False,Nippert Stadium
401752689,2025,2,regular,2025-09-06 19:30:00,Missouri,Kansas,SEC,Big 12,42.0,31.0,False,False,Memorial Stadium
401752686,2025,2,regular,2025-09-06 19:30:00,Kentucky,Ole Miss,SEC,SEC,23.0,30.0,False,True,Kroger Field
401762461,2025,2,regular,2025-09-06 19:30:00,Western Michigan,North Texas,Mid-American,American Athletic,30.0,33.0,False,False,Waldo Stadium
401762816,2025,2,regular,2025-09-06 19:30:00,Massachusetts,Bryant,Mid-American,Coastal Athletic,26.0,27.0,False,False,Warren McGuirk Alumni Stadium
401761603,2025,2,regular,2025-09-06 19:30:00,UTSA,Texas State,American Athletic,Sun Belt,36.0,43.0,False,False,Alamodome
401754622,2025,2,regular,2025-09-06 19:30:00,Georgia Tech,Gardner-Webb,ACC,OVC-Big South,59.0,12.0,False,False,Bobby Dodd Stadium
401752937,2025,2,regular,2025-09-06 19:30:00,Oregon State,Fresno State,Pac-12,Mountain West,27.0,36.0,False,False,Reser Stadium
401752815,2025,2,regular,2025-09-06 19:30:00,Ohio State,Grambling,Big Ten,SWAC,70.0,0.0,False,False,Ohio Stadium
401774175,2025,2,regular,2025-09-06 20:00:00,Linfield,Wisconsin Oshkosh,Northwest,Wisconsin,14.0,31.0,False,False,Maxwell Field
401777166,2025,2,regular,2025-09-06 20:00:00,Puget Sound,Lewis & Clark,Northwest,Northwest,20.0,56.0,False,True,Baker Stadium
401777159,2025,2,regular,2025-09-06 20:00:00,Cal Lutheran,Pacific Lutheran,So. Cal.,Northwest,18.0,15.0,False,False,William Rolland Stadium
401756883,2025,2,regular,2025-09-06 20:00:00,Ohio,West Virginia,Mid-American,Big 12,17.0,10.0,False,False,Peden Stadium
401767089,2025,2,regular,2025-09-06 20:00:00,Idaho,St. Thomas (MN),Big Sky,Pioneer,37.0,30.0,False,False,Kibbie Dome
401774024,2025,2,regular,2025-09-06 20:00:00,Edward Waters,Miles,SIAC,SIAC,46.0,14.0,False,True,Earl Kitchings Stadium
401776766,2025,2,regular,2025-09-06 20:00:00,Whitworth,Gustavus Adolphus,Northwest,Minnesota,23.0,10.0,False,False,The Pine Bowl
401752820,2025,2,regular,2025-09-06 20:00:00,Wisconsin,Middle Tennessee,Big Ten,Conference USA,42.0,10.0,False,False,Camp Randall Stadium
401760367,2025,2,regular,2025-09-06 20:00:00,Wyoming,Northern Iowa,Mountain West,MVFC,31.0,7.0,False,False,War Memorial Stadium
401773593,2025,2,regular,2025-09-06 20:05:00,Western Oregon,Southern Oregon,Lone Star,,27.0,7.0,False,False,McArthur Field
401752684,2025,2,regular,2025-09-06 20:15:00,Florida,South Florida,SEC,American Athletic,16.0,18.0,False,False,Ben Hill Griffin Stadium
401760365,2025,2,regular,2025-09-06 21:00:00,Nevada,Sacramento State,Mountain West,Big Sky,20.0,17.0,False,False,Mackay Stadium
401767112,2025,2,regular,2025-09-06 21:00:00,Northern Arizona,Utah Tech,Big Sky,UAC,38.0,31.0,False,False,Walkup Skydome
401752682,2025,2,regular,2025-09-06 21:00:00,Arkansas,Arkansas State,SEC,Sun Belt,56.0,14.0,True,False,War Memorial Stadium (AR)
401774140,2025,2,regular,2025-09-06 21:00:00,Western Connecticut State,William Paterson,Landmark Conference,New Jersey,21.0,20.0,False,False,Westside Athletic Complex
401761602,2025,2,regular,2025-09-06 21:00:00,Southern Miss,Jackson State,Sun Belt,SWAC,38.0,20.0,False,False,M. M. Roberts Stadium
401762460,2025,2,regular,2025-09-06 22:00:00,Florida Atlantic,Florida A&M,American Athletic,SWAC,56.0,14.0,False,False,FAU Stadium
401754530,2025,2,regular,2025-09-06 22:00:00,California,Texas Southern,ACC,SWAC,35.0,3.0,False,False,California Memorial Stadium
401767180,2025,2,regular,2025-09-06 22:00:00,Hampton,Elizabeth City State,Coastal Athletic,CIAA,27.0,20.0,False,False,Armstrong Stadium
401767149,2025,2,regular,2025-09-06 22:00:00,Elon,Davidson,Coastal Athletic,Pioneer,55.0,7.0,False,False,Rhodes Stadium
401762459,2025,2,regular,2025-09-06 22:00:00,East Carolina,Campbell,American Athletic,Coastal Athletic,56.0,3.0,False,False,Dowdy-Ficklen Stadium
401773142,2025,2,regular,2025-09-06 22:00:00,Savannah State,Shorter,SIAC,Carolinas,13.0,0.0,False,False,Ted Wright Stadium
401773742,2025,2,regular,2025-09-06 22:00:00,Southwest Minnesota State,Minnesota St Moorhead,Northern Sun,Northern Sun,3.0,51.0,False,True,Schwan Regional Event Center
401757228,2025,2,regular,2025-09-06 22:00:00,Marshall,Missouri State,Sun Belt,Conference USA,20.0,21.0,False,False,Joan C. Edwards Stadium
401756887,2025,2,regular,2025-09-06 22:00:00,Utah,Cal Poly,Big 12,Big Sky,63.0,9.0,False,False,Rice-Eccles Stadium
401767266,2025,2,regular,2025-09-06 22:00:00,New Hampshire,Holy Cross,Coastal Athletic,Patriot,19.0,16.0,False,False,Wildcat Stadium
401761599,2025,2,regular,2025-09-06 22:00:00,Old Dominion,North Carolina Central,Sun Belt,MEAC,54.0,6.0,False,False,S.B. Ballard Stadium
401773685,2025,2,regular,2025-09-06 22:00:00,Lock Haven,Glenville State,Pennsylvania State Athletic,Mountain East,16.0,13.0,False,False,Hubert Jack Stadium
401777102,2025,2,regular,2025-09-06 22:00:00,Wilmington (OH),Wooster,Ohio,North Coast,59.0,35.0,False,False,Wiliams Stadium (OH)
401767277,2025,2,regular,2025-09-06 22:00:00,Eastern Kentucky,Houston Christian,UAC,Southland,20.0,10.0,False,False,Roy Kidd Stadium
401773094,2025,2,regular,2025-09-06 22:00:00,Allen,Livingstone,SIAC,CIAA,17.0,28.0,False,False,W.C. Hawkins Stadium
401774208,2025,2,regular,2025-09-06 22:00:00,Southern Virginia,Apprentice School,USA South,Independent DIII,27.0,6.0,False,False,Knight Stadium
401767257,2025,2,regular,2025-09-06 22:00:00,Fordham,Monmouth,Patriot,Coastal Athletic,28.0,49.0,False,False,Jack Coffey Field
401773955,2025,2,regular,2025-09-06 22:00:00,UVA Wise,Newberry,South Atlantic,South Atlantic,24.0,31.0,False,True,Carl Smith Stadium
401773080,2025,2,regular,2025-09-06 22:00:00,UNC Pembroke,Fayetteville State,Carolinas,CIAA,31.0,24.0,False,False,Grace P. Johnson Stadium
401773704,2025,2,regular,2025-09-06 22:00:00,Wheeling,Walsh,Mountain East,Great Midwest Athletic,15.0,31.0,False,False,Bishop Schmitt Field
401767404,2025,2,regular,2025-09-06 22:00:00,Norfolk State,Virginia State,MEAC,CIAA,34.0,31.0,False,False,"William Dick"""" Price Stadium"""""
401773950,2025,2,regular,2025-09-06 22:00:00,Tusculum,Lenoir Rhyne,South Atlantic,South Atlantic,7.0,28.0,False,True,Pioneer Field (TN)
401774335,2025,2,regular,2025-09-06 22:00:00,Berry,Huntingdon,Southern Athletic,USA South,58.0,28.0,False,False,Valhalla Stadium
401767652,2025,2,regular,2025-09-06 22:00:00,Stetson,Warner,Pioneer,,59.0,13.0,False,False,Spec Martin Municipal Stadium
401767189,2025,2,regular,2025-09-06 22:00:00,William & Mary,Maine,Coastal Athletic,Coastal Athletic,28.0,27.0,False,True,Zable Stadium
401774111,2025,2,regular,2025-09-06 22:00:00,WPI,Rensselaer,NEWMAC,Liberty League,9.0,26.0,False,False,"Alumni Stadium (Worcester, MA)"
401767336,2025,2,regular,2025-09-06 22:00:00,Villanova,Colgate,Coastal Athletic,Patriot,24.0,17.0,False,False,Villanova Stadium
401767593,2025,2,regular,2025-09-06 22:00:00,Wofford,Richmond,Southern,Patriot,10.0,14.0,False,False,Gibbs Stadium
401767317,2025,2,regular,2025-09-06 22:00:00,Stony Brook,Rhode Island,Coastal Athletic,Coastal Athletic,17.0,31.0,False,True,Kenneth P. LaValle Stadium
401777542,2025,2,regular,2025-09-06 22:30:00,Mars Hill,Winston-Salem State,South Atlantic,CIAA,25.0,28.0,False,False,Meares Stadium
401773135,2025,2,regular,2025-09-06 23:00:00,Delta State,North Greenville,Gulf South,Carolinas,41.0,9.0,False,True,Parker Field at McCool Stadium
401767482,2025,2,regular,2025-09-06 23:00:00,Lamar,South Dakota,Southland,MVFC,20.0,13.0,False,False,Provost Umphrey Stadium
401769868,2025,2,regular,2025-09-06 23:00:00,Nicholls,West Georgia,Southland,UAC,10.0,34.0,False,False,Manning Field at John L. Guidry Stadium
401767309,2025,2,regular,2025-09-06 23:00:00,Alabama A&M,Alcorn State,SWAC,SWAC,41.0,31.0,False,True,Louis Crews Stadium
401767304,2025,2,regular,2025-09-06 23:00:00,Tarleton State,Mississippi Valley State,UAC,SWAC,59.0,3.0,False,False,"Memorial Stadium (Stephenville, TX)"
401773204,2025,2,regular,2025-09-06 23:00:00,Simpson (IA),Augustana (IL),American Rivers,CCIW,41.0,42.0,False,False,Bill Buxton Stadium
401766650,2025,2,regular,2025-09-06 23:00:00,Ripon,North Park,Midwest,CCIW,19.0,35.0,False,False,Ingalls Field
401766648,2025,2,regular,2025-09-06 23:00:00,Eureka,Knox,NACC,Midwest,14.0,13.0,False,False,Pete FioRito Stadium at McKinzie Field
401773462,2025,2,regular,2025-09-06 23:00:00,Grand Valley State,Black Hills State,GLIAC,Rocky Mountain,48.0,36.0,False,False,Lubbers Stadium
401773424,2025,2,regular,2025-09-06 23:00:00,Northeastern State,Missouri S&T,Independent DII,Great Lakes,24.0,27.0,False,False,Gable Field at Doc Wadley Stadium
401773439,2025,2,regular,2025-09-06 23:00:00,Southwest Baptist,Missouri Southern State,Great Lakes,Mid America,31.0,38.0,False,False,Plaster Sports Complex
401774012,2025,2,regular,2025-09-06 23:00:00,Tuskegee,Central State,SIAC,SIAC,33.0,0.0,False,True,Abbott Memorial Alumni Stadium
401774457,2025,2,regular,2025-09-06 23:00:00,McMurry,Southwestern U,Southern Collegiate Athletic,Southern Athletic,19.0,27.0,False,False,Wilford Moore Stadium
401774366,2025,2,regular,2025-09-06 23:00:00,Lakeland,Carthage,NACC,CCIW,40.0,51.0,False,False,Taylor Field
401776801,2025,2,regular,2025-09-06 23:00:00,Austin,Kalamazoo,Southern Collegiate Athletic,Michigan,10.0,14.0,False,False,Jerry E. Apple Stadium
401778036,2025,2,regular,2025-09-06 23:00:00,Guilford,Greensboro,Old Dominion,USA South,7.0,21.0,False,False,Armfield Athletic Center
401774343,2025,2,regular,2025-09-06 23:00:00,Centre,Hanover,Southern Athletic,Heartland,23.0,15.0,False,False,Farris Stadium
401778025,2025,2,regular,2025-09-06 23:00:00,Bridgewater,Stevenson,Old Dominion,Mid Atlantic,27.0,32.0,False,False,Jopson Athletic Complex
401774434,2025,2,regular,2025-09-06 23:00:00,Rose Hulman,DePauw,Heartland,North Coast,0.0,40.0,False,False,Cook Stadium
401774397,2025,2,regular,2025-09-06 23:00:00,Bluffton,Kenyon,Heartland,North Coast,20.0,17.0,False,False,Alumni Field (OH)
401777586,2025,2,regular,2025-09-06 23:00:00,Mary Hardin Baylor,Bethel University Tennessee,American Southwest,,30.0,23.0,False,False,Crusader Stadium
401773798,2025,2,regular,2025-09-06 23:00:00,Wayne State (NE),University of Mary,Northern Sun,Northern Sun,42.0,7.0,False,True,"Memorial Stadium (Wayne, NE)"
401773759,2025,2,regular,2025-09-06 23:00:00,Sioux Falls,Northern State,Northern Sun,Northern Sun,42.0,28.0,False,True,Bob Young Field
401754641,2025,2,regular,2025-09-06 23:00:00,Miami,Bethune-Cookman,ACC,SWAC,45.0,3.0,False,False,Hard Rock Stadium
401762795,2025,2,regular,2025-09-06 23:00:00,Eastern Michigan,Long Island University,Mid-American,NEC,23.0,28.0,False,False,Rynearson Stadium
401756884,2025,2,regular,2025-09-06 23:00:00,Rice,Houston,American Athletic,Big 12,9.0,35.0,False,False,Rice Stadium
401760364,2025,2,regular,2025-09-06 23:00:00,Colorado State,Northern Colorado,Mountain West,Big Sky,21.0,17.0,False,False,Canvas Stadium
401767432,2025,2,regular,2025-09-06 23:00:00,Prairie View A&M,UT Rio Grande Valley,SWAC,Southland,21.0,27.0,False,False,Panther Stadium
401767216,2025,2,regular,2025-09-06 23:00:00,Southeast Missouri State,North Alabama,OVC-Big South,UAC,30.0,21.0,False,False,Houck Field
401767656,2025,2,regular,2025-09-06 23:00:00,Valparaiso,Adrian,Pioneer,Michigan,7.0,10.0,False,False,Brown Field
401767379,2025,2,regular,2025-09-06 23:00:00,Central Arkansas,Arkansas-Pine Bluff,UAC,SWAC,41.0,17.0,False,False,Estes Stadium
401767455,2025,2,regular,2025-09-06 23:00:00,Murray State,SE Louisiana,MVFC,Southland,24.0,45.0,False,False,Roy Stewart Stadium
401773535,2025,2,regular,2025-09-06 23:00:00,Angelo State,Emporia State,Lone Star,Mid America,41.0,20.0,False,False,LeGrand Stadium at 1st Community Credit Union Field
401757232,2025,2,regular,2025-09-06 23:00:00,Toledo,Western Kentucky,Mid-American,Conference USA,45.0,21.0,False,False,Glass Bowl
401767359,2025,2,regular,2025-09-06 23:00:00,Southern,Alabama State,SWAC,SWAC,7.0,30.0,False,True,Ace W. Mumford Stadium
401752691,2025,2,regular,2025-09-06 23:00:00,South Carolina,South Carolina State,SEC,MEAC,38.0,10.0,False,False,Williams-Brice Stadium
401761601,2025,2,regular,2025-09-06 23:00:00,South Alabama,Tulane,Sun Belt,American Athletic,31.0,33.0,False,False,Hancock Whitney Stadium
401767328,2025,2,regular,2025-09-06 23:00:00,Morgan State,Towson,MEAC,Coastal Athletic,22.0,27.0,False,False,Hughes Stadium
401767437,2025,2,regular,2025-09-06 23:00:00,Illinois State,Morehead State,MVFC,Pioneer,41.0,13.0,False,False,Hancock Stadium
401774428,2025,2,regular,2025-09-06 23:00:00,Muskingum,Mount St Joseph,Ohio,Heartland,27.0,33.0,False,False,Sherman Field at McConagha Stadium
401761598,2025,2,regular,2025-09-06 23:00:00,Georgia State,Memphis,Sun Belt,American Athletic,16.0,38.0,False,False,Center Parc Stadium
401767127,2025,2,regular,2025-09-06 23:00:00,North Dakota,Portland State,MVFC,Big Sky,50.0,20.0,False,False,Alerus Center
401754527,2025,2,regular,2025-09-06 23:00:00,Charlotte,North Carolina,American Athletic,ACC,3.0,20.0,False,False,Jerry Richardson Stadium
401756882,2025,2,regular,2025-09-06 23:00:00,Kansas State,Army,Big 12,American Athletic,21.0,24.0,False,False,Bill Snyder Family Stadium
401756886,2025,2,regular,2025-09-06 23:00:00,UCF,North Carolina A&T,Big 12,Coastal Athletic,68.0,7.0,False,False,FBC Mortgage Stadium
401752816,2025,2,regular,2025-09-06 23:30:00,Michigan State,Boston College,Big Ten,ACC,42.0,40.0,False,False,Spartan Stadium
401773775,2025,2,regular,2025-09-06 23:30:00,Concordia St. Paul,Minnesota Duluth,Northern Sun,Northern Sun,7.0,61.0,False,True,Sea Foam Stadium
401761597,2025,2,regular,2025-09-06 23:30:00,Coastal Carolina,Charleston Southern,Sun Belt,OVC-Big South,13.0,0.0,False,False,Brooks Stadium (SC)
401752683,2025,2,regular,2025-09-06 23:30:00,Auburn,Ball State,SEC,Mid-American,42.0,3.0,False,False,Jordan-Hare Stadium
401752814,2025,2,regular,2025-09-06 23:30:00,USC,Georgia Southern,Big Ten,Sun Belt,59.0,20.0,False,False,Los Angeles Memorial Coliseum
401752810,2025,2,regular,2025-09-06 23:30:00,Nebraska,Akron,Big Ten,Mid-American,68.0,0.0,False,False,"Memorial Stadium (Lincoln, NE)"
401752687,2025,2,regular,2025-09-06 23:30:00,LSU,Louisiana Tech,SEC,Conference USA,23.0,7.0,False,False,Tiger Stadium (LA)
401752688,2025,2,regular,2025-09-06 23:30:00,Mississippi State,Arizona State,SEC,Big 12,24.0,20.0,False,False,Davis Wade Stadium
401752819,2025,2,regular,2025-09-06 23:30:00,Purdue,Southern Illinois,Big Ten,MVFC,34.0,17.0,False,False,Ross-Ade Stadium
401752695,2025,2,regular,2025-09-06 23:30:00,Virginia Tech,Vanderbilt,ACC,SEC,20.0,44.0,False,False,Lane Stadium
401752690,2025,2,regular,2025-09-06 23:30:00,Oklahoma,Michigan,SEC,Big Ten,24.0,13.0,False,False,"Memorial Stadium (Norman, OK)"
401752681,2025,2,regular,2025-09-06 23:45:00,Alabama,UL Monroe,SEC,Sun Belt,73.0,0.0,False,False,Bryant-Denny Stadium
401777300,2025,2,regular,2025-09-07 00:00:00,East Texas Baptist,Lyon,American Southwest,Southern Collegiate Athletic,47.0,8.0,False,False,Ornelas Stadium
401773546,2025,2,regular,2025-09-07 00:00:00,Colorado Mesa,Eastern New Mexico,Rocky Mountain,Lone Star,28.0,7.0,False,False,Ralph Stocker Stadium
401752823,2025,2,regular,2025-09-07 00:00:00,UNLV,UCLA,Mountain West,Big Ten,30.0,23.0,False,False,Allegiant Stadium
401773573,2025,2,regular,2025-09-07 00:00:00,Adams State,UT Permian Basin,Rocky Mountain,Lone Star,7.0,41.0,False,False,Rex Stadium
401767097,2025,2,regular,2025-09-07 00:00:00,Montana,Central Washington,Big Sky,Lone Star,42.0,17.0,False,False,Washington-Grizzly Stadium
401777596,2025,2,regular,2025-09-07 00:00:00,Point University,LaGrange,,USA South,14.0,36.0,True,False,RAM Stadium
401776770,2025,2,regular,2025-09-07 00:00:00,Concordia (MN),Mayville State,Minnesota,,17.0,6.0,False,False,Jake Christiansen Stadium
401773586,2025,2,regular,2025-09-07 00:00:00,New Mexico Highlands,Western New Mexico,Rocky Mountain,Lone Star,69.0,55.0,False,False,Sanchez Family Stadium
401767238,2025,2,regular,2025-09-07 00:00:00,Abilene Christian,Stephen F. Austin,UAC,Southland,28.0,20.0,False,False,Wildcat Stadium (TX)
401767105,2025,2,regular,2025-09-07 00:00:00,Montana State,South Dakota State,Big Sky,MVFC,24.0,30.0,False,False,Bobcat Stadium
401774392,2025,2,regular,2025-09-07 00:00:00,Washington St. Louis,Rhodes,CCIW,Southern Athletic,49.0,0.0,False,False,Francis Field (MO)
401773190,2025,2,regular,2025-09-07 00:00:00,Dakota State University,Nebraska Wesleyan,,American Rivers,37.0,7.0,True,False,Trojan Stadium
401766651,2025,2,regular,2025-09-07 00:00:00,Wartburg,Monmouth (IL),American Rivers,Midwest,21.0,7.0,False,False,Walston-Hoover Stadium
401773556,2025,2,regular,2025-09-07 00:00:00,Midwestern State,Western Colorado,Lone Star,Rocky Mountain,13.0,38.0,False,False,"Memorial Stadium (Wichita Falls, TX)"
401773564,2025,2,regular,2025-09-07 00:00:00,Texas A&M-Kingsville,Lincoln (CA),Lone Star,Independent DII,60.0,12.0,False,False,Javelina Stadium
401766649,2025,2,regular,2025-09-07 00:00:00,Lake Forest,Claremont Mudd Scripps,Midwest,So. Cal.,7.0,14.0,True,False,
401761600,2025,2,regular,2025-09-07 00:00:00,Louisiana,McNeese,Sun Belt,Southland,34.0,10.0,False,False,Cajun Field
401773634,2025,2,regular,2025-09-07 00:00:00,Nebraska Kearney,Chadron State,Mid America,Rocky Mountain,41.0,21.0,False,False,Ron & Carol Cope Stadium at Foster Field
401773595,2025,2,regular,2025-09-07 00:00:00,Central Oklahoma,Pittsburg State,Mid America,Mid America,27.0,24.0,False,True,Wantland Stadium
401757229,2025,2,regular,2025-09-07 01:00:00,New Mexico State,Tulsa,Conference USA,American Athletic,21.0,14.0,False,False,Aggie Memorial Stadium
401767292,2025,2,regular,2025-09-07 01:00:00,San Diego,Southern Utah,Pioneer,UAC,30.0,27.0,False,False,Torero Stadium
401757231,2025,2,regular,2025-09-07 01:00:00,UTEP,UT Martin,Conference USA,OVC-Big South,42.0,17.0,False,False,Sun Bowl
401756879,2025,2,regular,2025-09-07 02:00:00,Arizona,Weber State,Big 12,Big Sky,48.0,3.0,False,False,Arizona Stadium
401773208,2025,2,regular,2025-09-07 02:00:00,Chapman,Hardin Simmons,So. Cal.,American Southwest,30.0,37.0,False,False,Ernie Chapman Stadium
401774251,2025,2,regular,2025-09-07 02:00:00,Redlands,George Fox,So. Cal.,Northwest,10.0,7.0,False,False,Ted Runner Stadium
401773900,2025,2,regular,2025-09-07 02:00:00,Phoenix,Fort Lewis,,Rocky Mountain,10.0,58.0,True,False,ACU Football Field
401754526,2025,2,regular,2025-09-07 02:15:00,BYU,Stanford,Big 12,ACC,27.0,3.0,False,False,LaVell Edwards Stadium
401752948,2025,2,regular,2025-09-07 02:15:00,Washington State,San Diego State,Pac-12,Mountain West,36.0,13.0,False,False,Gesa Field
401752821,2025,2,regular,2025-09-07 03:00:00,Washington,UC Davis,Big Ten,Big Sky,70.0,10.0,False,False,Husky Stadium
401757230,2025,2,regular,2025-09-07 03:59:00,Hawai'i,Sam Houston,Mountain West,Conference USA,37.0,20.0,False,False,Clarence T.C. Ching Athletics Complex
401773701,2025,3,regular,2025-09-11 22:30:00,West Virginia Wesleyan,Ohio Dominican,Mountain East,Great Midwest Athletic,0.0,31.0,False,False,Cebe Ross Field
401773995,2025,3,regular,2025-09-11 23:00:00,Clark Atlanta,Fort Valley State,SIAC,SIAC,26.0,21.0,False,True,CAU Panther Stadium
401754531,2025,3,regular,2025-09-11 23:30:00,Wake Forest,NC State,ACC,ACC,24.0,34.0,False,True,Allegacy Federal Credit Union Stadium
401777559,2025,3,regular,2025-09-12 00:00:00,Central Missouri,CSU Pueblo,Mid America,Rocky Mountain,24.0,29.0,False,False,Audrey J. Walton Stadium at Vernon Kennedy Field
401773362,2025,3,regular,2025-09-12 00:00:00,Harding,Southwestern Oklahoma State,Great American,Great American,55.0,0.0,False,True,First Security Stadium
401773332,2025,3,regular,2025-09-12 00:00:00,Arkansas Tech,Northwestern (OK),Great American,Great American,44.0,0.0,False,True,Thone Stadium at Buerkle Field
401752836,2025,3,regular,2025-09-12 22:30:00,Indiana,Indiana State,Big Ten,MVFC,73.0,0.0,False,False,"Memorial Stadium (Bloomington, IN)"
401754532,2025,3,regular,2025-09-12 23:00:00,Syracuse,Colgate,ACC,Patriot,66.0,24.0,False,False,JMA Wireless Dome
401756893,2025,3,regular,2025-09-12 23:30:00,Houston,Colorado,Big 12,Big 12,36.0,20.0,False,True,TDECU Stadium
401756888,2025,3,regular,2025-09-13 01:00:00,Arizona,Kansas State,Big 12,Big 12,23.0,17.0,False,False,Arizona Stadium
401752837,2025,3,regular,2025-09-13 02:00:00,UCLA,New Mexico,Big Ten,Mountain West,10.0,35.0,False,False,Rose Bowl
401777780,2025,3,regular,2025-09-13 16:00:00,Buffalo State,Hartwick,Liberty League,Empire 8,27.0,29.0,False,False,Coyer Field
401778014,2025,3,regular,2025-09-13 16:00:00,Salve Regina,Western New England,NEWMAC,Commonwealth Coast,34.0,28.0,False,False,Toppa Field
401778037,2025,3,regular,2025-09-13 16:00:00,Greensboro,Roanoke College,USA South,,22.0,32.0,False,False,Jamieson Stadium
401783338,2025,3,regular,2025-09-13 16:00:00,Eastern,Alvernia,Mid Atlantic,Mid Atlantic,24.0,14.0,False,True,O'Hara Field
401762817,2025,3,regular,2025-09-13 16:00:00,Kent State,Buffalo,Mid-American,Mid-American,28.0,31.0,False,True,Dix Stadium
401761608,2025,3,regular,2025-09-13 16:00:00,Troy,Memphis,Sun Belt,American Athletic,7.0,28.0,False,False,Veterans Memorial Stadium (AL)
401767733,2025,3,regular,2025-09-13 16:00:00,Duquesne,Lehigh,NEC,Patriot,21.0,35.0,False,False,Arthur J. Rooney Athletic Field
401774168,2025,3,regular,2025-09-13 16:00:00,Carnegie Mellon,Wisconsin La Crosse,Presidents',Wisconsin,14.0,38.0,False,False,Gesling Stadium
401767742,2025,3,regular,2025-09-13 16:00:00,Central Connecticut,Saint Francis,NEC,NEC,31.0,7.0,False,True,Arute Field
401783304,2025,3,regular,2025-09-13 16:00:00,Montclair State,Lycoming,New Jersey,Landmark Conference,27.0,24.0,True,False,Hinchliffe Stadium
401776994,2025,3,regular,2025-09-13 16:00:00,Misericordia,Albright,Mid Atlantic,Mid Atlantic,42.0,21.0,False,True,Mangelsdorf Field
401786484,2025,3,regular,2025-09-13 16:00:00,Plymouth State,Worcester State,MSCAC,MSCAC,47.0,46.0,False,True,Charles L. Currier Memorial Field
401756891,2025,3,regular,2025-09-13 16:00:00,Baylor,Samford,Big 12,Southern,42.0,7.0,False,False,McLane Stadium
401773810,2025,3,regular,2025-09-13 16:00:00,California (PA),West Chester,Pennsylvania State Athletic,Pennsylvania State Athletic,26.0,24.0,False,True,Adamson Stadium
401773267,2025,3,regular,2025-09-13 16:00:00,Hilbert,Alfred State,Empire 8,Empire 8,13.0,49.0,False,False,St. Francis High School
401774037,2025,3,regular,2025-09-13 16:00:00,St. John Fisher,St. Lawrence,Empire 8,Liberty League,28.0,23.0,False,False,Growney Stadium
401774045,2025,3,regular,2025-09-13 16:00:00,SUNY Cortland,Union,Empire 8,Liberty League,30.0,6.0,False,False,Stadium Red Field
401774398,2025,3,regular,2025-09-13 16:00:00,Bluffton,Albion,Heartland,Michigan,39.0,45.0,False,False,Alumni Field (OH)
401754619,2025,3,regular,2025-09-13 16:00:00,Virginia,William & Mary,ACC,Coastal Athletic,55.0,16.0,False,False,Scott Stadium
401773800,2025,3,regular,2025-09-13 16:00:00,Seton Hill,Bloomsburg,Pennsylvania State Athletic,Pennsylvania State Athletic,31.0,28.0,False,True,Offutt Field
401774321,2025,3,regular,2025-09-13 16:00:00,The College of New Jersey,Wilkes,New Jersey,Landmark Conference,17.0,3.0,False,False,Lions Stadium
401774073,2025,3,regular,2025-09-13 16:00:00,Johns Hopkins,John Carroll,Centennial,Ohio,27.0,13.0,False,False,Homewood Field
401774092,2025,3,regular,2025-09-13 16:00:00,Susquehanna,Bridgewater,Landmark Conference,Old Dominion,56.0,17.0,False,False,Amos Alonzo Stagg Field (PA)
401776788,2025,3,regular,2025-09-13 16:00:00,Alma,Denison,Michigan,North Coast,53.0,27.0,False,False,Bahlke Field
401774159,2025,3,regular,2025-09-13 16:00:00,Kenyon,Wisconsin Eau Claire,North Coast,Wisconsin,6.0,35.0,False,False,McBride Field
401777996,2025,3,regular,2025-09-13 16:00:00,Endicott,Muhlenberg,Commonwealth Coast,Centennial,20.0,28.0,False,False,Hempstead Stadium
401773686,2025,3,regular,2025-09-13 16:00:00,Millersville,Glenville State,Pennsylvania State Athletic,Mountain East,28.0,44.0,False,False,Chryst Field at Biemesderfer Stadium
401774099,2025,3,regular,2025-09-13 16:00:00,Brockport,Hobart,Empire 8,Liberty League,14.0,10.0,False,False,Bob Boozer Field
401773277,2025,3,regular,2025-09-13 16:00:00,Anna Maria College,Framingham State,MSCAC,MSCAC,25.0,31.0,False,False,Caparso Field
401773287,2025,3,regular,2025-09-13 16:00:00,Dean,Mass Maritime,MSCAC,MSCAC,0.0,28.0,False,False,Dale Lippert Field
401773296,2025,3,regular,2025-09-13 16:00:00,Alfred,Ithaca,Empire 8,Liberty League,14.0,45.0,False,False,Merrill Field at Yunevich Stadium
401774131,2025,3,regular,2025-09-13 16:00:00,Vermont State Castleton,Norwich,New Jersey,NEWMAC,30.0,8.0,False,False,Dave Wolk Stadium
401767659,2025,3,regular,2025-09-13 16:00:00,Long Island University,Sacred Heart,NEC,FCS Independents,21.0,24.0,False,False,Bethpage Federal Credit Union Stadium
401773233,2025,3,regular,2025-09-13 16:00:00,Findlay,Wayne State (MI),Great Midwest Athletic,GLIAC,7.0,3.0,False,False,Donnell Stadium
401752696,2025,3,regular,2025-09-13 16:00:00,Alabama,Wisconsin,SEC,Big Ten,38.0,14.0,False,False,Bryant-Denny Stadium
401754623,2025,3,regular,2025-09-13 16:00:00,Georgia Tech,Clemson,ACC,ACC,24.0,21.0,False,True,Bobby Dodd Stadium
401752831,2025,3,regular,2025-09-13 16:00:00,Northwestern,Oregon,Big Ten,Big Ten,14.0,34.0,False,True,Lanny and Sharon Martin Stadium
401752838,2025,3,regular,2025-09-13 16:00:00,Maryland,Towson,Big Ten,Coastal Athletic,44.0,17.0,False,False,SECU Stadium
401752839,2025,3,regular,2025-09-13 16:00:00,Michigan,Central Michigan,Big Ten,Mid-American,63.0,3.0,False,False,Michigan Stadium
401752828,2025,3,regular,2025-09-13 16:00:00,Nebraska,Houston Christian,Big Ten,Southland,59.0,7.0,False,False,"Memorial Stadium (Lincoln, NE)"
401752703,2025,3,regular,2025-09-13 16:00:00,Temple,Oklahoma,American Athletic,SEC,3.0,42.0,False,False,Lincoln Financial Field
401774300,2025,3,regular,2025-09-13 16:00:00,Springfield,Husson,NEWMAC,Commonwealth Coast,38.0,6.0,False,False,Stagg Field
401774052,2025,3,regular,2025-09-13 16:00:00,SUNY Morrisville,Rochester (NY),Empire 8,Liberty League,14.0,30.0,False,False,Drake Field (NY)
401752697,2025,3,regular,2025-09-13 16:45:00,Auburn,South Alabama,SEC,Sun Belt,31.0,15.0,False,False,Jordan-Hare Stadium
401752702,2025,3,regular,2025-09-13 17:00:00,Missouri,Louisiana,SEC,Sun Belt,52.0,10.0,False,False,Memorial Stadium
401767648,2025,3,regular,2025-09-13 17:00:00,Northern Michigan,St. Thomas (MN),GLIAC,Pioneer,7.0,20.0,False,False,Superior Dome
401767627,2025,3,regular,2025-09-13 17:00:00,Wagner,Marist,NEC,Pioneer,10.0,21.0,False,False,Wagner College Stadium
401783308,2025,3,regular,2025-09-13 17:00:00,Rowan,Moravian,New Jersey,Landmark Conference,56.0,0.0,False,False,Richard Wackar Stadium
401767720,2025,3,regular,2025-09-13 17:00:00,Georgetown,Lafayette,Patriot,Patriot,37.0,42.0,False,True,Cooper Field
401767351,2025,3,regular,2025-09-13 17:00:00,Howard,Morehouse,MEAC,SIAC,38.0,10.0,True,False,MetLife Stadium
401766661,2025,3,regular,2025-09-13 17:00:00,Wesleyan (CT),Middlebury,NESCAC,NESCAC,31.0,17.0,False,True,Corwin Stadium
401766662,2025,3,regular,2025-09-13 17:00:00,Bates,Amherst,NESCAC,NESCAC,26.0,23.0,False,True,Garcelon Field
401773243,2025,3,regular,2025-09-13 17:00:00,Hillsdale,Michigan Tech,Great Midwest Athletic,GLIAC,21.0,34.0,False,False,"Frank ""Muddy"" Waters Stadium"
401773100,2025,3,regular,2025-09-13 17:00:00,Ferrum,Shaw,Carolinas,CIAA,14.0,6.0,False,False,W.B. Adams Stadium
401773707,2025,3,regular,2025-09-13 17:00:00,American International,Assumption,Northeast 10,Northeast 10,21.0,39.0,False,True,Ronald J. Abdow Field
401773725,2025,3,regular,2025-09-13 17:00:00,Post,Southern Connecticut State,Northeast 10,Northeast 10,39.0,30.0,False,True,Municipal Stadium
401773088,2025,3,regular,2025-09-13 17:00:00,Elizabeth City State,Johnson C. Smith,CIAA,CIAA,17.0,21.0,False,True,Roebuck Stadium
401773936,2025,3,regular,2025-09-13 17:00:00,Mars Hill,Carson Newman,South Atlantic,South Atlantic,31.0,24.0,False,True,Meares Stadium
401774063,2025,3,regular,2025-09-13 17:00:00,Franklin & Marshall,Westminster (PA),Centennial,Presidents',7.0,27.0,False,False,Shadek Stadium
401773987,2025,3,regular,2025-09-13 17:00:00,Central State,Benedict,SIAC,SIAC,0.0,10.0,False,True,McPherson Memorial Stadium
401773819,2025,3,regular,2025-09-13 17:00:00,Clarion,Shippensburg,Pennsylvania State Athletic,Pennsylvania State Athletic,31.0,24.0,False,True,"Memorial Stadium (Clarion, PA)"
401766659,2025,3,regular,2025-09-13 17:00:00,Trinity (CT),Colby,NESCAC,NESCAC,6.0,13.0,False,True,Seaverns Field At Harold Alfond Stadium
401773130,2025,3,regular,2025-09-13 17:00:00,UNC Pembroke,Delta State,Carolinas,Gulf South,25.0,21.0,False,False,Grace P. Johnson Stadium
401777109,2025,3,regular,2025-09-13 17:00:00,Wabash,Case Western Reserve,North Coast,Presidents',38.0,28.0,False,False,Little Giant Stadium
401776802,2025,3,regular,2025-09-13 17:00:00,Kalamazoo,Bethany (WV),Michigan,Presidents',50.0,7.0,False,False,Angell Field
401776977,2025,3,regular,2025-09-13 17:00:00,New England,WPI,Commonwealth Coast,NEWMAC,41.0,3.0,False,False,Blue Storm Stadium
401777135,2025,3,regular,2025-09-13 17:00:00,Wittenberg,Washington and Lee,North Coast,Old Dominion,24.0,21.0,False,False,Edwards-Maurer Field
401774287,2025,3,regular,2025-09-13 17:00:00,Gettysburg,Christopher Newport,Centennial,New Jersey,14.0,49.0,False,False,Shirk Field at Musselman Stadium
401777206,2025,3,regular,2025-09-13 17:00:00,Grove City,Mount Union,Presidents',Ohio,14.0,49.0,False,False,Robert E. Thorn Field
401774314,2025,3,regular,2025-09-13 17:00:00,Ursinus,Kean,Centennial,New Jersey,42.0,14.0,False,False,Patterson Field
401776775,2025,3,regular,2025-09-13 17:00:00,Adrian,Thiel,Michigan,Presidents',76.0,0.0,False,False,Docking Stadium
401777228,2025,3,regular,2025-09-13 17:00:00,Hampden Sydney,Washington & Jefferson,Old Dominion,Presidents',38.0,31.0,False,False,Lewis C. Everett Stadium
401777620,2025,3,regular,2025-09-13 17:00:00,Dickinson,Waynesburg,Centennial,Presidents',52.0,19.0,False,False,Biddle Field
401774082,2025,3,regular,2025-09-13 17:00:00,Juniata,Allegheny,Landmark Conference,Presidents',40.0,38.0,False,False,Knox Stadium
401783344,2025,3,regular,2025-09-13 17:00:00,Delaware Valley,King's,Mid Atlantic,Mid Atlantic,49.0,7.0,False,True,Robert A. Lipinski Field at James Work Memorial Stadium
401783356,2025,3,regular,2025-09-13 17:00:00,Stevenson,Widener,Mid Atlantic,Mid Atlantic,19.0,3.0,False,True,Mustang Stadium
401804601,2025,3,regular,2025-09-13 17:00:00,SUNY Maritime,Anderson (IN),NEWMAC,Heartland,48.0,0.0,False,False,Reinhart Field
401773828,2025,3,regular,2025-09-13 17:00:00,Edinboro,Kutztown,Pennsylvania State Athletic,Pennsylvania State Athletic,0.0,34.0,False,True,Sox Harrison Stadium
401773834,2025,3,regular,2025-09-13 17:00:00,Gannon,East Stroudsburg,Pennsylvania State Athletic,Pennsylvania State Athletic,22.0,69.0,False,True,McConnell Family Stadium
401774422,2025,3,regular,2025-09-13 17:00:00,Manchester,Concordia Chicago,Heartland,NACC,14.0,35.0,False,False,Carl W. Burt Memorial Stadium
401774429,2025,3,regular,2025-09-13 17:00:00,Mount St Joseph,Aurora,Heartland,NACC,28.0,35.0,False,False,Schueler Field
401776794,2025,3,regular,2025-09-13 17:00:00,Calvin,Concordia (WI),Michigan,NACC,34.0,7.0,False,False,Grand Rapids Christian High School
401776806,2025,3,regular,2025-09-13 17:00:00,Olivet,Madonna University (Mich.),Michigan,,28.0,45.0,False,False,Cutler Field
401776984,2025,3,regular,2025-09-13 17:00:00,Lebanon Valley,FDU Florham,Mid Atlantic,Mid Atlantic,37.0,13.0,False,True,Arnold Field (PA)
401767232,2025,3,regular,2025-09-13 17:00:00,Tennessee Tech,Davidson,OVC-Big South,Pioneer,72.0,14.0,False,False,Tucker Stadium
401774219,2025,3,regular,2025-09-13 17:00:00,Apprentice School,North Carolina Wesleyan,Independent DIII,USA South,16.0,49.0,False,False,Apprentice Field
401777103,2025,3,regular,2025-09-13 17:00:00,Wooster,Saint Vincent,North Coast,Presidents',28.0,14.0,False,False,John P. Papp Stadium
401773115,2025,3,regular,2025-09-13 17:00:00,Chowan,Valdosta State,Carolinas,Gulf South,3.0,56.0,False,True,Garrison Stadium
401773445,2025,3,regular,2025-09-13 17:00:00,Truman State,Davenport,Great Lakes,GLIAC,28.0,27.0,False,False,Stokes Stadium
401773743,2025,3,regular,2025-09-13 17:00:00,Minnesota St Moorhead,Winona State,Northern Sun,Northern Sun,45.0,21.0,False,True,Scheels Field at Nemzek Stadium
401777775,2025,3,regular,2025-09-13 17:00:00,Nichols,Merchant Marine,Commonwealth Coast,NEWMAC,24.0,56.0,False,False,Vendetti Field
401778001,2025,3,regular,2025-09-13 17:00:00,Coast Guard,Curry,NEWMAC,Commonwealth Coast,34.0,24.0,False,False,Cadet Memorial Field
401774408,2025,3,regular,2025-09-13 17:30:00,Franklin,Hope,Heartland,Michigan,14.0,38.0,False,False,"Stewart """"Red"""" Faught Stadium"
401766660,2025,3,regular,2025-09-13 17:30:00,Hamilton,Williams,NESCAC,NESCAC,17.0,24.0,False,True,Steuben Field
401777183,2025,3,regular,2025-09-13 17:30:00,Capital,Catholic,Ohio,Landmark Conference,36.0,20.0,False,False,Bernlohr Stadium
401769892,2025,3,regular,2025-09-13 17:30:00,Hanover,Butler,Heartland,Pioneer,7.0,16.0,False,False,Alumni Stadium (IN)
401777175,2025,3,regular,2025-09-13 17:30:00,Baldwin Wallace,Wilmington (OH),Ohio,Ohio,63.0,21.0,False,True,George Finnie Stadium
401766657,2025,3,regular,2025-09-13 18:00:00,Illinois College,Lake Forest,Midwest,Midwest,28.0,25.0,False,True,England Stadium
401773207,2025,3,regular,2025-09-13 18:00:00,Wisconsin Stout,Wartburg,Wisconsin,American Rivers,0.0,16.0,False,False,Don and Nona Williams Stadium
401773733,2025,3,regular,2025-09-13 18:00:00,Bemidji State,Sioux Falls,Northern Sun,Northern Sun,23.0,56.0,False,True,Chet Anderson Stadium
401773166,2025,3,regular,2025-09-13 18:00:00,Indianapolis,Ashland,Great Lakes,Great Midwest Athletic,33.0,26.0,False,False,Key Stadium
401776750,2025,3,regular,2025-09-13 18:00:00,Saint John's (MN),Minnesota Morris,Minnesota,Upper Midwest,49.0,0.0,False,False,Clemens Stadium
401777768,2025,3,regular,2025-09-13 18:00:00,New England College,MIT,,NEWMAC,0.0,55.0,True,False,
401777040,2025,3,regular,2025-09-13 18:00:00,Elmhurst,Rockford,CCIW,NACC,34.0,30.0,False,False,Langhorst Field
401773793,2025,3,regular,2025-09-13 18:00:00,Jamestown,Southwest Minnesota State,Northern Sun,Northern Sun,7.0,12.0,True,False,Charlotte & Gordon Hansen Stadium
401766653,2025,3,regular,2025-09-13 18:00:00,Monmouth (IL),Lawrence,Midwest,Midwest,78.0,7.0,False,True,April Zorn Memorial Stadium
401767120,2025,3,regular,2025-09-13 18:00:00,South Dakota,Northern Colorado,MVFC,Big Sky,24.0,17.0,False,False,DakotaDome
401762818,2025,3,regular,2025-09-13 18:00:00,Ball State,New Hampshire,Mid-American,Coastal Athletic,34.0,29.0,False,False,Scheumann Stadium
401773156,2025,3,regular,2025-09-13 18:00:00,Buena Vista,Wisconsin Lutheran,American Rivers,NACC,17.0,6.0,False,False,J. Leslie Rollins Stadium
401773525,2025,3,regular,2025-09-13 18:00:00,West Alabama,Charleston (WV),Gulf South,Mountain East,28.0,24.0,False,False,Tiger Stadium (AL)
401774246,2025,3,regular,2025-09-13 18:00:00,Sewanee,Brevard,Southern Athletic,USA South,10.0,26.0,False,False,Hardee-McGee Field
401774176,2025,3,regular,2025-09-13 18:00:00,North Central College,Wisconsin Oshkosh,CCIW,Wisconsin,45.0,14.0,False,False,Benedetti-Wehrli Stadium
401773045,2025,3,regular,2025-09-13 18:00:00,Wisconsin River Falls,Coe,Wisconsin,American Rivers,59.0,47.0,False,False,David Smith Stadium at Ramer Field
401774189,2025,3,regular,2025-09-13 18:00:00,Wisconsin Stevens Point,St. Norbert,Wisconsin,NACC,41.0,17.0,False,False,Community Stadium at Goerke Park
401773917,2025,3,regular,2025-09-13 18:00:00,Anderson (SC),Tusculum,South Atlantic,South Atlantic,30.0,0.0,False,True,Spero Financial Field
401773440,2025,3,regular,2025-09-13 18:00:00,Roosevelt,Southwest Baptist,GLIAC,Great Lakes,34.0,40.0,False,False,Morris Field
401777732,2025,3,regular,2025-09-13 18:00:00,McDaniel,Salisbury,Centennial,New Jersey,7.0,62.0,False,False,Kenneth R. Gill Stadium
401767318,2025,3,regular,2025-09-13 18:00:00,Holy Cross,Rhode Island,Patriot,Coastal Athletic,7.0,9.0,False,False,Fitton Field
401766654,2025,3,regular,2025-09-13 18:00:00,Cornell (IA),Chicago,Midwest,Midwest,12.0,28.0,False,True,Van Metre Field at Ash Park
401774450,2025,3,regular,2025-09-13 18:00:00,Huntingdon,Hendrix,USA South,Southern Athletic,28.0,30.0,False,False,Charles Lee Field at Samford Stadium
401773191,2025,3,regular,2025-09-13 18:00:00,Nebraska Wesleyan,Mayville State,American Rivers,,13.0,20.0,False,False,Abel Stadium
401773036,2025,3,regular,2025-09-13 18:00:00,Central College,Randolph Macon,American Rivers,Old Dominion,10.0,0.0,False,False,Ron and Joyce Schipper Stadium
401777034,2025,3,regular,2025-09-13 18:00:00,Lakeland,Greenville,NACC,Upper Midwest,28.0,29.0,False,False,Taylor Field
401773646,2025,3,regular,2025-09-13 18:00:00,Colorado School of Mines,Washburn,Rocky Mountain,Mid America,41.0,27.0,False,False,Marv Kay Stadium at Campbell Field
401773205,2025,3,regular,2025-09-13 18:00:00,Crown,Simpson (IA),Upper Midwest,American Rivers,7.0,45.0,False,False,Old National Bank Stadium
401809170,2025,3,regular,2025-09-13 18:00:00,Saint Xavier (IL),Wisconsin Whitewater,,Wisconsin,0.0,37.0,True,False,Bruce R. Deaton Memorial Field
401766656,2025,3,regular,2025-09-13 18:00:00,Knox,Ripon,Midwest,Midwest,7.0,50.0,False,True,Harley Knosher Bowl
401766655,2025,3,regular,2025-09-13 18:00:00,Grinnell,Beloit,Midwest,Midwest,24.0,0.0,False,True,Rosenbloom Field
401773186,2025,3,regular,2025-09-13 18:00:00,Martin Luther,Luther,Upper Midwest,American Rivers,34.0,0.0,False,False,MLC Bowl
401774236,2025,3,regular,2025-09-13 18:00:00,Ohio Wesleyan,Maryville (TN),North Coast,USA South,24.0,48.0,False,False,Selby Stadium
401783914,2025,3,regular,2025-09-13 18:30:00,Bridgewater State,Westfield State,MSCAC,MSCAC,29.0,16.0,False,True,Edward C. Swenson Athletic Complex
401773565,2025,3,regular,2025-09-13 18:30:00,Northwest Missouri State,Texas A&M-Kingsville,Mid America,Lone Star,49.0,20.0,False,False,Bearcat Stadium
401767150,2025,3,regular,2025-09-13 18:30:00,Western Carolina,Elon,Southern,Coastal Athletic,31.0,37.0,False,False,E. J. Whitmire Stadium
401773752,2025,3,regular,2025-09-13 19:00:00,Minot State,Concordia St. Paul,Northern Sun,Northern Sun,21.0,27.0,False,True,Herb Parker Stadium
401767421,2025,3,regular,2025-09-13 19:00:00,Jackson State,Tuskegee,SWAC,SIAC,30.0,0.0,False,False,Mississippi Veterans Memorial Stadium
401767098,2025,3,regular,2025-09-13 19:00:00,Montana,North Dakota,Big Sky,MVFC,24.0,23.0,False,False,Washington-Grizzly Stadium
401767173,2025,3,regular,2025-09-13 19:00:00,Eastern Illinois,Illinois State,OVC-Big South,MVFC,30.0,42.0,False,False,O'Brien Stadium
401766658,2025,3,regular,2025-09-13 19:00:00,Bowdoin,Tufts,NESCAC,NESCAC,0.0,13.0,False,True,Whittier Field
401773393,2025,3,regular,2025-09-13 19:00:00,Southern Nazarene,Southern Arkansas,Great American,Great American,18.0,26.0,False,True,Southern Nazarene University Football Stadium
401773768,2025,3,regular,2025-09-13 19:00:00,University of Mary,Augustana (SD),Northern Sun,Northern Sun,20.0,21.0,False,True,MDU Resources Community Bowl
401767341,2025,3,regular,2025-09-13 19:00:00,Delaware State,Bowie State,MEAC,CIAA,36.0,14.0,False,False,Alumni Stadium
401767106,2025,3,regular,2025-09-13 19:00:00,Montana State,San Diego,Big Sky,Pioneer,41.0,7.0,False,False,Bobcat Stadium
401757168,2025,3,regular,2025-09-13 19:00:00,Delaware,UConn,Conference USA,FBS Independents,44.0,41.0,False,False,Delaware Stadium
401762819,2025,3,regular,2025-09-13 19:30:00,Toledo,Morgan State,Mid-American,MEAC,60.0,0.0,False,False,Glass Bowl
401767217,2025,3,regular,2025-09-13 19:30:00,North Dakota State,Southeast Missouri State,MVFC,OVC-Big South,41.0,14.0,False,False,Fargodome
401752938,2025,3,regular,2025-09-13 19:30:00,Texas Tech,Oregon State,Big 12,Pac-12,45.0,14.0,False,False,Jones AT&T Stadium
401767588,2025,3,regular,2025-09-13 19:30:00,Bucknell,VMI,Patriot,Southern,35.0,28.0,False,False,Christy Mathewson-Memorial Stadium
401773911,2025,3,regular,2025-09-13 19:30:00,Upper Iowa,South Dakota Mines,Great Lakes,Rocky Mountain,58.0,14.0,False,False,Harms-Eischeid Stadium
401752835,2025,3,regular,2025-09-13 19:30:00,Penn State,Villanova,Big Ten,Coastal Athletic,52.0,6.0,False,False,Beaver Stadium
401754615,2025,3,regular,2025-09-13 19:30:00,Missouri State,SMU,Conference USA,ACC,10.0,28.0,False,False,Plaster Sports Complex
401752832,2025,3,regular,2025-09-13 19:30:00,Purdue,USC,Big Ten,Big Ten,17.0,33.0,False,True,Ross-Ade Stadium
401754639,2025,3,regular,2025-09-13 19:30:00,North Carolina,Richmond,ACC,Patriot,41.0,6.0,False,False,Kenan Stadium
401762467,2025,3,regular,2025-09-13 19:30:00,UTSA,Incarnate Word,American Athletic,Southland,48.0,20.0,False,False,Alamodome
401752833,2025,3,regular,2025-09-13 19:30:00,Rutgers,Norfolk State,Big Ten,MEAC,60.0,10.0,False,False,SHI Stadium
401756892,2025,3,regular,2025-09-13 19:30:00,Cincinnati,Northwestern State,Big 12,Southland,70.0,0.0,False,False,Nippert Stadium
401767141,2025,3,regular,2025-09-13 19:30:00,Campbell,Furman,Coastal Athletic,Southern,24.0,28.0,False,False,Barker-Lane Stadium
401767322,2025,3,regular,2025-09-13 19:30:00,Stony Brook,Fordham,Coastal Athletic,Patriot,41.0,18.0,False,False,Kenneth P. LaValle Stadium
401752949,2025,3,regular,2025-09-13 19:30:00,North Texas,Washington State,American Athletic,Pac-12,59.0,10.0,False,False,DATCU Stadium
401754638,2025,3,regular,2025-09-13 19:30:00,West Virginia,Pittsburgh,Big 12,ACC,31.0,24.0,False,False,Milan Puskar Stadium
401752834,2025,3,regular,2025-09-13 19:30:00,Michigan State,Youngstown State,Big Ten,MVFC,41.0,24.0,False,False,Spartan Stadium
401752705,2025,3,regular,2025-09-13 19:30:00,Tennessee,Georgia,SEC,SEC,41.0,44.0,False,True,Neyland Stadium
401756890,2025,3,regular,2025-09-13 20:00:00,Arkansas State,Iowa State,Sun Belt,Big 12,16.0,24.0,False,False,Centennial Bank Stadium
401777160,2025,3,regular,2025-09-13 20:00:00,Pacific Lutheran,Simpson (CA),Northwest,,42.0,16.0,False,False,Sparks Stadium
401767090,2025,3,regular,2025-09-13 20:00:00,Idaho,Utah Tech,Big Sky,UAC,20.0,6.0,False,False,Kibbie Dome
401767161,2025,3,regular,2025-09-13 20:00:00,Charleston Southern,Lindenwood,OVC-Big South,OVC-Big South,28.0,35.0,False,True,Buccaneer Field
401773705,2025,3,regular,2025-09-13 20:00:00,Lake Erie,Wheeling,Great Midwest Athletic,Mountain East,31.0,35.0,False,False,Jack Britt Memorial Stadium
401773840,2025,3,regular,2025-09-13 20:00:00,IU Pennsylvania,Lock Haven,Pennsylvania State Athletic,Pennsylvania State Athletic,42.0,10.0,False,True,George P. Miller Stadium
401777139,2025,3,regular,2025-09-13 20:00:00,Lewis & Clark,George Fox,Northwest,Northwest,38.0,10.0,False,True,Griswold Stadium
401777003,2025,3,regular,2025-09-13 20:00:00,UMass Dartmouth,Fitchburg State,MSCAC,MSCAC,25.0,24.0,False,True,Cressy Field
401777172,2025,3,regular,2025-09-13 20:00:00,Eastern Oregon,Whitworth,,Northwest,16.0,10.0,True,False,
401777191,2025,3,regular,2025-09-13 20:00:00,Ohio Northern,Heidelberg,Ohio,Ohio,33.0,13.0,False,True,Dial-Roberson Stadium
401777153,2025,3,regular,2025-09-13 20:00:00,Willamette,Pacific (OR),Northwest,Northwest,0.0,42.0,False,True,McCulloch Stadium
401773073,2025,3,regular,2025-09-13 20:00:00,Edward Waters,Virginia Union,SIAC,CIAA,41.0,38.0,False,False,Earl Kitchings Stadium
401752706,2025,3,regular,2025-09-13 20:15:00,Texas,UTEP,SEC,Conference USA,27.0,10.0,False,False,DKR-Texas Memorial Stadium
401754535,2025,3,regular,2025-09-13 20:30:00,Miami,South Florida,ACC,American Athletic,49.0,12.0,False,False,Hard Rock Stadium
401767225,2025,3,regular,2025-09-13 20:30:00,Tennessee State,Alabama A&M,OVC-Big South,SWAC,21.0,23.0,False,False,Nissan Stadium
401773463,2025,3,regular,2025-09-13 21:00:00,Pittsburg State,Grand Valley State,Mid America,GLIAC,17.0,14.0,False,False,Carnie Smith Stadium
401767360,2025,3,regular,2025-09-13 21:00:00,Alabama State,Miles,SWAC,SIAC,37.0,9.0,False,False,Hornet Stadium
401767060,2025,3,regular,2025-09-13 21:00:00,Northern Iowa,Eastern Washington,MVFC,Big Sky,17.0,14.0,False,False,UNI-Dome
401773782,2025,3,regular,2025-09-13 21:00:00,Minnesota Duluth,Minnesota State,Northern Sun,Northern Sun,17.0,14.0,False,True,James S. Malosky Stadium
401757256,2025,3,regular,2025-09-13 21:00:00,Bowling Green,Liberty,Mid-American,Conference USA,23.0,13.0,False,False,Doyt L. Perry Stadium
401757258,2025,3,regular,2025-09-13 21:00:00,Nevada,Middle Tennessee,Mountain West,Conference USA,13.0,14.0,False,False,Mackay Stadium
401777301,2025,3,regular,2025-09-13 21:30:00,Lyon,Arkansas Baptist,Southern Collegiate Athletic,,19.0,20.0,False,False,Pioneer Stadium
401774228,2025,3,regular,2025-09-13 22:00:00,Methodist,Guilford,USA South,Old Dominion,40.0,42.0,False,False,Monarch Stadium
401773864,2025,3,regular,2025-09-13 22:00:00,Slippery Rock,Shepherd,Pennsylvania State Athletic,Pennsylvania State Athletic,35.0,28.0,False,True,Mihalik-Thompson Stadium
401773928,2025,3,regular,2025-09-13 22:00:00,Catawba,UVA Wise,South Atlantic,South Atlantic,44.0,34.0,False,True,Shuford Stadium
401774209,2025,3,regular,2025-09-13 22:00:00,Averett,Southern Virginia,Old Dominion,USA South,14.0,46.0,False,False,Daly Field at Frank R. Campbell Stadium
401773944,2025,3,regular,2025-09-13 22:00:00,Lenoir Rhyne,Emory & Henry,South Atlantic,South Atlantic,31.0,28.0,False,True,Helen and Leonard Moretz Stadium
401773980,2025,3,regular,2025-09-13 22:00:00,Allen,Lane College,SIAC,SIAC,29.0,21.0,False,True,W.C. Hawkins Stadium
401773143,2025,3,regular,2025-09-13 22:00:00,West Florida,Shorter,Gulf South,Carolinas,42.0,20.0,False,True,Pen-Air Field
401777086,2025,3,regular,2025-09-13 22:00:00,Hiram,Oberlin,Presidents',North Coast,58.0,21.0,False,True,Charles A. Henry Field
401767300,2025,3,regular,2025-09-13 22:00:00,West Georgia,East Tennessee State,UAC,Southern,35.0,31.0,False,False,University Stadium (GA)
401767380,2025,3,regular,2025-09-13 22:00:00,Arkansas-Pine Bluff,Lincoln (CA),SWAC,Independent DII,34.0,8.0,False,False,Golden Lion Stadium
401757233,2025,3,regular,2025-09-13 22:00:00,Florida International,Florida Atlantic,Conference USA,American Athletic,38.0,28.0,False,False,Pitbull Stadium
401761606,2025,3,regular,2025-09-13 22:00:00,Marshall,Eastern Kentucky,Sun Belt,UAC,38.0,7.0,False,False,Joan C. Edwards Stadium
401762464,2025,3,regular,2025-09-13 22:00:00,Charlotte,Monmouth,American Athletic,Coastal Athletic,42.0,35.0,False,False,Jerry Richardson Stadium
401773509,2025,3,regular,2025-09-13 22:00:00,Ferris State,Tiffin,GLIAC,Great Midwest Athletic,41.0,34.0,False,False,Top Taggart Field
401783234,2025,3,regular,2025-09-13 22:00:00,Wingate,Bluefield State,South Atlantic,CIAA,72.0,7.0,False,False,Irwin Belk Stadium
401767388,2025,3,regular,2025-09-13 22:00:00,South Carolina State,Bethune-Cookman,MEAC,SWAC,55.0,41.0,False,False,Oliver C. Dawson Stadium
401774058,2025,3,regular,2025-09-13 22:00:00,Utica,Rensselaer,Empire 8,Liberty League,41.0,14.0,False,False,Charles A. Gaetano Stadium
401767190,2025,3,regular,2025-09-13 22:00:00,Maine,Stonehill,Coastal Athletic,NEC,10.0,13.0,False,False,Alfond Stadium
401767762,2025,3,regular,2025-09-13 22:00:00,Robert Morris,West Liberty,NEC,Mountain East,28.0,14.0,False,False,Joe Walton Stadium
401767411,2025,3,regular,2025-09-13 22:00:00,North Carolina Central,Fayetteville State,MEAC,CIAA,49.0,19.0,False,False,O'Kelly-Riddick Stadium
401773490,2025,3,regular,2025-09-13 22:00:00,Saginaw Valley State,Northwood,GLIAC,Great Midwest Athletic,14.0,38.0,False,False,Harvey Randall Wickes Memorial Stadium
401773716,2025,3,regular,2025-09-13 22:00:00,Franklin Pierce,Pace,Northeast 10,Northeast 10,30.0,6.0,False,True,Sodexo Field
401773058,2025,3,regular,2025-09-13 22:00:00,Winston-Salem State,Lincoln (PA),CIAA,CIAA,51.0,14.0,False,True,Bowman Gray Stadium
401767529,2025,3,regular,2025-09-13 22:00:00,Chattanooga,Stetson,Southern,Pioneer,63.0,0.0,False,False,Finley Stadium
401757235,2025,3,regular,2025-09-13 22:00:00,Kennesaw State,Merrimack,Conference USA,FCS Independents,27.0,13.0,False,False,Fifth Third Stadium
401752701,2025,3,regular,2025-09-13 22:00:00,Mississippi State,Alcorn State,SEC,SWAC,63.0,0.0,False,False,Davis Wade Stadium
401767030,2025,3,regular,2025-09-13 22:00:00,Bryant,Bentley,Coastal Athletic,Northeast 10,42.0,6.0,False,False,Bulldog Stadium
401767573,2025,3,regular,2025-09-13 22:00:00,Mercer,Wofford,Southern,Southern,22.0,21.0,False,True,Five Star Stadium at the Moye Complex
401752829,2025,3,regular,2025-09-13 23:00:00,Illinois,Western Michigan,Big Ten,Mid-American,38.0,0.0,False,False,"Memorial Stadium (Champaign, IL)"
401761605,2025,3,regular,2025-09-13 23:00:00,Georgia State,Murray State,Sun Belt,MVFC,37.0,21.0,False,False,Center Parc Stadium
401762466,2025,3,regular,2025-09-13 23:00:00,Rice,Prairie View A&M,American Athletic,SWAC,38.0,17.0,False,False,Rice Stadium
401767159,2025,3,regular,2025-09-13 23:00:00,McNeese,Weber State,Southland,Big Sky,41.0,42.0,False,False,Cowboy Stadium
401752827,2025,3,regular,2025-09-13 23:00:00,Ohio State,Ohio,Big Ten,Mid-American,37.0,9.0,False,False,Ohio Stadium
401757234,2025,3,regular,2025-09-13 23:00:00,Georgia Southern,Jacksonville State,Sun Belt,Conference USA,41.0,34.0,False,False,Allen E. Paulson Stadium
401767395,2025,3,regular,2025-09-13 23:00:00,Grambling,Kentucky State,SWAC,SIAC,37.0,31.0,False,False,Eddie Robinson Stadium
401777243,2025,3,regular,2025-09-13 23:00:00,Geneva,Shenandoah,Presidents',Old Dominion,28.0,29.0,False,False,Reeves Field (PA)
401773760,2025,3,regular,2025-09-13 23:00:00,Northern State,Wayne State (NE),Northern Sun,Northern Sun,26.0,7.0,False,True,Swisher Field
401774463,2025,3,regular,2025-09-13 23:00:00,Millsaps,Centenary (LA),Southern Athletic,Southern Collegiate Athletic,56.0,14.0,False,False,Harper Davis Field
401777201,2025,3,regular,2025-09-13 23:00:00,Marietta,Otterbein,Ohio,Ohio,47.0,31.0,False,True,Don Drumm Stadium
401777294,2025,3,regular,2025-09-13 23:00:00,Rhodes,Austin,Southern Athletic,Southern Collegiate Athletic,31.0,17.0,False,False,Crain Field
401767458,2025,3,regular,2025-09-13 23:00:00,Texas Southern,Lamar,SWAC,Southland,7.0,31.0,False,False,BBVA Compass Stadium
401773425,2025,3,regular,2025-09-13 23:00:00,Missouri Western,Missouri S&T,Mid America,Great Lakes,27.0,10.0,False,False,Craig Field at Spratt Memorial Stadium
401769832,2025,3,regular,2025-09-13 23:00:00,Florida A&M,Albany State,SWAC,SIAC,33.0,25.0,False,False,Bragg Memorial Stadium
401783278,2025,3,regular,2025-09-13 23:00:00,UAlbany,New Haven,Coastal Athletic,NEC,17.0,24.0,False,False,Bob Ford Field
401767544,2025,3,regular,2025-09-13 23:00:00,South Dakota State,Drake,MVFC,Pioneer,37.0,21.0,False,False,Dana J. Dykhouse Stadium
401767248,2025,3,regular,2025-09-13 23:00:00,Austin Peay,Morehead State,UAC,Pioneer,56.0,7.0,False,False,Governors Stadium
401767426,2025,3,regular,2025-09-13 23:00:00,SE Louisiana,Mississippi Valley State,Southland,SWAC,56.0,3.0,False,False,Strawberry Stadium
401767235,2025,3,regular,2025-09-13 23:00:00,UT Martin,Southern Illinois,OVC-Big South,MVFC,10.0,37.0,False,False,Graham Stadium
401767181,2025,3,regular,2025-09-13 23:00:00,North Carolina A&T,Hampton,Coastal Athletic,Coastal Athletic,33.0,30.0,False,True,Aggie Stadium
401767202,2025,3,regular,2025-09-13 23:00:00,Gardner-Webb,The Citadel,OVC-Big South,Southern,23.0,13.0,False,False,Ernest W. Spangler Stadium
401773180,2025,3,regular,2025-09-13 23:00:00,Benedictine (IL),Loras,NACC,American Rivers,20.0,13.0,False,False,Village of Lisle-Benedictine University Sports Complex
401773105,2025,3,regular,2025-09-13 23:00:00,North Greenville,Barton,Carolinas,Carolinas,41.0,28.0,False,False,Younts Stadium
401767639,2025,3,regular,2025-09-13 23:00:00,Presbyterian,Erskine,Pioneer,Carolinas,42.0,14.0,False,False,Bailey Memorial Stadium
401752700,2025,3,regular,2025-09-13 23:00:00,Ole Miss,Arkansas,SEC,SEC,41.0,35.0,False,True,Vaught-Hemingway Stadium
401767285,2025,3,regular,2025-09-13 23:00:00,North Alabama,Northeastern State,UAC,Independent DII,49.0,21.0,False,False,Braly Municipal Stadium
401754536,2025,3,regular,2025-09-13 23:00:00,Virginia Tech,Old Dominion,ACC,Sun Belt,26.0,45.0,False,False,Lane Stadium
401761607,2025,3,regular,2025-09-13 23:00:00,Southern Miss,App State,Sun Belt,Sun Belt,38.0,22.0,False,True,M. M. Roberts Stadium
401767305,2025,3,regular,2025-09-13 23:00:00,Central Arkansas,Tarleton State,UAC,UAC,10.0,56.0,False,True,Estes Stadium
401773449,2025,3,regular,2025-09-13 23:00:00,William Jewell,Kentucky Wesleyan,Great Lakes,Great Midwest Athletic,48.0,21.0,False,False,Liberty North High School
401776774,2025,3,regular,2025-09-13 23:00:00,Bethel (MN),Northwestern (MN),Minnesota,Upper Midwest,50.0,3.0,False,False,Royal Stadium
401773173,2025,3,regular,2025-09-13 23:00:00,Dubuque,Wisconsin Platteville,American Rivers,Wisconsin,27.0,56.0,False,False,Chalmers Field
401788912,2025,3,regular,2025-09-13 23:00:00,East Texas Baptist,Oklahoma Panhandle,American Southwest,Independent DII,28.0,0.0,False,False,Ornelas Stadium
401774121,2025,3,regular,2025-09-13 23:00:00,Trine,Rose Hulman,Michigan,Heartland,27.0,10.0,False,False,Fred Zollner Athletic Stadium
401778033,2025,3,regular,2025-09-13 23:00:00,Trinity (TX),Belhaven,Southern Athletic,USA South,49.0,0.0,False,False,Trinity University Stadium
401773209,2025,3,regular,2025-09-13 23:00:00,Hardin Simmons,McMurry,American Southwest,Southern Collegiate Athletic,24.0,19.0,False,False,Shelton Stadium
401767237,2025,3,regular,2025-09-13 23:00:00,Western Illinois,Valparaiso,OVC-Big South,Pioneer,51.0,30.0,False,False,Hanson Field
401773259,2025,3,regular,2025-09-13 23:00:00,Texas Lutheran,Howard Payne,Southern Collegiate Athletic,American Southwest,18.0,28.0,False,False,Bulldog Stadium (TX)
401773343,2025,3,regular,2025-09-13 23:00:00,Arkansas Monticello,East Central,Great American,Great American,13.0,38.0,False,True,Convoy Leslie Cotton Boll Stadium
401773956,2025,3,regular,2025-09-13 23:00:00,Newberry,Point University,South Atlantic,,49.0,0.0,False,False,Setzler Field
401774344,2025,3,regular,2025-09-13 23:00:00,Centre,DePauw,Southern Athletic,North Coast,14.0,35.0,False,False,Farris Stadium
401774336,2025,3,regular,2025-09-13 23:30:00,LaGrange,Berry,USA South,Southern Athletic,0.0,48.0,False,False,Callaway Stadium
401752707,2025,3,regular,2025-09-13 23:30:00,Notre Dame,Texas A&M,FBS Independents,SEC,40.0,41.0,False,False,Notre Dame Stadium
401752830,2025,3,regular,2025-09-13 23:30:00,Iowa,Massachusetts,Big Ten,Mid-American,47.0,7.0,False,False,Kinnick Stadium
401761604,2025,3,regular,2025-09-13 23:30:00,Coastal Carolina,East Carolina,Sun Belt,American Athletic,0.0,38.0,False,False,Brooks Stadium (SC)
401752698,2025,3,regular,2025-09-13 23:30:00,Kentucky,Eastern Michigan,SEC,Mid-American,48.0,23.0,False,False,Kroger Field
401757257,2025,3,regular,2025-09-13 23:30:00,Louisiana Tech,New Mexico State,Conference USA,Conference USA,49.0,14.0,False,True,Joe Aillet Stadium
401752699,2025,3,regular,2025-09-13 23:30:00,LSU,Florida,SEC,SEC,20.0,10.0,False,True,Tiger Stadium (LA)
401752704,2025,3,regular,2025-09-13 23:45:00,South Carolina,Vanderbilt,SEC,SEC,7.0,31.0,False,True,Williams-Brice Stadium
401767524,2025,3,regular,2025-09-14 00:00:00,Stephen F. Austin,Sul Ross State,Southland,Lone Star,63.0,0.0,False,False,Homer Bryce Stadium
401762465,2025,3,regular,2025-09-14 00:00:00,Tulsa,Navy,American Athletic,American Athletic,23.0,42.0,False,True,Chapman Stadium
401756894,2025,3,regular,2025-09-14 00:00:00,TCU,Abilene Christian,Big 12,UAC,42.0,21.0,False,False,Amon G. Carter Stadium
401754534,2025,3,regular,2025-09-14 00:00:00,Tulane,Duke,American Athletic,ACC,34.0,27.0,False,False,Yulman Stadium
401767071,2025,3,regular,2025-09-14 00:00:00,Cal Poly,Western Oregon,Big Sky,Lone Star,56.0,7.0,False,False,Alex G. Spanos Stadium
401773385,2025,3,regular,2025-09-14 00:00:00,Ouachita Baptist,Southeastern Oklahoma State,Great American,Great American,41.0,21.0,False,True,Cliff Harris Stadium
401773370,2025,3,regular,2025-09-14 00:00:00,Oklahoma Baptist,Henderson State,Great American,Great American,14.0,28.0,False,True,Crain Family Stadium
401773536,2025,3,regular,2025-09-14 00:00:00,Eastern New Mexico,Angelo State,Lone Star,Lone Star,20.0,31.0,False,True,Al Whitehead Field at Greyhound Stadium
401773581,2025,3,regular,2025-09-14 00:00:00,Western New Mexico,West Texas,Lone Star,Lone Star,27.0,58.0,False,True,Ben Altamirano Field
401756895,2025,3,regular,2025-09-14 00:00:00,Wyoming,Utah,Mountain West,Big 12,6.0,31.0,False,False,War Memorial Stadium
401773880,2025,3,regular,2025-09-14 00:00:00,Chadron State,Black Hills State,Rocky Mountain,Rocky Mountain,31.0,28.0,False,True,Elliott Field at Don Beebe Stadium
401773614,2025,3,regular,2025-09-14 00:00:00,Fort Hays,Nebraska Kearney,Mid America,Mid America,26.0,7.0,False,True,Lewis Field Stadium
401778030,2025,3,regular,2025-09-14 00:00:00,Westminster (MO),Eureka,Upper Midwest,NACC,29.0,6.0,False,False,Blue Jay Stadium
401767527,2025,3,regular,2025-09-14 00:00:00,UT Rio Grande Valley,Langston,Southland,,80.0,0.0,False,False,Robert and Janet Vackar Stadium
401777167,2025,3,regular,2025-09-14 00:00:00,Southwestern U,Puget Sound,Southern Athletic,Northwest,51.0,43.0,False,False,Birkelbach Field
401767113,2025,3,regular,2025-09-14 00:30:00,Southern Utah,Northern Arizona,UAC,Big Sky,49.0,52.0,False,False,Eccles Coliseum
401762463,2025,3,regular,2025-09-14 00:30:00,UAB,Akron,American Athletic,Mid-American,31.0,28.0,False,False,Protective Stadium
401767131,2025,3,regular,2025-09-14 01:00:00,Sacramento State,Mercyhurst,Big Sky,NEC,49.0,28.0,False,False,Hornet Stadium
401760368,2025,3,regular,2025-09-14 01:45:00,Utah State,Air Force,Mountain West,Mountain West,49.0,30.0,False,True,Maverik Stadium
401760369,2025,3,regular,2025-09-14 02:00:00,Fresno State,Southern,Mountain West,SWAC,56.0,7.0,False,False,Valley Children's Stadium
401756889,2025,3,regular,2025-09-14 02:30:00,Arizona State,Texas State,Big 12,Sun Belt,34.0,15.0,False,False,Mountain America Stadium
401752840,2025,3,regular,2025-09-14 02:30:00,California,Minnesota,ACC,Big Ten,27.0,14.0,False,False,California Memorial Stadium
401754533,2025,3,regular,2025-09-14 02:30:00,Stanford,Boston College,ACC,ACC,30.0,20.0,False,True,Stanford Stadium
401760370,2025,3,regular,2025-09-14 03:59:00,Hawai'i,Portland State,Mountain West,Big Sky,23.0,3.0,False,False,Clarence T.C. Ching Athletics Complex
401773988,2025,4,regular,2025-09-18 23:00:00,Benedict,Tuskegee,SIAC,SIAC,45.0,24.0,False,True,Charlie W. Johnson Stadium
401762468,2025,4,regular,2025-09-18 23:30:00,Charlotte,Rice,American Athletic,American Athletic,17.0,28.0,False,True,Jerry Richardson Stadium
401773708,2025,4,regular,2025-09-19 22:00:00,Assumption,Saint Anselm,Northeast 10,Northeast 10,30.0,8.0,False,True,Multi-Sport Stadium
401767679,2025,4,regular,2025-09-19 22:00:00,Lafayette,Columbia,Patriot,Ivy,38.0,14.0,False,False,Fisher Field
401756900,2025,4,regular,2025-09-19 23:30:00,Oklahoma State,Tulsa,Big 12,American Athletic,12.0,19.0,False,False,Boone Pickens Stadium
401752844,2025,4,regular,2025-09-20 00:00:00,Rutgers,Iowa,Big Ten,Big Ten,28.0,38.0,False,True,SHI Stadium
401777981,2025,4,regular,2025-09-20 16:00:00,Pace,Post,Northeast 10,Northeast 10,19.0,27.0,False,True,Pace Stadium
401767726,2025,4,regular,2025-09-20 16:00:00,Yale,Holy Cross,Ivy,Patriot,28.0,10.0,False,False,Yale Bowl
401767551,2025,4,regular,2025-09-20 16:00:00,Brown,Georgetown,Ivy,Patriot,46.0,0.0,False,False,Brown Stadium
401754537,2025,4,regular,2025-09-20 16:00:00,Clemson,Syracuse,ACC,ACC,21.0,34.0,False,True,"Memorial Stadium (Clemson, SC)"
401773510,2025,4,regular,2025-09-20 16:00:00,Ohio Dominican,Tiffin,Great Midwest Athletic,Great Midwest Athletic,20.0,14.0,False,True,Panther Stadium (OH)
401800975,2025,4,regular,2025-09-20 16:00:00,Endicott,SUNY Maritime,Commonwealth Coast,NEWMAC,41.0,7.0,False,False,Hempstead Stadium
401774199,2025,4,regular,2025-09-20 16:00:00,Mary Hardin Baylor,Wisconsin Whitewater,American Southwest,Wisconsin,6.0,26.0,False,False,Crusader Stadium
401754642,2025,4,regular,2025-09-20 16:00:00,Louisville,Bowling Green,ACC,Mid-American,40.0,17.0,False,False,L&N Federal Credit Union Stadium
401774132,2025,4,regular,2025-09-20 16:00:00,Vermont State Castleton,New England,New Jersey,Commonwealth Coast,8.0,35.0,False,False,Dave Wolk Stadium
401774435,2025,4,regular,2025-09-20 16:00:00,Albion,Rose Hulman,Michigan,Heartland,25.0,17.0,False,False,Sprankle-Sprandel Stadium
401777004,2025,4,regular,2025-09-20 16:00:00,Fitchburg State,New England College,MSCAC,,48.0,0.0,False,False,Elliot Field Athletic Complex
401777997,2025,4,regular,2025-09-20 16:00:00,Wilkes,Muhlenberg,Landmark Conference,Centennial,18.0,26.0,False,False,Schmidt Stadium
401762469,2025,4,regular,2025-09-20 16:00:00,Army,North Texas,American Athletic,American Athletic,38.0,45.0,False,True,Michie Stadium
401762470,2025,4,regular,2025-09-20 16:00:00,South Florida,South Carolina State,American Athletic,MEAC,63.0,14.0,False,False,Raymond James Stadium
401756901,2025,4,regular,2025-09-20 16:00:00,Utah,Texas Tech,Big 12,Big 12,10.0,34.0,False,True,Rice-Eccles Stadium
401752845,2025,4,regular,2025-09-20 16:00:00,Wisconsin,Maryland,Big Ten,Big Ten,10.0,27.0,False,True,Camp Randall Stadium
401773504,2025,4,regular,2025-09-20 16:00:00,Northwood,Thomas More,Great Midwest Athletic,Great Midwest Athletic,10.0,6.0,False,True,Hantz Stadium
401773144,2025,4,regular,2025-09-20 16:00:00,Shorter,Virginia Lynchburg,Carolinas,,57.0,20.0,False,False,Barron Stadium
401783331,2025,4,regular,2025-09-20 16:00:00,Albright,Delaware Valley,Mid Atlantic,Mid Atlantic,28.0,35.0,False,True,Gene L. Shirk Stadium
401774112,2025,4,regular,2025-09-20 16:00:00,Rensselaer,Brockport,Liberty League,Empire 8,30.0,24.0,False,False,ECAV Stadium
401774337,2025,4,regular,2025-09-20 16:00:00,Carnegie Mellon,Berry,Presidents',Southern Athletic,17.0,9.0,False,False,Gesling Stadium
401774220,2025,4,regular,2025-09-20 16:00:00,North Carolina Wesleyan,Sewanee,USA South,Southern Athletic,0.0,33.0,False,False,Bishop Stadium
401773811,2025,4,regular,2025-09-20 16:00:00,California (PA),Lock Haven,Pennsylvania State Athletic,Pennsylvania State Athletic,42.0,6.0,False,True,Adamson Stadium
401767644,2025,4,regular,2025-09-20 16:00:00,Princeton,San Diego,Ivy,Pioneer,35.0,42.0,False,False,Princeton University Stadium
401752708,2025,4,regular,2025-09-20 16:00:00,Memphis,Arkansas,American Athletic,SEC,32.0,31.0,False,False,Simmons Bank Liberty Stadium
401773260,2025,4,regular,2025-09-20 16:00:00,Howard Payne,Wayland Baptist,American Southwest,,18.0,21.0,False,False,Gordon Wood Stadium
401760376,2025,4,regular,2025-09-20 16:00:00,Miami (OH),UNLV,Mid-American,Mountain West,38.0,41.0,False,False,Yager Stadium
401754636,2025,4,regular,2025-09-20 16:00:00,TCU,SMU,Big 12,ACC,35.0,24.0,False,False,Amon G. Carter Stadium
401773288,2025,4,regular,2025-09-20 16:00:00,Dean,Westfield State,MSCAC,MSCAC,6.0,48.0,False,False,Dale Lippert Field
401773835,2025,4,regular,2025-09-20 16:00:00,Kutztown,Gannon,Pennsylvania State Athletic,Pennsylvania State Athletic,46.0,7.0,False,True,Andre Reed Stadium
401774013,2025,4,regular,2025-09-20 16:00:00,Morgan State,Central State,MEAC,SIAC,27.0,0.0,False,False,Hughes Stadium
401783302,2025,4,regular,2025-09-20 16:00:00,Western New England,Worcester State,Commonwealth Coast,MSCAC,48.0,13.0,False,False,Golden Bear Stadium
401754617,2025,4,regular,2025-09-20 16:00:00,Virginia Tech,Wofford,ACC,Southern,38.0,6.0,False,False,Lane Stadium
401786376,2025,4,regular,2025-09-20 16:00:00,Framingham State,UMass Dartmouth,MSCAC,MSCAC,14.0,10.0,False,True,Bowditch Field
401783915,2025,4,regular,2025-09-20 16:00:00,Bridgewater State,Plymouth State,MSCAC,MSCAC,21.0,42.0,False,True,Edward C. Swenson Athletic Complex
401774399,2025,4,regular,2025-09-20 16:30:00,Olivet,Bluffton,Michigan,Heartland,28.0,37.0,False,False,Cutler Field
401778034,2025,4,regular,2025-09-20 16:30:00,Belhaven,Wisconsin River Falls,USA South,Wisconsin,0.0,65.0,False,False,Belhaven Bowl Stadium
401752715,2025,4,regular,2025-09-20 16:45:00,Tennessee,UAB,SEC,American Athletic,56.0,24.0,False,False,Neyland Stadium
401777304,2025,4,regular,2025-09-20 17:00:00,Crown,Minnesota Morris,Upper Midwest,Upper Midwest,30.0,20.0,False,True,Old National Bank Stadium
401773669,2025,4,regular,2025-09-20 17:00:00,Fairmont State,Wheeling,Mountain East,Mountain East,28.0,35.0,False,True,Duvall-Rosier Field
401773649,2025,4,regular,2025-09-20 17:00:00,Charleston (WV),Concord,Mountain East,Mountain East,38.0,24.0,False,True,University of Charleston Stadium
401773498,2025,4,regular,2025-09-20 17:00:00,Kentucky Wesleyan,Walsh,Great Midwest Athletic,Great Midwest Athletic,7.0,31.0,False,True,Steele Stadium
401767772,2025,4,regular,2025-09-20 17:00:00,Stonehill,Pennsylvania,NEC,Ivy,21.0,24.0,False,False,W.B. Mason Stadium
401762822,2025,4,regular,2025-09-20 17:00:00,Central Michigan,Wagner,Mid-American,NEC,49.0,10.0,False,False,Kelly/Shorts Stadium
401774053,2025,4,regular,2025-09-20 17:00:00,Union,SUNY Morrisville,Liberty League,Empire 8,31.0,7.0,False,False,Frank Bailey Field
401774038,2025,4,regular,2025-09-20 17:00:00,Rochester (NY),St. John Fisher,Liberty League,Empire 8,28.0,21.0,False,False,Edwin Fauver Stadium
401773937,2025,4,regular,2025-09-20 17:00:00,Carson Newman,Lenoir Rhyne,South Atlantic,South Atlantic,24.0,7.0,False,True,Burke-Tarr Stadium
401773453,2025,4,regular,2025-09-20 17:00:00,Northern Michigan,Davenport,GLIAC,GLIAC,16.0,35.0,False,True,Superior Dome
401766672,2025,4,regular,2025-09-20 17:00:00,Amherst,Hamilton,NESCAC,NESCAC,23.0,13.0,False,True,Pratt Field at Lehrman Stadium
401774183,2025,4,regular,2025-09-20 17:00:00,Wisconsin Platteville,Springfield,Wisconsin,NEWMAC,28.0,12.0,False,False,Ralph E. Davis Pioneer Stadium
401766670,2025,4,regular,2025-09-20 17:00:00,Williams,Colby,NESCAC,NESCAC,38.0,0.0,False,True,Farley-Lamb Field
401773066,2025,4,regular,2025-09-20 17:00:00,Winston-Salem State,Virginia State,CIAA,CIAA,33.0,34.0,False,True,Bowman Gray Stadium
401774415,2025,4,regular,2025-09-20 17:00:00,Alma,Hanover,Michigan,Heartland,23.0,24.0,False,False,Bahlke Field
401767258,2025,4,regular,2025-09-20 17:00:00,Monmouth,Villanova,Coastal Athletic,Coastal Athletic,51.0,33.0,False,True,Kessler Stadium
401777229,2025,4,regular,2025-09-20 17:00:00,Hampden Sydney,Shenandoah,Old Dominion,Old Dominion,42.0,7.0,False,True,Lewis C. Everett Stadium
401767672,2025,4,regular,2025-09-20 17:00:00,Colgate,Fordham,Patriot,Patriot,44.0,21.0,False,True,Andy Kerr Stadium
401774005,2025,4,regular,2025-09-20 17:00:00,Morehouse,Kentucky State,SIAC,SIAC,17.0,35.0,False,True,B.T. Harvey Stadium
401767640,2025,4,regular,2025-09-20 17:00:00,Presbyterian,BLUEFIELD,Pioneer,,76.0,3.0,False,False,Bailey Memorial Stadium
401773297,2025,4,regular,2025-09-20 17:00:00,St. Lawrence,Alfred,Liberty League,Empire 8,13.0,35.0,False,False,Leckonby Stadium
401777219,2025,4,regular,2025-09-20 17:00:00,Gallaudet,Averett,Old Dominion,Old Dominion,39.0,30.0,False,False,Hotchkiss Field
401783283,2025,4,regular,2025-09-20 17:00:00,Moravian,Ursinus,Landmark Conference,Centennial,7.0,35.0,False,False,Rocco Calvo Field
401777198,2025,4,regular,2025-09-20 17:00:00,John Carroll,Oberlin,Ohio,North Coast,63.0,0.0,False,False,Don Shula Stadium at Wasmer Field
401766669,2025,4,regular,2025-09-20 17:00:00,Middlebury,Bowdoin,NESCAC,NESCAC,31.0,10.0,False,True,Alumni Stadium (VT)
401773491,2025,4,regular,2025-09-20 17:00:00,New Haven,Saginaw Valley State,NEC,GLIAC,35.0,28.0,False,False,Ralph F. DellaCamera Stadium
401774059,2025,4,regular,2025-09-20 17:00:00,Hobart,Utica,Liberty League,Empire 8,20.0,17.0,False,False,Boswell Field at David J. Urick Stadium
401777078,2025,4,regular,2025-09-20 17:00:00,DePauw,Kenyon,North Coast,North Coast,35.0,14.0,False,True,Blackstock Stadium
401776995,2025,4,regular,2025-09-20 17:00:00,Widener,Misericordia,Mid Atlantic,Mid Atlantic,7.0,21.0,False,True,Leslie C. Quick Jr. Stadium
401776985,2025,4,regular,2025-09-20 17:00:00,Lebanon Valley,Eastern,Mid Atlantic,Mid Atlantic,24.0,21.0,False,True,Arnold Field (PA)
401773726,2025,4,regular,2025-09-20 17:00:00,Southern Connecticut State,American International,Northeast 10,Northeast 10,10.0,3.0,False,True,Jess Dow Field
401774430,2025,4,regular,2025-09-20 17:00:00,Hope,Mount St Joseph,Michigan,Heartland,31.0,28.0,False,False,Ray and Sue Smith Stadium
401773678,2025,4,regular,2025-09-20 17:00:00,Frostburg State,West Liberty,Mountain East,Mountain East,21.0,7.0,False,True,Bobcat Stadium (MD)
401774074,2025,4,regular,2025-09-20 17:00:00,Susquehanna,Johns Hopkins,Landmark Conference,Centennial,22.0,40.0,False,False,Amos Alonzo Stagg Field (PA)
401767342,2025,4,regular,2025-09-20 17:00:00,Saint Francis,Delaware State,NEC,MEAC,10.0,39.0,False,False,DeGol Field
401767653,2025,4,regular,2025-09-20 17:00:00,Stetson,Harvard,Pioneer,Ivy,7.0,59.0,False,False,Spec Martin Municipal Stadium
401766668,2025,4,regular,2025-09-20 17:00:00,Trinity (CT),Bates,NESCAC,NESCAC,30.0,13.0,False,True,Jessee/Miller Field
401767267,2025,4,regular,2025-09-20 17:00:00,Dartmouth,New Hampshire,Ivy,Coastal Athletic,27.0,20.0,False,False,Memorial Field
401774064,2025,4,regular,2025-09-20 17:00:00,Franklin & Marshall,Catholic,Centennial,Landmark Conference,42.0,7.0,False,False,Shadek Stadium
401773918,2025,4,regular,2025-09-20 17:00:00,Mars Hill,Anderson (SC),South Atlantic,South Atlantic,21.0,14.0,False,True,Meares Stadium
401773820,2025,4,regular,2025-09-20 17:00:00,Clarion,Shepherd,Pennsylvania State Athletic,Pennsylvania State Athletic,51.0,38.0,False,True,"Memorial Stadium (Clarion, PA)"
401773744,2025,4,regular,2025-09-20 17:00:00,Minnesota St Moorhead,Wayne State (NE),Northern Sun,Northern Sun,17.0,27.0,False,True,Scheels Field at Nemzek Stadium
401777991,2025,4,regular,2025-09-20 17:00:00,Lycoming,Dickinson,Landmark Conference,Centennial,29.0,52.0,False,False,David Person Field
401774210,2025,4,regular,2025-09-20 17:00:00,Keystone,Southern Virginia,Independent DIII,USA South,0.0,42.0,False,False,Athletic Field Complex
401773278,2025,4,regular,2025-09-20 17:00:00,Mass Maritime,Anna Maria College,MSCAC,MSCAC,27.0,33.0,False,False,Clean Harbors Stadium
401783349,2025,4,regular,2025-09-20 17:00:00,King's,FDU Florham,Mid Atlantic,Mid Atlantic,27.0,21.0,False,True,McCarthy Stadium (Wilkes Barre)
401773167,2025,4,regular,2025-09-20 17:00:00,Ashland,Hillsdale,Great Midwest Athletic,Great Midwest Athletic,26.0,9.0,False,True,Jack Miller Stadium
401767286,2025,4,regular,2025-09-20 17:00:00,Illinois State,North Alabama,MVFC,UAC,38.0,36.0,False,False,Hancock Stadium
401773605,2025,4,regular,2025-09-20 17:00:00,Nebraska Kearney,Emporia State,Mid America,Mid America,34.0,20.0,False,True,Ron & Carol Cope Stadium at Foster Field
401773081,2025,4,regular,2025-09-20 17:00:00,Elizabeth City State,Fayetteville State,CIAA,CIAA,8.0,51.0,False,True,Roebuck Stadium
401774301,2025,4,regular,2025-09-20 17:00:00,Husson,WPI,Commonwealth Coast,NEWMAC,13.0,15.0,False,False,Dr. John W. Winkin Sports Complex
401773059,2025,4,regular,2025-09-20 17:00:00,Lincoln (PA),Shaw,CIAA,CIAA,21.0,36.0,False,True,Lincoln University Stadium
401773697,2025,4,regular,2025-09-20 17:00:00,West Virginia Wesleyan,West Virginia State,Mountain East,Mountain East,16.0,45.0,False,True,Cebe Ross Field
401783339,2025,4,regular,2025-09-20 17:00:00,Alvernia,Stevenson,Mid Atlantic,Mid Atlantic,13.0,35.0,False,True,Turf Field
401778015,2025,4,regular,2025-09-20 17:00:00,William Paterson,Salve Regina,New Jersey,NEWMAC,12.0,24.0,False,False,Wightman Stadium
401774345,2025,4,regular,2025-09-20 17:00:00,LaGrange,Centre,USA South,Southern Athletic,20.0,6.0,False,False,Callaway Stadium
401774141,2025,4,regular,2025-09-20 17:00:00,Western Connecticut State,Gettysburg,Landmark Conference,Centennial,55.0,21.0,False,False,Westside Athletic Complex
401777087,2025,4,regular,2025-09-20 17:00:00,Waynesburg,Hiram,Presidents',Presidents',35.0,27.0,False,False,John F. Wiley Stadium
401774122,2025,4,regular,2025-09-20 17:15:00,Trine,Franklin,Michigan,Heartland,35.0,27.0,False,False,Fred Zollner Athletic Stadium
401777176,2025,4,regular,2025-09-20 17:30:00,Capital,Baldwin Wallace,Ohio,Ohio,7.0,44.0,False,True,Bernlohr Stadium
401777776,2025,4,regular,2025-09-20 17:30:00,Coast Guard,Nichols,NEWMAC,Commonwealth Coast,92.0,60.0,False,False,Cadet Memorial Field
401777216,2025,4,regular,2025-09-20 17:30:00,Muskingum,Wilmington (OH),Ohio,Ohio,56.0,49.0,False,True,Sherman Field at McConagha Stadium
401773783,2025,4,regular,2025-09-20 18:00:00,Jamestown,Minnesota State,Northern Sun,Northern Sun,7.0,36.0,True,False,Charlotte & Gordon Hansen Stadium
401773484,2025,4,regular,2025-09-20 18:00:00,Wisconsin Oshkosh,Roosevelt,Wisconsin,GLIAC,38.0,21.0,False,False,J.J. Keller Field at Titan Stadium
401773037,2025,4,regular,2025-09-20 18:00:00,Luther,Central College,American Rivers,American Rivers,26.0,63.0,False,True,Legacy Field in Carlson Stadium
401773234,2025,4,regular,2025-09-20 18:00:00,Lake Erie,Findlay,Great Midwest Athletic,Great Midwest Athletic,3.0,33.0,False,True,Jack Britt Memorial Stadium
401773206,2025,4,regular,2025-09-20 18:00:00,Simpson (IA),Wartburg,American Rivers,American Rivers,13.0,27.0,False,True,Bill Buxton Stadium
401776727,2025,4,regular,2025-09-20 18:00:00,St. Scholastica,Augsburg,Minnesota,Minnesota,23.0,30.0,False,True,Public Schools Stadium
401777020,2025,4,regular,2025-09-20 18:00:00,Concordia Chicago,St. Norbert,NACC,NACC,28.0,59.0,False,True,Concordia Stadium
401773789,2025,4,regular,2025-09-20 18:00:00,Sioux Falls,Minnesota Duluth,Northern Sun,Northern Sun,17.0,34.0,False,True,Bob Young Field
401774148,2025,4,regular,2025-09-20 18:00:00,Norwich,Maine Maritime,NEWMAC,Commonwealth Coast,63.0,0.0,False,False,Sabine Field at Haynes Family Stadium
401773945,2025,4,regular,2025-09-20 18:00:00,Tusculum,Emory & Henry,South Atlantic,South Atlantic,13.0,34.0,False,True,Pioneer Field (TN)
401776757,2025,4,regular,2025-09-20 18:00:00,Carleton,Macalester,Minnesota,Minnesota,51.0,7.0,False,True,Laird Stadium
401777011,2025,4,regular,2025-09-20 18:00:00,Aurora,Benedictine (IL),NACC,NACC,35.0,36.0,False,True,Vago Field
401766664,2025,4,regular,2025-09-20 18:00:00,Ripon,Grinnell,Midwest,Midwest,30.0,20.0,False,True,Ingalls Field
401774374,2025,4,regular,2025-09-20 18:00:00,Illinois Wesleyan,Elmhurst,CCIW,CCIW,42.0,6.0,False,True,Tucci Stadium
401766663,2025,4,regular,2025-09-20 18:00:00,Chicago,Illinois College,Midwest,Midwest,24.0,21.0,False,True,Amos Alonzo Stagg Field
401774458,2025,4,regular,2025-09-20 18:00:00,Huntingdon,McMurry,USA South,Southern Collegiate Athletic,52.0,46.0,False,False,Charles Lee Field at Samford Stadium
401777302,2025,4,regular,2025-09-20 18:00:00,Greenville,Lyon,Upper Midwest,Southern Collegiate Athletic,0.0,0.0,False,False,Francis Field (IL)
401777237,2025,4,regular,2025-09-20 18:00:00,Bridgewater,Randolph Macon,Old Dominion,Old Dominion,3.0,27.0,False,True,Jopson Athletic Complex
401774451,2025,4,regular,2025-09-20 18:00:00,Hendrix,Millsaps,Southern Athletic,Southern Athletic,19.0,41.0,False,True,Young-Wise Memorial Stadium
401767613,2025,4,regular,2025-09-20 18:00:00,Robert Morris,Dayton,NEC,Pioneer,14.0,17.0,False,False,Joe Walton Stadium
401773861,2025,4,regular,2025-09-20 18:00:00,West Chester,Seton Hill,Pennsylvania State Athletic,Pennsylvania State Athletic,34.0,16.0,False,True,John A. Farrell Stadium
401777104,2025,4,regular,2025-09-20 18:00:00,Wooster,Wabash,North Coast,North Coast,7.0,34.0,False,True,John P. Papp Stadium
401767541,2025,4,regular,2025-09-20 18:00:00,South Dakota,Drake,MVFC,Pioneer,42.0,21.0,False,False,DakotaDome
401773495,2025,4,regular,2025-09-20 18:00:00,Wisconsin La Crosse,Wayne State (MI),Wisconsin,GLIAC,31.0,22.0,False,False,Veterans Memorial Stadium (WI)
401767574,2025,4,regular,2025-09-20 18:00:00,The Citadel,Mercer,Southern,Southern,0.0,38.0,False,True,Johnson Hagood Stadium
401773734,2025,4,regular,2025-09-20 18:00:00,Bemidji State,Augustana (SD),Northern Sun,Northern Sun,14.0,42.0,False,True,Chet Anderson Stadium
401776744,2025,4,regular,2025-09-20 18:00:00,St. Olaf,Concordia (MN),Minnesota,Minnesota,17.0,16.0,False,True,Klein Field at Manitou
401773174,2025,4,regular,2025-09-20 18:00:00,Dubuque,Loras,American Rivers,American Rivers,34.0,27.0,False,True,Chalmers Field
401773841,2025,4,regular,2025-09-20 18:00:00,IU Pennsylvania,Millersville,Pennsylvania State Athletic,Pennsylvania State Athletic,70.0,24.0,False,True,George P. Miller Stadium
401773305,2025,4,regular,2025-09-20 18:00:00,Hilbert,Ithaca,Empire 8,Liberty League,3.0,65.0,False,False,St. Francis High School
401774083,2025,4,regular,2025-09-20 18:00:00,McDaniel,Juniata,Centennial,Landmark Conference,24.0,7.0,False,False,Kenneth R. Gill Stadium
401773250,2025,4,regular,2025-09-20 18:00:00,Hardin Simmons,Louisiana Christian,American Southwest,,52.0,17.0,False,False,Shelton Stadium
401773887,2025,4,regular,2025-09-20 18:00:00,Colorado School of Mines,Chadron State,Rocky Mountain,Rocky Mountain,28.0,34.0,False,True,Marv Kay Stadium at Campbell Field
401773881,2025,4,regular,2025-09-20 18:00:00,Fort Lewis,Black Hills State,Rocky Mountain,Rocky Mountain,19.0,25.0,False,True,Ray Dennison Memorial Field
401773801,2025,4,regular,2025-09-20 18:00:00,Bloomsburg,Edinboro,Pennsylvania State Athletic,Pennsylvania State Athletic,34.0,18.0,False,True,Robert B. Redman Stadium
401774160,2025,4,regular,2025-09-20 18:00:00,Wisconsin Eau Claire,Martin Luther,Wisconsin,Upper Midwest,42.0,6.0,False,False,Carson Park
401773753,2025,4,regular,2025-09-20 18:00:00,Winona State,Minot State,Northern Sun,Northern Sun,35.0,25.0,False,True,Altra Federal Credit Union Stadium
401776767,2025,4,regular,2025-09-20 18:00:00,Gustavus Adolphus,Bethel (MN),Minnesota,Minnesota,7.0,41.0,False,True,Hollingsworth Field
401776751,2025,4,regular,2025-09-20 18:00:00,Hamline,Saint John's (MN),Minnesota,Minnesota,0.0,58.0,False,True,Klas Field
401774358,2025,4,regular,2025-09-20 18:00:00,Carroll (WI),Washington St. Louis,CCIW,CCIW,29.0,41.0,False,True,Schneider Stadium
401773046,2025,4,regular,2025-09-20 18:00:00,Coe,Nebraska Wesleyan,American Rivers,American Rivers,62.0,14.0,False,True,Clark Field
401766666,2025,4,regular,2025-09-20 18:00:00,Lawrence,Cornell (IA),Midwest,Midwest,0.0,20.0,False,True,Ron Roberts Field at the Banta Bowl
401766665,2025,4,regular,2025-09-20 18:00:00,Lake Forest,Monmouth (IL),Midwest,Midwest,6.0,49.0,False,True,Farwell Field
401773794,2025,4,regular,2025-09-20 18:00:00,Southwest Minnesota State,University of Mary,Northern Sun,Northern Sun,9.0,40.0,False,True,Schwan Regional Event Center
401774367,2025,4,regular,2025-09-20 18:00:00,North Central College,Carthage,CCIW,CCIW,62.0,0.0,False,True,Benedetti-Wehrli Stadium
401767589,2025,4,regular,2025-09-20 18:00:00,Richmond,VMI,Patriot,Southern,38.0,14.0,False,False,E. Claiborne Robins Stadium
401777041,2025,4,regular,2025-09-20 18:00:00,Rockford,Eureka,NACC,NACC,20.0,40.0,False,True,Sam Greeley Field
401767580,2025,4,regular,2025-09-20 18:30:00,Western Carolina,Samford,Southern,Southern,50.0,35.0,False,True,E. J. Whitmire Stadium
401774046,2025,4,regular,2025-09-20 19:00:00,Hartwick,SUNY Cortland,Empire 8,Empire 8,9.0,59.0,False,True,Wright Stadium
401767107,2025,4,regular,2025-09-20 19:00:00,Montana State,Mercyhurst,Big Sky,NEC,17.0,0.0,False,False,Bobcat Stadium
401773906,2025,4,regular,2025-09-20 19:00:00,New Mexico Highlands,South Dakota Mines,Rocky Mountain,Rocky Mountain,48.0,42.0,False,True,Sanchez Family Stadium
401767389,2025,4,regular,2025-09-20 19:00:00,Bethune-Cookman,Edward Waters,SWAC,SIAC,35.0,9.0,False,False,Municipal Stadium
401777161,2025,4,regular,2025-09-20 19:00:00,Pacific Lutheran,Trinity (TX),Northwest,Southern Athletic,8.0,45.0,False,False,Sparks Stadium
401773717,2025,4,regular,2025-09-20 19:00:00,Bentley,Franklin Pierce,Northeast 10,Northeast 10,21.0,35.0,False,True,Bentley University Football Stadium
401774423,2025,4,regular,2025-09-20 19:00:00,Adrian,Manchester,Michigan,Heartland,57.0,0.0,False,False,Docking Stadium
401788907,2025,4,regular,2025-09-20 19:00:00,Ferris State,University of Rio Grande,GLIAC,,76.0,0.0,False,False,Top Taggart Field
401778023,2025,4,regular,2025-09-20 19:00:00,La Verne,Willamette,So. Cal.,Northwest,14.0,29.0,False,False,Ortmayer Stadium
401767099,2025,4,regular,2025-09-20 19:00:00,Montana,Indiana State,Big Sky,MVFC,63.0,20.0,False,False,Washington-Grizzly Stadium
401752841,2025,4,regular,2025-09-20 19:00:00,Oregon,Oregon State,Big Ten,Pac-12,41.0,7.0,False,False,Autzen Stadium
401774025,2025,4,regular,2025-09-20 19:00:00,Miles,Savannah State,SIAC,SIAC,19.0,45.0,False,True,Albert J. H. Sloan - Alumni Stadium
401774252,2025,4,regular,2025-09-20 19:00:00,Whitworth,Redlands,Northwest,So. Cal.,17.0,34.0,False,False,The Pine Bowl
401773515,2025,4,regular,2025-09-20 19:00:00,Fort Valley State,Delta State,SIAC,Gulf South,16.0,21.0,False,False,Wildcat Stadium (GA)
401752846,2025,4,regular,2025-09-20 19:30:00,Nebraska,Michigan,Big Ten,Big Ten,27.0,30.0,False,True,"Memorial Stadium (Lincoln, NE)"
401773761,2025,4,regular,2025-09-20 19:30:00,Northern State,Concordia St. Paul,Northern Sun,Northern Sun,31.0,10.0,False,True,Swisher Field
401761613,2025,4,regular,2025-09-20 19:30:00,Buffalo,Troy,Mid-American,Sun Belt,17.0,21.0,False,False,UB Stadium
401752848,2025,4,regular,2025-09-20 19:30:00,Notre Dame,Purdue,FBS Independents,Big Ten,56.0,30.0,False,False,Notre Dame Stadium
401752714,2025,4,regular,2025-09-20 19:30:00,Oklahoma,Auburn,SEC,SEC,24.0,17.0,False,True,"Memorial Stadium (Norman, OK)"
401757169,2025,4,regular,2025-09-20 19:30:00,UConn,Ball State,FBS Independents,Mid-American,31.0,25.0,False,False,Pratt & Whitney Stadium
401761610,2025,4,regular,2025-09-20 19:30:00,Eastern Michigan,Louisiana,Mid-American,Sun Belt,34.0,31.0,False,False,Rynearson Stadium
401754541,2025,4,regular,2025-09-20 19:30:00,Florida State,Kent State,ACC,Mid-American,66.0,10.0,False,False,Doak Campbell Stadium
401762823,2025,4,regular,2025-09-20 19:30:00,Ohio,Gardner-Webb,Mid-American,OVC-Big South,52.0,35.0,False,False,Peden Stadium
401762820,2025,4,regular,2025-09-20 19:30:00,Western Michigan,Toledo,Mid-American,Mid-American,14.0,13.0,False,True,Waldo Stadium
401752711,2025,4,regular,2025-09-20 19:30:00,Ole Miss,Tulane,SEC,American Athletic,45.0,10.0,False,False,Vaught-Hemingway Stadium
401754640,2025,4,regular,2025-09-20 19:30:00,UCF,North Carolina,Big 12,ACC,34.0,9.0,False,False,FBC Mortgage Stadium
401757262,2025,4,regular,2025-09-20 19:30:00,Liberty,James Madison,Conference USA,Sun Belt,13.0,31.0,False,False,Williams Stadium (VA)
401788916,2025,4,regular,2025-09-20 20:00:00,Pomona Pitzer,Lewis & Clark,So. Cal.,Northwest,3.0,21.0,False,False,Merritt Field
401774260,2025,4,regular,2025-09-20 20:00:00,George Fox,Claremont Mudd Scripps,Northwest,So. Cal.,21.0,28.0,False,False,Stoffer Family Stadium
401767272,2025,4,regular,2025-09-20 20:00:00,North Carolina A&T,North Carolina Central,Coastal Athletic,MEAC,20.0,62.0,False,False,Aggie Stadium
401767502,2025,4,regular,2025-09-20 20:00:00,North Dakota,Valparaiso,MVFC,Pioneer,58.0,7.0,False,False,Alerus Center
401777250,2025,4,regular,2025-09-20 20:00:00,Washington and Lee,Guilford,Old Dominion,Old Dominion,35.0,7.0,False,True,Wilson Field
401777548,2025,4,regular,2025-09-20 20:00:00,Colorado Mesa,CSU Pueblo,Rocky Mountain,Rocky Mountain,24.0,31.0,False,True,Ralph Stocker Stadium
401773029,2025,4,regular,2025-09-20 20:00:00,Livingstone,Bowie State,CIAA,CIAA,17.0,16.0,False,True,Alumni Memorial Stadium (NC)
401773472,2025,4,regular,2025-09-20 20:00:00,Michigan Tech,Upper Iowa,GLIAC,Great Lakes,14.0,21.0,False,False,Sherman Field
401767182,2025,4,regular,2025-09-20 20:00:00,Howard,Hampton,MEAC,Coastal Athletic,34.0,7.0,True,False,Audi Field
401754538,2025,4,regular,2025-09-20 20:00:00,Duke,NC State,ACC,ACC,45.0,33.0,False,True,Wallace Wade Stadium
401774266,2025,4,regular,2025-09-20 20:00:00,Linfield,Chapman,Northwest,So. Cal.,28.0,13.0,False,False,Maxwell Field
401777168,2025,4,regular,2025-09-20 20:00:00,Puget Sound,Cal Lutheran,Northwest,So. Cal.,28.0,55.0,False,False,Baker Stadium
401767162,2025,4,regular,2025-09-20 20:00:00,William & Mary,Charleston Southern,Coastal Athletic,OVC-Big South,34.0,7.0,False,False,Zable Stadium
401767405,2025,4,regular,2025-09-20 20:00:00,Norfolk State,Sacred Heart,MEAC,FCS Independents,28.0,31.0,False,False,"William Dick"""" Price Stadium"""""
401773123,2025,4,regular,2025-09-20 20:00:00,Brevard,Erskine,USA South,Carolinas,38.0,34.0,False,False,Brevard Memorial Stadium
401773594,2025,4,regular,2025-09-20 20:05:00,Western Oregon,Sul Ross State,Lone Star,Lone Star,66.0,3.0,False,True,McArthur Field
401752712,2025,4,regular,2025-09-20 20:15:00,Mississippi State,Northern Illinois,SEC,Mid-American,38.0,10.0,False,False,Davis Wade Stadium
401754542,2025,4,regular,2025-09-20 20:30:00,Georgia Tech,Temple,ACC,American Athletic,45.0,24.0,False,False,Bobby Dodd Stadium
401760375,2025,4,regular,2025-09-20 21:00:00,San José State,Idaho,Mountain West,Big Sky,31.0,28.0,False,False,CEFCU Stadium
401767114,2025,4,regular,2025-09-20 21:00:00,Northern Arizona,Incarnate Word,Big Sky,Southland,31.0,23.0,False,False,Walkup Skydome
401773621,2025,4,regular,2025-09-20 21:00:00,Missouri Southern State,Northwest Missouri State,Mid America,Mid America,14.0,21.0,False,True,Fred G. Hughes Stadium
401773615,2025,4,regular,2025-09-20 21:00:00,Pittsburg State,Fort Hays,Mid America,Mid America,31.0,16.0,False,True,Carnie Smith Stadium
401767151,2025,4,regular,2025-09-20 21:30:00,East Tennessee State,Elon,Southern,Coastal Athletic,26.0,16.0,False,False,William B. Greene Jr. Stadium
401767278,2025,4,regular,2025-09-20 22:00:00,West Georgia,Eastern Kentucky,UAC,UAC,33.0,12.0,False,True,University Stadium (GA)
401767329,2025,4,regular,2025-09-20 22:00:00,Towson,Youngstown State,Coastal Athletic,MVFC,28.0,31.0,False,False,Johnny Unitas Stadium
401767319,2025,4,regular,2025-09-20 22:00:00,Rhode Island,Long Island University,Coastal Athletic,NEC,28.0,7.0,False,False,Meade Stadium
401756899,2025,4,regular,2025-09-20 22:00:00,Kansas,West Virginia,Big 12,Big 12,41.0,10.0,False,True,Memorial Stadium
401757259,2025,4,regular,2025-09-20 22:00:00,Florida International,Delaware,Conference USA,Conference USA,16.0,38.0,False,True,Pitbull Stadium
401777096,2025,4,regular,2025-09-20 22:00:00,Ohio Wesleyan,Wittenberg,North Coast,North Coast,17.0,55.0,False,True,Selby Stadium
401757261,2025,4,regular,2025-09-20 22:00:00,Kennesaw State,Arkansas State,Conference USA,Sun Belt,28.0,21.0,False,False,Fifth Third Stadium
401773268,2025,4,regular,2025-09-20 22:00:00,Alfred State,Buffalo State,Empire 8,Liberty League,56.0,20.0,False,False,Pioneer Stadium
401773074,2025,4,regular,2025-09-20 22:00:00,Virginia Union,Johnson C. Smith,CIAA,CIAA,28.0,10.0,False,True,Hovey Field
401762821,2025,4,regular,2025-09-20 22:00:00,Akron,Duquesne,Mid-American,NEC,51.0,7.0,False,False,InfoCision Stadium
401767664,2025,4,regular,2025-09-20 22:00:00,Bucknell,Lehigh,Patriot,Patriot,24.0,41.0,False,True,Christy Mathewson-Memorial Stadium
401767635,2025,4,regular,2025-09-20 22:00:00,Morehead State,Kentucky Christian,Pioneer,,45.0,28.0,False,False,Jayne Stadium
401767031,2025,4,regular,2025-09-20 22:00:00,Campbell,Bryant,Coastal Athletic,Coastal Athletic,50.0,48.0,False,True,Barker-Lane Stadium
401773966,2025,4,regular,2025-09-20 22:00:00,UVA Wise,Wingate,South Atlantic,South Atlantic,7.0,28.0,False,True,Carl Smith Stadium
401773398,2025,4,regular,2025-09-20 22:00:00,Indianapolis,McKendree,Great Lakes,Great Lakes,47.0,19.0,False,True,Key Stadium
401773131,2025,4,regular,2025-09-20 22:00:00,UNC Pembroke,Ferrum,Carolinas,Carolinas,41.0,14.0,False,False,Grace P. Johnson Stadium
401767081,2025,4,regular,2025-09-20 22:00:00,Idaho State,Lincoln (CA),Big Sky,Independent DII,90.0,0.0,False,False,Holt Arena
401767743,2025,4,regular,2025-09-20 22:00:00,Merrimack,Central Connecticut,FCS Independents,NEC,16.0,14.0,False,False,Duane Stadium
401773981,2025,4,regular,2025-09-20 22:00:00,Allen,Clark Atlanta,SIAC,SIAC,49.0,38.0,False,True,W.C. Hawkins Stadium
401776803,2025,4,regular,2025-09-20 22:00:00,Kalamazoo,Anderson (IN),Michigan,Heartland,27.0,0.0,False,False,Angell Field
401773868,2025,4,regular,2025-09-20 22:00:00,Slippery Rock,Shippensburg,Pennsylvania State Athletic,Pennsylvania State Athletic,42.0,0.0,False,True,Mihalik-Thompson Stadium
401757265,2025,4,regular,2025-09-20 23:00:00,Missouri State,UT Martin,Conference USA,OVC-Big South,42.0,10.0,False,False,Plaster Sports Complex
401757264,2025,4,regular,2025-09-20 23:00:00,Middle Tennessee,Marshall,Conference USA,Sun Belt,28.0,42.0,False,False,"Johnny ""Red"" Floyd Stadium"
401766667,2025,4,regular,2025-09-20 23:00:00,Beloit,Knox,Midwest,Midwest,14.0,16.0,False,True,Strong Stadium
401773390,2025,4,regular,2025-09-20 23:00:00,Southeastern Oklahoma State,Southwestern Oklahoma State,Great American,Great American,14.0,35.0,False,True,Paul Laird Field
401773426,2025,4,regular,2025-09-20 23:00:00,Missouri S&T,Truman State,Great Lakes,Great Lakes,20.0,49.0,False,True,Allgood-Bailey Stadium
401773547,2025,4,regular,2025-09-20 23:00:00,Midwestern State,Eastern New Mexico,Lone Star,Lone Star,31.0,56.0,False,True,"Memorial Stadium (Wichita Falls, TX)"
401767416,2025,4,regular,2025-09-20 23:00:00,Grambling,East Texas A&M,SWAC,Southland,31.0,28.0,False,False,Eddie Robinson Stadium
401773344,2025,4,regular,2025-09-20 23:00:00,Arkansas Monticello,Henderson State,Great American,Great American,18.0,48.0,False,True,Convoy Leslie Cotton Boll Stadium
401777028,2025,4,regular,2025-09-20 23:00:00,Wisconsin Lutheran,Concordia (WI),NACC,NACC,20.0,27.0,False,True,Warrior Field at Raabe Stadium
401761611,2025,4,regular,2025-09-20 23:00:00,South Alabama,Coastal Carolina,Sun Belt,Sun Belt,20.0,38.0,False,True,Hancock Whitney Stadium
401773353,2025,4,regular,2025-09-20 23:00:00,East Central,Southern Nazarene,Great American,Great American,13.0,17.0,False,True,Koi Ishto Stadium
401757260,2025,4,regular,2025-09-20 23:00:00,Jacksonville State,Murray State,Conference USA,MVFC,45.0,10.0,False,False,AmFirst Stadium
401773537,2025,4,regular,2025-09-20 23:00:00,Angelo State,Western New Mexico,Lone Star,Lone Star,56.0,27.0,False,True,LeGrand Stadium at 1st Community Credit Union Field
401773136,2025,4,regular,2025-09-20 23:00:00,North Greenville,West Florida,Carolinas,Gulf South,17.0,25.0,False,True,Younts Stadium
401777267,2025,4,regular,2025-09-20 23:00:00,Case Western Reserve,Westminster (PA),Presidents',Presidents',23.0,28.0,False,True,Case Field
401774380,2025,4,regular,2025-09-20 23:00:00,Millikin,North Park,CCIW,CCIW,22.0,17.0,False,True,Frank M. Lindsay Field
401767210,2025,4,regular,2025-09-20 23:00:00,Lindenwood,Stony Brook,OVC-Big South,Coastal Athletic,30.0,27.0,False,False,Hunter Stadium
401767306,2025,4,regular,2025-09-20 23:00:00,Tarleton State,Chattanooga,UAC,Southern,52.0,24.0,False,False,"Memorial Stadium (Stephenville, TX)"
401766671,2025,4,regular,2025-09-20 23:00:00,Tufts,Wesleyan (CT),NESCAC,NESCAC,22.0,20.0,False,True,Ellis Oval at Zimman Field
401767310,2025,4,regular,2025-09-20 23:00:00,Alabama A&M,Lane College,SWAC,SIAC,49.0,7.0,False,False,Louis Crews Stadium
401773363,2025,4,regular,2025-09-20 23:00:00,Southern Arkansas,Harding,Great American,Great American,12.0,31.0,False,True,Wilkins Stadium
401757268,2025,4,regular,2025-09-20 23:00:00,Western Kentucky,Nevada,Conference USA,Mountain West,31.0,16.0,False,False,Houchens Industries-L.T. Smith Stadium
401767061,2025,4,regular,2025-09-20 23:00:00,Eastern Washington,Western Illinois,Big Sky,OVC-Big South,52.0,31.0,False,False,Roos Field
401760372,2025,4,regular,2025-09-20 23:00:00,Air Force,Boise State,Mountain West,Mountain West,37.0,49.0,False,True,Falcon Stadium
401761609,2025,4,regular,2025-09-20 23:00:00,Georgia Southern,Maine,Sun Belt,Coastal Athletic,45.0,17.0,False,False,Allen E. Paulson Stadium
401767218,2025,4,regular,2025-09-20 23:00:00,Southeast Missouri State,Southern Illinois,OVC-Big South,MVFC,31.0,59.0,False,False,Houck Field
401777298,2025,4,regular,2025-09-20 23:00:00,Centenary (LA),East Texas Baptist,Southern Collegiate Athletic,American Southwest,33.0,50.0,False,False,Mayo Field
401774309,2025,4,regular,2025-09-20 23:00:00,Augustana (IL),Wheaton (IL),CCIW,CCIW,7.0,50.0,False,True,Charles D. Lindberg Stadium
401776795,2025,4,regular,2025-09-20 23:00:00,Heidelberg,Calvin,Ohio,Michigan,37.0,40.0,False,False,Hoernemann Stadium
401773441,2025,4,regular,2025-09-20 23:00:00,William Jewell,Southwest Baptist,Great Lakes,Great Lakes,19.0,29.0,False,True,Liberty North High School
401767121,2025,4,regular,2025-09-20 23:00:00,Houston Christian,Northern Colorado,Southland,Big Sky,23.0,26.0,False,False,Husky Stadium
401777275,2025,4,regular,2025-09-20 23:00:00,Geneva,Saint Vincent,Presidents',Presidents',55.0,35.0,False,True,Reeves Field (PA)
401767603,2025,4,regular,2025-09-20 23:00:00,Davidson,Greensboro,Pioneer,USA South,48.0,0.0,False,False,Richardson Stadium
401767433,2025,4,regular,2025-09-20 23:00:00,Prairie View A&M,Northwestern State,SWAC,Southland,27.0,24.0,False,False,Panther Stadium
401752713,2025,4,regular,2025-09-20 23:00:00,Missouri,South Carolina,SEC,SEC,29.0,20.0,False,True,Memorial Stadium
401767333,2025,4,regular,2025-09-20 23:00:00,UAlbany,Cornell,Coastal Athletic,Ivy,13.0,10.0,False,False,Bob Ford Field
401774194,2025,4,regular,2025-09-20 23:00:00,Northwestern (MN),Wisconsin Stout,Upper Midwest,Wisconsin,13.0,56.0,False,False,Reynolds Field
401773106,2025,4,regular,2025-09-20 23:00:00,West Alabama,Barton,Gulf South,Carolinas,52.0,14.0,False,False,Tiger Stadium (AL)
401773628,2025,4,regular,2025-09-20 23:00:00,Missouri Western,Central Missouri,Mid America,Mid America,26.0,34.0,False,True,Craig Field at Spratt Memorial Stadium
401773929,2025,4,regular,2025-09-20 23:00:00,Newberry,Catawba,South Atlantic,South Atlantic,10.0,21.0,False,True,Setzler Field
401777254,2025,4,regular,2025-09-20 23:00:00,Allegheny,Thiel,Presidents',Presidents',26.0,0.0,False,True,Frank B. Fuhrer Field
401752842,2025,4,regular,2025-09-20 23:30:00,Washington State,Washington,Pac-12,Big Ten,24.0,59.0,False,False,Gesa Field
401752843,2025,4,regular,2025-09-20 23:30:00,Indiana,Illinois,Big Ten,Big Ten,63.0,10.0,False,True,"Memorial Stadium (Bloomington, IN)"
401752716,2025,4,regular,2025-09-20 23:30:00,Vanderbilt,Georgia State,SEC,Sun Belt,70.0,21.0,False,False,FirstBank Stadium
401754539,2025,4,regular,2025-09-20 23:30:00,Virginia,Stanford,ACC,ACC,48.0,20.0,False,True,Scott Stadium
401756896,2025,4,regular,2025-09-20 23:30:00,Baylor,Arizona State,Big 12,Big 12,24.0,27.0,False,True,McLane Stadium
401756898,2025,4,regular,2025-09-20 23:30:00,East Carolina,BYU,American Athletic,Big 12,13.0,34.0,False,False,Dowdy-Ficklen Stadium
401773408,2025,4,regular,2025-09-20 23:30:00,Lincoln (MO),Quincy,Great Lakes,Great Lakes,21.0,24.0,False,True,Dwight T. Reed Stadium
401752709,2025,4,regular,2025-09-20 23:30:00,Miami,Florida,ACC,SEC,26.0,7.0,False,False,Hard Rock Stadium
401757263,2025,4,regular,2025-09-20 23:30:00,Louisiana Tech,Southern Miss,Conference USA,Sun Belt,30.0,20.0,False,False,Joe Aillet Stadium
401752710,2025,4,regular,2025-09-20 23:45:00,LSU,SE Louisiana,SEC,Southland,56.0,10.0,False,False,Tiger Stadium (LA)
401752723,2025,4,regular,2025-09-21 00:00:00,Texas,Sam Houston,SEC,Conference USA,55.0,0.0,False,False,DKR-Texas Memorial Stadium
401767072,2025,4,regular,2025-09-21 00:00:00,Stephen F. Austin,Cal Poly,Southland,Big Sky,35.0,17.0,False,False,Homer Bryce Stadium
401767308,2025,4,regular,2025-09-21 00:00:00,Utah Tech,Northern Iowa,UAC,MVFC,20.0,9.0,False,False,Greater Zion Stadium
401761612,2025,4,regular,2025-09-21 00:00:00,Texas State,Nicholls,Sun Belt,Southland,35.0,3.0,False,False,Bobcat Stadium (TX)
401773376,2025,4,regular,2025-09-21 00:00:00,Oklahoma Baptist,Northwestern (OK),Great American,Great American,16.0,8.0,False,True,Crain Family Stadium
401773566,2025,4,regular,2025-09-21 00:00:00,Texas A&M-Kingsville,UT Permian Basin,Lone Star,Lone Star,30.0,43.0,False,True,Javelina Stadium
401774273,2025,4,regular,2025-09-21 00:00:00,Southwestern U,Texas Lutheran,Southern Athletic,Southern Collegiate Athletic,35.0,38.0,False,False,Birkelbach Field
401760377,2025,4,regular,2025-09-21 00:00:00,Utah State,McNeese,Mountain West,Southland,48.0,7.0,False,False,Maverik Stadium
401767528,2025,4,regular,2025-09-21 00:00:00,UT Rio Grande Valley,Texas Wesleyan,Southland,,61.0,13.0,False,False,Robert and Janet Vackar Stadium
401773872,2025,4,regular,2025-09-21 00:00:00,Adams State,Western Colorado,Rocky Mountain,Rocky Mountain,6.0,45.0,False,True,Rex Stadium
401767239,2025,4,regular,2025-09-21 00:00:00,Abilene Christian,Austin Peay,UAC,UAC,45.0,31.0,False,True,Wildcat Stadium (TX)
401773333,2025,4,regular,2025-09-21 00:00:00,Ouachita Baptist,Arkansas Tech,Great American,Great American,23.0,28.0,False,True,Cliff Harris Stadium
401773596,2025,4,regular,2025-09-21 00:00:00,Central Oklahoma,Washburn,Mid America,Mid America,34.0,28.0,False,True,Wantland Stadium
401757267,2025,4,regular,2025-09-21 01:00:00,UTEP,UL Monroe,Conference USA,Sun Belt,25.0,31.0,False,False,Sun Bowl
401773582,2025,4,regular,2025-09-21 01:00:00,Central Washington,West Texas,Lone Star,Lone Star,52.0,6.0,False,True,Tomlinson Stadium
401767160,2025,4,regular,2025-09-21 01:00:00,Weber State,Butler,Big Sky,Pioneer,38.0,24.0,False,False,Stewart Stadium
401767132,2025,4,regular,2025-09-21 01:00:00,Sacramento State,Central Arkansas,Big Sky,UAC,45.0,16.0,False,False,Hornet Stadium
401774190,2025,4,regular,2025-09-21 01:00:00,Pacific (OR),Wisconsin Stevens Point,Northwest,Wisconsin,13.0,36.0,False,False,Hanson Stadium
401760373,2025,4,regular,2025-09-21 01:30:00,Colorado State,UTSA,Mountain West,American Athletic,16.0,17.0,False,False,Canvas Stadium
401767157,2025,4,regular,2025-09-21 02:00:00,UC Davis,Southern Utah,Big Sky,UAC,50.0,34.0,False,False,Aggie Stadium
401756897,2025,4,regular,2025-09-21 02:15:00,Colorado,Wyoming,Big 12,Mountain West,37.0,20.0,False,False,Folsom Field
401754540,2025,4,regular,2025-09-21 02:30:00,San Diego State,California,Mountain West,ACC,34.0,0.0,False,False,Snapdragon Stadium
401752847,2025,4,regular,2025-09-21 03:00:00,USC,Michigan State,Big Ten,Big Ten,45.0,31.0,False,True,Los Angeles Memorial Coliseum
401760374,2025,4,regular,2025-09-21 03:59:00,Hawai'i,Fresno State,Mountain West,Mountain West,21.0,23.0,False,True,Clarence T.C. Ching Athletics Complex
401762471,2025,5,regular,2025-09-25 23:30:00,East Carolina,Army,American Athletic,American Athletic,28.0,6.0,False,True,Dowdy-Ficklen Stadium
401773454,2025,5,regular,2025-09-25 23:30:00,Davenport,Lincoln (CA),GLIAC,Independent DII,0.0,0.0,False,False,Farmers Insurance Athletic Complex
401754543,2025,5,regular,2025-09-26 23:00:00,Virginia,Florida State,ACC,ACC,46.0,38.0,False,True,Scott Stadium
401756902,2025,5,regular,2025-09-27 01:00:00,Arizona State,TCU,Big 12,Big 12,27.0,24.0,False,True,Mountain America Stadium
401752939,2025,5,regular,2025-09-27 02:30:00,Oregon State,Houston,Pac-12,Big 12,24.0,27.0,False,False,Reser Stadium
401754547,2025,5,regular,2025-09-27 16:00:00,Pittsburgh,Louisville,ACC,ACC,27.0,34.0,False,True,Acrisure Stadium
401754545,2025,5,regular,2025-09-27 16:00:00,Syracuse,Duke,ACC,ACC,3.0,38.0,False,True,JMA Wireless Dome
401752849,2025,5,regular,2025-09-27 16:00:00,Minnesota,Rutgers,Big Ten,Big Ten,31.0,28.0,False,True,Huntington Bank Stadium
401767406,2025,5,regular,2025-09-27 16:00:00,Wagner,Norfolk State,NEC,MEAC,18.0,13.0,False,False,Wagner College Stadium
401773168,2025,5,regular,2025-09-27 16:00:00,Northwood,Ashland,Great Midwest Athletic,Great Midwest Athletic,13.0,21.0,False,True,Hantz Stadium
401777238,2025,5,regular,2025-09-27 16:00:00,Randolph Macon,Washington and Lee,Old Dominion,Old Dominion,24.0,6.0,False,True,Day Field
401773821,2025,5,regular,2025-09-27 16:00:00,Edinboro,Clarion,Pennsylvania State Athletic,Pennsylvania State Athletic,21.0,20.0,False,True,Sox Harrison Stadium
401756906,2025,5,regular,2025-09-27 16:00:00,Kansas State,UCF,Big 12,Big 12,34.0,20.0,False,True,Bill Snyder Family Stadium
401752850,2025,5,regular,2025-09-27 16:00:00,Illinois,USC,Big Ten,Big Ten,34.0,32.0,False,True,"Memorial Stadium (Champaign, IL)"
401752717,2025,5,regular,2025-09-27 16:00:00,Arkansas,Notre Dame,SEC,FBS Independents,13.0,56.0,False,False,Razorback Stadium
401754546,2025,5,regular,2025-09-27 16:00:00,Wake Forest,Georgia Tech,ACC,ACC,29.0,30.0,False,True,Allegacy Federal Credit Union Stadium
401799146,2025,5,regular,2025-09-27 16:00:00,WPI,Coast Guard,NEWMAC,NEWMAC,21.0,49.0,False,True,"Alumni Stadium (Worcester, MA)"
401774113,2025,5,regular,2025-09-27 16:00:00,Rensselaer,Rochester (NY),Liberty League,Liberty League,31.0,3.0,False,True,ECAV Stadium
401783916,2025,5,regular,2025-09-27 16:00:00,Framingham State,Bridgewater State,MSCAC,MSCAC,46.0,40.0,False,True,Bowditch Field
401779328,2025,5,regular,2025-09-27 16:00:00,Duquesne,New Haven,NEC,NEC,44.0,18.0,False,False,Arthur J. Rooney Athletic Field
401773845,2025,5,regular,2025-09-27 16:00:00,Shepherd,Kutztown,Pennsylvania State Athletic,Pennsylvania State Athletic,10.0,49.0,False,True,Ram Stadium (WV)
401767614,2025,5,regular,2025-09-27 16:00:00,Dayton,Stetson,Pioneer,Pioneer,48.0,14.0,False,True,Welcome Stadium
401767689,2025,5,regular,2025-09-27 16:00:00,Yale,Cornell,Ivy,Ivy,41.0,24.0,False,True,Yale Bowl
401777105,2025,5,regular,2025-09-27 16:00:00,Oberlin,Wooster,North Coast,North Coast,0.0,38.0,False,True,Austin E. Knowlton Athletics Complex
401767343,2025,5,regular,2025-09-27 16:00:00,Sacred Heart,Delaware State,FCS Independents,MEAC,35.0,31.0,False,False,Campus Field
401762825,2025,5,regular,2025-09-27 16:00:00,Ohio,Bowling Green,Mid-American,Mid-American,35.0,20.0,False,True,Peden Stadium
401773289,2025,5,regular,2025-09-27 16:00:00,Curry,Dean,Commonwealth Coast,MSCAC,52.0,12.0,False,False,Walter M. Katz Field
401774047,2025,5,regular,2025-09-27 16:00:00,SUNY Morrisville,SUNY Cortland,Empire 8,Empire 8,3.0,48.0,False,True,Drake Field (NY)
401776996,2025,5,regular,2025-09-27 16:00:00,Misericordia,Alvernia,Mid Atlantic,Mid Atlantic,41.0,10.0,False,True,Mangelsdorf Field
401773842,2025,5,regular,2025-09-27 16:00:00,Seton Hill,IU Pennsylvania,Pennsylvania State Athletic,Pennsylvania State Athletic,13.0,40.0,False,True,Offutt Field
401773137,2025,5,regular,2025-09-27 16:00:00,North Greenville,West Alabama,Carolinas,Gulf South,44.0,52.0,False,True,Younts Stadium
401773116,2025,5,regular,2025-09-27 16:00:00,Shorter,Chowan,Carolinas,Carolinas,29.0,30.0,False,True,Barron Stadium
401777970,2025,5,regular,2025-09-27 16:00:00,American International,Bentley,Northeast 10,Northeast 10,34.0,41.0,False,True,Ronald J. Abdow Field
401774093,2025,5,regular,2025-09-27 16:00:00,Christopher Newport,Susquehanna,New Jersey,Landmark Conference,41.0,27.0,False,False,TowneBank Stadium
401761617,2025,5,regular,2025-09-27 16:00:00,North Texas,South Alabama,American Athletic,Sun Belt,36.0,22.0,False,False,DATCU Stadium
401773856,2025,5,regular,2025-09-27 16:00:00,Millersville,West Chester,Pennsylvania State Athletic,Pennsylvania State Athletic,7.0,38.0,False,True,Chryst Field at Biemesderfer Stadium
401774149,2025,5,regular,2025-09-27 16:00:00,Norwich,Merchant Marine,NEWMAC,NEWMAC,0.0,49.0,False,True,Sabine Field at Haynes Family Stadium
401783332,2025,5,regular,2025-09-27 16:00:00,Albright,Widener,Mid Atlantic,Mid Atlantic,35.0,9.0,False,True,Gene L. Shirk Stadium
401773306,2025,5,regular,2025-09-27 16:00:00,Hilbert,Buffalo State,Empire 8,Liberty League,8.0,15.0,False,False,St. Francis High School
401783350,2025,5,regular,2025-09-27 16:00:00,FDU Florham,Stevenson,Mid Atlantic,Mid Atlantic,20.0,55.0,False,True,Robert T. Shields Field
401783907,2025,5,regular,2025-09-27 16:00:00,MIT,Springfield,NEWMAC,NEWMAC,7.0,31.0,False,True,Henry G. Steinbrenner '27 Stadium
401788914,2025,5,regular,2025-09-27 16:00:00,Plymouth State,Mass Maritime,MSCAC,MSCAC,14.0,10.0,False,True,Charles L. Currier Memorial Field
401767734,2025,5,regular,2025-09-27 16:00:00,Lehigh,Pennsylvania,Patriot,Ivy,44.0,30.0,False,False,Goodman Stadium
401756905,2025,5,regular,2025-09-27 16:00:00,Kansas,Cincinnati,Big 12,Big 12,34.0,37.0,False,True,Memorial Stadium
401767721,2025,5,regular,2025-09-27 16:00:00,Columbia,Georgetown,Ivy,Patriot,19.0,10.0,False,False,Lawrence A. Wien Stadium
401767697,2025,5,regular,2025-09-27 16:00:00,Central Connecticut,Dartmouth,NEC,Ivy,28.0,35.0,False,False,Arute Field
401752725,2025,5,regular,2025-09-27 16:45:00,Vanderbilt,Utah State,SEC,Mountain West,55.0,35.0,False,False,FirstBank Stadium
401809184,2025,5,regular,2025-09-27 17:00:00,Maryville (TN),Pikeville,USA South,,34.0,30.0,False,False,Lloyd L. Thornton Stadium
401762826,2025,5,regular,2025-09-27 17:00:00,Central Michigan,Eastern Michigan,Mid-American,Mid-American,24.0,13.0,False,True,Kelly/Shorts Stadium
401767758,2025,5,regular,2025-09-27 17:00:00,Stonehill,Long Island University,NEC,NEC,10.0,3.0,False,True,W.B. Mason Stadium
401767594,2025,5,regular,2025-09-27 17:00:00,Butler,Marist,Pioneer,Pioneer,31.0,28.0,False,True,Butler Bowl
401773050,2025,5,regular,2025-09-27 17:00:00,Bowie State,Winston-Salem State,CIAA,CIAA,21.0,28.0,False,True,Bulldogs Stadium
401774302,2025,5,regular,2025-09-27 17:00:00,Husson,Endicott,Commonwealth Coast,Commonwealth Coast,14.0,48.0,False,True,Dr. John W. Winkin Sports Complex
401767268,2025,5,regular,2025-09-27 17:00:00,New Hampshire,UAlbany,Coastal Athletic,Coastal Athletic,24.0,6.0,False,True,Wildcat Stadium
401767032,2025,5,regular,2025-09-27 17:00:00,Bryant,Towson,Coastal Athletic,Coastal Athletic,24.0,26.0,False,True,Bulldog Stadium
401767673,2025,5,regular,2025-09-27 17:00:00,Fordham,Holy Cross,Patriot,Patriot,26.0,21.0,False,True,Jack Coffey Field
401773269,2025,5,regular,2025-09-27 17:00:00,Utica,Alfred State,Empire 8,Empire 8,45.0,13.0,False,False,Charles A. Gaetano Stadium
401773433,2025,5,regular,2025-09-27 17:00:00,Wayne State (MI),Quincy,GLIAC,Great Lakes,14.0,31.0,False,False,Tom Adams Field
401773659,2025,5,regular,2025-09-27 17:00:00,Concord,West Liberty,Mountain East,Mountain East,44.0,21.0,False,True,Callaghan Stadium
401773709,2025,5,regular,2025-09-27 17:00:00,Franklin Pierce,Assumption,Northeast 10,Northeast 10,26.0,28.0,False,True,Sodexo Field
401773745,2025,5,regular,2025-09-27 17:00:00,Minnesota Duluth,Minnesota St Moorhead,Northern Sun,Northern Sun,28.0,14.0,False,True,James S. Malosky Stadium
401773776,2025,5,regular,2025-09-27 17:00:00,Concordia St. Paul,Jamestown,Northern Sun,Northern Sun,22.0,33.0,False,False,Sea Foam Stadium
401774014,2025,5,regular,2025-09-27 17:00:00,Central State,Lane College,SIAC,SIAC,42.0,13.0,False,True,McPherson Memorial Stadium
401774100,2025,5,regular,2025-09-27 17:00:00,Ithaca,Hobart,Liberty League,Liberty League,13.0,7.0,False,True,Butterfield Stadium
401774142,2025,5,regular,2025-09-27 17:00:00,Kean,Western Connecticut State,New Jersey,Landmark Conference,7.0,38.0,False,False,Kean Alumni Stadium
401774229,2025,5,regular,2025-09-27 17:00:00,Methodist,Apprentice School,USA South,Independent DIII,20.0,19.0,False,False,Monarch Stadium
401783353,2025,5,regular,2025-09-27 17:00:00,King's,Eastern,Mid Atlantic,Mid Atlantic,37.0,39.0,False,True,McCarthy Stadium (Wilkes Barre)
401777088,2025,5,regular,2025-09-27 17:00:00,Saint Vincent,Hiram,Presidents',Presidents',38.0,40.0,False,False,Chuck Noll Field
401773650,2025,5,regular,2025-09-27 17:00:00,Glenville State,Charleston (WV),Mountain East,Mountain East,28.0,31.0,False,True,I.L. & Sue Morris Stadium
401766673,2025,5,regular,2025-09-27 17:00:00,Hamilton,Bowdoin,NESCAC,NESCAC,27.0,13.0,False,True,Steuben Field
401766674,2025,5,regular,2025-09-27 17:00:00,Colby,Middlebury,NESCAC,NESCAC,17.0,27.0,False,True,Seaverns Field At Harold Alfond Stadium
401766676,2025,5,regular,2025-09-27 17:00:00,Bates,Wesleyan (CT),NESCAC,NESCAC,7.0,23.0,False,True,Garcelon Field
401766677,2025,5,regular,2025-09-27 17:00:00,Amherst,Tufts,NESCAC,NESCAC,30.0,14.0,False,True,Pratt Field at Lehrman Stadium
401773067,2025,5,regular,2025-09-27 17:00:00,Fayetteville State,Virginia State,CIAA,CIAA,34.0,14.0,False,True,"Luther ""Nick"" Jeralds Stadium"
401783305,2025,5,regular,2025-09-27 17:00:00,Lycoming,Rowan,Landmark Conference,New Jersey,23.0,34.0,False,False,David Person Field
401773075,2025,5,regular,2025-09-27 17:00:00,Shaw,Virginia Union,CIAA,CIAA,7.0,59.0,False,True,George Williams Athletic Complex
401776789,2025,5,regular,2025-09-27 17:00:00,Hope,Alma,Michigan,Michigan,26.0,29.0,False,True,Ray and Sue Smith Stadium
401773973,2025,5,regular,2025-09-27 17:00:00,Albany State,Allen,SIAC,SIAC,57.0,14.0,False,True,Albany State University Coliseum
401783309,2025,5,regular,2025-09-27 17:00:00,Moravian,William Paterson,Landmark Conference,New Jersey,14.0,38.0,False,False,Rocco Calvo Field
401778016,2025,5,regular,2025-09-27 17:00:00,Salve Regina,SUNY Maritime,NEWMAC,NEWMAC,28.0,20.0,False,True,Toppa Field
401777199,2025,5,regular,2025-09-27 17:00:00,Kenyon,John Carroll,North Coast,Ohio,0.0,52.0,False,False,McBride Field
401773919,2025,5,regular,2025-09-27 17:00:00,Emory & Henry,Anderson (SC),South Atlantic,South Atlantic,42.0,13.0,False,True,Fred Selfe Stadium at Nicewonder Field
401777079,2025,5,regular,2025-09-27 17:00:00,Wittenberg,DePauw,North Coast,North Coast,0.0,28.0,False,True,Edwards-Maurer Field
401777982,2025,5,regular,2025-09-27 17:00:00,Saint Anselm,Pace,Northeast 10,Northeast 10,31.0,29.0,False,True,Grappone Stadium
401776986,2025,5,regular,2025-09-27 17:00:00,Delaware Valley,Lebanon Valley,Mid Atlantic,Mid Atlantic,18.0,21.0,False,True,Robert A. Lipinski Field at James Work Memorial Stadium
401777781,2025,5,regular,2025-09-27 17:00:00,Brockport,Hartwick,Empire 8,Empire 8,56.0,0.0,False,True,Bob Boozer Field
401777769,2025,5,regular,2025-09-27 17:00:00,Nichols,New England College,Commonwealth Coast,,41.0,21.0,False,False,Vendetti Field
401777587,2025,5,regular,2025-09-27 17:00:00,Mars Hill,Mary Hardin Baylor,South Atlantic,American Southwest,21.0,7.0,False,False,Meares Stadium
401773851,2025,5,regular,2025-09-27 17:00:00,Lock Haven,East Stroudsburg,Pennsylvania State Athletic,Pennsylvania State Athletic,21.0,24.0,False,True,Hubert Jack Stadium
401773802,2025,5,regular,2025-09-27 17:00:00,Shippensburg,Bloomsburg,Pennsylvania State Athletic,Pennsylvania State Athletic,10.0,7.0,False,True,Seth Grove Stadium
401776978,2025,5,regular,2025-09-27 17:00:00,New England,Western New England,Commonwealth Coast,Commonwealth Coast,37.0,31.0,False,True,Blue Storm Stadium
401777230,2025,5,regular,2025-09-27 17:00:00,Guilford,Hampden Sydney,Old Dominion,Old Dominion,14.0,69.0,False,True,Armfield Athletic Center
401776969,2025,5,regular,2025-09-27 17:00:00,Maine Maritime,Keystone,Commonwealth Coast,Independent DIII,22.0,47.0,False,False,Ritchie Field
401767636,2025,5,regular,2025-09-27 17:00:00,Presbyterian,Morehead State,Pioneer,Pioneer,41.0,0.0,False,True,Bailey Memorial Stadium
401777211,2025,5,regular,2025-09-27 17:30:00,Wilmington (OH),Ohio Northern,Ohio,Ohio,35.0,41.0,False,True,Wiliams Stadium (OH)
401761614,2025,5,regular,2025-09-27 17:30:00,James Madison,Georgia Southern,Sun Belt,Sun Belt,35.0,10.0,False,True,Bridgeforth Stadium
401766675,2025,5,regular,2025-09-27 17:30:00,Williams,Trinity (CT),NESCAC,NESCAC,28.0,34.0,False,True,Farley-Lamb Field
401777177,2025,5,regular,2025-09-27 17:30:00,Baldwin Wallace,Mount Union,Ohio,Ohio,23.0,42.0,False,True,George Finnie Stadium
401773279,2025,5,regular,2025-09-27 17:30:00,Anna Maria College,UMass Dartmouth,MSCAC,MSCAC,47.0,43.0,False,False,Caparso Field
401777184,2025,5,regular,2025-09-27 17:30:00,Capital,Marietta,Ohio,Ohio,21.0,24.0,False,True,Bernlohr Stadium
401773670,2025,5,regular,2025-09-27 17:30:00,West Virginia State,Fairmont State,Mountain East,Mountain East,60.0,39.0,False,True,Dickerson Stadium
401767510,2025,5,regular,2025-09-27 18:00:00,North Dakota State,South Dakota,MVFC,MVFC,51.0,13.0,False,True,Fargodome
401773047,2025,5,regular,2025-09-27 18:00:00,Wartburg,Coe,American Rivers,American Rivers,17.0,7.0,False,True,Walston-Hoover Stadium
401773735,2025,5,regular,2025-09-27 18:00:00,Minot State,Bemidji State,Northern Sun,Northern Sun,28.0,21.0,False,True,Herb Parker Stadium
401777021,2025,5,regular,2025-09-27 18:00:00,Wisconsin Lutheran,Concordia Chicago,NACC,NACC,28.0,6.0,False,True,Warrior Field at Raabe Stadium
401777268,2025,5,regular,2025-09-27 18:00:00,Bethany (WV),Case Western Reserve,Presidents',Presidents',0.0,55.0,False,True,Bison Stadium
401777070,2025,5,regular,2025-09-27 18:00:00,Wabash,Denison,North Coast,North Coast,36.0,0.0,False,True,Little Giant Stadium
401773038,2025,5,regular,2025-09-27 18:00:00,Central College,Dubuque,American Rivers,American Rivers,35.0,16.0,False,True,Ron and Joyce Schipper Stadium
401767352,2025,5,regular,2025-09-27 18:00:00,Richmond,Howard,Patriot,MEAC,13.0,12.0,False,False,E. Claiborne Robins Stadium
401774274,2025,5,regular,2025-09-27 18:00:00,Texas Lutheran,East Texas Baptist,Southern Collegiate Athletic,American Southwest,21.0,24.0,False,False,Bulldog Stadium (TX)
401774350,2025,5,regular,2025-09-27 18:00:00,Augustana (IL),Millikin,CCIW,CCIW,33.0,6.0,False,True,Charles D. Lindberg Stadium
401773409,2025,5,regular,2025-09-27 18:00:00,Upper Iowa,Lincoln (MO),Great Lakes,Great Lakes,31.0,10.0,False,True,Harms-Eischeid Stadium
401773622,2025,5,regular,2025-09-27 18:00:00,Central Missouri,Missouri Southern State,Mid America,Mid America,62.0,10.0,False,True,Audrey J. Walton Stadium at Vernon Kennedy Field
401773635,2025,5,regular,2025-09-27 18:00:00,Washburn,Nebraska Kearney,Mid America,Mid America,24.0,31.0,False,True,Yager Stadium at Moore Bowl
401773962,2025,5,regular,2025-09-27 18:00:00,UVA Wise,Tusculum,South Atlantic,South Atlantic,35.0,21.0,False,True,Carl Smith Stadium
401778009,2025,5,regular,2025-09-27 18:00:00,Catholic,Salisbury,Landmark Conference,New Jersey,6.0,55.0,False,False,Cardinal Stadium (DC)
401776728,2025,5,regular,2025-09-27 18:00:00,Saint John's (MN),Augsburg,Minnesota,Minnesota,63.0,0.0,False,True,Clemens Stadium
401774385,2025,5,regular,2025-09-27 18:00:00,Washington St. Louis,North Central College,CCIW,CCIW,14.0,44.0,False,True,Francis Field (MO)
401777035,2025,5,regular,2025-09-27 18:00:00,Rockford,Lakeland,NACC,NACC,7.0,35.0,False,True,Sam Greeley Field
401778006,2025,5,regular,2025-09-27 18:00:00,Roanoke College,Gallaudet,,Old Dominion,38.0,14.0,True,False,Day Field
401774368,2025,5,regular,2025-09-27 18:00:00,Carthage,Illinois Wesleyan,CCIW,CCIW,10.0,34.0,False,True,Art Keller Field
401776768,2025,5,regular,2025-09-27 18:00:00,Concordia (MN),Gustavus Adolphus,Minnesota,Minnesota,14.0,13.0,False,True,Jake Christiansen Stadium
401777029,2025,5,regular,2025-09-27 18:00:00,Concordia (WI),Benedictine (IL),NACC,NACC,28.0,20.0,False,True,Tomasini Stadium
401774359,2025,5,regular,2025-09-27 18:00:00,Wheaton (IL),Carroll (WI),CCIW,CCIW,61.0,13.0,False,True,McCully Stadium
401776762,2025,5,regular,2025-09-27 18:00:00,Hamline,Bethel (MN),Minnesota,Minnesota,12.0,62.0,False,True,Klas Field
401767249,2025,5,regular,2025-09-27 18:00:00,Austin Peay,Utah Tech,UAC,UAC,42.0,10.0,False,True,Governors Stadium
401776745,2025,5,regular,2025-09-27 18:00:00,Carleton,St. Olaf,Minnesota,Minnesota,35.0,28.0,False,True,Laird Stadium
401773089,2025,5,regular,2025-09-27 18:00:00,Johnson C. Smith,Bluefield State,CIAA,CIAA,69.0,13.0,False,True,Irwin Belk Complex
401776736,2025,5,regular,2025-09-27 18:00:00,St. Scholastica,Macalester,Minnesota,Minnesota,37.0,34.0,False,True,Public Schools Stadium
401773187,2025,5,regular,2025-09-27 18:00:00,Nebraska Wesleyan,Luther,American Rivers,American Rivers,44.0,7.0,False,True,Abel Stadium
401777255,2025,5,regular,2025-09-27 18:00:00,Allegheny,Geneva,Presidents',Presidents',16.0,28.0,False,True,Frank B. Fuhrer Field
401777214,2025,5,regular,2025-09-27 18:00:00,Otterbein,Muskingum,Ohio,Ohio,13.0,37.0,False,True,"Memorial Stadium (Westerville, OH)"
401776776,2025,5,regular,2025-09-27 18:00:00,Olivet,Adrian,Michigan,Michigan,27.0,59.0,False,True,Cutler Field
401773769,2025,5,regular,2025-09-27 18:00:00,Augustana (SD),Winona State,Northern Sun,Northern Sun,34.0,26.0,False,True,Kirkeby-Over Stadium
401773795,2025,5,regular,2025-09-27 18:00:00,Wayne State (NE),Southwest Minnesota State,Northern Sun,Northern Sun,51.0,6.0,False,True,"Memorial Stadium (Wayne, NE)"
401773157,2025,5,regular,2025-09-27 18:00:00,Buena Vista,Simpson (IA),American Rivers,American Rivers,0.0,41.0,False,True,J. Leslie Rollins Stadium
401773606,2025,5,regular,2025-09-27 18:00:00,Emporia State,Pittsburg State,Mid America,Mid America,29.0,42.0,False,True,Francis G. Welch Stadium
401777220,2025,5,regular,2025-09-27 18:00:00,Averett,Bridgewater,Old Dominion,Old Dominion,14.0,41.0,False,True,Daly Field at Frank R. Campbell Stadium
401767152,2025,5,regular,2025-09-27 18:00:00,Elon,Hampton,Coastal Athletic,Coastal Athletic,41.0,20.0,False,True,Rhodes Stadium
401773298,2025,5,regular,2025-09-27 18:00:00,St. John Fisher,Alfred,Empire 8,Empire 8,21.0,7.0,False,True,Growney Stadium
401773244,2025,5,regular,2025-09-27 18:00:00,Hillsdale,Kentucky Wesleyan,Great Midwest Athletic,Great Midwest Athletic,44.0,0.0,False,True,"Frank ""Muddy"" Waters Stadium"
401786476,2025,5,regular,2025-09-27 18:00:00,Westfield State,Worcester State,MSCAC,MSCAC,31.0,22.0,False,True,"Alumni Field (Westfield, MA)"
401773399,2025,5,regular,2025-09-27 18:30:00,Truman State,Indianapolis,Great Lakes,Great Lakes,20.0,30.0,False,True,Stokes Stadium
401773597,2025,5,regular,2025-09-27 18:30:00,Northwest Missouri State,Central Oklahoma,Mid America,Mid America,38.0,16.0,False,True,Bearcat Stadium
401774000,2025,5,regular,2025-09-27 19:00:00,Tuskegee,Fort Valley State,SIAC,SIAC,20.0,27.0,False,True,Abbott Memorial Alumni Stadium
401773907,2025,5,regular,2025-09-27 19:00:00,Western Colorado,New Mexico Highlands,Rocky Mountain,Rocky Mountain,30.0,3.0,False,True,Mountaineer Bowl
401774084,2025,5,regular,2025-09-27 19:00:00,The College of New Jersey,Juniata,New Jersey,Landmark Conference,35.0,0.0,False,False,Lions Stadium
401767361,2025,5,regular,2025-09-27 19:00:00,Florida A&M,Alabama State,SWAC,SWAC,14.0,42.0,False,True,Bragg Memorial Stadium
401773261,2025,5,regular,2025-09-27 19:00:00,McMurry,Howard Payne,Southern Collegiate Athletic,American Southwest,31.0,24.0,False,False,Wilford Moore Stadium
401773416,2025,5,regular,2025-09-27 19:00:00,McKendree,William Jewell,Great Lakes,Great Lakes,40.0,24.0,False,True,Leemon Field
401767082,2025,5,regular,2025-09-27 19:00:00,Northern Colorado,Idaho State,Big Sky,Big Sky,18.0,26.0,False,True,Nottingham Field
401773762,2025,5,regular,2025-09-27 19:00:00,University of Mary,Northern State,Northern Sun,Northern Sun,14.0,55.0,False,True,MDU Resources Community Bowl
401773784,2025,5,regular,2025-09-27 19:00:00,Minnesota State,Sioux Falls,Northern Sun,Northern Sun,38.0,12.0,False,True,Blakeslee Stadium
401773989,2025,5,regular,2025-09-27 19:00:00,Clark Atlanta,Benedict,SIAC,SIAC,24.0,59.0,False,True,CAU Panther Stadium
401761616,2025,5,regular,2025-09-27 19:00:00,UL Monroe,Arkansas State,Sun Belt,Sun Belt,28.0,16.0,False,True,Malone Stadium
401767545,2025,5,regular,2025-09-27 19:00:00,South Dakota State,Mercyhurst,MVFC,NEC,51.0,7.0,False,False,Dana J. Dykhouse Stadium
401777621,2025,5,regular,2025-09-27 19:00:00,Thiel,Waynesburg,Presidents',Presidents',14.0,45.0,False,True,Alumni Stadium (PA)
401773888,2025,5,regular,2025-09-27 19:00:00,Chadron State,Colorado Mesa,Rocky Mountain,Rocky Mountain,34.0,27.0,False,True,Elliott Field at Don Beebe Stadium
401773882,2025,5,regular,2025-09-27 19:00:00,Black Hills State,Colorado School of Mines,Rocky Mountain,Rocky Mountain,27.0,36.0,False,True,Lyle Hare Stadium
401767398,2025,5,regular,2025-09-27 19:00:00,Morgan State,Miles,MEAC,SIAC,24.0,17.0,True,False,Lucas Oil Stadium
401767311,2025,5,regular,2025-09-27 19:00:00,Bethune-Cookman,Alabama A&M,SWAC,SWAC,41.0,34.0,False,True,Municipal Stadium
401752851,2025,5,regular,2025-09-27 19:30:00,Northwestern,UCLA,Big Ten,Big Ten,17.0,14.0,False,True,Lanny and Sharon Martin Stadium
401762473,2025,5,regular,2025-09-27 19:30:00,Navy,Rice,American Athletic,American Athletic,21.0,13.0,False,True,Navy-Marine Corps Memorial Stadium
401752719,2025,5,regular,2025-09-27 19:30:00,Ole Miss,LSU,SEC,SEC,24.0,19.0,False,True,Vaught-Hemingway Stadium
401762827,2025,5,regular,2025-09-27 19:30:00,Miami (OH),Lindenwood,Mid-American,OVC-Big South,38.0,0.0,False,False,Yager Stadium
401752724,2025,5,regular,2025-09-27 19:30:00,Texas A&M,Auburn,SEC,SEC,16.0,10.0,False,True,Kyle Field
401752852,2025,5,regular,2025-09-27 19:30:00,Washington,Ohio State,Big Ten,Big Ten,6.0,24.0,False,True,Husky Stadium
401767191,2025,5,regular,2025-09-27 19:30:00,Maine,North Carolina A&T,Coastal Athletic,Coastal Athletic,37.0,30.0,False,True,Alfond Stadium
401762824,2025,5,regular,2025-09-27 19:30:00,Toledo,Akron,Mid-American,Mid-American,45.0,3.0,False,True,Glass Bowl
401767142,2025,5,regular,2025-09-27 19:30:00,Campbell,Western Carolina,Coastal Athletic,Southern,35.0,42.0,False,False,Barker-Lane Stadium
401754544,2025,5,regular,2025-09-27 19:30:00,Boston College,California,ACC,ACC,24.0,28.0,False,True,"Alumni Stadium (Chestnut Hill, MA)"
401752853,2025,5,regular,2025-09-27 19:30:00,Iowa,Indiana,Big Ten,Big Ten,15.0,20.0,False,True,Kinnick Stadium
401767337,2025,5,regular,2025-09-27 19:30:00,Villanova,William & Mary,Coastal Athletic,Coastal Athletic,31.0,24.0,False,True,Villanova Stadium
401756907,2025,5,regular,2025-09-27 19:30:00,Oklahoma State,Baylor,Big 12,Big 12,27.0,45.0,False,True,Boone Pickens Stadium
401756908,2025,5,regular,2025-09-27 19:30:00,West Virginia,Utah,Big 12,Big 12,14.0,48.0,False,True,Milan Puskar Stadium
401757170,2025,5,regular,2025-09-27 19:30:00,Buffalo,UConn,Mid-American,FBS Independents,17.0,20.0,False,False,UB Stadium
401767566,2025,5,regular,2025-09-27 19:30:00,Samford,Furman,Southern,Southern,13.0,31.0,False,True,Seibert Stadium
401767323,2025,5,regular,2025-09-27 19:30:00,Stony Brook,Merrimack,Coastal Athletic,FCS Independents,35.0,10.0,False,False,Kenneth P. LaValle Stadium
401769866,2025,5,regular,2025-09-27 19:30:00,Lafayette,Princeton,Patriot,Ivy,28.0,38.0,False,False,Fisher Field
401760380,2025,5,regular,2025-09-27 19:30:00,Northern Illinois,San Diego State,Mid-American,Mountain West,3.0,6.0,False,False,Huskie Stadium
401757274,2025,5,regular,2025-09-27 20:00:00,New Mexico,New Mexico State,Mountain West,Conference USA,38.0,20.0,False,False,University Stadium (NM)
401767062,2025,5,regular,2025-09-27 20:00:00,Montana State,Eastern Washington,Big Sky,Big Sky,57.0,3.0,False,True,Bobcat Stadium
401762474,2025,5,regular,2025-09-27 20:00:00,Tulsa,Tulane,American Athletic,American Athletic,14.0,31.0,False,True,Chapman Stadium
401767645,2025,5,regular,2025-09-27 20:00:00,San Diego,St. Thomas (MN),Pioneer,Pioneer,30.0,27.0,False,True,Torero Stadium
401773060,2025,5,regular,2025-09-27 20:00:00,Livingstone,Lincoln (PA),CIAA,CIAA,31.0,7.0,False,True,Alumni Memorial Stadium (NC)
401773132,2025,5,regular,2025-09-27 20:00:00,Valdosta State,UNC Pembroke,Gulf South,Carolinas,0.0,31.0,False,False,Bazemore-Hyder Stadium
401773511,2025,5,regular,2025-09-27 20:00:00,Lake Erie,Tiffin,Great Midwest Athletic,Great Midwest Athletic,14.0,27.0,False,True,Jack Britt Memorial Stadium
401777969,2025,5,regular,2025-09-27 20:00:00,Walsh,Ohio Dominican,Great Midwest Athletic,Great Midwest Athletic,14.0,7.0,False,True,Tom Benson Hall of Fame Stadium
401767174,2025,5,regular,2025-09-27 20:00:00,Western Illinois,Eastern Illinois,OVC-Big South,OVC-Big South,23.0,31.0,False,True,Hanson Field
401790373,2025,5,regular,2025-09-27 20:00:00,CSU Pueblo,Adams State,Rocky Mountain,Rocky Mountain,55.0,7.0,False,True,Neta and Eddie DeRose ThunderBowl
401789237,2025,5,regular,2025-09-27 20:00:00,Catawba,Southern Connecticut State,South Atlantic,Northeast 10,63.0,23.0,False,False,Shuford Stadium
401773901,2025,5,regular,2025-09-27 20:00:00,South Dakota Mines,Fort Lewis,Rocky Mountain,Rocky Mountain,22.0,21.0,False,True,O'Harra Stadium
401773391,2025,5,regular,2025-09-27 20:00:00,Southern Nazarene,Southeastern Oklahoma State,Great American,Great American,21.0,27.0,False,True,Southern Nazarene University Football Stadium
401760378,2025,5,regular,2025-09-27 20:00:00,Air Force,Hawai'i,Mountain West,Mountain West,35.0,44.0,False,True,Falcon Stadium
401752720,2025,5,regular,2025-09-27 20:15:00,Mississippi State,Tennessee,SEC,SEC,34.0,41.0,False,True,Davis Wade Stadium
401767226,2025,5,regular,2025-09-27 20:30:00,Tennessee State,Tennessee Tech,OVC-Big South,OVC-Big South,8.0,35.0,False,True,Nissan Stadium
401783312,2025,5,regular,2025-09-27 21:00:00,Montclair State,Wilkes,New Jersey,Landmark Conference,21.0,24.0,False,False,Sprague Field
401767115,2025,5,regular,2025-09-27 21:00:00,Portland State,Northern Arizona,Big Sky,Big Sky,17.0,31.0,False,True,Hillsboro Stadium
401767427,2025,5,regular,2025-09-27 21:00:00,Mississippi Valley State,Texas Southern,SWAC,SWAC,20.0,23.0,False,True,Rice-Totten Field
401774117,2025,5,regular,2025-09-27 21:00:00,Union,St. Lawrence,Liberty League,Liberty League,44.0,12.0,False,True,Frank Bailey Field
401767558,2025,5,regular,2025-09-27 21:30:00,East Tennessee State,Mercer,Southern,Southern,34.0,38.0,False,True,William B. Greene Jr. Stadium
401777303,2025,5,regular,2025-09-27 21:30:00,Lyon,Westminster (MO),Southern Collegiate Athletic,Upper Midwest,38.0,24.0,False,False,Pioneer Stadium
401767530,2025,5,regular,2025-09-27 22:00:00,Chattanooga,The Citadel,Southern,Southern,10.0,28.0,False,True,Finley Stadium
401757270,2025,5,regular,2025-09-27 22:00:00,Kennesaw State,Middle Tennessee,Conference USA,Conference USA,24.0,16.0,False,True,Fifth Third Stadium
401757271,2025,5,regular,2025-09-27 22:00:00,Old Dominion,Liberty,Sun Belt,Conference USA,21.0,7.0,False,False,S.B. Ballard Stadium
401773812,2025,5,regular,2025-09-27 22:00:00,Slippery Rock,California (PA),Pennsylvania State Athletic,Pennsylvania State Athletic,38.0,45.0,False,True,Mihalik-Thompson Stadium
401773938,2025,5,regular,2025-09-27 22:00:00,Wingate,Carson Newman,South Atlantic,South Atlantic,14.0,21.0,False,True,Irwin Belk Stadium
401773951,2025,5,regular,2025-09-27 22:00:00,Lenoir Rhyne,Newberry,South Atlantic,South Atlantic,17.0,20.0,False,True,Helen and Leonard Moretz Stadium
401774123,2025,5,regular,2025-09-27 22:00:00,Albion,Trine,Michigan,Michigan,35.0,38.0,False,True,Sprankle-Sprandel Stadium
401774018,2025,5,regular,2025-09-27 22:00:00,Savannah State,Kentucky State,SIAC,SIAC,20.0,37.0,False,True,Ted Wright Stadium
401774006,2025,5,regular,2025-09-27 22:00:00,Edward Waters,Morehouse,SIAC,SIAC,27.0,24.0,False,True,Earl Kitchings Stadium
401767552,2025,5,regular,2025-09-27 22:00:00,Harvard,Brown,Ivy,Ivy,41.0,7.0,False,True,Harvard Stadium
401767163,2025,5,regular,2025-09-27 22:00:00,Charleston Southern,South Carolina State,OVC-Big South,MEAC,31.0,24.0,False,False,Buccaneer Field
401767665,2025,5,regular,2025-09-27 22:00:00,Bucknell,Saint Francis,Patriot,NEC,30.0,23.0,False,False,Christy Mathewson-Memorial Stadium
401767279,2025,5,regular,2025-09-27 22:00:00,Eastern Kentucky,Nicholls,UAC,Southland,27.0,7.0,False,False,Roy Kidd Stadium
401762828,2025,5,regular,2025-09-27 22:30:00,Western Michigan,Rhode Island,Mid-American,Coastal Athletic,47.0,14.0,False,False,Waldo Stadium
401777012,2025,5,regular,2025-09-27 23:00:00,Eureka,Aurora,NACC,NACC,0.0,66.0,False,True,Pete FioRito Stadium at McKinzie Field
401777281,2025,5,regular,2025-09-27 23:00:00,Grove City,Washington & Jefferson,Presidents',Presidents',14.0,34.0,False,True,Robert E. Thorn Field
401757269,2025,5,regular,2025-09-27 23:00:00,Southern Miss,Jacksonville State,Sun Belt,Conference USA,42.0,25.0,False,False,M. M. Roberts Stadium
401756904,2025,5,regular,2025-09-27 23:00:00,Iowa State,Arizona,Big 12,Big 12,39.0,14.0,False,True,Jack Trice Stadium
401776796,2025,5,regular,2025-09-27 23:00:00,Calvin,Kalamazoo,Michigan,Michigan,24.0,16.0,False,True,Grand Rapids Christian High School
401754548,2025,5,regular,2025-09-27 23:00:00,NC State,Virginia Tech,ACC,ACC,21.0,23.0,False,True,Carter-Finley Stadium
401767240,2025,5,regular,2025-09-27 23:00:00,Incarnate Word,Abilene Christian,Southland,UAC,38.0,7.0,False,False,Gayle and Tom Benson Stadium
401773557,2025,5,regular,2025-09-27 23:00:00,UT Permian Basin,Midwestern State,Lone Star,Lone Star,37.0,15.0,False,True,Ratliff Stadium
401767422,2025,5,regular,2025-09-27 23:00:00,Southern,Jackson State,SWAC,SWAC,13.0,38.0,False,True,Ace W. Mumford Stadium
401767417,2025,5,regular,2025-09-27 23:00:00,Prairie View A&M,Grambling,SWAC,SWAC,28.0,13.0,True,True,Cotton Bowl
401767219,2025,5,regular,2025-09-27 23:00:00,UT Martin,Southeast Missouri State,OVC-Big South,OVC-Big South,34.0,10.0,False,True,Graham Stadium
401757273,2025,5,regular,2025-09-27 23:00:00,Missouri State,Western Kentucky,Conference USA,Conference USA,22.0,27.0,False,True,Plaster Sports Complex
401767523,2025,5,regular,2025-09-27 23:00:00,SE Louisiana,UT Rio Grande Valley,Southland,Southland,45.0,31.0,False,False,Strawberry Stadium
401767483,2025,5,regular,2025-09-27 23:00:00,Lamar,Central Arkansas,Southland,UAC,35.0,32.0,False,False,Provost Umphrey Stadium
401773334,2025,5,regular,2025-09-27 23:00:00,Arkansas Tech,Arkansas Monticello,Great American,Great American,24.0,31.0,False,True,Thone Stadium at Buerkle Field
401773354,2025,5,regular,2025-09-27 23:00:00,Northwestern (OK),East Central,Great American,Great American,20.0,41.0,False,True,Ranger Field
401773371,2025,5,regular,2025-09-27 23:00:00,Henderson State,Southern Arkansas,Great American,Great American,21.0,24.0,False,True,Ruggles Field at Carpenter-Haygood Stadium
401762472,2025,5,regular,2025-09-27 23:00:00,Florida Atlantic,Memphis,American Athletic,American Athletic,26.0,55.0,False,True,FAU Stadium
401773124,2025,5,regular,2025-09-27 23:00:00,Delta State,Erskine,Gulf South,Carolinas,52.0,0.0,False,True,Parker Field at McCool Stadium
401773383,2025,5,regular,2025-09-27 23:00:00,Southwestern Oklahoma State,Oklahoma Baptist,Great American,Great American,38.0,24.0,False,True,Milam Stadium
401773235,2025,5,regular,2025-09-27 23:00:00,Findlay,Thomas More,Great Midwest Athletic,Great Midwest Athletic,37.0,7.0,False,True,Donnell Stadium
401773427,2025,5,regular,2025-09-27 23:00:00,Southwest Baptist,Missouri S&T,Great Lakes,Great Lakes,40.0,42.0,False,True,Plaster Sports Complex
401773679,2025,5,regular,2025-09-27 23:00:00,West Virginia Wesleyan,Frostburg State,Mountain East,Mountain East,9.0,55.0,False,True,Cebe Ross Field
401767370,2025,5,regular,2025-09-27 23:00:00,Alcorn State,Arkansas-Pine Bluff,SWAC,SWAC,20.0,24.0,True,True,Simmons Bank Liberty Stadium
401774389,2025,5,regular,2025-09-27 23:00:00,North Park,Elmhurst,CCIW,CCIW,34.0,6.0,False,True,Holmgren Athletic Complex
401774452,2025,5,regular,2025-09-27 23:00:00,Hendrix,Rhodes,Southern Athletic,Southern Athletic,47.0,28.0,False,True,Young-Wise Memorial Stadium
401767412,2025,5,regular,2025-09-27 23:00:00,East Texas A&M,North Carolina Central,Southland,MEAC,42.0,50.0,False,False,Memorial Stadium (Commerce TX)
401754549,2025,5,regular,2025-09-27 23:30:00,Stanford,San José State,ACC,Mountain West,30.0,29.0,False,False,Stanford Stadium
401752854,2025,5,regular,2025-09-27 23:30:00,Penn State,Oregon,Big Ten,Big Ten,24.0,30.0,False,True,Beaver Stadium
401752718,2025,5,regular,2025-09-27 23:30:00,Georgia,Alabama,SEC,SEC,21.0,24.0,False,True,Sanford Stadium
401760379,2025,5,regular,2025-09-27 23:30:00,Boise State,App State,Mountain West,Sun Belt,47.0,14.0,False,False,Albertsons Stadium
401752721,2025,5,regular,2025-09-27 23:30:00,Missouri,Massachusetts,SEC,Mid-American,42.0,6.0,False,False,Memorial Stadium
401752950,2025,5,regular,2025-09-27 23:30:00,Colorado State,Washington State,Mountain West,Pac-12,3.0,20.0,False,False,Canvas Stadium
401752722,2025,5,regular,2025-09-27 23:45:00,South Carolina,Kentucky,SEC,SEC,35.0,13.0,False,True,Williams-Brice Stadium
401773583,2025,5,regular,2025-09-28 00:00:00,West Texas,Western Oregon,Lone Star,Lone Star,35.0,7.0,False,True,Buffalo Stadium
401761615,2025,5,regular,2025-09-28 00:00:00,Louisiana,Marshall,Sun Belt,Sun Belt,54.0,51.0,False,True,Cajun Field
401773364,2025,5,regular,2025-09-28 00:00:00,Harding,Ouachita Baptist,Great American,Great American,24.0,7.0,False,True,First Security Stadium
401773567,2025,5,regular,2025-09-28 00:00:00,Sul Ross State,Texas A&M-Kingsville,Lone Star,Lone Star,3.0,52.0,False,True,Jackson Field
401773587,2025,5,regular,2025-09-28 00:00:00,Western New Mexico,Central Washington,Lone Star,Lone Star,31.0,91.0,False,True,Ben Altamirano Field
401773616,2025,5,regular,2025-09-28 00:00:00,Fort Hays,Missouri Western,Mid America,Mid America,31.0,23.0,False,True,Lewis Field Stadium
401767491,2025,5,regular,2025-09-28 00:00:00,Stephen F. Austin,McNeese,Southland,Southland,34.0,17.0,False,True,Homer Bryce Stadium
401767293,2025,5,regular,2025-09-28 00:30:00,Southern Utah,West Georgia,UAC,UAC,24.0,27.0,False,True,Eccles Coliseum
401767073,2025,5,regular,2025-09-28 01:00:00,Sacramento State,Cal Poly,Big Sky,Big Sky,24.0,32.0,False,True,Hornet Stadium
401757272,2025,5,regular,2025-09-28 01:00:00,UTEP,Louisiana Tech,Conference USA,Conference USA,11.0,30.0,False,True,Sun Bowl
401774261,2025,5,regular,2025-09-28 02:00:00,Pomona Pitzer,Claremont Mudd Scripps,So. Cal.,So. Cal.,25.0,17.0,False,True,Merritt Field
401767158,2025,5,regular,2025-09-28 02:00:00,UC Davis,Weber State,Big Sky,Big Sky,34.0,12.0,False,True,Aggie Stadium
401774267,2025,5,regular,2025-09-28 02:00:00,Chapman,La Verne,So. Cal.,So. Cal.,56.0,6.0,False,True,Ernie Chapman Stadium
401774253,2025,5,regular,2025-09-28 02:00:00,Redlands,Cal Lutheran,So. Cal.,So. Cal.,10.0,27.0,False,True,Ted Runner Stadium
401767091,2025,5,regular,2025-09-28 02:15:00,Montana,Idaho,Big Sky,Big Sky,41.0,30.0,False,True,Washington-Grizzly Stadium
401756903,2025,5,regular,2025-09-28 02:15:00,Colorado,BYU,Big 12,Big 12,21.0,24.0,False,True,Folsom Field
401757275,2025,6,regular,2025-10-03 01:00:00,New Mexico State,Sam Houston,Conference USA,Conference USA,37.0,10.0,False,True,Aggie Memorial Stadium
401774075,2025,6,regular,2025-10-03 22:00:00,Johns Hopkins,Dickinson,Centennial,Centennial,55.0,10.0,False,True,Homewood Field
401757276,2025,6,regular,2025-10-03 23:00:00,Delaware,Western Kentucky,Conference USA,Conference USA,24.0,27.0,False,True,Delaware Stadium
401786377,2025,6,regular,2025-10-03 23:00:00,UMass Dartmouth,Mass Maritime,MSCAC,MSCAC,31.0,7.0,False,True,Cressy Field
401767320,2025,6,regular,2025-10-03 23:00:00,Brown,Rhode Island,Ivy,Coastal Athletic,28.0,21.0,False,False,Brown Stadium
401762475,2025,6,regular,2025-10-03 23:00:00,South Florida,Charlotte,American Athletic,American Athletic,54.0,26.0,False,True,Raymond James Stadium
401767681,2025,6,regular,2025-10-03 23:30:00,Princeton,Columbia,Ivy,Ivy,17.0,10.0,False,True,Princeton University Stadium
401760384,2025,6,regular,2025-10-04 02:00:00,San José State,New Mexico,Mountain West,Mountain West,35.0,28.0,False,True,CEFCU Stadium
401760382,2025,6,regular,2025-10-04 02:30:00,San Diego State,Colorado State,Mountain West,Mountain West,45.0,24.0,False,True,Snapdragon Stadium
401756909,2025,6,regular,2025-10-04 02:30:00,BYU,West Virginia,Big 12,Big 12,38.0,24.0,False,True,LaVell Edwards Stadium
401774247,2025,6,regular,2025-10-04 15:00:00,Belhaven,Brevard,USA South,USA South,23.0,20.0,False,True,Belhaven Bowl Stadium
401767751,2025,6,regular,2025-10-04 16:00:00,Duquesne,Stonehill,NEC,NEC,34.0,14.0,False,True,Arthur J. Rooney Athletic Field
401777005,2025,6,regular,2025-10-04 16:00:00,Fitchburg State,Framingham State,MSCAC,MSCAC,12.0,22.0,False,True,Elliot Field Athletic Complex
401776979,2025,6,regular,2025-10-04 16:00:00,Endicott,New England,Commonwealth Coast,Commonwealth Coast,53.0,14.0,False,True,Hempstead Stadium
401774106,2025,6,regular,2025-10-04 16:00:00,Rochester (NY),Ithaca,Liberty League,Liberty League,6.0,10.0,False,True,Edwin Fauver Stadium
401774039,2025,6,regular,2025-10-04 16:00:00,St. John Fisher,Brockport,Empire 8,Empire 8,31.0,24.0,False,True,Growney Stadium
401778010,2025,6,regular,2025-10-04 16:00:00,Wilkes,Catholic,Landmark Conference,Landmark Conference,15.0,13.0,False,True,Schmidt Stadium
401754552,2025,6,regular,2025-10-04 16:00:00,North Carolina,Clemson,ACC,ACC,10.0,38.0,False,True,Kenan Stadium
401783362,2025,6,regular,2025-10-04 16:00:00,Merchant Marine,MIT,NEWMAC,NEWMAC,6.0,3.0,False,True,Brooks Stadium (NY)
401756912,2025,6,regular,2025-10-04 16:00:00,Cincinnati,Iowa State,Big 12,Big 12,38.0,30.0,False,True,Nippert Stadium
401773846,2025,6,regular,2025-10-04 16:00:00,Kutztown,Shippensburg,Pennsylvania State Athletic,Pennsylvania State Athletic,49.0,0.0,False,True,Andre Reed Stadium
401752728,2025,6,regular,2025-10-04 16:00:00,Georgia,Kentucky,SEC,SEC,35.0,14.0,False,True,Sanford Stadium
401777967,2025,6,regular,2025-10-04 16:00:00,Ohio Dominican,Northwood,Great Midwest Athletic,Great Midwest Athletic,3.0,28.0,False,True,Panther Stadium (OH)
401760381,2025,6,regular,2025-10-04 16:00:00,Navy,Air Force,American Athletic,Mountain West,34.0,31.0,False,False,Navy-Marine Corps Memorial Stadium
401767660,2025,6,regular,2025-10-04 16:00:00,Central Connecticut,Sacred Heart,NEC,FCS Independents,42.0,35.0,False,False,Arute Field
401767666,2025,6,regular,2025-10-04 16:00:00,Bucknell,Richmond,Patriot,Patriot,33.0,28.0,False,False,Christy Mathewson-Memorial Stadium
401767735,2025,6,regular,2025-10-04 16:00:00,Lehigh,Yale,Patriot,Ivy,31.0,13.0,False,False,Goodman Stadium
401767628,2025,6,regular,2025-10-04 16:00:00,Marist,San Diego,Pioneer,Pioneer,19.0,14.0,False,True,Leonidoff Field
401752861,2025,6,regular,2025-10-04 16:00:00,Purdue,Illinois,Big Ten,Big Ten,27.0,43.0,False,True,Ross-Ade Stadium
401778017,2025,6,regular,2025-10-04 16:00:00,Springfield,Salve Regina,NEWMAC,NEWMAC,28.0,14.0,False,True,Stagg Field
401773836,2025,6,regular,2025-10-04 16:00:00,Gannon,Slippery Rock,Pennsylvania State Athletic,Pennsylvania State Athletic,38.0,35.0,False,True,McConnell Family Stadium
401754550,2025,6,regular,2025-10-04 16:00:00,Pittsburgh,Boston College,ACC,ACC,48.0,7.0,False,True,Acrisure Stadium
401762476,2025,6,regular,2025-10-04 16:00:00,UAB,Army,American Athletic,American Athletic,13.0,31.0,False,True,Protective Stadium
401773813,2025,6,regular,2025-10-04 16:00:00,California (PA),Seton Hill,Pennsylvania State Athletic,Pennsylvania State Athletic,7.0,16.0,False,True,Adamson Stadium
401773299,2025,6,regular,2025-10-04 16:00:00,Alfred,Hartwick,Empire 8,Empire 8,45.0,24.0,False,True,Merrill Field at Yunevich Stadium
401773290,2025,6,regular,2025-10-04 16:00:00,Dean,Plymouth State,MSCAC,MSCAC,0.0,34.0,False,False,Dale Lippert Field
401773280,2025,6,regular,2025-10-04 16:00:00,Westfield State,Anna Maria College,MSCAC,MSCAC,14.0,41.0,False,False,"Alumni Field (Westfield, MA)"
401773270,2025,6,regular,2025-10-04 16:00:00,Alfred State,SUNY Morrisville,Empire 8,Empire 8,41.0,21.0,False,False,Pioneer Stadium
401752856,2025,6,regular,2025-10-04 16:00:00,Michigan,Wisconsin,Big Ten,Big Ten,24.0,10.0,False,True,Michigan Stadium
401756911,2025,6,regular,2025-10-04 16:00:00,Baylor,Kansas State,Big 12,Big 12,35.0,34.0,False,True,McLane Stadium
401762830,2025,6,regular,2025-10-04 16:00:00,Ball State,Ohio,Mid-American,Mid-American,20.0,14.0,False,True,Scheumann Stadium
401777080,2025,6,regular,2025-10-04 16:00:00,DePauw,Oberlin,North Coast,North Coast,75.0,0.0,False,True,Blackstock Stadium
401767674,2025,6,regular,2025-10-04 16:30:00,Lafayette,Fordham,Patriot,Patriot,24.0,10.0,False,True,Fisher Field
401767763,2025,6,regular,2025-10-04 17:00:00,Merrimack,Robert Morris,FCS Independents,NEC,24.0,7.0,False,False,Duane Stadium
401773671,2025,6,regular,2025-10-04 17:00:00,Glenville State,Fairmont State,Mountain East,Mountain East,36.0,24.0,False,True,I.L. & Sue Morris Stadium
401766683,2025,6,regular,2025-10-04 17:00:00,Bowdoin,Williams,NESCAC,NESCAC,17.0,35.0,False,True,Whittier Field
401766684,2025,6,regular,2025-10-04 17:00:00,Wesleyan (CT),Hamilton,NESCAC,NESCAC,56.0,14.0,False,True,Corwin Stadium
401773051,2025,6,regular,2025-10-04 17:00:00,Bowie State,Fayetteville State,CIAA,CIAA,10.0,38.0,False,True,Bulldogs Stadium
401773145,2025,6,regular,2025-10-04 17:00:00,Ferrum,Shorter,Carolinas,Carolinas,28.0,25.0,False,False,W.B. Adams Stadium
401773386,2025,6,regular,2025-10-04 17:00:00,Ouachita Baptist,Oklahoma Baptist,Great American,Great American,35.0,13.0,False,True,Cliff Harris Stadium
401774338,2025,6,regular,2025-10-04 17:00:00,Berry,Rhodes,Southern Athletic,Southern Athletic,54.0,14.0,False,True,Valhalla Stadium
401774346,2025,6,regular,2025-10-04 17:00:00,Centre,Millsaps,Southern Athletic,Southern Athletic,37.0,36.0,False,True,Farris Stadium
401774322,2025,6,regular,2025-10-04 17:00:00,Salisbury,The College of New Jersey,New Jersey,New Jersey,55.0,10.0,False,True,Sea Gull Stadium
401774048,2025,6,regular,2025-10-04 17:00:00,SUNY Cortland,Utica,Empire 8,Empire 8,28.0,13.0,False,True,Stadium Red Field
401774085,2025,6,regular,2025-10-04 17:00:00,Juniata,Western Connecticut State,Landmark Conference,Landmark Conference,15.0,63.0,False,False,Knox Stadium
401774221,2025,6,regular,2025-10-04 17:00:00,LaGrange,North Carolina Wesleyan,USA South,USA South,41.0,24.0,False,True,Callaway Stadium
401774288,2025,6,regular,2025-10-04 17:00:00,Rowan,Christopher Newport,New Jersey,New Jersey,41.0,49.0,False,True,Richard Wackar Stadium
401774303,2025,6,regular,2025-10-04 17:00:00,Western New England,Husson,Commonwealth Coast,Commonwealth Coast,35.0,10.0,False,True,Golden Bear Stadium
401774101,2025,6,regular,2025-10-04 17:00:00,Hobart,Rensselaer,Liberty League,Liberty League,10.0,36.0,False,True,Boswell Field at David J. Urick Stadium
401773473,2025,6,regular,2025-10-04 17:00:00,Wayne State (MI),Michigan Tech,GLIAC,GLIAC,24.0,48.0,False,True,Tom Adams Field
401774124,2025,6,regular,2025-10-04 17:00:00,Trine,Hope,Michigan,Michigan,35.0,55.0,False,True,Fred Zollner Athletic Stadium
401774315,2025,6,regular,2025-10-04 17:00:00,Kean,Montclair State,New Jersey,New Jersey,28.0,38.0,False,True,Kean Alumni Stadium
401776729,2025,6,regular,2025-10-04 17:00:00,Augsburg,St. Olaf,Minnesota,Minnesota,44.0,13.0,False,True,Edor Nelson Field
401774133,2025,6,regular,2025-10-04 17:00:00,William Paterson,Vermont State Castleton,New Jersey,New Jersey,32.0,7.0,False,False,Wightman Stadium
401773236,2025,6,regular,2025-10-04 17:00:00,Walsh,Findlay,Great Midwest Athletic,Great Midwest Athletic,10.0,31.0,False,True,Tom Benson Hall of Fame Stadium
401777231,2025,6,regular,2025-10-04 17:00:00,Hampden Sydney,Washington and Lee,Old Dominion,Old Dominion,34.0,42.0,False,True,Lewis C. Everett Stadium
401777244,2025,6,regular,2025-10-04 17:00:00,Shenandoah,Bridgewater,Old Dominion,Old Dominion,24.0,21.0,False,True,Shentel Stadium
401799147,2025,6,regular,2025-10-04 17:00:00,SUNY Maritime,Coast Guard,NEWMAC,NEWMAC,26.0,28.0,False,True,Reinhart Field
401777269,2025,6,regular,2025-10-04 17:00:00,Saint Vincent,Case Western Reserve,Presidents',Presidents',14.0,42.0,False,True,Chuck Noll Field
401777292,2025,6,regular,2025-10-04 17:00:00,Westminster (PA),Bethany (WV),Presidents',Presidents',52.0,0.0,False,True,Memorial Field (PA)
401777985,2025,6,regular,2025-10-04 17:00:00,Post,Saint Anselm,Northeast 10,Northeast 10,23.0,30.0,False,True,Municipal Stadium
401777998,2025,6,regular,2025-10-04 17:00:00,Muhlenberg,Ursinus,Centennial,Centennial,39.0,36.0,False,True,Scotty Wood Stadium
401778007,2025,6,regular,2025-10-04 17:00:00,Gallaudet,Guilford,Old Dominion,Old Dominion,0.0,55.0,False,False,Hotchkiss Field
401767233,2025,6,regular,2025-10-04 17:00:00,Tennessee Tech,Western Illinois,OVC-Big South,OVC-Big South,66.0,20.0,False,True,Tucker Stadium
401774001,2025,6,regular,2025-10-04 17:00:00,Fort Valley State,Central State,SIAC,SIAC,14.0,18.0,False,True,Wildcat Stadium (GA)
401767621,2025,6,regular,2025-10-04 17:00:00,Drake,Valparaiso,Pioneer,Pioneer,41.0,0.0,False,True,Drake Stadium
401767259,2025,6,regular,2025-10-04 17:00:00,Monmouth,Delaware State,Coastal Athletic,MEAC,49.0,38.0,False,False,Kessler Stadium
401767615,2025,6,regular,2025-10-04 17:00:00,Morehead State,Dayton,Pioneer,Pioneer,28.0,35.0,False,True,Jayne Stadium
401767269,2025,6,regular,2025-10-04 17:00:00,New Hampshire,Villanova,Coastal Athletic,Coastal Athletic,7.0,37.0,False,True,Wildcat Stadium
401767757,2025,6,regular,2025-10-04 17:00:00,Mercyhurst,Long Island University,NEC,NEC,22.0,13.0,False,True,Saxon Stadium
401767604,2025,6,regular,2025-10-04 17:00:00,Stetson,Davidson,Pioneer,Pioneer,35.0,32.0,False,True,Spec Martin Municipal Stadium
401767399,2025,6,regular,2025-10-04 17:00:00,Georgetown,Morgan State,Patriot,MEAC,27.0,24.0,False,False,Cooper Field
401777983,2025,6,regular,2025-10-04 17:00:00,New Haven,Pace,NEC,Northeast 10,28.0,14.0,False,False,Ralph F. DellaCamera Stadium
401774150,2025,6,regular,2025-10-04 17:00:00,Norwich,WPI,NEWMAC,NEWMAC,7.0,14.0,False,True,Sabine Field at Haynes Family Stadium
401783306,2025,6,regular,2025-10-04 17:00:00,Lycoming,Moravian,Landmark Conference,Landmark Conference,17.0,0.0,False,True,David Person Field
401776777,2025,6,regular,2025-10-04 17:00:00,Adrian,Albion,Michigan,Michigan,28.0,7.0,False,True,Docking Stadium
401774065,2025,6,regular,2025-10-04 17:00:00,Gettysburg,Franklin & Marshall,Centennial,Centennial,28.0,35.0,False,True,Shirk Field at Musselman Stadium
401773693,2025,6,regular,2025-10-04 17:00:00,West Liberty,West Virginia State,Mountain East,Mountain East,47.0,41.0,False,True,West Family Stadium
401773718,2025,6,regular,2025-10-04 17:00:00,Franklin Pierce,American International,Northeast 10,Northeast 10,30.0,20.0,False,True,Sodexo Field
401773746,2025,6,regular,2025-10-04 17:00:00,Minnesota St Moorhead,Minot State,Northern Sun,Northern Sun,40.0,37.0,False,True,Scheels Field at Nemzek Stadium
401773777,2025,6,regular,2025-10-04 17:00:00,Concordia St. Paul,Minnesota State,Northern Sun,Northern Sun,19.0,47.0,False,True,Sea Foam Stadium
401762479,2025,6,regular,2025-10-04 17:00:00,Temple,UTSA,American Athletic,American Athletic,27.0,21.0,False,True,Lincoln Financial Field
401773796,2025,6,regular,2025-10-04 17:00:00,Minnesota Duluth,Southwest Minnesota State,Northern Sun,Northern Sun,63.0,28.0,False,True,James S. Malosky Stadium
401773939,2025,6,regular,2025-10-04 17:00:00,Emory & Henry,Carson Newman,South Atlantic,South Atlantic,19.0,13.0,False,True,Fred Selfe Stadium at Nicewonder Field
401774211,2025,6,regular,2025-10-04 17:00:00,Southern Virginia,Greensboro,USA South,USA South,35.0,22.0,False,True,Knight Stadium
401773076,2025,6,regular,2025-10-04 17:00:00,Winston-Salem State,Virginia Union,CIAA,CIAA,34.0,44.0,False,True,Bowman Gray Stadium
401773095,2025,6,regular,2025-10-04 17:00:00,Elizabeth City State,Livingstone,CIAA,CIAA,39.0,27.0,False,True,Roebuck Stadium
401773101,2025,6,regular,2025-10-04 17:00:00,Bluefield State,Shaw,CIAA,CIAA,35.0,33.0,False,True,Mitchell Stadium
401777256,2025,6,regular,2025-10-04 17:00:00,Waynesburg,Allegheny,Presidents',Presidents',11.0,21.0,False,True,John F. Wiley Stadium
401754556,2025,6,regular,2025-10-04 17:00:00,Virginia Tech,Wake Forest,ACC,ACC,23.0,30.0,False,True,Lane Stadium
401777089,2025,6,regular,2025-10-04 17:00:00,Hiram,Washington & Jefferson,Presidents',Presidents',13.0,70.0,False,False,Charles A. Henry Field
401773410,2025,6,regular,2025-10-04 17:00:00,Lincoln (MO),Southwest Baptist,Great Lakes,Great Lakes,21.0,50.0,False,True,Dwight T. Reed Stadium
401767698,2025,6,regular,2025-10-04 17:00:00,Pennsylvania,Dartmouth,Ivy,Ivy,36.0,24.0,False,True,Franklin Field
401773307,2025,6,regular,2025-10-04 17:00:00,St. Lawrence,Hilbert,Liberty League,Empire 8,45.0,14.0,False,False,Leckonby Stadium
401773117,2025,6,regular,2025-10-04 17:00:00,Chowan,North Greenville,Carolinas,Carolinas,16.0,31.0,False,True,Garrison Stadium
401776970,2025,6,regular,2025-10-04 17:00:00,Maine Maritime,Nichols,Commonwealth Coast,Commonwealth Coast,20.0,49.0,False,False,Ritchie Field
401773660,2025,6,regular,2025-10-04 17:00:00,Frostburg State,Concord,Mountain East,Mountain East,33.0,7.0,False,True,Bobcat Stadium (MD)
401783917,2025,6,regular,2025-10-04 17:30:00,Worcester State,Bridgewater State,MSCAC,MSCAC,19.0,10.0,False,True,John Coughlin Memorial Field
401777207,2025,6,regular,2025-10-04 17:30:00,Mount Union,Otterbein,Ohio,Ohio,62.0,7.0,False,True,Mount Union Stadium
401773125,2025,6,regular,2025-10-04 17:30:00,Erskine,UNC Pembroke,Carolinas,Carolinas,7.0,44.0,False,False,J.W. Babb Stadium
401774431,2025,6,regular,2025-10-04 17:30:00,Mount St Joseph,Anderson (IN),Heartland,Heartland,41.0,21.0,False,True,Schueler Field
401767164,2025,6,regular,2025-10-04 17:30:00,Gardner-Webb,Charleston Southern,OVC-Big South,OVC-Big South,30.0,27.0,False,True,Ernest W. Spangler Stadium
401767436,2025,6,regular,2025-10-04 17:30:00,South Carolina State,Savannah State,MEAC,SIAC,49.0,6.0,False,False,Oliver C. Dawson Stadium
401777185,2025,6,regular,2025-10-04 17:30:00,Heidelberg,Capital,Ohio,Ohio,30.0,27.0,False,True,Hoernemann Stadium
401774400,2025,6,regular,2025-10-04 17:30:00,Bluffton,Manchester,Heartland,Heartland,39.0,23.0,False,True,Alumni Field (OH)
401767531,2025,6,regular,2025-10-04 17:30:00,VMI,Chattanooga,Southern,Southern,14.0,21.0,False,True,Alumni Memorial Field
401767592,2025,6,regular,2025-10-04 17:30:00,Wofford,Western Carolina,Southern,Southern,21.0,23.0,False,True,Gibbs Stadium
401766685,2025,6,regular,2025-10-04 17:30:00,Trinity (CT),Tufts,NESCAC,NESCAC,41.0,14.0,False,True,Jessee/Miller Field
401774169,2025,6,regular,2025-10-04 18:00:00,Wisconsin Whitewater,Wisconsin La Crosse,Wisconsin,Wisconsin,20.0,23.0,False,True,Perkins Stadium
401773770,2025,6,regular,2025-10-04 18:00:00,Sioux Falls,Augustana (SD),Northern Sun,Northern Sun,28.0,29.0,False,True,Bob Young Field
401774161,2025,6,regular,2025-10-04 18:00:00,Wisconsin Eau Claire,Wisconsin Stout,Wisconsin,Wisconsin,17.0,42.0,False,True,Carson Park
401773920,2025,6,regular,2025-10-04 18:00:00,Anderson (SC),UVA Wise,South Atlantic,South Atlantic,50.0,7.0,False,True,Spero Financial Field
401773039,2025,6,regular,2025-10-04 18:00:00,Loras,Central College,American Rivers,American Rivers,27.0,45.0,False,True,Rock Bowl
401773068,2025,6,regular,2025-10-04 18:00:00,Virginia State,Johnson C. Smith,CIAA,CIAA,20.0,31.0,False,True,Rogers Stadium (VA)
401773530,2025,6,regular,2025-10-04 18:00:00,Northeastern State,West Florida,Independent DII,Gulf South,24.0,31.0,False,False,Gable Field at Doc Wadley Stadium
401767690,2025,6,regular,2025-10-04 18:00:00,Cornell,Colgate,Ivy,Patriot,21.0,41.0,False,False,Schoellkopf Field
401767033,2025,6,regular,2025-10-04 18:00:00,Bryant,Maine,Coastal Athletic,Coastal Athletic,14.0,34.0,False,True,Bulldog Stadium
401767727,2025,6,regular,2025-10-04 18:00:00,Holy Cross,Harvard,Patriot,Ivy,24.0,59.0,False,False,Fitton Field
401767211,2025,6,regular,2025-10-04 18:00:00,Lindenwood,UT Martin,OVC-Big South,OVC-Big South,30.0,14.0,False,True,Hunter Stadium
401767595,2025,6,regular,2025-10-04 18:00:00,St. Thomas (MN),Butler,Pioneer,Pioneer,14.0,21.0,False,True,O'Shaughnessy Stadium
401774177,2025,6,regular,2025-10-04 18:00:00,Wisconsin River Falls,Wisconsin Oshkosh,Wisconsin,Wisconsin,17.0,21.0,False,True,J.J. Keller Field at Titan Stadium
401773728,2025,6,regular,2025-10-04 18:00:00,Southern Connecticut State,Bentley,Northeast 10,Northeast 10,21.0,34.0,False,True,Jess Dow Field
401778031,2025,6,regular,2025-10-04 18:00:00,Greenville,Westminster (MO),Upper Midwest,Upper Midwest,38.0,24.0,False,True,Francis Field (IL)
401773902,2025,6,regular,2025-10-04 18:00:00,Fort Lewis,Western Colorado,Rocky Mountain,Rocky Mountain,10.0,49.0,False,True,Ray Dennison Memorial Field
401777239,2025,6,regular,2025-10-04 18:00:00,Roanoke College,Randolph Macon,,Old Dominion,17.0,35.0,True,False,Salem Stadium
401777588,2025,6,regular,2025-10-04 18:00:00,East Texas Baptist,Mary Hardin Baylor,American Southwest,American Southwest,28.0,42.0,False,True,Ornelas Stadium
401776752,2025,6,regular,2025-10-04 18:00:00,Bethel (MN),Saint John's (MN),Minnesota,Minnesota,17.0,10.0,False,True,Royal Stadium
401774238,2025,6,regular,2025-10-04 18:00:00,Sewanee,Maryville (TN),Southern Athletic,USA South,7.0,40.0,False,False,Hardee-McGee Field
401766680,2025,6,regular,2025-10-04 18:00:00,Knox,Chicago,Midwest,Midwest,0.0,52.0,False,True,Harley Knosher Bowl
401766681,2025,6,regular,2025-10-04 18:00:00,Grinnell,Monmouth (IL),Midwest,Midwest,9.0,49.0,False,True,Rosenbloom Field
401777030,2025,6,regular,2025-10-04 18:00:00,St. Norbert,Concordia (WI),NACC,NACC,17.0,24.0,False,True,Donald J. Schneider Stadium
401777042,2025,6,regular,2025-10-04 18:00:00,Benedictine (IL),Rockford,NACC,NACC,42.0,9.0,False,True,Village of Lisle-Benedictine University Sports Complex
401777071,2025,6,regular,2025-10-04 18:00:00,Denison,Ohio Wesleyan,North Coast,North Coast,35.0,20.0,False,True,Deeds Field-Piper Stadium
401766682,2025,6,regular,2025-10-04 18:00:00,Illinois College,Lawrence,Midwest,Midwest,59.0,0.0,False,True,England Stadium
401777770,2025,6,regular,2025-10-04 18:00:00,New England College,Curry,,Commonwealth Coast,7.0,62.0,True,False,
401766687,2025,6,regular,2025-10-04 18:00:00,Middlebury,Amherst,NESCAC,NESCAC,17.0,27.0,False,True,Alumni Stadium (VT)
401777202,2025,6,regular,2025-10-04 18:00:00,Ohio Northern,Marietta,Ohio,Ohio,42.0,9.0,False,True,Dial-Roberson Stadium
401777022,2025,6,regular,2025-10-04 18:00:00,Concordia Chicago,Eureka,NACC,NACC,49.0,20.0,False,True,Concordia Stadium
401774360,2025,6,regular,2025-10-04 18:00:00,Millikin,Carroll (WI),CCIW,CCIW,17.0,28.0,False,True,Frank M. Lindsay Field
401773982,2025,6,regular,2025-10-04 18:00:00,Benedict,Allen,SIAC,SIAC,38.0,28.0,False,True,Charlie W. Johnson Stadium
401776804,2025,6,regular,2025-10-04 18:00:00,Kalamazoo,Olivet,Michigan,Michigan,44.0,47.0,False,True,Angell Field
401776737,2025,6,regular,2025-10-04 18:00:00,Concordia (MN),St. Scholastica,Minnesota,Minnesota,49.0,21.0,False,True,Jake Christiansen Stadium
401776790,2025,6,regular,2025-10-04 18:00:00,Alma,Calvin,Michigan,Michigan,55.0,6.0,False,True,Bahlke Field
401774416,2025,6,regular,2025-10-04 18:00:00,Rose Hulman,Hanover,Heartland,Heartland,10.0,44.0,False,True,Cook Stadium
401773799,2025,6,regular,2025-10-04 18:00:00,Winona State,Wayne State (NE),Northern Sun,Northern Sun,21.0,14.0,False,True,Altra Federal Credit Union Stadium
401773485,2025,6,regular,2025-10-04 18:00:00,Roosevelt,Ferris State,GLIAC,GLIAC,0.0,66.0,False,True,Morris Field
401773736,2025,6,regular,2025-10-04 18:00:00,Bemidji State,Northern State,Northern Sun,Northern Sun,24.0,21.0,False,True,Chet Anderson Stadium
401776769,2025,6,regular,2025-10-04 18:00:00,Gustavus Adolphus,Carleton,Minnesota,Minnesota,28.0,45.0,False,True,Hollingsworth Field
401777013,2025,6,regular,2025-10-04 18:00:00,Lakeland,Aurora,NACC,NACC,28.0,49.0,False,True,Taylor Field
401773829,2025,6,regular,2025-10-04 18:00:00,IU Pennsylvania,Edinboro,Pennsylvania State Athletic,Pennsylvania State Athletic,35.0,12.0,False,True,George P. Miller Stadium
401773857,2025,6,regular,2025-10-04 18:00:00,Millersville,Shepherd,Pennsylvania State Athletic,Pennsylvania State Athletic,23.0,38.0,False,True,Chryst Field at Biemesderfer Stadium
401773873,2025,6,regular,2025-10-04 18:00:00,Adams State,Chadron State,Rocky Mountain,Rocky Mountain,2.0,45.0,False,True,Rex Stadium
401773894,2025,6,regular,2025-10-04 18:00:00,Colorado School of Mines,Colorado Mesa,Rocky Mountain,Rocky Mountain,24.0,28.0,False,True,Marv Kay Stadium at Campbell Field
401774184,2025,6,regular,2025-10-04 18:00:00,Wisconsin Platteville,Wisconsin Stevens Point,Wisconsin,Wisconsin,52.0,0.0,False,True,Ralph E. Davis Pioneer Stadium
401774230,2025,6,regular,2025-10-04 18:00:00,Huntingdon,Methodist,USA South,USA South,26.0,0.0,False,True,Charles Lee Field at Samford Stadium
401774351,2025,6,regular,2025-10-04 18:00:00,North Park,Augustana (IL),CCIW,CCIW,21.0,24.0,False,True,Holmgren Athletic Complex
401774369,2025,6,regular,2025-10-04 18:00:00,Elmhurst,Carthage,CCIW,CCIW,7.0,31.0,False,True,Langhorst Field
401783818,2025,6,regular,2025-10-04 18:00:00,Trinity (TX),Southwestern U,Southern Athletic,Southern Athletic,65.0,14.0,False,True,Trinity University Stadium
401767559,2025,6,regular,2025-10-04 18:00:00,Furman,East Tennessee State,Southern,Southern,31.0,22.0,False,True,Paladin Stadium
401773803,2025,6,regular,2025-10-04 18:00:00,Bloomsburg,Lock Haven,Pennsylvania State Athletic,Pennsylvania State Athletic,17.0,38.0,False,True,Robert B. Redman Stadium
401777261,2025,6,regular,2025-10-04 18:00:00,Carnegie Mellon,McDaniel,Presidents',Centennial,56.0,7.0,False,False,Gesling Stadium
401777553,2025,6,regular,2025-10-04 18:00:00,West Chester,East Stroudsburg,Pennsylvania State Athletic,Pennsylvania State Athletic,14.0,45.0,False,True,John A. Farrell Stadium
401777557,2025,6,regular,2025-10-04 18:00:00,Jamestown,University of Mary,Northern Sun,Northern Sun,22.0,44.0,True,False,Charlotte & Gordon Hansen Stadium
401773617,2025,6,regular,2025-10-04 18:00:00,Missouri Southern State,Fort Hays,Mid America,Mid America,21.0,28.0,False,True,Fred G. Hughes Stadium
401773107,2025,6,regular,2025-10-04 18:00:00,Barton,Delta State,Carolinas,Gulf South,0.0,45.0,False,False,Electric Supply Company Field
401773158,2025,6,regular,2025-10-04 18:00:00,Coe,Buena Vista,American Rivers,American Rivers,37.0,10.0,False,True,Clark Field
401773188,2025,6,regular,2025-10-04 18:00:00,Luther,Wartburg,American Rivers,American Rivers,3.0,36.0,False,True,Legacy Field in Carlson Stadium
401773251,2025,6,regular,2025-10-04 18:00:00,Hardin Simmons,Howard Payne,American Southwest,American Southwest,69.0,14.0,False,True,Shelton Stadium
401773428,2025,6,regular,2025-10-04 18:00:00,Missouri S&T,Upper Iowa,Great Lakes,Great Lakes,26.0,36.0,False,True,Allgood-Bailey Stadium
401777106,2025,6,regular,2025-10-04 18:00:00,Wooster,Wittenberg,North Coast,North Coast,14.0,12.0,False,True,John P. Papp Stadium
401773480,2025,6,regular,2025-10-04 18:00:00,Saginaw Valley State,Northern Michigan,GLIAC,GLIAC,47.0,25.0,False,True,Harvey Randall Wickes Memorial Stadium
401754557,2025,6,regular,2025-10-04 18:00:00,NC State,Campbell,ACC,Coastal Athletic,56.0,10.0,False,False,Carter-Finley Stadium
401766678,2025,6,regular,2025-10-04 18:00:00,Beloit,Cornell (IA),Midwest,Midwest,19.0,26.0,False,True,Strong Stadium
401762832,2025,6,regular,2025-10-04 18:30:00,Massachusetts,Western Michigan,Mid-American,Mid-American,3.0,21.0,False,True,Warren McGuirk Alumni Stadium
401777130,2025,6,regular,2025-10-04 18:35:00,John Carroll,Wabash,Ohio,North Coast,31.0,28.0,False,False,Don Shula Stadium at Wasmer Field
401773175,2025,6,regular,2025-10-04 19:00:00,Dubuque,Nebraska Wesleyan,American Rivers,American Rivers,21.0,10.0,False,True,Chalmers Field
401773974,2025,6,regular,2025-10-04 19:00:00,Lane College,Albany State,SIAC,SIAC,6.0,47.0,False,True,Lane Field
401756910,2025,6,regular,2025-10-04 19:00:00,Arizona,Oklahoma State,Big 12,Big 12,41.0,13.0,False,True,Arizona Stadium
401773377,2025,6,regular,2025-10-04 19:00:00,Northwestern (OK),Southern Arkansas,Great American,Great American,16.0,42.0,False,True,Ranger Field
401773372,2025,6,regular,2025-10-04 19:00:00,Southwestern Oklahoma State,Henderson State,Great American,Great American,32.0,35.0,False,True,Milam Stadium
401767362,2025,6,regular,2025-10-04 19:00:00,Alabama State,Bethune-Cookman,SWAC,SWAC,52.0,35.0,False,True,Hornet Stadium
401773417,2025,6,regular,2025-10-04 19:00:00,Quincy,McKendree,Great Lakes,Great Lakes,21.0,24.0,False,True,QU Stadium
401773345,2025,6,regular,2025-10-04 19:00:00,Arkansas Monticello,Southern Nazarene,Great American,Great American,23.0,9.0,False,True,Convoy Leslie Cotton Boll Stadium
401767496,2025,6,regular,2025-10-04 19:00:00,South Dakota,Murray State,MVFC,MVFC,49.0,24.0,False,True,DakotaDome
401773636,2025,6,regular,2025-10-04 19:00:00,Pittsburg State,Nebraska Kearney,Mid America,Mid America,23.0,6.0,False,True,Carnie Smith Stadium
401767175,2025,6,regular,2025-10-04 19:00:00,Eastern Illinois,Tennessee State,OVC-Big South,OVC-Big South,31.0,7.0,False,True,O'Brien Stadium
401767241,2025,6,regular,2025-10-04 19:00:00,Abilene Christian,North Alabama,UAC,UAC,52.0,23.0,False,True,Wildcat Stadium (TX)
401773908,2025,6,regular,2025-10-04 19:00:00,New Mexico Highlands,CSU Pueblo,Rocky Mountain,Rocky Mountain,13.0,59.0,False,True,Sanchez Family Stadium
401774019,2025,6,regular,2025-10-04 19:00:00,Miles,Kentucky State,SIAC,SIAC,17.0,38.0,False,True,Albert J. H. Sloan - Alumni Stadium
401773355,2025,6,regular,2025-10-04 19:00:00,Harding,East Central,Great American,Great American,65.0,0.0,False,True,First Security Stadium
401767273,2025,6,regular,2025-10-04 19:30:00,William & Mary,North Carolina A&T,Coastal Athletic,Coastal Athletic,38.0,34.0,False,True,Zable Stadium
401752855,2025,6,regular,2025-10-04 19:30:00,UCLA,Penn State,Big Ten,Big Ten,42.0,37.0,False,True,Rose Bowl
401773702,2025,6,regular,2025-10-04 19:30:00,Wheeling,West Virginia Wesleyan,Mountain East,Mountain East,40.0,14.0,False,True,Bishop Schmitt Field
401754555,2025,6,regular,2025-10-04 19:30:00,SMU,Syracuse,ACC,ACC,31.0,18.0,False,True,Gerald J. Ford Stadium
401752727,2025,6,regular,2025-10-04 19:30:00,Florida,Texas,SEC,SEC,29.0,21.0,False,True,Ben Hill Griffin Stadium
401767324,2025,6,regular,2025-10-04 19:30:00,UAlbany,Stony Brook,Coastal Athletic,Coastal Athletic,12.0,47.0,False,True,Bob Ford Field
401754554,2025,6,regular,2025-10-04 19:30:00,Louisville,Virginia,ACC,ACC,27.0,30.0,False,True,L&N Federal Credit Union Stadium
401761618,2025,6,regular,2025-10-04 19:30:00,Georgia State,James Madison,Sun Belt,Sun Belt,7.0,14.0,False,True,Center Parc Stadium
401752857,2025,6,regular,2025-10-04 19:30:00,Maryland,Washington,Big Ten,Big Ten,20.0,24.0,False,True,SECU Stadium
401757165,2025,6,regular,2025-10-04 19:30:00,Notre Dame,Boise State,FBS Independents,Mountain West,28.0,7.0,False,False,Notre Dame Stadium
401757171,2025,6,regular,2025-10-04 19:30:00,UConn,Florida International,FBS Independents,Conference USA,51.0,10.0,False,False,Pratt & Whitney Stadium
401762829,2025,6,regular,2025-10-04 19:30:00,Akron,Central Michigan,Mid-American,Mid-American,28.0,22.0,False,True,InfoCision Stadium
401762873,2025,6,regular,2025-10-04 19:30:00,Northern Illinois,Miami (OH),Mid-American,Mid-American,14.0,25.0,False,True,Huskie Stadium
401762831,2025,6,regular,2025-10-04 19:30:00,Buffalo,Eastern Michigan,Mid-American,Mid-American,31.0,30.0,False,True,UB Stadium
401752726,2025,6,regular,2025-10-04 19:30:00,Alabama,Vanderbilt,SEC,SEC,30.0,14.0,False,True,Bryant-Denny Stadium
401752940,2025,6,regular,2025-10-04 19:30:00,App State,Oregon State,Sun Belt,Pac-12,27.0,23.0,False,False,Kidd Brewer Stadium
401752858,2025,6,regular,2025-10-04 19:30:00,Northwestern,UL Monroe,Big Ten,Sun Belt,42.0,7.0,False,False,Lanny and Sharon Martin Stadium
401767484,2025,6,regular,2025-10-04 20:00:00,Lamar,Nicholls,Southland,Southland,24.0,17.0,False,True,Provost Umphrey Stadium
401752729,2025,6,regular,2025-10-04 20:00:00,Oklahoma,Kent State,SEC,Mid-American,44.0,0.0,False,False,"Memorial Stadium (Norman, OK)"
401761620,2025,6,regular,2025-10-04 20:00:00,Arkansas State,Texas State,Sun Belt,Sun Belt,31.0,30.0,False,True,Centennial Bank Stadium
401767183,2025,6,regular,2025-10-04 20:00:00,Hampton,Norfolk State,Coastal Athletic,MEAC,41.0,34.0,False,False,Armstrong Stadium
401773455,2025,6,regular,2025-10-04 20:00:00,Grand Valley State,Davenport,GLIAC,GLIAC,37.0,14.0,False,True,Lubbers Stadium
401774118,2025,6,regular,2025-10-04 20:00:00,Buffalo State,Union,Liberty League,Liberty League,6.0,28.0,False,True,Coyer Field
401777162,2025,6,regular,2025-10-04 20:00:00,Pacific Lutheran,Willamette,Northwest,Northwest,31.0,28.0,False,True,Sparks Stadium
401752860,2025,6,regular,2025-10-04 20:00:00,Nebraska,Michigan State,Big Ten,Big Ten,38.0,27.0,False,True,"Memorial Stadium (Lincoln, NE)"
401766679,2025,6,regular,2025-10-04 20:00:00,Ripon,Lake Forest,Midwest,Midwest,0.0,38.0,False,True,Ingalls Field
401773521,2025,6,regular,2025-10-04 20:00:00,Valdosta State,Lenoir Rhyne,Gulf South,South Atlantic,25.0,32.0,False,False,Bazemore-Hyder Stadium
401777154,2025,6,regular,2025-10-04 20:00:00,Pacific (OR),Whitworth,Northwest,Northwest,14.0,28.0,False,True,Hanson Stadium
401777169,2025,6,regular,2025-10-04 20:00:00,Lewis & Clark,Puget Sound,Northwest,Northwest,58.0,21.0,False,True,Griswold Stadium
401773245,2025,6,regular,2025-10-04 20:00:00,Tiffin,Hillsdale,Great Midwest Athletic,Great Midwest Athletic,28.0,21.0,False,True,Frost-Kalnow Stadium
401767250,2025,6,regular,2025-10-04 20:00:00,Austin Peay,West Georgia,UAC,UAC,44.0,30.0,False,True,Governors Stadium
401767575,2025,6,regular,2025-10-04 20:00:00,Mercer,Samford,Southern,Southern,45.0,21.0,False,True,Five Star Stadium at the Moye Complex
401767153,2025,6,regular,2025-10-04 20:00:00,Towson,Elon,Coastal Athletic,Coastal Athletic,3.0,17.0,False,True,Johnny Unitas Stadium
401767371,2025,6,regular,2025-10-04 20:00:00,Alcorn State,Prairie View A&M,SWAC,SWAC,12.0,13.0,False,True,Jack Spinks Stadium
401773588,2025,6,regular,2025-10-04 20:05:00,Western Oregon,Western New Mexico,Lone Star,Lone Star,41.0,20.0,False,True,McArthur Field
401777140,2025,6,regular,2025-10-04 20:30:00,George Fox,Linfield,Northwest,Northwest,17.0,35.0,False,True,Stoffer Family Stadium
401767108,2025,6,regular,2025-10-04 21:00:00,Northern Arizona,Montana State,Big Sky,Big Sky,10.0,34.0,False,True,Walkup Skydome
401769869,2025,6,regular,2025-10-04 21:00:00,Central Arkansas,Utah Tech,UAC,UAC,23.0,17.0,False,True,Estes Stadium
401767312,2025,6,regular,2025-10-04 21:00:00,Alabama A&M,Jackson State,SWAC,SWAC,24.0,57.0,True,True,Ladd Peebles Stadium
401767503,2025,6,regular,2025-10-04 21:00:00,Northern Iowa,North Dakota,MVFC,MVFC,7.0,35.0,False,True,UNI-Dome
401773169,2025,6,regular,2025-10-04 21:00:00,Kentucky Wesleyan,Ashland,Great Midwest Athletic,Great Midwest Athletic,0.0,55.0,False,True,Steele Stadium
401774409,2025,6,regular,2025-10-04 22:00:00,Muskingum,Franklin,Ohio,Heartland,33.0,34.0,False,False,Sherman Field at McConagha Stadium
401773400,2025,6,regular,2025-10-04 22:00:00,Indianapolis,William Jewell,Great Lakes,Great Lakes,63.0,17.0,False,True,Key Stadium
401767546,2025,6,regular,2025-10-04 22:00:00,Youngstown State,South Dakota State,MVFC,MVFC,30.0,35.0,False,True,Stambaugh Stadium
401773931,2025,6,regular,2025-10-04 22:00:00,Catawba,Mars Hill,South Atlantic,South Atlantic,42.0,28.0,False,True,Shuford Stadium
401761619,2025,6,regular,2025-10-04 22:00:00,Old Dominion,Coastal Carolina,Sun Belt,Sun Belt,47.0,7.0,False,True,S.B. Ballard Stadium
401767438,2025,6,regular,2025-10-04 23:00:00,Illinois State,North Dakota State,MVFC,MVFC,16.0,33.0,False,True,Hancock Stadium
401773526,2025,6,regular,2025-10-04 23:00:00,West Alabama,Lincoln (CA),Gulf South,Independent DII,0.0,0.0,False,False,Tiger Stadium (AL)
401767477,2025,6,regular,2025-10-04 23:00:00,Incarnate Word,Stephen F. Austin,Southland,Southland,17.0,31.0,False,True,Gayle and Tom Benson Stadium
401760385,2025,6,regular,2025-10-04 23:00:00,Wyoming,UNLV,Mountain West,Mountain West,17.0,31.0,False,True,War Memorial Stadium
401767460,2025,6,regular,2025-10-04 23:00:00,Northwestern State,East Texas A&M,Southland,Southland,10.0,40.0,False,True,Harry Turpin Stadium
401774007,2025,6,regular,2025-10-04 23:00:00,Morehouse,Tuskegee,SIAC,SIAC,27.0,20.0,True,True,Cramton Bowl
401774375,2025,6,regular,2025-10-04 23:00:00,Washington St. Louis,Illinois Wesleyan,CCIW,CCIW,42.0,40.0,False,True,Francis Field (MO)
401767381,2025,6,regular,2025-10-04 23:00:00,Texas Southern,Arkansas-Pine Bluff,SWAC,SWAC,51.0,7.0,False,True,BBVA Compass Stadium
401777295,2025,6,regular,2025-10-04 23:00:00,Austin,Centenary (LA),Southern Collegiate Athletic,Southern Collegiate Athletic,41.0,15.0,False,True,Jerry E. Apple Stadium
401773957,2025,6,regular,2025-10-04 23:00:00,Newberry,Wingate,South Atlantic,South Atlantic,43.0,42.0,False,True,Setzler Field
401767294,2025,6,regular,2025-10-04 23:00:00,Tarleton State,Southern Utah,UAC,UAC,52.0,42.0,False,True,"Memorial Stadium (Stephenville, TX)"
401773607,2025,6,regular,2025-10-04 23:00:00,Missouri Western,Emporia State,Mid America,Mid America,14.0,50.0,False,True,Craig Field at Spratt Memorial Stadium
401773335,2025,6,regular,2025-10-04 23:00:00,Arkansas Tech,Southeastern Oklahoma State,Great American,Great American,14.0,10.0,False,True,Thone Stadium at Buerkle Field
401761621,2025,6,regular,2025-10-04 23:00:00,Troy,South Alabama,Sun Belt,Sun Belt,31.0,24.0,False,True,Veterans Memorial Stadium (AL)
401773505,2025,6,regular,2025-10-04 23:00:00,Thomas More,Lake Erie,Great Midwest Athletic,Great Midwest Athletic,15.0,21.0,False,True,BB&T Field at Griffin Plaza
401773538,2025,6,regular,2025-10-04 23:00:00,Angelo State,UT Permian Basin,Lone Star,Lone Star,14.0,28.0,False,True,LeGrand Stadium at 1st Community Credit Union Field
401766686,2025,6,regular,2025-10-04 23:00:00,Bates,Colby,NESCAC,NESCAC,6.0,13.0,False,True,Garcelon Field
401756913,2025,6,regular,2025-10-04 23:00:00,Houston,Texas Tech,Big 12,Big 12,11.0,35.0,False,True,TDECU Stadium
401762477,2025,6,regular,2025-10-04 23:00:00,Rice,Florida Atlantic,American Athletic,American Athletic,21.0,27.0,False,True,Rice Stadium
401767063,2025,6,regular,2025-10-04 23:00:00,Eastern Washington,Portland State,Big Sky,Big Sky,35.0,27.0,False,True,Roos Field
401767492,2025,6,regular,2025-10-04 23:00:00,McNeese,SE Louisiana,Southland,Southland,0.0,38.0,False,True,Cowboy Stadium
401767447,2025,6,regular,2025-10-04 23:00:00,Southern Illinois,Indiana State,MVFC,MVFC,55.0,27.0,False,True,Saluki Stadium
401788917,2025,6,regular,2025-10-04 23:00:00,La Verne,Pomona Pitzer,So. Cal.,So. Cal.,12.0,34.0,False,True,Ortmayer Stadium
401774386,2025,6,regular,2025-10-04 23:00:00,North Central College,Wheaton (IL),CCIW,CCIW,35.0,0.0,False,True,Benedetti-Wehrli Stadium
401777305,2025,6,regular,2025-10-04 23:00:00,Minnesota Morris,Martin Luther,Upper Midwest,Upper Midwest,35.0,28.0,False,True,Big Cat Stadium
401773558,2025,6,regular,2025-10-04 23:00:00,Midwestern State,Texas A&M-Kingsville,Lone Star,Lone Star,31.0,24.0,False,True,"Memorial Stadium (Wichita Falls, TX)"
401752730,2025,6,regular,2025-10-04 23:30:00,Texas A&M,Mississippi State,SEC,SEC,31.0,9.0,False,True,Kyle Field
401756914,2025,6,regular,2025-10-04 23:30:00,TCU,Colorado,Big 12,Big 12,35.0,21.0,False,True,Amon G. Carter Stadium
401756915,2025,6,regular,2025-10-04 23:30:00,UCF,Kansas,Big 12,Big 12,20.0,27.0,False,True,FBC Mortgage Stadium
401754553,2025,6,regular,2025-10-04 23:30:00,Florida State,Miami,ACC,ACC,22.0,28.0,False,True,Doak Campbell Stadium
401752859,2025,6,regular,2025-10-04 23:30:00,Ohio State,Minnesota,Big Ten,Big Ten,42.0,3.0,False,True,Ohio Stadium
401777276,2025,6,regular,2025-10-04 23:35:00,Geneva,Grove City,Presidents',Presidents',9.0,22.0,False,True,Reeves Field (PA)
401776758,2025,6,regular,2025-10-05 00:00:00,Macalester,Hamline,Minnesota,Minnesota,29.0,0.0,False,True,Macalester Stadium
401767469,2025,6,regular,2025-10-05 00:00:00,UT Rio Grande Valley,Houston Christian,Southland,Southland,27.0,7.0,False,False,Robert and Janet Vackar Stadium
401773598,2025,6,regular,2025-10-05 00:00:00,Central Oklahoma,Central Missouri,Mid America,Mid America,34.0,35.0,False,True,Wantland Stadium
401767083,2025,6,regular,2025-10-05 00:00:00,Idaho State,Montana,Big Sky,Big Sky,38.0,42.0,False,True,Holt Arena
401767074,2025,6,regular,2025-10-05 00:00:00,Cal Poly,UC Davis,Big Sky,Big Sky,27.0,34.0,False,True,Alex G. Spanos Stadium
401773883,2025,6,regular,2025-10-05 00:00:00,Black Hills State,South Dakota Mines,Rocky Mountain,Rocky Mountain,13.0,27.0,False,True,Lyle Hare Stadium
401773584,2025,6,regular,2025-10-05 00:00:00,West Texas,Sul Ross State,Lone Star,Lone Star,56.0,7.0,False,True,Buffalo Stadium
401762478,2025,6,regular,2025-10-05 00:00:00,Memphis,Tulsa,American Athletic,American Athletic,45.0,7.0,False,True,Simmons Bank Liberty Stadium
401777612,2025,6,regular,2025-10-05 00:15:00,Crown,Northwestern (MN),Upper Midwest,Upper Midwest,22.0,3.0,False,True,Old National Bank Stadium
401773548,2025,6,regular,2025-10-05 01:00:00,Central Washington,Eastern New Mexico,Lone Star,Lone Star,58.0,7.0,False,True,Tomlinson Stadium
401774262,2025,6,regular,2025-10-05 02:00:00,Cal Lutheran,Claremont Mudd Scripps,So. Cal.,So. Cal.,22.0,17.0,False,True,William Rolland Stadium
401774254,2025,6,regular,2025-10-05 02:00:00,Chapman,Redlands,So. Cal.,So. Cal.,27.0,0.0,False,True,Ernie Chapman Stadium
401760383,2025,6,regular,2025-10-05 02:30:00,Fresno State,Nevada,Mountain West,Mountain West,20.0,17.0,False,True,Valley Children's Stadium
401754551,2025,6,regular,2025-10-05 02:30:00,California,Duke,ACC,ACC,21.0,45.0,False,True,California Memorial Stadium
401757278,2025,7,regular,2025-10-08 23:30:00,Middle Tennessee,Missouri State,Conference USA,Conference USA,20.0,22.0,False,True,"Johnny ""Red"" Floyd Stadium"
401757277,2025,7,regular,2025-10-09 00:00:00,UTEP,Liberty,Conference USA,Conference USA,8.0,19.0,False,True,Sun Bowl
401773365,2025,7,regular,2025-10-09 23:00:00,Southeastern Oklahoma State,Harding,Great American,Great American,7.0,35.0,False,True,Paul Laird Field
401757280,2025,7,regular,2025-10-09 23:00:00,Kennesaw State,Louisiana Tech,Conference USA,Conference USA,35.0,7.0,False,True,Fifth Third Stadium
401762480,2025,7,regular,2025-10-09 23:30:00,Tulane,East Carolina,American Athletic,American Athletic,26.0,19.0,False,True,Yulman Stadium
401757279,2025,7,regular,2025-10-10 00:00:00,Sam Houston,Jacksonville State,Conference USA,Conference USA,27.0,29.0,True,True,BBVA Compass Stadium
401761622,2025,7,regular,2025-10-10 00:00:00,Georgia Southern,Southern Miss,Sun Belt,Sun Belt,35.0,38.0,False,True,Allen E. Paulson Stadium
401767629,2025,7,regular,2025-10-10 23:00:00,Pennsylvania,Marist,Ivy,Pioneer,28.0,9.0,False,False,Franklin Field
401767034,2025,7,regular,2025-10-10 23:00:00,Bryant,Brown,Coastal Athletic,Ivy,19.0,29.0,False,False,Bulldog Stadium
401767691,2025,7,regular,2025-10-10 23:00:00,Harvard,Cornell,Ivy,Ivy,34.0,10.0,False,True,Harvard Stadium
401783354,2025,7,regular,2025-10-10 23:00:00,Stevenson,King's,Mid Atlantic,Mid Atlantic,28.0,35.0,False,True,Mustang Stadium
401762481,2025,7,regular,2025-10-10 23:30:00,North Texas,South Florida,American Athletic,American Athletic,36.0,63.0,False,True,DATCU Stadium
401752862,2025,7,regular,2025-10-11 01:00:00,Washington,Rutgers,Big Ten,Big Ten,38.0,19.0,False,True,Husky Stadium
401760388,2025,7,regular,2025-10-11 01:00:00,Colorado State,Fresno State,Mountain West,Mountain West,49.0,21.0,False,True,Canvas Stadium
401776971,2025,7,regular,2025-10-11 15:00:00,Curry,Maine Maritime,Commonwealth Coast,Commonwealth Coast,60.0,0.0,False,False,Walter M. Katz Field
401773308,2025,7,regular,2025-10-11 16:00:00,Rochester (NY),Hilbert,Liberty League,Empire 8,38.0,0.0,False,False,Edwin Fauver Stadium
401756917,2025,7,regular,2025-10-11 16:00:00,Cincinnati,UCF,Big 12,Big 12,20.0,11.0,False,True,Nippert Stadium
401762835,2025,7,regular,2025-10-11 16:00:00,Bowling Green,Toledo,Mid-American,Mid-American,28.0,23.0,False,True,Doyt L. Perry Stadium
401777136,2025,7,regular,2025-10-11 16:00:00,Wittenberg,John Carroll,North Coast,Ohio,7.0,44.0,False,False,Edwards-Maurer Field
401773822,2025,7,regular,2025-10-11 16:00:00,Gannon,Clarion,Pennsylvania State Athletic,Pennsylvania State Athletic,46.0,48.0,False,True,McConnell Family Stadium
401767736,2025,7,regular,2025-10-11 16:00:00,Columbia,Lehigh,Ivy,Patriot,7.0,31.0,False,False,Lawrence A. Wien Stadium
401767576,2025,7,regular,2025-10-11 16:00:00,Princeton,Mercer,Ivy,Southern,14.0,38.0,False,False,Princeton University Stadium
401773865,2025,7,regular,2025-10-11 16:00:00,Shepherd,West Chester,Pennsylvania State Athletic,Pennsylvania State Athletic,28.0,24.0,False,True,Ram Stadium (WV)
401773862,2025,7,regular,2025-10-11 16:00:00,Seton Hill,Slippery Rock,Pennsylvania State Athletic,Pennsylvania State Athletic,7.0,49.0,False,True,Offutt Field
401773710,2025,7,regular,2025-10-11 16:00:00,Assumption,Pace,Northeast 10,Northeast 10,24.0,7.0,False,True,Multi-Sport Stadium
401773446,2025,7,regular,2025-10-11 16:00:00,Truman State,Upper Iowa,Great Lakes,Great Lakes,48.0,21.0,False,True,Stokes Stadium
401762483,2025,7,regular,2025-10-11 16:00:00,Army,Charlotte,American Athletic,American Athletic,24.0,7.0,False,True,Michie Stadium
401752865,2025,7,regular,2025-10-11 16:00:00,Illinois,Ohio State,Big Ten,Big Ten,16.0,34.0,False,True,"Memorial Stadium (Champaign, IL)"
401752734,2025,7,regular,2025-10-11 16:00:00,Missouri,Alabama,SEC,SEC,24.0,27.0,False,True,Memorial Stadium
401762833,2025,7,regular,2025-10-11 16:00:00,Akron,Miami (OH),Mid-American,Mid-American,7.0,20.0,False,True,InfoCision Stadium
401767344,2025,7,regular,2025-10-11 16:00:00,Delaware State,Southern Connecticut State,MEAC,Northeast 10,70.0,23.0,False,False,Alumni Stadium
401767776,2025,7,regular,2025-10-11 16:00:00,Wagner,Mercyhurst,NEC,NEC,7.0,19.0,False,True,Wagner College Stadium
401774094,2025,7,regular,2025-10-11 16:00:00,Susquehanna,Lycoming,Landmark Conference,Landmark Conference,69.0,7.0,False,True,Amos Alonzo Stagg Field (PA)
401777277,2025,7,regular,2025-10-11 16:00:00,Thiel,Geneva,Presidents',Presidents',38.0,51.0,False,True,Alumni Stadium (PA)
401783345,2025,7,regular,2025-10-11 16:00:00,Eastern,Delaware Valley,Mid Atlantic,Mid Atlantic,37.0,20.0,False,True,O'Hara Field
401774134,2025,7,regular,2025-10-11 16:00:00,Vermont State Castleton,Christopher Newport,New Jersey,New Jersey,7.0,69.0,False,False,Dave Wolk Stadium
401754559,2025,7,regular,2025-10-11 16:00:00,Florida State,Pittsburgh,ACC,ACC,31.0,34.0,False,True,Doak Campbell Stadium
401761625,2025,7,regular,2025-10-11 16:00:00,James Madison,Louisiana,Sun Belt,Sun Belt,24.0,14.0,False,True,Bridgeforth Stadium
401774222,2025,7,regular,2025-10-11 16:00:00,North Carolina Wesleyan,Belhaven,USA South,USA South,38.0,41.0,False,True,Bishop Stadium
401756920,2025,7,regular,2025-10-11 16:00:00,Oklahoma State,Houston,Big 12,Big 12,17.0,39.0,False,True,Boone Pickens Stadium
401752863,2025,7,regular,2025-10-11 16:00:00,Michigan State,UCLA,Big Ten,Big Ten,13.0,38.0,False,True,Spartan Stadium
401777006,2025,7,regular,2025-10-11 16:00:00,Worcester State,Fitchburg State,MSCAC,MSCAC,6.0,21.0,False,True,John Coughlin Memorial Field
401774076,2025,7,regular,2025-10-11 16:00:00,Johns Hopkins,Carnegie Mellon,Centennial,Presidents',28.0,27.0,False,False,Homewood Field
401777954,2025,7,regular,2025-10-11 16:00:00,Northwood,Lake Erie,Great Midwest Athletic,Great Midwest Athletic,52.0,7.0,False,True,Hantz Stadium
401774054,2025,7,regular,2025-10-11 16:00:00,Utica,SUNY Morrisville,Empire 8,Empire 8,27.0,21.0,False,True,Charles A. Gaetano Stadium
401754561,2025,7,regular,2025-10-11 16:00:00,SMU,Stanford,ACC,ACC,34.0,10.0,False,True,Gerald J. Ford Stadium
401767667,2025,7,regular,2025-10-11 16:30:00,Lafayette,Bucknell,Patriot,Patriot,62.0,24.0,False,True,Fisher Field
401774162,2025,7,regular,2025-10-11 16:40:00,Wisconsin La Crosse,Wisconsin Eau Claire,Wisconsin,Wisconsin,41.0,21.0,False,True,Veterans Memorial Stadium (WI)
401752733,2025,7,regular,2025-10-11 16:45:00,Ole Miss,Washington State,SEC,Pac-12,24.0,21.0,False,False,Vaught-Hemingway Stadium
401773102,2025,7,regular,2025-10-11 17:00:00,Shaw,Winston-Salem State,CIAA,CIAA,20.0,13.0,False,True,George Williams Athletic Complex
401767752,2025,7,regular,2025-10-11 17:00:00,Duquesne,Saint Francis,NEC,NEC,52.0,7.0,False,True,Arthur J. Rooney Athletic Field
401767353,2025,7,regular,2025-10-11 17:00:00,Sacred Heart,Howard,FCS Independents,MEAC,32.0,14.0,False,False,Campus Field
401774281,2025,7,regular,2025-10-11 17:00:00,Southwestern U,Sewanee,Southern Athletic,Southern Athletic,39.0,31.0,False,True,Birkelbach Field
401767596,2025,7,regular,2025-10-11 17:00:00,Butler,Presbyterian,Pioneer,Pioneer,25.0,31.0,False,True,Butler Bowl
401783333,2025,7,regular,2025-10-11 17:00:00,Alvernia,Albright,Mid Atlantic,Mid Atlantic,14.0,38.0,False,True,Turf Field
401777992,2025,7,regular,2025-10-11 17:00:00,Dickinson,Gettysburg,Centennial,Centennial,49.0,21.0,False,True,Biddle Field
401774102,2025,7,regular,2025-10-11 17:00:00,Union,Hobart,Liberty League,Liberty League,33.0,16.0,False,True,Frank Bailey Field
401773512,2025,7,regular,2025-10-11 17:00:00,Tiffin,Walsh,Great Midwest Athletic,Great Midwest Athletic,54.0,7.0,False,True,Frost-Kalnow Stadium
401773499,2025,7,regular,2025-10-11 17:00:00,Kentucky Wesleyan,Ohio Dominican,Great Midwest Athletic,Great Midwest Athletic,3.0,21.0,False,True,Steele Stadium
401774086,2025,7,regular,2025-10-11 17:00:00,Catholic,Juniata,Landmark Conference,Landmark Conference,20.0,17.0,False,True,Cardinal Stadium (DC)
401762836,2025,7,regular,2025-10-11 17:00:00,Eastern Michigan,Northern Illinois,Mid-American,Mid-American,16.0,10.0,False,True,Rynearson Stadium
401773496,2025,7,regular,2025-10-11 17:00:00,Ferris State,Wayne State (MI),GLIAC,GLIAC,59.0,0.0,False,True,Top Taggart Field
401776987,2025,7,regular,2025-10-11 17:00:00,Lebanon Valley,Misericordia,Mid Atlantic,Mid Atlantic,21.0,23.0,False,True,Arnold Field (PA)
401776730,2025,7,regular,2025-10-11 17:00:00,Augsburg,Bethel (MN),Minnesota,Minnesota,7.0,56.0,False,True,Edor Nelson Field
401777591,2025,7,regular,2025-10-11 17:00:00,Greensboro,Huntingdon,USA South,USA South,10.0,17.0,False,True,Jamieson Stadium
401774114,2025,7,regular,2025-10-11 17:00:00,Rensselaer,Buffalo State,Liberty League,Liberty League,57.0,13.0,False,True,ECAV Stadium
401774107,2025,7,regular,2025-10-11 17:00:00,St. Lawrence,Ithaca,Liberty League,Liberty League,7.0,24.0,False,True,Leckonby Stadium
401773411,2025,7,regular,2025-10-11 17:00:00,Lincoln (MO),Northeastern State,Great Lakes,Independent DII,3.0,52.0,False,False,Dwight T. Reed Stadium
401773077,2025,7,regular,2025-10-11 17:00:00,Elizabeth City State,Virginia Union,CIAA,CIAA,18.0,37.0,False,True,Roebuck Stadium
401773052,2025,7,regular,2025-10-11 17:00:00,Bowie State,Virginia State,CIAA,CIAA,21.0,28.0,False,True,Bulldogs Stadium
401767400,2025,7,regular,2025-10-11 17:00:00,Morgan State,Virginia Lynchburg,MEAC,,44.0,6.0,False,False,Hughes Stadium
401777245,2025,7,regular,2025-10-11 17:00:00,Guilford,Shenandoah,Old Dominion,Old Dominion,7.0,45.0,False,True,Armfield Athletic Center
401777251,2025,7,regular,2025-10-11 17:00:00,Washington and Lee,Gallaudet,Old Dominion,Old Dominion,45.0,0.0,False,False,Wilson Field
401767274,2025,7,regular,2025-10-11 17:00:00,North Carolina A&T,South Carolina State,Coastal Athletic,MEAC,16.0,22.0,False,False,Aggie Stadium
401774231,2025,7,regular,2025-10-11 17:00:00,Methodist,LaGrange,USA South,USA South,7.0,26.0,False,True,Monarch Stadium
401774239,2025,7,regular,2025-10-11 17:00:00,Maryville (TN),Centre,USA South,Southern Athletic,33.0,13.0,False,False,Lloyd L. Thornton Stadium
401767637,2025,7,regular,2025-10-11 17:00:00,Stetson,Morehead State,Pioneer,Pioneer,21.0,14.0,False,True,Spec Martin Municipal Stadium
401777097,2025,7,regular,2025-10-11 17:00:00,Wabash,Ohio Wesleyan,North Coast,North Coast,44.0,27.0,False,True,Little Giant Stadium
401783310,2025,7,regular,2025-10-11 17:00:00,Moravian,Wilkes,Landmark Conference,Landmark Conference,7.0,26.0,False,True,Rocco Calvo Field
401767739,2025,7,regular,2025-10-11 17:00:00,Colgate,Richmond,Patriot,Patriot,19.0,24.0,False,False,Andy Kerr Stadium
401767192,2025,7,regular,2025-10-11 17:00:00,Merrimack,Maine,FCS Independents,Coastal Athletic,13.0,20.0,False,False,Duane Stadium
401773061,2025,7,regular,2025-10-11 17:00:00,Bluefield State,Lincoln (PA),CIAA,CIAA,30.0,27.0,False,True,Mitchell Stadium
401766695,2025,7,regular,2025-10-11 17:00:00,Hamilton,Trinity (CT),NESCAC,NESCAC,0.0,49.0,False,True,Steuben Field
401774316,2025,7,regular,2025-10-11 17:00:00,Salisbury,Kean,New Jersey,New Jersey,38.0,24.0,False,True,Sea Gull Stadium
401773680,2025,7,regular,2025-10-11 17:00:00,Frostburg State,Glenville State,Mountain East,Mountain East,13.0,19.0,False,True,Bobcat Stadium (MD)
401773858,2025,7,regular,2025-10-11 17:00:00,Shippensburg,Millersville,Pennsylvania State Athletic,Pennsylvania State Athletic,41.0,28.0,False,True,Seth Grove Stadium
401773975,2025,7,regular,2025-10-11 17:00:00,Albany State,Clark Atlanta,SIAC,SIAC,32.0,7.0,False,True,Albany State University Coliseum
401773210,2025,7,regular,2025-10-11 17:00:00,Ashland,Thomas More,Great Midwest Athletic,Great Midwest Athletic,38.0,14.0,False,True,Jack Miller Stadium
401774008,2025,7,regular,2025-10-11 17:00:00,Central State,Morehouse,SIAC,SIAC,26.0,31.0,False,True,McPherson Memorial Stadium
401774066,2025,7,regular,2025-10-11 17:00:00,Franklin & Marshall,Muhlenberg,Centennial,Centennial,28.0,27.0,False,True,Shadek Stadium
401783351,2025,7,regular,2025-10-11 17:00:00,Widener,FDU Florham,Mid Atlantic,Mid Atlantic,20.0,17.0,False,True,Leslie C. Quick Jr. Stadium
401783363,2025,7,regular,2025-10-11 17:00:00,Merchant Marine,SUNY Maritime,NEWMAC,NEWMAC,14.0,34.0,False,True,Brooks Stadium (NY)
401783905,2025,7,regular,2025-10-11 17:00:00,Montclair State,Rowan,New Jersey,New Jersey,26.0,38.0,False,True,Sprague Field
401777221,2025,7,regular,2025-10-11 17:00:00,Randolph Macon,Averett,Old Dominion,Old Dominion,77.0,20.0,False,True,Day Field
401777306,2025,7,regular,2025-10-11 17:00:00,Westminster (MO),Minnesota Morris,Upper Midwest,Upper Midwest,27.0,30.0,False,True,Blue Jay Stadium
401777613,2025,7,regular,2025-10-11 17:00:00,Northwestern (MN),Greenville,Upper Midwest,Upper Midwest,20.0,23.0,False,True,Reynolds Field
401777733,2025,7,regular,2025-10-11 17:00:00,Ursinus,McDaniel,Centennial,Centennial,52.0,0.0,False,True,Patterson Field
401767270,2025,7,regular,2025-10-11 17:00:00,Rhode Island,New Hampshire,Coastal Athletic,Coastal Athletic,38.0,27.0,False,True,Meade Stadium
401779512,2025,7,regular,2025-10-11 17:00:00,New Haven,Western Connecticut State,NEC,Landmark Conference,69.0,0.0,False,False,Ralph F. DellaCamera Stadium
401767448,2025,7,regular,2025-10-11 17:00:00,Indiana State,South Dakota,MVFC,MVFC,14.0,19.0,False,True,Memorial Stadium
401767605,2025,7,regular,2025-10-11 17:00:00,Davidson,St. Thomas (MN),Pioneer,Pioneer,13.0,57.0,False,True,Richardson Stadium
401774424,2025,7,regular,2025-10-11 17:30:00,Manchester,Capital,Heartland,Ohio,27.0,52.0,False,False,Carl W. Burt Memorial Stadium
401777212,2025,7,regular,2025-10-11 17:30:00,Muskingum,Ohio Northern,Ohio,Ohio,16.0,54.0,False,True,Sherman Field at McConagha Stadium
401777208,2025,7,regular,2025-10-11 17:30:00,Wilmington (OH),Mount Union,Ohio,Ohio,0.0,59.0,False,True,Wiliams Stadium (OH)
401773126,2025,7,regular,2025-10-11 17:30:00,Erskine,North Greenville,Carolinas,Carolinas,0.0,30.0,False,True,J.W. Babb Stadium
401766697,2025,7,regular,2025-10-11 17:30:00,Bowdoin,Amherst,NESCAC,NESCAC,7.0,34.0,False,True,Whittier Field
401767699,2025,7,regular,2025-10-11 17:30:00,Dartmouth,Yale,Ivy,Ivy,17.0,16.0,False,True,Memorial Field
401777178,2025,7,regular,2025-10-11 17:30:00,Otterbein,Baldwin Wallace,Ohio,Ohio,14.0,56.0,False,True,"Memorial Stadium (Westerville, OH)"
401766694,2025,7,regular,2025-10-11 17:30:00,Colby,Wesleyan (CT),NESCAC,NESCAC,7.0,24.0,False,True,Seaverns Field At Harold Alfond Stadium
401767407,2025,7,regular,2025-10-11 17:30:00,Wofford,Norfolk State,Southern,MEAC,31.0,14.0,False,False,Gibbs Stadium
401774401,2025,7,regular,2025-10-11 17:30:00,Anderson (IN),Bluffton,Heartland,Heartland,7.0,49.0,False,True,Macholtz Stadium
401774417,2025,7,regular,2025-10-11 17:30:00,Mount St Joseph,Hanover,Heartland,Heartland,21.0,45.0,False,True,Schueler Field
401774410,2025,7,regular,2025-10-11 17:30:00,Franklin,Rose Hulman,Heartland,Heartland,34.0,35.0,False,True,"Stewart """"Red"""" Faught Stadium"
401773082,2025,7,regular,2025-10-11 17:30:00,Fayetteville State,Livingstone,CIAA,CIAA,38.0,14.0,False,True,"Luther ""Nick"" Jeralds Stadium"
401776738,2025,7,regular,2025-10-11 18:00:00,St. Scholastica,Carleton,Minnesota,Minnesota,14.0,41.0,False,True,Public Schools Stadium
401773958,2025,7,regular,2025-10-11 18:00:00,Tusculum,Newberry,South Atlantic,South Atlantic,28.0,35.0,False,True,Pioneer Field (TN)
401767154,2025,7,regular,2025-10-11 18:00:00,Elon,Villanova,Coastal Athletic,Coastal Athletic,21.0,29.0,False,True,Rhodes Stadium
401767143,2025,7,regular,2025-10-11 18:00:00,Hampton,Campbell,Coastal Athletic,Coastal Athletic,21.0,38.0,False,True,Armstrong Stadium
401767260,2025,7,regular,2025-10-11 18:00:00,Towson,Monmouth,Coastal Athletic,Coastal Athletic,31.0,42.0,False,True,Johnny Unitas Stadium
401773237,2025,7,regular,2025-10-11 18:00:00,Findlay,Hillsdale,Great Midwest Athletic,Great Midwest Athletic,16.0,14.0,False,True,Donnell Stadium
401773159,2025,7,regular,2025-10-11 18:00:00,Buena Vista,Luther,American Rivers,American Rivers,31.0,7.0,False,True,J. Leslie Rollins Stadium
401766696,2025,7,regular,2025-10-11 18:00:00,Williams,Middlebury,NESCAC,NESCAC,24.0,17.0,False,True,Farley-Lamb Field
401766692,2025,7,regular,2025-10-11 18:00:00,Chicago,Lawrence,Midwest,Midwest,66.0,0.0,False,True,Amos Alonzo Stagg Field
401773990,2025,7,regular,2025-10-11 18:00:00,Benedict,Fort Valley State,SIAC,SIAC,14.0,7.0,False,True,Charlie W. Johnson Stadium
401774191,2025,7,regular,2025-10-11 18:00:00,Wisconsin Stevens Point,Wisconsin Whitewater,Wisconsin,Wisconsin,14.0,45.0,False,True,Community Stadium at Goerke Park
401774370,2025,7,regular,2025-10-11 18:00:00,Carthage,Washington St. Louis,CCIW,CCIW,23.0,31.0,False,True,Art Keller Field
401774376,2025,7,regular,2025-10-11 18:00:00,Illinois Wesleyan,Wheaton (IL),CCIW,CCIW,21.0,65.0,False,True,Tucci Stadium
401774459,2025,7,regular,2025-10-11 18:00:00,McMurry,Lyon,Southern Collegiate Athletic,Southern Collegiate Athletic,65.0,7.0,False,True,Wilford Moore Stadium
401773048,2025,7,regular,2025-10-11 18:00:00,Simpson (IA),Coe,American Rivers,American Rivers,7.0,34.0,False,True,Bill Buxton Stadium
401778026,2025,7,regular,2025-10-11 18:00:00,Bridgewater,Roanoke College,Old Dominion,,14.0,24.0,False,False,Jopson Athletic Complex
401773672,2025,7,regular,2025-10-11 18:00:00,Fairmont State,West Virginia Wesleyan,Mountain East,Mountain East,45.0,10.0,False,True,Duvall-Rosier Field
401777603,2025,7,regular,2025-10-11 18:00:00,Martin Luther,Crown,Upper Midwest,Upper Midwest,7.0,17.0,False,True,MLC Bowl
401777977,2025,7,regular,2025-10-11 18:00:00,Bentley,Post,Northeast 10,Northeast 10,59.0,0.0,False,True,Bentley University Football Stadium
401774185,2025,7,regular,2025-10-11 18:00:00,Wisconsin River Falls,Wisconsin Platteville,Wisconsin,Wisconsin,31.0,21.0,False,True,David Smith Stadium at Ramer Field
401773456,2025,7,regular,2025-10-11 18:00:00,Davenport,Michigan Tech,GLIAC,GLIAC,14.0,16.0,False,True,Farmers Insurance Athletic Complex
401773418,2025,7,regular,2025-10-11 18:00:00,Southwest Baptist,McKendree,Great Lakes,Great Lakes,24.0,26.0,False,True,Plaster Sports Complex
401773651,2025,7,regular,2025-10-11 18:00:00,Wheeling,Charleston (WV),Mountain East,Mountain East,13.0,20.0,False,True,Bishop Schmitt Field
401776763,2025,7,regular,2025-10-11 18:00:00,Hamline,Concordia (MN),Minnesota,Minnesota,12.0,58.0,False,True,Klas Field
401773771,2025,7,regular,2025-10-11 18:00:00,Augustana (SD),Concordia St. Paul,Northern Sun,Northern Sun,50.0,10.0,False,True,Kirkeby-Over Stadium
401773252,2025,7,regular,2025-10-11 18:00:00,Hardin Simmons,Mary Hardin Baylor,American Southwest,American Southwest,34.0,7.0,False,True,Shelton Stadium
401773373,2025,7,regular,2025-10-11 18:00:00,Henderson State,Northwestern (OK),Great American,Great American,59.0,0.0,False,True,Ruggles Field at Carpenter-Haygood Stadium
401774464,2025,7,regular,2025-10-11 18:00:00,Rhodes,Millsaps,Southern Athletic,Southern Athletic,19.0,45.0,False,True,Crain Field
401777014,2025,7,regular,2025-10-11 18:00:00,Aurora,Rockford,NACC,NACC,48.0,0.0,False,True,Vago Field
401767242,2025,7,regular,2025-10-11 18:00:00,West Georgia,Abilene Christian,UAC,UAC,13.0,30.0,False,True,University Stadium (GA)
401773108,2025,7,regular,2025-10-11 18:00:00,Ferrum,Barton,Carolinas,Carolinas,20.0,34.0,False,False,W.B. Adams Stadium
401773608,2025,7,regular,2025-10-11 18:00:00,Emporia State,Missouri Southern State,Mid America,Mid America,31.0,24.0,False,True,Francis G. Welch Stadium
401773814,2025,7,regular,2025-10-11 18:00:00,Edinboro,California (PA),Pennsylvania State Athletic,Pennsylvania State Athletic,35.0,29.0,False,True,Sox Harrison Stadium
401773641,2025,7,regular,2025-10-11 18:00:00,Central Missouri,Northwest Missouri State,Mid America,Mid America,32.0,49.0,False,True,Audrey J. Walton Stadium at Vernon Kennedy Field
401774020,2025,7,regular,2025-10-11 18:00:00,Kentucky State,Edward Waters,SIAC,SIAC,42.0,14.0,False,True,Alumni Stadium (KY)
401766690,2025,7,regular,2025-10-11 18:00:00,Lake Forest,Beloit,Midwest,Midwest,59.0,0.0,False,True,Farwell Field
401773181,2025,7,regular,2025-10-11 18:00:00,Nebraska Wesleyan,Loras,American Rivers,American Rivers,28.0,31.0,False,True,Abel Stadium
401776753,2025,7,regular,2025-10-11 18:00:00,Saint John's (MN),Macalester,Minnesota,Minnesota,70.0,0.0,False,True,Clemens Stadium
401766689,2025,7,regular,2025-10-11 18:00:00,Knox,Grinnell,Midwest,Midwest,20.0,17.0,False,True,Harley Knosher Bowl
401773895,2025,7,regular,2025-10-11 18:00:00,South Dakota Mines,Colorado School of Mines,Rocky Mountain,Rocky Mountain,14.0,24.0,False,True,O'Harra Stadium
401773661,2025,7,regular,2025-10-11 18:00:00,Concord,West Virginia State,Mountain East,Mountain East,21.0,28.0,False,True,Callaghan Stadium
401777031,2025,7,regular,2025-10-11 18:00:00,Concordia (WI),Lakeland,NACC,NACC,41.0,34.0,False,True,Tomasini Stadium
401767583,2025,7,regular,2025-10-11 18:00:00,The Citadel,Valdosta State,Southern,Gulf South,38.0,14.0,False,False,Johnson Hagood Stadium
401777289,2025,7,regular,2025-10-11 18:00:00,Washington & Jefferson,Westminster (PA),Presidents',Presidents',24.0,7.0,False,True,Cameron Stadium
401774453,2025,7,regular,2025-10-11 18:00:00,Hendrix,Austin,Southern Athletic,Southern Collegiate Athletic,60.0,21.0,False,False,Young-Wise Memorial Stadium
401777282,2025,7,regular,2025-10-11 18:00:00,Grove City,Waynesburg,Presidents',Presidents',24.0,14.0,False,True,Robert E. Thorn Field
401773785,2025,7,regular,2025-10-11 18:00:00,Minnesota State,Winona State,Northern Sun,Northern Sun,47.0,21.0,False,True,Blakeslee Stadium
401774178,2025,7,regular,2025-10-11 18:00:00,Wisconsin Stout,Wisconsin Oshkosh,Wisconsin,Wisconsin,27.0,16.0,False,True,Don and Nona Williams Stadium
401767744,2025,7,regular,2025-10-11 18:00:00,Robert Morris,Central Connecticut,NEC,NEC,12.0,24.0,False,True,Joe Walton Stadium
401767616,2025,7,regular,2025-10-11 18:00:00,Valparaiso,Dayton,Pioneer,Pioneer,10.0,41.0,False,True,Brown Field
401766688,2025,7,regular,2025-10-11 18:00:00,Monmouth (IL),Illinois College,Midwest,Midwest,48.0,15.0,False,True,April Zorn Memorial Stadium
401773486,2025,7,regular,2025-10-11 18:00:00,Saginaw Valley State,Roosevelt,GLIAC,GLIAC,55.0,10.0,False,True,Harvey Randall Wickes Memorial Stadium
401773737,2025,7,regular,2025-10-11 18:00:00,Wayne State (NE),Bemidji State,Northern Sun,Northern Sun,21.0,26.0,False,True,"Memorial Stadium (Wayne, NE)"
401776746,2025,7,regular,2025-10-11 18:00:00,St. Olaf,Gustavus Adolphus,Minnesota,Minnesota,21.0,35.0,False,True,Klein Field at Manitou
401777192,2025,7,regular,2025-10-11 18:30:00,Marietta,Heidelberg,Ohio,Ohio,27.0,30.0,False,True,Don Drumm Stadium
401773946,2025,7,regular,2025-10-11 18:30:00,Mars Hill,Emory & Henry,South Atlantic,South Atlantic,23.0,48.0,False,True,Meares Stadium
401773176,2025,7,regular,2025-10-11 18:30:00,Wartburg,Dubuque,American Rivers,American Rivers,33.0,7.0,False,True,Walston-Hoover Stadium
401762837,2025,7,regular,2025-10-11 18:30:00,Kent State,Massachusetts,Mid-American,Mid-American,42.0,6.0,False,True,Dix Stadium
401767567,2025,7,regular,2025-10-11 18:30:00,Western Carolina,Furman,Southern,Southern,52.0,7.0,False,True,E. J. Whitmire Stadium
401773921,2025,7,regular,2025-10-11 19:00:00,Lenoir Rhyne,Anderson (SC),South Atlantic,South Atlantic,28.0,35.0,False,True,Helen and Leonard Moretz Stadium
401774022,2025,7,regular,2025-10-11 19:00:00,Lane College,Miles,SIAC,SIAC,13.0,23.0,False,True,Lane Field
401773889,2025,7,regular,2025-10-11 19:00:00,Chadron State,New Mexico Highlands,Rocky Mountain,Rocky Mountain,37.0,20.0,False,True,Elliott Field at Don Beebe Stadium
401767084,2025,7,regular,2025-10-11 19:00:00,Montana State,Idaho State,Big Sky,Big Sky,48.0,14.0,False,True,Bobcat Stadium
401766691,2025,7,regular,2025-10-11 19:00:00,Cornell (IA),Ripon,Midwest,Midwest,14.0,22.0,False,True,Van Metre Field at Ash Park
401767537,2025,7,regular,2025-10-11 19:00:00,South Dakota State,Northern Iowa,MVFC,MVFC,31.0,3.0,False,True,Dana J. Dykhouse Stadium
401767313,2025,7,regular,2025-10-11 19:00:00,Alabama A&M,Mississippi Valley State,SWAC,SWAC,45.0,25.0,False,True,Louis Crews Stadium
401767372,2025,7,regular,2025-10-11 19:00:00,Alcorn State,Lincoln (CA),SWAC,Independent DII,42.0,0.0,False,False,Jack Spinks Stadium
401767413,2025,7,regular,2025-10-11 19:00:00,Florida A&M,North Carolina Central,SWAC,MEAC,7.0,45.0,False,False,Bragg Memorial Stadium
401767196,2025,7,regular,2025-10-11 19:00:00,Eastern Illinois,Gardner-Webb,OVC-Big South,OVC-Big South,10.0,21.0,False,True,O'Brien Stadium
401773747,2025,7,regular,2025-10-11 19:00:00,University of Mary,Minnesota St Moorhead,Northern Sun,Northern Sun,35.0,38.0,False,True,MDU Resources Community Bowl
401773387,2025,7,regular,2025-10-11 19:00:00,Southern Nazarene,Ouachita Baptist,Great American,Great American,7.0,28.0,False,True,Southern Nazarene University Football Stadium
401773346,2025,7,regular,2025-10-11 19:00:00,Oklahoma Baptist,Arkansas Monticello,Great American,Great American,17.0,14.0,False,True,Crain Family Stadium
401773336,2025,7,regular,2025-10-11 19:00:00,East Central,Arkansas Tech,Great American,Great American,37.0,21.0,False,True,Koi Ishto Stadium
401773133,2025,7,regular,2025-10-11 19:00:00,UNC Pembroke,Shorter,Carolinas,Carolinas,52.0,21.0,False,False,Grace P. Johnson Stadium
401767390,2025,7,regular,2025-10-11 19:00:00,Bethune-Cookman,Southern,SWAC,SWAC,45.0,14.0,False,True,Municipal Stadium
401773644,2025,7,regular,2025-10-11 19:00:00,Pittsburg State,Washburn,Mid America,Mid America,34.0,10.0,False,True,Carnie Smith Stadium
401773629,2025,7,regular,2025-10-11 19:00:00,Nebraska Kearney,Missouri Western,Mid America,Mid America,27.0,7.0,False,True,Ron & Carol Cope Stadium at Foster Field
401774212,2025,7,regular,2025-10-11 19:00:00,Brevard,Southern Virginia,USA South,USA South,35.0,32.0,False,True,Brevard Memorial Stadium
401774040,2025,7,regular,2025-10-11 19:00:00,Hartwick,St. John Fisher,Empire 8,Empire 8,21.0,35.0,False,True,Wright Stadium
401774361,2025,7,regular,2025-10-11 19:00:00,Carroll (WI),North Park,CCIW,CCIW,24.0,10.0,False,True,Schneider Stadium
401773754,2025,7,regular,2025-10-11 19:00:00,Minot State,Jamestown,Northern Sun,Northern Sun,35.0,28.0,False,False,Herb Parker Stadium
401767236,2025,7,regular,2025-10-11 19:00:00,UT Martin,Western Illinois,OVC-Big South,OVC-Big South,32.0,31.0,False,True,Graham Stadium
401774323,2025,7,regular,2025-10-11 19:00:00,The College of New Jersey,William Paterson,New Jersey,New Jersey,42.0,0.0,False,True,Lions Stadium
401773884,2025,7,regular,2025-10-11 19:00:00,Western Colorado,Black Hills State,Rocky Mountain,Rocky Mountain,56.0,17.0,False,True,Mountaineer Bowl
401767363,2025,7,regular,2025-10-11 19:30:00,Jackson State,Alabama State,SWAC,SWAC,38.0,34.0,False,True,Mississippi Veterans Memorial Stadium
401773394,2025,7,regular,2025-10-11 19:30:00,Southern Arkansas,Southwestern Oklahoma State,Great American,Great American,14.0,12.0,False,True,Wilkins Stadium
401754563,2025,7,regular,2025-10-11 19:30:00,Oregon State,Wake Forest,Pac-12,ACC,14.0,39.0,False,False,Reser Stadium
401760386,2025,7,regular,2025-10-11 19:30:00,UNLV,Air Force,Mountain West,Mountain West,51.0,48.0,False,True,Allegiant Stadium
401752867,2025,7,regular,2025-10-11 19:30:00,Maryland,Nebraska,Big Ten,Big Ten,31.0,34.0,False,True,SECU Stadium
401767511,2025,7,regular,2025-10-11 19:30:00,North Dakota State,Southern Illinois,MVFC,MVFC,45.0,17.0,False,True,Fargodome
401767560,2025,7,regular,2025-10-11 19:30:00,East Tennessee State,VMI,Southern,Southern,45.0,10.0,False,True,William B. Greene Jr. Stadium
401752866,2025,7,regular,2025-10-11 19:30:00,Penn State,Northwestern,Big Ten,Big Ten,21.0,22.0,False,True,Beaver Stadium
401773262,2025,7,regular,2025-10-11 19:30:00,Howard Payne,East Texas Baptist,American Southwest,American Southwest,36.0,18.0,False,True,Gordon Wood Stadium
401752870,2025,7,regular,2025-10-11 19:30:00,Oregon,Indiana,Big Ten,Big Ten,20.0,30.0,False,True,Autzen Stadium
401762834,2025,7,regular,2025-10-11 19:30:00,Western Michigan,Ball State,Mid-American,Mid-American,42.0,0.0,False,True,Waldo Stadium
401754562,2025,7,regular,2025-10-11 19:30:00,Notre Dame,NC State,FBS Independents,ACC,36.0,7.0,False,False,Notre Dame Stadium
401756919,2025,7,regular,2025-10-11 19:30:00,Kansas State,TCU,Big 12,Big 12,41.0,28.0,False,True,Bill Snyder Family Stadium
401752736,2025,7,regular,2025-10-11 19:30:00,Texas,Oklahoma,SEC,SEC,23.0,6.0,True,True,Cotton Bowl
401754560,2025,7,regular,2025-10-11 19:30:00,Georgia Tech,Virginia Tech,ACC,ACC,35.0,20.0,False,True,Bobby Dodd Stadium
401756918,2025,7,regular,2025-10-11 19:30:00,Colorado,Iowa State,Big 12,Big 12,24.0,17.0,False,True,Folsom Field
401761624,2025,7,regular,2025-10-11 19:30:00,Georgia State,App State,Sun Belt,Sun Belt,20.0,41.0,False,True,Center Parc Stadium
401761626,2025,7,regular,2025-10-11 19:30:00,Marshall,Old Dominion,Sun Belt,Sun Belt,48.0,24.0,False,True,Joan C. Edwards Stadium
401783816,2025,7,regular,2025-10-11 20:00:00,La Verne,Cal Lutheran,So. Cal.,So. Cal.,19.0,23.0,False,True,Ortmayer Stadium
401762484,2025,7,regular,2025-10-11 20:00:00,Temple,Navy,American Athletic,American Athletic,31.0,32.0,False,True,Lincoln Financial Field
401773401,2025,7,regular,2025-10-11 20:00:00,Missouri S&T,Indianapolis,Great Lakes,Great Lakes,13.0,56.0,False,True,Allgood-Bailey Stadium
401773434,2025,7,regular,2025-10-11 20:00:00,William Jewell,Quincy,Great Lakes,Great Lakes,33.0,34.0,False,True,Liberty North High School
401777147,2025,7,regular,2025-10-11 20:00:00,Linfield,Pacific (OR),Northwest,Northwest,23.0,6.0,False,True,Maxwell Field
401777163,2025,7,regular,2025-10-11 20:00:00,Puget Sound,Pacific Lutheran,Northwest,Northwest,27.0,41.0,False,True,Baker Stadium
401778024,2025,7,regular,2025-10-11 20:00:00,Willamette,Lewis & Clark,Northwest,Northwest,20.0,28.0,False,True,McCulloch Stadium
401774255,2025,7,regular,2025-10-11 20:00:00,Claremont Mudd Scripps,Redlands,So. Cal.,So. Cal.,10.0,17.0,False,True,Fritz B. Burns Stadium
401767165,2025,7,regular,2025-10-11 20:00:00,Charleston Southern,Tennessee Tech,OVC-Big South,OVC-Big South,13.0,27.0,False,True,Buccaneer Field
401767220,2025,7,regular,2025-10-11 20:00:00,Southeast Missouri State,Tennessee State,OVC-Big South,OVC-Big South,28.0,12.0,False,True,Houck Field
401777624,2025,7,regular,2025-10-11 20:00:00,Oberlin,Kenyon,North Coast,North Coast,2.0,57.0,False,True,Austin E. Knowlton Athletics Complex
401773903,2025,7,regular,2025-10-11 20:00:00,CSU Pueblo,Fort Lewis,Rocky Mountain,Rocky Mountain,49.0,13.0,False,True,Neta and Eddie DeRose ThunderBowl
401777141,2025,7,regular,2025-10-11 20:00:00,Whitworth,George Fox,Northwest,Northwest,40.0,16.0,False,True,The Pine Bowl
401767504,2025,7,regular,2025-10-11 20:00:00,North Dakota,Youngstown State,MVFC,MVFC,35.0,17.0,False,True,Alerus Center
401767079,2025,7,regular,2025-10-11 20:00:00,Montana,Cal Poly,Big Sky,Big Sky,28.0,9.0,False,True,Washington-Grizzly Stadium
401767287,2025,7,regular,2025-10-11 20:00:00,North Alabama,Central Arkansas,UAC,UAC,21.0,49.0,False,True,Braly Municipal Stadium
401752735,2025,7,regular,2025-10-11 20:15:00,Tennessee,Arkansas,SEC,SEC,34.0,31.0,False,True,Neyland Stadium
401777257,2025,7,regular,2025-10-11 20:30:00,Case Western Reserve,Allegheny,Presidents',Presidents',62.0,21.0,False,True,Case Field
401773118,2025,7,regular,2025-10-11 21:00:00,West Florida,Chowan,Gulf South,Carolinas,40.0,10.0,False,True,Pen-Air Field
401767622,2025,7,regular,2025-10-11 21:00:00,San Diego,Drake,Pioneer,Pioneer,16.0,19.0,False,True,Torero Stadium
401767122,2025,7,regular,2025-10-11 21:00:00,Idaho,Northern Colorado,Big Sky,Big Sky,33.0,49.0,False,True,Kibbie Dome
401773549,2025,7,regular,2025-10-11 21:00:00,Eastern New Mexico,Western Oregon,Lone Star,Lone Star,18.0,21.0,False,True,Al Whitehead Field at Greyhound Stadium
401774339,2025,7,regular,2025-10-11 22:00:00,Berry,Trinity (TX),Southern Athletic,Southern Athletic,29.0,6.0,False,True,Valhalla Stadium
401773983,2025,7,regular,2025-10-11 22:00:00,Allen,Savannah State,SIAC,SIAC,20.0,23.0,False,True,W.C. Hawkins Stadium
401773932,2025,7,regular,2025-10-11 22:00:00,Wingate,Catawba,South Atlantic,South Atlantic,41.0,28.0,False,True,Irwin Belk Stadium
401762482,2025,7,regular,2025-10-11 22:00:00,Florida Atlantic,UAB,American Athletic,American Athletic,53.0,33.0,False,True,FAU Stadium
401773847,2025,7,regular,2025-10-11 22:00:00,Lock Haven,Kutztown,Pennsylvania State Athletic,Pennsylvania State Athletic,7.0,34.0,False,True,Hubert Jack Stadium
401773790,2025,7,regular,2025-10-11 22:00:00,Southwest Minnesota State,Sioux Falls,Northern Sun,Northern Sun,14.0,35.0,False,True,Schwan Regional Event Center
401783913,2025,7,regular,2025-10-11 22:00:00,Eureka,Benedictine (IL),NACC,NACC,0.0,56.0,False,True,Pete FioRito Stadium at McKinzie Field
401767251,2025,7,regular,2025-10-11 22:00:00,Eastern Kentucky,Austin Peay,UAC,UAC,34.0,20.0,False,True,Roy Kidd Stadium
401773719,2025,7,regular,2025-10-11 22:00:00,Saint Anselm,Franklin Pierce,Northeast 10,Northeast 10,21.0,0.0,False,True,Grappone Stadium
401773804,2025,7,regular,2025-10-11 22:05:00,East Stroudsburg,Bloomsburg,Pennsylvania State Athletic,Pennsylvania State Athletic,38.0,35.0,False,True,Eiler-Martin Stadium
401767418,2025,7,regular,2025-10-11 23:00:00,Grambling,Texas Southern,SWAC,SWAC,20.0,21.0,False,True,Eddie Robinson Stadium
401752737,2025,7,regular,2025-10-11 23:00:00,Texas A&M,Florida,SEC,SEC,34.0,17.0,False,True,Kyle Field
401767116,2025,7,regular,2025-10-11 23:00:00,UC Davis,Northern Arizona,Big Sky,Big Sky,45.0,24.0,False,True,Aggie Stadium
401767439,2025,7,regular,2025-10-11 23:00:00,Murray State,Illinois State,MVFC,MVFC,32.0,46.0,False,True,Roy Stewart Stadium
401767461,2025,7,regular,2025-10-11 23:00:00,East Texas A&M,Lamar,Southland,Southland,23.0,33.0,False,True,Memorial Stadium (Commerce TX)
401766693,2025,7,regular,2025-10-11 23:00:00,Tufts,Bates,NESCAC,NESCAC,28.0,35.0,False,True,Ellis Oval at Zimman Field
401777072,2025,7,regular,2025-10-11 23:00:00,Wooster,Denison,North Coast,North Coast,7.0,28.0,False,True,John P. Papp Stadium
401760391,2025,7,regular,2025-10-11 23:00:00,Wyoming,San José State,Mountain West,Mountain West,35.0,28.0,False,True,War Memorial Stadium
401761623,2025,7,regular,2025-10-11 23:00:00,Coastal Carolina,UL Monroe,Sun Belt,Sun Belt,23.0,8.0,False,True,Brooks Stadium (SC)
401752869,2025,7,regular,2025-10-11 23:00:00,Wisconsin,Iowa,Big Ten,Big Ten,0.0,37.0,False,True,Camp Randall Stadium
401774275,2025,7,regular,2025-10-11 23:00:00,Centenary (LA),Texas Lutheran,Southern Collegiate Athletic,Southern Collegiate Athletic,27.0,55.0,False,True,Mayo Field
401773464,2025,7,regular,2025-10-11 23:00:00,Northern Michigan,Grand Valley State,GLIAC,GLIAC,7.0,35.0,False,True,Superior Dome
401773574,2025,7,regular,2025-10-11 23:00:00,UT Permian Basin,Central Washington,Lone Star,Lone Star,14.0,27.0,False,True,Ratliff Stadium
401773763,2025,7,regular,2025-10-11 23:00:00,Northern State,Minnesota Duluth,Northern Sun,Northern Sun,34.0,31.0,False,True,Swisher Field
401774352,2025,7,regular,2025-10-11 23:00:00,Elmhurst,Augustana (IL),CCIW,CCIW,7.0,48.0,False,True,Langhorst Field
401774381,2025,7,regular,2025-10-11 23:00:00,North Central College,Millikin,CCIW,CCIW,59.0,10.0,False,True,Benedetti-Wehrli Stadium
401777046,2025,7,regular,2025-10-11 23:00:00,Wisconsin Lutheran,St. Norbert,NACC,NACC,14.0,17.0,False,True,Warrior Field at Raabe Stadium
401777285,2025,7,regular,2025-10-11 23:00:00,Bethany (WV),Saint Vincent,Presidents',Presidents',35.0,57.0,False,True,Bison Stadium
401767470,2025,7,regular,2025-10-11 23:00:00,Houston Christian,Northwestern State,Southland,Southland,20.0,17.0,False,True,Husky Stadium
401752731,2025,7,regular,2025-10-11 23:30:00,Auburn,Georgia,SEC,SEC,10.0,20.0,False,True,Jordan-Hare Stadium
401752868,2025,7,regular,2025-10-11 23:30:00,USC,Michigan,Big Ten,Big Ten,31.0,13.0,False,True,Los Angeles Memorial Coliseum
401756921,2025,7,regular,2025-10-11 23:30:00,Texas Tech,Kansas,Big 12,Big 12,42.0,17.0,False,True,Jones AT&T Stadium
401752864,2025,7,regular,2025-10-11 23:30:00,Minnesota,Purdue,Big Ten,Big Ten,27.0,20.0,False,True,Huntington Bank Stadium
401762485,2025,7,regular,2025-10-11 23:30:00,UTSA,Rice,American Athletic,American Athletic,61.0,13.0,False,True,Alamodome
401754558,2025,7,regular,2025-10-11 23:30:00,Boston College,Clemson,ACC,ACC,10.0,41.0,False,True,"Alumni Stadium (Chestnut Hill, MA)"
401752732,2025,7,regular,2025-10-11 23:45:00,LSU,South Carolina,SEC,SEC,20.0,10.0,False,True,Tiger Stadium (LA)
401767307,2025,7,regular,2025-10-12 00:00:00,Utah Tech,Tarleton State,UAC,UAC,23.0,41.0,False,True,Greater Zion Stadium
401767133,2025,7,regular,2025-10-12 00:00:00,Weber State,Sacramento State,Big Sky,Big Sky,27.0,55.0,False,True,Stewart Stadium
401761627,2025,7,regular,2025-10-12 00:00:00,Texas State,Troy,Sun Belt,Sun Belt,41.0,48.0,False,True,Bobcat Stadium (TX)
401756916,2025,7,regular,2025-10-12 00:00:00,Arizona,BYU,Big 12,Big 12,27.0,33.0,False,True,Arizona Stadium
401773539,2025,7,regular,2025-10-12 00:00:00,Texas A&M-Kingsville,Angelo State,Lone Star,Lone Star,24.0,19.0,False,True,Javelina Stadium
401773559,2025,7,regular,2025-10-12 00:00:00,Sul Ross State,Midwestern State,Lone Star,Lone Star,23.0,69.0,False,True,Jackson Field
401773599,2025,7,regular,2025-10-12 00:00:00,Fort Hays,Central Oklahoma,Mid America,Mid America,14.0,21.0,False,True,Lewis Field Stadium
401773874,2025,7,regular,2025-10-12 00:00:00,Colorado Mesa,Adams State,Rocky Mountain,Rocky Mountain,54.0,17.0,False,True,Ralph Stocker Stadium
401760387,2025,7,regular,2025-10-12 01:45:00,Boise State,New Mexico,Mountain West,Mountain West,41.0,25.0,False,True,Albertsons Stadium
401774268,2025,7,regular,2025-10-12 02:00:00,Pomona Pitzer,Chapman,So. Cal.,So. Cal.,10.0,17.0,False,True,Merritt Field
401756922,2025,7,regular,2025-10-12 02:15:00,Utah,Arizona State,Big 12,Big 12,42.0,10.0,False,True,Rice-Eccles Stadium
401760390,2025,7,regular,2025-10-12 02:30:00,Nevada,San Diego State,Mountain West,Mountain West,10.0,44.0,False,True,Mackay Stadium
401760389,2025,7,regular,2025-10-12 03:59:00,Hawai'i,Utah State,Mountain West,Mountain West,44.0,26.0,False,True,Clarence T.C. Ching Athletics Complex
401757282,2025,8,regular,2025-10-14 23:00:00,Liberty,New Mexico State,Conference USA,Conference USA,30.0,27.0,False,True,Williams Stadium (VA)
401761628,2025,8,regular,2025-10-14 23:30:00,South Alabama,Arkansas State,Sun Belt,Sun Belt,14.0,15.0,False,True,Hancock Whitney Stadium
401757281,2025,8,regular,2025-10-15 00:00:00,Western Kentucky,Florida International,Conference USA,Conference USA,6.0,25.0,False,True,Houchens Industries-L.T. Smith Stadium
401757283,2025,8,regular,2025-10-15 23:00:00,Jacksonville State,Delaware,Conference USA,Conference USA,38.0,25.0,False,True,AmFirst Stadium
401757284,2025,8,regular,2025-10-15 23:00:00,Sam Houston,UTEP,Conference USA,Conference USA,17.0,35.0,True,True,BBVA Compass Stadium
401773395,2025,8,regular,2025-10-16 23:00:00,Southern Nazarene,Southwestern Oklahoma State,Great American,Great American,6.0,31.0,False,True,Southern Nazarene University Football Stadium
401774125,2025,8,regular,2025-10-16 23:00:00,Olivet,Trine,Michigan,Michigan,7.0,59.0,False,True,Cutler Field
401762486,2025,8,regular,2025-10-16 23:30:00,East Carolina,Tulsa,American Athletic,American Athletic,41.0,27.0,False,True,Dowdy-Ficklen Stadium
401776972,2025,8,regular,2025-10-17 22:00:00,Maine Maritime,New England,Commonwealth Coast,Commonwealth Coast,14.0,77.0,False,False,Ritchie Field
401754564,2025,8,regular,2025-10-17 23:00:00,Miami,Louisville,ACC,ACC,21.0,24.0,False,True,Hard Rock Stadium
401773720,2025,8,regular,2025-10-17 23:00:00,Kentucky State,Franklin Pierce,SIAC,Northeast 10,17.0,14.0,False,False,Sodexo Field
401783908,2025,8,regular,2025-10-17 23:00:00,WPI,Springfield,NEWMAC,NEWMAC,10.0,24.0,False,True,"Alumni Stadium (Worcester, MA)"
401774195,2025,8,regular,2025-10-18 00:00:00,Wisconsin Whitewater,Wisconsin Stout,Wisconsin,Wisconsin,34.0,2.0,False,True,Perkins Stadium
401752872,2025,8,regular,2025-10-18 00:00:00,Minnesota,Nebraska,Big Ten,Big Ten,24.0,6.0,False,True,Huntington Bank Stadium
401760396,2025,8,regular,2025-10-18 01:00:00,Utah State,San José State,Mountain West,Mountain West,30.0,25.0,False,True,Maverik Stadium
401754371,2025,8,regular,2025-10-18 02:30:00,California,North Carolina,ACC,ACC,21.0,18.0,False,True,California Memorial Stadium
401774377,2025,8,regular,2025-10-18 15:30:00,Millikin,Illinois Wesleyan,CCIW,CCIW,27.0,49.0,False,True,Frank M. Lindsay Field
401767568,2025,8,regular,2025-10-18 16:00:00,Wofford,Furman,Southern,Southern,31.0,13.0,False,True,Gibbs Stadium
401777771,2025,8,regular,2025-10-18 16:00:00,Husson,New England College,Commonwealth Coast,,48.0,0.0,False,False,Dr. John W. Winkin Sports Complex
401762488,2025,8,regular,2025-10-18 16:00:00,Tulane,Army,American Athletic,American Athletic,24.0,17.0,False,True,Yulman Stadium
401756927,2025,8,regular,2025-10-18 16:00:00,TCU,Baylor,Big 12,Big 12,42.0,36.0,False,True,Amon G. Carter Stadium
401767597,2025,8,regular,2025-10-18 16:00:00,Dayton,Butler,Pioneer,Pioneer,17.0,23.0,False,True,Welcome Stadium
401762841,2025,8,regular,2025-10-18 16:00:00,Miami (OH),Eastern Michigan,Mid-American,Mid-American,44.0,30.0,False,True,Yager Stadium
401762839,2025,8,regular,2025-10-18 16:00:00,Bowling Green,Central Michigan,Mid-American,Mid-American,6.0,27.0,False,True,Doyt L. Perry Stadium
401752745,2025,8,regular,2025-10-18 16:00:00,Vanderbilt,LSU,SEC,SEC,31.0,24.0,False,True,FirstBank Stadium
401778018,2025,8,regular,2025-10-18 16:00:00,Salve Regina,Merchant Marine,NEWMAC,NEWMAC,34.0,38.0,False,True,Toppa Field
401778011,2025,8,regular,2025-10-18 16:00:00,Catholic,Moravian,Landmark Conference,Landmark Conference,26.0,20.0,False,True,Cardinal Stadium (DC)
401767704,2025,8,regular,2025-10-18 16:00:00,Harvard,Merrimack,Ivy,FCS Independents,31.0,7.0,False,False,Harvard Stadium
401777777,2025,8,regular,2025-10-18 16:00:00,Curry,Nichols,Commonwealth Coast,Commonwealth Coast,71.0,27.0,False,True,Walter M. Katz Field
401767553,2025,8,regular,2025-10-18 16:00:00,Brown,Princeton,Ivy,Ivy,21.0,40.0,False,True,Brown Stadium
401767773,2025,8,regular,2025-10-18 16:00:00,Yale,Stonehill,Ivy,NEC,47.0,7.0,False,False,Yale Bowl
401767759,2025,8,regular,2025-10-18 16:00:00,Long Island University,Robert Morris,NEC,NEC,17.0,7.0,False,True,Bethpage Federal Credit Union Stadium
401799148,2025,8,regular,2025-10-18 16:00:00,Coast Guard,MIT,NEWMAC,NEWMAC,24.0,14.0,False,True,Cadet Memorial Field
401756925,2025,8,regular,2025-10-18 16:00:00,Houston,Arizona,Big 12,Big 12,31.0,28.0,False,True,TDECU Stadium
401773673,2025,8,regular,2025-10-18 16:00:00,Edinboro,Fairmont State,Pennsylvania State Athletic,Mountain East,30.0,35.0,False,False,Sox Harrison Stadium
401773698,2025,8,regular,2025-10-18 16:00:00,West Virginia State,Wheeling,Mountain East,Mountain East,20.0,24.0,False,True,Dickerson Stadium
401773711,2025,8,regular,2025-10-18 16:00:00,Post,Assumption,Northeast 10,Northeast 10,27.0,63.0,False,True,Municipal Stadium
401783902,2025,8,regular,2025-10-18 16:00:00,Montclair State,Salisbury,New Jersey,New Jersey,21.0,56.0,False,True,Sprague Field
401783346,2025,8,regular,2025-10-18 16:00:00,FDU Florham,Delaware Valley,Mid Atlantic,Mid Atlantic,14.0,41.0,False,True,Robert T. Shields Field
401773211,2025,8,regular,2025-10-18 16:00:00,Ohio Dominican,Ashland,Great Midwest Athletic,Great Midwest Athletic,14.0,31.0,False,True,Panther Stadium (OH)
401773474,2025,8,regular,2025-10-18 16:00:00,Michigan Tech,Ferris State,GLIAC,GLIAC,10.0,38.0,False,True,Sherman Field
401774135,2025,8,regular,2025-10-18 16:00:00,Vermont State Castleton,The College of New Jersey,New Jersey,New Jersey,7.0,48.0,False,False,Dave Wolk Stadium
401752873,2025,8,regular,2025-10-18 16:00:00,Michigan,Washington,Big Ten,Big Ten,24.0,7.0,False,True,Michigan Stadium
401754566,2025,8,regular,2025-10-18 16:00:00,Duke,Georgia Tech,ACC,ACC,18.0,27.0,False,True,Wallace Wade Stadium
401754569,2025,8,regular,2025-10-18 16:00:00,Boston College,UConn,ACC,FBS Independents,23.0,38.0,False,False,"Alumni Stadium (Chestnut Hill, MA)"
401773281,2025,8,regular,2025-10-18 16:00:00,Plymouth State,Anna Maria College,MSCAC,MSCAC,28.0,35.0,False,False,Charles L. Currier Memorial Field
401773271,2025,8,regular,2025-10-18 16:00:00,Brockport,Alfred State,Empire 8,Empire 8,48.0,14.0,False,False,Bob Boozer Field
401773238,2025,8,regular,2025-10-18 16:00:00,Findlay,Kentucky Wesleyan,Great Midwest Athletic,Great Midwest Athletic,28.0,0.0,False,True,Donnell Stadium
401773506,2025,8,regular,2025-10-18 16:00:00,Thomas More,Tiffin,Great Midwest Athletic,Great Midwest Athletic,10.0,45.0,False,True,BB&T Field at Griffin Plaza
401786477,2025,8,regular,2025-10-18 16:00:00,Framingham State,Westfield State,MSCAC,MSCAC,35.0,24.0,False,True,Bowditch Field
401777007,2025,8,regular,2025-10-18 16:00:00,Mass Maritime,Fitchburg State,MSCAC,MSCAC,10.0,0.0,False,True,Clean Harbors Stadium
401752744,2025,8,regular,2025-10-18 16:45:00,South Carolina,Oklahoma,SEC,SEC,7.0,26.0,False,True,Williams-Brice Stadium
401766705,2025,8,regular,2025-10-18 17:00:00,Bates,Williams,NESCAC,NESCAC,30.0,37.0,False,True,Garcelon Field
401774143,2025,8,regular,2025-10-18 17:00:00,Western Connecticut State,Lycoming,Landmark Conference,Landmark Conference,24.0,42.0,False,False,Westside Athletic Complex
401773062,2025,8,regular,2025-10-18 17:00:00,Virginia Union,Lincoln (PA),CIAA,CIAA,66.0,21.0,False,True,Hovey Field
401777098,2025,8,regular,2025-10-18 17:00:00,Ohio Wesleyan,Wooster,North Coast,North Coast,20.0,24.0,False,True,Selby Stadium
401773694,2025,8,regular,2025-10-18 17:00:00,West Virginia Wesleyan,West Liberty,Mountain East,Mountain East,11.0,35.0,False,True,Cebe Ross Field
401774087,2025,8,regular,2025-10-18 17:00:00,Juniata,Susquehanna,Landmark Conference,Landmark Conference,7.0,56.0,False,True,Knox Stadium
401774077,2025,8,regular,2025-10-18 17:00:00,Johns Hopkins,Ursinus,Centennial,Centennial,52.0,21.0,False,True,Homewood Field
401773652,2025,8,regular,2025-10-18 17:00:00,Charleston (WV),Frostburg State,Mountain East,Mountain East,30.0,32.0,False,True,University of Charleston Stadium
401773852,2025,8,regular,2025-10-18 17:00:00,Lock Haven,West Chester,Pennsylvania State Athletic,Pennsylvania State Athletic,28.0,21.0,False,True,Hubert Jack Stadium
401773457,2025,8,regular,2025-10-18 17:00:00,Wayne State (MI),Davenport,GLIAC,GLIAC,14.0,49.0,False,True,Tom Adams Field
401777090,2025,8,regular,2025-10-18 17:00:00,Bethany (WV),Hiram,Presidents',Presidents',21.0,42.0,False,False,Bison Stadium
401777971,2025,8,regular,2025-10-18 17:00:00,Saint Anselm,American International,Northeast 10,Northeast 10,27.0,14.0,False,True,Grappone Stadium
401777240,2025,8,regular,2025-10-18 17:00:00,Guilford,Randolph Macon,Old Dominion,Old Dominion,0.0,47.0,False,True,Armfield Athletic Center
401778035,2025,8,regular,2025-10-18 17:00:00,Belhaven,Greensboro,USA South,USA South,41.0,26.0,False,True,Belhaven Bowl Stadium
401756928,2025,8,regular,2025-10-18 17:00:00,UCF,West Virginia,Big 12,Big 12,45.0,13.0,False,True,FBC Mortgage Stadium
401777131,2025,8,regular,2025-10-18 17:00:00,Kenyon,Wabash,North Coast,North Coast,12.0,46.0,False,True,McBride Field
401777262,2025,8,regular,2025-10-18 17:00:00,Carnegie Mellon,Gettysburg,Presidents',Centennial,44.0,20.0,False,False,Gesling Stadium
401777278,2025,8,regular,2025-10-18 17:00:00,Waynesburg,Geneva,Presidents',Presidents',20.0,62.0,False,True,John F. Wiley Stadium
401777286,2025,8,regular,2025-10-18 17:00:00,Saint Vincent,Washington & Jefferson,Presidents',Presidents',10.0,56.0,False,True,Chuck Noll Field
401778028,2025,8,regular,2025-10-18 17:00:00,Crown,Westminster (MO),Upper Midwest,Upper Midwest,19.0,6.0,False,True,Old National Bank Stadium
401767700,2025,8,regular,2025-10-18 17:00:00,Fordham,Dartmouth,Patriot,Ivy,13.0,30.0,False,False,Jack Coffey Field
401767692,2025,8,regular,2025-10-18 17:00:00,Cornell,Bucknell,Ivy,Patriot,30.0,20.0,False,False,Schoellkopf Field
401774248,2025,8,regular,2025-10-18 17:00:00,LaGrange,Brevard,USA South,USA South,17.0,10.0,False,True,Callaway Stadium
401773976,2025,8,regular,2025-10-18 17:00:00,Albany State,Tuskegee,SIAC,SIAC,7.0,3.0,False,True,Albany State University Coliseum
401773947,2025,8,regular,2025-10-18 17:00:00,Emory & Henry,Wingate,South Atlantic,South Atlantic,20.0,27.0,False,True,Fred Selfe Stadium at Nicewonder Field
401773922,2025,8,regular,2025-10-18 17:00:00,Anderson (SC),Carson Newman,South Atlantic,South Atlantic,6.0,28.0,False,True,Spero Financial Field
401773053,2025,8,regular,2025-10-18 17:00:00,Bluefield State,Bowie State,CIAA,CIAA,37.0,42.0,False,True,Mitchell Stadium
401767261,2025,8,regular,2025-10-18 17:00:00,Monmouth,Stony Brook,Coastal Athletic,Coastal Athletic,49.0,21.0,False,True,Kessler Stadium
401774009,2025,8,regular,2025-10-18 17:00:00,Morehouse,Lane College,SIAC,SIAC,31.0,7.0,False,True,B.T. Harvey Stadium
401774067,2025,8,regular,2025-10-18 17:00:00,Dickinson,Franklin & Marshall,Centennial,Centennial,20.0,23.0,False,True,Biddle Field
401777293,2025,8,regular,2025-10-18 17:00:00,Westminster (PA),Thiel,Presidents',Presidents',48.0,6.0,False,True,Memorial Field (PA)
401777604,2025,8,regular,2025-10-18 17:00:00,Martin Luther,Greenville,Upper Midwest,Upper Midwest,41.0,39.0,False,True,MLC Bowl
401774289,2025,8,regular,2025-10-18 17:00:00,Christopher Newport,Kean,New Jersey,New Jersey,49.0,0.0,False,True,TowneBank Stadium
401777955,2025,8,regular,2025-10-18 17:00:00,Lake Erie,Walsh,Great Midwest Athletic,Great Midwest Athletic,13.0,20.0,False,True,Jack Britt Memorial Stadium
401766698,2025,8,regular,2025-10-18 17:00:00,Chicago,Ripon,Midwest,Midwest,37.0,12.0,False,True,Amos Alonzo Stagg Field
401767505,2025,8,regular,2025-10-18 17:00:00,Southern Illinois,North Dakota,MVFC,MVFC,19.0,38.0,False,True,Saluki Stadium
401806691,2025,8,regular,2025-10-18 17:00:00,Hamilton,Tufts,NESCAC,NESCAC,28.0,38.0,False,True,Steuben Field
401773729,2025,8,regular,2025-10-18 17:00:00,Pace,Southern Connecticut State,Northeast 10,Northeast 10,34.0,35.0,False,True,Pace Stadium
401766704,2025,8,regular,2025-10-18 17:00:00,Trinity (CT),Middlebury,NESCAC,NESCAC,28.0,26.0,False,True,Jessee/Miller Field
401773096,2025,8,regular,2025-10-18 17:00:00,Winston-Salem State,Livingstone,CIAA,CIAA,42.0,10.0,False,True,Bowman Gray Stadium
401773246,2025,8,regular,2025-10-18 17:00:00,Hillsdale,Northwood,Great Midwest Athletic,Great Midwest Athletic,19.0,48.0,False,True,"Frank ""Muddy"" Waters Stadium"
401773300,2025,8,regular,2025-10-18 17:00:00,SUNY Cortland,Alfred,Empire 8,Empire 8,65.0,12.0,False,True,Stadium Red Field
401773843,2025,8,regular,2025-10-18 17:00:00,Slippery Rock,IU Pennsylvania,Pennsylvania State Athletic,Pennsylvania State Athletic,30.0,27.0,False,True,Mihalik-Thompson Stadium
401774213,2025,8,regular,2025-10-18 17:00:00,Southern Virginia,Methodist,USA South,USA South,30.0,13.0,False,True,Knight Stadium
401783819,2025,8,regular,2025-10-18 17:00:00,Trinity (TX),Rhodes,Southern Athletic,Southern Athletic,63.0,0.0,False,True,Trinity University Stadium
401783340,2025,8,regular,2025-10-18 17:00:00,King's,Alvernia,Mid Atlantic,Mid Atlantic,52.0,0.0,False,True,McCarthy Stadium (Wilkes Barre)
401777081,2025,8,regular,2025-10-18 17:00:00,DePauw,John Carroll,North Coast,Ohio,27.0,31.0,False,False,Blackstock Stadium
401776988,2025,8,regular,2025-10-18 17:00:00,Widener,Lebanon Valley,Mid Atlantic,Mid Atlantic,14.0,34.0,False,True,Leslie C. Quick Jr. Stadium
401767606,2025,8,regular,2025-10-18 17:00:00,Drake,Davidson,Pioneer,Pioneer,45.0,0.0,False,True,Drake Stadium
401767197,2025,8,regular,2025-10-18 17:00:00,Southeast Missouri State,Eastern Illinois,OVC-Big South,OVC-Big South,42.0,13.0,False,True,Houck Field
401776782,2025,8,regular,2025-10-18 17:00:00,Albion,Alma,Michigan,Michigan,27.0,48.0,False,True,Sprankle-Sprandel Stadium
401767722,2025,8,regular,2025-10-18 17:00:00,Georgetown,Colgate,Patriot,Patriot,21.0,17.0,False,True,Cooper Field
401766703,2025,8,regular,2025-10-18 17:00:00,Wesleyan (CT),Bowdoin,NESCAC,NESCAC,17.0,25.0,False,True,Corwin Stadium
401776778,2025,8,regular,2025-10-18 17:00:00,Calvin,Adrian,Michigan,Michigan,17.0,48.0,False,True,Grand Rapids Christian High School
401767440,2025,8,regular,2025-10-18 17:00:00,Illinois State,Youngstown State,MVFC,MVFC,35.0,40.0,False,True,Hancock Stadium
401766706,2025,8,regular,2025-10-18 17:00:00,Amherst,Colby,NESCAC,NESCAC,9.0,13.0,False,True,Pratt Field at Lehrman Stadium
401767449,2025,8,regular,2025-10-18 17:00:00,Indiana State,North Dakota State,MVFC,MVFC,7.0,38.0,False,True,Memorial Stadium
401783334,2025,8,regular,2025-10-18 17:00:00,Eastern,Albright,Mid Atlantic,Mid Atlantic,17.0,10.0,False,True,O'Hara Field
401767641,2025,8,regular,2025-10-18 17:00:00,Presbyterian,Stetson,Pioneer,Pioneer,42.0,7.0,False,True,Bailey Memorial Stadium
401767184,2025,8,regular,2025-10-18 17:00:00,Villanova,Hampton,Coastal Athletic,Coastal Athletic,56.0,14.0,False,True,Villanova Stadium
401773090,2025,8,regular,2025-10-18 17:00:00,Shaw,Johnson C. Smith,CIAA,CIAA,0.0,52.0,False,True,George Williams Athletic Complex
401774402,2025,8,regular,2025-10-18 17:30:00,Bluffton,Mount St Joseph,Heartland,Heartland,7.0,35.0,False,True,Alumni Field (OH)
401777186,2025,8,regular,2025-10-18 17:30:00,Ohio Northern,Capital,Ohio,Ohio,56.0,0.0,False,True,Dial-Roberson Stadium
401777203,2025,8,regular,2025-10-18 17:30:00,Marietta,Muskingum,Ohio,Ohio,31.0,35.0,False,True,Don Drumm Stadium
401767203,2025,8,regular,2025-10-18 17:30:00,Gardner-Webb,UT Martin,OVC-Big South,OVC-Big South,7.0,37.0,False,True,Ernest W. Spangler Stadium
401777215,2025,8,regular,2025-10-18 17:30:00,Otterbein,Wilmington (OH),Ohio,Ohio,41.0,54.0,False,True,"Memorial Stadium (Westerville, OH)"
401767581,2025,8,regular,2025-10-18 17:30:00,VMI,Samford,Southern,Southern,22.0,24.0,False,True,Alumni Memorial Field
401767532,2025,8,regular,2025-10-18 17:30:00,Chattanooga,East Tennessee State,Southern,Southern,42.0,38.0,False,True,Finley Stadium
401773347,2025,8,regular,2025-10-18 17:30:00,Arkansas Monticello,Ouachita Baptist,Great American,Great American,10.0,45.0,False,True,Convoy Leslie Cotton Boll Stadium
401767683,2025,8,regular,2025-10-18 17:30:00,Columbia,Pennsylvania,Ivy,Ivy,21.0,35.0,False,True,Lawrence A. Wien Stadium
401776997,2025,8,regular,2025-10-18 17:30:00,Stevenson,Misericordia,Mid Atlantic,Mid Atlantic,28.0,29.0,False,True,Mustang Stadium
401773662,2025,8,regular,2025-10-18 17:30:00,Glenville State,Concord,Mountain East,Mountain East,42.0,30.0,False,True,I.L. & Sue Morris Stadium
401777193,2025,8,regular,2025-10-18 17:30:00,Heidelberg,Mount Union,Ohio,Ohio,6.0,38.0,False,True,Hoernemann Stadium
401774436,2025,8,regular,2025-10-18 17:30:00,Baldwin Wallace,Rose Hulman,Ohio,Heartland,52.0,20.0,False,False,George Finnie Stadium
401774411,2025,8,regular,2025-10-18 17:30:00,Franklin,Manchester,Heartland,Heartland,48.0,21.0,False,True,"Stewart """"Red"""" Faught Stadium"
401774418,2025,8,regular,2025-10-18 17:30:00,Hanover,Anderson (IN),Heartland,Heartland,58.0,0.0,False,True,Alumni Stadium (IN)
401773805,2025,8,regular,2025-10-18 18:00:00,Bloomsburg,Shepherd,Pennsylvania State Athletic,Pennsylvania State Athletic,13.0,37.0,False,True,Robert B. Redman Stadium
401773189,2025,8,regular,2025-10-18 18:00:00,Luther,Simpson (IA),American Rivers,American Rivers,3.0,36.0,False,True,Legacy Field in Carlson Stadium
401766699,2025,8,regular,2025-10-18 18:00:00,Lawrence,Beloit,Midwest,Midwest,0.0,34.0,False,True,Ron Roberts Field at the Banta Bowl
401774276,2025,8,regular,2025-10-18 18:00:00,Texas Lutheran,Hendrix,Southern Collegiate Athletic,Southern Athletic,50.0,48.0,False,False,Bulldog Stadium (TX)
401773623,2025,8,regular,2025-10-18 18:00:00,Missouri Southern State,Nebraska Kearney,Mid America,Mid America,24.0,16.0,False,True,Fred G. Hughes Stadium
401773182,2025,8,regular,2025-10-18 18:00:00,Loras,Wartburg,American Rivers,American Rivers,20.0,40.0,False,True,Rock Bowl
401776739,2025,8,regular,2025-10-18 18:00:00,Gustavus Adolphus,St. Scholastica,Minnesota,Minnesota,45.0,6.0,False,True,Hollingsworth Field
401776731,2025,8,regular,2025-10-18 18:00:00,Macalester,Augsburg,Minnesota,Minnesota,21.0,32.0,False,True,Macalester Stadium
401774371,2025,8,regular,2025-10-18 18:00:00,Wheaton (IL),Carthage,CCIW,CCIW,47.0,21.0,False,True,McCully Stadium
401766700,2025,8,regular,2025-10-18 18:00:00,Lake Forest,Grinnell,Midwest,Midwest,70.0,0.0,False,True,Farwell Field
401767649,2025,8,regular,2025-10-18 18:00:00,St. Thomas (MN),Valparaiso,Pioneer,Pioneer,55.0,17.0,False,True,O'Shaughnessy Stadium
401773040,2025,8,regular,2025-10-18 18:00:00,Central College,Nebraska Wesleyan,American Rivers,American Rivers,34.0,13.0,False,True,Ron and Joyce Schipper Stadium
401777047,2025,8,regular,2025-10-18 18:00:00,St. Norbert,Eureka,NACC,NACC,44.0,0.0,False,True,Donald J. Schneider Stadium
401774460,2025,8,regular,2025-10-18 18:00:00,Austin,McMurry,Southern Collegiate Athletic,Southern Collegiate Athletic,13.0,31.0,False,True,Jerry E. Apple Stadium
401777246,2025,8,regular,2025-10-18 18:00:00,Roanoke College,Shenandoah,,Old Dominion,20.0,33.0,True,False,Salem Stadium
401774393,2025,8,regular,2025-10-18 18:00:00,Washington St. Louis,Elmhurst,CCIW,CCIW,17.0,0.0,False,True,Francis Field (MO)
401776747,2025,8,regular,2025-10-18 18:00:00,Bethel (MN),St. Olaf,Minnesota,Minnesota,64.0,10.0,False,True,Royal Stadium
401774223,2025,8,regular,2025-10-18 18:00:00,Huntingdon,North Carolina Wesleyan,USA South,USA South,20.0,21.0,False,True,Charles Lee Field at Samford Stadium
401762842,2025,8,regular,2025-10-18 18:00:00,Toledo,Kent State,Mid-American,Mid-American,45.0,10.0,False,True,Glass Bowl
401774240,2025,8,regular,2025-10-18 18:00:00,Millsaps,Maryville (TN),Southern Athletic,USA South,31.0,21.0,False,False,Harper Davis Field
401777036,2025,8,regular,2025-10-18 18:00:00,Lakeland,Wisconsin Lutheran,NACC,NACC,31.0,34.0,False,True,Taylor Field
401776764,2025,8,regular,2025-10-18 18:00:00,Carleton,Hamline,Minnesota,Minnesota,63.0,14.0,False,True,Laird Stadium
401773442,2025,8,regular,2025-10-18 18:00:00,Upper Iowa,Southwest Baptist,Great Lakes,Great Lakes,39.0,2.0,False,True,Harms-Eischeid Stadium
401773912,2025,8,regular,2025-10-18 18:00:00,South Dakota Mines,Western Colorado,Rocky Mountain,Rocky Mountain,13.0,34.0,False,True,O'Harra Stadium
401773069,2025,8,regular,2025-10-18 18:00:00,Virginia State,Elizabeth City State,CIAA,CIAA,24.0,20.0,False,True,Rogers Stadium (VA)
401773837,2025,8,regular,2025-10-18 18:00:00,Seton Hill,Gannon,Pennsylvania State Athletic,Pennsylvania State Athletic,28.0,14.0,False,True,Offutt Field
401767728,2025,8,regular,2025-10-18 18:00:00,Richmond,Holy Cross,Patriot,Patriot,22.0,28.0,False,False,E. Claiborne Robins Stadium
401773890,2025,8,regular,2025-10-18 18:00:00,Fort Lewis,Chadron State,Rocky Mountain,Rocky Mountain,0.0,41.0,False,True,Ray Dennison Memorial Field
401773875,2025,8,regular,2025-10-18 18:00:00,Colorado School of Mines,Adams State,Rocky Mountain,Rocky Mountain,72.0,14.0,False,True,Marv Kay Stadium at Campbell Field
401773465,2025,8,regular,2025-10-18 18:00:00,Grand Valley State,Saginaw Valley State,GLIAC,GLIAC,19.0,20.0,False,True,Lubbers Stadium
401767497,2025,8,regular,2025-10-18 18:00:00,Murray State,South Dakota State,MVFC,MVFC,14.0,35.0,False,True,Roy Stewart Stadium
401773134,2025,8,regular,2025-10-18 18:00:00,North Greenville,UNC Pembroke,Carolinas,Carolinas,20.0,7.0,False,False,Younts Stadium
401767459,2025,8,regular,2025-10-18 18:00:00,Texas Southern,Virginia Lynchburg,SWAC,,61.0,10.0,False,False,BBVA Compass Stadium
401774282,2025,8,regular,2025-10-18 18:00:00,Sewanee,Berry,Southern Athletic,Southern Athletic,7.0,44.0,False,True,Hardee-McGee Field
401767584,2025,8,regular,2025-10-18 18:00:00,The Citadel,Western Carolina,Southern,Southern,38.0,45.0,False,True,Johnson Hagood Stadium
401774163,2025,8,regular,2025-10-18 18:00:00,Wisconsin Oshkosh,Wisconsin Eau Claire,Wisconsin,Wisconsin,28.0,21.0,False,True,J.J. Keller Field at Titan Stadium
401774015,2025,8,regular,2025-10-18 18:00:00,Central State,Kentucky Christian,SIAC,,27.0,35.0,False,False,McPherson Memorial Stadium
401774151,2025,8,regular,2025-10-18 18:00:00,SUNY Maritime,Norwich,NEWMAC,NEWMAC,42.0,0.0,False,True,Reinhart Field
401776799,2025,8,regular,2025-10-18 18:00:00,Hope,Kalamazoo,Michigan,Michigan,56.0,21.0,False,True,Ray and Sue Smith Stadium
401774353,2025,8,regular,2025-10-18 18:00:00,Augustana (IL),Carroll (WI),CCIW,CCIW,31.0,24.0,False,True,Charles D. Lindberg Stadium
401767630,2025,8,regular,2025-10-18 18:00:00,Morehead State,Marist,Pioneer,Pioneer,23.0,21.0,False,True,Jayne Stadium
401767538,2025,8,regular,2025-10-18 18:00:00,Northern Iowa,South Dakota,MVFC,MVFC,14.0,17.0,False,True,UNI-Dome
401777023,2025,8,regular,2025-10-18 18:00:00,Rockford,Concordia Chicago,NACC,NACC,26.0,37.0,False,True,Sam Greeley Field
401777015,2025,8,regular,2025-10-18 18:00:00,Aurora,Concordia (WI),NACC,NACC,45.0,54.0,False,True,Vago Field
401776771,2025,8,regular,2025-10-18 18:00:00,Concordia (MN),Saint John's (MN),Minnesota,Minnesota,6.0,41.0,False,True,Jake Christiansen Stadium
401773402,2025,8,regular,2025-10-18 18:00:00,Indianapolis,Lincoln (MO),Great Lakes,Great Lakes,62.0,7.0,False,True,Key Stadium
401773366,2025,8,regular,2025-10-18 18:00:00,Henderson State,Harding,Great American,Great American,10.0,35.0,False,True,Ruggles Field at Carpenter-Haygood Stadium
401773253,2025,8,regular,2025-10-18 18:00:00,East Texas Baptist,Hardin Simmons,American Southwest,American Southwest,16.0,34.0,False,True,Ornelas Stadium
401767212,2025,8,regular,2025-10-18 18:00:00,Lindenwood,Tennessee Tech,OVC-Big South,OVC-Big South,28.0,52.0,False,True,Hunter Stadium
401773516,2025,8,regular,2025-10-18 18:00:00,Delta State,Ferrum,Gulf South,Carolinas,51.0,10.0,False,False,Parker Field at McCool Stadium
401777734,2025,8,regular,2025-10-18 18:00:00,McDaniel,Muhlenberg,Centennial,Centennial,7.0,56.0,False,True,Kenneth R. Gill Stadium
401773481,2025,8,regular,2025-10-18 18:00:00,Roosevelt,Northern Michigan,GLIAC,GLIAC,21.0,42.0,False,True,Morris Field
401783906,2025,8,regular,2025-10-18 18:00:00,Rowan,William Paterson,New Jersey,New Jersey,45.0,16.0,False,True,Richard Wackar Stadium
401778008,2025,8,regular,2025-10-18 18:00:00,Bridgewater,Gallaudet,Old Dominion,Old Dominion,73.0,13.0,False,False,Jopson Athletic Complex
401774387,2025,8,regular,2025-10-18 18:00:00,North Park,North Central College,CCIW,CCIW,0.0,75.0,False,True,Holmgren Athletic Complex
401774192,2025,8,regular,2025-10-18 18:00:00,Wisconsin Stevens Point,Wisconsin River Falls,Wisconsin,Wisconsin,7.0,52.0,False,True,Community Stadium at Goerke Park
401774170,2025,8,regular,2025-10-18 18:00:00,Wisconsin Platteville,Wisconsin La Crosse,Wisconsin,Wisconsin,38.0,21.0,False,True,Ralph E. Davis Pioneer Stadium
401773435,2025,8,regular,2025-10-18 18:30:00,Truman State,Quincy,Great Lakes,Great Lakes,44.0,21.0,False,True,Stokes Stadium
401773618,2025,8,regular,2025-10-18 18:30:00,Northwest Missouri State,Fort Hays,Mid America,Mid America,52.0,3.0,False,True,Bearcat Stadium
401762840,2025,8,regular,2025-10-18 18:30:00,Massachusetts,Buffalo,Mid-American,Mid-American,21.0,28.0,False,True,Warren McGuirk Alumni Stadium
401804721,2025,8,regular,2025-10-18 19:00:00,Mary Hardin Baylor,Texas Wesleyan,American Southwest,,28.0,19.0,False,False,Crusader Stadium
401773378,2025,8,regular,2025-10-18 19:00:00,Southeastern Oklahoma State,Northwestern (OK),Great American,Great American,56.0,14.0,False,True,Paul Laird Field
401773160,2025,8,regular,2025-10-18 19:00:00,Dubuque,Buena Vista,American Rivers,American Rivers,47.0,20.0,False,True,Chalmers Field
401767100,2025,8,regular,2025-10-18 19:00:00,Montana,Sacred Heart,Big Sky,FCS Independents,43.0,21.0,False,False,Washington-Grizzly Stadium
401767429,2025,8,regular,2025-10-18 19:00:00,Mississippi Valley State,Lincoln (CA),SWAC,Independent DII,49.0,0.0,False,False,Rice-Totten Field
401761633,2025,8,regular,2025-10-18 19:00:00,UL Monroe,Troy,Sun Belt,Sun Belt,14.0,37.0,False,True,Malone Stadium
401773996,2025,8,regular,2025-10-18 19:00:00,Miles,Clark Atlanta,SIAC,SIAC,27.0,20.0,False,True,Albert J. H. Sloan - Alumni Stadium
401767383,2025,8,regular,2025-10-18 19:00:00,Arkansas-Pine Bluff,Grambling,SWAC,SWAC,16.0,20.0,False,True,Golden Lion Stadium
401766701,2025,8,regular,2025-10-18 19:00:00,Monmouth (IL),Cornell (IA),Midwest,Midwest,45.0,3.0,False,True,April Zorn Memorial Stadium
401777307,2025,8,regular,2025-10-18 19:00:00,Minnesota Morris,Northwestern (MN),Upper Midwest,Upper Midwest,3.0,21.0,False,True,Big Cat Stadium
401773647,2025,8,regular,2025-10-18 19:00:00,Washburn,Central Missouri,Mid America,Mid America,37.0,17.0,False,True,Yager Stadium at Moore Bowl
401773909,2025,8,regular,2025-10-18 19:00:00,New Mexico Highlands,Colorado Mesa,Rocky Mountain,Rocky Mountain,28.0,22.0,False,True,Sanchez Family Stadium
401773337,2025,8,regular,2025-10-18 19:00:00,Southern Arkansas,Arkansas Tech,Great American,Great American,42.0,7.0,False,True,Wilkins Stadium
401790374,2025,8,regular,2025-10-18 19:00:00,Black Hills State,CSU Pueblo,Rocky Mountain,Rocky Mountain,14.0,40.0,False,True,Lyle Hare Stadium
401773815,2025,8,regular,2025-10-18 19:00:00,California (PA),Clarion,Pennsylvania State Athletic,Pennsylvania State Athletic,31.0,28.0,False,True,Adamson Stadium
401766702,2025,8,regular,2025-10-18 19:00:00,Illinois College,Knox,Midwest,Midwest,64.0,14.0,False,True,England Stadium
401773848,2025,8,regular,2025-10-18 19:00:00,Kutztown,Millersville,Pennsylvania State Athletic,Pennsylvania State Athletic,43.0,14.0,False,True,Andre Reed Stadium
401773952,2025,8,regular,2025-10-18 19:00:00,Lenoir Rhyne,UVA Wise,South Atlantic,South Atlantic,23.0,10.0,False,True,Helen and Leonard Moretz Stadium
401774002,2025,8,regular,2025-10-18 19:00:00,Fort Valley State,Savannah State,SIAC,SIAC,7.0,0.0,True,True,Lucy Laney Stadium
401752874,2025,8,regular,2025-10-18 19:00:00,Northwestern,Purdue,Big Ten,Big Ten,19.0,0.0,False,True,Lanny and Sharon Martin Stadium
401767155,2025,8,regular,2025-10-18 19:30:00,William & Mary,Elon,Coastal Athletic,Coastal Athletic,26.0,21.0,False,True,Zable Stadium
401762838,2025,8,regular,2025-10-18 19:30:00,Ball State,Akron,Mid-American,Mid-American,42.0,28.0,False,True,Scheumann Stadium
401752878,2025,8,regular,2025-10-18 19:30:00,Indiana,Michigan State,Big Ten,Big Ten,38.0,13.0,False,True,"Memorial Stadium (Bloomington, IN)"
401752877,2025,8,regular,2025-10-18 19:30:00,Wisconsin,Ohio State,Big Ten,Big Ten,0.0,34.0,False,True,Camp Randall Stadium
401762489,2025,8,regular,2025-10-18 19:30:00,Charlotte,Temple,American Athletic,American Athletic,14.0,49.0,False,True,Jerry Richardson Stadium
401754565,2025,8,regular,2025-10-18 19:30:00,Clemson,SMU,ACC,ACC,24.0,35.0,False,True,"Memorial Stadium (Clemson, SC)"
401760392,2025,8,regular,2025-10-18 19:30:00,Air Force,Wyoming,Mountain West,Mountain West,24.0,21.0,False,True,Falcon Stadium
401761629,2025,8,regular,2025-10-18 19:30:00,App State,Coastal Carolina,Sun Belt,Sun Belt,37.0,45.0,False,True,Kidd Brewer Stadium
401761631,2025,8,regular,2025-10-18 19:30:00,James Madison,Old Dominion,Sun Belt,Sun Belt,63.0,27.0,False,True,Bridgeforth Stadium
401752742,2025,8,regular,2025-10-18 19:30:00,Georgia,Ole Miss,SEC,SEC,43.0,35.0,False,True,Sanford Stadium
401762491,2025,8,regular,2025-10-18 19:30:00,North Texas,UTSA,American Athletic,American Athletic,55.0,17.0,False,True,DATCU Stadium
401762843,2025,8,regular,2025-10-18 19:30:00,Ohio,Northern Illinois,Mid-American,Mid-American,48.0,21.0,False,True,Peden Stadium
401752739,2025,8,regular,2025-10-18 19:30:00,Arkansas,Texas A&M,SEC,SEC,42.0,45.0,False,True,Razorback Stadium
401760393,2025,8,regular,2025-10-18 19:30:00,Boise State,UNLV,Mountain West,Mountain West,56.0,31.0,False,True,Albertsons Stadium
401777299,2025,8,regular,2025-10-18 19:30:00,Lyon,Centenary (LA),Southern Collegiate Athletic,Southern Collegiate Athletic,20.0,23.0,False,True,Pioneer Stadium
401761632,2025,8,regular,2025-10-18 19:30:00,Marshall,Texas State,Sun Belt,Sun Belt,40.0,37.0,False,True,Joan C. Edwards Stadium
401767144,2025,8,regular,2025-10-18 19:30:00,Campbell,New Hampshire,Coastal Athletic,Coastal Athletic,10.0,24.0,False,True,Barker-Lane Stadium
401767321,2025,8,regular,2025-10-18 19:30:00,UAlbany,Rhode Island,Coastal Athletic,Coastal Athletic,17.0,58.0,False,True,Bob Ford Field
401767485,2025,8,regular,2025-10-18 20:00:00,Lamar,UT Rio Grande Valley,Southland,Southland,23.0,21.0,False,False,Provost Umphrey Stadium
401777222,2025,8,regular,2025-10-18 20:00:00,Averett,Hampden Sydney,Old Dominion,Old Dominion,7.0,67.0,False,True,Daly Field at Frank R. Campbell Stadium
401777170,2025,8,regular,2025-10-18 20:00:00,Puget Sound,Willamette,Northwest,Northwest,45.0,28.0,False,True,Baker Stadium
401773356,2025,8,regular,2025-10-18 20:00:00,East Central,Oklahoma Baptist,Great American,Great American,37.0,31.0,False,True,Koi Ishto Stadium
401767373,2025,8,regular,2025-10-18 20:00:00,Florida A&M,Alcorn State,SWAC,SWAC,33.0,28.0,False,True,Bragg Memorial Stadium
401773291,2025,8,regular,2025-10-18 20:00:00,Bridgewater State,Dean,MSCAC,MSCAC,47.0,25.0,False,False,Edward C. Swenson Athletic Complex
401762487,2025,8,regular,2025-10-18 20:00:00,UAB,Memphis,American Athletic,American Athletic,31.0,24.0,False,True,Protective Stadium
401786378,2025,8,regular,2025-10-18 20:00:00,UMass Dartmouth,Worcester State,MSCAC,MSCAC,32.0,7.0,False,True,Cressy Field
401773127,2025,8,regular,2025-10-18 20:00:00,Shorter,Erskine,Carolinas,Carolinas,19.0,23.0,False,True,Barron Stadium
401773450,2025,8,regular,2025-10-18 20:00:00,William Jewell,Northeastern State,Great Lakes,Independent DII,7.0,35.0,False,False,Liberty North High School
401773991,2025,8,regular,2025-10-18 20:00:00,Edward Waters,Benedict,SIAC,SIAC,27.0,31.0,False,True,Earl Kitchings Stadium
401777258,2025,8,regular,2025-10-18 20:00:00,Allegheny,Grove City,Presidents',Presidents',6.0,42.0,False,True,Frank B. Fuhrer Field
401774263,2025,8,regular,2025-10-18 20:00:00,Claremont Mudd Scripps,La Verne,So. Cal.,So. Cal.,22.0,19.0,False,True,Fritz B. Burns Stadium
401777073,2025,8,regular,2025-10-18 20:00:00,Wittenberg,Denison,North Coast,North Coast,40.0,43.0,False,True,Edwards-Maurer Field
401773109,2025,8,regular,2025-10-18 20:00:00,Barton,Chowan,Carolinas,Carolinas,28.0,21.0,False,False,Electric Supply Company Field
401777148,2025,8,regular,2025-10-18 20:00:00,Linfield,Whitworth,Northwest,Northwest,20.0,30.0,False,True,Maxwell Field
401777155,2025,8,regular,2025-10-18 20:00:00,Pacific Lutheran,Pacific (OR),Northwest,Northwest,47.0,29.0,False,True,Sparks Stadium
401767166,2025,8,regular,2025-10-18 20:00:00,Western Illinois,Charleston Southern,OVC-Big South,OVC-Big South,24.0,29.0,False,True,Hanson Field
401756923,2025,8,regular,2025-10-18 20:00:00,Arizona State,Texas Tech,Big 12,Big 12,26.0,22.0,False,True,Mountain America Stadium
401773575,2025,8,regular,2025-10-18 20:05:00,Western Oregon,UT Permian Basin,Lone Star,Lone Star,31.0,28.0,False,True,McArthur Field
401752741,2025,8,regular,2025-10-18 20:15:00,Florida,Mississippi State,SEC,SEC,23.0,21.0,False,True,Ben Hill Griffin Stadium
401777142,2025,8,regular,2025-10-18 20:30:00,George Fox,Lewis & Clark,Northwest,Northwest,42.0,28.0,False,True,Stoffer Family Stadium
401767745,2025,8,regular,2025-10-18 21:00:00,Wagner,Central Connecticut,NEC,NEC,17.0,24.0,False,True,Wagner College Stadium
401767434,2025,8,regular,2025-10-18 21:00:00,Southern,Prairie View A&M,SWAC,SWAC,3.0,24.0,False,True,Ace W. Mumford Stadium
401767521,2025,8,regular,2025-10-18 21:00:00,SE Louisiana,Northwestern State,Southland,Southland,49.0,0.0,False,True,Strawberry Stadium
401783303,2025,8,regular,2025-10-18 21:00:00,Endicott,Western New England,Commonwealth Coast,Commonwealth Coast,45.0,24.0,False,True,Hempstead Stadium
401767128,2025,8,regular,2025-10-18 21:00:00,Portland State,Weber State,Big Sky,Big Sky,27.0,43.0,False,True,Hillsboro Stadium
401773764,2025,8,regular,2025-10-18 21:00:00,Northern State,Southwest Minnesota State,Northern Sun,Northern Sun,55.0,23.0,False,True,Swisher Field
401761668,2025,8,regular,2025-10-18 21:00:00,Louisiana,Southern Miss,Sun Belt,Sun Belt,10.0,22.0,False,True,Cajun Field
401767227,2025,8,regular,2025-10-18 21:30:00,Tennessee State,Howard,OVC-Big South,MEAC,24.0,7.0,False,False,Nissan Stadium
401767462,2025,8,regular,2025-10-18 21:30:00,Incarnate Word,East Texas A&M,Southland,Southland,45.0,52.0,False,True,Gayle and Tom Benson Stadium
401773959,2025,8,regular,2025-10-18 22:00:00,Newberry,Mars Hill,South Atlantic,South Atlantic,38.0,24.0,False,True,Setzler Field
401767753,2025,8,regular,2025-10-18 22:00:00,Mercyhurst,Duquesne,NEC,NEC,0.0,37.0,False,True,Saxon Stadium
401773869,2025,8,regular,2025-10-18 22:05:00,East Stroudsburg,Shippensburg,Pennsylvania State Athletic,Pennsylvania State Athletic,24.0,7.0,False,True,Eiler-Martin Stadium
401752876,2025,8,regular,2025-10-18 22:30:00,Rutgers,Oregon,Big Ten,Big Ten,10.0,56.0,False,True,SHI Stadium
401752951,2025,8,regular,2025-10-18 22:30:00,Virginia,Washington State,ACC,Pac-12,22.0,20.0,False,False,Scott Stadium
401773540,2025,8,regular,2025-10-18 23:00:00,Angelo State,Midwestern State,Lone Star,Lone Star,48.0,24.0,False,True,LeGrand Stadium at 1st Community Credit Union Field
401752879,2025,8,regular,2025-10-18 23:00:00,UCLA,Maryland,Big Ten,Big Ten,20.0,17.0,False,True,Rose Bowl
401767517,2025,8,regular,2025-10-18 23:00:00,Stephen F. Austin,Nicholls,Southland,Southland,34.0,7.0,False,True,Homer Bryce Stadium
401752743,2025,8,regular,2025-10-18 23:00:00,Kentucky,Texas,SEC,SEC,13.0,16.0,False,True,Kroger Field
401760394,2025,8,regular,2025-10-18 23:00:00,Colorado State,Hawai'i,Mountain West,Mountain West,19.0,31.0,False,True,Canvas Stadium
401773527,2025,8,regular,2025-10-18 23:00:00,West Alabama,West Florida,Gulf South,Gulf South,16.0,23.0,False,True,Tiger Stadium (AL)
401761630,2025,8,regular,2025-10-18 23:00:00,Georgia Southern,Georgia State,Sun Belt,Sun Belt,41.0,24.0,False,True,Allen E. Paulson Stadium
401767092,2025,8,regular,2025-10-18 23:00:00,Eastern Washington,Idaho,Big Sky,Big Sky,21.0,14.0,False,True,Roos Field
401774347,2025,8,regular,2025-10-18 23:00:00,Centre,Southwestern U,Southern Athletic,Southern Athletic,19.0,16.0,False,True,Farris Stadium
401752875,2025,8,regular,2025-10-18 23:00:00,Iowa,Penn State,Big Ten,Big Ten,25.0,24.0,False,True,Kinnick Stadium
401767280,2025,8,regular,2025-10-18 23:00:00,North Alabama,Eastern Kentucky,UAC,UAC,35.0,14.0,False,True,Braly Municipal Stadium
401767471,2025,8,regular,2025-10-18 23:00:00,McNeese,Houston Christian,Southland,Southland,27.0,0.0,False,True,Cowboy Stadium
401767301,2025,8,regular,2025-10-18 23:00:00,Tarleton State,West Georgia,UAC,UAC,45.0,10.0,False,True,"Memorial Stadium (Stephenville, TX)"
401773630,2025,8,regular,2025-10-18 23:00:00,Missouri Western,Pittsburg State,Mid America,Mid America,20.0,44.0,False,True,Craig Field at Spratt Memorial Stadium
401762490,2025,8,regular,2025-10-18 23:30:00,South Florida,Florida Atlantic,American Athletic,American Athletic,48.0,13.0,False,True,Raymond James Stadium
401752738,2025,8,regular,2025-10-18 23:30:00,Alabama,Tennessee,SEC,SEC,37.0,20.0,False,True,Bryant-Denny Stadium
401752871,2025,8,regular,2025-10-18 23:30:00,Notre Dame,USC,FBS Independents,Big Ten,34.0,24.0,False,False,Notre Dame Stadium
401754568,2025,8,regular,2025-10-18 23:30:00,Syracuse,Pittsburgh,ACC,ACC,13.0,30.0,False,True,JMA Wireless Dome
401752740,2025,8,regular,2025-10-18 23:45:00,Auburn,Missouri,SEC,SEC,17.0,23.0,False,True,Jordan-Hare Stadium
401773600,2025,8,regular,2025-10-19 00:00:00,Central Oklahoma,Emporia State,Mid America,Mid America,56.0,22.0,False,True,Wantland Stadium
401756926,2025,8,regular,2025-10-19 00:00:00,Oklahoma State,Cincinnati,Big 12,Big 12,17.0,49.0,False,True,Boone Pickens Stadium
401773550,2025,8,regular,2025-10-19 00:00:00,West Texas,Eastern New Mexico,Lone Star,Lone Star,43.0,14.0,False,True,Buffalo Stadium
401756924,2025,8,regular,2025-10-19 00:00:00,BYU,Utah,Big 12,Big 12,24.0,21.0,False,True,LaVell Edwards Stadium
401767243,2025,8,regular,2025-10-19 00:30:00,Southern Utah,Abilene Christian,UAC,UAC,31.0,24.0,False,True,Eccles Coliseum
401773568,2025,8,regular,2025-10-19 01:00:00,Central Washington,Texas A&M-Kingsville,Lone Star,Lone Star,24.0,21.0,False,True,Tomlinson Stadium
401773589,2025,8,regular,2025-10-19 01:00:00,Western New Mexico,Sul Ross State,Lone Star,Lone Star,45.0,42.0,False,True,Ben Altamirano Field
401767123,2025,8,regular,2025-10-19 01:00:00,Sacramento State,Northern Colorado,Big Sky,Big Sky,40.0,35.0,False,True,Hornet Stadium
401760395,2025,8,regular,2025-10-19 01:45:00,New Mexico,Nevada,Mountain West,Mountain West,24.0,22.0,False,True,University Stadium (NM)
401774269,2025,8,regular,2025-10-19 02:00:00,Cal Lutheran,Chapman,So. Cal.,So. Cal.,25.0,35.0,False,True,William Rolland Stadium
401774256,2025,8,regular,2025-10-19 02:00:00,Redlands,Pomona Pitzer,So. Cal.,So. Cal.,16.0,14.0,False,True,Ted Runner Stadium
401752941,2025,8,regular,2025-10-19 02:00:00,Oregon State,Lafayette,Pac-12,Patriot,45.0,13.0,False,False,Reser Stadium
401754567,2025,8,regular,2025-10-19 02:30:00,Stanford,Florida State,ACC,ACC,20.0,13.0,False,True,Stanford Stadium
401773419,2025,8,regular,2025-10-19 18:00:00,McKendree,Missouri S&T,Great Lakes,Great Lakes,10.0,29.0,False,True,Leemon Field
401757285,2025,9,regular,2025-10-21 23:00:00,Florida International,Kennesaw State,Conference USA,Conference USA,26.0,45.0,False,True,Pitbull Stadium
401757286,2025,9,regular,2025-10-21 23:30:00,Louisiana Tech,Western Kentucky,Conference USA,Conference USA,27.0,28.0,False,True,Joe Aillet Stadium
401757287,2025,9,regular,2025-10-22 23:30:00,Delaware,Middle Tennessee,Conference USA,Conference USA,31.0,28.0,False,True,Delaware Stadium
401757288,2025,9,regular,2025-10-23 01:00:00,New Mexico State,Missouri State,Conference USA,Conference USA,17.0,24.0,False,True,Aggie Memorial Stadium
401761634,2025,9,regular,2025-10-23 23:30:00,Georgia State,South Alabama,Sun Belt,Sun Belt,31.0,38.0,False,True,Center Parc Stadium
401767701,2025,9,regular,2025-10-24 22:00:00,Dartmouth,Columbia,Ivy,Ivy,49.0,3.0,False,True,Memorial Field
401762492,2025,9,regular,2025-10-24 23:00:00,Charlotte,North Texas,American Athletic,American Athletic,20.0,54.0,False,True,Jerry Richardson Stadium
401754372,2025,9,regular,2025-10-24 23:30:00,Virginia Tech,California,ACC,ACC,42.0,34.0,False,True,Lane Stadium
401760397,2025,9,regular,2025-10-25 02:00:00,Nevada,Boise State,Mountain West,Mountain West,3.0,24.0,False,True,Mackay Stadium
401767101,2025,9,regular,2025-10-25 02:30:00,Sacramento State,Montana,Big Sky,Big Sky,35.0,49.0,False,True,Hornet Stadium
401773475,2025,9,regular,2025-10-25 16:00:00,Northern Michigan,Michigan Tech,GLIAC,GLIAC,17.0,56.0,False,True,Superior Dome
401773849,2025,9,regular,2025-10-25 16:00:00,West Chester,Kutztown,Pennsylvania State Athletic,Pennsylvania State Athletic,7.0,41.0,False,True,John A. Farrell Stadium
401773458,2025,9,regular,2025-10-25 16:00:00,Davenport,Roosevelt,GLIAC,GLIAC,75.0,23.0,False,True,Farmers Insurance Athletic Complex
401773301,2025,9,regular,2025-10-25 16:00:00,Alfred,Utica,Empire 8,Empire 8,28.0,51.0,False,True,Merrill Field at Yunevich Stadium
401773282,2025,9,regular,2025-10-25 16:00:00,Anna Maria College,Fitchburg State,MSCAC,MSCAC,30.0,22.0,False,False,Caparso Field
401752884,2025,9,regular,2025-10-25 16:00:00,Purdue,Rutgers,Big Ten,Big Ten,24.0,27.0,False,True,Ross-Ade Stadium
401767607,2025,9,regular,2025-10-25 16:00:00,Davidson,San Diego,Pioneer,Pioneer,28.0,40.0,False,True,Richardson Stadium
401788997,2025,9,regular,2025-10-25 16:00:00,Yale,Pennsylvania,Ivy,Ivy,35.0,13.0,False,True,Yale Bowl
401762846,2025,9,regular,2025-10-25 16:00:00,Kent State,Bowling Green,Mid-American,Mid-American,24.0,21.0,False,True,Dix Stadium
401752883,2025,9,regular,2025-10-25 16:00:00,Nebraska,Northwestern,Big Ten,Big Ten,28.0,21.0,False,True,"Memorial Stadium (Lincoln, NE)"
401779510,2025,9,regular,2025-10-25 16:00:00,Long Island University,New Haven,NEC,NEC,38.0,16.0,False,False,Bethpage Federal Credit Union Stadium
401778019,2025,9,regular,2025-10-25 16:00:00,MIT,Salve Regina,NEWMAC,NEWMAC,28.0,20.0,False,True,Henry G. Steinbrenner '27 Stadium
401783347,2025,9,regular,2025-10-25 16:00:00,Delaware Valley,Stevenson,Mid Atlantic,Mid Atlantic,41.0,38.0,False,True,Robert A. Lipinski Field at James Work Memorial Stadium
401774152,2025,9,regular,2025-10-25 16:00:00,Coast Guard,Norwich,NEWMAC,NEWMAC,59.0,28.0,False,True,Cadet Memorial Field
401774214,2025,9,regular,2025-10-25 16:00:00,North Carolina Wesleyan,Southern Virginia,USA South,USA South,10.0,19.0,False,True,Bishop Stadium
401777270,2025,9,regular,2025-10-25 16:00:00,Thiel,Case Western Reserve,Presidents',Presidents',7.0,55.0,False,True,Alumni Stadium (PA)
401777778,2025,9,regular,2025-10-25 16:00:00,Nichols,Endicott,Commonwealth Coast,Commonwealth Coast,3.0,56.0,False,True,Vendetti Field
401777972,2025,9,regular,2025-10-25 16:00:00,Assumption,American International,Northeast 10,Northeast 10,35.0,14.0,False,True,Multi-Sport Stadium
401777978,2025,9,regular,2025-10-25 16:00:00,Bentley,Pace,Northeast 10,Northeast 10,42.0,13.0,False,True,Bentley University Football Stadium
401778002,2025,9,regular,2025-10-25 16:00:00,Curry,Western New England,Commonwealth Coast,Commonwealth Coast,52.0,31.0,False,True,Walter M. Katz Field
401773830,2025,9,regular,2025-10-25 16:00:00,Gannon,Edinboro,Pennsylvania State Athletic,Pennsylvania State Athletic,20.0,41.0,False,True,McConnell Family Stadium
401756932,2025,9,regular,2025-10-25 16:00:00,Kansas,Kansas State,Big 12,Big 12,17.0,42.0,False,True,Memorial Stadium
401788915,2025,9,regular,2025-10-25 16:00:00,Mass Maritime,Framingham State,MSCAC,MSCAC,14.0,12.0,False,True,Clean Harbors Stadium
401783918,2025,9,regular,2025-10-25 16:00:00,Bridgewater State,UMass Dartmouth,MSCAC,MSCAC,35.0,15.0,False,True,Edward C. Swenson Athletic Complex
401783335,2025,9,regular,2025-10-25 16:00:00,Albright,FDU Florham,Mid Atlantic,Mid Atlantic,32.0,18.0,False,True,Gene L. Shirk Stadium
401773806,2025,9,regular,2025-10-25 16:00:00,Millersville,Bloomsburg,Pennsylvania State Athletic,Pennsylvania State Athletic,21.0,37.0,False,True,Chryst Field at Biemesderfer Stadium
401774136,2025,9,regular,2025-10-25 16:00:00,Vermont State Castleton,Montclair State,New Jersey,New Jersey,20.0,48.0,False,False,Dave Wolk Stadium
401773507,2025,9,regular,2025-10-25 16:00:00,Walsh,Thomas More,Great Midwest Athletic,Great Midwest Athletic,41.0,20.0,False,True,Tom Benson Hall of Fame Stadium
401777263,2025,9,regular,2025-10-25 16:00:00,Muhlenberg,Carnegie Mellon,Centennial,Presidents',27.0,23.0,False,False,Scotty Wood Stadium
401777223,2025,9,regular,2025-10-25 16:00:00,Shenandoah,Averett,Old Dominion,Old Dominion,48.0,3.0,False,True,Shentel Stadium
401776973,2025,9,regular,2025-10-25 16:00:00,New England College,Maine Maritime,,Commonwealth Coast,14.0,10.0,True,False,
401774055,2025,9,regular,2025-10-25 16:00:00,SUNY Morrisville,Brockport,Empire 8,Empire 8,3.0,61.0,False,True,Drake Field (NY)
401773866,2025,9,regular,2025-10-25 16:00:00,Shepherd,East Stroudsburg,Pennsylvania State Athletic,Pennsylvania State Athletic,26.0,21.0,False,True,Ram Stadium (WV)
401752885,2025,9,regular,2025-10-25 16:00:00,Indiana,UCLA,Big Ten,Big Ten,56.0,6.0,False,True,"Memorial Stadium (Bloomington, IN)"
401767705,2025,9,regular,2025-10-25 16:00:00,Princeton,Harvard,Ivy,Ivy,14.0,35.0,False,True,Princeton University Stadium
401773309,2025,9,regular,2025-10-25 16:00:00,Hilbert,Rensselaer,Empire 8,Liberty League,14.0,69.0,False,False,St. Francis High School
401767668,2025,9,regular,2025-10-25 16:00:00,Bucknell,Georgetown,Patriot,Patriot,24.0,31.0,False,True,Christy Mathewson-Memorial Stadium
401762848,2025,9,regular,2025-10-25 16:00:00,Eastern Michigan,Ohio,Mid-American,Mid-American,21.0,28.0,False,True,Rynearson Stadium
401752942,2025,9,regular,2025-10-25 16:00:00,Wake Forest,SMU,ACC,ACC,13.0,12.0,False,True,Allegacy Federal Credit Union Stadium
401773239,2025,9,regular,2025-10-25 16:00:00,Findlay,Ohio Dominican,Great Midwest Athletic,Great Midwest Athletic,27.0,20.0,False,True,Donnell Stadium
401761635,2025,9,regular,2025-10-25 16:00:00,Old Dominion,App State,Sun Belt,Sun Belt,24.0,21.0,False,True,S.B. Ballard Stadium
401767617,2025,9,regular,2025-10-25 16:00:00,Dayton,Presbyterian,Pioneer,Pioneer,35.0,19.0,False,True,Welcome Stadium
401762494,2025,9,regular,2025-10-25 16:00:00,Memphis,South Florida,American Athletic,American Athletic,34.0,31.0,False,True,Simmons Bank Liberty Stadium
401767623,2025,9,regular,2025-10-25 16:00:00,Marist,Drake,Pioneer,Pioneer,17.0,31.0,False,True,Leonidoff Field
401767754,2025,9,regular,2025-10-25 16:00:00,Wagner,Duquesne,NEC,NEC,24.0,13.0,False,True,Wagner College Stadium
401783364,2025,9,regular,2025-10-25 16:00:00,Springfield,Merchant Marine,NEWMAC,NEWMAC,35.0,7.0,False,True,Stagg Field
401767774,2025,9,regular,2025-10-25 16:00:00,Mercyhurst,Stonehill,NEC,NEC,15.0,22.0,False,True,Saxon Stadium
401754573,2025,9,regular,2025-10-25 16:00:00,North Carolina,Virginia,ACC,ACC,16.0,17.0,False,True,Kenan Stadium
401754571,2025,9,regular,2025-10-25 16:00:00,Georgia Tech,Syracuse,ACC,ACC,41.0,16.0,False,True,Bobby Dodd Stadium
401752750,2025,9,regular,2025-10-25 16:00:00,Oklahoma,Ole Miss,SEC,SEC,26.0,34.0,False,True,"Memorial Stadium (Norman, OK)"
401752746,2025,9,regular,2025-10-25 16:45:00,Arkansas,Auburn,SEC,SEC,24.0,33.0,False,True,Razorback Stadium
401767675,2025,9,regular,2025-10-25 17:00:00,Fordham,Lehigh,Patriot,Patriot,6.0,27.0,False,True,Jack Coffey Field
401762844,2025,9,regular,2025-10-25 17:00:00,Buffalo,Akron,Mid-American,Mid-American,16.0,24.0,False,True,UB Stadium
401774310,2025,9,regular,2025-10-25 17:00:00,William Paterson,Christopher Newport,New Jersey,New Jersey,7.0,52.0,False,True,Wightman Stadium
401783307,2025,9,regular,2025-10-25 17:00:00,Lycoming,Wilkes,Landmark Conference,Landmark Conference,31.0,21.0,False,True,David Person Field
401774078,2025,9,regular,2025-10-25 17:00:00,Gettysburg,Johns Hopkins,Centennial,Centennial,21.0,59.0,False,True,Shirk Field at Musselman Stadium
401776989,2025,9,regular,2025-10-25 17:00:00,Lebanon Valley,King's,Mid Atlantic,Mid Atlantic,20.0,21.0,False,True,Arnold Field (PA)
401767345,2025,9,regular,2025-10-25 17:00:00,North Carolina Central,Delaware State,MEAC,MEAC,26.0,35.0,False,True,O'Kelly-Riddick Stadium
401776791,2025,9,regular,2025-10-25 17:00:00,Olivet,Alma,Michigan,Michigan,21.0,53.0,False,True,Cutler Field
401774340,2025,9,regular,2025-10-25 17:00:00,Berry,Millsaps,Southern Athletic,Southern Athletic,43.0,20.0,False,True,Valhalla Stadium
401774305,2025,9,regular,2025-10-25 17:00:00,New England,Husson,Commonwealth Coast,Commonwealth Coast,38.0,28.0,False,True,Blue Storm Stadium
401774041,2025,9,regular,2025-10-25 17:00:00,St. John Fisher,SUNY Cortland,Empire 8,Empire 8,7.0,31.0,False,True,Growney Stadium
401773997,2025,9,regular,2025-10-25 17:00:00,Clark Atlanta,Edward Waters,SIAC,SIAC,41.0,55.0,False,True,CAU Panther Stadium
401773953,2025,9,regular,2025-10-25 17:00:00,Mars Hill,Lenoir Rhyne,South Atlantic,South Atlantic,0.0,45.0,False,True,Meares Stadium
401773466,2025,9,regular,2025-10-25 17:00:00,Ferris State,Grand Valley State,GLIAC,GLIAC,38.0,31.0,False,True,Top Taggart Field
401766712,2025,9,regular,2025-10-25 17:00:00,Middlebury,Bates,NESCAC,NESCAC,34.0,16.0,False,True,Alumni Stadium (VT)
401773091,2025,9,regular,2025-10-25 17:00:00,Johnson C. Smith,Winston-Salem State,CIAA,CIAA,52.0,27.0,False,True,Irwin Belk Complex
401777605,2025,9,regular,2025-10-25 17:00:00,Westminster (MO),Martin Luther,Upper Midwest,Upper Midwest,28.0,38.0,False,True,Blue Jay Stadium
401774144,2025,9,regular,2025-10-25 17:00:00,Moravian,Western Connecticut State,Landmark Conference,Landmark Conference,35.0,28.0,False,False,Rocco Calvo Field
401774095,2025,9,regular,2025-10-25 17:00:00,Susquehanna,Catholic,Landmark Conference,Landmark Conference,69.0,13.0,False,True,Amos Alonzo Stagg Field (PA)
401767271,2025,9,regular,2025-10-25 17:00:00,New Hampshire,William & Mary,Coastal Athletic,Coastal Athletic,34.0,24.0,False,True,Wildcat Stadium
401774103,2025,9,regular,2025-10-25 17:00:00,Hobart,St. Lawrence,Liberty League,Liberty League,49.0,17.0,False,True,Boswell Field at David J. Urick Stadium
401774454,2025,9,regular,2025-10-25 17:00:00,Hendrix,Lyon,Southern Athletic,Southern Collegiate Athletic,38.0,21.0,False,False,Young-Wise Memorial Stadium
401767650,2025,9,regular,2025-10-25 17:00:00,Stetson,St. Thomas (MN),Pioneer,Pioneer,10.0,52.0,False,True,Spec Martin Municipal Stadium
401767638,2025,9,regular,2025-10-25 17:00:00,Valparaiso,Morehead State,Pioneer,Pioneer,13.0,17.0,False,True,Brown Field
401773681,2025,9,regular,2025-10-25 17:00:00,Wheeling,Frostburg State,Mountain East,Mountain East,13.0,31.0,False,True,Bishop Schmitt Field
401773687,2025,9,regular,2025-10-25 17:00:00,West Liberty,Glenville State,Mountain East,Mountain East,28.0,32.0,False,True,West Family Stadium
401773721,2025,9,regular,2025-10-25 17:00:00,Post,Franklin Pierce,Northeast 10,Northeast 10,17.0,28.0,False,True,Municipal Stadium
401767176,2025,9,regular,2025-10-25 17:00:00,Maine,Elon,Coastal Athletic,Coastal Athletic,35.0,14.0,False,True,Alfond Stadium
401767145,2025,9,regular,2025-10-25 17:00:00,North Carolina A&T,Campbell,Coastal Athletic,Coastal Athletic,28.0,24.0,False,True,Aggie Stadium
401767035,2025,9,regular,2025-10-25 17:00:00,Rhode Island,Bryant,Coastal Athletic,Coastal Athletic,38.0,17.0,False,True,Meade Stadium
401773500,2025,9,regular,2025-10-25 17:00:00,Kentucky Wesleyan,Northwood,Great Midwest Athletic,Great Midwest Athletic,14.0,49.0,False,True,Steele Stadium
401773212,2025,9,regular,2025-10-25 17:00:00,Tiffin,Ashland,Great Midwest Athletic,Great Midwest Athletic,27.0,30.0,False,True,Frost-Kalnow Stadium
401800973,2025,9,regular,2025-10-25 17:00:00,WPI,SUNY Maritime,NEWMAC,NEWMAC,7.0,28.0,False,True,"Alumni Stadium (Worcester, MA)"
401773853,2025,9,regular,2025-10-25 17:00:00,Shippensburg,Lock Haven,Pennsylvania State Athletic,Pennsylvania State Athletic,21.0,35.0,False,True,Seth Grove Stadium
401774108,2025,9,regular,2025-10-25 17:00:00,Ithaca,Union,Liberty League,Liberty League,14.0,19.0,False,True,Butterfield Stadium
401777558,2025,9,regular,2025-10-25 17:00:00,Minnesota Duluth,University of Mary,Northern Sun,Northern Sun,54.0,32.0,False,True,James S. Malosky Stadium
401776998,2025,9,regular,2025-10-25 17:00:00,Misericordia,Eastern,Mid Atlantic,Mid Atlantic,21.0,28.0,False,True,Mangelsdorf Field
401777099,2025,9,regular,2025-10-25 17:00:00,Kenyon,Ohio Wesleyan,North Coast,North Coast,13.0,55.0,False,True,McBride Field
401777592,2025,9,regular,2025-10-25 17:00:00,LaGrange,Huntingdon,USA South,USA South,30.0,14.0,False,True,Callaway Stadium
401773083,2025,9,regular,2025-10-25 17:00:00,Shaw,Fayetteville State,CIAA,CIAA,13.0,31.0,False,True,George Williams Athletic Complex
401767554,2025,9,regular,2025-10-25 17:00:00,Cornell,Brown,Ivy,Ivy,30.0,24.0,False,True,Schoellkopf Field
401767729,2025,9,regular,2025-10-25 17:00:00,Holy Cross,Colgate,Patriot,Patriot,28.0,29.0,False,True,Fitton Field
401777107,2025,9,regular,2025-10-25 17:00:00,John Carroll,Wooster,Ohio,North Coast,66.0,7.0,False,False,Don Shula Stadium at Wasmer Field
401777290,2025,9,regular,2025-10-25 17:00:00,Washington & Jefferson,Waynesburg,Presidents',Presidents',56.0,0.0,False,True,Cameron Stadium
401777232,2025,9,regular,2025-10-25 17:00:00,Hampden Sydney,Roanoke College,Old Dominion,,35.0,10.0,False,False,Lewis C. Everett Stadium
401777241,2025,9,regular,2025-10-25 17:00:00,Gallaudet,Randolph Macon,Old Dominion,Old Dominion,7.0,47.0,False,False,Hotchkiss Field
401777308,2025,9,regular,2025-10-25 17:00:00,Greenville,Minnesota Morris,Upper Midwest,Upper Midwest,27.0,20.0,False,True,Francis Field (IL)
401766714,2025,9,regular,2025-10-25 17:00:00,Colby,Hamilton,NESCAC,NESCAC,17.0,10.0,False,True,Seaverns Field At Harold Alfond Stadium
401773128,2025,9,regular,2025-10-25 17:00:00,Ferrum,Erskine,Carolinas,Carolinas,35.0,33.0,False,False,W.B. Adams Stadium
401767221,2025,9,regular,2025-10-25 17:00:00,Tennessee Tech,Southeast Missouri State,OVC-Big South,OVC-Big South,42.0,23.0,False,True,Tucker Stadium
401774241,2025,9,regular,2025-10-25 17:00:00,Southwestern U,Maryville (TN),Southern Athletic,USA South,13.0,44.0,False,False,Birkelbach Field
401777735,2025,9,regular,2025-10-25 17:00:00,McDaniel,Dickinson,Centennial,Centennial,20.0,23.0,False,True,Kenneth R. Gill Stadium
401783341,2025,9,regular,2025-10-25 17:00:00,Alvernia,Widener,Mid Atlantic,Mid Atlantic,14.0,32.0,False,True,Turf Field
401783903,2025,9,regular,2025-10-25 17:00:00,Rowan,Salisbury,New Jersey,New Jersey,28.0,31.0,False,True,Richard Wackar Stadium
401773653,2025,9,regular,2025-10-25 17:00:00,Fairmont State,Charleston (WV),Mountain East,Mountain East,35.0,45.0,False,True,Duvall-Rosier Field
401774126,2025,9,regular,2025-10-25 17:00:00,Calvin,Trine,Michigan,Michigan,34.0,31.0,False,True,Grand Rapids Christian High School
401774232,2025,9,regular,2025-10-25 17:00:00,Belhaven,Methodist,USA South,USA South,28.0,7.0,False,True,Belhaven Bowl Stadium
401777283,2025,9,regular,2025-10-25 17:00:00,Grove City,Westminster (PA),Presidents',Presidents',14.0,7.0,False,True,Robert E. Thorn Field
401774016,2025,9,regular,2025-10-25 17:00:00,Central State,Miles,SIAC,SIAC,24.0,28.0,False,True,McPherson Memorial Stadium
401766707,2025,9,regular,2025-10-25 17:00:00,Ripon,Illinois College,Midwest,Midwest,0.0,31.0,False,True,Ingalls Field
401766713,2025,9,regular,2025-10-25 17:00:00,Bowdoin,Trinity (CT),NESCAC,NESCAC,3.0,45.0,False,True,Whittier Field
401766716,2025,9,regular,2025-10-25 17:00:00,Wesleyan (CT),Amherst,NESCAC,NESCAC,31.0,21.0,False,True,Corwin Stadium
401773054,2025,9,regular,2025-10-25 17:00:00,Virginia Union,Bowie State,CIAA,CIAA,24.0,7.0,False,True,Hovey Field
401774317,2025,9,regular,2025-10-25 17:00:00,Kean,The College of New Jersey,New Jersey,New Jersey,7.0,24.0,False,True,Kean Alumni Stadium
401776732,2025,9,regular,2025-10-25 17:00:00,Augsburg,Concordia (MN),Minnesota,Minnesota,7.0,26.0,False,True,Edor Nelson Field
401776779,2025,9,regular,2025-10-25 17:00:00,Adrian,Hope,Michigan,Michigan,17.0,19.0,False,True,Docking Stadium
401776783,2025,9,regular,2025-10-25 17:00:00,Kalamazoo,Albion,Michigan,Michigan,30.0,26.0,False,True,Angell Field
401773063,2025,9,regular,2025-10-25 17:00:00,Lincoln (PA),Elizabeth City State,CIAA,CIAA,14.0,62.0,False,True,Lincoln University Stadium
401773730,2025,9,regular,2025-10-25 17:00:00,Southern Connecticut State,Saint Anselm,Northeast 10,Northeast 10,37.0,13.0,False,True,Jess Dow Field
401774068,2025,9,regular,2025-10-25 17:00:00,Ursinus,Franklin & Marshall,Centennial,Centennial,20.0,52.0,False,True,Patterson Field
401774412,2025,9,regular,2025-10-25 17:30:00,Mount St Joseph,Franklin,Heartland,Heartland,52.0,21.0,False,True,Schueler Field
401774348,2025,9,regular,2025-10-25 17:30:00,Trinity (TX),Centre,Southern Athletic,Southern Athletic,19.0,14.0,False,True,Trinity University Stadium
401773292,2025,9,regular,2025-10-25 17:30:00,Worcester State,Dean,MSCAC,MSCAC,52.0,27.0,False,False,John Coughlin Memorial Field
401766715,2025,9,regular,2025-10-25 17:30:00,Tufts,Williams,NESCAC,NESCAC,41.0,20.0,False,True,Ellis Oval at Zimman Field
401774419,2025,9,regular,2025-10-25 17:30:00,Hanover,Manchester,Heartland,Heartland,76.0,7.0,False,True,Alumni Stadium (IN)
401777217,2025,9,regular,2025-10-25 17:30:00,Anderson (IN),Wilmington (OH),Heartland,Ohio,23.0,34.0,False,False,Macholtz Stadium
401777187,2025,9,regular,2025-10-25 17:30:00,Capital,Otterbein,Ohio,Ohio,19.0,20.0,False,True,Bernlohr Stadium
401777209,2025,9,regular,2025-10-25 17:30:00,Mount Union,Ohio Northern,Ohio,Ohio,33.0,7.0,False,True,Mount Union Stadium
401777194,2025,9,regular,2025-10-25 17:30:00,Muskingum,Heidelberg,Ohio,Ohio,14.0,27.0,False,True,Sherman Field at McConagha Stadium
401777043,2025,9,regular,2025-10-25 18:00:00,St. Norbert,Rockford,NACC,NACC,61.0,10.0,False,True,Donald J. Schneider Stadium
401767569,2025,9,regular,2025-10-25 18:00:00,Furman,The Citadel,Southern,Southern,24.0,14.0,False,True,Paladin Stadium
401767408,2025,9,regular,2025-10-25 18:00:00,Norfolk State,South Carolina State,MEAC,MEAC,20.0,51.0,False,True,"William Dick"""" Price Stadium"""""
401776759,2025,9,regular,2025-10-25 18:00:00,Bethel (MN),Macalester,Minnesota,Minnesota,53.0,0.0,False,True,Royal Stadium
401773492,2025,9,regular,2025-10-25 18:00:00,Saginaw Valley State,Wayne State (MI),GLIAC,GLIAC,28.0,7.0,False,True,Harvey Randall Wickes Memorial Stadium
401773772,2025,9,regular,2025-10-25 18:00:00,Southwest Minnesota State,Augustana (SD),Northern Sun,Northern Sun,29.0,57.0,False,True,Schwan Regional Event Center
401773786,2025,9,regular,2025-10-25 18:00:00,Wayne State (NE),Minnesota State,Northern Sun,Northern Sun,35.0,20.0,False,True,"Memorial Stadium (Wayne, NE)"
401786478,2025,9,regular,2025-10-25 18:00:00,Westfield State,Plymouth State,MSCAC,MSCAC,35.0,42.0,False,True,"Alumni Field (Westfield, MA)"
401777179,2025,9,regular,2025-10-25 18:00:00,Baldwin Wallace,Marietta,Ohio,Ohio,38.0,0.0,False,True,George Finnie Stadium
401777589,2025,9,regular,2025-10-25 18:00:00,Mary Hardin Baylor,Howard Payne,American Southwest,American Southwest,41.0,17.0,False,True,Crusader Stadium
401777137,2025,9,regular,2025-10-25 18:00:00,Oberlin,Wittenberg,North Coast,North Coast,0.0,52.0,False,True,Austin E. Knowlton Athletics Complex
401777037,2025,9,regular,2025-10-25 18:00:00,Benedictine (IL),Lakeland,NACC,NACC,42.0,35.0,False,True,Village of Lisle-Benedictine University Sports Complex
401773816,2025,9,regular,2025-10-25 18:00:00,IU Pennsylvania,California (PA),Pennsylvania State Athletic,Pennsylvania State Athletic,38.0,30.0,False,True,George P. Miller Stadium
401777024,2025,9,regular,2025-10-25 18:00:00,Concordia Chicago,Concordia (WI),NACC,NACC,20.0,47.0,False,True,Concordia Stadium
401766709,2025,9,regular,2025-10-25 18:00:00,Lawrence,Knox,Midwest,Midwest,0.0,0.0,False,True,Ron Roberts Field at the Banta Bowl
401766710,2025,9,regular,2025-10-25 18:00:00,Beloit,Monmouth (IL),Midwest,Midwest,0.0,72.0,False,True,Strong Stadium
401766711,2025,9,regular,2025-10-25 18:00:00,Cornell (IA),Lake Forest,Midwest,Midwest,24.0,49.0,False,True,Van Metre Field at Ash Park
401773041,2025,9,regular,2025-10-25 18:00:00,Wartburg,Central College,American Rivers,American Rivers,28.0,13.0,False,True,Walston-Hoover Stadium
401776765,2025,9,regular,2025-10-25 18:00:00,Hamline,Gustavus Adolphus,Minnesota,Minnesota,9.0,63.0,False,True,Klas Field
401773663,2025,9,regular,2025-10-25 18:00:00,Concord,West Virginia Wesleyan,Mountain East,Mountain East,31.0,21.0,False,True,Callaghan Stadium
401774362,2025,9,regular,2025-10-25 18:00:00,Carroll (WI),Elmhurst,CCIW,CCIW,47.0,7.0,False,True,Schneider Stadium
401773823,2025,9,regular,2025-10-25 18:00:00,Clarion,Seton Hill,Pennsylvania State Athletic,Pennsylvania State Athletic,23.0,17.0,False,True,"Memorial Stadium (Clarion, PA)"
401773110,2025,9,regular,2025-10-25 18:00:00,Barton,Shorter,Carolinas,Carolinas,7.0,33.0,False,False,Electric Supply Company Field
401774186,2025,9,regular,2025-10-25 18:00:00,Wisconsin Whitewater,Wisconsin Platteville,Wisconsin,Wisconsin,29.0,19.0,False,True,Perkins Stadium
401773177,2025,9,regular,2025-10-25 18:00:00,Simpson (IA),Dubuque,American Rivers,American Rivers,27.0,7.0,False,True,Bill Buxton Stadium
401773443,2025,9,regular,2025-10-25 18:00:00,Southwest Baptist,Truman State,Great Lakes,Great Lakes,16.0,27.0,False,True,Plaster Sports Complex
401773738,2025,9,regular,2025-10-25 18:00:00,Bemidji State,Jamestown,Northern Sun,Northern Sun,47.0,25.0,False,False,Chet Anderson Stadium
401773755,2025,9,regular,2025-10-25 18:00:00,Minot State,Sioux Falls,Northern Sun,Northern Sun,17.0,24.0,False,True,Herb Parker Stadium
401793943,2025,9,regular,2025-10-25 18:00:00,Anderson (SC),Wingate,South Atlantic,South Atlantic,3.0,30.0,False,True,Spero Financial Field
401774164,2025,9,regular,2025-10-25 18:00:00,Wisconsin Eau Claire,Wisconsin River Falls,Wisconsin,Wisconsin,21.0,73.0,False,True,Carson Park
401773388,2025,9,regular,2025-10-25 18:00:00,Ouachita Baptist,Southern Arkansas,Great American,Great American,42.0,14.0,False,True,Cliff Harris Stadium
401767167,2025,9,regular,2025-10-25 18:00:00,Charleston Southern,Eastern Illinois,OVC-Big South,OVC-Big South,17.0,16.0,False,True,Buccaneer Field
401767498,2025,9,regular,2025-10-25 18:00:00,Youngstown State,Murray State,MVFC,MVFC,51.0,17.0,False,True,Stambaugh Stadium
401773254,2025,9,regular,2025-10-25 18:00:00,Hardin Simmons,Nelson (TX),American Southwest,,68.0,14.0,False,False,Shelton Stadium
401767302,2025,9,regular,2025-10-25 18:00:00,West Georgia,Central Arkansas,UAC,UAC,18.0,17.0,False,True,University Stadium (GA)
401773619,2025,9,regular,2025-10-25 18:00:00,Washburn,Fort Hays,Mid America,Mid America,10.0,13.0,False,True,Yager Stadium at Moore Bowl
401773977,2025,9,regular,2025-10-25 18:00:00,Benedict,Albany State,SIAC,SIAC,3.0,31.0,False,True,Charlie W. Johnson Stadium
401773161,2025,9,regular,2025-10-25 18:00:00,Buena Vista,Loras,American Rivers,American Rivers,14.0,28.0,False,True,J. Leslie Rollins Stadium
401773438,2025,9,regular,2025-10-25 18:00:00,Quincy,Missouri S&T,Great Lakes,Great Lakes,31.0,30.0,False,True,QU Stadium
401774354,2025,9,regular,2025-10-25 18:00:00,North Central College,Augustana (IL),CCIW,CCIW,76.0,14.0,False,True,Benedetti-Wehrli Stadium
401776755,2025,9,regular,2025-10-25 18:00:00,Saint John's (MN),Carleton,Minnesota,Minnesota,49.0,10.0,False,True,Clemens Stadium
401776740,2025,9,regular,2025-10-25 18:00:00,St. Olaf,St. Scholastica,Minnesota,Minnesota,44.0,41.0,False,True,Klein Field at Manitou
401774372,2025,9,regular,2025-10-25 18:00:00,Carthage,Millikin,CCIW,CCIW,24.0,7.0,False,True,Art Keller Field
401774193,2025,9,regular,2025-10-25 18:00:00,Wisconsin Stout,Wisconsin Stevens Point,Wisconsin,Wisconsin,42.0,22.0,False,True,Don and Nona Williams Stadium
401774403,2025,9,regular,2025-10-25 18:00:00,Rose Hulman,Bluffton,Heartland,Heartland,27.0,30.0,False,True,Cook Stadium
401774394,2025,9,regular,2025-10-25 18:00:00,Wheaton (IL),Washington St. Louis,CCIW,CCIW,28.0,24.0,False,True,McCully Stadium
401773049,2025,9,regular,2025-10-25 18:00:00,Coe,Luther,American Rivers,American Rivers,42.0,21.0,False,True,Clark Field
401767441,2025,9,regular,2025-10-25 18:00:00,South Dakota,Illinois State,MVFC,MVFC,13.0,21.0,False,True,DakotaDome
401774378,2025,9,regular,2025-10-25 18:00:00,Illinois Wesleyan,North Park,CCIW,CCIW,49.0,21.0,False,True,Tucci Stadium
401773451,2025,9,regular,2025-10-25 18:00:00,William Jewell,Upper Iowa,Great Lakes,Great Lakes,10.0,28.0,False,True,Liberty North High School
401766708,2025,9,regular,2025-10-25 18:00:00,Grinnell,Chicago,Midwest,Midwest,7.0,38.0,False,True,Rosenbloom Field
401773412,2025,9,regular,2025-10-25 18:00:00,McKendree,Lincoln (MO),Great Lakes,Great Lakes,54.0,48.0,False,True,Leemon Field
401773070,2025,9,regular,2025-10-25 18:00:00,Virginia State,Bluefield State,CIAA,CIAA,51.0,34.0,False,True,Rogers Stadium (VA)
401767185,2025,9,regular,2025-10-25 18:00:00,Hampton,Monmouth,Coastal Athletic,Coastal Athletic,10.0,28.0,False,True,Armstrong Stadium
401773097,2025,9,regular,2025-10-25 18:00:00,Livingstone,Virginia Lynchburg,CIAA,,44.0,22.0,False,False,Alumni Memorial Stadium (NC)
401767228,2025,9,regular,2025-10-25 18:30:00,Tennessee State,Western Illinois,OVC-Big South,OVC-Big South,16.0,17.0,False,True,Nissan Stadium
401773247,2025,9,regular,2025-10-25 18:30:00,Hillsdale,Lake Erie,Great Midwest Athletic,Great Midwest Athletic,35.0,10.0,False,True,"Frank ""Muddy"" Waters Stadium"
401773609,2025,9,regular,2025-10-25 18:30:00,Central Missouri,Emporia State,Mid America,Mid America,27.0,31.0,False,True,Audrey J. Walton Stadium at Vernon Kennedy Field
401767486,2025,9,regular,2025-10-25 19:00:00,Northwestern State,Lamar,Southland,Southland,14.0,41.0,False,True,Harry Turpin Stadium
401767764,2025,9,regular,2025-10-25 19:00:00,Saint Francis,Robert Morris,NEC,NEC,14.0,24.0,False,True,DeGol Field
401767374,2025,9,regular,2025-10-25 19:00:00,Alcorn State,Mississippi Valley State,SWAC,SWAC,32.0,10.0,False,True,Jack Spinks Stadium
401767065,2025,9,regular,2025-10-25 19:00:00,Weber State,Eastern Washington,Big Sky,Big Sky,20.0,23.0,False,True,Stewart Stadium
401774171,2025,9,regular,2025-10-25 19:00:00,Wisconsin La Crosse,Wisconsin Oshkosh,Wisconsin,Wisconsin,44.0,13.0,False,True,Veterans Memorial Stadium (WI)
401767539,2025,9,regular,2025-10-25 19:00:00,Southern Illinois,Northern Iowa,MVFC,MVFC,31.0,17.0,False,True,Saluki Stadium
401773896,2025,9,regular,2025-10-25 19:00:00,Western Colorado,Colorado School of Mines,Rocky Mountain,Rocky Mountain,40.0,17.0,False,True,Mountaineer Bowl
401773778,2025,9,regular,2025-10-25 19:00:00,Winona State,Concordia St. Paul,Northern Sun,Northern Sun,24.0,14.0,False,True,Altra Federal Credit Union Stadium
401773637,2025,9,regular,2025-10-25 19:00:00,Northwest Missouri State,Nebraska Kearney,Mid America,Mid America,14.0,0.0,False,True,Bearcat Stadium
401773531,2025,9,regular,2025-10-25 19:00:00,West Florida,West Virginia State,Gulf South,Mountain East,55.0,6.0,False,False,Pen-Air Field
401773357,2025,9,regular,2025-10-25 19:00:00,Southwestern Oklahoma State,East Central,Great American,Great American,38.0,14.0,False,True,Milam Stadium
401767204,2025,9,regular,2025-10-25 19:00:00,Lindenwood,Gardner-Webb,OVC-Big South,OVC-Big South,20.0,48.0,False,True,Hunter Stadium
401773348,2025,9,regular,2025-10-25 19:00:00,Harding,Arkansas Monticello,Great American,Great American,55.0,0.0,False,True,First Security Stadium
401777074,2025,9,regular,2025-10-25 19:00:00,Denison,DePauw,North Coast,North Coast,28.0,35.0,False,True,Deeds Field-Piper Stadium
401777279,2025,9,regular,2025-10-25 19:00:00,Geneva,Bethany (WV),Presidents',Presidents',75.0,28.0,False,True,Reeves Field (PA)
401767577,2025,9,regular,2025-10-25 19:00:00,Mercer,VMI,Southern,Southern,62.0,0.0,False,True,Five Star Stadium at the Moye Complex
401773941,2025,9,regular,2025-10-25 19:00:00,Carson Newman,UVA Wise,South Atlantic,South Atlantic,35.0,14.0,False,True,Burke-Tarr Stadium
401777091,2025,9,regular,2025-10-25 19:00:00,Hiram,Allegheny,Presidents',Presidents',13.0,28.0,False,False,Charles A. Henry Field
401757172,2025,9,regular,2025-10-25 19:00:00,Rice,UConn,American Athletic,FBS Independents,37.0,34.0,False,False,Rice Stadium
401774003,2025,9,regular,2025-10-25 19:00:00,Lane College,Fort Valley State,SIAC,SIAC,19.0,23.0,False,True,Lane Field
401773984,2025,9,regular,2025-10-25 19:00:00,Tuskegee,Allen,SIAC,SIAC,13.0,28.0,False,True,Abbott Memorial Alumni Stadium
401774010,2025,9,regular,2025-10-25 19:00:00,Savannah State,Morehouse,SIAC,SIAC,24.0,16.0,False,True,Ted Wright Stadium
401774283,2025,9,regular,2025-10-25 19:00:00,Rhodes,Sewanee,Southern Athletic,Southern Athletic,6.0,28.0,False,True,Crain Field
401783327,2025,9,regular,2025-10-25 19:00:00,Buffalo State,Rochester (NY),Liberty League,Liberty League,3.0,23.0,False,True,Coyer Field
401773138,2025,9,regular,2025-10-25 19:00:00,Valdosta State,North Greenville,Gulf South,Carolinas,35.0,24.0,False,True,Bazemore-Hyder Stadium
401773517,2025,9,regular,2025-10-25 19:00:00,West Alabama,Delta State,Gulf South,Gulf South,38.0,41.0,False,True,Tiger Stadium (AL)
401773624,2025,9,regular,2025-10-25 19:00:00,Missouri Southern State,Missouri Western,Mid America,Mid America,12.0,19.0,False,True,Fred G. Hughes Stadium
401767472,2025,9,regular,2025-10-25 19:00:00,Houston Christian,SE Louisiana,Southland,Southland,14.0,38.0,False,True,Husky Stadium
401767384,2025,9,regular,2025-10-25 19:00:00,Bethune-Cookman,Arkansas-Pine Bluff,SWAC,SWAC,31.0,14.0,False,True,Municipal Stadium
401760400,2025,9,regular,2025-10-25 19:00:00,New Mexico,Utah State,Mountain West,Mountain West,33.0,14.0,False,True,University Stadium (NM)
401767281,2025,9,regular,2025-10-25 19:00:00,Eastern Kentucky,Tarleton State,UAC,UAC,7.0,31.0,False,True,Roy Kidd Stadium
401767435,2025,9,regular,2025-10-25 19:00:00,Prairie View A&M,Lincoln (CA),SWAC,Independent DII,38.0,0.0,False,False,Panther Stadium
401767124,2025,9,regular,2025-10-25 19:00:00,Northern Colorado,UC Davis,Big Sky,Big Sky,16.0,27.0,False,True,Nottingham Field
401762495,2025,9,regular,2025-10-25 19:30:00,Tulsa,Temple,American Athletic,American Athletic,37.0,38.0,False,True,Chapman Stadium
401762493,2025,9,regular,2025-10-25 19:30:00,Navy,Florida Atlantic,American Athletic,American Athletic,42.0,32.0,False,True,Navy-Marine Corps Memorial Stadium
401767561,2025,9,regular,2025-10-25 19:30:00,East Tennessee State,Wofford,Southern,Southern,14.0,10.0,False,True,William B. Greene Jr. Stadium
401752752,2025,9,regular,2025-10-25 19:30:00,Vanderbilt,Missouri,SEC,SEC,17.0,10.0,False,True,FirstBank Stadium
401752952,2025,9,regular,2025-10-25 19:30:00,Washington State,Toledo,Pac-12,Mid-American,28.0,7.0,False,False,Gesa Field
401762847,2025,9,regular,2025-10-25 19:30:00,Central Michigan,Massachusetts,Mid-American,Mid-American,38.0,13.0,False,True,Kelly/Shorts Stadium
401762874,2025,9,regular,2025-10-25 19:30:00,Miami (OH),Western Michigan,Mid-American,Mid-American,26.0,17.0,False,True,Yager Stadium
401756931,2025,9,regular,2025-10-25 19:30:00,Iowa State,BYU,Big 12,Big 12,27.0,41.0,False,True,Jack Trice Stadium
401761637,2025,9,regular,2025-10-25 19:30:00,Southern Miss,UL Monroe,Sun Belt,Sun Belt,49.0,21.0,False,True,M. M. Roberts Stadium
401767533,2025,9,regular,2025-10-25 19:30:00,Samford,Chattanooga,Southern,Southern,13.0,49.0,False,True,Seibert Stadium
401752751,2025,9,regular,2025-10-25 19:30:00,South Carolina,Alabama,SEC,SEC,22.0,29.0,False,True,Williams-Brice Stadium
401767325,2025,9,regular,2025-10-25 19:30:00,Stony Brook,Towson,Coastal Athletic,Coastal Athletic,27.0,19.0,False,True,Kenneth P. LaValle Stadium
401752882,2025,9,regular,2025-10-25 19:30:00,Iowa,Minnesota,Big Ten,Big Ten,41.0,3.0,False,True,Kinnick Stadium
401752880,2025,9,regular,2025-10-25 19:30:00,Washington,Illinois,Big Ten,Big Ten,42.0,25.0,False,True,Husky Stadium
401754574,2025,9,regular,2025-10-25 19:30:00,Pittsburgh,NC State,ACC,ACC,53.0,34.0,False,True,Acrisure Stadium
401762845,2025,9,regular,2025-10-25 19:30:00,Northern Illinois,Ball State,Mid-American,Mid-American,21.0,7.0,False,True,Huskie Stadium
401767334,2025,9,regular,2025-10-25 19:30:00,Villanova,UAlbany,Coastal Athletic,Coastal Athletic,29.0,16.0,False,True,Villanova Stadium
401767314,2025,9,regular,2025-10-25 19:30:00,Alabama A&M,Alabama State,SWAC,SWAC,13.0,56.0,True,True,Legion Field
401767354,2025,9,regular,2025-10-25 19:30:00,Howard,Morgan State,MEAC,MEAC,33.0,27.0,False,True,William H. Greene Stadium
401760399,2025,9,regular,2025-10-25 19:30:00,Fresno State,San Diego State,Mountain West,Mountain West,0.0,23.0,False,True,Valley Children's Stadium
401767493,2025,9,regular,2025-10-25 20:00:00,Nicholls,McNeese,Southland,Southland,31.0,7.0,False,True,Manning Field at John L. Guidry Stadium
401777173,2025,9,regular,2025-10-25 20:00:00,Lewis & Clark,Whitworth,Northwest,Northwest,35.0,42.0,False,True,Griswold Stadium
401777252,2025,9,regular,2025-10-25 20:00:00,Washington and Lee,Bridgewater,Old Dominion,Old Dominion,20.0,17.0,False,True,Wilson Field
401777149,2025,9,regular,2025-10-25 20:00:00,Pacific Lutheran,Linfield,Northwest,Northwest,15.0,31.0,False,True,Sparks Stadium
401773272,2025,9,regular,2025-10-25 20:00:00,Alfred State,Hartwick,Empire 8,Empire 8,54.0,28.0,False,False,Pioneer Stadium
401773904,2025,9,regular,2025-10-25 20:00:00,Colorado Mesa,Fort Lewis,Rocky Mountain,Rocky Mountain,24.0,14.0,False,True,Ralph Stocker Stadium
401777156,2025,9,regular,2025-10-25 20:00:00,Pacific (OR),Willamette,Northwest,Northwest,35.0,14.0,False,True,Hanson Stadium
401756933,2025,9,regular,2025-10-25 20:00:00,Texas Tech,Oklahoma State,Big 12,Big 12,42.0,0.0,False,True,Jones AT&T Stadium
401767450,2025,9,regular,2025-10-25 20:00:00,North Dakota,Indiana State,MVFC,MVFC,46.0,17.0,False,True,Alerus Center
401773379,2025,9,regular,2025-10-25 20:00:00,Northwestern (OK),Southern Nazarene,Great American,Great American,33.0,22.0,False,True,Ranger Field
401767093,2025,9,regular,2025-10-25 20:00:00,Idaho,Portland State,Big Sky,Big Sky,45.0,6.0,False,True,Kibbie Dome
401756930,2025,9,regular,2025-10-25 20:00:00,Cincinnati,Baylor,Big 12,Big 12,41.0,20.0,False,True,Nippert Stadium
401767252,2025,9,regular,2025-10-25 20:00:00,Austin Peay,North Alabama,UAC,UAC,56.0,28.0,False,True,Governors Stadium
401752749,2025,9,regular,2025-10-25 20:15:00,Mississippi State,Texas,SEC,SEC,38.0,45.0,False,True,Davis Wade Stadium
401777143,2025,9,regular,2025-10-25 20:30:00,George Fox,Puget Sound,Northwest,Northwest,48.0,23.0,False,True,Stoffer Family Stadium
401773551,2025,9,regular,2025-10-25 21:00:00,Eastern New Mexico,Western New Mexico,Lone Star,Lone Star,59.0,35.0,False,True,Al Whitehead Field at Greyhound Stadium
401767456,2025,9,regular,2025-10-25 21:00:00,Southern,Florida A&M,SWAC,SWAC,35.0,43.0,False,True,Ace W. Mumford Stadium
401773338,2025,9,regular,2025-10-25 21:00:00,Arkansas Tech,Henderson State,Great American,Great American,17.0,6.0,False,True,Thone Stadium at Buerkle Field
401774277,2025,9,regular,2025-10-25 21:00:00,Austin,Texas Lutheran,Southern Collegiate Athletic,Southern Collegiate Athletic,7.0,55.0,False,True,Bulldog Stadium (TX)
401773933,2025,9,regular,2025-10-25 22:00:00,Catawba,Tusculum,South Atlantic,South Atlantic,38.0,3.0,False,True,Shuford Stadium
401767419,2025,9,regular,2025-10-25 22:00:00,Grambling,Jackson State,SWAC,SWAC,26.0,24.0,True,True,Allegiant Stadium
401767085,2025,9,regular,2025-10-25 22:00:00,Idaho State,Northern Arizona,Big Sky,Big Sky,18.0,31.0,False,True,Holt Arena
401774461,2025,9,regular,2025-10-25 22:00:00,Centenary (LA),McMurry,Southern Collegiate Athletic,Southern Collegiate Athletic,6.0,52.0,False,True,Mayo Field
401774249,2025,9,regular,2025-10-25 22:00:00,Greensboro,Brevard,USA South,USA South,7.0,34.0,False,True,Jamieson Stadium
401773948,2025,9,regular,2025-10-25 22:00:00,Newberry,Emory & Henry,South Atlantic,South Atlantic,36.0,34.0,False,True,Setzler Field
401773119,2025,9,regular,2025-10-25 22:00:00,Chowan,UNC Pembroke,Carolinas,Carolinas,10.0,42.0,False,False,Garrison Stadium
401756935,2025,9,regular,2025-10-25 22:00:00,West Virginia,TCU,Big 12,Big 12,17.0,23.0,False,True,Milan Puskar Stadium
401783911,2025,9,regular,2025-10-25 22:00:00,Eureka,Wisconsin Lutheran,NACC,NACC,12.0,42.0,False,True,Pete FioRito Stadium at McKinzie Field
401761636,2025,9,regular,2025-10-25 23:00:00,Arkansas State,Georgia Southern,Sun Belt,Sun Belt,34.0,24.0,False,True,Centennial Bank Stadium
401773384,2025,9,regular,2025-10-25 23:00:00,Oklahoma Baptist,Southeastern Oklahoma State,Great American,Great American,10.0,14.0,False,True,Crain Family Stadium
401754572,2025,9,regular,2025-10-25 23:00:00,Miami,Stanford,ACC,ACC,42.0,7.0,False,True,Hard Rock Stadium
401752886,2025,9,regular,2025-10-25 23:00:00,Oregon,Wisconsin,Big Ten,Big Ten,21.0,7.0,False,True,Autzen Stadium
401773748,2025,9,regular,2025-10-25 23:00:00,Northern State,Minnesota St Moorhead,Northern Sun,Northern Sun,49.0,48.0,False,True,Swisher Field
401773576,2025,9,regular,2025-10-25 23:00:00,UT Permian Basin,West Texas,Lone Star,Lone Star,22.0,6.0,False,True,Ratliff Stadium
401761638,2025,9,regular,2025-10-25 23:00:00,Troy,Louisiana,Sun Belt,Sun Belt,35.0,23.0,False,True,Veterans Memorial Stadium (AL)
401767463,2025,9,regular,2025-10-25 23:00:00,East Texas A&M,Stephen F. Austin,Southland,Southland,21.0,31.0,False,True,Memorial Stadium (Commerce TX)
401752748,2025,9,regular,2025-10-25 23:30:00,LSU,Texas A&M,SEC,SEC,25.0,49.0,False,True,Tiger Stadium (LA)
401754570,2025,9,regular,2025-10-25 23:30:00,Louisville,Boston College,ACC,ACC,38.0,24.0,False,True,L&N Federal Credit Union Stadium
401752881,2025,9,regular,2025-10-25 23:30:00,Michigan State,Michigan,Big Ten,Big Ten,20.0,31.0,False,True,Spartan Stadium
401760398,2025,9,regular,2025-10-25 23:30:00,Wyoming,Colorado State,Mountain West,Mountain West,28.0,0.0,False,True,War Memorial Stadium
401752747,2025,9,regular,2025-10-25 23:45:00,Kentucky,Tennessee,SEC,SEC,34.0,56.0,False,True,Kroger Field
401773532,2025,9,regular,2025-10-26 00:00:00,Central Oklahoma,Northeastern State,Mid America,Independent DII,21.0,28.0,False,False,Wantland Stadium
401773876,2025,9,regular,2025-10-26 00:00:00,Adams State,New Mexico Highlands,Rocky Mountain,Rocky Mountain,10.0,49.0,False,True,Rex Stadium
401773541,2025,9,regular,2025-10-26 00:00:00,Sul Ross State,Angelo State,Lone Star,Lone Star,,62.0,False,True,Jackson Field
401767075,2025,9,regular,2025-10-26 00:00:00,Cal Poly,Montana State,Big Sky,Big Sky,17.0,34.0,False,True,Alex G. Spanos Stadium
401773560,2025,9,regular,2025-10-26 00:00:00,Midwestern State,Central Washington,Lone Star,Lone Star,13.0,56.0,False,True,"Memorial Stadium (Wichita Falls, TX)"
401777614,2025,9,regular,2025-10-26 00:00:00,Northwestern (MN),Crown,Upper Midwest,Upper Midwest,24.0,16.0,False,True,Reynolds Field
401767512,2025,9,regular,2025-10-26 00:00:00,South Dakota State,North Dakota State,MVFC,MVFC,7.0,38.0,False,True,Dana J. Dykhouse Stadium
401756929,2025,9,regular,2025-10-26 00:00:00,Arizona State,Houston,Big 12,Big 12,16.0,24.0,False,True,Mountain America Stadium
401767478,2025,9,regular,2025-10-26 00:00:00,UT Rio Grande Valley,Incarnate Word,Southland,Southland,56.0,28.0,False,False,Robert and Janet Vackar Stadium
401767295,2025,9,regular,2025-10-26 00:00:00,Utah Tech,Southern Utah,UAC,UAC,7.0,28.0,False,True,Greater Zion Stadium
401773569,2025,9,regular,2025-10-26 00:00:00,Texas A&M-Kingsville,Western Oregon,Lone Star,Lone Star,27.0,34.0,False,True,Javelina Stadium
401774264,2025,9,regular,2025-10-26 02:00:00,Chapman,Claremont Mudd Scripps,So. Cal.,So. Cal.,37.0,31.0,False,True,Ernie Chapman Stadium
401774257,2025,9,regular,2025-10-26 02:00:00,Cal Lutheran,Redlands,So. Cal.,So. Cal.,24.0,30.0,False,True,William Rolland Stadium
401788918,2025,9,regular,2025-10-26 02:00:00,Pomona Pitzer,La Verne,So. Cal.,So. Cal.,8.0,26.0,False,True,Merritt Field
401756934,2025,9,regular,2025-10-26 02:15:00,Utah,Colorado,Big 12,Big 12,53.0,7.0,False,True,Rice-Eccles Stadium
401757289,2025,10,regular,2025-10-29 00:00:00,Kennesaw State,UTEP,Conference USA,Conference USA,33.0,20.0,False,True,Fifth Third Stadium
401761639,2025,10,regular,2025-10-29 00:00:00,Texas State,James Madison,Sun Belt,Sun Belt,20.0,52.0,False,True,Bobcat Stadium (TX)
401757292,2025,10,regular,2025-10-29 23:30:00,Middle Tennessee,Jacksonville State,Conference USA,Conference USA,21.0,24.0,False,True,"Johnny ""Red"" Floyd Stadium"
401757291,2025,10,regular,2025-10-30 00:00:00,Missouri State,Florida International,Conference USA,Conference USA,28.0,21.0,False,True,Plaster Sports Complex
401767346,2025,10,regular,2025-10-30 23:00:00,Delaware State,Norfolk State,MEAC,MEAC,27.0,20.0,True,True,Lincoln Financial Field
401761640,2025,10,regular,2025-10-30 23:30:00,Coastal Carolina,Marshall,Sun Belt,Sun Belt,44.0,27.0,False,True,Brooks Stadium (SC)
401762443,2025,10,regular,2025-10-30 23:30:00,UTSA,Tulane,American Athletic,American Athletic,48.0,26.0,False,True,Alamodome
401767555,2025,10,regular,2025-10-31 23:00:00,Pennsylvania,Brown,Ivy,Ivy,28.0,21.0,False,True,Franklin Field
401762497,2025,10,regular,2025-10-31 23:00:00,Rice,Memphis,American Athletic,American Athletic,14.0,38.0,False,True,Rice Stadium
401754575,2025,10,regular,2025-10-31 23:30:00,Syracuse,North Carolina,ACC,ACC,10.0,27.0,False,True,JMA Wireless Dome
401757290,2025,10,regular,2025-11-01 00:00:00,Louisiana Tech,Sam Houston,Conference USA,Conference USA,55.0,14.0,False,True,Joe Aillet Stadium
401767094,2025,10,regular,2025-11-01 02:30:00,Northern Arizona,Idaho,Big Sky,Big Sky,32.0,35.0,False,True,Walkup Skydome
401774056,2025,10,regular,2025-11-01 16:00:00,Hartwick,SUNY Morrisville,Empire 8,Empire 8,24.0,13.0,False,True,Wright Stadium
401773867,2025,10,regular,2025-11-01 16:00:00,Shepherd,Shippensburg,Pennsylvania State Athletic,Pennsylvania State Athletic,48.0,7.0,False,True,Ram Stadium (WV)
401774088,2025,10,regular,2025-11-01 16:00:00,Wilkes,Juniata,Landmark Conference,Landmark Conference,38.0,7.0,False,True,Schmidt Stadium
401773850,2025,10,regular,2025-11-01 16:00:00,Kutztown,East Stroudsburg,Pennsylvania State Athletic,Pennsylvania State Athletic,49.0,6.0,False,True,Andre Reed Stadium
401774324,2025,10,regular,2025-11-01 16:00:00,The College of New Jersey,Rowan,New Jersey,New Jersey,30.0,44.0,False,True,Lions Stadium
401773476,2025,10,regular,2025-11-01 16:00:00,Michigan Tech,Roosevelt,GLIAC,GLIAC,56.0,31.0,False,True,Sherman Field
401773459,2025,10,regular,2025-11-01 16:00:00,Davenport,Saginaw Valley State,GLIAC,GLIAC,31.0,17.0,False,True,Farmers Insurance Athletic Complex
401773420,2025,10,regular,2025-11-01 16:00:00,Upper Iowa,McKendree,Great Lakes,Great Lakes,57.0,7.0,False,True,Harms-Eischeid Stadium
401773302,2025,10,regular,2025-11-01 16:00:00,Brockport,Alfred,Empire 8,Empire 8,51.0,0.0,False,True,Bob Boozer Field
401773854,2025,10,regular,2025-11-01 16:00:00,Millersville,Lock Haven,Pennsylvania State Athletic,Pennsylvania State Athletic,7.0,42.0,False,True,Chryst Field at Biemesderfer Stadium
401752891,2025,10,regular,2025-11-01 16:00:00,Illinois,Rutgers,Big Ten,Big Ten,35.0,13.0,False,True,"Memorial Stadium (Champaign, IL)"
401767661,2025,10,regular,2025-11-01 16:00:00,Sacred Heart,New Haven,FCS Independents,NEC,35.0,20.0,False,False,Campus Field
401773831,2025,10,regular,2025-11-01 16:00:00,Seton Hill,Edinboro,Pennsylvania State Athletic,Pennsylvania State Athletic,6.0,22.0,False,True,Offutt Field
401773248,2025,10,regular,2025-11-01 16:00:00,Thomas More,Hillsdale,Great Midwest Athletic,Great Midwest Athletic,10.0,24.0,False,True,BB&T Field at Griffin Plaza
401776999,2025,10,regular,2025-11-01 16:00:00,FDU Florham,Misericordia,Mid Atlantic,Mid Atlantic,16.0,35.0,False,True,Robert T. Shields Field
401773139,2025,10,regular,2025-11-01 16:00:00,North Greenville,Ferrum,Carolinas,Carolinas,27.0,0.0,False,False,Younts Stadium
401773664,2025,10,regular,2025-11-01 16:00:00,Wheeling,Concord,Mountain East,Mountain East,26.0,21.0,False,True,Bishop Schmitt Field
401767275,2025,10,regular,2025-11-01 16:00:00,North Carolina A&T,Towson,Coastal Athletic,Coastal Athletic,9.0,62.0,False,True,Aggie Stadium
401752889,2025,10,regular,2025-11-01 16:00:00,Ohio State,Penn State,Big Ten,Big Ten,38.0,14.0,False,True,Ohio Stadium
401773240,2025,10,regular,2025-11-01 16:00:00,Northwood,Findlay,Great Midwest Athletic,Great Midwest Athletic,16.0,31.0,False,True,Hantz Stadium
401754577,2025,10,regular,2025-11-01 16:00:00,Clemson,Duke,ACC,ACC,45.0,46.0,False,True,"Memorial Stadium (Clemson, SC)"
401767768,2025,10,regular,2025-11-01 16:00:00,Saint Francis,Wagner,NEC,NEC,20.0,23.0,False,True,DeGol Field
401806318,2025,10,regular,2025-11-01 16:00:00,Plymouth State,Framingham State,MSCAC,MSCAC,28.0,26.0,False,True,Charles L. Currier Memorial Field
401774306,2025,10,regular,2025-11-01 16:00:00,Husson,Curry,Commonwealth Coast,Commonwealth Coast,21.0,40.0,False,True,Dr. John W. Winkin Sports Complex
401774104,2025,10,regular,2025-11-01 16:00:00,Rochester (NY),Hobart,Liberty League,Liberty League,21.0,28.0,False,True,Edwin Fauver Stadium
401786479,2025,10,regular,2025-11-01 16:00:00,Westfield State,Mass Maritime,MSCAC,MSCAC,14.0,21.0,False,True,"Alumni Field (Westfield, MA)"
401774153,2025,10,regular,2025-11-01 16:00:00,Norwich,Springfield,NEWMAC,NEWMAC,6.0,48.0,False,True,Sabine Field at Haynes Family Stadium
401778020,2025,10,regular,2025-11-01 16:00:00,Salve Regina,Coast Guard,NEWMAC,NEWMAC,31.0,36.0,False,True,Toppa Field
401800974,2025,10,regular,2025-11-01 16:00:00,MIT,WPI,NEWMAC,NEWMAC,19.0,7.0,False,True,Henry G. Steinbrenner '27 Stadium
401778012,2025,10,regular,2025-11-01 16:00:00,Catholic,Lycoming,Landmark Conference,Landmark Conference,12.0,38.0,False,True,Cardinal Stadium (DC)
401777956,2025,10,regular,2025-11-01 16:00:00,Ohio Dominican,Lake Erie,Great Midwest Athletic,Great Midwest Athletic,30.0,14.0,False,True,Panther Stadium (OH)
401773293,2025,10,regular,2025-11-01 16:00:00,Dean,UMass Dartmouth,MSCAC,MSCAC,7.0,48.0,False,False,Dale Lippert Field
401767685,2025,10,regular,2025-11-01 16:00:00,Yale,Columbia,Ivy,Ivy,24.0,10.0,False,True,Yale Bowl
401773807,2025,10,regular,2025-11-01 16:00:00,West Chester,Bloomsburg,Pennsylvania State Athletic,Pennsylvania State Athletic,46.0,44.0,False,True,John A. Farrell Stadium
401777979,2025,10,regular,2025-11-01 16:00:00,Saint Anselm,Bentley,Northeast 10,Northeast 10,14.0,28.0,False,True,Grappone Stadium
401773713,2025,10,regular,2025-11-01 16:00:00,Assumption,Southern Connecticut State,Northeast 10,Northeast 10,38.0,7.0,False,True,Multi-Sport Stadium
401762499,2025,10,regular,2025-11-01 16:00:00,North Texas,Navy,American Athletic,American Athletic,31.0,17.0,False,True,DATCU Stadium
401774250,2025,10,regular,2025-11-01 16:00:00,Brevard,Huntingdon,USA South,USA South,26.0,32.0,False,True,Brevard Memorial Stadium
401777008,2025,10,regular,2025-11-01 16:00:00,Fitchburg State,Bridgewater State,MSCAC,MSCAC,18.0,38.0,False,True,Elliot Field Athletic Complex
401767723,2025,10,regular,2025-11-01 16:00:00,Lehigh,Georgetown,Patriot,Patriot,41.0,0.0,False,True,Goodman Stadium
401757173,2025,10,regular,2025-11-01 16:00:00,UConn,UAB,FBS Independents,American Athletic,38.0,19.0,False,False,Pratt & Whitney Stadium
401760401,2025,10,regular,2025-11-01 16:00:00,Air Force,Army,Mountain West,American Athletic,17.0,20.0,False,False,Falcon Stadium
401752758,2025,10,regular,2025-11-01 16:00:00,Texas,Vanderbilt,SEC,SEC,34.0,31.0,False,True,DKR-Texas Memorial Stadium
401756938,2025,10,regular,2025-11-01 16:00:00,Houston,West Virginia,Big 12,Big 12,35.0,45.0,False,True,TDECU Stadium
401776974,2025,10,regular,2025-11-01 16:00:00,Endicott,Maine Maritime,Commonwealth Coast,Commonwealth Coast,69.0,7.0,False,False,Hempstead Stadium
401756936,2025,10,regular,2025-11-01 16:00:00,Baylor,UCF,Big 12,Big 12,30.0,3.0,False,True,McLane Stadium
401754581,2025,10,regular,2025-11-01 16:00:00,SMU,Miami,ACC,ACC,26.0,20.0,False,True,Gerald J. Ford Stadium
401767746,2025,10,regular,2025-11-01 16:00:00,Central Connecticut,Long Island University,NEC,NEC,10.0,7.0,False,True,Arute Field
401762849,2025,10,regular,2025-11-01 16:00:00,Bowling Green,Buffalo,Mid-American,Mid-American,3.0,28.0,False,True,Doyt L. Perry Stadium
401766724,2025,10,regular,2025-11-01 16:30:00,Hamilton,Middlebury,NESCAC,NESCAC,21.0,24.0,False,True,Steuben Field
401773978,2025,10,regular,2025-11-01 17:00:00,Albany State,Savannah State,SIAC,SIAC,21.0,18.0,False,True,Albany State University Coliseum
401773273,2025,10,regular,2025-11-01 17:00:00,Alfred State,SUNY Cortland,Empire 8,Empire 8,7.0,49.0,False,False,Pioneer Stadium
401773213,2025,10,regular,2025-11-01 17:00:00,Ashland,Walsh,Great Midwest Athletic,Great Midwest Athletic,23.0,16.0,False,True,Jack Miller Stadium
401773688,2025,10,regular,2025-11-01 17:00:00,West Virginia State,Glenville State,Mountain East,Mountain East,52.0,28.0,False,True,Dickerson Stadium
401777242,2025,10,regular,2025-11-01 17:00:00,Randolph Macon,Shenandoah,Old Dominion,Old Dominion,31.0,14.0,False,True,Day Field
401773310,2025,10,regular,2025-11-01 17:00:00,Union,Hilbert,Liberty League,Empire 8,34.0,13.0,False,False,Frank Bailey Field
401773779,2025,10,regular,2025-11-01 17:00:00,Concordia St. Paul,Wayne State (NE),Northern Sun,Northern Sun,0.0,34.0,False,True,Sea Foam Stadium
401773084,2025,10,regular,2025-11-01 17:00:00,Fayetteville State,Johnson C. Smith,CIAA,CIAA,14.0,17.0,False,True,"Luther ""Nick"" Jeralds Stadium"
401767642,2025,10,regular,2025-11-01 17:00:00,Presbyterian,Valparaiso,Pioneer,Pioneer,43.0,14.0,False,True,Bailey Memorial Stadium
401773787,2025,10,regular,2025-11-01 17:00:00,Minnesota State,Southwest Minnesota State,Northern Sun,Northern Sun,48.0,7.0,False,True,Blakeslee Stadium
401773824,2025,10,regular,2025-11-01 17:00:00,Slippery Rock,Clarion,Pennsylvania State Athletic,Pennsylvania State Athletic,42.0,23.0,False,True,Mihalik-Thompson Stadium
401774042,2025,10,regular,2025-11-01 17:00:00,Utica,St. John Fisher,Empire 8,Empire 8,31.0,7.0,False,True,Charles A. Gaetano Stadium
401774069,2025,10,regular,2025-11-01 17:00:00,Franklin & Marshall,McDaniel,Centennial,Centennial,24.0,3.0,False,True,Shadek Stadium
401774215,2025,10,regular,2025-11-01 17:00:00,Southern Virginia,Belhaven,USA South,USA South,19.0,41.0,False,True,Knight Stadium
401777108,2025,10,regular,2025-11-01 17:00:00,Wooster,Kenyon,North Coast,North Coast,49.0,6.0,False,True,John P. Papp Stadium
401777132,2025,10,regular,2025-11-01 17:00:00,Wabash,Wittenberg,North Coast,North Coast,28.0,21.0,False,True,Little Giant Stadium
401774242,2025,10,regular,2025-11-01 17:00:00,Maryville (TN),Rhodes,USA South,Southern Athletic,42.0,22.0,False,False,Lloyd L. Thornton Stadium
401774284,2025,10,regular,2025-11-01 17:00:00,Sewanee,Trinity (TX),Southern Athletic,Southern Athletic,3.0,32.0,False,True,Hardee-McGee Field
401777233,2025,10,regular,2025-11-01 17:00:00,Gallaudet,Hampden Sydney,Old Dominion,Old Dominion,8.0,61.0,False,False,Hotchkiss Field
401774396,2025,10,regular,2025-11-01 17:00:00,Elmhurst,Wheaton (IL),CCIW,CCIW,0.0,65.0,False,True,Langhorst Field
401776784,2025,10,regular,2025-11-01 17:00:00,Albion,Hope,Michigan,Michigan,0.0,62.0,False,True,Sprankle-Sprandel Stadium
401776797,2025,10,regular,2025-11-01 17:00:00,Calvin,Olivet,Michigan,Michigan,50.0,20.0,False,True,Grand Rapids Christian High School
401777284,2025,10,regular,2025-11-01 17:00:00,Grove City,Saint Vincent,Presidents',Presidents',59.0,14.0,False,True,Robert E. Thorn Field
401777597,2025,10,regular,2025-11-01 17:00:00,Greensboro,LaGrange,USA South,USA South,20.0,49.0,False,True,Jamieson Stadium
401777772,2025,10,regular,2025-11-01 17:00:00,Western New England,New England College,Commonwealth Coast,,55.0,0.0,False,False,Golden Bear Stadium
401783336,2025,10,regular,2025-11-01 17:00:00,King's,Albright,Mid Atlantic,Mid Atlantic,24.0,14.0,False,True,McCarthy Stadium (Wilkes Barre)
401783342,2025,10,regular,2025-11-01 17:00:00,Alvernia,Delaware Valley,Mid Atlantic,Mid Atlantic,10.0,43.0,False,True,Turf Field
401783904,2025,10,regular,2025-11-01 17:00:00,Salisbury,William Paterson,New Jersey,New Jersey,51.0,7.0,False,True,Sea Gull Stadium
401789790,2025,10,regular,2025-11-01 17:00:00,Widener,Eastern,Mid Atlantic,Mid Atlantic,0.0,35.0,False,True,Leslie C. Quick Jr. Stadium
401777259,2025,10,regular,2025-11-01 17:00:00,Westminster (PA),Allegheny,Presidents',Presidents',57.0,21.0,False,True,Memorial Field (PA)
401767765,2025,10,regular,2025-11-01 17:00:00,Stonehill,Robert Morris,NEC,NEC,17.0,20.0,False,True,W.B. Mason Stadium
401777622,2025,10,regular,2025-11-01 17:00:00,Bethany (WV),Waynesburg,Presidents',Presidents',28.0,48.0,False,True,Bison Stadium
401766726,2025,10,regular,2025-11-01 17:00:00,Trinity (CT),Amherst,NESCAC,NESCAC,14.0,7.0,False,True,Jessee/Miller Field
401766725,2025,10,regular,2025-11-01 17:00:00,Williams,Wesleyan (CT),NESCAC,NESCAC,28.0,34.0,False,True,Farley-Lamb Field
401766723,2025,10,regular,2025-11-01 17:00:00,Tufts,Colby,NESCAC,NESCAC,6.0,33.0,False,True,Ellis Oval at Zimman Field
401774137,2025,10,regular,2025-11-01 17:00:00,Kean,Vermont State Castleton,New Jersey,New Jersey,14.0,9.0,False,False,Kean Alumni Stadium
401773739,2025,10,regular,2025-11-01 17:00:00,Minnesota St Moorhead,Bemidji State,Northern Sun,Northern Sun,49.0,21.0,False,True,Scheels Field at Nemzek Stadium
401766722,2025,10,regular,2025-11-01 17:00:00,Bowdoin,Bates,NESCAC,NESCAC,17.0,9.0,False,True,Whittier Field
401774127,2025,10,regular,2025-11-01 17:00:00,Trine,Alma,Michigan,Michigan,28.0,42.0,False,True,Fred Zollner Athletic Stadium
401783285,2025,10,regular,2025-11-01 17:00:00,Ursinus,Gettysburg,Centennial,Centennial,40.0,13.0,False,True,Patterson Field
401767598,2025,10,regular,2025-11-01 17:00:00,Butler,Drake,Pioneer,Pioneer,19.0,24.0,False,True,Butler Bowl
401773501,2025,10,regular,2025-11-01 17:00:00,Tiffin,Kentucky Wesleyan,Great Midwest Athletic,Great Midwest Athletic,24.0,12.0,False,True,Frost-Kalnow Stadium
401767608,2025,10,regular,2025-11-01 17:00:00,Morehead State,Davidson,Pioneer,Pioneer,28.0,24.0,False,True,Jayne Stadium
401773522,2025,10,regular,2025-11-01 17:00:00,Valdosta State,West Alabama,Gulf South,Gulf South,45.0,35.0,False,True,Bazemore-Hyder Stadium
401773601,2025,10,regular,2025-11-01 17:00:00,Nebraska Kearney,Central Oklahoma,Mid America,Mid America,35.0,24.0,False,True,Ron & Carol Cope Stadium at Foster Field
401767205,2025,10,regular,2025-11-01 17:00:00,Tennessee Tech,Gardner-Webb,OVC-Big South,OVC-Big South,27.0,21.0,False,True,Tucker Stadium
401767730,2025,10,regular,2025-11-01 17:00:00,Holy Cross,Lafayette,Patriot,Patriot,13.0,21.0,False,True,Fitton Field
401773654,2025,10,regular,2025-11-01 17:00:00,Charleston (WV),West Virginia Wesleyan,Mountain East,Mountain East,69.0,15.0,False,True,University of Charleston Stadium
401773934,2025,10,regular,2025-11-01 17:00:00,Carson Newman,Catawba,South Atlantic,South Atlantic,24.0,16.0,False,True,Burke-Tarr Stadium
401756939,2025,10,regular,2025-11-01 17:00:00,Iowa State,Arizona State,Big 12,Big 12,19.0,24.0,False,True,Jack Trice Stadium
401774341,2025,10,regular,2025-11-01 17:00:00,Centre,Berry,Southern Athletic,Southern Athletic,13.0,31.0,False,True,Farris Stadium
401774311,2025,10,regular,2025-11-01 17:00:00,Christopher Newport,Montclair State,New Jersey,New Jersey,49.0,42.0,False,True,TowneBank Stadium
401774115,2025,10,regular,2025-11-01 17:00:00,St. Lawrence,Rensselaer,Liberty League,Liberty League,0.0,48.0,False,True,Leckonby Stadium
401774109,2025,10,regular,2025-11-01 17:00:00,Ithaca,Buffalo State,Liberty League,Liberty League,49.0,7.0,False,True,Butterfield Stadium
401767693,2025,10,regular,2025-11-01 17:00:00,Cornell,Princeton,Ivy,Ivy,20.0,17.0,False,True,Schoellkopf Field
401777075,2025,10,regular,2025-11-01 17:00:00,Denison,Oberlin,North Coast,North Coast,62.0,9.0,False,True,Deeds Field-Piper Stadium
401776981,2025,10,regular,2025-11-01 17:00:00,New England,Nichols,Commonwealth Coast,Commonwealth Coast,58.0,34.0,False,True,Blue Storm Stadium
401776990,2025,10,regular,2025-11-01 17:00:00,Stevenson,Lebanon Valley,Mid Atlantic,Mid Atlantic,15.0,13.0,False,True,Mustang Stadium
401777082,2025,10,regular,2025-11-01 17:00:00,Ohio Wesleyan,DePauw,North Coast,North Coast,10.0,40.0,False,True,Selby Stadium
401777092,2025,10,regular,2025-11-01 17:00:00,Hiram,Thiel,Presidents',Presidents',20.0,48.0,False,False,Charles A. Henry Field
401776780,2025,10,regular,2025-11-01 17:00:00,Kalamazoo,Adrian,Michigan,Michigan,7.0,34.0,False,True,Angell Field
401774096,2025,10,regular,2025-11-01 17:00:00,Western Connecticut State,Susquehanna,Landmark Conference,Landmark Conference,0.0,34.0,False,False,Westside Athletic Complex
401773682,2025,10,regular,2025-11-01 17:00:00,California (PA),Frostburg State,Pennsylvania State Athletic,Mountain East,31.0,26.0,False,False,Adamson Stadium
401773482,2025,10,regular,2025-11-01 17:00:00,Ferris State,Northern Michigan,GLIAC,GLIAC,70.0,35.0,False,True,Top Taggart Field
401773674,2025,10,regular,2025-11-01 17:00:00,West Liberty,Fairmont State,Mountain East,Mountain East,44.0,45.0,False,True,West Family Stadium
401773467,2025,10,regular,2025-11-01 17:00:00,Wayne State (MI),Grand Valley State,GLIAC,GLIAC,13.0,59.0,False,True,Tom Adams Field
401773985,2025,10,regular,2025-11-01 17:00:00,Morehouse,Allen,SIAC,SIAC,17.0,28.0,False,True,B.T. Harvey Stadium
401777973,2025,10,regular,2025-11-01 17:00:00,American International,Post,Northeast 10,Northeast 10,19.0,10.0,False,True,Ronald J. Abdow Field
401767193,2025,10,regular,2025-11-01 17:00:00,Maine,Stony Brook,Coastal Athletic,Coastal Athletic,28.0,21.0,False,True,Alfond Stadium
401769068,2025,10,regular,2025-11-01 17:00:00,Colgate,Merrimack,Patriot,FCS Independents,23.0,20.0,False,False,Andy Kerr Stadium
401774363,2025,10,regular,2025-11-01 17:00:00,Carroll (WI),North Central College,CCIW,CCIW,7.0,64.0,False,True,Schneider Stadium
401774373,2025,10,regular,2025-11-01 17:00:00,North Park,Carthage,CCIW,CCIW,14.0,10.0,False,True,Holmgren Athletic Complex
401767136,2025,10,regular,2025-11-01 17:00:00,Bryant,Monmouth,Coastal Athletic,Coastal Athletic,7.0,35.0,False,True,Bulldog Stadium
401777195,2025,10,regular,2025-11-01 17:30:00,Heidelberg,Otterbein,Ohio,Ohio,69.0,13.0,False,True,Hoernemann Stadium
401774404,2025,10,regular,2025-11-01 17:30:00,Bluffton,Hanover,Heartland,Heartland,0.0,48.0,False,True,Alumni Field (OH)
401767582,2025,10,regular,2025-11-01 17:30:00,Wofford,Samford,Southern,Southern,26.0,16.0,False,True,Gibbs Stadium
401777188,2025,10,regular,2025-11-01 17:30:00,Mount Union,Capital,Ohio,Ohio,65.0,17.0,False,True,Mount Union Stadium
401773283,2025,10,regular,2025-11-01 17:30:00,Worcester State,Anna Maria College,MSCAC,MSCAC,35.0,45.0,False,False,John Coughlin Memorial Field
401777180,2025,10,regular,2025-11-01 17:30:00,Muskingum,Baldwin Wallace,Ohio,Ohio,28.0,35.0,False,True,Sherman Field at McConagha Stadium
401773120,2025,10,regular,2025-11-01 17:30:00,Erskine,Chowan,Carolinas,Carolinas,30.0,34.0,False,True,J.W. Babb Stadium
401774432,2025,10,regular,2025-11-01 17:30:00,Ohio Northern,Mount St Joseph,Ohio,Heartland,49.0,42.0,False,False,Dial-Roberson Stadium
401774425,2025,10,regular,2025-11-01 17:30:00,Manchester,Rose Hulman,Heartland,Heartland,13.0,35.0,False,True,Carl W. Burt Memorial Stadium
401774413,2025,10,regular,2025-11-01 17:30:00,Anderson (IN),Franklin,Heartland,Heartland,7.0,41.0,False,True,Macholtz Stadium
401774165,2025,10,regular,2025-11-01 18:00:00,Wisconsin Stevens Point,Wisconsin Eau Claire,Wisconsin,Wisconsin,39.0,36.0,False,True,Community Stadium at Goerke Park
401773403,2025,10,regular,2025-11-01 18:00:00,Quincy,Indianapolis,Great Lakes,Great Lakes,3.0,49.0,False,True,QU Stadium
401774382,2025,10,regular,2025-11-01 18:00:00,Millikin,Washington St. Louis,CCIW,CCIW,7.0,38.0,False,True,Frank M. Lindsay Field
401773192,2025,10,regular,2025-11-01 18:00:00,Nebraska Wesleyan,Wartburg,American Rivers,American Rivers,10.0,34.0,False,True,Abel Stadium
401773170,2025,10,regular,2025-11-01 18:00:00,Dubuque,Coe,American Rivers,American Rivers,7.0,19.0,False,True,Chalmers Field
401774200,2025,10,regular,2025-11-01 18:00:00,Wisconsin River Falls,Wisconsin Whitewater,Wisconsin,Wisconsin,52.0,14.0,False,True,David Smith Stadium at Ramer Field
401774172,2025,10,regular,2025-11-01 18:00:00,Wisconsin La Crosse,Wisconsin Stout,Wisconsin,Wisconsin,31.0,14.0,False,True,Veterans Memorial Stadium (WI)
401776733,2025,10,regular,2025-11-01 18:00:00,Carleton,Augsburg,Minnesota,Minnesota,48.0,17.0,False,True,Laird Stadium
401767631,2025,10,regular,2025-11-01 18:00:00,St. Thomas (MN),Marist,Pioneer,Pioneer,45.0,0.0,False,True,O'Shaughnessy Stadium
401773992,2025,10,regular,2025-11-01 18:00:00,Benedict,Virginia Lynchburg,SIAC,,42.0,10.0,False,False,Charlie W. Johnson Stadium
401776772,2025,10,regular,2025-11-01 18:00:00,Concordia (MN),Bethel (MN),Minnesota,Minnesota,9.0,55.0,False,True,Jake Christiansen Stadium
401777016,2025,10,regular,2025-11-01 18:00:00,Wisconsin Lutheran,Aurora,NACC,NACC,42.0,49.0,False,True,Warrior Field at Raabe Stadium
401766719,2025,10,regular,2025-11-01 18:00:00,Lake Forest,Lawrence,Midwest,Midwest,72.0,0.0,False,True,Farwell Field
401773430,2025,10,regular,2025-11-01 18:00:00,Missouri S&T,William Jewell,Great Lakes,Great Lakes,24.0,17.0,False,True,Allgood-Bailey Stadium
401767109,2025,10,regular,2025-11-01 18:00:00,Northern Colorado,Montana State,Big Sky,Big Sky,7.0,55.0,False,True,Nottingham Field
401767585,2025,10,regular,2025-11-01 18:00:00,The Citadel,VMI,Southern,Southern,35.0,24.0,False,True,Johnson Hagood Stadium
401774017,2025,10,regular,2025-11-01 18:00:00,Edward Waters,Central State,SIAC,SIAC,17.0,21.0,False,True,Earl Kitchings Stadium
401774079,2025,10,regular,2025-11-01 18:00:00,Muhlenberg,Johns Hopkins,Centennial,Centennial,26.0,47.0,False,True,Scotty Wood Stadium
401773891,2025,10,regular,2025-11-01 18:00:00,South Dakota Mines,Chadron State,Rocky Mountain,Rocky Mountain,10.0,35.0,False,True,O'Harra Stadium
401774179,2025,10,regular,2025-11-01 18:00:00,Wisconsin Platteville,Wisconsin Oshkosh,Wisconsin,Wisconsin,21.0,14.0,False,True,Ralph E. Davis Pioneer Stadium
401776756,2025,10,regular,2025-11-01 18:00:00,Gustavus Adolphus,Saint John's (MN),Minnesota,Minnesota,13.0,31.0,False,True,Hollingsworth Field
401766717,2025,10,regular,2025-11-01 18:00:00,Knox,Cornell (IA),Midwest,Midwest,14.0,35.0,False,True,Harley Knosher Bowl
401766718,2025,10,regular,2025-11-01 18:00:00,Ripon,Beloit,Midwest,Midwest,49.0,0.0,False,True,Ingalls Field
401766720,2025,10,regular,2025-11-01 18:00:00,Illinois College,Grinnell,Midwest,Midwest,14.0,7.0,False,True,England Stadium
401766721,2025,10,regular,2025-11-01 18:00:00,Chicago,Monmouth (IL),Midwest,Midwest,0.0,29.0,False,True,Amos Alonzo Stagg Field
401773055,2025,10,regular,2025-11-01 18:00:00,Bowie State,Elizabeth City State,CIAA,CIAA,27.0,28.0,False,True,Bulldogs Stadium
401773064,2025,10,regular,2025-11-01 18:00:00,Virginia State,Lincoln (PA),CIAA,CIAA,35.0,14.0,False,True,Rogers Stadium (VA)
401773098,2025,10,regular,2025-11-01 18:00:00,Livingstone,Shaw,CIAA,CIAA,43.0,13.0,False,True,Alumni Memorial Stadium (NC)
401773162,2025,10,regular,2025-11-01 18:00:00,Central College,Buena Vista,American Rivers,American Rivers,52.0,27.0,False,True,Ron and Joyce Schipper Stadium
401773183,2025,10,regular,2025-11-01 18:00:00,Loras,Simpson (IA),American Rivers,American Rivers,27.0,28.0,False,True,Rock Bowl
401777204,2025,10,regular,2025-11-01 18:00:00,Wilmington (OH),Marietta,Ohio,Ohio,14.0,44.0,False,True,Wiliams Stadium (OH)
401773620,2025,10,regular,2025-11-01 18:00:00,Fort Hays,Central Missouri,Mid America,Mid America,24.0,28.0,False,True,Lewis Field Stadium
401773765,2025,10,regular,2025-11-01 18:00:00,Augustana (SD),Northern State,Northern Sun,Northern Sun,27.0,14.0,False,True,Kirkeby-Over Stadium
401777606,2025,10,regular,2025-11-01 18:00:00,Martin Luther,Northwestern (MN),Upper Midwest,Upper Midwest,17.0,24.0,False,True,MLC Bowl
401777730,2025,10,regular,2025-11-01 18:00:00,Mary Hardin Baylor,East Texas Baptist,American Southwest,American Southwest,62.0,14.0,False,True,Crusader Stadium
401777990,2025,10,regular,2025-11-01 18:00:00,Jamestown,Minnesota Duluth,Northern Sun,Northern Sun,29.0,45.0,True,False,Don Shula Stadium at Wasmer Field
401778032,2025,10,regular,2025-11-01 18:00:00,Westminster (MO),Greenville,Upper Midwest,Upper Midwest,24.0,7.0,False,True,Blue Jay Stadium
401773255,2025,10,regular,2025-11-01 18:00:00,Howard Payne,Hardin Simmons,American Southwest,American Southwest,24.0,54.0,False,True,Gordon Wood Stadium
401773380,2025,10,regular,2025-11-01 18:00:00,Ouachita Baptist,Northwestern (OK),Great American,Great American,55.0,14.0,False,True,Cliff Harris Stadium
401773413,2025,10,regular,2025-11-01 18:00:00,Lincoln (MO),Truman State,Great Lakes,Great Lakes,26.0,59.0,False,True,Dwight T. Reed Stadium
401773577,2025,10,regular,2025-11-01 18:00:00,Western New Mexico,UT Permian Basin,Lone Star,Lone Star,7.0,66.0,False,True,Ben Altamirano Field
401773610,2025,10,regular,2025-11-01 18:00:00,Emporia State,Northwest Missouri State,Mid America,Mid America,14.0,41.0,False,True,Francis G. Welch Stadium
401767570,2025,10,regular,2025-11-01 18:00:00,Furman,Mercer,Southern,Southern,28.0,52.0,False,True,Paladin Stadium
401777025,2025,10,regular,2025-11-01 18:00:00,Lakeland,Concordia Chicago,NACC,NACC,47.0,16.0,False,True,Taylor Field
401774355,2025,10,regular,2025-11-01 18:00:00,Augustana (IL),Illinois Wesleyan,CCIW,CCIW,42.0,21.0,False,True,Charles D. Lindberg Stadium
401777032,2025,10,regular,2025-11-01 18:00:00,Concordia (WI),Rockford,NACC,NACC,35.0,0.0,False,True,Tomasini Stadium
401774465,2025,10,regular,2025-11-01 18:00:00,Millsaps,Southwestern U,Southern Athletic,Southern Athletic,27.0,24.0,False,True,Harper Davis Field
401777048,2025,10,regular,2025-11-01 18:00:00,St. Norbert,Benedictine (IL),NACC,NACC,24.0,17.0,False,True,Donald J. Schneider Stadium
401776741,2025,10,regular,2025-11-01 18:00:00,St. Scholastica,Hamline,Minnesota,Minnesota,49.0,18.0,False,True,Public Schools Stadium
401773791,2025,10,regular,2025-11-01 18:00:00,Sioux Falls,Winona State,Northern Sun,Northern Sun,49.0,24.0,False,True,Bob Young Field
401773838,2025,10,regular,2025-11-01 18:00:00,IU Pennsylvania,Gannon,Pennsylvania State Athletic,Pennsylvania State Athletic,26.0,6.0,False,True,George P. Miller Stadium
401773897,2025,10,regular,2025-11-01 18:00:00,Colorado School of Mines,New Mexico Highlands,Rocky Mountain,Rocky Mountain,48.0,21.0,False,True,Marv Kay Stadium at Campbell Field
401777296,2025,10,regular,2025-11-01 18:00:00,Austin,Lyon,Southern Collegiate Athletic,Southern Collegiate Athletic,28.0,40.0,False,True,Jerry E. Apple Stadium
401773964,2025,10,regular,2025-11-01 18:00:00,Tusculum,Mars Hill,South Atlantic,South Atlantic,7.0,28.0,False,True,Pioneer Field (TN)
401762498,2025,10,regular,2025-11-01 18:00:00,Temple,East Carolina,American Athletic,American Athletic,14.0,45.0,False,True,Lincoln Financial Field
401767401,2025,10,regular,2025-11-01 18:00:00,South Carolina State,Morgan State,MEAC,MEAC,36.0,30.0,False,True,Oliver C. Dawson Stadium
401767168,2025,10,regular,2025-11-01 18:00:00,Southeast Missouri State,Charleston Southern,OVC-Big South,OVC-Big South,17.0,23.0,False,True,Houck Field
401767716,2025,10,regular,2025-11-01 18:00:00,Richmond,Fordham,Patriot,Patriot,17.0,14.0,False,False,E. Claiborne Robins Stadium
401767506,2025,10,regular,2025-11-01 18:00:00,South Dakota,North Dakota,MVFC,MVFC,26.0,21.0,False,True,DakotaDome
401767391,2025,10,regular,2025-11-01 19:00:00,Bethune-Cookman,Mississippi Valley State,SWAC,SWAC,42.0,34.0,False,True,Municipal Stadium
401767364,2025,10,regular,2025-11-01 19:00:00,Prairie View A&M,Alabama State,SWAC,SWAC,28.0,31.0,False,True,Panther Stadium
401774023,2025,10,regular,2025-11-01 19:00:00,Tuskegee,Lane College,SIAC,SIAC,18.0,13.0,False,True,Abbott Memorial Alumni Stadium
401773998,2025,10,regular,2025-11-01 19:00:00,Kentucky State,Clark Atlanta,SIAC,SIAC,43.0,28.0,False,True,Alumni Stadium (KY)
401767375,2025,10,regular,2025-11-01 19:00:00,Texas Southern,Alcorn State,SWAC,SWAC,14.0,33.0,False,True,BBVA Compass Stadium
401773756,2025,10,regular,2025-11-01 19:00:00,University of Mary,Minot State,Northern Sun,Northern Sun,36.0,21.0,False,True,MDU Resources Community Bowl
401773954,2025,10,regular,2025-11-01 19:00:00,Wingate,Lenoir Rhyne,South Atlantic,South Atlantic,38.0,37.0,False,True,Irwin Belk Stadium
401767451,2025,10,regular,2025-11-01 19:00:00,South Dakota State,Indiana State,MVFC,MVFC,12.0,24.0,False,True,Dana J. Dykhouse Stadium
401767702,2025,10,regular,2025-11-01 19:00:00,Harvard,Dartmouth,Ivy,Ivy,31.0,10.0,False,True,Harvard Stadium
401773914,2025,10,regular,2025-11-01 19:00:00,Western Colorado,CSU Pueblo,Rocky Mountain,Rocky Mountain,21.0,24.0,False,True,Mountaineer Bowl
401773885,2025,10,regular,2025-11-01 19:00:00,Black Hills State,Colorado Mesa,Rocky Mountain,Rocky Mountain,38.0,45.0,False,True,Lyle Hare Stadium
401773111,2025,10,regular,2025-11-01 19:00:00,UNC Pembroke,Barton,Carolinas,Carolinas,34.0,17.0,False,False,Grace P. Johnson Stadium
401773349,2025,10,regular,2025-11-01 19:00:00,Arkansas Monticello,Southwestern Oklahoma State,Great American,Great American,7.0,49.0,False,True,Convoy Leslie Cotton Boll Stadium
401767198,2025,10,regular,2025-11-01 19:00:00,Eastern Illinois,UT Martin,OVC-Big South,OVC-Big South,20.0,27.0,False,True,O'Brien Stadium
401773631,2025,10,regular,2025-11-01 19:00:00,Missouri Western,Washburn,Mid America,Mid America,27.0,24.0,False,True,Craig Field at Spratt Memorial Stadium
401773625,2025,10,regular,2025-11-01 19:00:00,Pittsburg State,Missouri Southern State,Mid America,Mid America,30.0,10.0,False,True,Carnie Smith Stadium
401767442,2025,10,regular,2025-11-01 19:00:00,Illinois State,Northern Iowa,MVFC,MVFC,31.0,16.0,False,True,Hancock Stadium
401767479,2025,10,regular,2025-11-01 19:00:00,Incarnate Word,Lamar,Southland,Southland,24.0,17.0,False,True,Gayle and Tom Benson Stadium
401777309,2025,10,regular,2025-11-01 19:00:00,Minnesota Morris,Crown,Upper Midwest,Upper Midwest,15.0,34.0,False,True,Big Cat Stadium
401773374,2025,10,regular,2025-11-01 19:00:00,Southeastern Oklahoma State,Henderson State,Great American,Great American,20.0,21.0,False,True,Paul Laird Field
401767385,2025,10,regular,2025-11-01 19:00:00,Arkansas-Pine Bluff,Southern,SWAC,SWAC,40.0,21.0,False,True,Golden Lion Stadium
401773358,2025,10,regular,2025-11-01 19:00:00,East Central,Southern Arkansas,Great American,Great American,44.0,22.0,False,True,Koi Ishto Stadium
401773339,2025,10,regular,2025-11-01 19:00:00,Arkansas Tech,Southern Nazarene,Great American,Great American,42.0,17.0,False,True,Thone Stadium at Buerkle Field
401754580,2025,10,regular,2025-11-01 19:00:00,Virginia Tech,Louisville,ACC,ACC,16.0,28.0,False,True,Lane Stadium
401773877,2025,10,regular,2025-11-01 19:00:00,Fort Lewis,Adams State,Rocky Mountain,Rocky Mountain,44.0,24.0,False,True,Ray Dennison Memorial Field
401767102,2025,10,regular,2025-11-01 19:00:00,Weber State,Montana,Big Sky,Big Sky,17.0,38.0,False,True,Stewart Stadium
401760404,2025,10,regular,2025-11-01 19:00:00,UNLV,New Mexico,Mountain West,Mountain West,35.0,40.0,False,True,Allegiant Stadium
401767315,2025,10,regular,2025-11-01 19:00:00,Grambling,Alabama A&M,SWAC,SWAC,13.0,10.0,False,True,Eddie Robinson Stadium
401761641,2025,10,regular,2025-11-01 19:30:00,UL Monroe,Old Dominion,Sun Belt,Sun Belt,6.0,31.0,False,True,Malone Stadium
401757294,2025,10,regular,2025-11-01 19:30:00,Western Kentucky,New Mexico State,Conference USA,Conference USA,35.0,16.0,False,True,Houchens Industries-L.T. Smith Stadium
401761642,2025,10,regular,2025-11-01 19:30:00,South Alabama,Louisiana,Sun Belt,Sun Belt,22.0,31.0,False,True,Hancock Whitney Stadium
401752755,2025,10,regular,2025-11-01 19:30:00,Florida,Georgia,SEC,SEC,20.0,24.0,True,True,EverBank Stadium
401752888,2025,10,regular,2025-11-01 19:30:00,Minnesota,Michigan State,Big Ten,Big Ten,23.0,20.0,False,True,Huntington Bank Stadium
401754582,2025,10,regular,2025-11-01 19:30:00,Stanford,Pittsburgh,ACC,ACC,20.0,35.0,False,True,Stanford Stadium
401760402,2025,10,regular,2025-11-01 19:30:00,Boise State,Fresno State,Mountain West,Mountain West,7.0,30.0,False,True,Albertsons Stadium
401757293,2025,10,regular,2025-11-01 19:30:00,Liberty,Delaware,Conference USA,Conference USA,59.0,30.0,False,True,Williams Stadium (VA)
401754583,2025,10,regular,2025-11-01 19:30:00,Boston College,Notre Dame,ACC,FBS Independents,10.0,25.0,False,False,"Alumni Stadium (Chestnut Hill, MA)"
401767355,2025,10,regular,2025-11-01 19:30:00,Howard,North Carolina Central,MEAC,MEAC,14.0,35.0,False,True,William H. Greene Stadium
401767335,2025,10,regular,2025-11-01 19:30:00,William & Mary,UAlbany,Coastal Athletic,Coastal Athletic,37.0,7.0,False,True,Zable Stadium
401767513,2025,10,regular,2025-11-01 19:30:00,North Dakota State,Youngstown State,MVFC,MVFC,38.0,30.0,False,True,Fargodome
401756941,2025,10,regular,2025-11-01 19:30:00,Kansas State,Texas Tech,Big 12,Big 12,20.0,43.0,False,True,Bill Snyder Family Stadium
401777264,2025,10,regular,2025-11-01 19:30:00,Dickinson,Carnegie Mellon,Centennial,Presidents',29.0,70.0,False,False,Biddle Field
401752887,2025,10,regular,2025-11-01 19:30:00,Maryland,Indiana,Big Ten,Big Ten,10.0,55.0,False,True,SECU Stadium
401754576,2025,10,regular,2025-11-01 19:45:00,California,Virginia,ACC,ACC,21.0,31.0,False,True,California Memorial Stadium
401777224,2025,10,regular,2025-11-01 20:00:00,Averett,Washington and Lee,Old Dominion,Old Dominion,21.0,61.0,False,True,Daly Field at Frank R. Campbell Stadium
401767618,2025,10,regular,2025-11-01 20:00:00,San Diego,Dayton,Pioneer,Pioneer,31.0,13.0,False,True,Torero Stadium
401773518,2025,10,regular,2025-11-01 20:00:00,Delta State,West Florida,Gulf South,Gulf South,38.0,51.0,False,True,Parker Field at McCool Stadium
401777164,2025,10,regular,2025-11-01 20:00:00,Whitworth,Pacific Lutheran,Northwest,Northwest,10.0,6.0,False,True,The Pine Bowl
401767534,2025,10,regular,2025-11-01 20:00:00,Chattanooga,Western Carolina,Southern,Southern,28.0,35.0,False,True,Finley Stadium
401773924,2025,10,regular,2025-11-01 20:00:00,Anderson (SC),Newberry,South Atlantic,South Atlantic,21.0,24.0,False,True,Spero Financial Field
401767066,2025,10,regular,2025-11-01 20:00:00,Eastern Washington,Sacramento State,Big Sky,Big Sky,13.0,35.0,False,True,Roos Field
401777144,2025,10,regular,2025-11-01 20:00:00,Willamette,George Fox,Northwest,Northwest,9.0,31.0,False,True,McCulloch Stadium
401777157,2025,10,regular,2025-11-01 20:00:00,Puget Sound,Pacific (OR),Northwest,Northwest,35.0,52.0,False,True,Baker Stadium
401767244,2025,10,regular,2025-11-01 20:00:00,Abilene Christian,Tarleton State,UAC,UAC,31.0,28.0,False,True,Wildcat Stadium (TX)
401767473,2025,10,regular,2025-11-01 20:00:00,Nicholls,Houston Christian,Southland,Southland,31.0,7.0,False,True,Manning Field at John L. Guidry Stadium
401777150,2025,10,regular,2025-11-01 20:00:00,Linfield,Lewis & Clark,Northwest,Northwest,29.0,21.0,False,True,Maxwell Field
401767288,2025,10,regular,2025-11-01 20:00:00,Utah Tech,North Alabama,UAC,UAC,34.0,33.0,False,True,Greater Zion Stadium
401774258,2025,10,regular,2025-11-01 20:00:00,La Verne,Redlands,So. Cal.,So. Cal.,14.0,29.0,False,True,Ortmayer Stadium
401774265,2025,10,regular,2025-11-01 20:00:00,Claremont Mudd Scripps,Cal Lutheran,So. Cal.,So. Cal.,18.0,21.0,False,True,Fritz B. Burns Stadium
401773367,2025,10,regular,2025-11-01 20:00:00,Harding,Oklahoma Baptist,Great American,Great American,69.0,0.0,False,True,First Security Stadium
401767086,2025,10,regular,2025-11-01 20:00:00,UC Davis,Idaho State,Big Sky,Big Sky,36.0,38.0,False,True,Aggie Stadium
401762850,2025,10,regular,2025-11-01 20:00:00,Western Michigan,Central Michigan,Mid-American,Mid-American,24.0,21.0,False,True,Waldo Stadium
401752753,2025,10,regular,2025-11-01 20:00:00,Arkansas,Mississippi State,SEC,SEC,35.0,38.0,False,True,Razorback Stadium
401756940,2025,10,regular,2025-11-01 20:00:00,Kansas,Oklahoma State,Big 12,Big 12,38.0,21.0,False,True,Memorial Stadium
401773561,2025,10,regular,2025-11-01 20:05:00,Western Oregon,Midwestern State,Lone Star,Lone Star,31.0,3.0,False,True,McArthur Field
401767213,2025,10,regular,2025-11-01 20:30:00,Tennessee State,Lindenwood,OVC-Big South,OVC-Big South,13.0,35.0,False,True,Nissan Stadium
401774224,2025,10,regular,2025-11-01 21:00:00,Methodist,North Carolina Wesleyan,USA South,USA South,17.0,48.0,False,True,Monarch Stadium
401767076,2025,10,regular,2025-11-01 21:00:00,Cal Poly,Portland State,Big Sky,Big Sky,35.0,40.0,False,True,Alex G. Spanos Stadium
401773570,2025,10,regular,2025-11-01 21:00:00,West Texas,Texas A&M-Kingsville,Lone Star,Lone Star,53.0,48.0,False,True,Buffalo Stadium
401767499,2025,10,regular,2025-11-01 21:00:00,Murray State,Southern Illinois,MVFC,MVFC,7.0,27.0,False,True,Roy Stewart Stadium
401767282,2025,10,regular,2025-11-01 21:00:00,Central Arkansas,Eastern Kentucky,UAC,UAC,13.0,34.0,False,True,Estes Stadium
401779072,2025,10,regular,2025-11-01 22:00:00,Roanoke College,Guilford,,Old Dominion,21.0,20.0,True,False,Salem Stadium
401774004,2025,10,regular,2025-11-01 22:00:00,Fort Valley State,Miles,SIAC,SIAC,24.0,14.0,False,True,Wildcat Stadium (GA)
401773078,2025,10,regular,2025-11-01 22:00:00,Bluefield State,Virginia Union,CIAA,CIAA,14.0,70.0,False,True,Mitchell Stadium
401777271,2025,10,regular,2025-11-01 22:00:00,Washington & Jefferson,Case Western Reserve,Presidents',Presidents',28.0,17.0,False,True,Cameron Stadium
401767464,2025,10,regular,2025-11-01 23:00:00,SE Louisiana,East Texas A&M,Southland,Southland,59.0,14.0,False,True,Strawberry Stadium
401752890,2025,10,regular,2025-11-01 23:00:00,Michigan,Purdue,Big Ten,Big Ten,21.0,16.0,False,True,Michigan Stadium
401773533,2025,10,regular,2025-11-01 23:00:00,Northeastern State,Lincoln (CA),Independent DII,Independent DII,68.0,0.0,False,True,Gable Field at Doc Wadley Stadium
401752756,2025,10,regular,2025-11-01 23:00:00,Ole Miss,South Carolina,SEC,SEC,30.0,14.0,False,True,Vaught-Hemingway Stadium
401767423,2025,10,regular,2025-11-01 23:00:00,Florida A&M,Jackson State,SWAC,SWAC,16.0,41.0,False,True,Bragg Memorial Stadium
401767525,2025,10,regular,2025-11-01 23:00:00,Stephen F. Austin,UT Rio Grande Valley,Southland,Southland,41.0,17.0,False,False,Homer Bryce Stadium
401774455,2025,10,regular,2025-11-01 23:00:00,Hendrix,Centenary (LA),Southern Athletic,Southern Collegiate Athletic,64.0,10.0,False,False,Young-Wise Memorial Stadium
401767494,2025,10,regular,2025-11-01 23:00:00,McNeese,Northwestern State,Southland,Southland,50.0,3.0,False,True,Cowboy Stadium
401774278,2025,10,regular,2025-11-01 23:00:00,McMurry,Texas Lutheran,Southern Collegiate Athletic,Southern Collegiate Athletic,13.0,42.0,False,True,Wilford Moore Stadium
401760405,2025,10,regular,2025-11-01 23:00:00,San Diego State,Wyoming,Mountain West,Mountain West,24.0,7.0,False,True,Snapdragon Stadium
401756937,2025,10,regular,2025-11-01 23:00:00,Colorado,Arizona,Big 12,Big 12,17.0,52.0,False,True,Folsom Field
401754579,2025,10,regular,2025-11-01 23:30:00,NC State,Georgia Tech,ACC,ACC,48.0,36.0,False,True,Carter-Finley Stadium
401752943,2025,10,regular,2025-11-01 23:30:00,Oregon State,Washington State,Pac-12,Pac-12,10.0,7.0,False,True,Reser Stadium
401754578,2025,10,regular,2025-11-01 23:30:00,Florida State,Wake Forest,ACC,ACC,42.0,7.0,False,True,Doak Campbell Stadium
401752754,2025,10,regular,2025-11-01 23:30:00,Auburn,Kentucky,SEC,SEC,3.0,10.0,False,True,Jordan-Hare Stadium
401752757,2025,10,regular,2025-11-01 23:30:00,Tennessee,Oklahoma,SEC,SEC,27.0,33.0,False,True,Neyland Stadium
401752892,2025,10,regular,2025-11-01 23:30:00,Nebraska,USC,Big Ten,Big Ten,17.0,21.0,False,True,"Memorial Stadium (Lincoln, NE)"
401773552,2025,10,regular,2025-11-02 00:00:00,Eastern New Mexico,Sul Ross State,Lone Star,Lone Star,40.0,34.0,False,True,Al Whitehead Field at Greyhound Stadium
401776748,2025,10,regular,2025-11-02 00:00:00,Macalester,St. Olaf,Minnesota,Minnesota,27.0,6.0,False,True,Macalester Stadium
401761643,2025,10,regular,2025-11-02 00:00:00,Troy,Arkansas State,Sun Belt,Sun Belt,10.0,23.0,False,True,Veterans Memorial Stadium (AL)
401767253,2025,10,regular,2025-11-02 00:30:00,Southern Utah,Austin Peay,UAC,UAC,33.0,17.0,False,True,Eccles Coliseum
401773542,2025,10,regular,2025-11-02 01:00:00,Central Washington,Angelo State,Lone Star,Lone Star,38.0,21.0,False,True,Tomlinson Stadium
401774270,2025,10,regular,2025-11-02 02:00:00,Chapman,Pomona Pitzer,So. Cal.,So. Cal.,22.0,14.0,False,True,Ernie Chapman Stadium
401756942,2025,10,regular,2025-11-02 02:15:00,Utah,Cincinnati,Big 12,Big 12,45.0,14.0,False,True,Rice-Eccles Stadium
401760403,2025,10,regular,2025-11-02 02:30:00,San José State,Hawai'i,Mountain West,Mountain West,45.0,38.0,False,True,CEFCU Stadium
401762851,2025,11,regular,2025-11-05 00:00:00,Akron,Massachusetts,Mid-American,Mid-American,44.0,10.0,False,True,InfoCision Stadium
401762852,2025,11,regular,2025-11-05 00:00:00,Ohio,Miami (OH),Mid-American,Mid-American,24.0,20.0,False,True,Peden Stadium
401762854,2025,11,regular,2025-11-06 00:00:00,Toledo,Northern Illinois,Mid-American,Mid-American,42.0,3.0,False,True,Glass Bowl
401762853,2025,11,regular,2025-11-06 00:00:00,Ball State,Kent State,Mid-American,Mid-American,17.0,13.0,False,True,Scheumann Stadium
401762500,2025,11,regular,2025-11-07 00:30:00,South Florida,UTSA,American Athletic,American Athletic,55.0,23.0,False,True,Raymond James Stadium
401761644,2025,11,regular,2025-11-07 00:30:00,App State,Georgia Southern,Sun Belt,Sun Belt,23.0,25.0,False,True,Kidd Brewer Stadium
401767706,2025,11,regular,2025-11-08 00:00:00,Columbia,Harvard,Ivy,Ivy,14.0,31.0,False,True,Lawrence A. Wien Stadium
401767347,2025,11,regular,2025-11-08 00:00:00,Morgan State,Delaware State,MEAC,MEAC,12.0,14.0,False,True,Hughes Stadium
401756946,2025,11,regular,2025-11-08 01:00:00,UCF,Houston,Big 12,Big 12,27.0,30.0,False,True,FBC Mortgage Stadium
401752896,2025,11,regular,2025-11-08 02:00:00,USC,Northwestern,Big Ten,Big Ten,38.0,17.0,False,True,Los Angeles Memorial Coliseum
401762501,2025,11,regular,2025-11-08 02:00:00,Memphis,Tulane,American Athletic,American Athletic,32.0,38.0,False,True,Simmons Bank Liberty Stadium
401786375,2025,11,regular,2025-11-08 16:00:00,Buffalo State,St. Lawrence,Liberty League,Liberty League,19.0,24.0,False,True,Coyer Field
401762503,2025,11,regular,2025-11-08 17:00:00,Army,Temple,American Athletic,American Athletic,14.0,13.0,False,True,Michie Stadium
401774049,2025,11,regular,2025-11-08 17:00:00,SUNY Cortland,Brockport,Empire 8,Empire 8,44.0,14.0,False,True,Stadium Red Field
401773832,2025,11,regular,2025-11-08 17:00:00,Edinboro,Slippery Rock,Pennsylvania State Athletic,Pennsylvania State Athletic,38.0,8.0,False,True,Sox Harrison Stadium
401761647,2025,11,regular,2025-11-08 17:00:00,Arkansas State,Southern Miss,Sun Belt,Sun Belt,21.0,27.0,False,True,Centennial Bank Stadium
401774225,2025,11,regular,2025-11-08 17:00:00,North Carolina Wesleyan,Greensboro,USA South,USA South,29.0,38.0,False,True,Bishop Stadium
401773825,2025,11,regular,2025-11-08 17:00:00,Clarion,IU Pennsylvania,Pennsylvania State Athletic,Pennsylvania State Athletic,42.0,45.0,False,True,"Memorial Stadium (Clarion, PA)"
401774154,2025,11,regular,2025-11-08 17:00:00,Norwich,Salve Regina,NEWMAC,NEWMAC,10.0,38.0,False,True,Sabine Field at Haynes Family Stadium
401752762,2025,11,regular,2025-11-08 17:00:00,Mississippi State,Georgia,SEC,SEC,21.0,41.0,False,True,Davis Wade Stadium
401804602,2025,11,regular,2025-11-08 17:00:00,SUNY Maritime,MIT,NEWMAC,NEWMAC,27.0,30.0,False,True,Reinhart Field
401773249,2025,11,regular,2025-11-08 17:00:00,Walsh,Hillsdale,Great Midwest Athletic,Great Midwest Athletic,20.0,23.0,False,True,Tom Benson Hall of Fame Stadium
401766736,2025,11,regular,2025-11-08 17:00:00,Amherst,Williams,NESCAC,NESCAC,14.0,13.0,False,True,Pratt Field at Lehrman Stadium
401773513,2025,11,regular,2025-11-08 17:00:00,Northwood,Tiffin,Great Midwest Athletic,Great Midwest Athletic,40.0,37.0,False,True,Hantz Stadium
401774089,2025,11,regular,2025-11-08 17:00:00,Juniata,Moravian,Landmark Conference,Landmark Conference,13.0,38.0,False,True,Knox Stadium
401774080,2025,11,regular,2025-11-08 17:00:00,Johns Hopkins,McDaniel,Centennial,Centennial,42.0,0.0,False,True,Homewood Field
401774070,2025,11,regular,2025-11-08 17:00:00,Carnegie Mellon,Franklin & Marshall,Presidents',Centennial,24.0,31.0,False,False,Gesling Stadium
401766735,2025,11,regular,2025-11-08 17:00:00,Bates,Hamilton,NESCAC,NESCAC,21.0,24.0,False,True,Garcelon Field
401773508,2025,11,regular,2025-11-08 17:00:00,Thomas More,Ohio Dominican,Great Midwest Athletic,Great Midwest Athletic,29.0,31.0,False,True,BB&T Field at Griffin Plaza
401773502,2025,11,regular,2025-11-08 17:00:00,Lake Erie,Kentucky Wesleyan,Great Midwest Athletic,Great Midwest Athletic,27.0,9.0,False,True,Jack Britt Memorial Stadium
401783337,2025,11,regular,2025-11-08 17:00:00,Albright,Stevenson,Mid Atlantic,Mid Atlantic,7.0,17.0,False,True,Gene L. Shirk Stadium
401777133,2025,11,regular,2025-11-08 17:00:00,Oberlin,Wabash,North Coast,North Coast,13.0,42.0,False,True,Austin E. Knowlton Athletics Complex
401776982,2025,11,regular,2025-11-08 17:00:00,Curry,New England,Commonwealth Coast,Commonwealth Coast,47.0,30.0,False,True,Walter M. Katz Field
401786485,2025,11,regular,2025-11-08 17:00:00,Mass Maritime,Worcester State,MSCAC,MSCAC,10.0,17.0,False,True,Clean Harbors Stadium
401783909,2025,11,regular,2025-11-08 17:00:00,Springfield,Coast Guard,NEWMAC,NEWMAC,30.0,10.0,False,True,Stagg Field
401777773,2025,11,regular,2025-11-08 17:00:00,New England College,Endicott,,Commonwealth Coast,0.0,63.0,True,False,
401786379,2025,11,regular,2025-11-08 17:00:00,UMass Dartmouth,Westfield State,MSCAC,MSCAC,33.0,13.0,False,True,Cressy Field
401774119,2025,11,regular,2025-11-08 17:00:00,Rochester (NY),Union,Liberty League,Liberty League,10.0,14.0,False,True,Edwin Fauver Stadium
401783365,2025,11,regular,2025-11-08 17:00:00,Merchant Marine,WPI,NEWMAC,NEWMAC,34.0,14.0,False,True,Brooks Stadium (NY)
401767766,2025,11,regular,2025-11-08 17:00:00,Robert Morris,Wagner,NEC,NEC,20.0,24.0,False,True,Joe Walton Stadium
401774110,2025,11,regular,2025-11-08 17:00:00,Rensselaer,Ithaca,Liberty League,Liberty League,23.0,24.0,False,True,ECAV Stadium
401776785,2025,11,regular,2025-11-08 17:00:00,Olivet,Albion,Michigan,Michigan,42.0,58.0,False,True,Cutler Field
401766734,2025,11,regular,2025-11-08 17:00:00,Wesleyan (CT),Trinity (CT),NESCAC,NESCAC,31.0,28.0,False,True,Corwin Stadium
401774307,2025,11,regular,2025-11-08 17:00:00,Nichols,Husson,Commonwealth Coast,Commonwealth Coast,19.0,63.0,False,True,Vendetti Field
401776975,2025,11,regular,2025-11-08 17:00:00,Maine Maritime,Western New England,Commonwealth Coast,Commonwealth Coast,7.0,70.0,False,False,Ritchie Field
401774145,2025,11,regular,2025-11-08 17:00:00,Western Connecticut State,Catholic,Landmark Conference,Landmark Conference,52.0,19.0,False,False,Westside Athletic Complex
401774097,2025,11,regular,2025-11-08 17:00:00,Susquehanna,Wilkes,Landmark Conference,Landmark Conference,26.0,3.0,False,True,Amos Alonzo Stagg Field (PA)
401752893,2025,11,regular,2025-11-08 17:00:00,Penn State,Indiana,Big Ten,Big Ten,24.0,27.0,False,True,Beaver Stadium
401767769,2025,11,regular,2025-11-08 17:00:00,Saint Francis,Mercyhurst,NEC,NEC,15.0,16.0,False,True,DeGol Field
401767731,2025,11,regular,2025-11-08 17:00:00,Lehigh,Holy Cross,Patriot,Patriot,38.0,3.0,False,True,Goodman Stadium
401756947,2025,11,regular,2025-11-08 17:00:00,West Virginia,Colorado,Big 12,Big 12,29.0,22.0,False,True,Milan Puskar Stadium
401754584,2025,11,regular,2025-11-08 17:00:00,Boston College,SMU,ACC,ACC,13.0,45.0,False,True,"Alumni Stadium (Chestnut Hill, MA)"
401756945,2025,11,regular,2025-11-08 17:00:00,Texas Tech,BYU,Big 12,Big 12,29.0,7.0,False,True,Jones AT&T Stadium
401774138,2025,11,regular,2025-11-08 17:00:00,Rowan,Vermont State Castleton,New Jersey,New Jersey,62.0,7.0,False,False,Richard Wackar Stadium
401777009,2025,11,regular,2025-11-08 17:00:00,Plymouth State,Fitchburg State,MSCAC,MSCAC,27.0,0.0,False,True,Charles L. Currier Memorial Field
401773460,2025,11,regular,2025-11-08 17:00:00,Davenport,Northern Michigan,GLIAC,GLIAC,45.0,47.0,False,True,Farmers Insurance Athletic Complex
401773817,2025,11,regular,2025-11-08 17:00:00,Gannon,California (PA),Pennsylvania State Athletic,Pennsylvania State Athletic,21.0,41.0,False,True,McConnell Family Stadium
401767755,2025,11,regular,2025-11-08 17:00:00,Long Island University,Duquesne,NEC,NEC,29.0,11.0,False,True,Bethpage Federal Credit Union Stadium
401767747,2025,11,regular,2025-11-08 17:00:00,Central Connecticut,Stonehill,NEC,NEC,40.0,10.0,False,True,Arute Field
401773311,2025,11,regular,2025-11-08 17:00:00,Hilbert,Hobart,Empire 8,Liberty League,6.0,63.0,False,False,St. Francis High School
401767676,2025,11,regular,2025-11-08 17:00:00,Brown,Yale,Ivy,Ivy,22.0,34.0,False,True,Brown Stadium
401767316,2025,11,regular,2025-11-08 17:00:00,Stony Brook,North Carolina A&T,Coastal Athletic,Coastal Athletic,38.0,12.0,False,True,Kenneth P. LaValle Stadium
401761646,2025,11,regular,2025-11-08 17:00:00,Marshall,James Madison,Sun Belt,Sun Belt,23.0,35.0,False,True,Joan C. Edwards Stadium
401773294,2025,11,regular,2025-11-08 17:00:00,Framingham State,Dean,MSCAC,MSCAC,31.0,6.0,False,False,Bowditch Field
401773714,2025,11,regular,2025-11-08 17:00:00,Bentley,Assumption,Northeast 10,Northeast 10,20.0,17.0,False,True,Bentley University Football Stadium
401767535,2025,11,regular,2025-11-08 17:00:00,Chattanooga,Furman,Southern,Southern,45.0,28.0,False,True,Finley Stadium
401767262,2025,11,regular,2025-11-08 17:00:00,Monmouth,New Hampshire,Coastal Athletic,Coastal Athletic,13.0,34.0,False,True,Kessler Stadium
401767662,2025,11,regular,2025-11-08 17:00:00,Sacred Heart,Virginia Lynchburg,FCS Independents,,56.0,10.0,False,False,Campus Field
401766733,2025,11,regular,2025-11-08 17:30:00,Middlebury,Tufts,NESCAC,NESCAC,33.0,30.0,False,True,Alumni Stadium (VT)
401769849,2025,11,regular,2025-11-08 17:30:00,Lafayette,Colgate,Patriot,Patriot,59.0,42.0,False,True,Fisher Field
401783352,2025,11,regular,2025-11-08 17:35:00,Eastern,FDU Florham,Mid Atlantic,Mid Atlantic,28.0,7.0,False,True,O'Hara Field
401777986,2025,11,regular,2025-11-08 18:00:00,Post,Saint Anselm,Northeast 10,Northeast 10,41.0,35.0,False,True,Municipal Stadium
401777310,2025,11,regular,2025-11-08 18:00:00,Minnesota Morris,Westminster (MO),Upper Midwest,Upper Midwest,14.0,7.0,False,True,Big Cat Stadium
401777541,2025,11,regular,2025-11-08 18:00:00,Elizabeth City State,Bluefield State,CIAA,CIAA,70.0,30.0,False,True,Roebuck Stadium
401777993,2025,11,regular,2025-11-08 18:00:00,Dickinson,Ursinus,Centennial,Centennial,47.0,22.0,False,True,Biddle Field
401777093,2025,11,regular,2025-11-08 18:00:00,Westminster (PA),Hiram,Presidents',Presidents',76.0,0.0,False,False,Memorial Field (PA)
401777999,2025,11,regular,2025-11-08 18:00:00,Gettysburg,Muhlenberg,Centennial,Centennial,27.0,59.0,False,True,Shirk Field at Musselman Stadium
401774060,2025,11,regular,2025-11-08 18:00:00,Utica,Hartwick,Empire 8,Empire 8,64.0,7.0,False,True,Charles A. Gaetano Stadium
401773092,2025,11,regular,2025-11-08 18:00:00,Johnson C. Smith,Livingstone,CIAA,CIAA,26.0,21.0,False,True,Irwin Belk Complex
401773493,2025,11,regular,2025-11-08 18:00:00,Saginaw Valley State,Ferris State,GLIAC,GLIAC,45.0,51.0,False,True,Harvey Randall Wickes Memorial Stadium
401773071,2025,11,regular,2025-11-08 18:00:00,Virginia Union,Virginia State,CIAA,CIAA,14.0,3.0,False,True,Hovey Field
401774043,2025,11,regular,2025-11-08 18:00:00,SUNY Morrisville,St. John Fisher,Empire 8,Empire 8,7.0,21.0,False,True,Drake Field (NY)
401773968,2025,11,regular,2025-11-08 18:00:00,Mars Hill,UVA Wise,South Atlantic,South Atlantic,60.0,19.0,False,True,Meares Stadium
401773942,2025,11,regular,2025-11-08 18:00:00,Newberry,Carson Newman,South Atlantic,South Atlantic,28.0,21.0,False,True,Setzler Field
401773085,2025,11,regular,2025-11-08 18:00:00,Fayetteville State,Winston-Salem State,CIAA,CIAA,31.0,21.0,False,True,"Luther ""Nick"" Jeralds Stadium"
401766727,2025,11,regular,2025-11-08 18:00:00,Knox,Lake Forest,Midwest,Midwest,0.0,63.0,False,True,Harley Knosher Bowl
401773421,2025,11,regular,2025-11-08 18:00:00,Northeastern State,McKendree,Independent DII,Great Lakes,44.0,10.0,False,False,Gable Field at Doc Wadley Stadium
401773689,2025,11,regular,2025-11-08 18:00:00,Glenville State,Wheeling,Mountain East,Mountain East,35.0,38.0,False,True,I.L. & Sue Morris Stadium
401777272,2025,11,regular,2025-11-08 18:00:00,Case Western Reserve,Grove City,Presidents',Presidents',14.0,28.0,False,True,Case Field
401773665,2025,11,regular,2025-11-08 18:00:00,Concord,Fairmont State,Mountain East,Mountain East,17.0,31.0,False,True,Callaghan Stadium
401767703,2025,11,regular,2025-11-08 18:00:00,Dartmouth,Princeton,Ivy,Ivy,20.0,17.0,False,True,Memorial Field
401767624,2025,11,regular,2025-11-08 18:00:00,Drake,St. Thomas (MN),Pioneer,Pioneer,13.0,20.0,False,True,Drake Stadium
401767724,2025,11,regular,2025-11-08 18:00:00,Georgetown,Richmond,Patriot,Patriot,24.0,31.0,False,False,Cooper Field
401767443,2025,11,regular,2025-11-08 18:00:00,Indiana State,Illinois State,MVFC,MVFC,20.0,52.0,False,True,Memorial Stadium
401767669,2025,11,regular,2025-11-08 18:00:00,Fordham,Bucknell,Patriot,Patriot,19.0,37.0,False,True,Jack Coffey Field
401767599,2025,11,regular,2025-11-08 18:00:00,Morehead State,Butler,Pioneer,Pioneer,31.0,30.0,False,True,Jayne Stadium
401767137,2025,11,regular,2025-11-08 18:00:00,UAlbany,Bryant,Coastal Athletic,Coastal Athletic,24.0,27.0,False,True,Bob Ford Field
401773855,2025,11,regular,2025-11-08 18:00:00,Lock Haven,Shepherd,Pennsylvania State Athletic,Pennsylvania State Athletic,19.0,35.0,False,True,Hubert Jack Stadium
401773870,2025,11,regular,2025-11-08 18:00:00,Shippensburg,West Chester,Pennsylvania State Athletic,Pennsylvania State Athletic,43.0,14.0,False,True,Seth Grove Stadium
401774128,2025,11,regular,2025-11-08 18:00:00,Adrian,Trine,Michigan,Michigan,44.0,21.0,False,True,Docking Stadium
401783820,2025,11,regular,2025-11-08 18:00:00,Rhodes,Southwestern U,Southern Athletic,Southern Athletic,22.0,35.0,False,True,Crain Field
401783901,2025,11,regular,2025-11-08 18:00:00,Thiel,Bethany (WV),Presidents',Presidents',12.0,17.0,False,True,Alumni Stadium (PA)
401777974,2025,11,regular,2025-11-08 18:00:00,American International,Pace,Northeast 10,Northeast 10,21.0,9.0,False,True,Ronald J. Abdow Field
401774383,2025,11,regular,2025-11-08 18:00:00,Wheaton (IL),Millikin,CCIW,CCIW,61.0,14.0,False,True,McCully Stadium
401777000,2025,11,regular,2025-11-08 18:00:00,Misericordia,Delaware Valley,Mid Atlantic,Mid Atlantic,20.0,51.0,False,True,Mangelsdorf Field
401773178,2025,11,regular,2025-11-08 18:00:00,Luther,Dubuque,American Rivers,American Rivers,20.0,27.0,False,True,Legacy Field in Carlson Stadium
401773214,2025,11,regular,2025-11-08 18:00:00,Ashland,Findlay,Great Midwest Athletic,Great Midwest Athletic,3.0,14.0,False,True,Jack Miller Stadium
401773274,2025,11,regular,2025-11-08 18:00:00,Alfred State,Alfred,Empire 8,Empire 8,35.0,28.0,False,False,Pioneer Stadium
401773749,2025,11,regular,2025-11-08 18:00:00,Minnesota St Moorhead,Jamestown,Northern Sun,Northern Sun,44.0,20.0,False,False,Scheels Field at Nemzek Stadium
401777076,2025,11,regular,2025-11-08 18:00:00,Kenyon,Denison,North Coast,North Coast,18.0,33.0,False,True,McBride Field
401777100,2025,11,regular,2025-11-08 18:00:00,John Carroll,Ohio Wesleyan,Ohio,North Coast,55.0,17.0,False,False,Don Shula Stadium at Wasmer Field
401777234,2025,11,regular,2025-11-08 18:00:00,Hampden Sydney,Bridgewater,Old Dominion,Old Dominion,42.0,45.0,False,True,Lewis C. Everett Stadium
401777253,2025,11,regular,2025-11-08 18:00:00,Washington and Lee,Roanoke College,Old Dominion,,35.0,14.0,False,False,Wilson Field
401776991,2025,11,regular,2025-11-08 18:00:00,Lebanon Valley,Alvernia,Mid Atlantic,Mid Atlantic,38.0,7.0,False,True,Arnold Field (PA)
401773121,2025,11,regular,2025-11-08 18:00:00,Chowan,Ferrum,Carolinas,Carolinas,37.0,40.0,False,False,Garrison Stadium
401773414,2025,11,regular,2025-11-08 18:00:00,Lincoln (MO),Missouri S&T,Great Lakes,Great Lakes,0.0,59.0,False,True,Dwight T. Reed Stadium
401773723,2025,11,regular,2025-11-08 18:00:00,Franklin Pierce,Southern Connecticut State,Northeast 10,Northeast 10,38.0,7.0,False,True,Sodexo Field
401773740,2025,11,regular,2025-11-08 18:00:00,Minnesota Duluth,Bemidji State,Northern Sun,Northern Sun,42.0,28.0,False,True,James S. Malosky Stadium
401774356,2025,11,regular,2025-11-08 18:00:00,Carthage,Augustana (IL),CCIW,CCIW,3.0,23.0,False,True,Art Keller Field
401774388,2025,11,regular,2025-11-08 18:00:00,Elmhurst,North Central College,CCIW,CCIW,0.0,58.0,False,True,Langhorst Field
401774390,2025,11,regular,2025-11-08 18:00:00,Washington St. Louis,North Park,CCIW,CCIW,42.0,14.0,False,True,Francis Field (MO)
401776734,2025,11,regular,2025-11-08 18:00:00,Augsburg,Gustavus Adolphus,Minnesota,Minnesota,10.0,31.0,False,True,Edor Nelson Field
401776742,2025,11,regular,2025-11-08 18:00:00,Saint John's (MN),St. Scholastica,Minnesota,Minnesota,70.0,21.0,False,True,Clemens Stadium
401776760,2025,11,regular,2025-11-08 18:00:00,Macalester,Concordia (MN),Minnesota,Minnesota,14.0,17.0,False,True,Macalester Stadium
401777615,2025,11,regular,2025-11-08 18:00:00,Greenville,Northwestern (MN),Upper Midwest,Upper Midwest,14.0,17.0,False,True,Francis Field (IL)
401767609,2025,11,regular,2025-11-08 18:00:00,Davidson,Presbyterian,Pioneer,Pioneer,14.0,13.0,False,True,Richardson Stadium
401767632,2025,11,regular,2025-11-08 18:00:00,Marist,Stetson,Pioneer,Pioneer,41.0,13.0,False,True,Leonidoff Field
401767694,2025,11,regular,2025-11-08 18:00:00,Pennsylvania,Cornell,Ivy,Ivy,17.0,39.0,False,True,Franklin Field
401752761,2025,11,regular,2025-11-08 18:00:00,Ole Miss,The Citadel,SEC,Southern,49.0,0.0,False,False,Vaught-Hemingway Stadium
401773655,2025,11,regular,2025-11-08 18:00:00,Charleston (WV),West Liberty,Mountain East,Mountain East,45.0,28.0,False,True,University of Charleston Stadium
401773683,2025,11,regular,2025-11-08 18:00:00,Frostburg State,West Virginia State,Mountain East,Mountain East,29.0,24.0,False,True,Bobcat Stadium (MD)
401773103,2025,11,regular,2025-11-08 18:00:00,Emory & Henry,Shaw,South Atlantic,CIAA,55.0,7.0,False,False,Fred Selfe Stadium at Nicewonder Field
401776749,2025,11,regular,2025-11-08 18:00:00,St. Olaf,Hamline,Minnesota,Minnesota,41.0,34.0,False,True,Klein Field at Manitou
401774233,2025,11,regular,2025-11-08 18:00:00,Methodist,Brevard,USA South,USA South,20.0,47.0,False,True,Monarch Stadium
401774243,2025,11,regular,2025-11-08 18:00:00,Berry,Maryville (TN),Southern Athletic,USA South,36.0,7.0,False,False,Valhalla Stadium
401774318,2025,11,regular,2025-11-08 18:00:00,William Paterson,Kean,New Jersey,New Jersey,7.0,17.0,False,True,Wightman Stadium
401776792,2025,11,regular,2025-11-08 18:00:00,Alma,Kalamazoo,Michigan,Michigan,53.0,3.0,False,True,Bahlke Field
401777044,2025,11,regular,2025-11-08 18:00:00,Rockford,Wisconsin Lutheran,NACC,NACC,3.0,48.0,False,True,Sam Greeley Field
401777280,2025,11,regular,2025-11-08 18:00:00,Geneva,Washington & Jefferson,Presidents',Presidents',7.0,49.0,False,True,Reeves Field (PA)
401777287,2025,11,regular,2025-11-08 18:00:00,Waynesburg,Saint Vincent,Presidents',Presidents',35.0,24.0,False,True,John F. Wiley Stadium
401777083,2025,11,regular,2025-11-08 18:00:00,DePauw,Wooster,North Coast,North Coast,59.0,0.0,False,True,Blackstock Stadium
401783355,2025,11,regular,2025-11-08 18:00:00,Widener,King's,Mid Atlantic,Mid Atlantic,40.0,24.0,False,True,Leslie C. Quick Jr. Stadium
401777598,2025,11,regular,2025-11-08 18:00:00,LaGrange,Belhaven,USA South,USA South,38.0,6.0,False,True,Callaway Stadium
401752897,2025,11,regular,2025-11-08 18:00:00,Purdue,Ohio State,Big Ten,Big Ten,10.0,34.0,False,True,Ross-Ade Stadium
401762855,2025,11,regular,2025-11-08 18:00:00,Eastern Michigan,Bowling Green,Mid-American,Mid-American,27.0,21.0,False,True,Rynearson Stadium
401767330,2025,11,regular,2025-11-08 18:00:00,Towson,Villanova,Coastal Athletic,Coastal Athletic,10.0,28.0,False,True,Johnny Unitas Stadium
401767186,2025,11,regular,2025-11-08 18:00:00,Hampton,Maine,Coastal Athletic,Coastal Athletic,7.0,35.0,False,True,Armstrong Stadium
401767199,2025,11,regular,2025-11-08 18:00:00,Eastern Illinois,Tennessee Tech,OVC-Big South,OVC-Big South,9.0,21.0,False,True,O'Brien Stadium
401773056,2025,11,regular,2025-11-08 18:00:00,Lincoln (PA),Bowie State,CIAA,CIAA,17.0,28.0,False,True,Lincoln University Stadium
401777555,2025,11,regular,2025-11-08 18:00:00,University of Mary,Winona State,Northern Sun,Northern Sun,29.0,36.0,False,True,MDU Resources Community Bowl
401767646,2025,11,regular,2025-11-08 18:00:00,Valparaiso,San Diego,Pioneer,Pioneer,27.0,43.0,False,True,Brown Field
401757299,2025,11,regular,2025-11-08 18:00:00,Liberty,Missouri State,Conference USA,Conference USA,17.0,21.0,False,True,Williams Stadium (VA)
401777189,2025,11,regular,2025-11-08 18:30:00,Capital,Muskingum,Ohio,Ohio,3.0,7.0,False,True,Bernlohr Stadium
401767206,2025,11,regular,2025-11-08 18:30:00,Gardner-Webb,Southeast Missouri State,OVC-Big South,OVC-Big South,27.0,24.0,False,True,Ernest W. Spangler Stadium
401767396,2025,11,regular,2025-11-08 18:30:00,South Carolina State,Howard,MEAC,MEAC,42.0,12.0,False,True,Oliver C. Dawson Stadium
401777181,2025,11,regular,2025-11-08 18:30:00,Ohio Northern,Baldwin Wallace,Ohio,Ohio,30.0,28.0,False,True,Dial-Roberson Stadium
401774420,2025,11,regular,2025-11-08 18:30:00,Hanover,Otterbein,Heartland,Ohio,49.0,8.0,False,False,Alumni Stadium (IN)
401767590,2025,11,regular,2025-11-08 18:30:00,VMI,Wofford,Southern,Southern,10.0,52.0,False,True,Alumni Memorial Field
401777205,2025,11,regular,2025-11-08 18:30:00,Marietta,Mount Union,Ohio,Ohio,19.0,30.0,False,True,Don Drumm Stadium
401774405,2025,11,regular,2025-11-08 18:30:00,Franklin,Bluffton,Heartland,Heartland,59.0,57.0,False,True,"Stewart """"Red"""" Faught Stadium"
401777196,2025,11,regular,2025-11-08 18:30:00,Heidelberg,Wilmington (OH),Ohio,Ohio,34.0,31.0,False,True,Hoernemann Stadium
401774426,2025,11,regular,2025-11-08 18:30:00,Mount St Joseph,Manchester,Heartland,Heartland,48.0,20.0,False,True,Schueler Field
401773264,2025,11,regular,2025-11-08 19:00:00,East Texas Baptist,Howard Payne,American Southwest,American Southwest,27.0,34.0,False,True,Ornelas Stadium
401777017,2025,11,regular,2025-11-08 19:00:00,Aurora,St. Norbert,NACC,NACC,37.0,14.0,False,True,Vago Field
401774364,2025,11,regular,2025-11-08 19:00:00,Illinois Wesleyan,Carroll (WI),CCIW,CCIW,14.0,34.0,False,True,Tucci Stadium
401774279,2025,11,regular,2025-11-08 19:00:00,Lyon,Texas Lutheran,Southern Collegiate Athletic,Southern Collegiate Athletic,10.0,54.0,False,True,Pioneer Stadium
401767409,2025,11,regular,2025-11-08 19:00:00,North Carolina Central,Norfolk State,MEAC,MEAC,31.0,28.0,False,True,O'Kelly-Riddick Stadium
401767214,2025,11,regular,2025-11-08 19:00:00,Western Illinois,Lindenwood,OVC-Big South,OVC-Big South,24.0,21.0,False,True,Hanson Field
401762502,2025,11,regular,2025-11-08 19:00:00,Rice,UAB,American Athletic,American Athletic,24.0,17.0,False,True,Rice Stadium
401773359,2025,11,regular,2025-11-08 19:00:00,Henderson State,East Central,Great American,Great American,45.0,35.0,False,True,Ruggles Field at Carpenter-Haygood Stadium
401774180,2025,11,regular,2025-11-08 19:00:00,Wisconsin Oshkosh,Wisconsin Stevens Point,Wisconsin,Wisconsin,41.0,15.0,False,True,J.J. Keller Field at Titan Stadium
401766728,2025,11,regular,2025-11-08 19:00:00,Monmouth (IL),Ripon,Midwest,Midwest,58.0,3.0,False,True,April Zorn Memorial Stadium
401773965,2025,11,regular,2025-11-08 19:00:00,Tusculum,Wingate,South Atlantic,South Atlantic,10.0,56.0,False,True,Pioneer Field (TN)
401766731,2025,11,regular,2025-11-08 19:00:00,Cornell (IA),Illinois College,Midwest,Midwest,0.0,24.0,False,True,Van Metre Field at Ash Park
401773773,2025,11,regular,2025-11-08 19:00:00,Augustana (SD),Minnesota State,Northern Sun,Northern Sun,21.0,45.0,False,True,Kirkeby-Over Stadium
401773163,2025,11,regular,2025-11-08 19:00:00,Buena Vista,Nebraska Wesleyan,American Rivers,American Rivers,34.0,21.0,False,True,J. Leslie Rollins Stadium
401773171,2025,11,regular,2025-11-08 19:00:00,Coe,Loras,American Rivers,American Rivers,63.0,7.0,False,True,Clark Field
401773780,2025,11,regular,2025-11-08 19:00:00,Southwest Minnesota State,Concordia St. Paul,Northern Sun,Northern Sun,14.0,19.0,False,True,Schwan Regional Event Center
401773645,2025,11,regular,2025-11-08 19:00:00,Central Missouri,Pittsburg State,Mid America,Mid America,35.0,48.0,False,True,Audrey J. Walton Stadium at Vernon Kennedy Field
401773792,2025,11,regular,2025-11-08 19:00:00,Sioux Falls,Wayne State (NE),Northern Sun,Northern Sun,13.0,42.0,False,True,Bob Young Field
401777026,2025,11,regular,2025-11-08 19:00:00,Benedictine (IL),Concordia Chicago,NACC,NACC,38.0,7.0,False,True,Village of Lisle-Benedictine University Sports Complex
401773808,2025,11,regular,2025-11-08 19:00:00,Bloomsburg,Kutztown,Pennsylvania State Athletic,Pennsylvania State Athletic,27.0,35.0,False,True,Robert B. Redman Stadium
401773404,2025,11,regular,2025-11-08 19:00:00,Southwest Baptist,Indianapolis,Great Lakes,Great Lakes,21.0,66.0,False,True,Plaster Sports Complex
401774173,2025,11,regular,2025-11-08 19:00:00,Wisconsin River Falls,Wisconsin La Crosse,Wisconsin,Wisconsin,41.0,7.0,False,True,David Smith Stadium at Ramer Field
401767548,2025,11,regular,2025-11-08 19:00:00,Youngstown State,Southern Illinois,MVFC,MVFC,48.0,38.0,False,True,Stambaugh Stadium
401773562,2025,11,regular,2025-11-08 19:00:00,Midwestern State,West Texas,Lone Star,Lone Star,42.0,56.0,False,True,"Memorial Stadium (Wichita Falls, TX)"
401773436,2025,11,regular,2025-11-08 19:00:00,Upper Iowa,Quincy,Great Lakes,Great Lakes,41.0,8.0,False,True,Harms-Eischeid Stadium
401773042,2025,11,regular,2025-11-08 19:00:00,Simpson (IA),Central College,American Rivers,American Rivers,10.0,35.0,False,True,Bill Buxton Stadium
401774216,2025,11,regular,2025-11-08 19:00:00,Huntingdon,Southern Virginia,USA South,USA South,44.0,21.0,False,True,Charles Lee Field at Samford Stadium
401773611,2025,11,regular,2025-11-08 19:00:00,Washburn,Emporia State,Mid America,Mid America,17.0,45.0,False,True,Yager Stadium at Moore Bowl
401773602,2025,11,regular,2025-11-08 19:00:00,Central Oklahoma,Missouri Southern State,Mid America,Mid America,44.0,17.0,False,True,Wantland Stadium
401767146,2025,11,regular,2025-11-08 19:00:00,Campbell,William & Mary,Coastal Athletic,Coastal Athletic,27.0,30.0,False,True,Barker-Lane Stadium
401774437,2025,11,regular,2025-11-08 19:00:00,Rose Hulman,Anderson (IN),Heartland,Heartland,38.0,0.0,False,True,Cook Stadium
401767480,2025,11,regular,2025-11-08 19:00:00,Northwestern State,Incarnate Word,Southland,Southland,3.0,38.0,False,True,Harry Turpin Stadium
401776773,2025,11,regular,2025-11-08 19:00:00,Bethel (MN),Carleton,Minnesota,Minnesota,49.0,7.0,False,True,Royal Stadium
401774456,2025,11,regular,2025-11-08 19:00:00,McMurry,Hendrix,Southern Collegiate Athletic,Southern Athletic,34.0,28.0,False,False,Wilford Moore Stadium
401773487,2025,11,regular,2025-11-08 19:00:00,Roosevelt,Wayne State (MI),GLIAC,GLIAC,48.0,14.0,False,True,Morris Field
401777038,2025,11,regular,2025-11-08 19:00:00,Eureka,Lakeland,NACC,NACC,12.0,40.0,False,True,Pete FioRito Stadium at McKinzie Field
401766729,2025,11,regular,2025-11-08 19:00:00,Grinnell,Lawrence,Midwest,Midwest,63.0,6.0,False,True,Rosenbloom Field
401774285,2025,11,regular,2025-11-08 19:00:00,Sewanee,Centre,Southern Athletic,Southern Athletic,0.0,28.0,False,True,Hardee-McGee Field
401831243,2025,11,regular,2025-11-08 19:00:00,West Alabama,Lincoln (CA),Gulf South,Independent DII,0.0,0.0,False,False,Tiger Stadium (AL)
401773256,2025,11,regular,2025-11-08 19:00:00,Mary Hardin Baylor,Hardin Simmons,American Southwest,American Southwest,21.0,17.0,False,True,Crusader Stadium
401773468,2025,11,regular,2025-11-08 19:00:00,Grand Valley State,Michigan Tech,GLIAC,GLIAC,18.0,15.0,False,True,Lubbers Stadium
401767177,2025,11,regular,2025-11-08 19:00:00,Elon,Rhode Island,Coastal Athletic,Coastal Athletic,20.0,34.0,False,True,Rhodes Stadium
401767500,2025,11,regular,2025-11-08 19:00:00,Northern Iowa,Murray State,MVFC,MVFC,31.0,14.0,False,True,UNI-Dome
401774466,2025,11,regular,2025-11-08 19:00:00,Trinity (TX),Millsaps,Southern Athletic,Southern Athletic,42.0,24.0,False,True,Trinity University Stadium
401773878,2025,11,regular,2025-11-08 19:00:00,Adams State,Black Hills State,Rocky Mountain,Rocky Mountain,0.0,59.0,False,True,Rex Stadium
401767507,2025,11,regular,2025-11-08 19:00:00,North Dakota,North Dakota State,MVFC,MVFC,10.0,15.0,False,True,Alerus Center
401773898,2025,11,regular,2025-11-08 19:00:00,Colorado School of Mines,CSU Pueblo,Rocky Mountain,Rocky Mountain,34.0,41.0,False,True,Marv Kay Stadium at Campbell Field
401767229,2025,11,regular,2025-11-08 19:00:00,UT Martin,Tennessee State,OVC-Big South,OVC-Big South,26.0,7.0,False,True,Graham Stadium
401773979,2025,11,regular,2025-11-08 19:00:00,Fort Valley State,Albany State,SIAC,SIAC,3.0,48.0,True,True,A.J. McClung Stadium
401773986,2025,11,regular,2025-11-08 19:00:00,Allen,Edward Waters,SIAC,SIAC,53.0,30.0,False,True,W.C. Hawkins Stadium
401777607,2025,11,regular,2025-11-08 19:00:00,Crown,Martin Luther,Upper Midwest,Upper Midwest,34.0,21.0,False,True,Old National Bank Stadium
401774166,2025,11,regular,2025-11-08 19:00:00,Wisconsin Whitewater,Wisconsin Eau Claire,Wisconsin,Wisconsin,51.0,10.0,False,True,Perkins Stadium
401766730,2025,11,regular,2025-11-08 19:00:00,Beloit,Chicago,Midwest,Midwest,0.0,40.0,False,True,Strong Stadium
401773632,2025,11,regular,2025-11-08 19:30:00,Northwest Missouri State,Missouri Western,Mid America,Mid America,38.0,7.0,False,True,Bearcat Stadium
401752894,2025,11,regular,2025-11-08 19:30:00,Rutgers,Maryland,Big Ten,Big Ten,35.0,20.0,False,True,SHI Stadium
401767578,2025,11,regular,2025-11-08 19:30:00,Western Carolina,Mercer,Southern,Southern,47.0,49.0,False,True,E. J. Whitmire Stadium
401773389,2025,11,regular,2025-11-08 20:00:00,Southwestern Oklahoma State,Ouachita Baptist,Great American,Great American,38.0,42.0,False,True,Milam Stadium
401757297,2025,11,regular,2025-11-08 20:00:00,UTEP,Jacksonville State,Conference USA,Conference USA,27.0,30.0,False,True,Sun Bowl
401767110,2025,11,regular,2025-11-08 20:00:00,Montana State,Weber State,Big Sky,Big Sky,66.0,14.0,False,True,Bobcat Stadium
401767424,2025,11,regular,2025-11-08 20:00:00,Mississippi Valley State,Jackson State,SWAC,SWAC,3.0,42.0,False,True,Rice-Totten Field
401767365,2025,11,regular,2025-11-08 20:00:00,Alabama State,Texas Southern,SWAC,SWAC,42.0,24.0,False,True,Hornet Stadium
401767392,2025,11,regular,2025-11-08 20:00:00,Grambling,Bethune-Cookman,SWAC,SWAC,31.0,23.0,False,True,Eddie Robinson Stadium
401767474,2025,11,regular,2025-11-08 20:00:00,Houston Christian,Stephen F. Austin,Southland,Southland,3.0,50.0,False,True,Husky Stadium
401767245,2025,11,regular,2025-11-08 20:00:00,Abilene Christian,Utah Tech,UAC,UAC,31.0,10.0,False,True,Wildcat Stadium (TX)
401767356,2025,11,regular,2025-11-08 20:00:00,Alabama A&M,Prairie View A&M,SWAC,SWAC,5.0,48.0,False,True,Louis Crews Stadium
401773350,2025,11,regular,2025-11-08 20:00:00,Northwestern (OK),Arkansas Monticello,Great American,Great American,40.0,7.0,False,True,Ranger Field
401767069,2025,11,regular,2025-11-08 20:00:00,Montana,Eastern Washington,Big Sky,Big Sky,29.0,24.0,False,True,Washington-Grizzly Stadium
401773368,2025,11,regular,2025-11-08 20:00:00,Southern Nazarene,Harding,Great American,Great American,14.0,52.0,False,True,Southern Nazarene University Football Stadium
401757295,2025,11,regular,2025-11-08 20:00:00,Delaware,Louisiana Tech,Conference USA,Conference USA,25.0,24.0,False,True,Delaware Stadium
401757296,2025,11,regular,2025-11-08 20:00:00,Middle Tennessee,Florida International,Conference USA,Conference USA,30.0,56.0,False,True,"Johnny ""Red"" Floyd Stadium"
401773392,2025,11,regular,2025-11-08 20:00:00,Southern Arkansas,Southeastern Oklahoma State,Great American,Great American,16.0,14.0,False,True,Wilkins Stadium
401773757,2025,11,regular,2025-11-08 20:00:00,Northern State,Minot State,Northern Sun,Northern Sun,28.0,49.0,False,True,Swisher Field
401773993,2025,11,regular,2025-11-08 20:00:00,Savannah State,Benedict,SIAC,SIAC,13.0,16.0,False,True,Ted Wright Stadium
401773905,2025,11,regular,2025-11-08 20:00:00,New Mexico Highlands,Fort Lewis,Rocky Mountain,Rocky Mountain,31.0,14.0,False,True,Sanchez Family Stadium
401774026,2025,11,regular,2025-11-08 20:00:00,Miles,Tuskegee,SIAC,SIAC,23.0,24.0,False,True,Albert J. H. Sloan - Alumni Stadium
401773892,2025,11,regular,2025-11-08 20:00:00,Chadron State,Western Colorado,Rocky Mountain,Rocky Mountain,27.0,24.0,False,True,Elliott Field at Don Beebe Stadium
401773340,2025,11,regular,2025-11-08 20:00:00,Oklahoma Baptist,Arkansas Tech,Great American,Great American,25.0,38.0,False,True,Crain Family Stadium
401774021,2025,11,regular,2025-11-08 20:00:00,Lane College,Kentucky State,SIAC,SIAC,0.0,55.0,False,True,Lane Field
401767283,2025,11,regular,2025-11-08 20:00:00,Eastern Kentucky,Southern Utah,UAC,UAC,17.0,27.0,False,True,Roy Kidd Stadium
401762505,2025,11,regular,2025-11-08 20:00:00,Florida Atlantic,Tulsa,American Athletic,American Athletic,40.0,21.0,False,True,FAU Stadium
401774187,2025,11,regular,2025-11-08 20:00:00,Wisconsin Platteville,Wisconsin Stout,Wisconsin,Wisconsin,24.0,23.0,False,True,Ralph E. Davis Pioneer Stadium
401777225,2025,11,regular,2025-11-08 20:00:00,Guilford,Averett,Old Dominion,Old Dominion,21.0,27.0,False,True,Armfield Athletic Center
401762504,2025,11,regular,2025-11-08 20:00:00,East Carolina,Charlotte,American Athletic,American Athletic,48.0,22.0,False,True,Dowdy-Ficklen Stadium
401767386,2025,11,regular,2025-11-08 20:00:00,Arkansas-Pine Bluff,Florida A&M,SWAC,SWAC,28.0,31.0,False,True,Golden Lion Stadium
401754587,2025,11,regular,2025-11-08 20:30:00,Miami,Syracuse,ACC,ACC,38.0,10.0,False,True,Hard Rock Stadium
401754590,2025,11,regular,2025-11-08 20:30:00,UConn,Duke,FBS Independents,ACC,37.0,34.0,False,False,Pratt & Whitney Stadium
401756944,2025,11,regular,2025-11-08 20:30:00,TCU,Iowa State,Big 12,Big 12,17.0,20.0,False,True,Amon G. Carter Stadium
401783279,2025,11,regular,2025-11-08 20:30:00,New Haven,Merrimack,NEC,FCS Independents,41.0,31.0,False,False,Ralph F. DellaCamera Stadium
401752763,2025,11,regular,2025-11-08 20:30:00,Missouri,Texas A&M,SEC,SEC,17.0,38.0,False,True,Memorial Stadium
401756943,2025,11,regular,2025-11-08 20:30:00,Arizona,Kansas,Big 12,Big 12,24.0,20.0,False,True,Arizona Stadium
401752898,2025,11,regular,2025-11-08 20:30:00,Iowa,Oregon,Big Ten,Big Ten,16.0,18.0,False,True,Kinnick Stadium
401767562,2025,11,regular,2025-11-08 20:30:00,Samford,East Tennessee State,Southern,Southern,14.0,38.0,False,True,Seibert Stadium
401774271,2025,11,regular,2025-11-08 21:00:00,La Verne,Chapman,So. Cal.,So. Cal.,14.0,30.0,False,True,Ortmayer Stadium
401767376,2025,11,regular,2025-11-08 21:00:00,Alcorn State,Southern,SWAC,SWAC,35.0,17.0,False,True,Jack Spinks Stadium
401777174,2025,11,regular,2025-11-08 21:00:00,Willamette,Whitworth,Northwest,Northwest,0.0,29.0,False,True,McCulloch Stadium
401767289,2025,11,regular,2025-11-08 21:00:00,North Alabama,West Georgia,UAC,UAC,17.0,24.0,False,True,Braly Municipal Stadium
401773284,2025,11,regular,2025-11-08 21:00:00,Bridgewater State,Anna Maria College,MSCAC,MSCAC,41.0,35.0,False,False,Edward C. Swenson Athletic Complex
401773913,2025,11,regular,2025-11-08 21:00:00,Colorado Mesa,South Dakota Mines,Rocky Mountain,Rocky Mountain,38.0,12.0,False,True,Ralph Stocker Stadium
401773519,2025,11,regular,2025-11-08 21:00:00,Valdosta State,Delta State,Gulf South,Gulf South,27.0,23.0,False,True,Bazemore-Hyder Stadium
401777165,2025,11,regular,2025-11-08 21:00:00,Lewis & Clark,Pacific Lutheran,Northwest,Northwest,36.0,46.0,False,True,Griswold Stadium
401777151,2025,11,regular,2025-11-08 21:00:00,Puget Sound,Linfield,Northwest,Northwest,14.0,77.0,False,True,Baker Stadium
401767254,2025,11,regular,2025-11-08 21:00:00,Austin Peay,Central Arkansas,UAC,UAC,41.0,38.0,False,True,Governors Stadium
401757298,2025,11,regular,2025-11-08 21:00:00,New Mexico State,Kennesaw State,Conference USA,Conference USA,21.0,24.0,False,True,Aggie Memorial Stadium
401774259,2025,11,regular,2025-11-08 21:00:00,Redlands,Claremont Mudd Scripps,So. Cal.,So. Cal.,14.0,28.0,False,True,Ted Runner Stadium
401752764,2025,11,regular,2025-11-08 21:00:00,Vanderbilt,Auburn,SEC,SEC,45.0,38.0,False,True,FirstBank Stadium
401767542,2025,11,regular,2025-11-08 21:00:00,South Dakota,South Dakota State,MVFC,MVFC,24.0,17.0,False,True,DakotaDome
401767487,2025,11,regular,2025-11-08 21:00:00,Lamar,SE Louisiana,Southland,Southland,14.0,12.0,False,True,Provost Umphrey Stadium
401761645,2025,11,regular,2025-11-08 21:00:00,Coastal Carolina,Georgia State,Sun Belt,Sun Belt,40.0,27.0,False,True,Brooks Stadium (SC)
401773447,2025,11,regular,2025-11-08 21:00:00,Truman State,William Jewell,Great Lakes,Great Lakes,35.0,17.0,False,True,Stokes Stadium
401754588,2025,11,regular,2025-11-08 21:30:00,North Carolina,Stanford,ACC,ACC,20.0,15.0,False,True,Kenan Stadium
401752899,2025,11,regular,2025-11-08 21:30:00,Wisconsin,Washington,Big Ten,Big Ten,13.0,10.0,False,True,Camp Randall Stadium
401777145,2025,11,regular,2025-11-08 21:30:00,George Fox,Pacific (OR),Northwest,Northwest,27.0,21.0,False,True,Stoffer Family Stadium
401773112,2025,11,regular,2025-11-08 22:00:00,Barton,Erskine,Carolinas,Carolinas,37.0,7.0,False,False,Electric Supply Company Field
401767465,2025,11,regular,2025-11-08 22:00:00,East Texas A&M,McNeese,Southland,Southland,20.0,35.0,False,True,Memorial Stadium (Commerce TX)
401774325,2025,11,regular,2025-11-08 22:00:00,Montclair State,The College of New Jersey,New Jersey,New Jersey,30.0,27.0,False,True,Sprague Field
401766732,2025,11,regular,2025-11-08 22:00:00,Colby,Bowdoin,NESCAC,NESCAC,16.0,6.0,False,True,Seaverns Field At Harold Alfond Stadium
401776798,2025,11,regular,2025-11-08 22:00:00,Hope,Calvin,Michigan,Michigan,52.0,0.0,False,True,Ray and Sue Smith Stadium
401767129,2025,11,regular,2025-11-08 22:00:00,Portland State,Sacramento State,Big Sky,Big Sky,24.0,52.0,False,True,Hillsboro Stadium
401773140,2025,11,regular,2025-11-08 22:00:00,Shorter,North Greenville,Carolinas,Carolinas,33.0,35.0,False,True,Barron Stadium
401761648,2025,11,regular,2025-11-08 22:00:00,Louisiana,Texas State,Sun Belt,Sun Belt,42.0,39.0,False,True,Cajun Field
401773999,2025,11,regular,2025-11-08 23:00:00,Clark Atlanta,Morehouse,SIAC,SIAC,48.0,45.0,False,True,CAU Panther Stadium
401767077,2025,11,regular,2025-11-08 23:00:00,Idaho State,Cal Poly,Big Sky,Big Sky,27.0,17.0,False,True,Holt Arena
401777247,2025,11,regular,2025-11-08 23:00:00,Shenandoah,Gallaudet,Old Dominion,Old Dominion,52.0,14.0,False,False,Shentel Stadium
401773925,2025,11,regular,2025-11-08 23:00:00,Catawba,Anderson (SC),South Atlantic,South Atlantic,44.0,20.0,False,True,Shuford Stadium
401760406,2025,11,regular,2025-11-08 23:00:00,San José State,Air Force,Mountain West,Mountain West,16.0,26.0,False,True,CEFCU Stadium
401767117,2025,11,regular,2025-11-08 23:00:00,Northern Arizona,Northern Colorado,Big Sky,Big Sky,49.0,10.0,False,True,Walkup Skydome
401774312,2025,11,regular,2025-11-08 23:00:00,Christopher Newport,Salisbury,New Jersey,New Jersey,45.0,42.0,False,True,TowneBank Stadium
401767518,2025,11,regular,2025-11-08 23:00:00,UT Rio Grande Valley,Nicholls,Southland,Southland,28.0,21.0,False,False,Robert and Janet Vackar Stadium
401773859,2025,11,regular,2025-11-08 23:05:00,East Stroudsburg,Millersville,Pennsylvania State Athletic,Pennsylvania State Athletic,45.0,21.0,False,True,Eiler-Martin Stadium
401754586,2025,11,regular,2025-11-09 00:00:00,Clemson,Florida State,ACC,ACC,24.0,10.0,False,True,"Memorial Stadium (Clemson, SC)"
401754585,2025,11,regular,2025-11-09 00:00:00,Louisville,California,ACC,ACC,26.0,29.0,False,True,L&N Federal Credit Union Stadium
401767095,2025,11,regular,2025-11-09 00:00:00,Idaho,UC Davis,Big Sky,Big Sky,14.0,28.0,False,True,Kibbie Dome
401777297,2025,11,regular,2025-11-09 00:00:00,Centenary (LA),Austin,Southern Collegiate Athletic,Southern Collegiate Athletic,10.0,20.0,False,True,Mayo Field
401754589,2025,11,regular,2025-11-09 00:00:00,Virginia,Wake Forest,ACC,ACC,9.0,16.0,False,True,Scott Stadium
401773543,2025,11,regular,2025-11-09 00:00:00,Angelo State,Western Oregon,Lone Star,Lone Star,7.0,31.0,False,True,LeGrand Stadium at 1st Community Credit Union Field
401760409,2025,11,regular,2025-11-09 00:30:00,Utah State,Nevada,Mountain West,Mountain West,51.0,14.0,False,True,Maverik Stadium
401752759,2025,11,regular,2025-11-09 00:30:00,Alabama,LSU,SEC,SEC,20.0,9.0,False,True,Bryant-Denny Stadium
401757166,2025,11,regular,2025-11-09 00:30:00,Notre Dame,Navy,FBS Independents,American Athletic,49.0,10.0,False,False,Notre Dame Stadium
401752760,2025,11,regular,2025-11-09 00:30:00,Kentucky,Florida,SEC,SEC,38.0,7.0,False,True,Kroger Field
401773571,2025,11,regular,2025-11-09 01:00:00,Texas A&M-Kingsville,Western New Mexico,Lone Star,Lone Star,64.0,13.0,False,True,Javelina Stadium
401773553,2025,11,regular,2025-11-09 01:00:00,UT Permian Basin,Eastern New Mexico,Lone Star,Lone Star,47.0,34.0,False,True,Ratliff Stadium
401773591,2025,11,regular,2025-11-09 01:00:00,Sul Ross State,Central Washington,Lone Star,Lone Star,7.0,73.0,False,True,Jackson Field
401752895,2025,11,regular,2025-11-09 02:00:00,UCLA,Nebraska,Big Ten,Big Ten,21.0,28.0,False,True,Rose Bowl
401760407,2025,11,regular,2025-11-09 02:30:00,Colorado State,UNLV,Mountain West,Mountain West,10.0,42.0,False,True,Canvas Stadium
401752944,2025,11,regular,2025-11-09 03:00:00,Oregon State,Sam Houston,Pac-12,Conference USA,17.0,21.0,False,False,Reser Stadium
401783817,2025,11,regular,2025-11-09 03:00:00,Pomona Pitzer,Cal Lutheran,So. Cal.,So. Cal.,28.0,18.0,False,True,Merritt Field
401760408,2025,11,regular,2025-11-09 04:00:00,Hawai'i,San Diego State,Mountain West,Mountain West,38.0,6.0,False,True,Clarence T.C. Ching Athletics Complex
401762856,2025,12,regular,2025-11-12 00:30:00,Akron,Kent State,Mid-American,Mid-American,35.0,42.0,False,True,InfoCision Stadium
401762857,2025,12,regular,2025-11-12 01:00:00,Western Michigan,Ohio,Mid-American,Mid-American,17.0,13.0,False,True,Waldo Stadium
401762859,2025,12,regular,2025-11-13 00:00:00,Massachusetts,Northern Illinois,Mid-American,Mid-American,3.0,45.0,False,True,Warren McGuirk Alumni Stadium
401762860,2025,12,regular,2025-11-13 00:00:00,Miami (OH),Toledo,Mid-American,Mid-American,3.0,24.0,False,True,Yager Stadium
401762858,2025,12,regular,2025-11-13 00:00:00,Central Michigan,Buffalo,Mid-American,Mid-American,38.0,19.0,False,True,Kelly/Shorts Stadium
401761649,2025,12,regular,2025-11-14 00:30:00,Old Dominion,Troy,Sun Belt,Sun Belt,33.0,0.0,False,True,S.B. Ballard Stadium
401767414,2025,12,regular,2025-11-14 22:30:00,North Carolina Central,South Carolina State,MEAC,MEAC,27.0,34.0,False,True,O'Kelly-Riddick Stadium
401774313,2025,12,regular,2025-11-14 23:00:00,The College of New Jersey,Christopher Newport,New Jersey,New Jersey,7.0,27.0,False,True,Lions Stadium
401774139,2025,12,regular,2025-11-14 23:00:00,Salisbury,Vermont State Castleton,New Jersey,New Jersey,63.0,13.0,False,False,Sea Gull Stadium
401774155,2025,12,regular,2025-11-15 00:00:00,MIT,Norwich,NEWMAC,NEWMAC,48.0,14.0,False,True,Henry G. Steinbrenner '27 Stadium
401754591,2025,12,regular,2025-11-15 00:30:00,Louisville,Clemson,ACC,ACC,19.0,20.0,False,True,L&N Federal Credit Union Stadium
401833370,2025,12,regular,2025-11-15 01:30:00,Augsburg,Hamline,Minnesota,Minnesota,43.0,3.0,False,True,Edor Nelson Field
401752904,2025,12,regular,2025-11-15 02:00:00,Oregon,Minnesota,Big Ten,Big Ten,42.0,13.0,False,True,Autzen Stadium
401834154,2025,12,regular,2025-11-15 16:00:00,Austin,Centenary (LA),Southern Collegiate Athletic,Southern Collegiate Athletic,16.0,14.0,True,True,War Memorial Stadium
401773833,2025,12,regular,2025-11-15 17:00:00,Millersville,Edinboro,Pennsylvania State Athletic,Pennsylvania State Athletic,10.0,63.0,False,True,Chryst Field at Biemesderfer Stadium
401752901,2025,12,regular,2025-11-15 17:00:00,Indiana,Wisconsin,Big Ten,Big Ten,31.0,7.0,False,True,"Memorial Stadium (Bloomington, IN)"
401752772,2025,12,regular,2025-11-15 17:00:00,Texas A&M,South Carolina,SEC,SEC,31.0,30.0,False,True,Kyle Field
401783348,2025,12,regular,2025-11-15 17:00:00,Delaware Valley,Widener,Mid Atlantic,Mid Atlantic,28.0,7.0,False,True,Robert A. Lipinski Field at James Work Memorial Stadium
401777968,2025,12,regular,2025-11-15 17:00:00,Walsh,Northwood,Great Midwest Athletic,Great Midwest Athletic,13.0,17.0,False,True,Tom Benson Hall of Fame Stadium
401777323,2025,12,regular,2025-11-15 17:00:00,Coast Guard,Merchant Marine,NEWMAC,NEWMAC,38.0,39.0,True,True,Fenway Park
401773656,2025,12,regular,2025-11-15 17:00:00,West Virginia State,Charleston (WV),Mountain East,Mountain East,21.0,38.0,False,True,Dickerson Stadium
401778021,2025,12,regular,2025-11-15 17:00:00,WPI,Salve Regina,NEWMAC,NEWMAC,9.0,45.0,False,True,"Alumni Stadium (Worcester, MA)"
401773844,2025,12,regular,2025-11-15 17:00:00,Kutztown,IU Pennsylvania,Pennsylvania State Athletic,Pennsylvania State Athletic,28.0,23.0,False,True,Andre Reed Stadium
401757174,2025,12,regular,2025-11-15 17:00:00,UConn,Air Force,FBS Independents,Mountain West,26.0,16.0,False,False,Pratt & Whitney Stadium
401762510,2025,12,regular,2025-11-15 17:00:00,Navy,South Florida,American Athletic,American Athletic,41.0,38.0,False,True,Navy-Marine Corps Memorial Stadium
401762861,2025,12,regular,2025-11-15 17:00:00,Ball State,Eastern Michigan,Mid-American,Mid-American,9.0,24.0,False,True,Scheumann Stadium
401783343,2025,12,regular,2025-11-15 17:00:00,FDU Florham,Alvernia,Mid Atlantic,Mid Atlantic,52.0,3.0,False,True,Robert T. Shields Field
401767619,2025,12,regular,2025-11-15 17:00:00,Dayton,Drake,Pioneer,Pioneer,6.0,14.0,False,True,Welcome Stadium
401767663,2025,12,regular,2025-11-15 17:00:00,Sacred Heart,Merrimack,FCS Independents,FCS Independents,42.0,37.0,False,True,Campus Field
401777010,2025,12,regular,2025-11-15 17:00:00,Fitchburg State,Westfield State,MSCAC,MSCAC,7.0,10.0,False,True,Elliot Field Athletic Complex
401773863,2025,12,regular,2025-11-15 17:00:00,Shepherd,Seton Hill,Pennsylvania State Athletic,Pennsylvania State Athletic,21.0,13.0,False,True,Ram Stadium (WV)
401762507,2025,12,regular,2025-11-15 17:00:00,Charlotte,UTSA,American Athletic,American Athletic,7.0,28.0,False,True,Jerry Richardson Stadium
401767263,2025,12,regular,2025-11-15 17:00:00,North Carolina A&T,Monmouth,Coastal Athletic,Coastal Athletic,19.0,63.0,False,True,Aggie Stadium
401777273,2025,12,regular,2025-11-15 17:00:00,Case Western Reserve,Geneva,Presidents',Presidents',16.0,43.0,False,True,Case Field
401774342,2025,12,regular,2025-11-15 17:00:00,Southwestern U,Berry,Southern Athletic,Southern Athletic,7.0,49.0,False,True,Birkelbach Field
401754597,2025,12,regular,2025-11-15 17:00:00,Pittsburgh,Notre Dame,ACC,FBS Independents,15.0,37.0,False,False,Acrisure Stadium
401776992,2025,12,regular,2025-11-15 17:00:00,Albright,Lebanon Valley,Mid Atlantic,Mid Atlantic,35.0,38.0,False,True,Gene L. Shirk Stadium
401776983,2025,12,regular,2025-11-15 17:00:00,New England,New England College,Commonwealth Coast,,59.0,3.0,False,False,Blue Storm Stadium
401767775,2025,12,regular,2025-11-15 17:00:00,Wagner,Stonehill,NEC,NEC,20.0,14.0,False,True,Wagner College Stadium
401767767,2025,12,regular,2025-11-15 17:00:00,Mercyhurst,Robert Morris,NEC,NEC,27.0,13.0,False,True,Saxon Stadium
401767760,2025,12,regular,2025-11-15 17:00:00,Saint Francis,Long Island University,NEC,NEC,3.0,10.0,False,True,DeGol Field
401767748,2025,12,regular,2025-11-15 17:00:00,Duquesne,Central Connecticut,NEC,NEC,38.0,33.0,False,True,Arthur J. Rooney Athletic Field
401767707,2025,12,regular,2025-11-15 17:00:00,Harvard,Pennsylvania,Ivy,Ivy,45.0,43.0,False,True,Harvard Stadium
401767677,2025,12,regular,2025-11-15 17:00:00,Columbia,Brown,Ivy,Ivy,29.0,32.0,False,True,Lawrence A. Wien Stadium
401767670,2025,12,regular,2025-11-15 17:00:00,Bucknell,Holy Cross,Patriot,Patriot,20.0,37.0,False,True,Christy Mathewson-Memorial Stadium
401767501,2025,12,regular,2025-11-15 17:00:00,Murray State,North Dakota,MVFC,MVFC,17.0,35.0,False,True,Roy Stewart Stadium
401767452,2025,12,regular,2025-11-15 17:00:00,Youngstown State,Indiana State,MVFC,MVFC,48.0,29.0,False,True,Stambaugh Stadium
401767563,2025,12,regular,2025-11-15 17:00:00,Western Carolina,East Tennessee State,Southern,Southern,35.0,52.0,False,True,E. J. Whitmire Stadium
401767610,2025,12,regular,2025-11-15 17:00:00,Marist,Davidson,Pioneer,Pioneer,37.0,10.0,False,True,Leonidoff Field
401776786,2025,12,regular,2025-11-15 17:00:00,Albion,Calvin,Michigan,Michigan,24.0,53.0,False,True,Sprankle-Sprandel Stadium
401788998,2025,12,regular,2025-11-15 17:00:00,Princeton,Yale,Ivy,Ivy,10.0,13.0,False,True,Princeton University Stadium
401767402,2025,12,regular,2025-11-15 17:00:00,Norfolk State,Morgan State,MEAC,MEAC,28.0,35.0,False,True,"William Dick"""" Price Stadium"""""
401767138,2025,12,regular,2025-11-15 17:00:00,Bryant,New Hampshire,Coastal Athletic,Coastal Athletic,14.0,42.0,False,True,Bulldog Stadium
401752905,2025,12,regular,2025-11-15 17:00:00,Northwestern,Michigan,Big Ten,Big Ten,22.0,24.0,True,True,Wrigley Field
401756951,2025,12,regular,2025-11-15 17:00:00,Cincinnati,Arizona,Big 12,Big 12,24.0,30.0,False,True,Nippert Stadium
401756952,2025,12,regular,2025-11-15 17:00:00,Oklahoma State,Kansas State,Big 12,Big 12,6.0,14.0,False,True,Boone Pickens Stadium
401773731,2025,12,regular,2025-11-15 17:00:00,Southern Connecticut State,Post,Northeast 10,Northeast 10,52.0,45.0,False,True,Jess Dow Field
401774146,2025,12,regular,2025-11-15 17:00:00,Wilkes,Western Connecticut State,Landmark Conference,Landmark Conference,38.0,0.0,False,False,Schmidt Stadium
401777265,2025,12,regular,2025-11-15 17:00:00,Ursinus,Carnegie Mellon,Centennial,Presidents',27.0,20.0,False,False,Patterson Field
401773724,2025,12,regular,2025-11-15 17:00:00,Pace,Franklin Pierce,Northeast 10,Northeast 10,10.0,24.0,False,True,Pace Stadium
401774234,2025,12,regular,2025-11-15 17:00:00,Greensboro,Methodist,USA South,USA South,13.0,12.0,False,True,Jamieson Stadium
401773285,2025,12,regular,2025-11-15 17:00:00,Anna Maria College,Dean,MSCAC,MSCAC,62.0,15.0,False,True,Caparso Field
401786380,2025,12,regular,2025-11-15 17:00:00,UMass Dartmouth,Plymouth State,MSCAC,MSCAC,42.0,21.0,False,True,Cressy Field
401783919,2025,12,regular,2025-11-15 17:00:00,Bridgewater State,Mass Maritime,MSCAC,MSCAC,7.0,20.0,False,True,Clean Harbors Stadium
401773312,2025,12,regular,2025-11-15 17:00:00,Hartwick,Hilbert,Empire 8,Empire 8,52.0,0.0,False,True,Wright Stadium
401783281,2025,12,regular,2025-11-15 17:00:00,West Chester,Assumption,Pennsylvania State Athletic,Northeast 10,24.0,42.0,False,False,John A. Farrell Stadium
401773715,2025,12,regular,2025-11-15 17:00:00,Bentley,American International,Northeast 10,Northeast 10,21.0,7.0,False,True,Bentley University Football Stadium
401777001,2025,12,regular,2025-11-15 17:00:00,Misericordia,King's,Mid Atlantic,Mid Atlantic,27.0,21.0,False,True,Mangelsdorf Field
401773477,2025,12,regular,2025-11-15 17:00:00,Michigan Tech,Saginaw Valley State,GLIAC,GLIAC,21.0,24.0,False,True,Sherman Field
401774244,2025,12,regular,2025-11-15 17:00:00,Maryville (TN),Trinity (TX),USA South,Southern Athletic,14.0,31.0,False,False,Lloyd L. Thornton Stadium
401773675,2025,12,regular,2025-11-15 17:00:00,Fairmont State,Frostburg State,Mountain East,Mountain East,18.0,35.0,False,True,Duvall-Rosier Field
401773695,2025,12,regular,2025-11-15 17:00:00,West Liberty,Wheeling,Mountain East,Mountain East,68.0,67.0,False,True,West Family Stadium
401777616,2025,12,regular,2025-11-15 17:00:00,Northwestern (MN),Westminster (MO),Upper Midwest,Upper Midwest,6.0,15.0,False,True,Reynolds Field
401773461,2025,12,regular,2025-11-15 17:00:00,Davenport,Ferris State,GLIAC,GLIAC,23.0,44.0,False,True,Farmers Insurance Athletic Complex
401773275,2025,12,regular,2025-11-15 17:00:00,St. John Fisher,Alfred State,Empire 8,Empire 8,41.0,14.0,False,False,Growney Stadium
401777213,2025,12,regular,2025-11-15 17:00:00,Otterbein,Ohio Northern,Ohio,Ohio,14.0,56.0,False,True,"Memorial Stadium (Westerville, OH)"
401778003,2025,12,regular,2025-11-15 17:00:00,Endicott,Curry,Commonwealth Coast,Commonwealth Coast,45.0,17.0,False,True,Hempstead Stadium
401773809,2025,12,regular,2025-11-15 17:00:00,Bloomsburg,Slippery Rock,Pennsylvania State Athletic,Pennsylvania State Athletic,30.0,24.0,False,True,Robert B. Redman Stadium
401774050,2025,12,regular,2025-11-15 17:00:00,Ithaca,SUNY Cortland,Liberty League,Empire 8,26.0,21.0,False,False,Butterfield Stadium
401773241,2025,12,regular,2025-11-15 17:00:00,Findlay,Tiffin,Great Midwest Athletic,Great Midwest Athletic,21.0,23.0,False,True,Donnell Stadium
401786486,2025,12,regular,2025-11-15 17:00:00,Worcester State,Framingham State,MSCAC,MSCAC,27.0,28.0,False,True,John Coughlin Memorial Field
401774098,2025,12,regular,2025-11-15 17:30:00,Moravian,Susquehanna,Landmark Conference,Landmark Conference,7.0,48.0,False,True,Rocco Calvo Field
401752768,2025,12,regular,2025-11-15 17:45:00,LSU,Arkansas,SEC,SEC,23.0,22.0,False,True,Tiger Stadium (LA)
401807013,2025,12,regular,2025-11-15 18:00:00,Lake Forest,Chicago,Midwest,Midwest,34.0,28.0,False,True,Farwell Field
401767348,2025,12,regular,2025-11-15 18:00:00,Delaware State,Howard,MEAC,MEAC,26.0,13.0,False,True,Alumni Stadium
401777033,2025,12,regular,2025-11-15 18:00:00,Concordia (WI),Eureka,NACC,NACC,35.0,0.0,False,True,Tomasini Stadium
401777094,2025,12,regular,2025-11-15 18:00:00,Hiram,Grove City,Presidents',Presidents',14.0,63.0,False,False,Charles A. Henry Field
401777235,2025,12,regular,2025-11-15 18:00:00,Randolph Macon,Hampden Sydney,Old Dominion,Old Dominion,42.0,14.0,False,True,Day Field
401773469,2025,12,regular,2025-11-15 18:00:00,Grand Valley State,Roosevelt,GLIAC,GLIAC,69.0,13.0,False,True,Lubbers Stadium
401773360,2025,12,regular,2025-11-15 18:00:00,Southeastern Oklahoma State,East Central,Great American,Great American,24.0,19.0,False,True,Paul Laird Field
401767326,2025,12,regular,2025-11-15 18:00:00,Villanova,Stony Brook,Coastal Athletic,Coastal Athletic,30.0,27.0,False,True,Villanova Stadium
401773690,2025,12,regular,2025-11-15 18:00:00,West Virginia Wesleyan,Glenville State,Mountain East,Mountain East,16.0,56.0,False,True,Cebe Ross Field
401773638,2025,12,regular,2025-11-15 18:00:00,Nebraska Kearney,Central Missouri,Mid America,Mid America,24.0,38.0,False,True,Ron & Carol Cope Stadium at Foster Field
401774129,2025,12,regular,2025-11-15 18:00:00,Trine,Kalamazoo,Michigan,Michigan,25.0,24.0,False,True,Fred Zollner Athletic Stadium
401773483,2025,12,regular,2025-11-15 18:00:00,Northern Michigan,Wayne State (MI),GLIAC,GLIAC,45.0,11.0,False,True,Superior Dome
401774217,2025,12,regular,2025-11-15 18:00:00,Southern Virginia,LaGrange,USA South,USA South,27.0,65.0,False,True,Knight Stadium
401774105,2025,12,regular,2025-11-15 18:00:00,Hobart,Buffalo State,Liberty League,Liberty League,35.0,9.0,False,True,Boswell Field at David J. Urick Stadium
401773818,2025,12,regular,2025-11-15 18:00:00,Shippensburg,California (PA),Pennsylvania State Athletic,Pennsylvania State Athletic,10.0,35.0,False,True,Seth Grove Stadium
401774090,2025,12,regular,2025-11-15 18:00:00,Juniata,Lycoming,Landmark Conference,Landmark Conference,16.0,24.0,False,True,Knox Stadium
401773797,2025,12,regular,2025-11-15 18:00:00,Winona State,Southwest Minnesota State,Northern Sun,Northern Sun,30.0,6.0,False,True,Altra Federal Credit Union Stadium
401773839,2025,12,regular,2025-11-15 18:00:00,Lock Haven,Gannon,Pennsylvania State Athletic,Pennsylvania State Athletic,49.0,28.0,False,True,Hubert Jack Stadium
401766738,2025,12,regular,2025-11-15 18:00:00,Beloit,Illinois College,Midwest,Midwest,7.0,38.0,False,True,Strong Stadium
401773215,2025,12,regular,2025-11-15 18:00:00,Ashland,Lake Erie,Great Midwest Athletic,Great Midwest Athletic,34.0,14.0,False,True,Jack Miller Stadium
401766737,2025,12,regular,2025-11-15 18:00:00,Grinnell,Cornell (IA),Midwest,Midwest,17.0,22.0,False,True,Rosenbloom Field
401752945,2025,12,regular,2025-11-15 18:00:00,Tulsa,Oregon State,American Athletic,Pac-12,31.0,14.0,False,False,Chapman Stadium
401773943,2025,12,regular,2025-11-15 18:00:00,Carson Newman,Tusculum,South Atlantic,South Atlantic,26.0,0.0,False,True,Burke-Tarr Stadium
401767331,2025,12,regular,2025-11-15 18:00:00,UAlbany,Towson,Coastal Athletic,Coastal Athletic,19.0,36.0,False,True,Bob Ford Field
401774226,2025,12,regular,2025-11-15 18:00:00,Brevard,North Carolina Wesleyan,USA South,USA South,45.0,6.0,False,True,Brevard Memorial Stadium
401774365,2025,12,regular,2025-11-15 18:00:00,Carthage,Carroll (WI),CCIW,CCIW,7.0,3.0,False,True,Art Keller Field
401767393,2025,12,regular,2025-11-15 18:00:00,Jackson State,Bethune-Cookman,SWAC,SWAC,28.0,13.0,False,True,Mississippi Veterans Memorial Stadium
401767717,2025,12,regular,2025-11-15 18:00:00,Georgetown,Fordham,Patriot,Patriot,14.0,0.0,False,True,Cooper Field
401767571,2025,12,regular,2025-11-15 18:00:00,Furman,VMI,Southern,Southern,32.0,14.0,False,True,Paladin Stadium
401767543,2025,12,regular,2025-11-15 18:00:00,Southern Illinois,South Dakota,MVFC,MVFC,51.0,53.0,False,True,Saluki Stadium
401767654,2025,12,regular,2025-11-15 18:00:00,Valparaiso,Stetson,Pioneer,Pioneer,32.0,31.0,False,True,Brown Field
401777077,2025,12,regular,2025-11-15 18:00:00,Denison,John Carroll,North Coast,Ohio,21.0,48.0,False,False,Deeds Field-Piper Stadium
401776800,2025,12,regular,2025-11-15 18:00:00,Hope,Olivet,Michigan,Michigan,63.0,6.0,False,True,Ray and Sue Smith Stadium
401774308,2025,12,regular,2025-11-15 18:00:00,Husson,Maine Maritime,Commonwealth Coast,Commonwealth Coast,48.0,7.0,False,False,Dr. John W. Winkin Sports Complex
401783357,2025,12,regular,2025-11-15 18:00:00,Stevenson,Eastern,Mid Atlantic,Mid Atlantic,10.0,16.0,False,True,Mustang Stadium
401806690,2025,12,regular,2025-11-15 18:00:00,Saint John's (MN),St. Olaf,Minnesota,Minnesota,63.0,21.0,False,True,Clemens Stadium
401777736,2025,12,regular,2025-11-15 18:00:00,McDaniel,Gettysburg,Centennial,Centennial,23.0,36.0,False,True,Kenneth R. Gill Stadium
401777260,2025,12,regular,2025-11-15 18:00:00,Allegheny,Bethany (WV),Presidents',Presidents',42.0,6.0,False,True,Frank B. Fuhrer Field
401833372,2025,12,regular,2025-11-15 18:00:00,Albany State,Benedict,SIAC,SIAC,22.0,16.0,False,True,Albany State University Coliseum
401778029,2025,12,regular,2025-11-15 18:00:00,Greenville,Crown,Upper Midwest,Upper Midwest,20.0,38.0,False,True,Francis Field (IL)
401788994,2025,12,regular,2025-11-15 18:00:00,William Paterson,Montclair State,New Jersey,New Jersey,21.0,24.0,False,True,Wightman Stadium
401806689,2025,12,regular,2025-11-15 18:00:00,Gustavus Adolphus,Macalester,Minnesota,Minnesota,38.0,14.0,False,True,Hollingsworth Field
401783328,2025,12,regular,2025-11-15 18:00:00,St. Lawrence,Rochester (NY),Liberty League,Liberty League,37.0,17.0,False,True,Leckonby Stadium
401806688,2025,12,regular,2025-11-15 18:00:00,Carleton,Concordia (MN),Minnesota,Minnesota,24.0,31.0,False,True,Laird Stadium
401777291,2025,12,regular,2025-11-15 18:00:00,Washington & Jefferson,Thiel,Presidents',Presidents',67.0,0.0,False,True,Cameron Stadium
401777994,2025,12,regular,2025-11-15 18:00:00,Muhlenberg,Dickinson,Centennial,Centennial,30.0,17.0,False,True,Scotty Wood Stadium
401774379,2025,12,regular,2025-11-15 18:00:00,North Central College,Illinois Wesleyan,CCIW,CCIW,24.0,7.0,False,True,Benedetti-Wehrli Stadium
401774357,2025,12,regular,2025-11-15 18:00:00,Augustana (IL),Washington St. Louis,CCIW,CCIW,13.0,35.0,False,True,Charles D. Lindberg Stadium
401774384,2025,12,regular,2025-11-15 18:00:00,Millikin,Elmhurst,CCIW,CCIW,29.0,22.0,False,True,Frank M. Lindsay Field
401777226,2025,12,regular,2025-11-15 18:00:00,Averett,Roanoke College,Old Dominion,,0.0,1.0,False,False,Daly Field at Frank R. Campbell Stadium
401774319,2025,12,regular,2025-11-15 18:00:00,Kean,Rowan,New Jersey,New Jersey,34.0,47.0,False,True,Kean Alumni Stadium
401777248,2025,12,regular,2025-11-15 18:00:00,Shenandoah,Washington and Lee,Old Dominion,Old Dominion,17.0,14.0,False,True,Shentel Stadium
401833536,2025,12,regular,2025-11-15 18:00:00,North Greenville,UNC Pembroke,Carolinas,Carolinas,34.0,20.0,False,True,Younts Stadium
401767737,2025,12,regular,2025-11-15 18:00:00,Colgate,Lehigh,Patriot,Patriot,7.0,27.0,False,True,Andy Kerr Stadium
401766739,2025,12,regular,2025-11-15 18:00:00,Monmouth (IL),Knox,Midwest,Midwest,69.0,0.0,False,True,April Zorn Memorial Stadium
401767194,2025,12,regular,2025-11-15 18:00:00,Maine,Rhode Island,Coastal Athletic,Coastal Athletic,13.0,45.0,False,True,Alfond Stadium
401767187,2025,12,regular,2025-11-15 18:00:00,Hampton,William & Mary,Coastal Athletic,Coastal Athletic,14.0,55.0,False,True,Armstrong Stadium
401777288,2025,12,regular,2025-11-15 18:00:00,Saint Vincent,Westminster (PA),Presidents',Presidents',14.0,57.0,False,True,Chuck Noll Field
401773935,2025,12,regular,2025-11-15 18:00:00,Lenoir Rhyne,Catawba,South Atlantic,South Atlantic,48.0,46.0,False,True,Helen and Leonard Moretz Stadium
401767695,2025,12,regular,2025-11-15 18:00:00,Dartmouth,Cornell,Ivy,Ivy,24.0,14.0,False,True,Memorial Field
401773303,2025,12,regular,2025-11-15 18:00:00,Alfred,SUNY Morrisville,Empire 8,Empire 8,34.0,21.0,False,True,Merrill Field at Yunevich Stadium
401783910,2025,12,regular,2025-11-15 18:00:00,Springfield,SUNY Maritime,NEWMAC,NEWMAC,23.0,7.0,False,True,Stagg Field
401774071,2025,12,regular,2025-11-15 18:00:00,Franklin & Marshall,Johns Hopkins,Centennial,Centennial,29.0,28.0,False,True,Shadek Stadium
401806686,2025,12,regular,2025-11-15 18:00:00,Augsburg,Hamline,Minnesota,Minnesota,43.0,3.0,False,True,Edor Nelson Field
401774116,2025,12,regular,2025-11-15 18:00:00,Union,Rensselaer,Liberty League,Liberty League,28.0,21.0,False,True,Frank Bailey Field
401773781,2025,12,regular,2025-11-15 18:00:00,Concordia St. Paul,Sioux Falls,Northern Sun,Northern Sun,18.0,34.0,False,True,Sea Foam Stadium
401806932,2025,12,regular,2025-11-15 18:00:00,Lawrence,Ripon,Midwest,Midwest,7.0,48.0,False,True,Ron Roberts Field at the Banta Bowl
401777779,2025,12,regular,2025-11-15 18:00:00,Western New England,Nichols,Commonwealth Coast,Commonwealth Coast,63.0,20.0,False,True,Golden Bear Stadium
401774391,2025,12,regular,2025-11-15 18:00:00,North Park,Wheaton (IL),CCIW,CCIW,6.0,52.0,False,True,Holmgren Athletic Complex
401773503,2025,12,regular,2025-11-15 18:00:00,Kentucky Wesleyan,Thomas More,Great Midwest Athletic,Great Midwest Athletic,11.0,14.0,False,True,Steele Stadium
401756948,2025,12,regular,2025-11-15 18:00:00,Arizona State,West Virginia,Big 12,Big 12,25.0,23.0,False,True,Mountain America Stadium
401777138,2025,12,regular,2025-11-15 18:00:00,Wittenberg,Kenyon,North Coast,North Coast,35.0,0.0,False,True,Edwards-Maurer Field
401773330,2025,12,regular,2025-11-15 18:00:00,Hillsdale,Ohio Dominican,Great Midwest Athletic,Great Midwest Athletic,31.0,14.0,False,True,"Frank ""Muddy"" Waters Stadium"
401777101,2025,12,regular,2025-11-15 18:00:00,Ohio Wesleyan,Oberlin,North Coast,North Coast,35.0,0.0,False,True,Selby Stadium
401777018,2025,12,regular,2025-11-15 18:00:00,Concordia Chicago,Aurora,NACC,NACC,26.0,59.0,False,True,Concordia Stadium
401773750,2025,12,regular,2025-11-15 18:00:00,Minnesota State,Minnesota St Moorhead,Northern Sun,Northern Sun,23.0,31.0,False,True,Blakeslee Stadium
401773826,2025,12,regular,2025-11-15 18:05:00,East Stroudsburg,Clarion,Pennsylvania State Athletic,Pennsylvania State Athletic,42.0,34.0,False,True,Eiler-Martin Stadium
401777084,2025,12,regular,2025-11-15 18:07:00,Wabash,DePauw,North Coast,North Coast,20.0,41.0,False,True,Little Giant Stadium
401774427,2025,12,regular,2025-11-15 18:30:00,Manchester,Anderson (IN),Heartland,Heartland,20.0,26.0,False,True,Carl W. Burt Memorial Stadium
401777182,2025,12,regular,2025-11-15 18:30:00,Baldwin Wallace,Heidelberg,Ohio,Ohio,41.0,38.0,False,True,George Finnie Stadium
401777190,2025,12,regular,2025-11-15 18:30:00,Wilmington (OH),Capital,Ohio,Ohio,27.0,28.0,False,True,Wiliams Stadium (OH)
401774414,2025,12,regular,2025-11-15 18:30:00,Hanover,Franklin,Heartland,Heartland,51.0,18.0,False,True,Alumni Stadium (IN)
401752767,2025,12,regular,2025-11-15 18:30:00,Kentucky,Tennessee Tech,SEC,OVC-Big South,42.0,10.0,False,False,Kroger Field
401777210,2025,12,regular,2025-11-15 18:30:00,Mount Union,Muskingum,Ohio,Ohio,51.0,7.0,False,True,Mount Union Stadium
401774433,2025,12,regular,2025-11-15 18:30:00,Rose Hulman,Mount St Joseph,Heartland,Heartland,0.0,48.0,False,True,Cook Stadium
401774181,2025,12,regular,2025-11-15 19:00:00,Wisconsin Oshkosh,Wisconsin Whitewater,Wisconsin,Wisconsin,7.0,24.0,False,True,J.J. Keller Field at Titan Stadium
401773043,2025,12,regular,2025-11-15 19:00:00,Central College,Coe,American Rivers,American Rivers,7.0,13.0,False,True,Ron and Joyce Schipper Stadium
401777311,2025,12,regular,2025-11-15 19:00:00,Martin Luther,Minnesota Morris,Upper Midwest,Upper Midwest,36.0,14.0,False,True,MLC Bowl
401834132,2025,12,regular,2025-11-15 19:00:00,Kentucky State,Shorter,SIAC,Carolinas,35.0,7.0,False,False,Alumni Stadium (KY)
401783912,2025,12,regular,2025-11-15 19:00:00,Benedictine (IL),Wisconsin Lutheran,NACC,NACC,10.0,14.0,False,True,Village of Lisle-Benedictine University Sports Complex
401767255,2025,12,regular,2025-11-15 19:00:00,Austin Peay,Samford,UAC,Southern,30.0,16.0,False,False,Governors Stadium
401761651,2025,12,regular,2025-11-15 19:00:00,Georgia State,Marshall,Sun Belt,Sun Belt,18.0,30.0,False,True,Center Parc Stadium
401774167,2025,12,regular,2025-11-15 19:00:00,Wisconsin Eau Claire,Wisconsin Platteville,Wisconsin,Wisconsin,28.0,55.0,False,True,Carson Park
401773666,2025,12,regular,2025-11-15 19:00:00,Ferrum,Concord,Carolinas,Mountain East,34.0,56.0,False,False,W.B. Adams Stadium
401773741,2025,12,regular,2025-11-15 19:00:00,Bemidji State,University of Mary,Northern Sun,Northern Sun,34.0,21.0,False,True,Chet Anderson Stadium
401774349,2025,12,regular,2025-11-15 19:00:00,Rhodes,Centre,Southern Athletic,Southern Athletic,3.0,28.0,False,True,Crain Field
401773265,2025,12,regular,2025-11-15 19:00:00,Howard Payne,Mary Hardin Baylor,American Southwest,American Southwest,9.0,65.0,False,True,Gordon Wood Stadium
401767740,2025,12,regular,2025-11-15 19:00:00,Richmond,Lafayette,Patriot,Patriot,28.0,35.0,False,False,E. Claiborne Robins Stadium
401767586,2025,12,regular,2025-11-15 19:00:00,The Citadel,Wofford,Southern,Southern,14.0,16.0,False,True,Johnson Hagood Stadium
401762506,2025,12,regular,2025-11-15 19:00:00,UAB,North Texas,American Athletic,American Athletic,24.0,53.0,False,True,Protective Stadium
401774196,2025,12,regular,2025-11-15 19:00:00,Wisconsin Stout,Wisconsin River Falls,Wisconsin,Wisconsin,19.0,29.0,False,True,Don and Nona Williams Stadium
401774174,2025,12,regular,2025-11-15 19:00:00,Wisconsin Stevens Point,Wisconsin La Crosse,Wisconsin,Wisconsin,0.0,52.0,False,True,Community Stadium at Goerke Park
401773405,2025,12,regular,2025-11-15 19:00:00,Indianapolis,Upper Iowa,Great Lakes,Great Lakes,28.0,21.0,False,True,Key Stadium
401806687,2025,12,regular,2025-11-15 19:00:00,St. Scholastica,Bethel (MN),Minnesota,Minnesota,0.0,62.0,False,True,Public Schools Stadium
401778027,2025,12,regular,2025-11-15 19:00:00,Bridgewater,Guilford,Old Dominion,Old Dominion,1.0,0.0,False,True,Jopson Athletic Complex
401773766,2025,12,regular,2025-11-15 19:00:00,Jamestown,Northern State,Northern Sun,Northern Sun,40.0,46.0,True,False,Charlotte & Gordon Hansen Stadium
401773758,2025,12,regular,2025-11-15 19:00:00,Minot State,Minnesota Duluth,Northern Sun,Northern Sun,7.0,33.0,False,True,Herb Parker Stadium
401773612,2025,12,regular,2025-11-15 19:00:00,Emporia State,Fort Hays,Mid America,Mid America,7.0,13.0,False,True,Francis G. Welch Stadium
401773563,2025,12,regular,2025-11-15 19:00:00,Western New Mexico,Midwestern State,Lone Star,Lone Star,23.0,70.0,False,True,Ben Altamirano Field
401774406,2025,12,regular,2025-11-15 19:00:00,Marietta,Bluffton,Ohio,Heartland,37.0,14.0,False,False,Don Drumm Stadium
401777593,2025,12,regular,2025-11-15 19:00:00,Belhaven,Huntingdon,USA South,USA South,13.0,30.0,False,True,Belhaven Bowl Stadium
401777039,2025,12,regular,2025-11-15 19:00:00,Lakeland,St. Norbert,NACC,NACC,35.0,25.0,False,True,Taylor Field
401773437,2025,12,regular,2025-11-15 19:00:00,Quincy,Southwest Baptist,Great Lakes,Great Lakes,37.0,35.0,False,True,QU Stadium
401774061,2025,12,regular,2025-11-15 19:00:00,Brockport,Utica,Empire 8,Empire 8,20.0,28.0,False,True,Bob Boozer Field
401773899,2025,12,regular,2025-11-15 19:00:00,Fort Lewis,Colorado School of Mines,Rocky Mountain,Rocky Mountain,21.0,55.0,False,True,Ray Dennison Memorial Field
401773774,2025,12,regular,2025-11-15 19:00:00,Wayne State (NE),Augustana (SD),Northern Sun,Northern Sun,38.0,31.0,False,True,"Memorial Stadium (Wayne, NE)"
401773879,2025,12,regular,2025-11-15 19:00:00,South Dakota Mines,Adams State,Rocky Mountain,Rocky Mountain,45.0,21.0,False,True,O'Harra Stadium
401773949,2025,12,regular,2025-11-15 19:00:00,UVA Wise,Emory & Henry,South Atlantic,South Atlantic,13.0,70.0,False,True,Carl Smith Stadium
401773415,2025,12,regular,2025-11-15 19:00:00,William Jewell,Lincoln (MO),Great Lakes,Great Lakes,49.0,13.0,False,True,Liberty North High School
401773164,2025,12,regular,2025-11-15 19:00:00,Wartburg,Buena Vista,American Rivers,American Rivers,63.0,20.0,False,True,Walston-Hoover Stadium
401773375,2025,12,regular,2025-11-15 19:00:00,Ouachita Baptist,Henderson State,Great American,Great American,14.0,41.0,False,True,Cliff Harris Stadium
401773184,2025,12,regular,2025-11-15 19:00:00,Loras,Luther,American Rivers,American Rivers,45.0,12.0,False,True,Rock Bowl
401776781,2025,12,regular,2025-11-15 19:00:00,Alma,Adrian,Michigan,Michigan,35.0,34.0,False,True,Bahlke Field
401767222,2025,12,regular,2025-11-15 19:00:00,Western Illinois,Southeast Missouri State,OVC-Big South,OVC-Big South,17.0,22.0,False,True,Hanson Field
401773528,2025,12,regular,2025-11-15 19:00:00,West Alabama,Northeastern State,Gulf South,Independent DII,20.0,33.0,False,False,Tiger Stadium (AL)
401773626,2025,12,regular,2025-11-15 19:00:00,Missouri Southern State,Washburn,Mid America,Mid America,24.0,29.0,False,True,Fred G. Hughes Stadium
401773257,2025,12,regular,2025-11-15 19:00:00,Hardin Simmons,East Texas Baptist,American Southwest,American Southwest,63.0,14.0,False,True,Shelton Stadium
401767147,2025,12,regular,2025-11-15 19:00:00,Campbell,Elon,Coastal Athletic,Coastal Athletic,24.0,31.0,False,True,Barker-Lane Stadium
401767303,2025,12,regular,2025-11-15 19:00:00,West Georgia,Utah Tech,UAC,UAC,23.0,0.0,False,True,University Stadium (GA)
401774467,2025,12,regular,2025-11-15 19:00:00,Millsaps,Sewanee,Southern Athletic,Southern Athletic,34.0,20.0,False,True,Harper Davis Field
401773193,2025,12,regular,2025-11-15 19:00:00,Nebraska Wesleyan,Simpson (IA),American Rivers,American Rivers,22.0,23.0,False,True,Abel Stadium
401767169,2025,12,regular,2025-11-15 19:00:00,UT Martin,Charleston Southern,OVC-Big South,OVC-Big South,17.0,14.0,False,True,Graham Stadium
401767643,2025,12,regular,2025-11-15 19:00:00,St. Thomas (MN),Presbyterian,Pioneer,Pioneer,9.0,23.0,False,True,O'Shaughnessy Stadium
401767207,2025,12,regular,2025-11-15 19:30:00,Tennessee State,Gardner-Webb,OVC-Big South,OVC-Big South,14.0,30.0,False,True,Nissan Stadium
401773642,2025,12,regular,2025-11-15 19:30:00,Pittsburg State,Northwest Missouri State,Mid America,Mid America,27.0,14.0,True,True,Children's Mercy Park
401773351,2025,12,regular,2025-11-15 20:00:00,Southern Arkansas,Arkansas Monticello,Great American,Great American,49.0,10.0,False,True,Wilkins Stadium
401773893,2025,12,regular,2025-11-15 20:00:00,CSU Pueblo,Chadron State,Rocky Mountain,Rocky Mountain,30.0,27.0,False,True,Neta and Eddie DeRose ThunderBowl
401767200,2025,12,regular,2025-11-15 20:00:00,Lindenwood,Eastern Illinois,OVC-Big South,OVC-Big South,42.0,12.0,False,True,Hunter Stadium
401767387,2025,12,regular,2025-11-15 20:00:00,Prairie View A&M,Arkansas-Pine Bluff,SWAC,SWAC,56.0,9.0,False,True,Panther Stadium
401773969,2025,12,regular,2025-11-15 20:00:00,Wingate,Mars Hill,South Atlantic,South Atlantic,37.0,22.0,False,True,Irwin Belk Stadium
401767457,2025,12,regular,2025-11-15 20:00:00,Southern,Texas Southern,SWAC,SWAC,30.0,35.0,False,True,Ace W. Mumford Stadium
401773915,2025,12,regular,2025-11-15 20:00:00,Western Colorado,Colorado Mesa,Rocky Mountain,Rocky Mountain,42.0,28.0,False,True,Mountaineer Bowl
401767246,2025,12,regular,2025-11-15 20:00:00,Eastern Kentucky,Abilene Christian,UAC,UAC,10.0,17.0,False,True,Roy Kidd Stadium
401767377,2025,12,regular,2025-11-15 20:00:00,Alcorn State,Grambling,SWAC,SWAC,27.0,16.0,False,True,Jack Spinks Stadium
401767444,2025,12,regular,2025-11-15 20:00:00,South Dakota State,Illinois State,MVFC,MVFC,21.0,35.0,False,True,Dana J. Dykhouse Stadium
401845330,2025,12,regular,2025-11-15 20:00:00,Virginia Union,Johnson C. Smith,CIAA,CIAA,21.0,45.0,True,True,Durham County Memorial Stadium
401767357,2025,12,regular,2025-11-15 20:00:00,Alabama A&M,Florida A&M,SWAC,SWAC,23.0,26.0,False,True,Louis Crews Stadium
401833535,2025,12,regular,2025-11-15 20:00:00,Delta State,Kentucky State,Gulf South,SIAC,,,False,False,Parker Field at McCool Stadium
401773886,2025,12,regular,2025-11-15 20:00:00,Black Hills State,New Mexico Highlands,Rocky Mountain,Rocky Mountain,55.0,28.0,False,True,Lyle Hare Stadium
401773523,2025,12,regular,2025-11-15 20:00:00,West Florida,Valdosta State,Gulf South,Gulf South,44.0,47.0,False,True,Pen-Air Field
401773603,2025,12,regular,2025-11-15 20:00:00,Missouri Western,Central Oklahoma,Mid America,Mid America,10.0,54.0,False,True,Craig Field at Spratt Memorial Stadium
401773396,2025,12,regular,2025-11-15 20:00:00,Southern Nazarene,Oklahoma Baptist,Great American,Great American,49.0,19.0,False,True,Southern Nazarene University Football Stadium
401767556,2025,12,regular,2025-11-15 20:00:00,Mercer,Chattanooga,Southern,Southern,63.0,17.0,False,True,Five Star Stadium at the Moye Complex
401767481,2025,12,regular,2025-11-15 20:00:00,Incarnate Word,SE Louisiana,Southland,Southland,7.0,10.0,False,True,Gayle and Tom Benson Stadium
401773554,2025,12,regular,2025-11-15 20:00:00,Eastern New Mexico,Texas A&M-Kingsville,Lone Star,Lone Star,28.0,45.0,False,True,Al Whitehead Field at Greyhound Stadium
401760411,2025,12,regular,2025-11-15 20:00:00,New Mexico,Colorado State,Mountain West,Mountain West,20.0,17.0,False,True,University Stadium (NM)
401773341,2025,12,regular,2025-11-15 20:00:00,Arkansas Tech,Harding,Great American,Great American,13.0,47.0,False,True,Thone Stadium at Buerkle Field
401757304,2025,12,regular,2025-11-15 20:00:00,Missouri State,UTEP,Conference USA,Conference USA,38.0,24.0,False,True,Plaster Sports Complex
401777171,2025,12,regular,2025-11-15 20:00:00,Whitworth,Puget Sound,Northwest,Northwest,59.0,31.0,False,True,The Pine Bowl
401756953,2025,12,regular,2025-11-15 20:30:00,Texas Tech,UCF,Big 12,Big 12,48.0,9.0,False,True,Jones AT&T Stadium
401754595,2025,12,regular,2025-11-15 20:30:00,Miami,NC State,ACC,ACC,41.0,7.0,False,True,Hard Rock Stadium
401754592,2025,12,regular,2025-11-15 20:30:00,Boston College,Georgia Tech,ACC,ACC,34.0,36.0,False,True,"Alumni Stadium (Chestnut Hill, MA)"
401754593,2025,12,regular,2025-11-15 20:30:00,Duke,Virginia,ACC,ACC,17.0,34.0,False,True,Wallace Wade Stadium
401761652,2025,12,regular,2025-11-15 20:30:00,James Madison,App State,Sun Belt,Sun Belt,58.0,10.0,False,True,Bridgeforth Stadium
401752907,2025,12,regular,2025-11-15 20:30:00,USC,Iowa,Big Ten,Big Ten,26.0,21.0,False,True,Los Angeles Memorial Coliseum
401757303,2025,12,regular,2025-11-15 20:30:00,Western Kentucky,Middle Tennessee,Conference USA,Conference USA,42.0,26.0,False,True,Houchens Industries-L.T. Smith Stadium
401760413,2025,12,regular,2025-11-15 20:30:00,Nevada,San José State,Mountain West,Mountain West,55.0,10.0,False,True,Mackay Stadium
401761653,2025,12,regular,2025-11-15 20:30:00,UL Monroe,South Alabama,Sun Belt,Sun Belt,14.0,26.0,False,True,Malone Stadium
401761654,2025,12,regular,2025-11-15 20:30:00,Southern Miss,Texas State,Sun Belt,Sun Belt,14.0,41.0,False,True,M. M. Roberts Stadium
401752903,2025,12,regular,2025-11-15 20:30:00,Michigan State,Penn State,Big Ten,Big Ten,10.0,28.0,False,True,Spartan Stadium
401752765,2025,12,regular,2025-11-15 20:30:00,Alabama,Oklahoma,SEC,SEC,21.0,23.0,False,True,Bryant-Denny Stadium
401752906,2025,12,regular,2025-11-15 20:30:00,Illinois,Maryland,Big Ten,Big Ten,24.0,6.0,False,True,"Memorial Stadium (Champaign, IL)"
401767514,2025,12,regular,2025-11-15 20:30:00,North Dakota State,Northern Iowa,MVFC,MVFC,48.0,16.0,False,True,Fargodome
401777146,2025,12,regular,2025-11-15 21:00:00,Pacific Lutheran,George Fox,Northwest,Northwest,55.0,21.0,False,True,Sparks Stadium
401767600,2025,12,regular,2025-11-15 21:00:00,San Diego,Butler,Pioneer,Pioneer,29.0,7.0,False,True,Torero Stadium
401767519,2025,12,regular,2025-11-15 21:00:00,Nicholls,Northwestern State,Southland,Southland,26.0,21.0,False,True,Manning Field at John L. Guidry Stadium
401767067,2025,12,regular,2025-11-15 21:00:00,Eastern Washington,Northern Colorado,Big Sky,Big Sky,27.0,7.0,False,True,Roos Field
401773381,2025,12,regular,2025-11-15 21:00:00,Northwestern (OK),Southwestern Oklahoma State,Great American,Great American,3.0,45.0,False,True,Ranger Field
401767078,2025,12,regular,2025-11-15 21:00:00,Northern Arizona,Cal Poly,Big Sky,Big Sky,35.0,27.0,False,True,Walkup Skydome
401773422,2025,12,regular,2025-11-15 21:00:00,McKendree,Truman State,Great Lakes,Great Lakes,13.0,45.0,False,True,Leemon Field
401777152,2025,12,regular,2025-11-15 21:00:00,Linfield,Willamette,Northwest,Northwest,65.0,19.0,False,True,Maxwell Field
401762509,2025,12,regular,2025-11-15 21:00:00,Tulane,Florida Atlantic,American Athletic,American Athletic,35.0,24.0,False,True,Yulman Stadium
401834159,2025,12,regular,2025-11-15 21:00:00,Redlands,Pomona Pitzer,So. Cal.,So. Cal.,0.0,12.0,False,True,Ted Runner Stadium
401834155,2025,12,regular,2025-11-15 21:00:00,Hendrix,Lyon,Southern Athletic,Southern Collegiate Athletic,55.0,28.0,True,False,War Memorial Stadium
401762508,2025,12,regular,2025-11-15 21:00:00,East Carolina,Memphis,American Athletic,American Athletic,31.0,27.0,False,True,Dowdy-Ficklen Stadium
401777158,2025,12,regular,2025-11-15 21:00:00,Pacific (OR),Lewis & Clark,Northwest,Northwest,21.0,28.0,False,True,Hanson Stadium
401834157,2025,12,regular,2025-11-15 21:00:00,Chapman,Cal Lutheran,So. Cal.,So. Cal.,27.0,17.0,False,True,Ernie Chapman Stadium
401834160,2025,12,regular,2025-11-15 21:00:00,Allen,Erskine,SIAC,Carolinas,42.0,24.0,False,False,W.C. Hawkins Stadium
401834158,2025,12,regular,2025-11-15 21:00:00,Claremont Mudd Scripps,La Verne,So. Cal.,So. Cal.,5.0,0.0,False,True,Fritz B. Burns Stadium
401773592,2025,12,regular,2025-11-15 21:05:00,Western Oregon,Central Washington,Lone Star,Lone Star,17.0,19.0,False,True,McArthur Field
401752771,2025,12,regular,2025-11-15 21:15:00,Tennessee,New Mexico State,SEC,Conference USA,42.0,9.0,False,False,Neyland Stadium
401754596,2025,12,regular,2025-11-15 21:30:00,Wake Forest,North Carolina,ACC,ACC,28.0,12.0,False,True,Allegacy Federal Credit Union Stadium
401757301,2025,12,regular,2025-11-15 22:00:00,Florida International,Liberty,Conference USA,Conference USA,34.0,27.0,False,True,Pitbull Stadium
401767466,2025,12,regular,2025-11-15 22:00:00,East Texas A&M,Houston Christian,Southland,Southland,37.0,32.0,False,True,Memorial Stadium (Commerce TX)
401767103,2025,12,regular,2025-11-15 22:00:00,Portland State,Montana,Big Sky,Big Sky,17.0,63.0,False,True,Hillsboro Stadium
401767488,2025,12,regular,2025-11-15 22:00:00,Stephen F. Austin,Lamar,Southland,Southland,26.0,15.0,False,True,Homer Bryce Stadium
401767366,2025,12,regular,2025-11-15 22:00:00,Mississippi Valley State,Alabama State,SWAC,SWAC,3.0,41.0,False,True,Rice-Totten Field
401773544,2025,12,regular,2025-11-15 22:00:00,West Texas,Angelo State,Lone Star,Lone Star,45.0,44.0,False,True,Buffalo Stadium
401761650,2025,12,regular,2025-11-15 23:00:00,Georgia Southern,Coastal Carolina,Sun Belt,Sun Belt,45.0,40.0,False,True,Allen E. Paulson Stadium
401834161,2025,12,regular,2025-11-15 23:00:00,Barton,Chowan,Carolinas,Carolinas,6.0,20.0,False,True,Electric Supply Company Field
401767087,2025,12,regular,2025-11-15 23:00:00,Idaho State,Weber State,Big Sky,Big Sky,31.0,3.0,False,True,Holt Arena
401757300,2025,12,regular,2025-11-16 00:00:00,Sam Houston,Delaware,Conference USA,Conference USA,26.0,23.0,True,True,BBVA Compass Stadium
401756949,2025,12,regular,2025-11-16 00:00:00,Baylor,Utah,Big 12,Big 12,28.0,55.0,False,True,McLane Stadium
401752769,2025,12,regular,2025-11-16 00:00:00,Ole Miss,Florida,SEC,SEC,34.0,24.0,False,True,Vaught-Hemingway Stadium
401752902,2025,12,regular,2025-11-16 00:00:00,Washington,Purdue,Big Ten,Big Ten,49.0,13.0,False,True,Husky Stadium
401767290,2025,12,regular,2025-11-16 00:00:00,Tarleton State,North Alabama,UAC,UAC,61.0,0.0,False,True,"Memorial Stadium (Stephenville, TX)"
401760414,2025,12,regular,2025-11-16 00:00:00,UNLV,Utah State,Mountain West,Mountain West,29.0,26.0,False,True,Allegiant Stadium
401767495,2025,12,regular,2025-11-16 00:00:00,McNeese,UT Rio Grande Valley,Southland,Southland,13.0,28.0,False,False,Cowboy Stadium
401752766,2025,12,regular,2025-11-16 00:30:00,Georgia,Texas,SEC,SEC,35.0,10.0,False,True,Sanford Stadium
401752900,2025,12,regular,2025-11-16 00:30:00,Ohio State,UCLA,Big Ten,Big Ten,48.0,10.0,False,True,Ohio Stadium
401754594,2025,12,regular,2025-11-16 00:30:00,Florida State,Virginia Tech,ACC,ACC,34.0,14.0,False,True,Doak Campbell Stadium
401752770,2025,12,regular,2025-11-16 00:45:00,Missouri,Mississippi State,SEC,SEC,49.0,27.0,False,True,Memorial Stadium
401757302,2025,12,regular,2025-11-16 01:00:00,Jacksonville State,Kennesaw State,Conference USA,Conference USA,35.0,26.0,False,True,AmFirst Stadium
401773578,2025,12,regular,2025-11-16 01:00:00,UT Permian Basin,Sul Ross State,Lone Star,Lone Star,74.0,10.0,False,True,Ratliff Stadium
401767296,2025,12,regular,2025-11-16 01:30:00,Southern Utah,Central Arkansas,UAC,UAC,28.0,21.0,False,True,Eccles Coliseum
401834156,2025,12,regular,2025-11-16 02:00:00,Texas Lutheran,McMurry,Southern Collegiate Athletic,Southern Collegiate Athletic,19.0,27.0,True,True,War Memorial Stadium
401767096,2025,12,regular,2025-11-16 02:00:00,Sacramento State,Idaho,Big Sky,Big Sky,23.0,20.0,False,True,Hornet Stadium
401752953,2025,12,regular,2025-11-16 03:00:00,Washington State,Louisiana Tech,Pac-12,Conference USA,28.0,3.0,False,False,Gesa Field
401756950,2025,12,regular,2025-11-16 03:15:00,BYU,TCU,Big 12,Big 12,44.0,13.0,False,True,LaVell Edwards Stadium
401760410,2025,12,regular,2025-11-16 03:30:00,San Diego State,Boise State,Mountain West,Mountain West,17.0,7.0,False,True,Snapdragon Stadium
401767111,2025,12,regular,2025-11-16 03:30:00,Montana State,UC Davis,Big Sky,Big Sky,38.0,17.0,False,True,Bobcat Stadium
401760412,2025,12,regular,2025-11-16 03:30:00,Fresno State,Wyoming,Mountain West,Mountain West,24.0,3.0,False,True,Valley Children's Stadium
401762863,2025,13,regular,2025-11-19 00:00:00,Ohio,Massachusetts,Mid-American,Mid-American,42.0,14.0,False,True,Peden Stadium
401762862,2025,13,regular,2025-11-19 00:00:00,Bowling Green,Akron,Mid-American,Mid-American,16.0,19.0,False,True,Doyt L. Perry Stadium
401762864,2025,13,regular,2025-11-19 00:00:00,Northern Illinois,Western Michigan,Mid-American,Mid-American,19.0,35.0,False,True,Huskie Stadium
401762865,2025,13,regular,2025-11-20 00:00:00,Buffalo,Miami (OH),Mid-American,Mid-American,20.0,37.0,False,True,UB Stadium
401762866,2025,13,regular,2025-11-20 00:00:00,Kent State,Central Michigan,Mid-American,Mid-American,16.0,28.0,False,True,Dix Stadium
401767520,2025,13,regular,2025-11-21 00:00:00,SE Louisiana,Nicholls,Southland,Southland,38.0,26.0,False,True,Strawberry Stadium
401767522,2025,13,regular,2025-11-21 00:30:00,Northwestern State,Stephen F. Austin,Southland,Southland,14.0,62.0,False,True,Harry Turpin Stadium
401761655,2025,13,regular,2025-11-21 00:30:00,Arkansas State,Louisiana,Sun Belt,Sun Belt,30.0,34.0,False,True,Centennial Bank Stadium
401835275,2025,13,regular,2025-11-21 22:00:00,Curry,Merchant Marine,Commonwealth Coast,NEWMAC,24.0,27.0,False,False,Walter M. Katz Field
401754598,2025,13,regular,2025-11-22 01:00:00,NC State,Florida State,ACC,ACC,21.0,11.0,False,True,Carter-Finley Stadium
401760418,2025,13,regular,2025-11-22 03:30:00,UNLV,Hawai'i,Mountain West,Mountain West,38.0,10.0,False,True,Allegiant Stadium
401835277,2025,13,regular,2025-11-22 17:00:00,St. John Fisher,Rensselaer,Empire 8,Liberty League,24.0,35.0,False,False,Growney Stadium
401767678,2025,13,regular,2025-11-22 17:00:00,Brown,Dartmouth,Ivy,Ivy,35.0,28.0,False,True,Brown Stadium
401756958,2025,13,regular,2025-11-22 17:00:00,Iowa State,Kansas,Big 12,Big 12,38.0,14.0,False,True,Jack Trice Stadium
401754606,2025,13,regular,2025-11-22 17:00:00,Wake Forest,Delaware,ACC,Conference USA,52.0,14.0,False,False,Allegacy Federal Credit Union Stadium
401767403,2025,13,regular,2025-11-22 17:00:00,Morgan State,North Carolina Central,MEAC,MEAC,14.0,33.0,False,True,Hughes Stadium
401767139,2025,13,regular,2025-11-22 17:00:00,Stony Brook,Bryant,Coastal Athletic,Coastal Athletic,35.0,28.0,False,True,Kenneth P. LaValle Stadium
401835280,2025,13,regular,2025-11-22 17:00:00,Lycoming,Washington and Lee,Landmark Conference,Old Dominion,12.0,14.0,True,False,Salem Stadium
401767749,2025,13,regular,2025-11-22 17:00:00,Central Connecticut,Mercyhurst,NEC,NEC,35.0,28.0,False,True,Arute Field
401767264,2025,13,regular,2025-11-22 17:00:00,Monmouth,UAlbany,Coastal Athletic,Coastal Athletic,24.0,31.0,False,True,Kessler Stadium
401767708,2025,13,regular,2025-11-22 17:00:00,Yale,Harvard,Ivy,Ivy,45.0,28.0,False,True,Yale Bowl
401767591,2025,13,regular,2025-11-22 17:00:00,VMI,Western Carolina,Southern,Southern,6.0,48.0,False,True,Alumni Memorial Field
401767761,2025,13,regular,2025-11-22 17:00:00,Long Island University,Wagner,NEC,NEC,24.0,17.0,False,True,Bethpage Federal Credit Union Stadium
401762512,2025,13,regular,2025-11-22 17:00:00,Army,Tulsa,American Athletic,American Athletic,25.0,26.0,False,True,Michie Stadium
401835278,2025,13,regular,2025-11-22 17:00:00,Carnegie Mellon,Misericordia,Presidents',Mid Atlantic,24.0,17.0,False,False,Gesling Stadium
401754603,2025,13,regular,2025-11-22 17:00:00,Virginia Tech,Miami,ACC,ACC,17.0,34.0,False,True,Lane Stadium
401754602,2025,13,regular,2025-11-22 17:00:00,SMU,Louisville,ACC,ACC,38.0,6.0,False,True,Gerald J. Ford Stadium
401752909,2025,13,regular,2025-11-22 17:00:00,Northwestern,Minnesota,Big Ten,Big Ten,38.0,35.0,True,True,Wrigley Field
401752781,2025,13,regular,2025-11-22 17:00:00,Texas A&M,Samford,SEC,Southern,48.0,0.0,False,False,Kyle Field
401752778,2025,13,regular,2025-11-22 17:00:00,Oklahoma,Missouri,SEC,SEC,17.0,6.0,False,True,"Memorial Stadium (Norman, OK)"
401752912,2025,13,regular,2025-11-22 17:00:00,Ohio State,Rutgers,Big Ten,Big Ten,42.0,9.0,False,True,Ohio Stadium
401835276,2025,13,regular,2025-11-22 17:00:00,Delaware Valley,Dickinson,Mid Atlantic,Centennial,14.0,13.0,False,False,Robert A. Lipinski Field at James Work Memorial Stadium
401767718,2025,13,regular,2025-11-22 17:00:00,Merrimack,Fordham,FCS Independents,Patriot,27.0,26.0,False,False,Duane Stadium
401835281,2025,13,regular,2025-11-22 17:00:00,Brockport,Geneva,Empire 8,Presidents',46.0,10.0,False,False,Bob Boozer Field
401835279,2025,13,regular,2025-11-22 17:00:00,Illinois College,Aurora,Midwest,NACC,14.0,49.0,True,False,Warrior Field at Raabe Stadium
401767738,2025,13,regular,2025-11-22 17:30:00,Lafayette,Lehigh,Patriot,Patriot,32.0,42.0,False,True,Fisher Field
401752776,2025,13,regular,2025-11-22 17:45:00,Georgia,Charlotte,SEC,American Athletic,35.0,3.0,False,False,Sanford Stadium
401835284,2025,13,regular,2025-11-22 18:00:00,SUNY Maritime,Hobart,NEWMAC,Liberty League,14.0,42.0,False,False,Reinhart Field
401767338,2025,13,regular,2025-11-22 18:00:00,Villanova,Sacred Heart,Coastal Athletic,FCS Independents,34.0,10.0,False,False,Villanova Stadium
401767601,2025,13,regular,2025-11-22 18:00:00,Butler,Valparaiso,Pioneer,Pioneer,27.0,20.0,False,True,Butler Bowl
401835285,2025,13,regular,2025-11-22 18:00:00,Utica,Rowan,Empire 8,New Jersey,20.0,26.0,False,False,Charles A. Gaetano Stadium
401767671,2025,13,regular,2025-11-22 18:00:00,Colgate,Bucknell,Patriot,Patriot,38.0,19.0,False,True,Andy Kerr Stadium
401767696,2025,13,regular,2025-11-22 18:00:00,Cornell,Columbia,Ivy,Ivy,12.0,29.0,False,True,Schoellkopf Field
401788996,2025,13,regular,2025-11-22 18:00:00,Pennsylvania,Princeton,Ivy,Ivy,17.0,6.0,False,True,Franklin Field
401835283,2025,13,regular,2025-11-22 18:00:00,Wabash,Ohio Northern,North Coast,Ohio,32.0,31.0,True,False,Tom Benson Hall of Fame Stadium
401752954,2025,13,regular,2025-11-22 18:00:00,James Madison,Washington State,Sun Belt,Pac-12,24.0,20.0,False,False,Bridgeforth Stadium
401756954,2025,13,regular,2025-11-22 18:00:00,Arizona,Baylor,Big 12,Big 12,41.0,17.0,False,True,Arizona Stadium
401761657,2025,13,regular,2025-11-22 18:00:00,Georgia Southern,Old Dominion,Sun Belt,Sun Belt,10.0,45.0,False,True,Allen E. Paulson Stadium
401835282,2025,13,regular,2025-11-22 18:00:00,Ursinus,Lebanon Valley,Centennial,Mid Atlantic,31.0,13.0,False,False,Patterson Field
401767148,2025,13,regular,2025-11-22 18:00:00,Towson,Campbell,Coastal Athletic,Coastal Athletic,35.0,31.0,False,True,Johnny Unitas Stadium
401767625,2025,13,regular,2025-11-22 18:00:00,Drake,Morehead State,Pioneer,Pioneer,17.0,10.0,False,True,Drake Stadium
401767564,2025,13,regular,2025-11-22 18:00:00,East Tennessee State,The Citadel,Southern,Southern,28.0,26.0,False,True,William B. Greene Jr. Stadium
401767445,2025,13,regular,2025-11-22 18:00:00,Illinois State,Southern Illinois,MVFC,MVFC,7.0,37.0,False,True,Hancock Stadium
401767349,2025,13,regular,2025-11-22 18:00:00,Delaware State,South Carolina State,MEAC,MEAC,17.0,28.0,False,True,Alumni Stadium
401767195,2025,13,regular,2025-11-22 18:00:00,New Hampshire,Maine,Coastal Athletic,Coastal Athletic,33.0,27.0,False,True,Wildcat Stadium
401767770,2025,13,regular,2025-11-22 18:00:00,Stonehill,Saint Francis,NEC,NEC,20.0,10.0,False,True,W.B. Mason Stadium
401767647,2025,13,regular,2025-11-22 18:00:00,Stetson,San Diego,Pioneer,Pioneer,8.0,42.0,False,True,Spec Martin Municipal Stadium
401767633,2025,13,regular,2025-11-22 18:00:00,Presbyterian,Marist,Pioneer,Pioneer,29.0,25.0,False,True,Bailey Memorial Stadium
401767611,2025,13,regular,2025-11-22 18:00:00,Davidson,Dayton,Pioneer,Pioneer,14.0,42.0,False,True,Richardson Stadium
401767453,2025,13,regular,2025-11-22 18:00:00,Indiana State,Murray State,MVFC,MVFC,17.0,31.0,False,True,Memorial Stadium
401767367,2025,13,regular,2025-11-22 18:00:00,Alabama State,Arkansas-Pine Bluff,SWAC,SWAC,44.0,13.0,False,True,Hornet Stadium
401767340,2025,13,regular,2025-11-22 18:00:00,William & Mary,Richmond,Coastal Athletic,Patriot,21.0,28.0,False,True,Zable Stadium
401767234,2025,13,regular,2025-11-22 18:00:00,Tennessee Tech,UT Martin,OVC-Big South,OVC-Big South,20.0,17.0,False,True,Tucker Stadium
401767188,2025,13,regular,2025-11-22 18:00:00,Rhode Island,Hampton,Coastal Athletic,Coastal Athletic,38.0,10.0,False,True,Meade Stadium
401767208,2025,13,regular,2025-11-22 18:30:00,Gardner-Webb,Western Illinois,OVC-Big South,OVC-Big South,24.0,29.0,False,True,Ernest W. Spangler Stadium
401767557,2025,13,regular,2025-11-22 18:30:00,Wofford,Chattanooga,Southern,Southern,35.0,13.0,False,True,Gibbs Stadium
401767291,2025,13,regular,2025-11-22 19:00:00,North Alabama,Southern Utah,UAC,UAC,34.0,36.0,False,True,Braly Municipal Stadium
401767170,2025,13,regular,2025-11-22 19:00:00,Charleston Southern,Tennessee State,OVC-Big South,OVC-Big South,7.0,6.0,False,True,Buccaneer Field
401760419,2025,13,regular,2025-11-22 19:00:00,Wyoming,Nevada,Mountain West,Mountain West,7.0,13.0,False,True,War Memorial Stadium
401752773,2025,13,regular,2025-11-22 19:00:00,Alabama,Eastern Illinois,SEC,OVC-Big South,56.0,0.0,False,False,Bryant-Denny Stadium
401757306,2025,13,regular,2025-11-22 19:00:00,Kennesaw State,Missouri State,Conference USA,Conference USA,41.0,34.0,False,True,Fifth Third Stadium
401767756,2025,13,regular,2025-11-22 19:00:00,Robert Morris,Duquesne,NEC,NEC,17.0,20.0,False,True,Joe Walton Stadium
401767508,2025,13,regular,2025-11-22 19:00:00,North Dakota,South Dakota State,MVFC,MVFC,31.0,34.0,False,True,Alerus Center
401767215,2025,13,regular,2025-11-22 19:00:00,Southeast Missouri State,Lindenwood,OVC-Big South,OVC-Big South,13.0,30.0,False,True,Houck Field
401767104,2025,13,regular,2025-11-22 19:00:00,Montana,Montana State,Big Sky,Big Sky,28.0,31.0,False,True,Washington-Grizzly Stadium
401767178,2025,13,regular,2025-11-22 19:00:00,Elon,North Carolina A&T,Coastal Athletic,Coastal Athletic,55.0,17.0,False,True,Rhodes Stadium
401762867,2025,13,regular,2025-11-22 19:00:00,Toledo,Ball State,Mid-American,Mid-American,38.0,9.0,False,True,Glass Bowl
401767540,2025,13,regular,2025-11-22 19:00:00,Northern Iowa,Youngstown State,MVFC,MVFC,32.0,35.0,False,True,UNI-Dome
401767125,2025,13,regular,2025-11-22 19:00:00,Northern Colorado,Portland State,Big Sky,Big Sky,24.0,13.0,False,True,Nottingham Field
401752774,2025,13,regular,2025-11-22 19:00:00,Auburn,Mercer,SEC,Southern,62.0,17.0,False,False,Jordan-Hare Stadium
401761656,2025,13,regular,2025-11-22 19:30:00,App State,Marshall,Sun Belt,Sun Belt,26.0,24.0,False,True,Kidd Brewer Stadium
401757175,2025,13,regular,2025-11-22 20:00:00,Florida Atlantic,UConn,American Athletic,FBS Independents,45.0,48.0,False,False,FAU Stadium
401767475,2025,13,regular,2025-11-22 20:00:00,Houston Christian,Incarnate Word,Southland,Southland,10.0,31.0,False,True,Husky Stadium
401767118,2025,13,regular,2025-11-22 20:00:00,Weber State,Northern Arizona,Big Sky,Big Sky,48.0,28.0,False,True,Stewart Stadium
401757307,2025,13,regular,2025-11-22 20:00:00,Louisiana Tech,Liberty,Conference USA,Conference USA,34.0,28.0,False,True,Joe Aillet Stadium
401835286,2025,13,regular,2025-11-22 20:00:00,Wisconsin Stout,Washington St. Louis,Wisconsin,CCIW,31.0,23.0,True,False,Bank of Sun Prairie Stadium
401767358,2025,13,regular,2025-11-22 20:00:00,Texas Southern,Alabama A&M,SWAC,SWAC,24.0,7.0,False,True,BBVA Compass Stadium
401767430,2025,13,regular,2025-11-22 20:00:00,Prairie View A&M,Mississippi Valley State,SWAC,SWAC,59.0,6.0,False,True,Panther Stadium
401762511,2025,13,regular,2025-11-22 20:00:00,UAB,South Florida,American Athletic,American Athletic,18.0,48.0,False,True,Protective Stadium
401757309,2025,13,regular,2025-11-22 20:00:00,UTEP,New Mexico State,Conference USA,Conference USA,31.0,34.0,False,True,Sun Bowl
401757308,2025,13,regular,2025-11-22 20:00:00,Middle Tennessee,Sam Houston,Conference USA,Conference USA,31.0,17.0,False,True,"Johnny ""Red"" Floyd Stadium"
401761658,2025,13,regular,2025-11-22 20:30:00,South Alabama,Southern Miss,Sun Belt,Sun Belt,42.0,35.0,False,True,Hancock Whitney Stadium
401767394,2025,13,regular,2025-11-22 20:30:00,Florida A&M,Bethune-Cookman,SWAC,SWAC,34.0,38.0,True,True,Camping World Stadium
401754604,2025,13,regular,2025-11-22 20:30:00,Notre Dame,Syracuse,FBS Independents,ACC,70.0,7.0,False,False,Notre Dame Stadium
401757305,2025,13,regular,2025-11-22 20:30:00,Florida International,Jacksonville State,Conference USA,Conference USA,27.0,21.0,False,True,Pitbull Stadium
401762513,2025,13,regular,2025-11-22 20:30:00,UTSA,East Carolina,American Athletic,American Athletic,58.0,24.0,False,True,Alamodome
401767397,2025,13,regular,2025-11-22 20:30:00,Howard,Norfolk State,MEAC,MEAC,44.0,15.0,True,True,Audi Field
401752913,2025,13,regular,2025-11-22 20:30:00,Iowa,Michigan State,Big Ten,Big Ten,20.0,17.0,False,True,Kinnick Stadium
401752911,2025,13,regular,2025-11-22 20:30:00,Oregon,USC,Big Ten,Big Ten,42.0,27.0,False,True,Autzen Stadium
401752782,2025,13,regular,2025-11-22 20:30:00,Vanderbilt,Kentucky,SEC,SEC,45.0,17.0,False,True,FirstBank Stadium
401752780,2025,13,regular,2025-11-22 20:30:00,Texas,Arkansas,SEC,SEC,52.0,37.0,False,True,DKR-Texas Memorial Stadium
401767378,2025,13,regular,2025-11-22 20:30:00,Alcorn State,Jackson State,SWAC,SWAC,21.0,27.0,False,True,Mississippi Veterans Memorial Stadium
401754600,2025,13,regular,2025-11-22 20:30:00,North Carolina,Duke,ACC,ACC,25.0,32.0,False,True,Kenan Stadium
401767515,2025,13,regular,2025-11-22 20:30:00,North Dakota State,St. Thomas (MN),MVFC,Pioneer,62.0,7.0,False,False,Fargodome
401762515,2025,13,regular,2025-11-22 20:45:00,Temple,Tulane,American Athletic,American Athletic,13.0,37.0,False,True,Lincoln Financial Field
401835287,2025,13,regular,2025-11-22 21:00:00,Shenandoah,Wilkes,Old Dominion,Landmark Conference,35.0,37.0,True,False,Salem Stadium
401767284,2025,13,regular,2025-11-22 21:00:00,Utah Tech,Eastern Kentucky,UAC,UAC,10.0,33.0,False,True,Greater Zion Stadium
401767088,2025,13,regular,2025-11-22 21:00:00,Idaho,Idaho State,Big Sky,Big Sky,16.0,37.0,False,True,Kibbie Dome
401752914,2025,13,regular,2025-11-22 21:00:00,Maryland,Michigan,Big Ten,Big Ten,20.0,45.0,False,True,SECU Stadium
401767489,2025,13,regular,2025-11-22 21:00:00,Lamar,McNeese,Southland,Southland,19.0,21.0,False,True,Provost Umphrey Stadium
401767725,2025,13,regular,2025-11-22 21:00:00,Holy Cross,Georgetown,Patriot,Patriot,42.0,7.0,True,True,Fenway Park
401761660,2025,13,regular,2025-11-22 21:00:00,Troy,Georgia State,Sun Belt,Sun Belt,31.0,19.0,False,True,Veterans Memorial Stadium (AL)
401767134,2025,13,regular,2025-11-22 21:00:00,UC Davis,Sacramento State,Big Sky,Big Sky,31.0,27.0,False,True,Aggie Stadium
401756959,2025,13,regular,2025-11-22 21:00:00,UCF,Oklahoma State,Big 12,Big 12,17.0,14.0,False,True,FBC Mortgage Stadium
401756957,2025,13,regular,2025-11-22 21:00:00,Houston,TCU,Big 12,Big 12,14.0,17.0,False,True,TDECU Stadium
401756960,2025,13,regular,2025-11-22 21:00:00,Utah,Kansas State,Big 12,Big 12,51.0,47.0,False,True,Rice-Eccles Stadium
401752779,2025,13,regular,2025-11-22 21:15:00,South Carolina,Coastal Carolina,SEC,Sun Belt,51.0,7.0,False,False,Williams-Brice Stadium
401754605,2025,13,regular,2025-11-22 21:30:00,Clemson,Furman,ACC,Southern,45.0,10.0,False,False,"Memorial Stadium (Clemson, SC)"
401767247,2025,13,regular,2025-11-22 22:00:00,Central Arkansas,Abilene Christian,UAC,UAC,28.0,49.0,False,True,Estes Stadium
401767068,2025,13,regular,2025-11-22 22:00:00,Cal Poly,Eastern Washington,Big Sky,Big Sky,43.0,34.0,False,True,Alex G. Spanos Stadium
401761659,2025,13,regular,2025-11-22 22:00:00,Texas State,UL Monroe,Sun Belt,Sun Belt,31.0,14.0,False,True,Bobcat Stadium (TX)
401767276,2025,13,regular,2025-11-22 22:00:00,Tarleton State,Austin Peay,UAC,UAC,45.0,44.0,False,True,"Memorial Stadium (Stephenville, TX)"
401835288,2025,13,regular,2025-11-22 23:00:00,Westminster (PA),Mount St Joseph,Presidents',Heartland,40.0,21.0,True,False,Tom Benson Hall of Fame Stadium
401767467,2025,13,regular,2025-11-22 23:00:00,UT Rio Grande Valley,East Texas A&M,Southland,Southland,33.0,14.0,False,False,Robert and Janet Vackar Stadium
401760416,2025,13,regular,2025-11-23 00:00:00,Boise State,Colorado State,Mountain West,Mountain West,49.0,21.0,False,True,Albertsons Stadium
401760415,2025,13,regular,2025-11-23 00:00:00,Air Force,New Mexico,Mountain West,Mountain West,3.0,20.0,False,True,Falcon Stadium
401752908,2025,13,regular,2025-11-23 00:00:00,Penn State,Nebraska,Big Ten,Big Ten,37.0,10.0,False,True,Beaver Stadium
401754601,2025,13,regular,2025-11-23 00:00:00,Georgia Tech,Pittsburgh,ACC,ACC,28.0,42.0,False,True,Bobby Dodd Stadium
401752775,2025,13,regular,2025-11-23 00:30:00,Florida,Tennessee,SEC,SEC,11.0,31.0,False,True,Ben Hill Griffin Stadium
401762514,2025,13,regular,2025-11-23 00:30:00,Rice,North Texas,American Athletic,American Athletic,24.0,56.0,False,True,Rice Stadium
401754599,2025,13,regular,2025-11-23 00:30:00,Stanford,California,ACC,ACC,31.0,10.0,False,True,Stanford Stadium
401752915,2025,13,regular,2025-11-23 00:30:00,Wisconsin,Illinois,Big Ten,Big Ten,27.0,10.0,False,True,Camp Randall Stadium
401752777,2025,13,regular,2025-11-23 00:45:00,LSU,Western Kentucky,SEC,Conference USA,13.0,10.0,False,False,Tiger Stadium (LA)
401756956,2025,13,regular,2025-11-23 01:00:00,Colorado,Arizona State,Big 12,Big 12,17.0,42.0,False,True,Folsom Field
401756955,2025,13,regular,2025-11-23 01:00:00,Cincinnati,BYU,Big 12,Big 12,14.0,26.0,False,True,Nippert Stadium
401760420,2025,13,regular,2025-11-23 03:30:00,San Diego State,San José State,Mountain West,Mountain West,25.0,3.0,False,True,Snapdragon Stadium
401760417,2025,13,regular,2025-11-23 03:30:00,Fresno State,Utah State,Mountain West,Mountain West,17.0,28.0,False,True,Valley Children's Stadium
401752910,2025,13,regular,2025-11-23 03:30:00,UCLA,Washington,Big Ten,Big Ten,14.0,48.0,False,True,Rose Bowl
401762868,2025,14,regular,2025-11-25 21:30:00,Massachusetts,Bowling Green,Mid-American,Mid-American,14.0,45.0,False,True,Warren McGuirk Alumni Stadium
401762869,2025,14,regular,2025-11-26 00:30:00,Eastern Michigan,Western Michigan,Mid-American,Mid-American,21.0,31.0,False,True,Rynearson Stadium
401767368,2025,14,regular,2025-11-27 20:00:00,Alabama State,Tuskegee,SWAC,SIAC,58.0,21.0,False,False,Hornet Stadium
401762516,2025,14,regular,2025-11-28 00:30:00,Memphis,Navy,American Athletic,American Athletic,17.0,28.0,False,True,Simmons Bank Liberty Stadium
401762870,2025,14,regular,2025-11-28 17:00:00,Buffalo,Ohio,Mid-American,Mid-American,26.0,31.0,False,True,UB Stadium
401762871,2025,14,regular,2025-11-28 17:00:00,Northern Illinois,Kent State,Mid-American,Mid-American,31.0,35.0,False,True,Huskie Stadium
401752916,2025,14,regular,2025-11-28 17:00:00,Nebraska,Iowa,Big Ten,Big Ten,16.0,40.0,False,True,"Memorial Stadium (Lincoln, NE)"
401756964,2025,14,regular,2025-11-28 17:00:00,Kansas,Utah,Big 12,Big 12,21.0,31.0,False,True,Memorial Stadium
401752788,2025,14,regular,2025-11-28 17:00:00,Mississippi State,Ole Miss,SEC,SEC,19.0,38.0,False,True,Davis Wade Stadium
401760421,2025,14,regular,2025-11-28 20:00:00,Colorado State,Air Force,Mountain West,Mountain West,21.0,42.0,False,True,Canvas Stadium
401762442,2025,14,regular,2025-11-28 20:30:00,North Texas,Temple,American Athletic,American Athletic,52.0,25.0,False,True,DATCU Stadium
401752786,2025,14,regular,2025-11-28 20:30:00,Georgia Tech,Georgia,ACC,SEC,9.0,16.0,True,False,Mercedes-Benz Stadium
401760426,2025,14,regular,2025-11-28 20:30:00,New Mexico,San Diego State,Mountain West,Mountain West,23.0,17.0,False,True,University Stadium (NM)
401760422,2025,14,regular,2025-11-28 21:00:00,Utah State,Boise State,Mountain West,Mountain West,24.0,25.0,False,True,Maverik Stadium
401752924,2025,14,regular,2025-11-29 00:30:00,Purdue,Indiana,Big Ten,Big Ten,3.0,56.0,False,True,Ross-Ade Stadium
401752792,2025,14,regular,2025-11-29 00:30:00,Texas,Texas A&M,SEC,SEC,27.0,17.0,False,True,DKR-Texas Memorial Stadium
401756961,2025,14,regular,2025-11-29 02:00:00,Arizona State,Arizona,Big 12,Big 12,7.0,23.0,False,True,Mountain America Stadium
401754611,2025,14,regular,2025-11-29 17:00:00,Pittsburgh,Miami,ACC,ACC,7.0,38.0,False,True,Acrisure Stadium
401762519,2025,14,regular,2025-11-29 17:00:00,Florida Atlantic,East Carolina,American Athletic,American Athletic,3.0,42.0,False,True,FAU Stadium
401756966,2025,14,regular,2025-11-29 17:00:00,Oklahoma State,Iowa State,Big 12,Big 12,13.0,20.0,False,True,Boone Pickens Stadium
401756965,2025,14,regular,2025-11-29 17:00:00,Kansas State,Colorado,Big 12,Big 12,24.0,14.0,False,True,Bill Snyder Family Stadium
401756962,2025,14,regular,2025-11-29 17:00:00,Baylor,Houston,Big 12,Big 12,24.0,31.0,False,True,McLane Stadium
401836017,2025,14,regular,2025-11-29 17:00:00,Berry,LaGrange,Southern Athletic,USA South,18.0,14.0,False,False,Valhalla Stadium
401833975,2025,14,regular,2025-11-29 17:00:00,Youngstown State,Yale,MVFC,Ivy,42.0,43.0,False,False,Stambaugh Stadium
401836055,2025,14,regular,2025-11-29 17:00:00,Villanova,Harvard,Coastal Athletic,Ivy,52.0,7.0,False,False,Villanova Stadium
401836102,2025,14,regular,2025-11-29 17:00:00,Rhode Island,Central Connecticut,Coastal Athletic,NEC,27.0,19.0,False,False,Meade Stadium
401836015,2025,14,regular,2025-11-29 17:00:00,Mount Union,Muhlenberg,Ohio,Centennial,49.0,7.0,False,False,Mount Union Stadium
401836035,2025,14,regular,2025-11-29 17:00:00,Kutztown,Assumption,Pennsylvania State Athletic,Northeast 10,56.0,19.0,False,False,Andre Reed Stadium
401836018,2025,14,regular,2025-11-29 17:00:00,Christopher Newport,Susquehanna,New Jersey,Landmark Conference,28.0,42.0,False,False,TowneBank Stadium
401836021,2025,14,regular,2025-11-29 17:00:00,Johns Hopkins,Springfield,Centennial,NEWMAC,34.0,14.0,False,False,Homewood Field
401836037,2025,14,regular,2025-11-29 17:00:00,California (PA),Frostburg State,Pennsylvania State Athletic,Mountain East,21.0,23.0,False,False,Adamson Stadium
401752787,2025,14,regular,2025-11-29 17:00:00,Louisville,Kentucky,ACC,SEC,41.0,0.0,False,False,L&N Federal Credit Union Stadium
401762875,2025,14,regular,2025-11-29 17:00:00,Miami (OH),Ball State,Mid-American,Mid-American,45.0,24.0,False,True,Yager Stadium
401762872,2025,14,regular,2025-11-29 17:00:00,Central Michigan,Toledo,Mid-American,Mid-American,3.0,21.0,False,True,Kelly/Shorts Stadium
401756968,2025,14,regular,2025-11-29 17:00:00,West Virginia,Texas Tech,Big 12,Big 12,0.0,49.0,False,True,Milan Puskar Stadium
401752921,2025,14,regular,2025-11-29 17:00:00,Michigan,Ohio State,Big Ten,Big Ten,9.0,27.0,False,True,Michigan Stadium
401752790,2025,14,regular,2025-11-29 17:00:00,South Carolina,Clemson,SEC,ACC,14.0,28.0,False,False,Williams-Brice Stadium
401757310,2025,14,regular,2025-11-29 18:00:00,Delaware,UTEP,Conference USA,Conference USA,61.0,31.0,False,True,Delaware Stadium
401836195,2025,14,regular,2025-11-29 18:00:00,South Dakota,Drake,MVFC,Pioneer,38.0,17.0,False,False,DakotaDome
401836095,2025,14,regular,2025-11-29 18:00:00,SE Louisiana,Illinois State,Southland,MVFC,3.0,21.0,False,False,Strawberry Stadium
401836116,2025,14,regular,2025-11-29 18:00:00,South Dakota State,New Hampshire,MVFC,Coastal Athletic,41.0,3.0,False,False,Dana J. Dykhouse Stadium
401833969,2025,14,regular,2025-11-29 18:00:00,Abilene Christian,Lamar,UAC,Southland,38.0,20.0,False,False,Wildcat Stadium (TX)
401836041,2025,14,regular,2025-11-29 18:00:00,Albany State,Benedict,SIAC,SIAC,14.0,12.0,False,True,Albany State University Coliseum
401836036,2025,14,regular,2025-11-29 18:00:00,Ferris State,Ashland,GLIAC,Great Midwest Athletic,56.0,24.0,False,False,Top Taggart Field
401836075,2025,14,regular,2025-11-29 18:00:00,Wisconsin River Falls,Chapman,Wisconsin,So. Cal.,58.0,7.0,False,False,David Smith Stadium at Ramer Field
401836115,2025,14,regular,2025-11-29 18:00:00,Tennessee Tech,North Dakota,OVC-Big South,MVFC,6.0,31.0,False,False,Tucker Stadium
401836016,2025,14,regular,2025-11-29 18:00:00,Wartburg,Wheaton (IL),American Rivers,CCIW,24.0,28.0,False,False,Walston-Hoover Stadium
401836019,2025,14,regular,2025-11-29 18:00:00,North Central College,Hanover,CCIW,Heartland,38.0,6.0,False,False,Benedetti-Wehrli Stadium
401836020,2025,14,regular,2025-11-29 18:00:00,Bethel (MN),Coe,Minnesota,American Rivers,51.0,26.0,False,False,Royal Stadium
401756963,2025,14,regular,2025-11-29 18:00:00,BYU,UCF,Big 12,Big 12,41.0,21.0,False,True,LaVell Edwards Stadium
401757311,2025,14,regular,2025-11-29 18:00:00,Sam Houston,Florida International,Conference USA,Conference USA,16.0,56.0,True,True,BBVA Compass Stadium
401761663,2025,14,regular,2025-11-29 18:30:00,Marshall,Georgia Southern,Sun Belt,Sun Belt,19.0,24.0,False,True,Joan C. Edwards Stadium
401761664,2025,14,regular,2025-11-29 19:00:00,Old Dominion,Georgia State,Sun Belt,Sun Belt,27.0,10.0,False,True,S.B. Ballard Stadium
401836038,2025,14,regular,2025-11-29 19:00:00,Indianapolis,Minnesota State,Great Lakes,Northern Sun,27.0,35.0,False,False,Key Stadium
401757314,2025,14,regular,2025-11-29 19:00:00,Missouri State,Louisiana Tech,Conference USA,Conference USA,30.0,42.0,False,True,Plaster Sports Complex
401757312,2025,14,regular,2025-11-29 19:00:00,Jacksonville State,Western Kentucky,Conference USA,Conference USA,37.0,34.0,False,True,AmFirst Stadium
401836039,2025,14,regular,2025-11-29 19:00:00,Harding,Pittsburg State,Great American,Mid America,37.0,21.0,False,False,First Security Stadium
401836040,2025,14,regular,2025-11-29 19:00:00,West Florida,Newberry,Gulf South,South Atlantic,17.0,24.0,False,False,Pen-Air Field
401767420,2025,14,regular,2025-11-29 19:00:00,Southern,Grambling,SWAC,SWAC,28.0,27.0,True,True,Caesars Superdome
401761661,2025,14,regular,2025-11-29 19:30:00,App State,Arkansas State,Sun Belt,Sun Belt,29.0,30.0,False,True,Kidd Brewer Stadium
401767428,2025,14,regular,2025-11-29 20:00:00,Mississippi Valley State,Florida A&M,SWAC,SWAC,35.0,31.0,False,True,Rice-Totten Field
401757315,2025,14,regular,2025-11-29 20:00:00,New Mexico State,Middle Tennessee,Conference USA,Conference USA,24.0,31.0,False,True,Aggie Memorial Stadium
401762517,2025,14,regular,2025-11-29 20:00:00,Tulsa,UAB,American Athletic,American Athletic,24.0,31.0,False,True,Chapman Stadium
401761665,2025,14,regular,2025-11-29 20:00:00,Louisiana,UL Monroe,Sun Belt,Sun Belt,30.0,27.0,False,True,Cajun Field
401761667,2025,14,regular,2025-11-29 20:00:00,Texas State,South Alabama,Sun Belt,Sun Belt,49.0,26.0,False,True,Bobcat Stadium (TX)
401836155,2025,14,regular,2025-11-29 20:00:00,UT Permian Basin,Western Colorado,Lone Star,Rocky Mountain,21.0,15.0,False,False,Mountaineer Bowl
401754608,2025,14,regular,2025-11-29 20:00:00,Syracuse,Boston College,ACC,ACC,12.0,34.0,False,True,JMA Wireless Dome
401754610,2025,14,regular,2025-11-29 20:30:00,Duke,Wake Forest,ACC,ACC,49.0,32.0,False,True,Wallace Wade Stadium
401756967,2025,14,regular,2025-11-29 20:30:00,TCU,Cincinnati,Big 12,Big 12,45.0,23.0,False,True,Amon G. Carter Stadium
401752917,2025,14,regular,2025-11-29 20:30:00,Washington,Oregon,Big Ten,Big Ten,14.0,26.0,False,True,Husky Stadium
401752791,2025,14,regular,2025-11-29 20:30:00,Tennessee,Vanderbilt,SEC,SEC,24.0,45.0,False,True,Neyland Stadium
401762441,2025,14,regular,2025-11-29 20:30:00,UTSA,Army,American Athletic,American Athletic,24.0,27.0,False,True,Alamodome
401752920,2025,14,regular,2025-11-29 20:30:00,Rutgers,Penn State,Big Ten,Big Ten,36.0,40.0,False,True,SHI Stadium
401752918,2025,14,regular,2025-11-29 20:30:00,Minnesota,Wisconsin,Big Ten,Big Ten,17.0,7.0,False,True,Huntington Bank Stadium
401752789,2025,14,regular,2025-11-29 20:30:00,Oklahoma,LSU,SEC,SEC,17.0,13.0,False,True,"Memorial Stadium (Norman, OK)"
401752783,2025,14,regular,2025-11-29 20:30:00,Arkansas,Missouri,SEC,SEC,17.0,31.0,False,True,Razorback Stadium
401761666,2025,14,regular,2025-11-29 20:30:00,Southern Miss,Troy,Sun Belt,Sun Belt,18.0,28.0,False,True,M. M. Roberts Stadium
401757313,2025,14,regular,2025-11-29 20:30:00,Liberty,Kennesaw State,Conference USA,Conference USA,42.0,48.0,False,True,Williams Stadium (VA)
401761662,2025,14,regular,2025-11-29 20:45:00,Coastal Carolina,James Madison,Sun Belt,Sun Belt,10.0,59.0,False,True,Brooks Stadium (SC)
401752785,2025,14,regular,2025-11-29 21:30:00,Florida,Florida State,SEC,ACC,40.0,21.0,False,False,Ben Hill Griffin Stadium
401752946,2025,14,regular,2025-11-29 23:30:00,Washington State,Oregon State,Pac-12,Pac-12,32.0,8.0,False,True,Gesa Field
401752923,2025,14,regular,2025-11-30 00:00:00,Michigan State,Maryland,Big Ten,Big Ten,38.0,28.0,True,True,Ford Field
401762520,2025,14,regular,2025-11-30 00:00:00,South Florida,Rice,American Athletic,American Athletic,52.0,3.0,False,True,Raymond James Stadium
401754613,2025,14,regular,2025-11-30 00:00:00,Virginia,Virginia Tech,ACC,ACC,27.0,7.0,False,True,Scott Stadium
401754612,2025,14,regular,2025-11-30 00:30:00,NC State,North Carolina,ACC,ACC,42.0,19.0,False,True,Carter-Finley Stadium
401752922,2025,14,regular,2025-11-30 00:30:00,Illinois,Northwestern,Big Ten,Big Ten,20.0,13.0,False,True,"Memorial Stadium (Champaign, IL)"
401762518,2025,14,regular,2025-11-30 00:30:00,Tulane,Charlotte,American Athletic,American Athletic,27.0,0.0,False,True,Yulman Stadium
401752784,2025,14,regular,2025-11-30 00:30:00,Auburn,Alabama,SEC,SEC,20.0,27.0,False,True,Jordan-Hare Stadium
401752919,2025,14,regular,2025-11-30 00:30:00,USC,UCLA,Big Ten,Big Ten,29.0,10.0,False,True,Los Angeles Memorial Coliseum
401754609,2025,14,regular,2025-11-30 01:00:00,California,SMU,ACC,ACC,38.0,35.0,False,True,California Memorial Stadium
401760425,2025,14,regular,2025-11-30 02:00:00,Nevada,UNLV,Mountain West,Mountain West,17.0,42.0,False,True,Mackay Stadium
401760423,2025,14,regular,2025-11-30 03:30:00,San José State,Fresno State,Mountain West,Mountain West,14.0,41.0,False,True,CEFCU Stadium
401754614,2025,14,regular,2025-11-30 03:30:00,Stanford,Notre Dame,ACC,FBS Independents,20.0,49.0,False,False,Stanford Stadium
401760424,2025,14,regular,2025-11-30 04:00:00,Hawai'i,Wyoming,Mountain West,Mountain West,27.0,7.0,False,True,Clarence T.C. Ching Athletics Complex
401777352,2025,15,regular,2025-12-06 00:00:00,James Madison,Troy,Sun Belt,Sun Belt,31.0,14.0,False,False,Bridgeforth Stadium
401777325,2025,15,regular,2025-12-06 00:00:00,Jacksonville State,Kennesaw State,Conference USA,Conference USA,15.0,19.0,False,False,AmFirst Stadium
401777326,2025,15,regular,2025-12-06 01:00:00,Boise State,UNLV,Mountain West,Mountain West,38.0,21.0,False,False,Albertsons Stadium
401777324,2025,15,regular,2025-12-06 01:00:00,Tulane,North Texas,American Athletic,American Athletic,34.0,21.0,False,False,Yulman Stadium
401836850,2025,15,regular,2025-12-06 17:00:00,Mount Union,John Carroll,Ohio,Ohio,7.0,10.0,False,False,Mount Union Stadium
401837095,2025,15,regular,2025-12-06 17:00:00,Johns Hopkins,Salisbury,Centennial,New Jersey,45.0,13.0,False,False,Homewood Field
401837035,2025,15,regular,2025-12-06 17:00:00,Kutztown,Frostburg State,Pennsylvania State Athletic,Mountain East,51.0,29.0,False,False,Andre Reed Stadium
401837096,2025,15,regular,2025-12-06 17:00:00,Susquehanna,Eastern,Landmark Conference,Mid Atlantic,29.0,0.0,False,False,O'Hara Field
401777329,2025,15,regular,2025-12-06 17:00:00,Western Michigan,Miami (OH),Mid-American,Mid-American,23.0,13.0,True,False,Ford Field
401837097,2025,15,regular,2025-12-06 17:00:00,Trinity (TX),Berry,Southern Athletic,Southern Athletic,23.0,31.0,False,False,Valhalla Stadium
401836218,2025,15,regular,2025-12-06 17:00:00,Mercer,South Dakota,Southern,MVFC,0.0,47.0,False,False,Five Star Stadium at the Moye Complex
401833978,2025,15,regular,2025-12-06 17:00:00,Lehigh,Villanova,Patriot,Coastal Athletic,7.0,14.0,False,False,Goodman Stadium
401777327,2025,15,regular,2025-12-06 17:00:00,Texas Tech,BYU,Big 12,Big 12,34.0,7.0,True,False,AT&T Stadium
401836851,2025,15,regular,2025-12-06 17:00:00,DePauw,Wheaton (IL),North Coast,CCIW,24.0,49.0,False,False,Blackstock Stadium
401837055,2025,15,regular,2025-12-06 18:00:00,Ferris State,Minnesota State,GLIAC,Northern Sun,52.0,29.0,False,False,Top Taggart Field
401836198,2025,15,regular,2025-12-06 18:00:00,North Dakota State,Illinois State,MVFC,MVFC,28.0,29.0,False,False,Fargodome
401836853,2025,15,regular,2025-12-06 18:00:00,North Central College,Wisconsin La Crosse,CCIW,Wisconsin,35.0,27.0,False,False,Benedetti-Wehrli Stadium
401836537,2025,15,regular,2025-12-06 18:00:00,Arkansas Tech,West Texas,Great American,Lone Star,27.0,28.0,True,False,Community National Bank and Trust Stadium
401837075,2025,15,regular,2025-12-06 18:00:00,Albany State,Newberry,SIAC,South Atlantic,24.0,31.0,False,False,Albany State University Coliseum
401836854,2025,15,regular,2025-12-06 18:00:00,Bethel (MN),Wisconsin Platteville,Minnesota,Wisconsin,35.0,24.0,False,False,Royal Stadium
401836217,2025,15,regular,2025-12-06 18:00:00,Tarleton State,North Dakota,UAC,MVFC,31.0,13.0,False,False,"Memorial Stadium (Stephenville, TX)"
401836852,2025,15,regular,2025-12-06 18:00:00,Wisconsin River Falls,Saint John's (MN),Wisconsin,Minnesota,42.0,14.0,False,False,David Smith Stadium at Ramer Field
401837115,2025,15,regular,2025-12-06 19:00:00,Harding,UT Permian Basin,Great American,Lone Star,34.0,28.0,False,False,First Security Stadium
401777350,2025,15,regular,2025-12-06 19:00:00,Jackson State,Prairie View A&M,SWAC,SWAC,21.0,23.0,False,False,Mississippi Veterans Memorial Stadium
401836216,2025,15,regular,2025-12-06 19:00:00,Stephen F. Austin,Abilene Christian,Southland,UAC,41.0,34.0,False,False,Homer Bryce Stadium
401836536,2025,15,regular,2025-12-06 19:00:00,Hillsdale,Upper Iowa,Great Midwest Athletic,Great Lakes,28.0,37.0,True,False,Brickyard Stadium
401836197,2025,15,regular,2025-12-06 19:00:00,Montana,South Dakota State,Big Sky,MVFC,50.0,29.0,False,False,Washington-Grizzly Stadium
401836196,2025,15,regular,2025-12-06 19:00:00,Montana State,Yale,Big Sky,Ivy,21.0,13.0,False,False,Bobcat Stadium
401777351,2025,15,regular,2025-12-06 21:00:00,Alabama,Georgia,SEC,SEC,7.0,28.0,True,False,Mercedes-Benz Stadium
401777353,2025,15,regular,2025-12-07 01:00:00,Ohio State,Indiana,Big Ten,Big Ten,10.0,13.0,True,False,Lucas Oil Stadium
401777328,2025,15,regular,2025-12-07 01:00:00,Virginia,Duke,ACC,ACC,20.0,27.0,True,False,Bank of America Stadium
401833977,2025,15,regular,2025-12-07 03:00:00,UC Davis,Rhode Island,Big Sky,Coastal Athletic,47.0,26.0,False,False,Aggie Stadium
401833985,2025,16,regular,2025-12-13 02:00:00,Montana State,Stephen F. Austin,Big Sky,Southland,44.0,28.0,False,False,Bobcat Stadium
401833986,2025,16,regular,2025-12-13 17:00:00,Tarleton State,Villanova,UAC,Coastal Athletic,21.0,26.0,False,False,"Memorial Stadium (Stephenville, TX)"
401838337,2025,16,regular,2025-12-13 18:00:00,North Central College,Bethel (MN),CCIW,Minnesota,35.0,21.0,False,False,Benedetti-Wehrli Stadium
401762521,2025,16,regular,2025-12-13 20:00:00,Navy,Army,American Athletic,American Athletic,17.0,16.0,True,True,M&T Bank Stadium
401838336,2025,16,regular,2025-12-13 20:00:00,Wheaton (IL),Wisconsin River Falls,CCIW,Wisconsin,21.0,46.0,False,False,David Smith Stadium at Ramer Field
401833987,2025,16,regular,2025-12-13 20:30:00,Montana,South Dakota,Big Sky,MVFC,52.0,22.0,False,False,Washington-Grizzly Stadium
401836219,2025,16,regular,2025-12-13 22:00:00,UC Davis,Illinois State,Big Sky,MVFC,31.0,42.0,False,False,Aggie Stadium
