id,season,week,season_type,start_date,home_team,away_team,home_conference,away_conference,home_points,away_points,neutral_site,conference_game,venue
401525434,2023,1,regular,2023-08-26 18:30:00,Notre Dame,Navy,FBS Independents,American Athletic,42.0,3.0,True,False,Aviva Stadium
401540199,2023,1,regular,2023-08-26 19:30:00,Mercer,North Alabama,Southern,UAC,17.0,7.0,True,False,Cramton Bowl
401520145,2023,1,regular,2023-08-26 21:30:00,Jacksonville State,UTEP,Conference USA,Conference USA,17.0,14.0,False,True,AmFirst Stadium
401540628,2023,1,regular,2023-08-26 23:00:00,UAlbany,Fordham,Coastal Athletic,Patriot,34.0,13.0,False,False,Bob Ford Field
401532392,2023,1,regular,2023-08-26 23:00:00,San Diego State,Ohio,Mountain West,Mid-American,20.0,13.0,False,False,Snapdragon Stadium
401525450,2023,1,regular,2023-08-26 23:00:00,New Mexico State,Massachusetts,Conference USA,FBS Independents,30.0,41.0,False,False,Aggie Memorial Stadium
401520147,2023,1,regular,2023-08-26 23:30:00,Vanderbilt,Hawai'i,SEC,Mountain West,35.0,28.0,False,False,FirstBank Stadium
401539999,2023,1,regular,2023-08-26 23:30:00,Jackson State,South Carolina State,SWAC,MEAC,37.0,7.0,True,False,Center Parc Stadium
401523986,2023,1,regular,2023-08-27 00:00:00,USC,San José State,Pac-12,Mountain West,56.0,28.0,False,False,Los Angeles Memorial Coliseum
401520146,2023,1,regular,2023-08-27 01:00:00,Louisiana Tech,Florida International,Conference USA,Conference USA,22.0,17.0,False,True,Joe Aillet Stadium
401540288,2023,1,regular,2023-08-31 04:00:00,East Texas A&M,UC Davis,Southland,Big Sky,10.0,48.0,False,False,Memorial Stadium (Commerce TX)
401550265,2023,1,regular,2023-08-31 04:00:00,Hiram,Heidelberg,North Coast,Ohio,14.0,68.0,False,False,Charles A. Henry Field
401540527,2023,1,regular,2023-08-31 04:00:00,Morehead State,West Virginia State,Pioneer,Mountain East,37.0,35.0,False,False,Jayne Stadium
401540607,2023,1,regular,2023-08-31 04:00:00,Kennesaw State,Tusculum,FCS Independents,South Atlantic,38.0,7.0,False,False,Fifth Third Stadium
401540244,2023,1,regular,2023-08-31 04:00:00,Lamar,Idaho,Southland,Big Sky,17.0,42.0,False,False,Provost Umphrey Stadium
401545743,2023,1,regular,2023-08-31 04:00:00,New Haven,Frostburg State,Northeast 10,Mountain East,24.0,27.0,False,False,Ralph F. DellaCamera Stadium
401553950,2023,1,regular,2023-08-31 18:00:00,Northwood,Glenville State,Great Midwest Athletic,Mountain East,9.0,44.0,False,False,Hantz Stadium
401545860,2023,1,regular,2023-08-31 22:00:00,Alderson-Broaddus,California (PA),Mountain East,Pennsylvania State Athletic,0.0,0.0,False,False,Multi-Sport Performance Stadium
401544917,2023,1,regular,2023-08-31 22:00:00,Wingate,Albany State,South Atlantic,SIAC,30.0,7.0,False,False,Irwin Belk Stadium
401540802,2023,1,regular,2023-08-31 22:00:00,Saginaw Valley State,Winona State,GLIAC,Northern Sun,34.0,24.0,False,False,Harvey Randall Wickes Memorial Stadium
401549697,2023,1,regular,2023-08-31 22:00:00,Keiser University,Mississippi College,,Gulf South,14.0,17.0,True,False,Keiser Multi-Purpose Field
401540470,2023,1,regular,2023-08-31 22:00:00,Charleston Southern,North Greenville,Big South-OVC,Gulf South,13.0,10.0,False,False,Buccaneer Field
401550193,2023,1,regular,2023-08-31 22:00:00,Rowan,Stevenson,New Jersey,Mid Atlantic,17.0,20.0,False,False,Richard Wackar Stadium
401540990,2023,1,regular,2023-08-31 22:00:00,UNC Pembroke,Fayetteville State,Mountain East,CIAA,19.0,17.0,False,False,Grace P. Johnson Stadium
401541838,2023,1,regular,2023-08-31 22:00:00,Barton,Chowan,South Atlantic,Gulf South,41.0,0.0,False,False,Electric Supply Company Field
401541872,2023,1,regular,2023-08-31 23:00:00,West Alabama,Angelo State,Gulf South,Lone Star,14.0,38.0,False,False,Tiger Stadium (AL)
401540534,2023,1,regular,2023-08-31 23:00:00,Furman,Tennessee Tech,Southern,Big South-OVC,45.0,10.0,False,False,Paladin Stadium
401532393,2023,1,regular,2023-08-31 23:00:00,Western Michigan,Saint Francis,Mid-American,NEC,35.0,17.0,False,False,Waldo Stadium
401541881,2023,1,regular,2023-08-31 23:00:00,West Georgia,Limestone,Gulf South,South Atlantic,21.0,19.0,False,False,University Stadium (GA)
401525461,2023,1,regular,2023-08-31 23:00:00,Wake Forest,Elon,ACC,Coastal Athletic,37.0,17.0,False,False,Allegacy Federal Credit Union Stadium
401541855,2023,1,regular,2023-08-31 23:00:00,Samford,Shorter,Southern,Gulf South,69.0,14.0,False,False,Seibert Stadium
401540323,2023,1,regular,2023-08-31 23:00:00,Stony Brook,Delaware,Coastal Athletic,CAA,13.0,37.0,False,True,Kenneth P. LaValle Stadium
401525816,2023,1,regular,2023-08-31 23:00:00,UCF,Kent State,Big 12,Mid-American,56.0,6.0,False,False,FBC Mortgage Stadium
401550240,2023,1,regular,2023-08-31 23:00:00,Lakeland,Wisconsin Platteville,NACC,Wisconsin,13.0,80.0,False,False,Taylor Field
401541012,2023,1,regular,2023-08-31 23:00:00,Charleston (WV),Gannon,Mountain East,Pennsylvania State Athletic,22.0,13.0,False,False,University of Charleston Stadium
401554814,2023,1,regular,2023-08-31 23:00:00,Buffalo State,Brockport,Liberty League,Empire 8,6.0,42.0,False,False,Coyer Field
401531834,2023,1,regular,2023-08-31 23:00:00,Georgia State,Rhode Island,Sun Belt,Coastal Athletic,42.0,35.0,False,False,Center Parc Stadium
401541833,2023,1,regular,2023-08-31 23:00:00,Walsh,West Liberty,Great Midwest Athletic,Mountain East,24.0,21.0,False,False,Tom Benson Hall of Fame Stadium
401540775,2023,1,regular,2023-08-31 23:00:00,Northwestern (OK),Arkansas Monticello,Great American,Great American,24.0,49.0,False,True,Ranger Field
401541949,2023,1,regular,2023-08-31 23:00:00,Northeastern State,Fort Hays,Mid America,Mid America,0.0,56.0,False,True,Gable Field at Doc Wadley Stadium
401545869,2023,1,regular,2023-08-31 23:00:00,Lincoln (PA),Clarion,CIAA,Pennsylvania State Athletic,20.0,30.0,False,False,Lincoln University Stadium
401558399,2023,1,regular,2023-08-31 23:00:00,Louisiana Christian,East Texas Baptist,,American Southwest,34.0,14.0,True,False,Wildcat Field
401540794,2023,1,regular,2023-08-31 23:00:00,Minnesota Duluth,Northern Michigan,Northern Sun,GLIAC,47.0,10.0,False,False,James S. Malosky Stadium
401541001,2023,1,regular,2023-08-31 23:00:00,Fairmont State,Bloomsburg,Mountain East,Pennsylvania State Athletic,34.0,30.0,False,False,Duvall-Rosier Field
401541787,2023,1,regular,2023-08-31 23:00:00,Southern Arkansas,Southeastern Oklahoma State,Great American,Great American,34.0,19.0,False,True,Wilkins Stadium
401540299,2023,1,regular,2023-08-31 23:00:00,Indiana State,Eastern Illinois,MVFC,Big South-OVC,0.0,27.0,False,False,Memorial Stadium
401541782,2023,1,regular,2023-08-31 23:00:00,Southwestern Oklahoma State,Ouachita Baptist,Great American,Great American,14.0,38.0,False,True,Milam Stadium
401541751,2023,1,regular,2023-08-31 23:00:00,Southern Nazarene,Harding,Great American,Great American,20.0,53.0,False,True,Southern Nazarene University Football Stadium
401541801,2023,1,regular,2023-08-31 23:00:00,IU Pennsylvania,Ashland,Pennsylvania State Athletic,Great Midwest Athletic,24.0,17.0,False,False,George P. Miller Stadium
401540311,2023,1,regular,2023-08-31 23:00:00,Campbell,William & Mary,Coastal Athletic,Coastal Athletic,24.0,34.0,False,True,Barker-Lane Stadium
401541033,2023,1,regular,2023-08-31 23:00:00,Carson Newman,Virginia Lynchburg,South Atlantic,,35.0,3.0,False,False,Burke-Tarr Stadium
401545779,2023,1,regular,2023-08-31 23:00:00,Wheeling,Seton Hill,Mountain East,Pennsylvania State Athletic,35.0,24.0,False,False,Bishop Schmitt Field
401545847,2023,1,regular,2023-08-31 23:00:00,Minot State,Southwest Minnesota State,Northern Sun,Northern Sun,23.0,28.0,False,True,Herb Parker Stadium
401547053,2023,1,regular,2023-08-31 23:00:00,Kentucky State,Clark Atlanta,SIAC,SIAC,34.0,20.0,False,True,Alumni Stadium (KY)
401545835,2023,1,regular,2023-08-31 23:00:00,Wayne State (NE),Minnesota St Moorhead,Northern Sun,Northern Sun,31.0,23.0,False,True,"Memorial Stadium (Wayne, NE)"
401540728,2023,1,regular,2023-08-31 23:00:00,Missouri S&T,Delta State,Great Lakes,Gulf South,20.0,48.0,False,False,Allgood-Bailey Stadium
401545842,2023,1,regular,2023-08-31 23:00:00,Sioux Falls,Minnesota State,Northern Sun,Northern Sun,26.0,54.0,False,True,Bob Young Field
401550360,2023,1,regular,2023-08-31 23:00:00,Belhaven,Millsaps,USA South,Southern Athletic,47.0,7.0,False,False,Belhaven Bowl Stadium
401545751,2023,1,regular,2023-08-31 23:00:00,Quincy,Chadron State,Great Lakes,Rocky Mountain,34.0,35.0,False,False,QU Stadium
401547175,2023,1,regular,2023-08-31 23:00:00,McMurry,Birmingham-Southern,American Southwest,Southern Athletic,19.0,20.0,True,False,War Memorial Stadium (AR)
401545810,2023,1,regular,2023-08-31 23:00:00,Bemidji State,Northern State,Northern Sun,Northern Sun,49.0,13.0,False,True,Chet Anderson Stadium
401545791,2023,1,regular,2023-08-31 23:00:00,Millersville,Saint Anselm,Pennsylvania State Athletic,Northeast 10,33.0,7.0,False,False,Chryst Field at Biemesderfer Stadium
401551497,2023,1,regular,2023-08-31 23:05:00,East Stroudsburg,Pace,Pennsylvania State Athletic,Northeast 10,62.0,9.0,False,False,Eiler-Martin Stadium
401545819,2023,1,regular,2023-08-31 23:30:00,Concordia St. Paul,Upper Iowa,Northern Sun,Northern Sun,43.0,20.0,False,True,Sea Foam Stadium
401520174,2023,1,regular,2023-08-31 23:30:00,UConn,NC State,FBS Independents,ACC,14.0,24.0,False,False,Pratt & Whitney Stadium
401549695,2023,1,regular,2023-08-31 23:30:00,Ferris State,Mercyhurst,GLIAC,Pennsylvania State Athletic,54.0,12.0,False,False,Top Taggart Field
401540451,2023,1,regular,2023-08-31 23:30:00,Youngstown State,Valparaiso,MVFC,Pioneer,52.0,10.0,False,False,Stambaugh Stadium
401541760,2023,1,regular,2023-09-01 00:00:00,Henderson State,East Central,Great American,Great American,41.0,13.0,False,True,Ruggles Field at Carpenter-Haygood Stadium
401520148,2023,1,regular,2023-09-01 00:00:00,Minnesota,Nebraska,Big Ten,Big Ten,13.0,10.0,False,True,Huntington Bank Stadium
401541984,2023,1,regular,2023-09-01 00:00:00,Pittsburg State,Washburn,Mid America,Mid America,34.0,7.0,False,True,Carnie Smith Stadium
401550428,2023,1,regular,2023-09-01 00:00:00,Lindenwood,Wisconsin Stevens Point,Big South-OVC,Wisconsin,77.0,9.0,False,False,Hunter Stadium
401541939,2023,1,regular,2023-09-01 00:00:00,Central Oklahoma,Nebraska Kearney,Mid America,Mid America,24.0,21.0,False,True,Wantland Stadium
401540278,2023,1,regular,2023-09-01 00:00:00,Abilene Christian,Northern Colorado,UAC,Big Sky,31.0,11.0,False,False,Wildcat Stadium (TX)
401531377,2023,1,regular,2023-09-01 00:00:00,UAB,North Carolina A&T,American Athletic,Coastal Athletic,35.0,6.0,False,False,Protective Stadium
401540745,2023,1,regular,2023-09-01 00:00:00,Colorado School of Mines,Grand Valley State,Rocky Mountain,GLIAC,31.0,28.0,False,False,Marv Kay Stadium at Campbell Field
401540463,2023,1,regular,2023-09-01 00:00:00,South Dakota State,Western Oregon,MVFC,Lone Star,45.0,7.0,False,False,Dana J. Dykhouse Stadium
401541928,2023,1,regular,2023-09-01 00:00:00,Missouri Western,Central Missouri,Mid America,Mid America,38.0,45.0,False,True,Craig Field at Spratt Memorial Stadium
401520165,2023,1,regular,2023-09-01 00:00:00,Missouri,South Dakota,SEC,MVFC,35.0,10.0,False,False,Memorial Stadium
401541775,2023,1,regular,2023-09-01 00:00:00,Oklahoma Baptist,Arkansas Tech,Great American,Great American,23.0,21.0,False,True,Crain Family Stadium
401549650,2023,1,regular,2023-09-01 00:00:00,Beloit,Rockford,Midwest,NACC,34.0,27.0,False,False,Strong Stadium
401531337,2023,1,regular,2023-09-01 00:00:00,Tulsa,Arkansas-Pine Bluff,American Athletic,SWAC,42.0,7.0,False,False,Chapman Stadium
401541958,2023,1,regular,2023-09-01 00:00:00,Missouri Southern State,Northwest Missouri State,Mid America,Mid America,24.0,31.0,False,True,Fred G. Hughes Stadium
401541923,2023,1,regular,2023-09-01 00:00:00,Weber State,Central Washington,Big Sky,Lone Star,35.0,10.0,False,False,Stewart Stadium
401551490,2023,1,regular,2023-09-01 00:00:00,Eastern New Mexico,New Mexico Highlands,Lone Star,Rocky Mountain,28.0,26.0,False,False,Al Whitehead Field at Greyhound Stadium
401544875,2023,1,regular,2023-09-01 00:00:00,Emporia State,Lincoln (MO),Mid America,Independent DII,56.0,10.0,False,False,Francis G. Welch Stadium
401520176,2023,1,regular,2023-09-01 00:00:00,Utah,Florida,Pac-12,SEC,24.0,11.0,False,False,Rice-Eccles Stadium
401550414,2023,1,regular,2023-09-01 00:00:00,Dakota State University,Wisconsin La Crosse,,Wisconsin,6.0,31.0,True,False,Trojan Stadium
401523987,2023,1,regular,2023-09-01 02:00:00,Arizona State,Southern Utah,Pac-12,UAC,24.0,21.0,False,False,Mountain America Stadium
401550131,2023,1,regular,2023-09-01 22:00:00,Nichols,UMass Dartmouth,Commonwealth Coast,MSCAC,6.0,57.0,False,False,Vendetti Field
401541826,2023,1,regular,2023-09-01 22:00:00,West Florida,Kentucky Wesleyan,Gulf South,Great Midwest Athletic,35.0,3.0,True,False,Blue Wahoos Stadium
401532394,2023,1,regular,2023-09-01 22:30:00,Eastern Michigan,Howard,Mid-American,MEAC,33.0,23.0,False,False,Rynearson Stadium
401550109,2023,1,regular,2023-09-01 23:00:00,Lebanon Valley,Franklin & Marshall,Mid Atlantic,Centennial,12.0,16.0,False,False,Arnold Field (PA)
401550079,2023,1,regular,2023-09-01 23:00:00,Curry,Salve Regina,Commonwealth Coast,Commonwealth Coast,0.0,48.0,False,True,Walter M. Katz Field
401553027,2023,1,regular,2023-09-01 23:00:00,Catholic,McDaniel,Landmark Conference,Centennial,34.0,7.0,False,False,Cardinal Stadium (DC)
401525463,2023,1,regular,2023-09-01 23:00:00,Miami,Miami (OH),ACC,Mid-American,38.0,3.0,False,False,Hard Rock Stadium
401552881,2023,1,regular,2023-09-01 23:00:00,WPI,Worcester State,NEWMAC,MSCAC,44.0,13.0,False,False,"Alumni Stadium (Worcester, MA)"
401549580,2023,1,regular,2023-09-01 23:00:00,Alfred,Hobart,Empire 8,Liberty League,9.0,31.0,False,False,Merrill Field at Yunevich Stadium
401549629,2023,1,regular,2023-09-01 23:00:00,Muhlenberg,Moravian,Centennial,Landmark Conference,53.0,12.0,False,False,Scotty Wood Stadium
401520163,2023,1,regular,2023-09-01 23:00:00,Michigan State,Central Michigan,Big Ten,Mid-American,31.0,7.0,False,False,Spartan Stadium
401525462,2023,1,regular,2023-09-01 23:30:00,Georgia Tech,Louisville,ACC,ACC,34.0,39.0,True,True,Mercedes-Benz Stadium
401552447,2023,1,regular,2023-09-01 23:30:00,Ursinus,Alvernia,Centennial,Mid Atlantic,38.0,6.0,False,False,Patterson Field
401546011,2023,1,regular,2023-09-02 00:00:00,South Dakota Mines,Valley City State,Rocky Mountain,,31.0,14.0,False,False,O'Harra Stadium
401553008,2023,1,regular,2023-09-02 00:00:00,Hardin Simmons,Albright,American Southwest,Mid Atlantic,47.0,3.0,False,False,Shelton Stadium
401525815,2023,1,regular,2023-09-02 00:00:00,Kansas,Missouri State,Big 12,MVFC,48.0,17.0,False,False,Memorial Stadium
401523988,2023,1,regular,2023-09-02 03:00:00,Hawai'i,Stanford,Mountain West,Pac-12,24.0,37.0,False,False,Clarence T.C. Ching Athletics Complex
401545706,2023,1,regular,2023-09-02 04:00:00,Concord,Emory & Henry,Mountain East,South Atlantic,10.0,56.0,False,False,Callaghan Stadium
401545759,2023,1,regular,2023-09-02 04:00:00,Notre Dame College,Ohio Dominican,Mountain East,Great Midwest Athletic,23.0,21.0,False,False,Mueller Field
401550454,2023,1,regular,2023-09-02 04:00:00,Westminster (MO),Rhodes,Upper Midwest,Southern Athletic,0.0,47.0,False,False,Blue Jay Stadium
401539993,2023,1,regular,2023-09-02 04:00:00,North Carolina Central,Winston-Salem State,MEAC,CIAA,47.0,21.0,False,False,O'Kelly-Riddick Stadium
401546995,2023,1,regular,2023-09-02 04:00:00,Lake Erie,Franklin Pierce,Great Midwest Athletic,Northeast 10,10.0,26.0,False,False,Jack Britt Memorial Stadium
401540225,2023,1,regular,2023-09-02 04:00:00,Cal Poly,San Diego,Big Sky,Pioneer,27.0,10.0,False,False,Alex G. Spanos Stadium
401549784,2023,1,regular,2023-09-02 04:00:00,Guilford,Greensboro,Old Dominion,USA South,36.0,21.0,False,False,Armfield Athletic Center
401540285,2023,1,regular,2023-09-02 04:00:00,Nicholls,Sacramento State,Southland,Big Sky,24.0,38.0,False,False,Manning Field at John L. Guidry Stadium
401540012,2023,1,regular,2023-09-02 04:00:00,Duquesne,Edinboro,NEC,Pennsylvania State Athletic,49.0,7.0,False,False,Arthur J. Rooney Athletic Field
401541905,2023,1,regular,2023-09-02 04:00:00,UT Permian Basin,Texas College,Lone Star,,96.0,0.0,False,False,Ratliff Stadium
401541912,2023,1,regular,2023-09-02 04:00:00,Western Colorado,West Texas,Rocky Mountain,Lone Star,28.0,6.0,False,False,Mountaineer Bowl
401540737,2023,1,regular,2023-09-02 04:00:00,Findlay,Truman State,Great Midwest Athletic,Great Lakes,10.0,20.0,False,False,Donnell Stadium
401540163,2023,1,regular,2023-09-02 04:00:00,Mississippi Valley State,Central State,SWAC,SIAC,21.0,24.0,True,False,Soldier Field
401544077,2023,1,regular,2023-09-02 04:00:00,Lyon,Grinnell,,Midwest,18.0,12.0,True,False,
401544096,2023,1,regular,2023-09-02 04:00:00,Marietta,St. John Fisher,Ohio,Empire 8,31.0,7.0,False,False,Don Drumm Stadium
401540003,2023,1,regular,2023-09-02 04:00:00,Central Connecticut,American International,NEC,Northeast 10,44.0,0.0,False,False,Arute Field
401540562,2023,1,regular,2023-09-02 04:00:00,St. Thomas (MN),Black Hills State,Pioneer,Rocky Mountain,36.0,26.0,False,False,O'Shaughnessy Stadium
401540396,2023,1,regular,2023-09-02 04:00:00,VMI,Davidson,Southern,Pioneer,12.0,7.0,False,False,Alumni Memorial Field
401540219,2023,1,regular,2023-09-02 04:00:00,Montana State,Utah Tech,Big Sky,UAC,63.0,20.0,False,False,Bobcat Stadium
401540166,2023,1,regular,2023-09-02 04:00:00,Texas Southern,Prairie View A&M,SWAC,SWAC,34.0,37.0,False,True,BBVA Compass Stadium
401540078,2023,1,regular,2023-09-02 04:00:00,Lehigh,Villanova,Patriot,Coastal Athletic,10.0,38.0,False,False,Goodman Stadium
401540065,2023,1,regular,2023-09-02 04:00:00,Holy Cross,Merrimack,Patriot,NEC,42.0,20.0,False,False,Fitton Field
401550253,2023,1,regular,2023-09-02 04:00:00,Capital,Denison,Ohio,North Coast,35.0,45.0,False,False,Bernlohr Stadium
401549730,2023,1,regular,2023-09-02 16:00:00,Western Connecticut State,Merchant Marine,MSCAC,NEWMAC,35.0,52.0,False,False,Westside Athletic Complex
401550282,2023,1,regular,2023-09-02 16:00:00,Otterbein,Ohio Wesleyan,Ohio,North Coast,21.0,35.0,False,False,"Memorial Stadium (Westerville, OH)"
401541110,2023,1,regular,2023-09-02 16:00:00,North Carolina Wesleyan,Randolph Macon,USA South,Old Dominion,9.0,51.0,False,False,Bishop Stadium
401544051,2023,1,regular,2023-09-02 16:00:00,Rochester (NY),Utica,Liberty League,Empire 8,17.0,20.0,False,False,Edwin Fauver Stadium
401520170,2023,1,regular,2023-09-02 16:00:00,Purdue,Fresno State,Big Ten,Mountain West,35.0,39.0,False,False,Ross-Ade Stadium
401525822,2023,1,regular,2023-09-02 16:00:00,Oklahoma,Arkansas State,Big 12,Sun Belt,73.0,0.0,False,False,"Memorial Stadium (Norman, OK)"
401550056,2023,1,regular,2023-09-02 16:00:00,SUNY Cortland,Delaware Valley,Empire 8,Mid Atlantic,42.0,13.0,False,False,Stadium Red Field
401550292,2023,1,regular,2023-09-02 16:00:00,Alma,Ohio Northern,Michigan,Ohio,52.0,7.0,False,False,Bahlke Field
401550145,2023,1,regular,2023-09-02 16:00:00,Kalamazoo,Oberlin,Michigan,North Coast,42.0,10.0,False,False,Angell Field
401549737,2023,1,regular,2023-09-02 16:00:00,MIT,Bridgewater State,NEWMAC,MSCAC,41.0,27.0,False,False,Henry G. Steinbrenner '27 Stadium
401541053,2023,1,regular,2023-09-02 16:00:00,Kean,SUNY Morrisville,New Jersey,Empire 8,14.0,24.0,False,False,Kean Alumni Stadium
401520172,2023,1,regular,2023-09-02 16:00:00,SMU,Louisiana Tech,American Athletic,Conference USA,38.0,14.0,False,False,Gerald J. Ford Stadium
401520162,2023,1,regular,2023-09-02 16:00:00,Michigan,East Carolina,Big Ten,American Athletic,30.0,3.0,False,False,Michigan Stadium
401520157,2023,1,regular,2023-09-02 16:00:00,Iowa,Utah State,Big Ten,Mountain West,24.0,14.0,False,False,Kinnick Stadium
401525464,2023,1,regular,2023-09-02 16:00:00,Boston College,Northern Illinois,ACC,Mid-American,24.0,27.0,False,False,"Alumni Stadium (Chestnut Hill, MA)"
401558747,2023,1,regular,2023-09-02 16:00:00,The College of New Jersey,Eastern,New Jersey,Mid Atlantic,41.0,21.0,False,False,Lions Stadium
401547185,2023,1,regular,2023-09-02 16:00:00,Johns Hopkins,Ithaca,Centennial,Liberty League,27.0,17.0,False,False,Homewood Field
401545971,2023,1,regular,2023-09-02 16:00:00,Bentley,West Chester,Northeast 10,Pennsylvania State Athletic,19.0,20.0,False,False,Bentley University Football Stadium
401545963,2023,1,regular,2023-09-02 16:00:00,Shippensburg,Newberry,Pennsylvania State Athletic,South Atlantic,10.0,14.0,False,False,Seth Grove Stadium
401540708,2023,1,regular,2023-09-02 16:00:00,Tiffin,McKendree,Great Midwest Athletic,Great Lakes,79.0,14.0,False,False,Frost-Kalnow Stadium
401546992,2023,1,regular,2023-09-02 16:00:00,Davenport,Thomas More,GLIAC,,31.0,17.0,False,False,Farmers Insurance Athletic Complex
401553021,2023,1,regular,2023-09-02 16:00:00,Wilkes,King's,Landmark Conference,Mid Atlantic,23.0,27.0,False,True,Schmidt Stadium
401552473,2023,1,regular,2023-09-02 16:00:00,Dean,Fitchburg State,ECFC,MSCAC,33.0,17.0,False,False,Dale Lippert Field
401520160,2023,1,regular,2023-09-02 16:00:00,Liberty,Bowling Green,Conference USA,Mid-American,34.0,24.0,False,False,Williams Stadium (VA)
401520159,2023,1,regular,2023-09-02 16:00:00,Kentucky,Ball State,SEC,Mid-American,44.0,14.0,False,False,Kroger Field
401545891,2023,1,regular,2023-09-02 16:00:00,Shepherd,Southern Connecticut State,Pennsylvania State Athletic,Northeast 10,27.0,26.0,False,False,Ram Stadium (WV)
401549310,2023,1,regular,2023-09-02 16:00:00,Hilbert,Union,North Coast,Liberty League,0.0,65.0,True,False,St. Francis High School
401549622,2023,1,regular,2023-09-02 16:00:00,Endicott,St. Lawrence,Commonwealth Coast,Liberty League,31.0,0.0,False,False,Hempstead Stadium
401551929,2023,1,regular,2023-09-02 16:00:00,Keystone,Gallaudet,Landmark Conference,ECFC,27.0,6.0,False,False,Athletic Field Complex
401545782,2023,1,regular,2023-09-02 16:00:00,Assumption,Kutztown,Northeast 10,Pennsylvania State Athletic,31.0,20.0,False,False,Multi-Sport Stadium
401523994,2023,1,regular,2023-09-02 16:00:00,TCU,Colorado,Big 12,Pac-12,42.0,45.0,False,False,Amon G. Carter Stadium
401520179,2023,1,regular,2023-09-02 16:00:00,Tennessee,Virginia,SEC,ACC,49.0,13.0,True,False,Nissan Stadium
401540057,2023,1,regular,2023-09-02 16:30:00,Georgetown,Marist,Patriot,Pioneer,49.0,7.0,False,False,Cooper Field
401549802,2023,1,regular,2023-09-02 17:00:00,Shenandoah,Methodist,Old Dominion,USA South,44.0,29.0,False,False,Shentel Stadium
401532570,2023,1,regular,2023-09-02 17:00:00,Air Force,Robert Morris,Mountain West,Big South,42.0,7.0,False,False,Falcon Stadium
401544060,2023,1,regular,2023-09-02 17:00:00,William Paterson,FDU Florham,New Jersey,Mid Atlantic,29.0,33.0,False,False,Wightman Stadium
401550025,2023,1,regular,2023-09-02 17:00:00,Waynesburg,Allegheny,Presidents',Presidents',36.0,39.0,False,True,John F. Wiley Stadium
401550226,2023,1,regular,2023-09-02 17:00:00,Washington and Lee,Salisbury,Old Dominion,New Jersey,7.0,28.0,False,False,Wilson Field
401549817,2023,1,regular,2023-09-02 17:00:00,Bridgewater,Susquehanna,Old Dominion,Landmark Conference,19.0,51.0,False,False,Jopson Athletic Complex
401541092,2023,1,regular,2023-09-02 17:00:00,Wilmington (OH),Wooster,Ohio,North Coast,63.0,43.0,False,False,Wiliams Stadium (OH)
401540099,2023,1,regular,2023-09-02 17:00:00,Illinois State,Dayton,MVFC,Pioneer,41.0,0.0,False,False,Hancock Stadium
401549810,2023,1,regular,2023-09-02 17:00:00,Brevard,Warner,USA South,,23.0,29.0,False,False,Brevard Memorial Stadium
401541101,2023,1,regular,2023-09-02 17:00:00,Western New England,Springfield,Commonwealth Coast,NEWMAC,14.0,28.0,False,False,Golden Bear Stadium
401540508,2023,1,regular,2023-09-02 17:00:00,Stonehill,New Hampshire,NEC,Coastal Athletic,17.0,51.0,False,False,W.B. Mason Stadium
401550061,2023,1,regular,2023-09-02 17:00:00,Vermont State Castleton,Plymouth State,ECFC,MSCAC,25.0,21.0,False,False,Dave Wolk Stadium
401549752,2023,1,regular,2023-09-02 17:00:00,Muskingum,Ferrum,Ohio,Old Dominion,31.0,20.0,False,False,Sherman Field at McConagha Stadium
401550187,2023,1,regular,2023-09-02 17:00:00,Saint John's (MN),Trinity (TX),Minnesota,Southern Athletic,34.0,31.0,False,False,Clemens Stadium
401550289,2023,1,regular,2023-09-02 17:00:00,Hampden Sydney,Wabash,Old Dominion,North Coast,28.0,29.0,False,False,Lewis C. Everett Stadium
401539970,2023,1,regular,2023-09-02 17:00:00,Delaware State,Bowie State,MEAC,CIAA,11.0,22.0,False,False,Alumni Stadium
401552992,2023,1,regular,2023-09-02 17:00:00,Gettysburg,Juniata,Centennial,Landmark Conference,40.0,20.0,False,True,Shirk Field at Musselman Stadium
401540684,2023,1,regular,2023-09-02 17:00:00,West Virginia Wesleyan,Johnson C. Smith,Mountain East,CIAA,6.0,49.0,False,False,Cebe Ross Field
401544871,2023,1,regular,2023-09-02 17:00:00,Elizabeth City State,Catawba,CIAA,South Atlantic,23.0,31.0,False,False,Roebuck Stadium
401544954,2023,1,regular,2023-09-02 17:00:00,Baldwin Wallace,Mount St Joseph,Ohio,Heartland,33.0,46.0,False,False,George Finnie Stadium
401549615,2023,1,regular,2023-09-02 17:00:00,Dickinson,Rensselaer,Centennial,Liberty League,27.0,38.0,False,False,Biddle Field
401544115,2023,1,regular,2023-09-02 17:00:00,Saint Vincent,Washington & Jefferson,Presidents',Presidents',0.0,51.0,False,True,Chuck Noll Field
401547195,2023,1,regular,2023-09-02 17:00:00,Husson,Norwich,Commonwealth Coast,NEWMAC,28.0,14.0,False,False,Dr. John W. Winkin Sports Complex
401553000,2023,1,regular,2023-09-02 17:00:00,Widener,Lycoming,Mid Atlantic,Landmark Conference,42.0,21.0,False,False,Leslie C. Quick Jr. Stadium
401550391,2023,1,regular,2023-09-02 17:00:00,Grove City,Westminster (PA),Presidents',Presidents',17.0,7.0,False,True,Robert E. Thorn Field
401550366,2023,1,regular,2023-09-02 17:00:00,Sewanee,Maryville (TN),Southern Athletic,USA South,8.0,28.0,False,False,Hardee-McGee Field
401550309,2023,1,regular,2023-09-02 17:00:00,Apprentice School,Averett,Independent DIII,Old Dominion,14.0,34.0,False,False,Apprentice Field
401551917,2023,1,regular,2023-09-02 17:00:00,Misericordia,Alfred State,Mid Atlantic,ECFC,14.0,24.0,False,False,Mangelsdorf Field
401547204,2023,1,regular,2023-09-02 17:00:00,New England,Coast Guard,Commonwealth Coast,NEWMAC,44.0,28.0,False,False,Blue Storm Stadium
401544962,2023,1,regular,2023-09-02 17:30:00,Franklin,Olivet,Heartland,Michigan,32.0,35.0,False,False,"Stewart """"Red"""" Faught Stadium"
401550091,2023,1,regular,2023-09-02 17:30:00,Centre,Hanover,Southern Athletic,Heartland,7.0,10.0,False,False,Farris Stadium
401544106,2023,1,regular,2023-09-02 17:30:00,Defiance College,Mount Union,Heartland,Ohio,6.0,45.0,False,False,Justin F. Coressel Stadium
401544069,2023,1,regular,2023-09-02 18:00:00,Elmhurst,Adrian,CCIW,Michigan,14.0,3.0,False,False,Langhorst Field
401540258,2023,1,regular,2023-09-02 18:00:00,Montana,Butler,Big Sky,Pioneer,35.0,20.0,False,False,Washington-Grizzly Stadium
401550286,2023,1,regular,2023-09-02 18:00:00,John Carroll,Wisconsin Whitewater,Ohio,Wisconsin,23.0,27.0,False,False,Don Shula Stadium at Wasmer Field
401539986,2023,1,regular,2023-09-02 18:00:00,Norfolk State,Virginia State,MEAC,CIAA,24.0,33.0,False,False,"William Dick"""" Price Stadium"""""
401549767,2023,1,regular,2023-09-02 18:00:00,Concordia (WI),Martin Luther,NACC,Upper Midwest,55.0,14.0,False,False,Tomasini Stadium
401520158,2023,1,regular,2023-09-02 18:00:00,Jacksonville State,East Tennessee State,Conference USA,Southern,49.0,3.0,False,False,AmFirst Stadium
401550179,2023,1,regular,2023-09-02 18:00:00,Hamline,Crown,Minnesota,Upper Midwest,45.0,13.0,False,False,Klas Field
401549776,2023,1,regular,2023-09-02 18:00:00,Wisconsin Eau Claire,Concordia (MN),Wisconsin,Minnesota,31.0,28.0,False,False,Carson Park
401525820,2023,1,regular,2023-09-02 18:00:00,Iowa State,Northern Iowa,Big 12,MVFC,30.0,9.0,False,False,Jack Trice Stadium
401532395,2023,1,regular,2023-09-02 18:00:00,Ohio,Long Island University,Mid-American,NEC,27.0,10.0,False,False,Peden Stadium
401520168,2023,1,regular,2023-09-02 18:00:00,Ole Miss,Mercer,SEC,Southern,73.0,7.0,False,False,Vaught-Hemingway Stadium
401549638,2023,1,regular,2023-09-02 18:00:00,Carthage,Albion,CCIW,Michigan,20.0,41.0,False,False,Art Keller Field
401550153,2023,1,regular,2023-09-02 18:00:00,Augsburg,Northwestern (MN),Minnesota,Upper Midwest,52.0,10.0,False,False,Edor Nelson Field
401550207,2023,1,regular,2023-09-02 18:00:00,St. Norbert,Ripon,NACC,Midwest,23.0,7.0,False,False,Donald J. Schneider Stadium
401550219,2023,1,regular,2023-09-02 18:00:00,Aurora,Hope,NACC,Michigan,38.0,17.0,False,False,Vago Field
401545800,2023,1,regular,2023-09-02 18:00:00,Augustana (SD),University of Mary,Northern Sun,Northern Sun,38.0,7.0,False,True,Kirkeby-Over Stadium
401547148,2023,1,regular,2023-09-02 18:00:00,Wisconsin River Falls,Mary Hardin Baylor,Wisconsin,American Southwest,45.0,22.0,False,False,David Smith Stadium at Ramer Field
401531387,2023,1,regular,2023-09-02 18:00:00,Temple,Akron,American Athletic,Mid-American,24.0,21.0,False,False,Lincoln Financial Field
401547099,2023,1,regular,2023-09-02 18:00:00,Cornell (IA),Coe,Midwest,American Rivers,6.0,56.0,False,False,Van Metre Field at Ash Park
401541120,2023,1,regular,2023-09-02 18:00:00,Concordia Chicago,Greenville,NACC,Upper Midwest,14.0,41.0,False,False,Concordia Stadium
401550451,2023,1,regular,2023-09-02 18:00:00,St. Ambrose,Wisconsin Stout,,Wisconsin,7.0,35.0,True,False,
401547090,2023,1,regular,2023-09-02 18:00:00,St. Olaf,Central College,Minnesota,American Rivers,24.0,34.0,False,False,Klein Field at Manitou
401549644,2023,1,regular,2023-09-02 18:00:00,Hendrix,Washington St. Louis,Southern Athletic,CCIW,27.0,44.0,False,False,Young-Wise Memorial Stadium
401547107,2023,1,regular,2023-09-02 18:00:00,Dubuque,Wittenberg,American Rivers,North Coast,27.0,28.0,False,False,Chalmers Field
401554953,2023,1,regular,2023-09-02 18:00:00,Roosevelt,North Central College,,CCIW,7.0,41.0,True,False,
401547080,2023,1,regular,2023-09-02 18:00:00,Gustavus Adolphus,Buena Vista,Minnesota,American Rivers,51.0,7.0,False,False,Hollingsworth Field
401550212,2023,1,regular,2023-09-02 18:00:00,Chicago,Claremont Mudd Scripps,Midwest,So. Cal.,15.0,24.0,False,False,Amos Alonzo Stagg Field
401547125,2023,1,regular,2023-09-02 18:00:00,Austin,Nebraska Wesleyan,American Southwest,American Rivers,7.0,19.0,False,False,Jerry E. Apple Stadium
401546947,2023,1,regular,2023-09-02 18:00:00,William Jewell,Fort Lewis,Great Lakes,Rocky Mountain,42.0,6.0,True,False,Liberty North High School
401541043,2023,1,regular,2023-09-02 18:05:00,Wisconsin Oshkosh,Texas Lutheran,Wisconsin,American Southwest,48.0,31.0,False,False,J.J. Keller Field at Titan Stadium
401523992,2023,1,regular,2023-09-02 19:00:00,Oregon,Portland State,Pac-12,Big Sky,81.0,7.0,False,False,Autzen Stadium
401540155,2023,1,regular,2023-09-02 19:00:00,Hampton,Grambling,Coastal Athletic,SWAC,35.0,31.0,True,False,Red Bull Arena
401541898,2023,1,regular,2023-09-02 19:00:00,Colorado Mesa,Texas A&M-Kingsville,Rocky Mountain,Lone Star,10.0,30.0,False,False,Ralph Stocker Stadium
401544926,2023,1,regular,2023-09-02 19:00:00,Lane College,Miles,SIAC,SIAC,24.0,37.0,False,True,Lane Field
401520151,2023,1,regular,2023-09-02 19:30:00,Auburn,Massachusetts,SEC,FBS Independents,59.0,14.0,False,False,Jordan-Hare Stadium
401520181,2023,1,regular,2023-09-02 19:30:00,Western Kentucky,South Florida,Conference USA,American Athletic,41.0,24.0,False,False,Houchens Industries-L.T. Smith Stadium
401525824,2023,1,regular,2023-09-02 19:30:00,Texas,Rice,Big 12,American Athletic,37.0,10.0,False,False,DKR-Texas Memorial Stadium
401520180,2023,1,regular,2023-09-02 19:30:00,Wisconsin,Buffalo,Big Ten,Mid-American,38.0,17.0,False,False,Camp Randall Stadium
401525818,2023,1,regular,2023-09-02 19:30:00,Cincinnati,Eastern Kentucky,Big 12,UAC,66.0,13.0,False,False,Nippert Stadium
401523997,2023,1,regular,2023-09-02 19:30:00,Washington,Boise State,Pac-12,Mountain West,56.0,19.0,False,False,Husky Stadium
401520156,2023,1,regular,2023-09-02 19:30:00,Indiana,Ohio State,Big Ten,Big Ten,3.0,23.0,False,True,"Memorial Stadium (Bloomington, IN)"
401531835,2023,1,regular,2023-09-02 19:30:00,App State,Gardner-Webb,Sun Belt,Big South-OVC,45.0,24.0,False,False,Kidd Brewer Stadium
401520161,2023,1,regular,2023-09-02 19:30:00,Maryland,Towson,Big Ten,Coastal Athletic,38.0,6.0,False,False,SECU Stadium
401540235,2023,1,regular,2023-09-02 19:30:00,North Dakota State,Eastern Washington,MVFC,Big Sky,35.0,10.0,True,False,U.S. Bank Stadium
401525465,2023,1,regular,2023-09-02 19:30:00,Pittsburgh,Wofford,ACC,Southern,45.0,7.0,False,False,Acrisure Stadium
401525435,2023,1,regular,2023-09-02 19:30:00,Notre Dame,Tennessee State,FBS Independents,Big South-OVC,56.0,3.0,False,False,Notre Dame Stadium
401525466,2023,1,regular,2023-09-02 20:00:00,Syracuse,Colgate,ACC,Patriot,65.0,0.0,False,False,JMA Wireless Dome
401532572,2023,1,regular,2023-09-02 20:00:00,UNLV,Bryant,Mountain West,Big South-OVC,44.0,14.0,False,False,Allegiant Stadium
401520164,2023,1,regular,2023-09-02 20:00:00,Mississippi State,SE Louisiana,SEC,Southland,48.0,7.0,False,False,Davis Wade Stadium
401520150,2023,1,regular,2023-09-02 20:00:00,Arkansas,Western Carolina,SEC,Southern,56.0,13.0,True,False,War Memorial Stadium (AR)
401540369,2023,1,regular,2023-09-02 20:00:00,North Dakota,Drake,MVFC,Pioneer,55.0,7.0,False,False,Alerus Center
401550874,2023,1,regular,2023-09-02 20:00:00,Puget Sound,Lewis & Clark,Northwest,Northwest,42.0,38.0,False,True,Baker Stadium
401551509,2023,1,regular,2023-09-02 20:00:00,Cal Lutheran,Southwestern U,So. Cal.,Southern Athletic,41.0,35.0,False,False,William Rolland Stadium
401558977,2023,1,regular,2023-09-02 20:00:00,SUNY Maritime,Hartwick,NEWMAC,Empire 8,34.0,11.0,False,False,Reinhart Field
401544144,2023,1,regular,2023-09-02 20:00:00,Pacific Lutheran,Redlands,Northwest,So. Cal.,14.0,24.0,False,False,Sparks Stadium
401523991,2023,1,regular,2023-09-02 20:00:00,North Texas,California,American Athletic,Pac-12,21.0,58.0,False,False,DATCU Stadium
401553004,2023,1,regular,2023-09-02 20:00:00,La Verne,Willamette,So. Cal.,Northwest,21.0,24.0,False,False,Ortmayer Stadium
401549743,2023,1,regular,2023-09-02 21:00:00,Christopher Newport,Southern Virginia,New Jersey,USA South,45.0,0.0,False,False,TowneBank Stadium
401540693,2023,1,regular,2023-09-02 22:00:00,Benedict,Shaw,SIAC,CIAA,52.0,0.0,False,False,Charlie W. Johnson Stadium
401540698,2023,1,regular,2023-09-02 22:00:00,Indianapolis,Hillsdale,Great Lakes,Great Midwest Athletic,39.0,20.0,False,False,Key Stadium
401531836,2023,1,regular,2023-09-02 22:00:00,Georgia Southern,The Citadel,Sun Belt,Southern,34.0,0.0,False,False,Allen E. Paulson Stadium
401520154,2023,1,regular,2023-09-02 22:00:00,Georgia,UT Martin,SEC,Big South-OVC,48.0,7.0,False,False,Sanford Stadium
401531402,2023,1,regular,2023-09-02 22:00:00,Charlotte,South Carolina State,American Athletic,MEAC,24.0,3.0,False,False,Jerry Richardson Stadium
401539978,2023,1,regular,2023-09-02 22:00:00,Richmond,Morgan State,Coastal Athletic,MEAC,10.0,17.0,False,False,E. Claiborne Robins Stadium
401550150,2023,1,regular,2023-09-02 22:00:00,Anderson (IN),Trine,Heartland,Michigan,0.0,61.0,False,False,Macholtz Stadium
401540115,2023,1,regular,2023-09-02 22:00:00,Alabama State,Southern,SWAC,SWAC,14.0,10.0,False,True,Hornet Stadium
401540027,2023,1,regular,2023-09-02 22:00:00,Sacred Heart,Lafayette,NEC,Patriot,14.0,19.0,False,False,Campus Field
401550046,2023,1,regular,2023-09-02 22:00:00,Manchester,North Park,Heartland,CCIW,0.0,27.0,False,False,Carl W. Burt Memorial Stadium
401541797,2023,1,regular,2023-09-02 22:00:00,Slippery Rock,Wayne State (MI),Pennsylvania State Athletic,GLIAC,28.0,17.0,False,False,Mihalik-Thompson Stadium
401540565,2023,1,regular,2023-09-02 22:00:00,Stetson,St. Thomas University (Fl),Pioneer,,34.0,33.0,False,False,Spec Martin Municipal Stadium
401531837,2023,1,regular,2023-09-02 22:00:00,James Madison,Bucknell,Sun Belt,Patriot,38.0,3.0,False,False,Bridgeforth Stadium
401540043,2023,1,regular,2023-09-02 22:00:00,Fordham,Wagner,Patriot,NEC,46.0,16.0,False,False,Jack Coffey Field
401531838,2023,1,regular,2023-09-02 22:00:00,Marshall,UAlbany,Sun Belt,Coastal Athletic,21.0,17.0,False,False,Joan C. Edwards Stadium
401541023,2023,1,regular,2023-09-02 22:00:00,Lock Haven,Post,Pennsylvania State Athletic,Independent DII,58.0,7.0,False,False,Hubert Jack Stadium
401541885,2023,1,regular,2023-09-02 22:00:00,Livingstone,Bluefield State,CIAA,Independent DII,7.0,41.0,False,False,Alumni Memorial Stadium (NC)
401544134,2023,1,regular,2023-09-02 22:00:00,Berry,Huntingdon,Southern Athletic,USA South,67.0,34.0,False,False,Valhalla Stadium
401547020,2023,1,regular,2023-09-02 22:00:00,Lenoir Rhyne,St. Augustine's,South Atlantic,CIAA,45.0,7.0,False,False,Helen and Leonard Moretz Stadium
401531418,2023,1,regular,2023-09-02 22:00:00,Florida Atlantic,Monmouth,American Athletic,Coastal Athletic,42.0,20.0,False,False,FAU Stadium
401547013,2023,1,regular,2023-09-02 22:00:00,Allen,Erskine,SIAC,South Atlantic,24.0,17.0,False,False,W.C. Hawkins Stadium
401547031,2023,1,regular,2023-09-02 22:00:00,Edward Waters,Florida Memorial University,SIAC,,21.0,38.0,False,False,Earl Kitchings Stadium
401523996,2023,1,regular,2023-09-02 22:30:00,USC,Nevada,Pac-12,Mountain West,66.0,14.0,False,False,Los Angeles Memorial Coliseum
401520153,2023,1,regular,2023-09-02 22:30:00,Florida International,Maine,Conference USA,Coastal Athletic,14.0,12.0,False,False,FIU Stadium
401550216,2023,1,regular,2023-09-02 23:00:00,Eureka,Knox,NACC,Midwest,41.0,16.0,False,False,Pete FioRito Stadium at McKinzie Field
401553015,2023,1,regular,2023-09-02 23:00:00,Anna Maria College,Westfield State,ECFC,MSCAC,51.0,27.0,False,False,Caparso Field
401541063,2023,1,regular,2023-09-02 23:00:00,Bluffton,Kenyon,Heartland,North Coast,51.0,35.0,False,False,Alumni Field (OH)
401541082,2023,1,regular,2023-09-02 23:00:00,Rose Hulman,DePauw,Heartland,North Coast,21.0,33.0,False,False,Cook Stadium
401540363,2023,1,regular,2023-09-02 23:00:00,Murray State,Presbyterian,MVFC,Pioneer,41.0,10.0,False,False,Roy Stewart Stadium
401520178,2023,1,regular,2023-09-02 23:00:00,Vanderbilt,Alabama A&M,SEC,SWAC,47.0,13.0,False,False,FirstBank Stadium
401549705,2023,1,regular,2023-09-02 23:00:00,UVA Wise,Union College,South Atlantic,,48.0,0.0,False,False,Carl Smith Stadium
401531841,2023,1,regular,2023-09-02 23:00:00,Troy,Stephen F. Austin,Sun Belt,UAC,48.0,30.0,False,False,Veterans Memorial Stadium (AL)
401531840,2023,1,regular,2023-09-02 23:00:00,Southern Miss,Alcorn State,Sun Belt,SWAC,40.0,14.0,False,False,M. M. Roberts Stadium
401531426,2023,1,regular,2023-09-02 23:00:00,Memphis,Bethune-Cookman,American Athletic,SWAC,56.0,14.0,False,False,Simmons Bank Liberty Stadium
401525823,2023,1,regular,2023-09-02 23:00:00,Oklahoma State,Central Arkansas,Big 12,UAC,27.0,13.0,False,False,Boone Pickens Stadium
401540354,2023,1,regular,2023-09-02 23:00:00,Houston Christian,Arkansas Baptist,Southland,,66.0,0.0,False,False,Husky Stadium
401549666,2023,1,regular,2023-09-02 23:00:00,Wisconsin Lutheran,Lake Forest,NACC,Midwest,0.0,24.0,False,False,Warrior Field at Raabe Stadium
401520175,2023,1,regular,2023-09-02 23:00:00,UL Monroe,Army,Sun Belt,FBS Independents,17.0,13.0,False,False,Malone Stadium
401540173,2023,1,regular,2023-09-02 23:00:00,Southern Illinois,Austin Peay,MVFC,UAC,49.0,23.0,False,False,Saluki Stadium
401550184,2023,1,regular,2023-09-02 23:00:00,Macalester,Minnesota Morris,Minnesota,Upper Midwest,44.0,30.0,False,False,Macalester Stadium
401540200,2023,1,regular,2023-09-02 23:00:00,North Alabama,Chattanooga,UAC,Southern,41.0,27.0,False,False,Braly Municipal Stadium
401547078,2023,1,regular,2023-09-02 23:00:00,Southeastern,Savannah State,,SIAC,20.0,23.0,True,False,
401520173,2023,1,regular,2023-09-02 23:00:00,Texas A&M,New Mexico,SEC,Mountain West,52.0,10.0,False,False,Kyle Field
401573283,2023,1,regular,2023-09-02 23:00:00,Loras,Benedictine (IL),American Rivers,NACC,42.0,41.0,False,False,Rock Bowl
401525819,2023,1,regular,2023-09-02 23:00:00,Houston,UTSA,Big 12,American Athletic,17.0,14.0,False,False,TDECU Stadium
401551481,2023,1,regular,2023-09-02 23:00:00,Oklahoma Panhandle,Southwest Baptist,Independent DII,Great Lakes,7.0,65.0,True,False,
401544935,2023,1,regular,2023-09-02 23:00:00,Simpson (IA),Augustana (IL),American Rivers,CCIW,27.0,49.0,False,False,Bill Buxton Stadium
401525817,2023,1,regular,2023-09-02 23:00:00,Baylor,Texas State,Big 12,Sun Belt,31.0,42.0,False,False,McLane Stadium
401544125,2023,1,regular,2023-09-02 23:00:00,Thiel,Case Western Reserve,Presidents',Presidents',0.0,14.0,False,True,Alumni Stadium (PA)
401544945,2023,1,regular,2023-09-02 23:00:00,Illinois College,Millikin,Midwest,CCIW,31.0,0.0,False,False,England Stadium
401523990,2023,1,regular,2023-09-02 23:00:00,Colorado State,Washington State,Mountain West,Pac-12,24.0,50.0,False,False,Canvas Stadium
401541864,2023,1,regular,2023-09-02 23:00:00,Valdosta State,Point University,Gulf South,,63.0,10.0,False,False,Bazemore-Hyder Stadium
401525821,2023,1,regular,2023-09-02 23:00:00,Kansas State,Southeast Missouri State,Big 12,Big South-OVC,45.0,0.0,False,False,Bill Snyder Family Stadium
401550373,2023,1,regular,2023-09-02 23:30:00,Geneva,Carnegie Mellon,Presidents',Presidents',0.0,31.0,False,True,Reeves Field (PA)
401520167,2023,1,regular,2023-09-02 23:30:00,North Carolina,South Carolina,ACC,SEC,31.0,17.0,True,False,Bank of America Stadium
401520149,2023,1,regular,2023-09-02 23:30:00,Alabama,Middle Tennessee,SEC,Conference USA,56.0,7.0,False,False,Bryant-Denny Stadium
401520155,2023,1,regular,2023-09-02 23:30:00,Illinois,Toledo,Big Ten,Mid-American,30.0,28.0,False,False,"Memorial Stadium (Champaign, IL)"
401525825,2023,1,regular,2023-09-02 23:30:00,Wyoming,Texas Tech,Mountain West,Big 12,35.0,33.0,False,False,War Memorial Stadium
401520169,2023,1,regular,2023-09-02 23:30:00,Penn State,West Virginia,Big Ten,Big 12,38.0,15.0,False,False,Beaver Stadium
401531839,2023,1,regular,2023-09-02 23:30:00,Louisiana,Northwestern State,Sun Belt,Southland,38.0,13.0,False,False,Cajun Field
401540980,2023,1,regular,2023-09-03 00:00:00,CSU Pueblo,Midwestern State,Rocky Mountain,Lone Star,37.0,8.0,False,False,Neta and Eddie DeRose ThunderBowl
401541918,2023,1,regular,2023-09-03 00:00:00,Western New Mexico,Sul Ross State,Lone Star,American Southwest,42.0,28.0,False,False,Ben Altamirano Field
401540213,2023,1,regular,2023-09-03 00:00:00,McNeese,Tarleton State,Southland,UAC,34.0,52.0,False,False,Cowboy Stadium
401525467,2023,1,regular,2023-09-03 00:00:00,Virginia Tech,Old Dominion,ACC,Sun Belt,36.0,17.0,False,False,Lane Stadium
401531347,2023,1,regular,2023-09-03 00:00:00,Tulane,South Alabama,American Athletic,Sun Belt,37.0,17.0,False,False,Yulman Stadium
401544898,2023,1,regular,2023-09-03 00:00:00,Adams State,Lincoln (CA),Rocky Mountain,,35.0,16.0,False,False,Rex Stadium
401547129,2023,1,regular,2023-09-03 00:00:00,Wartburg,Monmouth (IL),American Rivers,Midwest,62.0,35.0,False,False,Walston-Hoover Stadium
401547140,2023,1,regular,2023-09-03 00:00:00,George Fox,Howard Payne,Northwest,American Southwest,3.0,17.0,False,False,Stoffer Family Stadium
401520166,2023,1,regular,2023-09-03 01:00:00,New Mexico State,Western Illinois,Conference USA,MVFC,58.0,21.0,False,False,Aggie Memorial Stadium
401520177,2023,1,regular,2023-09-03 01:00:00,UTEP,Incarnate Word,Conference USA,Southland,28.0,14.0,False,False,Sun Bowl
401523989,2023,1,regular,2023-09-03 02:00:00,Arizona,Northern Arizona,Pac-12,Big Sky,38.0,3.0,False,False,Arizona Stadium
401550329,2023,1,regular,2023-09-03 02:00:00,Pacific (OR),Chapman,Northwest,So. Cal.,0.0,0.0,False,False,Hanson Stadium
401520152,2023,1,regular,2023-09-03 02:15:00,BYU,Sam Houston,Big 12,Conference USA,14.0,0.0,False,False,LaVell Edwards Stadium
401532571,2023,1,regular,2023-09-03 02:30:00,San Diego State,Idaho State,Mountain West,Big Sky,36.0,28.0,False,False,Snapdragon Stadium
401523995,2023,1,regular,2023-09-03 02:30:00,UCLA,Coastal Carolina,Pac-12,Sun Belt,27.0,13.0,False,False,Rose Bowl
401520171,2023,1,regular,2023-09-03 16:00:00,Rutgers,Northwestern,Big Ten,Big Ten,24.0,7.0,False,True,SHI Stadium
401540148,2023,1,regular,2023-09-03 19:00:00,Florida A&M,Jackson State,SWAC,SWAC,28.0,10.0,True,True,Hard Rock Stadium
401532573,2023,1,regular,2023-09-03 19:30:00,San José State,Oregon State,Mountain West,Pac-12,17.0,42.0,False,False,CEFCU Stadium
401540667,2023,1,regular,2023-09-03 20:00:00,Morehouse,Virginia Union,SIAC,CIAA,13.0,45.0,True,False,Tom Benson Hall of Fame Stadium
401547061,2023,1,regular,2023-09-03 23:00:00,Tuskegee,Fort Valley State,SIAC,SIAC,37.0,31.0,True,True,Cramton Bowl
401520182,2023,1,regular,2023-09-03 23:30:00,Florida State,LSU,ACC,SEC,45.0,24.0,True,False,Camping World Stadium
401525468,2023,1,regular,2023-09-05 00:00:00,Duke,Clemson,ACC,ACC,28.0,7.0,False,True,Wallace Wade Stadium
401545752,2023,2,regular,2023-09-07 22:00:00,Alderson-Broaddus,Glenville State,Mountain East,Mountain East,0.0,0.0,False,True,Multi-Sport Performance Stadium
401541959,2023,2,regular,2023-09-07 23:00:00,Washburn,Missouri Southern State,Mid America,Mid America,23.0,30.0,False,True,Yager Stadium at Moore Bowl
401544918,2023,2,regular,2023-09-07 23:00:00,Mars Hill,Wingate,South Atlantic,South Atlantic,15.0,10.0,False,True,Meares Stadium
401541791,2023,2,regular,2023-09-07 23:00:00,East Central,Southern Arkansas,Great American,Great American,17.0,24.0,False,True,Koi Ishto Stadium
401525469,2023,2,regular,2023-09-07 23:30:00,Louisville,Murray State,ACC,MVFC,56.0,0.0,False,False,L&N Federal Credit Union Stadium
401544876,2023,2,regular,2023-09-08 00:00:00,Northwest Missouri State,Emporia State,Mid America,Mid America,13.0,33.0,False,True,Bearcat Stadium
401541950,2023,2,regular,2023-09-08 00:00:00,Fort Hays,Pittsburg State,Mid America,Mid America,14.0,40.0,False,True,Lewis Field Stadium
401550120,2023,2,regular,2023-09-08 23:00:00,Mass Maritime,SUNY Maritime,MSCAC,NEWMAC,7.0,14.0,False,False,Clean Harbors Stadium
401540548,2023,2,regular,2023-09-08 23:00:00,Rhode Island,Stony Brook,Coastal Athletic,Coastal Athletic,35.0,14.0,False,True,Meade Stadium
401551516,2023,2,regular,2023-09-08 23:00:00,Westfield State,Western New England,MSCAC,Commonwealth Coast,0.0,46.0,False,False,"Alumni Field (Westfield, MA)"
401549623,2023,2,regular,2023-09-08 23:00:00,St. Lawrence,Norwich,Liberty League,NEWMAC,14.0,7.0,False,False,Leckonby Stadium
401552466,2023,2,regular,2023-09-08 23:00:00,Bridgewater State,WPI,MSCAC,NEWMAC,21.0,24.0,False,False,Edward C. Swenson Athletic Complex
401564630,2023,2,regular,2023-09-08 23:00:00,Franklin & Marshall,The College of New Jersey,Centennial,New Jersey,0.0,0.0,False,False,Shadek Stadium
401540397,2023,2,regular,2023-09-08 23:00:00,Davidson,Barton,Pioneer,South Atlantic,31.0,33.0,False,False,Richardson Stadium
401520193,2023,2,regular,2023-09-08 23:00:00,Indiana,Indiana State,Big Ten,MVFC,41.0,7.0,False,False,"Memorial Stadium (Bloomington, IN)"
401520195,2023,2,regular,2023-09-08 23:30:00,Kansas,Illinois,Big 12,Big Ten,34.0,23.0,False,False,Memorial Stadium
401545735,2023,2,regular,2023-09-09 04:00:00,West Liberty,Fairmont State,Mountain East,Mountain East,29.0,42.0,False,True,West Family Stadium
401564661,2023,2,regular,2023-09-09 04:00:00,Salve Regina,Framingham State,Commonwealth Coast,MSCAC,29.0,0.0,False,False,Toppa Field
401550050,2023,2,regular,2023-09-09 15:00:00,Juniata,Alfred,Landmark Conference,Empire 8,0.0,34.0,False,False,Knox Stadium
401520216,2023,2,regular,2023-09-09 15:00:00,Wake Forest,Vanderbilt,ACC,SEC,36.0,20.0,False,False,Allegacy Federal Credit Union Stadium
401525490,2023,2,regular,2023-09-09 16:00:00,Boston College,Holy Cross,ACC,Patriot,31.0,28.0,False,False,"Alumni Stadium (Chestnut Hill, MA)"
401525498,2023,2,regular,2023-09-09 16:00:00,Virginia,James Madison,ACC,Sun Belt,35.0,36.0,False,False,Scott Stadium
401523999,2023,2,regular,2023-09-09 16:00:00,Baylor,Utah,Big 12,Pac-12,13.0,20.0,False,False,McLane Stadium
401525436,2023,2,regular,2023-09-09 16:00:00,NC State,Notre Dame,ACC,FBS Independents,24.0,45.0,False,False,Carter-Finley Stadium
401520185,2023,2,regular,2023-09-09 16:00:00,Army,Delaware State,FBS Independents,MEAC,57.0,0.0,False,False,Michie Stadium
401520215,2023,2,regular,2023-09-09 16:00:00,Virginia Tech,Purdue,ACC,Big Ten,17.0,24.0,False,False,Lane Stadium
401520209,2023,2,regular,2023-09-09 16:00:00,Penn State,Delaware,Big Ten,CAA,63.0,7.0,False,False,Beaver Stadium
401520191,2023,2,regular,2023-09-09 16:00:00,Georgia,Ball State,SEC,Mid-American,45.0,3.0,False,False,Sanford Stadium
401520208,2023,2,regular,2023-09-09 16:00:00,Ohio State,Youngstown State,Big Ten,MVFC,35.0,7.0,False,False,Ohio Stadium
401520188,2023,2,regular,2023-09-09 16:00:00,Colorado,Nebraska,Pac-12,Big Ten,36.0,14.0,False,False,Folsom Field
401540650,2023,2,regular,2023-09-09 16:00:00,Davenport,Bowie State,GLIAC,CIAA,24.0,19.0,False,False,Farmers Insurance Athletic Complex
401549722,2023,2,regular,2023-09-09 16:00:00,Coast Guard,Anna Maria College,NEWMAC,ECFC,93.0,24.0,False,False,Cadet Memorial Field
401553009,2023,2,regular,2023-09-09 16:00:00,Albright,Delaware Valley,Mid Atlantic,Mid Atlantic,10.0,41.0,False,True,Gene L. Shirk Stadium
401540004,2023,2,regular,2023-09-09 16:00:00,Central Connecticut,Stonehill,NEC,NEC,30.0,33.0,False,True,Arute Field
401605489,2023,2,regular,2023-09-09 16:00:00,Central Washington,Montana Tech,Lone Star,,29.0,37.0,False,False,Tomlinson Stadium
401545861,2023,2,regular,2023-09-09 16:00:00,California (PA),Kutztown,Pennsylvania State Athletic,Pennsylvania State Athletic,31.0,20.0,False,True,Adamson Stadium
401545783,2023,2,regular,2023-09-09 16:00:00,Southern Connecticut State,Assumption,Northeast 10,Northeast 10,29.0,42.0,False,True,Jess Dow Field
401541102,2023,2,regular,2023-09-09 16:00:00,Springfield,Husson,NEWMAC,Commonwealth Coast,45.0,20.0,False,False,Stagg Field
401554817,2023,2,regular,2023-09-09 16:00:00,Misericordia,King's,Mid Atlantic,Mid Atlantic,10.0,42.0,False,True,Mangelsdorf Field
401545760,2023,2,regular,2023-09-09 16:00:00,Notre Dame College,West Virginia Wesleyan,Mountain East,Mountain East,87.0,9.0,False,True,Mueller Field
401545892,2023,2,regular,2023-09-09 16:00:00,Edinboro,Shepherd,Pennsylvania State Athletic,Pennsylvania State Athletic,28.0,35.0,False,True,Sox Harrison Stadium
401541873,2023,2,regular,2023-09-09 16:00:00,Limestone,West Alabama,South Atlantic,Gulf South,13.0,27.0,False,False,The Reservation
401525829,2023,2,regular,2023-09-09 16:00:00,Kansas State,Troy,Big 12,Sun Belt,42.0,13.0,False,False,Bill Snyder Family Stadium
401541013,2023,2,regular,2023-09-09 16:00:00,Gannon,Millersville,Pennsylvania State Athletic,Pennsylvania State Athletic,21.0,28.0,False,True,McConnell Family Stadium
401549630,2023,2,regular,2023-09-09 16:00:00,Muhlenberg,Salisbury,Centennial,New Jersey,29.0,17.0,False,False,Scotty Wood Stadium
401547205,2023,2,regular,2023-09-09 16:00:00,Plymouth State,New England,MSCAC,Commonwealth Coast,21.0,31.0,False,False,Charles L. Currier Memorial Field
401549616,2023,2,regular,2023-09-09 16:00:00,Rensselaer,Wilkes,Liberty League,Landmark Conference,38.0,14.0,False,False,ECAV Stadium
401549753,2023,2,regular,2023-09-09 16:00:00,Otterbein,Muskingum,Ohio,Ohio,14.0,27.0,False,True,"Memorial Stadium (Westerville, OH)"
401549588,2023,2,regular,2023-09-09 16:00:00,Endicott,Ithaca,Commonwealth Coast,Liberty League,17.0,20.0,False,False,Hempstead Stadium
401545964,2023,2,regular,2023-09-09 16:00:00,Seton Hill,Shippensburg,Pennsylvania State Athletic,Pennsylvania State Athletic,28.0,23.0,False,True,Offutt Field
401549706,2023,2,regular,2023-09-09 16:00:00,Thomas More,UVA Wise,,South Atlantic,37.0,0.0,True,False,BB&T Field at Griffin Plaza
401544955,2023,2,regular,2023-09-09 16:00:00,Mount St Joseph,Hiram,Heartland,North Coast,62.0,21.0,False,False,Schueler Field
401541811,2023,2,regular,2023-09-09 16:00:00,Pace,Findlay,Northeast 10,Great Midwest Athletic,25.0,40.0,False,False,Pace Stadium
401551511,2023,2,regular,2023-09-09 16:00:00,Dean,Nichols,ECFC,Commonwealth Coast,7.0,70.0,False,False,Dale Lippert Field
401541856,2023,2,regular,2023-09-09 16:00:00,Shorter,Erskine,Gulf South,South Atlantic,28.0,7.0,False,False,Barron Stadium
401540028,2023,2,regular,2023-09-09 16:30:00,Georgetown,Sacred Heart,Patriot,NEC,27.0,10.0,False,False,Cooper Field
401540553,2023,2,regular,2023-09-09 17:00:00,Presbyterian,Virginia Lynchburg,Pioneer,,48.0,17.0,False,False,Bailey Memorial Stadium
401525494,2023,2,regular,2023-09-09 17:00:00,Georgia Tech,South Carolina State,ACC,MEAC,48.0,13.0,False,False,Bobby Dodd Stadium
401541636,2023,2,regular,2023-09-09 17:00:00,Butler,Taylor,Pioneer,,41.0,13.0,False,False,Butler Bowl
401550026,2023,2,regular,2023-09-09 17:00:00,Allegheny,Geneva,Presidents',Presidents',21.0,27.0,False,True,Frank B. Fuhrer Field
401552448,2023,2,regular,2023-09-09 17:00:00,Ursinus,Kean,Centennial,New Jersey,30.0,14.0,False,False,Patterson Field
401549711,2023,2,regular,2023-09-09 17:00:00,Kentucky State,Tuskegee,SIAC,SIAC,10.0,36.0,False,True,Alumni Stadium (KY)
401551930,2023,2,regular,2023-09-09 17:00:00,Hartwick,Keystone,Empire 8,Landmark Conference,31.0,21.0,False,False,Wright Stadium
401552993,2023,2,regular,2023-09-09 17:00:00,Gettysburg,Montclair State,Centennial,New Jersey,21.0,32.0,False,False,Shirk Field at Musselman Stadium
401550057,2023,2,regular,2023-09-09 17:00:00,Lycoming,SUNY Cortland,Landmark Conference,Empire 8,7.0,62.0,False,False,David Person Field
401541121,2023,2,regular,2023-09-09 17:00:00,Greenville,Eureka,Upper Midwest,NACC,14.0,23.0,False,False,Francis Field (IL)
401549811,2023,2,regular,2023-09-09 17:00:00,Hampden Sydney,Brevard,Old Dominion,USA South,31.0,17.0,False,False,Lewis C. Everett Stadium
401550395,2023,2,regular,2023-09-09 17:00:00,Bethany (WV),Washington & Jefferson,Presidents',Presidents',7.0,42.0,False,True,Bison Stadium
401550146,2023,2,regular,2023-09-09 17:00:00,Kenyon,Kalamazoo,North Coast,Michigan,16.0,48.0,False,False,McBride Field
401550194,2023,2,regular,2023-09-09 17:00:00,McDaniel,Rowan,Centennial,New Jersey,28.0,49.0,False,False,Kenneth R. Gill Stadium
401550392,2023,2,regular,2023-09-09 17:00:00,Waynesburg,Grove City,Presidents',Presidents',27.0,43.0,False,True,John F. Wiley Stadium
401550316,2023,2,regular,2023-09-09 17:00:00,Southern Virginia,Bridgewater,USA South,Old Dominion,9.0,35.0,False,False,Knight Stadium
401554815,2023,2,regular,2023-09-09 17:00:00,Buffalo State,Apprentice School,Liberty League,Independent DIII,23.0,37.0,False,False,Coyer Field
401550283,2023,2,regular,2023-09-09 17:00:00,Ohio Wesleyan,Wisconsin River Falls,North Coast,Wisconsin,10.0,37.0,False,False,Selby Stadium
401552997,2023,2,regular,2023-09-09 17:00:00,St. John Fisher,Hilbert,Empire 8,North Coast,62.0,7.0,False,False,Growney Stadium
401558398,2023,2,regular,2023-09-09 17:00:00,Post,Lincoln (PA),Independent DII,CIAA,32.0,48.0,True,False,Municipal Stadium
401550436,2023,2,regular,2023-09-09 17:00:00,Westminster (MO),Sewanee,Upper Midwest,Southern Athletic,14.0,32.0,False,False,Blue Jay Stadium
401541083,2023,2,regular,2023-09-09 17:00:00,DePauw,Anderson (IN),North Coast,Heartland,68.0,19.0,False,False,Blackstock Stadium
401540685,2023,2,regular,2023-09-09 17:00:00,Johnson C. Smith,Walsh,CIAA,Great Midwest Athletic,9.0,14.0,False,False,Irwin Belk Complex
401540785,2023,2,regular,2023-09-09 17:00:00,Michigan Tech,Hillsdale,GLIAC,Great Midwest Athletic,45.0,20.0,False,False,Sherman Field
401544070,2023,2,regular,2023-09-09 17:00:00,Adrian,Defiance College,Michigan,Heartland,17.0,34.0,False,False,Docking Stadium
401544116,2023,2,regular,2023-09-09 17:00:00,Carnegie Mellon,Saint Vincent,Presidents',Presidents',38.0,0.0,False,True,Gesling Stadium
401541886,2023,2,regular,2023-09-09 17:00:00,Bluefield State,Emory & Henry,Independent DII,South Atlantic,14.0,37.0,False,False,Mitchell Stadium
401540738,2023,2,regular,2023-09-09 17:00:00,Truman State,South Dakota Mines,Great Lakes,Rocky Mountain,28.0,24.0,False,False,Stokes Stadium
401544872,2023,2,regular,2023-09-09 17:00:00,Elizabeth City State,St. Augustine's,CIAA,CIAA,13.0,0.0,True,True,Rocky Mount Athletic Complex
401544881,2023,2,regular,2023-09-09 17:00:00,University of Mary,Sioux Falls,Northern Sun,Northern Sun,17.0,36.0,False,True,MDU Resources Community Bowl
401540668,2023,2,regular,2023-09-09 17:00:00,Shaw,Virginia Union,CIAA,CIAA,13.0,26.0,False,True,George Williams Athletic Complex
401540729,2023,2,regular,2023-09-09 17:00:00,Wayne State (MI),Missouri S&T,GLIAC,Great Lakes,31.0,24.0,False,False,Tom Adams Field
401541054,2023,2,regular,2023-09-09 17:00:00,Hobart,SUNY Morrisville,Liberty League,Empire 8,27.0,10.0,False,False,Boswell Field at David J. Urick Stadium
401547181,2023,2,regular,2023-09-09 17:00:00,Sul Ross State,Eastern New Mexico,American Southwest,Lone Star,12.0,51.0,False,False,Jackson Field
401549571,2023,2,regular,2023-09-09 17:00:00,Worcester State,Union,MSCAC,Liberty League,0.0,63.0,False,False,John Coughlin Memorial Field
401544126,2023,2,regular,2023-09-09 17:00:00,Westminster (PA),Thiel,Presidents',Presidents',28.0,7.0,False,True,Memorial Field (PA)
401541093,2023,2,regular,2023-09-09 17:00:00,Wooster,Olivet,North Coast,Michigan,24.0,22.0,False,False,John P. Papp Stadium
401541111,2023,2,regular,2023-09-09 17:00:00,Randolph Macon,Catholic,Old Dominion,Landmark Conference,59.0,14.0,False,False,Day Field
401541839,2023,2,regular,2023-09-09 17:00:00,Chowan,Delta State,Gulf South,Gulf South,18.0,42.0,False,True,Garrison Stadium
401540795,2023,2,regular,2023-09-09 17:00:00,Northern Michigan,Lake Erie,GLIAC,Great Midwest Athletic,21.0,24.0,False,False,Superior Dome
401547115,2023,2,regular,2023-09-09 17:00:00,Hope,Loras,Michigan,American Rivers,42.0,28.0,False,False,Ray and Sue Smith Stadium
401544052,2023,2,regular,2023-09-09 17:00:00,Utica,Moravian,Empire 8,Landmark Conference,35.0,20.0,False,False,Charles A. Gaetano Stadium
401545836,2023,2,regular,2023-09-09 17:00:00,Minnesota St Moorhead,Minot State,Northern Sun,Northern Sun,56.0,14.0,False,True,Scheels Field at Nemzek Stadium
401544061,2023,2,regular,2023-09-09 17:00:00,Widener,FDU Florham,Mid Atlantic,Mid Atlantic,30.0,20.0,False,True,Leslie C. Quick Jr. Stadium
401549731,2023,2,regular,2023-09-09 17:00:00,Merchant Marine,Gallaudet,NEWMAC,ECFC,30.0,13.0,False,False,Brooks Stadium (NY)
401550110,2023,2,regular,2023-09-09 17:00:00,Stevenson,Lebanon Valley,Mid Atlantic,Mid Atlantic,38.0,45.0,False,True,Mustang Stadium
401545744,2023,2,regular,2023-09-09 17:00:00,Wheeling,Frostburg State,Mountain East,Mountain East,16.0,20.0,False,True,Bishop Schmitt Field
401545973,2023,2,regular,2023-09-09 17:00:00,Southwest Baptist,Black Hills State,Great Lakes,Rocky Mountain,33.0,39.0,False,False,Plaster Sports Complex
401549818,2023,2,regular,2023-09-09 17:00:00,Susquehanna,Brockport,Landmark Conference,Empire 8,6.0,5.0,False,False,Amos Alonzo Stagg Field (PA)
401541002,2023,2,regular,2023-09-09 17:00:00,Clarion,Bloomsburg,Pennsylvania State Athletic,Pennsylvania State Athletic,7.0,21.0,False,True,"Memorial Stadium (Clarion, PA)"
401553861,2023,2,regular,2023-09-09 17:00:00,Dickinson,William Paterson,Centennial,New Jersey,29.0,17.0,False,False,Biddle Field
401540465,2023,2,regular,2023-09-09 17:00:00,Dayton,Central State,Pioneer,SIAC,62.0,24.0,False,False,Welcome Stadium
401532396,2023,2,regular,2023-09-09 17:30:00,Central Michigan,New Hampshire,Mid-American,Coastal Athletic,45.0,42.0,False,False,Kelly/Shorts Stadium
401550261,2023,2,regular,2023-09-09 17:30:00,Ohio Northern,Capital,Ohio,Ohio,40.0,7.0,False,True,Dial-Roberson Stadium
401550086,2023,2,regular,2023-09-09 17:30:00,Franklin,Aurora,Heartland,NACC,30.0,45.0,False,False,"Stewart """"Red"""" Faught Stadium"
401544991,2023,2,regular,2023-09-09 17:30:00,Baldwin Wallace,Wilmington (OH),Ohio,Ohio,61.0,25.0,False,True,George Finnie Stadium
401541919,2023,2,regular,2023-09-09 18:00:00,New Mexico Highlands,Western New Mexico,Rocky Mountain,Lone Star,48.0,41.0,False,False,Sanchez Family Stadium
401549682,2023,2,regular,2023-09-09 18:00:00,Rockford,St. Scholastica,NACC,Minnesota,38.0,37.0,False,False,Sam Greeley Field
401549628,2023,2,regular,2023-09-09 18:00:00,Crown,Simpson (IA),Upper Midwest,American Rivers,46.0,48.0,False,False,Old National Bank Stadium
401550201,2023,2,regular,2023-09-09 18:00:00,Cornell (IA),Lawrence,Midwest,Midwest,31.0,7.0,False,True,Van Metre Field at Ash Park
401544078,2023,2,regular,2023-09-09 18:00:00,Grinnell,Ripon,Midwest,Midwest,12.0,31.0,False,True,Rosenbloom Field
401549690,2023,2,regular,2023-09-09 18:00:00,Quincy,Madonna University (Mich.),Great Lakes,,89.0,0.0,False,False,QU Stadium
401540659,2023,2,regular,2023-09-09 18:00:00,Virginia State,Tusculum,CIAA,South Atlantic,21.0,17.0,False,False,Rogers Stadium (VA)
401547132,2023,2,regular,2023-09-09 18:00:00,Rhodes,Austin,Southern Athletic,American Southwest,19.0,17.0,False,False,Crain Field
401541929,2023,2,regular,2023-09-09 18:00:00,Central Missouri,Central Oklahoma,Mid America,Mid America,41.0,17.0,False,True,Audrey J. Walton Stadium at Vernon Kennedy Field
401541827,2023,2,regular,2023-09-09 18:00:00,William Jewell,Kentucky Wesleyan,Great Lakes,Great Midwest Athletic,34.0,41.0,True,False,Liberty North High School
401550367,2023,2,regular,2023-09-09 18:00:00,Maryville (TN),Centre,USA South,Southern Athletic,34.0,23.0,False,False,Lloyd L. Thornton Stadium
401541073,2023,2,regular,2023-09-09 18:00:00,Carleton,Pomona Pitzer,Minnesota,So. Cal.,45.0,24.0,False,False,Laird Stadium
401547054,2023,2,regular,2023-09-09 18:00:00,Clark Atlanta,Fort Valley State,SIAC,SIAC,17.0,40.0,False,True,CAU Panther Stadium
401549651,2023,2,regular,2023-09-09 18:00:00,Knox,Beloit,Midwest,Midwest,31.0,14.0,False,True,Harley Knosher Bowl
401547176,2023,2,regular,2023-09-09 18:00:00,Millsaps,McMurry,Southern Athletic,American Southwest,2.0,53.0,False,False,Harper Davis Field
401547126,2023,2,regular,2023-09-09 18:00:00,Nebraska Wesleyan,Mayville State,American Rivers,,33.0,30.0,True,False,Abel Stadium
401541130,2023,2,regular,2023-09-09 18:00:00,Wheaton (IL),Wisconsin Oshkosh,CCIW,Wisconsin,30.0,21.0,False,False,McCully Stadium
401540441,2023,2,regular,2023-09-09 18:00:00,South Dakota,St. Thomas (MN),MVFC,Pioneer,24.0,0.0,False,False,DakotaDome
401547100,2023,2,regular,2023-09-09 18:00:00,Coe,Wisconsin Eau Claire,American Rivers,Wisconsin,44.0,14.0,False,False,Clark Field
401549659,2023,2,regular,2023-09-09 18:00:00,Illinois College,Lake Forest,Midwest,Midwest,6.0,37.0,False,True,England Stadium
401550411,2023,2,regular,2023-09-09 18:00:00,Bethel (MN),Wartburg,Minnesota,American Rivers,2.0,16.0,False,False,Royal Stadium
401550244,2023,2,regular,2023-09-09 18:00:00,Wisconsin Stevens Point,St. Norbert,Wisconsin,NACC,31.0,28.0,False,False,Community Stadium at Goerke Park
401545820,2023,2,regular,2023-09-09 18:00:00,Winona State,Concordia St. Paul,Northern Sun,Northern Sun,33.0,8.0,False,True,Altra Federal Credit Union Stadium
401550188,2023,2,regular,2023-09-09 18:00:00,Wisconsin Whitewater,Saint John's (MN),Wisconsin,Minnesota,56.0,28.0,False,False,Perkins Stadium
401549673,2023,2,regular,2023-09-09 18:00:00,Oberlin,Concordia Chicago,North Coast,NACC,37.0,35.0,False,False,Austin E. Knowlton Athletics Complex
401552395,2023,2,regular,2023-09-09 18:00:00,Chadron State,Augustana (SD),Rocky Mountain,Northern Sun,3.0,27.0,False,False,Elliott Field at Don Beebe Stadium
401549768,2023,2,regular,2023-09-09 18:00:00,Martin Luther,Macalester,Upper Midwest,Minnesota,27.0,56.0,False,False,MLC Bowl
401550452,2023,2,regular,2023-09-09 18:00:00,Wisconsin Stout,Dickinson State University,Wisconsin,,21.0,24.0,False,False,Don and Nona Williams Stadium
401532400,2023,2,regular,2023-09-09 18:00:00,Bowling Green,Eastern Illinois,Mid-American,Big South-OVC,38.0,15.0,False,False,Doyt L. Perry Stadium
401550230,2023,2,regular,2023-09-09 18:00:00,Northwestern (MN),Concordia (WI),Upper Midwest,NACC,26.0,10.0,False,False,Reynolds Field
401550415,2023,2,regular,2023-09-09 18:00:00,Wisconsin La Crosse,Hardin Simmons,Wisconsin,American Southwest,21.0,28.0,False,False,Veterans Memorial Stadium (WI)
401540709,2023,2,regular,2023-09-09 18:00:00,McKendree,West Florida,Great Lakes,Gulf South,3.0,35.0,False,False,Leemon Field
401547091,2023,2,regular,2023-09-09 18:00:00,Illinois Wesleyan,Central College,CCIW,American Rivers,13.0,38.0,False,False,Tucci Stadium
401550213,2023,2,regular,2023-09-09 18:00:00,Monmouth (IL),Chicago,Midwest,Midwest,39.0,6.0,False,True,April Zorn Memorial Stadium
401525491,2023,2,regular,2023-09-09 18:15:00,Clemson,Charleston Southern,ACC,Big South-OVC,66.0,17.0,False,False,"Memorial Stadium (Clemson, SC)"
401540625,2023,2,regular,2023-09-09 18:30:00,Western Carolina,Samford,Southern,Southern,30.0,7.0,False,True,E. J. Whitmire Stadium
401547120,2023,2,regular,2023-09-09 19:00:00,Luther,St. Olaf,American Rivers,Minnesota,21.0,52.0,False,False,Legacy Field in Carlson Stadium
401550062,2023,2,regular,2023-09-09 19:00:00,Fitchburg State,Vermont State Castleton,MSCAC,ECFC,3.0,32.0,False,False,Elliot Field Athletic Complex
401541906,2023,2,regular,2023-09-09 19:00:00,Western Colorado,UT Permian Basin,Rocky Mountain,Lone Star,35.0,27.0,False,False,Mountaineer Bowl
401525828,2023,2,regular,2023-09-09 19:00:00,BYU,Southern Utah,Big 12,UAC,41.0,16.0,False,False,LaVell Edwards Stadium
401540312,2023,2,regular,2023-09-09 19:00:00,The Citadel,Campbell,Southern,Coastal Athletic,7.0,56.0,False,False,Johnson Hagood Stadium
401520196,2023,2,regular,2023-09-09 19:00:00,Kentucky,Eastern Kentucky,SEC,UAC,28.0,17.0,False,False,Kroger Field
401531432,2023,2,regular,2023-09-09 19:30:00,Navy,Wagner,American Athletic,NEC,24.0,0.0,False,False,Navy-Marine Corps Memorial Stadium
401520207,2023,2,regular,2023-09-09 19:30:00,Northwestern,UTEP,Big Ten,Conference USA,38.0,7.0,False,False,Ryan Field
401520203,2023,2,regular,2023-09-09 19:30:00,Michigan State,Richmond,Big Ten,Coastal Athletic,45.0,14.0,False,False,Spartan Stadium
401526833,2023,2,regular,2023-09-09 19:30:00,Massachusetts,Miami (OH),FBS Independents,Mid-American,28.0,41.0,False,False,Warren McGuirk Alumni Stadium
401531395,2023,2,regular,2023-09-09 19:30:00,UTSA,Texas State,American Athletic,Sun Belt,20.0,13.0,False,False,Alamodome
401520194,2023,2,regular,2023-09-09 19:30:00,Iowa State,Iowa,Big 12,Big Ten,13.0,20.0,False,False,Jack Trice Stadium
401520201,2023,2,regular,2023-09-09 19:30:00,Miami,Texas A&M,ACC,SEC,48.0,33.0,False,False,Hard Rock Stadium
401520202,2023,2,regular,2023-09-09 19:30:00,Michigan,UNLV,Big Ten,Mountain West,35.0,7.0,False,False,Michigan Stadium
401520214,2023,2,regular,2023-09-09 19:30:00,Tulane,Ole Miss,American Athletic,SEC,20.0,37.0,False,False,Yulman Stadium
401532397,2023,2,regular,2023-09-09 19:30:00,Northern Illinois,Southern Illinois,Mid-American,MVFC,11.0,14.0,False,False,Huskie Stadium
401525497,2023,2,regular,2023-09-09 19:30:00,Syracuse,Western Michigan,ACC,Mid-American,48.0,7.0,False,False,JMA Wireless Dome
401532398,2023,2,regular,2023-09-09 19:30:00,Toledo,Texas Southern,Mid-American,SWAC,71.0,3.0,False,False,Glass Bowl
401540383,2023,2,regular,2023-09-09 19:30:00,North Dakota State,Maine,MVFC,Coastal Athletic,44.0,7.0,False,False,Fargodome
401551486,2023,2,regular,2023-09-09 19:30:00,Ohio Dominican,Winston-Salem State,Great Midwest Athletic,CIAA,26.0,14.0,False,False,Panther Stadium (OH)
401540970,2023,2,regular,2023-09-09 19:30:00,Saint Anselm,Tiffin,Northeast 10,Great Midwest Athletic,7.0,42.0,False,False,Grappone Stadium
401553972,2023,2,regular,2023-09-09 20:00:00,Upper Iowa,St. Ambrose,Northern Sun,,45.0,26.0,False,False,Harms-Eischeid Stadium
401540272,2023,2,regular,2023-09-09 20:00:00,North Dakota,Northern Arizona,MVFC,Big Sky,37.0,22.0,False,False,Alerus Center
401550875,2023,2,regular,2023-09-09 20:00:00,Lewis & Clark,Willamette,Northwest,Northwest,38.0,7.0,False,True,Griswold Stadium
401540141,2023,2,regular,2023-09-09 20:00:00,Bethune-Cookman,Savannah State,SWAC,SIAC,31.0,6.0,False,False,Municipal Stadium
401544890,2023,2,regular,2023-09-09 20:00:00,IU Pennsylvania,East Stroudsburg,Pennsylvania State Athletic,Pennsylvania State Athletic,12.0,13.0,False,True,George P. Miller Stadium
401547032,2023,2,regular,2023-09-09 20:00:00,Edward Waters,Benedict,SIAC,SIAC,0.0,34.0,False,True,Earl Kitchings Stadium
401540079,2023,2,regular,2023-09-09 20:00:00,Merrimack,Lehigh,NEC,Patriot,12.0,14.0,False,False,Duane Stadium
401540279,2023,2,regular,2023-09-09 20:00:00,Northern Colorado,Incarnate Word,Big Sky,Southland,7.0,42.0,False,False,Nottingham Field
401540558,2023,2,regular,2023-09-09 20:00:00,San Diego,Colorado Mesa,Pioneer,Rocky Mountain,21.0,28.0,False,False,Torero Stadium
401544087,2023,2,regular,2023-09-09 20:00:00,Eastern Oregon,Whitworth,,Northwest,28.0,42.0,True,False,
401531411,2023,2,regular,2023-09-09 20:00:00,East Carolina,Marshall,American Athletic,Sun Belt,13.0,31.0,False,False,Dowdy-Ficklen Stadium
401540100,2023,2,regular,2023-09-09 20:00:00,Western Illinois,Illinois State,MVFC,MVFC,18.0,34.0,False,True,Hanson Field
401550470,2023,2,regular,2023-09-09 20:00:00,Pacific (OR),George Fox,Northwest,Northwest,9.0,14.0,False,True,Hanson Stadium
401550168,2023,2,regular,2023-09-09 20:00:00,Concordia (MN),Pacific Lutheran,Minnesota,Northwest,26.0,21.0,False,False,Jake Christiansen Stadium
401532578,2023,2,regular,2023-09-09 20:00:00,San José State,Cal Poly,Mountain West,Big Sky,59.0,3.0,False,False,CEFCU Stadium
401532580,2023,2,regular,2023-09-09 20:00:00,Wyoming,Portland State,Mountain West,Big Sky,31.0,17.0,False,False,War Memorial Stadium
401520184,2023,2,regular,2023-09-09 20:00:00,Arkansas,Kent State,SEC,Mid-American,28.0,6.0,False,False,Razorback Stadium
401541926,2023,2,regular,2023-09-09 20:05:00,Western Oregon,Lincoln (CA),Lone Star,,29.0,14.0,False,False,McArthur Field
401550080,2023,2,regular,2023-09-09 21:00:00,UMass Dartmouth,Curry,MSCAC,Commonwealth Coast,28.0,14.0,False,False,Cressy Field
401540310,2023,2,regular,2023-09-09 21:00:00,Northern Iowa,Weber State,MVFC,Big Sky,17.0,34.0,False,False,UNI-Dome
401524004,2023,2,regular,2023-09-09 21:00:00,Washington,Tulsa,Pac-12,American Athletic,43.0,10.0,False,False,Husky Stadium
401531844,2023,2,regular,2023-09-09 21:00:00,South Alabama,SE Louisiana,Sun Belt,Southland,35.0,17.0,False,False,Hancock Whitney Stadium
401520213,2023,2,regular,2023-09-09 21:00:00,Tennessee,Austin Peay,SEC,UAC,30.0,13.0,False,False,Neyland Stadium
401525495,2023,2,regular,2023-09-09 21:15:00,North Carolina,App State,ACC,Sun Belt,40.0,34.0,False,False,Kenan Stadium
401540590,2023,2,regular,2023-09-09 21:30:00,East Tennessee State,Carson Newman,Southern,South Atlantic,42.0,0.0,False,False,William B. Greene Jr. Stadium
401540581,2023,2,regular,2023-09-09 22:00:00,Chattanooga,Kennesaw State,Southern,FCS Independents,27.0,20.0,False,False,Finley Stadium
401531842,2023,2,regular,2023-09-09 22:00:00,Old Dominion,Louisiana,Sun Belt,Sun Belt,38.0,31.0,False,True,S.B. Ballard Stadium
401547006,2023,2,regular,2023-09-09 22:00:00,Catawba,Livingstone,South Atlantic,CIAA,55.0,15.0,False,False,Shuford Stadium
401540033,2023,2,regular,2023-09-09 22:00:00,Robert Morris,Saint Francis,Big South,NEC,31.0,21.0,False,False,Joe Walton Stadium
401545811,2023,2,regular,2023-09-09 22:00:00,Southwest Minnesota State,Bemidji State,Northern Sun,Northern Sun,14.0,34.0,False,True,Schwan Regional Event Center
401540803,2023,2,regular,2023-09-09 22:00:00,Saginaw Valley State,Northwood,GLIAC,Great Midwest Athletic,31.0,8.0,False,False,Harvey Randall Wickes Memorial Stadium
401550361,2023,2,regular,2023-09-09 22:00:00,Lyon,Belhaven,,USA South,15.0,48.0,True,False,
401550323,2023,2,regular,2023-09-09 22:00:00,Ferrum,North Carolina Wesleyan,Old Dominion,USA South,34.0,0.0,False,False,W.B. Adams Stadium
401540616,2023,2,regular,2023-09-09 22:00:00,William & Mary,Wofford,Coastal Athletic,Southern,23.0,6.0,False,False,Zable Stadium
401540605,2023,2,regular,2023-09-09 22:00:00,Villanova,Colgate,Coastal Athletic,Patriot,42.0,19.0,False,False,Villanova Stadium
401540410,2023,2,regular,2023-09-09 22:00:00,Gardner-Webb,Elon,Big South-OVC,Coastal Athletic,34.0,27.0,False,False,Ernest W. Spangler Stadium
401541064,2023,2,regular,2023-09-09 22:00:00,Bluffton,Albion,Heartland,Michigan,20.0,42.0,False,False,Alumni Field (OH)
401549803,2023,2,regular,2023-09-09 22:00:00,Methodist,Guilford,USA South,Old Dominion,21.0,39.0,False,False,Monarch Stadium
401541865,2023,2,regular,2023-09-09 22:00:00,Albany State,Valdosta State,SIAC,Gulf South,16.0,21.0,False,False,Albany State University Coliseum
401550074,2023,2,regular,2023-09-09 22:00:00,Manchester,Alma,Heartland,Michigan,0.0,68.0,False,False,Carl W. Burt Memorial Stadium
401549785,2023,2,regular,2023-09-09 22:00:00,Averett,Greensboro,Old Dominion,USA South,34.0,7.0,False,False,Daly Field at Frank R. Campbell Stadium
401540116,2023,2,regular,2023-09-09 22:00:00,Alabama State,Miles,SWAC,SIAC,17.0,21.0,False,False,Hornet Stadium
401545967,2023,2,regular,2023-09-09 22:00:00,Slippery Rock,West Chester,Pennsylvania State Athletic,Pennsylvania State Athletic,49.0,24.0,False,True,Mihalik-Thompson Stadium
401525833,2023,2,regular,2023-09-09 22:00:00,West Virginia,Duquesne,Big 12,NEC,56.0,17.0,False,False,Milan Puskar Stadium
401544135,2023,2,regular,2023-09-09 22:00:00,LaGrange,Berry,USA South,Southern Athletic,3.0,70.0,False,False,Callaway Stadium
401520198,2023,2,regular,2023-09-09 22:00:00,Liberty,New Mexico State,Conference USA,Conference USA,33.0,17.0,False,True,Williams Stadium (VA)
401540676,2023,2,regular,2023-09-09 22:00:00,Fayetteville State,Lenoir Rhyne,CIAA,South Atlantic,10.0,24.0,False,False,"Luther ""Nick"" Jeralds Stadium"
401547186,2023,2,regular,2023-09-09 22:00:00,Johns Hopkins,Christopher Newport,Centennial,New Jersey,20.0,14.0,False,False,Homewood Field
401531378,2023,2,regular,2023-09-09 22:00:00,Georgia Southern,UAB,Sun Belt,American Athletic,49.0,35.0,False,False,Allen E. Paulson Stadium
401541024,2023,2,regular,2023-09-09 22:00:00,Mercyhurst,Lock Haven,Pennsylvania State Athletic,Pennsylvania State Athletic,41.0,29.0,False,True,Saxon Stadium
401540503,2023,2,regular,2023-09-09 22:00:00,Towson,Monmouth,Coastal Athletic,Coastal Athletic,23.0,42.0,False,True,Johnny Unitas Stadium
401540020,2023,2,regular,2023-09-09 22:00:00,Bryant,Long Island University,Big South-OVC,NEC,21.0,10.0,False,False,Bulldog Stadium
401552431,2023,2,regular,2023-09-09 22:00:00,Allen,Columbus State,SIAC,,49.0,0.0,False,False,W.C. Hawkins Stadium
401539987,2023,2,regular,2023-09-09 22:00:00,Hampton,Norfolk State,Coastal Athletic,MEAC,23.0,31.0,False,False,Armstrong Stadium
401540454,2023,2,regular,2023-09-09 22:00:00,Indiana Wesleyan,Valparaiso,,Pioneer,24.0,22.0,True,False,Wildcat Football Stadium
401525492,2023,2,regular,2023-09-09 22:00:00,Duke,Lafayette,ACC,Patriot,42.0,7.0,False,False,Wallace Wade Stadium
401532401,2023,2,regular,2023-09-09 22:00:00,Buffalo,Fordham,Mid-American,Patriot,37.0,40.0,False,False,UB Stadium
401525830,2023,2,regular,2023-09-09 22:00:00,Oklahoma,SMU,Big 12,American Athletic,28.0,11.0,False,False,"Memorial Stadium (Norman, OK)"
401531419,2023,2,regular,2023-09-09 22:00:00,Florida Atlantic,Ohio,American Athletic,Mid-American,10.0,17.0,False,False,FAU Stadium
401532399,2023,2,regular,2023-09-09 22:00:00,Akron,Morgan State,Mid-American,MEAC,24.0,21.0,False,False,InfoCision Stadium
401540991,2023,2,regular,2023-09-09 22:00:00,West Virginia State,UNC Pembroke,Mountain East,Mountain East,37.0,35.0,False,True,Dickerson Stadium
401540047,2023,2,regular,2023-09-09 22:00:00,Bucknell,VMI,Patriot,Southern,21.0,13.0,False,False,Christy Mathewson-Memorial Stadium
401520189,2023,2,regular,2023-09-09 22:30:00,Florida International,North Texas,Conference USA,American Athletic,46.0,39.0,False,False,FIU Stadium
401525496,2023,2,regular,2023-09-09 22:30:00,Pittsburgh,Cincinnati,ACC,Big 12,21.0,27.0,False,False,Acrisure Stadium
401549698,2023,2,regular,2023-09-09 22:30:00,Bentley,New Haven,Northeast 10,Northeast 10,13.0,14.0,False,True,Bentley University Football Stadium
401540133,2023,2,regular,2023-09-09 23:00:00,Tennessee State,Arkansas-Pine Bluff,Big South-OVC,SWAC,24.0,14.0,True,False,Simmons Bank Liberty Stadium
401540513,2023,2,regular,2023-09-09 23:00:00,Drake,Northwestern (IA),Pioneer,,24.0,27.0,False,False,Drake Stadium
401547149,2023,2,regular,2023-09-09 23:00:00,Trinity (TX),Mary Hardin Baylor,Southern Athletic,American Southwest,35.0,16.0,False,False,Trinity University Stadium
401541761,2023,2,regular,2023-09-09 23:00:00,Southeastern Oklahoma State,Henderson State,Great American,Great American,28.0,38.0,False,True,Paul Laird Field
401549759,2023,2,regular,2023-09-09 23:00:00,Huntingdon,Birmingham-Southern,USA South,Southern Athletic,16.0,0.0,False,False,Charles Lee Field at Samford Stadium
401550095,2023,2,regular,2023-09-09 23:00:00,Trine,Rose Hulman,Michigan,Heartland,28.0,30.0,False,False,Fred Zollner Athletic Stadium
401545843,2023,2,regular,2023-09-09 23:00:00,Minnesota State,Wayne State (NE),Northern Sun,Northern Sun,31.0,14.0,False,True,Blakeslee Stadium
401555473,2023,2,regular,2023-09-09 23:00:00,Eastern,Alvernia,Mid Atlantic,Mid Atlantic,30.0,23.0,True,True,O'Hara Field
401552542,2023,2,regular,2023-09-09 23:00:00,American International,Franklin Pierce,Northeast 10,Northeast 10,27.0,24.0,False,True,Ronald J. Abdow Field
401551918,2023,2,regular,2023-09-09 23:00:00,Rochester (NY),Alfred State,Liberty League,ECFC,49.0,7.0,False,False,Edwin Fauver Stadium
401550180,2023,2,regular,2023-09-09 23:00:00,Minnesota Morris,Hamline,Upper Midwest,Minnesota,28.0,49.0,False,False,Big Cat Stadium
401547081,2023,2,regular,2023-09-09 23:00:00,Buena Vista,Lakeland,American Rivers,NACC,16.0,34.0,False,False,J. Leslie Rollins Stadium
401541768,2023,2,regular,2023-09-09 23:00:00,Ouachita Baptist,Northwestern (OK),Great American,Great American,66.0,0.0,False,True,Cliff Harris Stadium
401541966,2023,2,regular,2023-09-09 23:00:00,Lincoln (MO),Missouri Western,Independent DII,Mid America,14.0,68.0,False,False,Dwight T. Reed Stadium
401546999,2023,2,regular,2023-09-09 23:00:00,Newberry,North Greenville,South Atlantic,Gulf South,14.0,24.0,False,False,Setzler Field
401547108,2023,2,regular,2023-09-09 23:00:00,Dubuque,Wisconsin Platteville,American Rivers,Wisconsin,19.0,35.0,False,False,Chalmers Field
401541802,2023,2,regular,2023-09-09 23:00:00,Ashland,Ferris State,Great Midwest Athletic,GLIAC,28.0,38.0,False,False,Jack Miller Stadium
401540718,2023,2,regular,2023-09-09 23:00:00,Arkansas Tech,Southern Nazarene,Great American,Great American,31.0,38.0,False,True,Thone Stadium at Buerkle Field
401547141,2023,2,regular,2023-09-09 23:00:00,Howard Payne,Nelson (TX),American Southwest,,42.0,10.0,False,False,Gordon Wood Stadium
401540746,2023,2,regular,2023-09-09 23:00:00,Grand Valley State,CSU Pueblo,GLIAC,Rocky Mountain,57.0,49.0,False,False,Lubbers Stadium
401540167,2023,2,regular,2023-09-09 23:00:00,Prairie View A&M,Abilene Christian,SWAC,UAC,16.0,45.0,False,False,Panther Stadium
401540125,2023,2,regular,2023-09-09 23:00:00,Stephen F. Austin,Alcorn State,UAC,SWAC,38.0,10.0,False,False,Homer Bryce Stadium
401550254,2023,2,regular,2023-09-09 23:00:00,Denison,Linfield,North Coast,Northwest,14.0,28.0,False,False,Deeds Field-Piper Stadium
401545707,2023,2,regular,2023-09-09 23:00:00,Charleston (WV),Concord,Mountain East,Mountain East,54.0,14.0,False,True,University of Charleston Stadium
401540183,2023,2,regular,2023-09-09 23:00:00,Central Arkansas,Texas College,UAC,,70.0,2.0,False,False,Estes Stadium
401540566,2023,2,regular,2023-09-09 23:00:00,Stetson,Webber International,Pioneer,,38.0,28.0,False,False,Spec Martin Municipal Stadium
401540494,2023,2,regular,2023-09-09 23:00:00,Southeast Missouri State,Lindenwood,Big South-OVC,Big South-OVC,45.0,7.0,False,True,Houck Field
401540528,2023,2,regular,2023-09-09 23:00:00,Mercer,Morehead State,Southern,Pioneer,48.0,22.0,False,False,Five Star Stadium at the Moye Complex
401539994,2023,2,regular,2023-09-09 23:00:00,North Carolina A&T,North Carolina Central,Coastal Athletic,MEAC,16.0,30.0,False,False,Aggie Stadium
401540346,2023,2,regular,2023-09-09 23:00:00,UT Martin,Missouri State,Big South-OVC,MVFC,38.0,31.0,False,False,Graham Stadium
401540266,2023,2,regular,2023-09-09 23:00:00,South Dakota State,Montana State,MVFC,Big Sky,20.0,16.0,False,False,Dana J. Dykhouse Stadium
401540160,2023,2,regular,2023-09-09 23:00:00,Southern,Jackson State,SWAC,SWAC,14.0,27.0,False,True,Ace W. Mumford Stadium
401520197,2023,2,regular,2023-09-09 23:00:00,Louisiana Tech,Northwestern State,Conference USA,Southland,51.0,21.0,False,False,Joe Aillet Stadium
401520206,2023,2,regular,2023-09-09 23:00:00,Missouri,Middle Tennessee,SEC,Conference USA,23.0,19.0,False,False,Memorial Stadium
401540776,2023,2,regular,2023-09-09 23:00:00,Arkansas Monticello,Southwestern Oklahoma State,Great American,Great American,58.0,21.0,False,True,Convoy Leslie Cotton Boll Stadium
401534850,2023,2,regular,2023-09-09 23:00:00,Howard,Morehouse,MEAC,SIAC,65.0,19.0,False,False,William H. Greene Stadium
401540085,2023,2,regular,2023-09-09 23:00:00,Alabama A&M,Lane College,SWAC,SIAC,51.0,13.0,False,False,Louis Crews Stadium
401541890,2023,2,regular,2023-09-09 23:00:00,Angelo State,Colorado School of Mines,Lone Star,Rocky Mountain,21.0,31.0,False,False,LeGrand Stadium at 1st Community Credit Union Field
401545828,2023,2,regular,2023-09-09 23:00:00,Northern State,Minnesota Duluth,Northern Sun,Northern Sun,21.0,41.0,False,True,Swisher Field
401520192,2023,2,regular,2023-09-09 23:00:00,Georgia State,UConn,Sun Belt,FBS Independents,35.0,14.0,False,False,Center Parc Stadium
401540201,2023,2,regular,2023-09-09 23:00:00,Tarleton State,North Alabama,UAC,UAC,52.0,31.0,False,True,"Memorial Stadium (Stephenville, TX)"
401520218,2023,2,regular,2023-09-09 23:00:00,Western Kentucky,Houston Christian,Conference USA,Southland,52.0,22.0,False,False,Houchens Industries-L.T. Smith Stadium
401531422,2023,2,regular,2023-09-09 23:00:00,South Florida,Florida A&M,American Athletic,SWAC,38.0,24.0,False,False,Raymond James Stadium
401520183,2023,2,regular,2023-09-09 23:00:00,Alabama,Texas,SEC,Big 12,24.0,34.0,False,False,Bryant-Denny Stadium
401547213,2023,2,regular,2023-09-09 23:00:00,Carroll (WI),Wisconsin Lutheran,CCIW,NACC,51.0,7.0,False,False,Schneider Stadium
401531427,2023,2,regular,2023-09-09 23:00:00,Arkansas State,Memphis,Sun Belt,American Athletic,3.0,37.0,False,False,Centennial Bank Stadium
401532576,2023,2,regular,2023-09-09 23:00:00,Nevada,Idaho,Mountain West,Big Sky,6.0,33.0,False,False,Mackay Stadium
401525831,2023,2,regular,2023-09-09 23:00:00,Rice,Houston,American Athletic,Big 12,43.0,41.0,False,False,Rice Stadium
401520187,2023,2,regular,2023-09-09 23:00:00,Coastal Carolina,Jacksonville State,Sun Belt,Conference USA,30.0,16.0,False,False,Brooks Stadium (SC)
401524002,2023,2,regular,2023-09-09 23:00:00,Texas Tech,Oregon,Big 12,Pac-12,30.0,38.0,False,False,Jones AT&T Stadium
401525827,2023,2,regular,2023-09-09 23:00:00,Boise State,UCF,Mountain West,Big 12,16.0,18.0,False,False,Albertsons Stadium
401520199,2023,2,regular,2023-09-09 23:30:00,LSU,Grambling,SEC,SWAC,72.0,10.0,False,False,Tiger Stadium (LA)
401520212,2023,2,regular,2023-09-09 23:30:00,South Carolina,Furman,SEC,Southern,47.0,21.0,False,False,Williams-Brice Stadium
401520217,2023,2,regular,2023-09-09 23:30:00,Washington State,Wisconsin,Pac-12,Big Ten,31.0,22.0,False,False,Gesa Field
401520190,2023,2,regular,2023-09-09 23:30:00,Florida,McNeese,SEC,Southland,49.0,7.0,False,False,Ben Hill Griffin Stadium
401524001,2023,2,regular,2023-09-09 23:30:00,San Diego State,UCLA,Mountain West,Pac-12,10.0,35.0,False,False,Snapdragon Stadium
401520205,2023,2,regular,2023-09-09 23:30:00,Mississippi State,Arizona,SEC,Pac-12,31.0,24.0,False,False,Davis Wade Stadium
401520204,2023,2,regular,2023-09-09 23:30:00,Minnesota,Eastern Michigan,Big Ten,Mid-American,25.0,6.0,False,False,Huntington Bank Stadium
401520210,2023,2,regular,2023-09-09 23:30:00,Rutgers,Temple,Big Ten,American Athletic,36.0,7.0,False,False,SHI Stadium
401520200,2023,2,regular,2023-09-09 23:30:00,Maryland,Charlotte,Big Ten,American Athletic,38.0,20.0,False,False,SECU Stadium
401541973,2023,2,regular,2023-09-10 00:00:00,Nebraska Kearney,Northeastern State,Mid America,Mid America,31.0,17.0,False,True,Ron & Carol Cope Stadium at Foster Field
401541752,2023,2,regular,2023-09-10 00:00:00,Harding,Oklahoma Baptist,Great American,Great American,49.0,10.0,False,True,First Security Stadium
401540981,2023,2,regular,2023-09-10 00:00:00,Midwestern State,Mississippi College,Lone Star,Gulf South,30.0,17.0,False,False,"Memorial Stadium (Wichita Falls, TX)"
401550406,2023,2,regular,2023-09-10 00:00:00,East Texas Baptist,Hendrix,American Southwest,Southern Athletic,38.0,37.0,False,False,Ornelas Stadium
401541913,2023,2,regular,2023-09-10 00:00:00,West Texas,Adams State,Lone Star,Rocky Mountain,28.0,7.0,False,False,Buffalo Stadium
401541044,2023,2,regular,2023-09-10 00:00:00,Southwestern U,Texas Lutheran,Southern Athletic,American Southwest,7.0,39.0,False,False,Birkelbach Field
401541882,2023,2,regular,2023-09-10 00:00:00,Texas A&M-Kingsville,West Georgia,Lone Star,Gulf South,20.0,17.0,False,False,Javelina Stadium
401531843,2023,2,regular,2023-09-10 00:00:00,UL Monroe,Lamar,Sun Belt,Southland,24.0,14.0,False,False,Malone Stadium
401532577,2023,2,regular,2023-09-10 00:00:00,New Mexico,Tennessee Tech,Mountain West,Big South-OVC,56.0,10.0,False,False,University Stadium (NM)
401525832,2023,2,regular,2023-09-10 00:00:00,TCU,Nicholls,Big 12,Southland,41.0,6.0,False,False,Amon G. Carter Stadium
401520211,2023,2,regular,2023-09-10 00:00:00,Sam Houston,Air Force,Conference USA,Mountain West,3.0,13.0,True,False,NRG Stadium
401532579,2023,2,regular,2023-09-10 00:00:00,Utah State,Idaho State,Mountain West,Big Sky,78.0,28.0,False,False,Maverik Stadium
401525493,2023,2,regular,2023-09-10 00:30:00,Florida State,Southern Miss,ACC,Sun Belt,66.0,13.0,False,False,Doak Campbell Stadium
401524000,2023,2,regular,2023-09-10 01:00:00,Oregon State,UC Davis,Pac-12,Big Sky,55.0,7.0,False,False,Reser Stadium
401540220,2023,2,regular,2023-09-10 01:00:00,Utah Tech,Montana,UAC,Big Sky,13.0,43.0,False,False,Greater Zion Stadium
401546005,2023,2,regular,2023-09-10 01:00:00,Phoenix,Fort Lewis,,Rocky Mountain,49.0,25.0,True,False,ACU Football Field
401532574,2023,2,regular,2023-09-10 01:00:00,Fresno State,Eastern Washington,Mountain West,Big Sky,34.0,31.0,False,False,Valley Children's Stadium
401540286,2023,2,regular,2023-09-10 02:00:00,Sacramento State,East Texas A&M,Big Sky,Southland,34.0,6.0,False,False,Hornet Stadium
401520186,2023,2,regular,2023-09-10 02:30:00,California,Auburn,Pac-12,SEC,10.0,14.0,False,False,California Memorial Stadium
401523998,2023,2,regular,2023-09-10 02:30:00,Arizona State,Oklahoma State,Pac-12,Big 12,15.0,27.0,False,False,Mountain America Stadium
401524003,2023,2,regular,2023-09-10 02:30:00,USC,Stanford,Pac-12,Pac-12,56.0,10.0,False,True,Los Angeles Memorial Coliseum
401532575,2023,2,regular,2023-09-10 03:59:00,Hawai'i,UAlbany,Mountain West,Coastal Athletic,31.0,20.0,False,False,Clarence T.C. Ching Athletics Complex
401531428,2023,3,regular,2023-09-14 23:30:00,Memphis,Navy,American Athletic,American Athletic,28.0,24.0,False,True,Simmons Bank Liberty Stadium
401525499,2023,3,regular,2023-09-14 23:30:00,Miami,Bethune-Cookman,ACC,SWAC,48.0,7.0,False,False,Hard Rock Stadium
401531396,2023,3,regular,2023-09-15 23:00:00,UTSA,Army,American Athletic,FBS Independents,29.0,37.0,False,False,Alamodome
401549572,2023,3,regular,2023-09-15 23:00:00,Union,Springfield,Liberty League,NEWMAC,34.0,7.0,False,False,Frank Bailey Field
401520231,2023,3,regular,2023-09-15 23:00:00,Maryland,Virginia,Big Ten,ACC,42.0,14.0,False,False,SECU Stadium
401552479,2023,3,regular,2023-09-15 23:00:00,Western Connecticut State,Westfield State,MSCAC,MSCAC,42.0,0.0,False,True,Westside Athletic Complex
401532581,2023,3,regular,2023-09-16 00:00:00,Air Force,Utah State,Mountain West,Mountain West,39.0,21.0,False,True,Falcon Stadium
401541055,2023,3,regular,2023-09-16 16:00:00,SUNY Morrisville,Catholic,Empire 8,Landmark Conference,20.0,31.0,False,False,Drake Field (NY)
401532582,2023,3,regular,2023-09-16 16:00:00,Boise State,North Dakota,Mountain West,MVFC,42.0,18.0,False,False,Albertsons Stadium
401525834,2023,3,regular,2023-09-16 16:00:00,Baylor,Long Island University,Big 12,NEC,30.0,7.0,False,False,McLane Stadium
401545862,2023,3,regular,2023-09-16 16:00:00,California (PA),Shepherd,Pennsylvania State Athletic,Pennsylvania State Athletic,34.0,44.0,False,True,Adamson Stadium
401540066,2023,3,regular,2023-09-16 16:00:00,Yale,Holy Cross,Ivy,Patriot,24.0,49.0,False,False,Yale Bowl
401520230,2023,3,regular,2023-09-16 16:00:00,Indiana,Louisville,Big Ten,ACC,14.0,21.0,True,False,Lucas Oil Stadium
401520226,2023,3,regular,2023-09-16 16:00:00,Illinois,Penn State,Big Ten,Big Ten,13.0,30.0,False,True,"Memorial Stadium (Champaign, IL)"
401525504,2023,3,regular,2023-09-16 16:00:00,Old Dominion,Wake Forest,Sun Belt,ACC,24.0,27.0,False,False,S.B. Ballard Stadium
401550096,2023,3,regular,2023-09-16 16:00:00,Albion,Rose Hulman,Michigan,Heartland,48.0,19.0,False,False,Sprankle-Sprandel Stadium
401520222,2023,3,regular,2023-09-16 16:00:00,Buffalo,Liberty,Mid-American,Conference USA,27.0,55.0,False,False,UB Stadium
401520249,2023,3,regular,2023-09-16 16:00:00,Wisconsin,Georgia Southern,Big Ten,Sun Belt,35.0,14.0,False,False,Camp Randall Stadium
401525838,2023,3,regular,2023-09-16 16:00:00,Ohio,Iowa State,Mid-American,Big 12,10.0,7.0,False,False,Peden Stadium
401532404,2023,3,regular,2023-09-16 16:00:00,Kent State,Central Connecticut,Mid-American,NEC,38.0,10.0,False,False,Dix Stadium
401525500,2023,3,regular,2023-09-16 16:00:00,Boston College,Florida State,ACC,ACC,29.0,31.0,False,True,"Alumni Stadium (Chestnut Hill, MA)"
401553019,2023,3,regular,2023-09-16 16:00:00,Salve Regina,Rochester (NY),Commonwealth Coast,Liberty League,10.0,17.0,False,False,Toppa Field
401547196,2023,3,regular,2023-09-16 16:00:00,Alfred State,Husson,ECFC,Commonwealth Coast,13.0,31.0,False,False,Pioneer Stadium
401544062,2023,3,regular,2023-09-16 16:00:00,FDU Florham,Stevenson,Mid Atlantic,Mid Atlantic,21.0,24.0,False,True,Robert T. Shields Field
401549819,2023,3,regular,2023-09-16 16:00:00,SUNY Cortland,Susquehanna,Empire 8,Landmark Conference,35.0,38.0,False,False,Stadium Red Field
401549713,2023,3,regular,2023-09-16 16:00:00,Hamilton,Bowdoin,NESCAC,NESCAC,12.0,26.0,False,True,Steuben Field
401540080,2023,3,regular,2023-09-16 16:00:00,Lehigh,Cornell,Patriot,Ivy,20.0,23.0,False,False,Goodman Stadium
401545875,2023,3,regular,2023-09-16 16:00:00,Kutztown,Mercyhurst,Pennsylvania State Athletic,Pennsylvania State Athletic,47.0,14.0,False,True,Andre Reed Stadium
401558978,2023,3,regular,2023-09-16 16:00:00,SUNY Maritime,Endicott,NEWMAC,Commonwealth Coast,0.0,27.0,False,False,Reinhart Field
401541034,2023,3,regular,2023-09-16 16:00:00,Limestone,Carson Newman,South Atlantic,South Atlantic,45.0,14.0,False,True,The Reservation
401541014,2023,3,regular,2023-09-16 16:00:00,West Chester,Gannon,Pennsylvania State Athletic,Pennsylvania State Athletic,38.0,31.0,False,True,John A. Farrell Stadium
401520236,2023,3,regular,2023-09-16 16:00:00,Missouri,Kansas State,SEC,Big 12,30.0,27.0,False,False,Memorial Stadium
401552543,2023,3,regular,2023-09-16 16:00:00,Pace,Franklin Pierce,Northeast 10,Northeast 10,2.0,41.0,False,True,Pace Stadium
401554816,2023,3,regular,2023-09-16 16:00:00,Dean,Buffalo State,ECFC,Liberty League,7.0,41.0,False,False,Dale Lippert Field
401550132,2023,3,regular,2023-09-16 16:00:00,Framingham State,UMass Dartmouth,MSCAC,MSCAC,7.0,33.0,False,True,Bowditch Field
401541840,2023,3,regular,2023-09-16 16:00:00,Shorter,Chowan,Gulf South,Gulf South,57.0,20.0,False,True,Barron Stadium
401552459,2023,3,regular,2023-09-16 16:00:00,Wilkes,Brockport,Landmark Conference,Empire 8,7.0,31.0,False,False,Schmidt Stadium
401545753,2023,3,regular,2023-09-16 16:00:00,Glenville State,Notre Dame College,Mountain East,Mountain East,24.0,21.0,False,True,I.L. & Sue Morris Stadium
401547206,2023,3,regular,2023-09-16 16:00:00,Gallaudet,New England,ECFC,Commonwealth Coast,10.0,31.0,False,False,Hotchkiss Field
401551931,2023,3,regular,2023-09-16 16:00:00,Keystone,St. John Fisher,Landmark Conference,Empire 8,20.0,35.0,False,False,Athletic Field Complex
401550324,2023,3,regular,2023-09-16 16:00:00,Ferrum,LaGrange,Old Dominion,USA South,13.0,10.0,False,False,W.B. Adams Stadium
401552474,2023,3,regular,2023-09-16 16:00:00,Worcester State,Fitchburg State,MSCAC,MSCAC,33.0,13.0,False,True,John Coughlin Memorial Field
401544053,2023,3,regular,2023-09-16 16:00:00,Lycoming,Utica,Landmark Conference,Empire 8,35.0,38.0,False,False,David Person Field
401549723,2023,3,regular,2023-09-16 16:00:00,Coast Guard,Nichols,NEWMAC,Commonwealth Coast,49.0,42.0,False,False,Cadet Memorial Field
401520235,2023,3,regular,2023-09-16 16:00:00,Mississippi State,LSU,SEC,SEC,14.0,41.0,False,True,Davis Wade Stadium
401540992,2023,3,regular,2023-09-16 16:00:00,UNC Pembroke,Charleston (WV),Mountain East,Mountain East,29.0,37.0,False,True,Grace P. Johnson Stadium
401552467,2023,3,regular,2023-09-16 16:00:00,Bridgewater State,Plymouth State,MSCAC,MSCAC,41.0,19.0,False,True,Edward C. Swenson Athletic Complex
401540072,2023,3,regular,2023-09-16 16:30:00,Lafayette,Columbia,Patriot,Ivy,24.0,3.0,False,False,Fisher Field
401540039,2023,3,regular,2023-09-16 16:30:00,Georgetown,Stonehill,Patriot,NEC,20.0,23.0,False,False,Cooper Field
401555474,2023,3,regular,2023-09-16 17:00:00,Alvernia,Widener,Mid Atlantic,Mid Atlantic,7.0,57.0,False,True,Turf Field
401540341,2023,3,regular,2023-09-16 17:00:00,Harvard,St. Thomas (MN),Ivy,Pioneer,45.0,13.0,False,False,Harvard Stadium
401540044,2023,3,regular,2023-09-16 17:00:00,Sacred Heart,Wagner,NEC,NEC,10.0,17.0,False,True,Campus Field
401553028,2023,3,regular,2023-09-16 17:00:00,William Paterson,McDaniel,New Jersey,Centennial,35.0,14.0,False,False,Wightman Stadium
401541112,2023,3,regular,2023-09-16 17:00:00,Southern Virginia,Randolph Macon,USA South,Old Dominion,10.0,51.0,False,False,Knight Stadium
401544117,2023,3,regular,2023-09-16 17:00:00,Saint Vincent,Allegheny,Presidents',Presidents',23.0,19.0,False,True,Chuck Noll Field
401549804,2023,3,regular,2023-09-16 17:00:00,Washington and Lee,Methodist,Old Dominion,USA South,54.0,14.0,False,False,Wilson Field
401549624,2023,3,regular,2023-09-16 17:00:00,Western New England,St. Lawrence,Commonwealth Coast,Liberty League,42.0,21.0,False,False,Golden Bear Stadium
401554812,2023,3,regular,2023-09-16 17:00:00,Kean,Dickinson,New Jersey,Centennial,13.0,24.0,False,False,Kean Alumni Stadium
401550101,2023,3,regular,2023-09-16 17:00:00,Moravian,Apprentice School,Landmark Conference,Independent DIII,29.0,28.0,False,False,Rocco Calvo Field
401540398,2023,3,regular,2023-09-16 17:00:00,Marist,Davidson,Pioneer,Pioneer,21.0,49.0,False,True,Leonidoff Field
401550294,2023,3,regular,2023-09-16 17:00:00,Bates,Wesleyan (CT),NESCAC,NESCAC,17.0,28.0,False,True,Garcelon Field
401547150,2023,3,regular,2023-09-16 17:00:00,Mary Hardin Baylor,Wisconsin Whitewater,American Southwest,Wisconsin,14.0,17.0,False,False,Crusader Stadium
401550374,2023,3,regular,2023-09-16 17:00:00,Carnegie Mellon,Waynesburg,Presidents',Presidents',41.0,10.0,False,True,Gesling Stadium
401545708,2023,3,regular,2023-09-16 17:00:00,Concord,West Virginia State,Mountain East,Mountain East,27.0,47.0,False,True,Callaghan Stadium
401552012,2023,3,regular,2023-09-16 17:00:00,Williams,Colby,NESCAC,NESCAC,25.0,22.0,False,True,Farley-Lamb Field
401550346,2023,3,regular,2023-09-16 17:00:00,Shenandoah,Maryville (TN),Old Dominion,USA South,20.0,27.0,False,False,Shentel Stadium
401549200,2023,3,regular,2023-09-16 17:00:00,Colgate,Pennsylvania,Patriot,Ivy,6.0,20.0,False,False,Andy Kerr Stadium
401553853,2023,3,regular,2023-09-16 17:00:00,Juniata,Hartwick,Landmark Conference,Empire 8,31.0,21.0,False,False,Knox Stadium
401550068,2023,3,regular,2023-09-16 17:00:00,Kalamazoo,Defiance College,Michigan,Heartland,42.0,35.0,False,False,Angell Field
401547182,2023,3,regular,2023-09-16 17:00:00,Sul Ross State,Wayland Baptist,American Southwest,,27.0,7.0,False,False,Jackson Field
401549795,2023,3,regular,2023-09-16 17:00:00,Huntingdon,Guilford,USA South,Old Dominion,40.0,14.0,False,False,Charles Lee Field at Samford Stadium
401550063,2023,3,regular,2023-09-16 17:00:00,Vermont State Castleton,Norwich,ECFC,NEWMAC,14.0,28.0,False,False,Dave Wolk Stadium
401540971,2023,3,regular,2023-09-16 17:00:00,Northwood,Tiffin,Great Midwest Athletic,Great Midwest Athletic,27.0,34.0,False,True,Hantz Stadium
401549699,2023,3,regular,2023-09-16 17:00:00,Post,Bentley,Independent DII,Northeast 10,13.0,40.0,True,False,Municipal Stadium
401540710,2023,3,regular,2023-09-16 17:00:00,Minnesota St Moorhead,McKendree,Northern Sun,Great Lakes,38.0,17.0,False,False,Scheels Field at Nemzek Stadium
401549589,2023,3,regular,2023-09-16 17:00:00,Alfred,Ithaca,Empire 8,Liberty League,0.0,22.0,False,False,Merrill Field at Yunevich Stadium
401545745,2023,3,regular,2023-09-16 17:00:00,Frostburg State,West Liberty,Mountain East,Mountain East,37.0,7.0,False,True,Bobcat Stadium (MD)
401545736,2023,3,regular,2023-09-16 17:00:00,Fairmont State,Wheeling,Mountain East,Mountain East,37.0,43.0,False,True,Duvall-Rosier Field
401544127,2023,3,regular,2023-09-16 17:00:00,Thiel,Bethany (WV),Presidents',Presidents',22.0,14.0,False,True,Alumni Stadium (PA)
401550087,2023,3,regular,2023-09-16 17:00:00,Trine,Franklin,Michigan,Heartland,58.0,43.0,False,False,Fred Zollner Athletic Stadium
401540651,2023,3,regular,2023-09-16 17:00:00,Bowie State,Shaw,CIAA,CIAA,21.0,7.0,False,True,Bulldogs Stadium
401550255,2023,3,regular,2023-09-16 17:00:00,Oberlin,Denison,North Coast,North Coast,0.0,70.0,False,True,Austin E. Knowlton Athletics Complex
401545792,2023,3,regular,2023-09-16 17:00:00,Saint Anselm,American International,Northeast 10,Northeast 10,24.0,14.0,False,True,Grappone Stadium
401553010,2023,3,regular,2023-09-16 17:00:00,King's,Albright,Mid Atlantic,Mid Atlantic,56.0,0.0,False,True,McCarthy Stadium (Wilkes Barre)
401549760,2023,3,regular,2023-09-16 17:00:00,Birmingham-Southern,Trinity (TX),Southern Athletic,Southern Athletic,3.0,38.0,False,True,General Charles C. Krulak Stadium
401550396,2023,3,regular,2023-09-16 17:00:00,Washington & Jefferson,Westminster (PA),Presidents',Presidents',48.0,3.0,False,True,Cameron Stadium
401541025,2023,3,regular,2023-09-16 17:00:00,Clarion,Lock Haven,Pennsylvania State Athletic,Pennsylvania State Athletic,20.0,21.0,False,True,"Memorial Stadium (Clarion, PA)"
401541960,2023,3,regular,2023-09-16 17:00:00,Nebraska Kearney,Missouri Southern State,Mid America,Mid America,13.0,18.0,False,True,Ron & Carol Cope Stadium at Foster Field
401550401,2023,3,regular,2023-09-16 17:00:00,Rhodes,Centre,Southern Athletic,Southern Athletic,26.0,28.0,False,True,Crain Field
401541084,2023,3,regular,2023-09-16 17:00:00,DePauw,Hiram,North Coast,North Coast,49.0,0.0,False,True,Blackstock Stadium
401549738,2023,3,regular,2023-09-16 17:00:00,Curry,MIT,Commonwealth Coast,NEWMAC,20.0,16.0,False,False,Walter M. Katz Field
401540466,2023,3,regular,2023-09-16 17:00:00,Dayton,Taylor,Pioneer,,52.0,20.0,False,False,Welcome Stadium
401544956,2023,3,regular,2023-09-16 17:00:00,Hope,Mount St Joseph,Michigan,Heartland,40.0,35.0,False,False,Ray and Sue Smith Stadium
401540747,2023,3,regular,2023-09-16 17:00:00,Grand Valley State,Assumption,GLIAC,Northeast 10,43.0,7.0,False,False,Lubbers Stadium
401550111,2023,3,regular,2023-09-16 17:00:00,Lebanon Valley,Misericordia,Mid Atlantic,Mid Atlantic,31.0,3.0,False,True,Arnold Field (PA)
401540313,2023,3,regular,2023-09-16 17:00:00,Monmouth,Campbell,Coastal Athletic,Coastal Athletic,31.0,45.0,False,True,Kessler Stadium
401558742,2023,3,regular,2023-09-16 17:00:00,Eastern,Delaware Valley,Mid Atlantic,Mid Atlantic,6.0,29.0,True,True,O'Hara Field
401544963,2023,3,regular,2023-09-16 17:00:00,Olivet,Hanover,Michigan,Heartland,17.0,67.0,False,False,Cutler Field
401545776,2023,3,regular,2023-09-16 17:00:00,West Virginia Wesleyan,Alderson-Broaddus,Mountain East,Mountain East,0.0,0.0,False,True,Cebe Ross Field
401549786,2023,3,regular,2023-09-16 17:00:00,Greensboro,Hampden Sydney,USA South,Old Dominion,28.0,58.0,False,False,Jamieson Stadium
401564651,2023,3,regular,2023-09-16 17:00:00,Montclair State,Franklin & Marshall,New Jersey,Centennial,25.0,31.0,False,False,Sprague Field
401551493,2023,3,regular,2023-09-16 17:00:00,New Haven,Southern Connecticut State,Northeast 10,Northeast 10,34.0,7.0,False,True,Ralph F. DellaCamera Stadium
401547004,2023,3,regular,2023-09-16 17:05:00,East Stroudsburg,Seton Hill,Pennsylvania State Athletic,Pennsylvania State Athletic,55.0,21.0,False,True,Eiler-Martin Stadium
401549754,2023,3,regular,2023-09-16 17:30:00,Capital,Muskingum,Ohio,Ohio,38.0,45.0,False,True,Bernlohr Stadium
401552023,2023,3,regular,2023-09-16 17:30:00,Trinity (CT),Tufts,NESCAC,NESCAC,44.0,19.0,False,True,Jessee/Miller Field
401544097,2023,3,regular,2023-09-16 17:30:00,Marietta,Mount Union,Ohio,Ohio,0.0,28.0,False,True,Don Drumm Stadium
401550248,2023,3,regular,2023-09-16 17:30:00,Baldwin Wallace,John Carroll,Ohio,Ohio,7.0,30.0,False,True,George Finnie Stadium
401547092,2023,3,regular,2023-09-16 18:00:00,Central College,Coe,American Rivers,American Rivers,11.0,19.0,False,True,Ron and Joyce Schipper Stadium
401549769,2023,3,regular,2023-09-16 18:00:00,Augsburg,Martin Luther,Minnesota,Upper Midwest,62.0,0.0,False,False,Edor Nelson Field
401550173,2023,3,regular,2023-09-16 18:00:00,Wisconsin Stout,Gustavus Adolphus,Wisconsin,Minnesota,24.0,7.0,False,False,Don and Nona Williams Stadium
401551482,2023,3,regular,2023-09-16 18:00:00,Southwest Baptist,UT Permian Basin,Great Lakes,Lone Star,7.0,86.0,False,False,Plaster Sports Complex
401547127,2023,3,regular,2023-09-16 18:00:00,Nebraska Wesleyan,Simpson (IA),American Rivers,American Rivers,21.0,13.0,True,True,Abel Stadium
401540796,2023,3,regular,2023-09-16 18:00:00,Northern Michigan,Wisconsin La Crosse,GLIAC,Wisconsin,3.0,34.0,False,False,Superior Dome
401549691,2023,3,regular,2023-09-16 18:00:00,Quincy,UFTL,Great Lakes,,49.0,0.0,False,False,QU Stadium
401547214,2023,3,regular,2023-09-16 18:00:00,North Park,Carroll (WI),CCIW,CCIW,27.0,41.0,False,True,Holmgren Athletic Complex
401550431,2023,3,regular,2023-09-16 18:00:00,Sewanee,Millsaps,Southern Athletic,Southern Athletic,27.0,21.0,False,True,Hardee-McGee Field
401547082,2023,3,regular,2023-09-16 18:00:00,Wartburg,Buena Vista,American Rivers,American Rivers,47.0,0.0,False,True,Walston-Hoover Stadium
401540375,2023,3,regular,2023-09-16 18:00:00,South Dakota,Lamar,MVFC,Southland,35.0,6.0,False,False,DakotaDome
401541003,2023,3,regular,2023-09-16 18:00:00,Bloomsburg,Edinboro,Pennsylvania State Athletic,Pennsylvania State Athletic,13.0,23.0,False,True,Robert B. Redman Stadium
401541122,2023,3,regular,2023-09-16 18:00:00,Manchester,Greenville,Heartland,Upper Midwest,7.0,59.0,False,False,Carl W. Burt Memorial Stadium
401547220,2023,3,regular,2023-09-16 18:00:00,Illinois Wesleyan,Wheaton (IL),CCIW,CCIW,16.0,47.0,False,True,Tucci Stadium
401550202,2023,3,regular,2023-09-16 18:00:00,Lawrence,Monmouth (IL),Midwest,Midwest,13.0,70.0,False,True,Ron Roberts Field at the Banta Bowl
401541927,2023,3,regular,2023-09-16 18:00:00,Eastern New Mexico,Western Oregon,Lone Star,Lone Star,30.0,29.0,False,True,Al Whitehead Field at Greyhound Stadium
401540452,2023,3,regular,2023-09-16 18:00:00,Youngstown State,Robert Morris,MVFC,Big South,48.0,28.0,False,False,Stambaugh Stadium
401540730,2023,3,regular,2023-09-16 18:00:00,Upper Iowa,Missouri S&T,Northern Sun,Great Lakes,38.0,26.0,False,False,Harms-Eischeid Stadium
401547187,2023,3,regular,2023-09-16 18:00:00,Salisbury,Johns Hopkins,New Jersey,Centennial,7.0,42.0,False,False,Sea Gull Stadium
401550882,2023,3,regular,2023-09-16 18:00:00,St. Scholastica,Crown,Minnesota,Upper Midwest,38.0,18.0,False,False,Public Schools Stadium
401550245,2023,3,regular,2023-09-16 18:00:00,St. Norbert,Wisconsin Lutheran,NACC,NACC,37.0,32.0,False,True,Donald J. Schneider Stadium
401547116,2023,3,regular,2023-09-16 18:00:00,Loras,Luther,American Rivers,American Rivers,44.0,29.0,False,True,Rock Bowl
401541930,2023,3,regular,2023-09-16 18:00:00,Central Missouri,Pittsburg State,Mid America,Mid America,37.0,38.0,False,True,Audrey J. Walton Stadium at Vernon Kennedy Field
401549660,2023,3,regular,2023-09-16 18:00:00,Ripon,Illinois College,Midwest,Midwest,21.0,52.0,False,True,Ingalls Field
401545844,2023,3,regular,2023-09-16 18:00:00,Minot State,Minnesota State,Northern Sun,Northern Sun,25.0,52.0,False,True,Herb Parker Stadium
401540786,2023,3,regular,2023-09-16 18:00:00,Wisconsin Platteville,Michigan Tech,Wisconsin,GLIAC,20.0,24.0,False,False,Ralph E. Davis Pioneer Stadium
401547142,2023,3,regular,2023-09-16 18:00:00,Howard Payne,Lyon,American Southwest,,85.0,0.0,False,False,Gordon Wood Stadium
401541131,2023,3,regular,2023-09-16 18:00:00,East Texas Baptist,Wisconsin Oshkosh,American Southwest,Wisconsin,7.0,60.0,False,False,Ornelas Stadium
401550459,2023,3,regular,2023-09-16 18:00:00,Northwestern (MN),Wisconsin River Falls,Upper Midwest,Wisconsin,3.0,75.0,False,False,Reynolds Field
401549777,2023,3,regular,2023-09-16 18:00:00,Wisconsin Eau Claire,Bethel (MN),Wisconsin,Minnesota,0.0,24.0,False,False,Carson Park
401526834,2023,3,regular,2023-09-16 18:00:00,Eastern Michigan,Massachusetts,Mid-American,FBS Independents,19.0,17.0,False,False,Rynearson Stadium
401549683,2023,3,regular,2023-09-16 18:00:00,Eureka,Rockford,NACC,NACC,35.0,28.0,False,True,Pete FioRito Stadium at McKinzie Field
401544946,2023,3,regular,2023-09-16 18:00:00,Millikin,Washington St. Louis,CCIW,CCIW,13.0,63.0,False,True,Frank M. Lindsay Field
401544899,2023,3,regular,2023-09-16 18:00:00,Colorado School of Mines,Adams State,Rocky Mountain,Rocky Mountain,70.0,7.0,False,True,Marv Kay Stadium at Campbell Field
401550231,2023,3,regular,2023-09-16 18:00:00,Lakeland,Concordia (WI),NACC,NACC,28.0,31.0,False,True,Taylor Field
401547071,2023,3,regular,2023-09-16 18:00:00,Tuskegee,Central State,SIAC,SIAC,27.0,21.0,False,True,Abbott Memorial Alumni Stadium
401549639,2023,3,regular,2023-09-16 18:00:00,North Central College,Carthage,CCIW,CCIW,70.0,0.0,False,True,Benedetti-Wehrli Stadium
401550407,2023,3,regular,2023-09-16 18:00:00,Hendrix,Southwestern U,Southern Athletic,Southern Athletic,51.0,38.0,False,True,Young-Wise Memorial Stadium
401532402,2023,3,regular,2023-09-16 18:00:00,Ball State,Indiana State,Mid-American,MVFC,45.0,7.0,False,False,Scheumann Stadium
401525502,2023,3,regular,2023-09-16 18:00:00,NC State,VMI,ACC,Southern,45.0,7.0,False,False,Carter-Finley Stadium
401544079,2023,3,regular,2023-09-16 18:00:00,Beloit,Grinnell,Midwest,Midwest,23.0,33.0,False,True,Strong Stadium
401531388,2023,3,regular,2023-09-16 18:00:00,Temple,Norfolk State,American Athletic,MEAC,41.0,9.0,False,False,Lincoln Financial Field
401552877,2023,3,regular,2023-09-16 18:00:00,Middlebury,Amherst,NESCAC,NESCAC,21.0,7.0,False,True,Alumni Stadium (VT)
401544891,2023,3,regular,2023-09-16 18:00:00,IU Pennsylvania,Shippensburg,Pennsylvania State Athletic,Pennsylvania State Athletic,49.0,14.0,False,True,George P. Miller Stadium
401550220,2023,3,regular,2023-09-16 18:00:00,Benedictine (IL),Aurora,NACC,NACC,7.0,63.0,False,True,Village of Lisle-Benedictine University Sports Complex
401550317,2023,3,regular,2023-09-16 18:00:00,Bridgewater,North Carolina Wesleyan,Old Dominion,USA South,41.0,12.0,False,False,Jopson Athletic Complex
401524012,2023,3,regular,2023-09-16 18:00:00,Utah,Weber State,Pac-12,Big Sky,31.0,7.0,False,False,Rice-Eccles Stadium
401549667,2023,3,regular,2023-09-16 18:00:00,Lake Forest,Cornell (IA),Midwest,Midwest,41.0,7.0,False,True,Farwell Field
401525437,2023,3,regular,2023-09-16 18:30:00,Notre Dame,Central Michigan,FBS Independents,Mid-American,41.0,17.0,False,False,Notre Dame Stadium
401550121,2023,3,regular,2023-09-16 18:30:00,Anna Maria College,Mass Maritime,ECFC,MSCAC,37.0,30.0,False,False,Caparso Field
401551728,2023,3,regular,2023-09-16 19:00:00,Pacific Lutheran,Cal Lutheran,Northwest,So. Cal.,37.0,27.0,False,False,Sparks Stadium
401545812,2023,3,regular,2023-09-16 19:00:00,Bemidji State,Winona State,Northern Sun,Northern Sun,36.0,10.0,False,True,Chet Anderson Stadium
401544882,2023,3,regular,2023-09-16 19:00:00,Minnesota Duluth,Sioux Falls,Northern Sun,Northern Sun,42.0,34.0,False,True,James S. Malosky Stadium
401545989,2023,3,regular,2023-09-16 19:00:00,South Dakota Mines,Colorado Mesa,Rocky Mountain,Rocky Mountain,30.0,38.0,False,True,O'Harra Stadium
401540739,2023,3,regular,2023-09-16 19:00:00,Truman State,Saginaw Valley State,Great Lakes,GLIAC,21.0,7.0,False,False,Stokes Stadium
401541940,2023,3,regular,2023-09-16 19:00:00,Central Oklahoma,Missouri Western,Mid America,Mid America,31.0,34.0,False,True,Wantland Stadium
401541065,2023,3,regular,2023-09-16 19:00:00,Adrian,Bluffton,Michigan,Heartland,23.0,15.0,False,False,Docking Stadium
401541074,2023,3,regular,2023-09-16 19:00:00,Minnesota Morris,Carleton,Upper Midwest,Minnesota,12.0,38.0,False,False,Big Cat Stadium
401540267,2023,3,regular,2023-09-16 19:00:00,Montana State,Stetson,Big Sky,Pioneer,57.0,20.0,False,False,Bobcat Stadium
401540101,2023,3,regular,2023-09-16 19:00:00,Eastern Illinois,Illinois State,Big South-OVC,MVFC,14.0,13.0,False,False,O'Brien Stadium
401544927,2023,3,regular,2023-09-16 19:00:00,Lane College,Benedict,SIAC,SIAC,7.0,54.0,False,True,Lane Field
401549631,2023,3,regular,2023-09-16 19:00:00,The College of New Jersey,Muhlenberg,New Jersey,Centennial,10.0,38.0,False,False,Lions Stadium
401547040,2023,3,regular,2023-09-16 19:00:00,Morehouse,Albany State,SIAC,SIAC,14.0,24.0,True,True,MetLife Stadium
401550214,2023,3,regular,2023-09-16 19:00:00,Chicago,Knox,Midwest,Midwest,63.0,0.0,False,True,Amos Alonzo Stagg Field
401544992,2023,3,regular,2023-09-16 19:00:00,Otterbein,Wilmington (OH),Ohio,Ohio,21.0,47.0,False,True,"Memorial Stadium (Westerville, OH)"
401540156,2023,3,regular,2023-09-16 19:00:00,Grambling,Florida Memorial University,SWAC,,58.0,22.0,False,False,Eddie Robinson Stadium
401520239,2023,3,regular,2023-09-16 19:30:00,North Carolina,Minnesota,ACC,Big Ten,31.0,13.0,False,False,Kenan Stadium
401520225,2023,3,regular,2023-09-16 19:30:00,Georgia,South Carolina,SEC,SEC,24.0,14.0,False,True,Sanford Stadium
401520244,2023,3,regular,2023-09-16 19:30:00,South Florida,Alabama,American Athletic,SEC,3.0,17.0,False,False,Raymond James Stadium
401520246,2023,3,regular,2023-09-16 19:30:00,UConn,Florida International,FBS Independents,Conference USA,17.0,24.0,False,False,Pratt & Whitney Stadium
401520243,2023,3,regular,2023-09-16 19:30:00,Rutgers,Virginia Tech,Big Ten,ACC,35.0,16.0,False,False,SHI Stadium
401520227,2023,3,regular,2023-09-16 19:30:00,Iowa,Western Michigan,Big Ten,Mid-American,41.0,10.0,False,False,Kinnick Stadium
401520223,2023,3,regular,2023-09-16 19:30:00,Duke,Northwestern,ACC,Big Ten,38.0,14.0,False,False,Wallace Wade Stadium
401531412,2023,3,regular,2023-09-16 19:30:00,App State,East Carolina,Sun Belt,American Athletic,43.0,28.0,False,False,Kidd Brewer Stadium
401540184,2023,3,regular,2023-09-16 19:30:00,North Dakota State,Central Arkansas,MVFC,UAC,49.0,31.0,False,False,Fargodome
401539971,2023,3,regular,2023-09-16 19:30:00,Richmond,Delaware State,Coastal Athletic,MEAC,38.0,6.0,False,False,E. Claiborne Robins Stadium
401540488,2023,3,regular,2023-09-16 19:30:00,Maine,Rhode Island,Coastal Athletic,Coastal Athletic,17.0,34.0,False,True,Alfond Stadium
401540464,2023,3,regular,2023-09-16 19:30:00,South Dakota State,Drake,MVFC,Pioneer,70.0,7.0,True,False,Target Field
401524009,2023,3,regular,2023-09-16 19:30:00,Oregon State,San Diego State,Pac-12,Mountain West,26.0,9.0,False,False,Reser Stadium
401550341,2023,3,regular,2023-09-16 19:30:00,Claremont Mudd Scripps,George Fox,So. Cal.,Northwest,16.0,7.0,False,False,Fritz B. Burns Stadium
401534851,2023,3,regular,2023-09-16 19:30:00,Howard,Hampton,MEAC,Coastal Athletic,34.0,35.0,True,False,Audi Field
401525842,2023,3,regular,2023-09-16 19:30:00,Tulsa,Oklahoma,American Athletic,Big 12,17.0,66.0,False,False,Chapman Stadium
401540559,2023,3,regular,2023-09-16 20:00:00,San Diego,Princeton,Pioneer,Ivy,12.0,23.0,False,False,Torero Stadium
401540283,2023,3,regular,2023-09-16 20:00:00,Portland State,North American,Big Sky,,91.0,0.0,False,False,Hillsboro Stadium
401550876,2023,3,regular,2023-09-16 20:00:00,Montana Western,Lewis & Clark,,Northwest,48.0,13.0,True,False,Vigilante Field
401568379,2023,3,regular,2023-09-16 20:00:00,Puget Sound,La Verne,Northwest,So. Cal.,21.0,26.0,False,False,Baker Stadium
401546000,2023,3,regular,2023-09-16 20:00:00,Western Colorado,CSU Pueblo,Rocky Mountain,Rocky Mountain,30.0,14.0,False,True,Mountaineer Bowl
401544908,2023,3,regular,2023-09-16 20:00:00,Barton,UVA Wise,South Atlantic,South Atlantic,28.0,24.0,False,True,Electric Supply Company Field
401520245,2023,3,regular,2023-09-16 20:00:00,Texas A&M,UL Monroe,SEC,Sun Belt,47.0,3.0,False,False,Kyle Field
401540221,2023,3,regular,2023-09-16 20:00:00,Northern Arizona,Utah Tech,Big Sky,UAC,36.0,50.0,False,False,Walkup Skydome
401540236,2023,3,regular,2023-09-16 20:00:00,Eastern Washington,SE Louisiana,Big Sky,Southland,40.0,29.0,False,False,Roos Field
401540290,2023,3,regular,2023-09-16 20:00:00,Bryant,Brown,Big South-OVC,Ivy,25.0,29.0,False,False,Bulldog Stadium
401531348,2023,3,regular,2023-09-16 20:00:00,Southern Miss,Tulane,Sun Belt,American Athletic,3.0,21.0,False,False,M. M. Roberts Stadium
401540471,2023,3,regular,2023-09-16 20:00:00,Charleston Southern,William & Mary,Big South-OVC,Coastal Athletic,7.0,15.0,False,False,Buccaneer Field
401546006,2023,3,regular,2023-09-16 20:00:00,Fort Lewis,New Mexico Highlands,Rocky Mountain,Rocky Mountain,17.0,31.0,False,True,Ray Dennison Memorial Field
401550699,2023,3,regular,2023-09-16 20:00:00,Alma,Anderson (IN),Michigan,Heartland,60.0,14.0,False,False,Bahlke Field
401549744,2023,3,regular,2023-09-16 20:00:00,Christopher Newport,Gettysburg,New Jersey,Centennial,49.0,17.0,False,False,TowneBank Stadium
401520240,2023,3,regular,2023-09-16 20:00:00,Ohio State,Western Kentucky,Big Ten,Conference USA,63.0,10.0,False,False,Ohio Stadium
401524006,2023,3,regular,2023-09-16 20:00:00,California,Idaho,Pac-12,Big Sky,31.0,17.0,False,False,California Memorial Stadium
401549617,2023,3,regular,2023-09-16 21:00:00,WPI,Rensselaer,NEWMAC,Liberty League,0.0,25.0,False,False,"Alumni Stadium (Worcester, MA)"
401524011,2023,3,regular,2023-09-16 21:00:00,UCLA,North Carolina Central,Pac-12,MEAC,59.0,7.0,False,False,Rose Bowl
401524013,2023,3,regular,2023-09-16 21:00:00,Washington State,Northern Colorado,Pac-12,Big Sky,64.0,21.0,False,False,Gesa Field
401540598,2023,3,regular,2023-09-16 21:00:00,Kennesaw State,Furman,FCS Independents,Southern,28.0,31.0,False,False,Fifth Third Stadium
401520233,2023,3,regular,2023-09-16 21:00:00,Michigan State,Washington,Big Ten,Pac-12,7.0,41.0,False,False,Spartan Stadium
401540134,2023,3,regular,2023-09-16 21:00:00,Arkansas-Pine Bluff,Miles,SWAC,SIAC,21.0,20.0,False,False,Golden Lion Stadium
401540484,2023,3,regular,2023-09-16 22:00:00,Tennessee State,Gardner-Webb,Big South-OVC,Big South-OVC,27.0,25.0,False,True,Nissan Stadium
401540034,2023,3,regular,2023-09-16 22:00:00,Delaware,Saint Francis,CAA,NEC,42.0,14.0,False,False,Delaware Stadium
401540192,2023,3,regular,2023-09-16 22:00:00,Eastern Kentucky,Western Carolina,UAC,Southern,24.0,27.0,False,False,Roy Kidd Stadium
401540251,2023,3,regular,2023-09-16 22:00:00,Idaho State,Northern Iowa,Big Sky,MVFC,17.0,41.0,False,False,Holt Arena
401540334,2023,3,regular,2023-09-16 22:00:00,New Hampshire,Dartmouth,Coastal Athletic,Ivy,24.0,7.0,False,False,Wildcat Stadium
401544199,2023,3,regular,2023-09-16 22:00:00,Merrimack,Virginia Lynchburg,NEC,,44.0,0.0,False,False,Duane Stadium
401540149,2023,3,regular,2023-09-16 22:00:00,Florida A&M,West Florida,SWAC,Gulf South,31.0,10.0,False,False,Bragg Memorial Stadium
401540554,2023,3,regular,2023-09-16 22:00:00,Wofford,Presbyterian,Southern,Pioneer,20.0,23.0,False,False,Gibbs Stadium
401540686,2023,3,regular,2023-09-16 22:00:00,Johnson C. Smith,Bluefield State,CIAA,Independent DII,30.0,13.0,False,False,Irwin Belk Complex
401540699,2023,3,regular,2023-09-16 22:00:00,Indianapolis,Wayne State (MI),Great Lakes,GLIAC,21.0,7.0,False,False,Key Stadium
401540677,2023,3,regular,2023-09-16 22:00:00,Fayetteville State,Lincoln (PA),CIAA,CIAA,20.0,17.0,False,True,"Luther ""Nick"" Jeralds Stadium"
401540669,2023,3,regular,2023-09-16 22:00:00,Livingstone,Virginia Union,CIAA,CIAA,20.0,28.0,False,True,Alumni Memorial Stadium (NC)
401540411,2023,3,regular,2023-09-16 22:00:00,Elon,North Carolina A&T,Coastal Athletic,Coastal Athletic,27.0,3.0,False,True,Rhodes Stadium
401539979,2023,3,regular,2023-09-16 22:00:00,Morgan State,Towson,MEAC,Coastal Athletic,10.0,20.0,False,False,Hughes Stadium
401549812,2023,3,regular,2023-09-16 22:00:00,Brevard,Averett,USA South,Old Dominion,14.0,17.0,False,False,Brevard Memorial Stadium
401540582,2023,3,regular,2023-09-16 22:00:00,Chattanooga,The Citadel,Southern,Southern,48.0,3.0,False,True,Finley Stadium
401541637,2023,3,regular,2023-09-16 22:00:00,Butler,Wabash,Pioneer,North Coast,47.0,21.0,False,False,Butler Bowl
401544873,2023,3,regular,2023-09-16 22:00:00,Winston-Salem State,Elizabeth City State,CIAA,CIAA,24.0,7.0,False,True,Bowman Gray Stadium
401550276,2023,3,regular,2023-09-16 22:00:00,Ohio Northern,Heidelberg,Ohio,Ohio,14.0,35.0,False,True,Dial-Roberson Stadium
401540660,2023,3,regular,2023-09-16 22:00:00,St. Augustine's,Virginia State,CIAA,CIAA,12.0,55.0,False,True,George Williams Athletic Complex
401544919,2023,3,regular,2023-09-16 22:00:00,Wingate,Tusculum,South Atlantic,South Atlantic,21.0,23.0,False,True,Irwin Belk Stadium
401545885,2023,3,regular,2023-09-16 22:00:00,Slippery Rock,Millersville,Pennsylvania State Athletic,Pennsylvania State Athletic,42.0,21.0,False,True,Mihalik-Thompson Stadium
401547025,2023,3,regular,2023-09-16 22:00:00,Newberry,Emory & Henry,South Atlantic,South Atlantic,25.0,23.0,False,True,Setzler Field
401547014,2023,3,regular,2023-09-16 22:00:00,Lenoir Rhyne,Erskine,South Atlantic,South Atlantic,62.0,0.0,False,True,Helen and Leonard Moretz Stadium
401550195,2023,3,regular,2023-09-16 22:00:00,Rowan,Ursinus,New Jersey,Centennial,21.0,44.0,False,False,Richard Wackar Stadium
401549712,2023,3,regular,2023-09-16 22:00:00,Allen,Kentucky State,SIAC,SIAC,34.0,30.0,False,True,W.C. Hawkins Stadium
401547055,2023,3,regular,2023-09-16 22:00:00,Savannah State,Clark Atlanta,SIAC,SIAC,28.0,21.0,False,True,Ted Wright Stadium
401547033,2023,3,regular,2023-09-16 22:00:00,Fort Valley State,Edward Waters,SIAC,SIAC,34.0,31.0,False,True,Wildcat Stadium (GA)
401550272,2023,3,regular,2023-09-16 22:00:00,Wittenberg,Kenyon,North Coast,North Coast,56.0,17.0,False,True,Edwards-Maurer Field
401547007,2023,3,regular,2023-09-16 22:00:00,Catawba,Mars Hill,South Atlantic,South Atlantic,20.0,35.0,False,True,Shuford Stadium
401531403,2023,3,regular,2023-09-16 22:00:00,Charlotte,Georgia State,American Athletic,Sun Belt,25.0,41.0,False,False,Jerry Richardson Stadium
401525843,2023,3,regular,2023-09-16 22:30:00,UCF,Villanova,Big 12,Coastal Athletic,48.0,14.0,False,False,FBC Mortgage Stadium
401532403,2023,3,regular,2023-09-16 23:00:00,Toledo,San José State,Mid-American,Mountain West,21.0,17.0,False,False,Glass Bowl
401531379,2023,3,regular,2023-09-16 23:00:00,UAB,Louisiana,American Athletic,Sun Belt,21.0,41.0,False,False,Protective Stadium
401540450,2023,3,regular,2023-09-16 23:00:00,Western Illinois,Lindenwood,MVFC,Big South-OVC,40.0,43.0,False,False,Hanson Field
401525839,2023,3,regular,2023-09-16 23:00:00,Oklahoma State,South Alabama,Big 12,Sun Belt,7.0,33.0,False,False,Boone Pickens Stadium
401520234,2023,3,regular,2023-09-16 23:00:00,Middle Tennessee,Murray State,Conference USA,MVFC,35.0,14.0,False,False,"Johnny ""Red"" Floyd Stadium"
401541828,2023,3,regular,2023-09-16 23:00:00,Kentucky Wesleyan,Walsh,Great Midwest Athletic,Great Midwest Athletic,31.0,28.0,False,True,Steele Stadium
401553005,2023,3,regular,2023-09-16 23:00:00,Southern Oregon,Willamette,,Northwest,49.0,7.0,True,False,
401525841,2023,3,regular,2023-09-16 23:00:00,Texas Tech,Tarleton State,Big 12,UAC,41.0,3.0,False,False,Jones AT&T Stadium
401520224,2023,3,regular,2023-09-16 23:00:00,Florida,Tennessee,SEC,SEC,29.0,16.0,False,True,Ben Hill Griffin Stadium
401550380,2023,3,regular,2023-09-16 23:00:00,Case Western Reserve,Grove City,Presidents',Presidents',24.0,27.0,False,True,Case Field
401520221,2023,3,regular,2023-09-16 23:00:00,Auburn,Samford,SEC,Southern,45.0,13.0,False,False,Jordan-Hare Stadium
401531848,2023,3,regular,2023-09-16 23:00:00,Troy,James Madison,Sun Belt,Sun Belt,14.0,16.0,False,True,Veterans Memorial Stadium (AL)
401531846,2023,3,regular,2023-09-16 23:00:00,Arkansas State,Stony Brook,Sun Belt,Coastal Athletic,31.0,7.0,False,False,Centennial Bank Stadium
401544936,2023,3,regular,2023-09-16 23:00:00,Augustana (IL),Elmhurst,CCIW,CCIW,74.0,6.0,False,True,Charles D. Lindberg Stadium
401545852,2023,3,regular,2023-09-16 23:00:00,Northern State,University of Mary,Northern Sun,Northern Sun,41.0,10.0,True,True,Dacotah Bank Stadium
401551487,2023,3,regular,2023-09-16 23:00:00,Thomas More,Ohio Dominican,,Great Midwest Athletic,18.0,17.0,True,False,BB&T Field at Griffin Plaza
401541979,2023,3,regular,2023-09-16 23:00:00,Northeastern State,Emporia State,Mid America,Mid America,0.0,38.0,False,True,Gable Field at Doc Wadley Stadium
401520247,2023,3,regular,2023-09-16 23:00:00,UNLV,Vanderbilt,Mountain West,SEC,40.0,37.0,False,False,Allegiant Stadium
401541874,2023,3,regular,2023-09-16 23:00:00,North Greenville,West Alabama,Gulf South,Gulf South,23.0,16.0,False,True,Younts Stadium
401540719,2023,3,regular,2023-09-16 23:00:00,Arkansas Tech,Henderson State,Great American,Great American,24.0,27.0,False,True,Thone Stadium at Buerkle Field
401531438,2023,3,regular,2023-09-16 23:00:00,SMU,Prairie View A&M,American Athletic,SWAC,69.0,0.0,False,False,Gerald J. Ford Stadium
401540164,2023,3,regular,2023-09-16 23:00:00,Delta State,Mississippi Valley State,Gulf South,SWAC,35.0,7.0,False,False,Parker Field at McCool Stadium
401531441,2023,3,regular,2023-09-16 23:00:00,Rice,Texas Southern,American Athletic,SWAC,59.0,7.0,False,False,Rice Stadium
401540409,2023,3,regular,2023-09-16 23:00:00,Northwestern State,Stephen F. Austin,Southland,UAC,7.0,41.0,False,False,Harry Turpin Stadium
401540202,2023,3,regular,2023-09-16 23:00:00,Tennessee Tech,North Alabama,Big South-OVC,UAC,7.0,20.0,False,False,Tucker Stadium
401541769,2023,3,regular,2023-09-16 23:00:00,Northwestern (OK),Southern Nazarene,Great American,Great American,29.0,42.0,False,True,Ranger Field
401540355,2023,3,regular,2023-09-16 23:00:00,UT Martin,Houston Christian,Big South-OVC,Southland,66.0,7.0,False,False,Graham Stadium
401541812,2023,3,regular,2023-09-16 23:00:00,Lake Erie,Findlay,Great Midwest Athletic,Great Midwest Athletic,3.0,45.0,False,True,Jack Britt Memorial Stadium
401541803,2023,3,regular,2023-09-16 23:00:00,Ashland,Hillsdale,Great Midwest Athletic,Great Midwest Athletic,38.0,14.0,False,True,Jack Miller Stadium
401520229,2023,3,regular,2023-09-16 23:00:00,Louisiana Tech,North Texas,Conference USA,American Athletic,37.0,40.0,False,False,Joe Aillet Stadium
401541045,2023,3,regular,2023-09-16 23:00:00,Texas Lutheran,Ave Maria University,American Southwest,,14.0,27.0,False,False,Bulldog Stadium (TX)
401540174,2023,3,regular,2023-09-16 23:00:00,Austin Peay,East Tennessee State,UAC,Southern,63.0,3.0,False,False,Governors Stadium
401541094,2023,3,regular,2023-09-16 23:00:00,Ohio Wesleyan,Wooster,North Coast,North Coast,49.0,20.0,False,True,Selby Stadium
401541866,2023,3,regular,2023-09-16 23:00:00,Valdosta State,Keiser University,Gulf South,,49.0,25.0,False,False,Bazemore-Hyder Stadium
401520237,2023,3,regular,2023-09-16 23:00:00,Nebraska,Northern Illinois,Big Ten,Mid-American,35.0,11.0,False,False,"Memorial Stadium (Lincoln, NE)"
401541985,2023,3,regular,2023-09-16 23:00:00,Lincoln (MO),Washburn,Independent DII,Mid America,10.0,24.0,False,False,Dwight T. Reed Stadium
401525835,2023,3,regular,2023-09-16 23:00:00,Cincinnati,Miami (OH),Big 12,Mid-American,24.0,31.0,False,False,Nippert Stadium
401541796,2023,3,regular,2023-09-16 23:00:00,Southwestern Oklahoma State,East Central,Great American,Great American,13.0,24.0,False,True,Milam Stadium
401540086,2023,3,regular,2023-09-16 23:00:00,Southern,Alabama A&M,SWAC,SWAC,20.0,10.0,False,True,Ace W. Mumford Stadium
401541783,2023,3,regular,2023-09-16 23:00:00,Ouachita Baptist,Southern Arkansas,Great American,Great American,52.0,24.0,False,True,Cliff Harris Stadium
401540389,2023,3,regular,2023-09-16 23:00:00,Alcorn State,McNeese,SWAC,Southland,17.0,3.0,False,False,Jack Spinks Stadium
401540777,2023,3,regular,2023-09-16 23:00:00,Harding,Arkansas Monticello,Great American,Great American,59.0,19.0,False,True,First Security Stadium
401545856,2023,3,regular,2023-09-16 23:00:00,Wayne State (NE),Southwest Minnesota State,Northern Sun,Northern Sun,49.0,10.0,False,True,"Memorial Stadium (Wayne, NE)"
401540446,2023,3,regular,2023-09-16 23:00:00,Southeast Missouri State,Southern Illinois,Big South-OVC,MVFC,25.0,26.0,False,False,Houck Field
401531845,2023,3,regular,2023-09-16 23:00:00,Coastal Carolina,Duquesne,Sun Belt,NEC,66.0,7.0,False,False,Brooks Stadium (SC)
401520220,2023,3,regular,2023-09-16 23:30:00,Arkansas,BYU,SEC,Big 12,31.0,38.0,False,False,Razorback Stadium
401520241,2023,3,regular,2023-09-16 23:30:00,Ole Miss,Georgia Tech,SEC,ACC,48.0,23.0,False,False,Vaught-Hemingway Stadium
401520228,2023,3,regular,2023-09-16 23:30:00,Kentucky,Akron,SEC,Mid-American,35.0,3.0,False,False,Kroger Field
401545801,2023,3,regular,2023-09-16 23:30:00,Concordia St. Paul,Augustana (SD),Northern Sun,Northern Sun,16.0,24.0,False,True,Sea Foam Stadium
401525503,2023,3,regular,2023-09-16 23:30:00,West Virginia,Pittsburgh,Big 12,ACC,17.0,6.0,False,False,Milan Puskar Stadium
401520242,2023,3,regular,2023-09-16 23:30:00,Purdue,Syracuse,Big Ten,ACC,20.0,35.0,False,False,Ross-Ade Stadium
401520232,2023,3,regular,2023-09-16 23:30:00,Michigan,Bowling Green,Big Ten,Mid-American,31.0,6.0,False,False,Michigan Stadium
401525840,2023,3,regular,2023-09-17 00:00:00,Texas,Wyoming,Big 12,Mountain West,31.0,10.0,False,False,DKR-Texas Memorial Stadium
401541630,2023,3,regular,2023-09-17 00:00:00,Abilene Christian,Incarnate Word,UAC,Southland,20.0,27.0,False,False,Wildcat Stadium (TX)
401540226,2023,3,regular,2023-09-17 00:00:00,Cal Poly,Lincoln (CA),Big Sky,,41.0,20.0,False,False,Alex G. Spanos Stadium
401524010,2023,3,regular,2023-09-17 00:00:00,Stanford,Sacramento State,Pac-12,Big Sky,23.0,30.0,False,False,Stanford Stadium
401524008,2023,3,regular,2023-09-17 00:00:00,Oregon,Hawai'i,Pac-12,Mountain West,55.0,10.0,False,False,Autzen Stadium
401525501,2023,3,regular,2023-09-17 00:00:00,Clemson,Florida Atlantic,ACC,American Athletic,48.0,14.0,False,False,"Memorial Stadium (Clemson, SC)"
401525836,2023,3,regular,2023-09-17 00:00:00,Houston,TCU,Big 12,Big 12,13.0,36.0,False,True,TDECU Stadium
401545974,2023,3,regular,2023-09-17 00:00:00,Black Hills State,Chadron State,Rocky Mountain,Rocky Mountain,55.0,19.0,False,True,Lyle Hare Stadium
401541776,2023,3,regular,2023-09-17 00:00:00,Oklahoma Baptist,Southeastern Oklahoma State,Great American,Great American,36.0,3.0,False,True,Crain Family Stadium
401541883,2023,3,regular,2023-09-17 00:00:00,Mississippi College,West Georgia,Gulf South,Gulf South,35.0,38.0,False,True,Robinson-Hale Stadium
401541951,2023,3,regular,2023-09-17 00:00:00,Fort Hays,Northwest Missouri State,Mid America,Mid America,17.0,6.0,False,True,Lewis Field Stadium
401520238,2023,3,regular,2023-09-17 00:00:00,New Mexico,New Mexico State,Mountain West,Conference USA,17.0,27.0,False,False,University Stadium (NM)
401540259,2023,3,regular,2023-09-17 00:00:00,Montana,Ferris State,Big Sky,GLIAC,17.0,10.0,False,False,Washington-Grizzly Stadium
401541899,2023,3,regular,2023-09-17 00:00:00,Western New Mexico,Texas A&M-Kingsville,Lone Star,Lone Star,9.0,30.0,False,True,Ben Altamirano Field
401540982,2023,3,regular,2023-09-17 00:00:00,West Texas,Midwestern State,Lone Star,Lone Star,23.0,0.0,False,True,Buffalo Stadium
401531847,2023,3,regular,2023-09-17 00:30:00,Texas State,Jackson State,Sun Belt,SWAC,77.0,34.0,False,False,Bobcat Stadium (TX)
401541891,2023,3,regular,2023-09-17 01:00:00,Central Washington,Angelo State,Lone Star,Lone Star,27.0,24.0,False,True,Tomlinson Stadium
401544088,2023,3,regular,2023-09-17 02:00:00,Chapman,Whitworth,So. Cal.,Northwest,17.0,24.0,False,False,Ernie Chapman Stadium
401552870,2023,3,regular,2023-09-17 02:00:00,Pomona Pitzer,Pacific (OR),So. Cal.,Northwest,24.0,17.0,False,False,Merritt Field
401544145,2023,3,regular,2023-09-17 02:00:00,Redlands,Linfield,So. Cal.,Northwest,10.0,17.0,False,False,Ted Runner Stadium
401540206,2023,3,regular,2023-09-17 02:00:00,UC Davis,Southern Utah,Big Sky,UAC,23.0,21.0,False,False,Aggie Stadium
401524007,2023,3,regular,2023-09-17 02:00:00,Colorado,Colorado State,Pac-12,Mountain West,43.0,35.0,False,False,Folsom Field
401525837,2023,3,regular,2023-09-17 02:30:00,Nevada,Kansas,Mountain West,Big 12,24.0,31.0,False,False,Mackay Stadium
401524005,2023,3,regular,2023-09-17 02:30:00,Arizona State,Fresno State,Pac-12,Mountain West,0.0,29.0,False,False,Mountain America Stadium
401520219,2023,3,regular,2023-09-17 03:00:00,Arizona,UTEP,Pac-12,Conference USA,31.0,10.0,False,False,Arizona Stadium
401597649,2023,4,regular,2023-09-21 23:00:00,Franklin & Marshall,The College of New Jersey,Centennial,New Jersey,34.0,9.0,False,False,Shadek Stadium
401531849,2023,4,regular,2023-09-21 23:30:00,Coastal Carolina,Georgia State,Sun Belt,Sun Belt,17.0,30.0,False,True,Brooks Stadium (SC)
401540087,2023,4,regular,2023-09-21 23:30:00,Alabama A&M,Arkansas-Pine Bluff,SWAC,SWAC,31.0,24.0,False,True,Louis Crews Stadium
401568378,2023,4,regular,2023-09-22 23:00:00,Endicott,Hardin Simmons,Commonwealth Coast,American Southwest,37.0,10.0,False,False,Hempstead Stadium
401540291,2023,4,regular,2023-09-22 23:00:00,Harvard,Brown,Ivy,Ivy,34.0,31.0,False,True,Harvard Stadium
401520266,2023,4,regular,2023-09-22 23:00:00,Purdue,Wisconsin,Big Ten,Big Ten,17.0,38.0,False,True,Ross-Ade Stadium
401525505,2023,4,regular,2023-09-22 23:30:00,Virginia,NC State,ACC,ACC,21.0,24.0,False,True,Scott Stadium
401532583,2023,4,regular,2023-09-23 02:30:00,San Diego State,Boise State,Mountain West,Mountain West,31.0,34.0,False,True,Snapdragon Stadium
401532584,2023,4,regular,2023-09-23 02:30:00,San José State,Air Force,Mountain West,Mountain West,20.0,45.0,False,True,CEFCU Stadium
401525511,2023,4,regular,2023-09-23 16:00:00,Marshall,Virginia Tech,Sun Belt,ACC,24.0,17.0,False,False,Joan C. Edwards Stadium
401545709,2023,4,regular,2023-09-23 16:00:00,Wheeling,Concord,Mountain East,Mountain East,44.0,27.0,False,True,Bishop Schmitt Field
401525849,2023,4,regular,2023-09-23 16:00:00,TCU,SMU,Big 12,American Athletic,34.0,17.0,False,False,Amon G. Carter Stadium
401525507,2023,4,regular,2023-09-23 16:00:00,Clemson,Florida State,ACC,ACC,24.0,31.0,False,True,"Memorial Stadium (Clemson, SC)"
401520260,2023,4,regular,2023-09-23 16:00:00,Michigan,Rutgers,Big Ten,Big Ten,31.0,7.0,False,True,Michigan Stadium
401525845,2023,4,regular,2023-09-23 16:00:00,Cincinnati,Oklahoma,Big 12,Big 12,6.0,20.0,False,True,Nippert Stadium
401520274,2023,4,regular,2023-09-23 16:00:00,Vanderbilt,Kentucky,SEC,SEC,28.0,45.0,False,True,FirstBank Stadium
401545886,2023,4,regular,2023-09-23 16:00:00,Millersville,West Chester,Pennsylvania State Athletic,Pennsylvania State Athletic,23.0,14.0,False,True,Chryst Field at Biemesderfer Stadium
401520268,2023,4,regular,2023-09-23 16:00:00,Syracuse,Army,ACC,FBS Independents,29.0,16.0,False,False,JMA Wireless Dome
401531338,2023,4,regular,2023-09-23 16:00:00,Northern Illinois,Tulsa,Mid-American,American Athletic,14.0,22.0,False,False,Huskie Stadium
401549739,2023,4,regular,2023-09-23 16:00:00,MIT,Salve Regina,NEWMAC,Commonwealth Coast,7.0,34.0,False,False,Henry G. Steinbrenner '27 Stadium
401520270,2023,4,regular,2023-09-23 16:00:00,Texas A&M,Auburn,SEC,SEC,27.0,10.0,False,True,Kyle Field
401550140,2023,4,regular,2023-09-23 16:00:00,Albion,Wisconsin Stevens Point,Michigan,Wisconsin,30.0,7.0,False,False,Sprankle-Sprandel Stadium
401545876,2023,4,regular,2023-09-23 16:00:00,Shepherd,Kutztown,Pennsylvania State Athletic,Pennsylvania State Athletic,3.0,20.0,False,True,Ram Stadium (WV)
401550460,2023,4,regular,2023-09-23 16:00:00,Hope,Northwestern (MN),Michigan,Upper Midwest,54.0,17.0,False,False,Ray and Sue Smith Stadium
401544063,2023,4,regular,2023-09-23 16:00:00,Albright,FDU Florham,Mid Atlantic,Mid Atlantic,6.0,14.0,False,True,Gene L. Shirk Stadium
401553017,2023,4,regular,2023-09-23 16:00:00,Framingham State,Westfield State,MSCAC,MSCAC,9.0,8.0,False,True,Bowditch Field
401549732,2023,4,regular,2023-09-23 16:00:00,Merchant Marine,SUNY Maritime,NEWMAC,NEWMAC,36.0,19.0,False,True,Brooks Stadium (NY)
401550291,2023,4,regular,2023-09-23 16:00:00,Wittenberg,Alma,North Coast,Michigan,28.0,48.0,False,False,Edwards-Maurer Field
401541834,2023,4,regular,2023-09-23 16:00:00,Walsh,Thomas More,Great Midwest Athletic,,10.0,26.0,False,False,Tom Benson Hall of Fame Stadium
401550133,2023,4,regular,2023-09-23 16:00:00,UMass Dartmouth,Worcester State,MSCAC,MSCAC,59.0,0.0,False,True,Cressy Field
401549700,2023,4,regular,2023-09-23 16:00:00,Southern Connecticut State,Bentley,Northeast 10,Northeast 10,6.0,13.0,False,True,Jess Dow Field
401550256,2023,4,regular,2023-09-23 16:00:00,Hiram,Denison,North Coast,North Coast,24.0,55.0,False,True,Charles A. Henry Field
401520271,2023,4,regular,2023-09-23 16:00:00,Troy,Western Kentucky,Sun Belt,Conference USA,27.0,24.0,False,False,Veterans Memorial Stadium (AL)
401552460,2023,4,regular,2023-09-23 16:00:00,Brockport,Lycoming,Empire 8,Landmark Conference,59.0,3.0,False,False,Bob Boozer Field
401545737,2023,4,regular,2023-09-23 16:00:00,Notre Dame College,Fairmont State,Mountain East,Mountain East,14.0,17.0,False,True,Mueller Field
401549787,2023,4,regular,2023-09-23 16:00:00,Belhaven,Greensboro,USA South,USA South,34.0,0.0,False,True,Belhaven Bowl Stadium
401546948,2023,4,regular,2023-09-23 16:00:00,Davenport,William Jewell,GLIAC,Great Lakes,55.0,27.0,False,False,Farmers Insurance Athletic Complex
401545863,2023,4,regular,2023-09-23 16:00:00,Edinboro,California (PA),Pennsylvania State Athletic,Pennsylvania State Athletic,10.0,31.0,False,True,Sox Harrison Stadium
401544054,2023,4,regular,2023-09-23 16:00:00,Utica,Curry,Empire 8,Commonwealth Coast,31.0,7.0,False,False,Charles A. Gaetano Stadium
401540029,2023,4,regular,2023-09-23 16:00:00,Saint Francis,Sacred Heart,NEC,NEC,34.0,37.0,False,True,DeGol Field
401540307,2023,4,regular,2023-09-23 16:00:00,Yale,Cornell,Ivy,Ivy,21.0,23.0,False,True,Yale Bowl
401540422,2023,4,regular,2023-09-23 16:00:00,Princeton,Bryant,Ivy,Big South-OVC,13.0,16.0,False,False,Princeton University Stadium
401540567,2023,4,regular,2023-09-23 16:00:00,Stetson,Butler,Pioneer,Pioneer,18.0,28.0,False,True,Spec Martin Municipal Stadium
401540058,2023,4,regular,2023-09-23 16:30:00,Columbia,Georgetown,Ivy,Patriot,30.0,0.0,False,False,Lawrence A. Wien Stadium
401550302,2023,4,regular,2023-09-23 17:00:00,Amherst,Hamilton,NESCAC,NESCAC,17.0,14.0,False,True,Pratt Field at Lehrman Stadium
401544920,2023,4,regular,2023-09-23 17:00:00,Emory & Henry,Wingate,South Atlantic,South Atlantic,10.0,31.0,False,True,Fred Selfe Stadium at Nicewonder Field
401541026,2023,4,regular,2023-09-23 17:00:00,Lock Haven,East Stroudsburg,Pennsylvania State Athletic,Pennsylvania State Athletic,21.0,35.0,False,True,Hubert Jack Stadium
401547062,2023,4,regular,2023-09-23 17:00:00,Kentucky State,Fort Valley State,SIAC,SIAC,9.0,31.0,False,True,Alumni Stadium (KY)
401547207,2023,4,regular,2023-09-23 17:00:00,New England,Rochester (NY),Commonwealth Coast,Liberty League,27.0,29.0,False,False,Blue Storm Stadium
401541015,2023,4,regular,2023-09-23 17:00:00,Gannon,Clarion,Pennsylvania State Athletic,Pennsylvania State Athletic,27.0,20.0,False,True,McConnell Family Stadium
401550203,2023,4,regular,2023-09-23 17:00:00,Lawrence,Minnesota Morris,Midwest,Upper Midwest,22.0,38.0,False,False,Ron Roberts Field at the Banta Bowl
401549805,2023,4,regular,2023-09-23 17:00:00,Methodist,Southern Virginia,USA South,USA South,27.0,21.0,False,True,Monarch Stadium
401549820,2023,4,regular,2023-09-23 17:00:00,Susquehanna,Western New England,Landmark Conference,Commonwealth Coast,26.0,18.0,False,False,Amos Alonzo Stagg Field (PA)
401544878,2023,4,regular,2023-09-23 17:00:00,Northwest Missouri State,Lincoln (MO),Mid America,Independent DII,59.0,0.0,False,False,Bearcat Stadium
401546996,2023,4,regular,2023-09-23 17:00:00,Northwood,Lake Erie,Great Midwest Athletic,Great Midwest Athletic,68.0,14.0,False,True,Hantz Stadium
401558400,2023,4,regular,2023-09-23 17:00:00,Delaware Valley,King's,Mid Atlantic,Mid Atlantic,28.0,0.0,False,True,Robert A. Lipinski Field at James Work Memorial Stadium
401541035,2023,4,regular,2023-09-23 17:00:00,Carson Newman,Lenoir Rhyne,South Atlantic,South Atlantic,7.0,24.0,False,True,Burke-Tarr Stadium
401552018,2023,4,regular,2023-09-23 17:00:00,Wesleyan (CT),Middlebury,NESCAC,NESCAC,24.0,21.0,False,True,Corwin Stadium
401554818,2023,4,regular,2023-09-23 17:00:00,Misericordia,Alvernia,Mid Atlantic,Mid Atlantic,35.0,15.0,False,True,Mangelsdorf Field
401540455,2023,4,regular,2023-09-23 17:00:00,Valparaiso,Marist,Pioneer,Pioneer,30.0,36.0,False,True,Brown Field
401547072,2023,4,regular,2023-09-23 17:00:00,Central State,Allen,SIAC,SIAC,28.0,34.0,False,True,McPherson Memorial Stadium
401550398,2023,4,regular,2023-09-23 17:00:00,Waynesburg,Westminster (PA),Presidents',Presidents',20.0,31.0,False,True,John F. Wiley Stadium
401552874,2023,4,regular,2023-09-23 17:00:00,Colby,Trinity (CT),NESCAC,NESCAC,7.0,48.0,False,True,Seaverns Field At Harold Alfond Stadium
401545777,2023,4,regular,2023-09-23 17:00:00,Charleston (WV),West Virginia Wesleyan,Mountain East,Mountain East,76.0,16.0,False,True,University of Charleston Stadium
401550027,2023,4,regular,2023-09-23 17:00:00,Allegheny,Bethany (WV),Presidents',Presidents',31.0,20.0,False,True,Frank B. Fuhrer Field
401540599,2023,4,regular,2023-09-23 17:00:00,Furman,Mercer,Southern,Southern,38.0,14.0,False,True,Paladin Stadium
401540993,2023,4,regular,2023-09-23 17:00:00,West Liberty,UNC Pembroke,Mountain East,Mountain East,19.0,37.0,False,True,West Family Stadium
401553038,2023,4,regular,2023-09-23 17:00:00,Lebanon Valley,Eastern,Mid Atlantic,Mid Atlantic,45.0,7.0,False,True,Arnold Field (PA)
401544909,2023,4,regular,2023-09-23 17:00:00,Mars Hill,Barton,South Atlantic,South Atlantic,16.0,14.0,False,True,Meares Stadium
401551919,2023,4,regular,2023-09-23 17:00:00,Alfred State,Hilbert,ECFC,North Coast,48.0,7.0,False,False,Pioneer Stadium
401544892,2023,4,regular,2023-09-23 17:00:00,Mercyhurst,IU Pennsylvania,Pennsylvania State Athletic,Pennsylvania State Athletic,13.0,30.0,False,True,Saxon Stadium
401549796,2023,4,regular,2023-09-23 17:00:00,LaGrange,Huntingdon,USA South,USA South,6.0,41.0,False,True,Callaway Stadium
401540102,2023,4,regular,2023-09-23 17:00:00,Illinois State,Lindenwood,MVFC,Big South-OVC,48.0,17.0,False,False,Hancock Stadium
401549573,2023,4,regular,2023-09-23 17:00:00,Union,Montclair State,Liberty League,New Jersey,43.0,7.0,False,False,Frank Bailey Field
401541004,2023,4,regular,2023-09-23 17:00:00,Shippensburg,Bloomsburg,Pennsylvania State Athletic,Pennsylvania State Athletic,7.0,0.0,False,True,Seth Grove Stadium
401541952,2023,4,regular,2023-09-23 17:00:00,Missouri Western,Fort Hays,Mid America,Mid America,28.0,7.0,False,True,Craig Field at Spratt Memorial Stadium
401540652,2023,4,regular,2023-09-23 17:00:00,Bowie State,St. Augustine's,CIAA,CIAA,10.0,7.0,False,True,Bulldogs Stadium
401550051,2023,4,regular,2023-09-23 17:00:00,Catholic,Alfred,Landmark Conference,Empire 8,6.0,9.0,False,False,Cardinal Stadium (DC)
401544136,2023,4,regular,2023-09-23 17:00:00,Centre,Berry,Southern Athletic,Southern Athletic,16.0,49.0,False,True,Farris Stadium
401547133,2023,4,regular,2023-09-23 17:00:00,Crown,Austin,Upper Midwest,American Southwest,23.0,34.0,False,False,Old National Bank Stadium
401540040,2023,4,regular,2023-09-23 17:00:00,Fordham,Stonehill,Patriot,NEC,44.0,0.0,False,False,Jack Coffey Field
401545746,2023,4,regular,2023-09-23 17:00:00,Alderson-Broaddus,Frostburg State,Mountain East,Mountain East,0.0,0.0,False,True,Multi-Sport Performance Stadium
401550122,2023,4,regular,2023-09-23 17:00:00,Mass Maritime,Fitchburg State,MSCAC,MSCAC,21.0,3.0,False,True,Clean Harbors Stadium
401541123,2023,4,regular,2023-09-23 17:00:00,Greenville,Adrian,Upper Midwest,Michigan,38.0,35.0,False,False,Francis Field (IL)
401549714,2023,4,regular,2023-09-23 17:00:00,Bowdoin,Williams,NESCAC,NESCAC,20.0,0.0,False,True,Whittier Field
401540740,2023,4,regular,2023-09-23 17:00:00,Wayne State (MI),Truman State,GLIAC,Great Lakes,7.0,41.0,False,False,Tom Adams Field
401541095,2023,4,regular,2023-09-23 17:00:00,Wooster,Kenyon,North Coast,North Coast,70.0,21.0,False,True,John P. Papp Stadium
401541085,2023,4,regular,2023-09-23 17:00:00,DePauw,Ohio Wesleyan,North Coast,North Coast,28.0,7.0,False,True,Blackstock Stadium
401544128,2023,4,regular,2023-09-23 17:05:00,Washington & Jefferson,Thiel,Presidents',Presidents',56.0,14.0,False,True,Cameron Stadium
401550092,2023,4,regular,2023-09-23 17:30:00,Hanover,Trine,Heartland,Michigan,38.0,14.0,False,False,Alumni Stadium (IN)
401550277,2023,4,regular,2023-09-23 17:30:00,Heidelberg,John Carroll,Ohio,Ohio,7.0,34.0,False,True,Hoernemann Stadium
401540622,2023,4,regular,2023-09-23 17:30:00,VMI,Wofford,Southern,Southern,17.0,14.0,False,True,Alumni Memorial Field
401540081,2023,4,regular,2023-09-23 17:30:00,Dartmouth,Lehigh,Ivy,Patriot,34.0,17.0,False,False,Memorial Field
401544107,2023,4,regular,2023-09-23 17:30:00,Mount Union,Muskingum,Ohio,Ohio,74.0,7.0,False,True,Mount Union Stadium
401550249,2023,4,regular,2023-09-23 17:30:00,Ohio Northern,Baldwin Wallace,Ohio,Ohio,21.0,31.0,False,True,Dial-Roberson Stadium
401532406,2023,4,regular,2023-09-23 17:30:00,Toledo,Western Michigan,Mid-American,Mid-American,49.0,31.0,False,True,Glass Bowl
401544098,2023,4,regular,2023-09-23 17:30:00,Marietta,Otterbein,Ohio,Ohio,50.0,0.0,False,True,Don Drumm Stadium
401541056,2023,4,regular,2023-09-23 18:00:00,Moravian,SUNY Morrisville,Landmark Conference,Empire 8,19.0,20.0,False,False,Rocco Calvo Field
401550279,2023,4,regular,2023-09-23 18:00:00,Wabash,Oberlin,North Coast,North Coast,59.0,6.0,False,True,Little Giant Stadium
401541075,2023,4,regular,2023-09-23 18:00:00,Carleton,Hamline,Minnesota,Minnesota,31.0,27.0,False,True,Laird Stadium
401540787,2023,4,regular,2023-09-23 18:00:00,Upper Iowa,Michigan Tech,Northern Sun,GLIAC,31.0,34.0,False,False,Harms-Eischeid Stadium
401550236,2023,4,regular,2023-09-23 18:00:00,Eureka,St. Norbert,NACC,NACC,21.0,17.0,False,True,Pete FioRito Stadium at McKinzie Field
401545853,2023,4,regular,2023-09-23 18:00:00,Winona State,Northern State,Northern Sun,Northern Sun,39.0,16.0,False,True,Altra Federal Credit Union Stadium
401545802,2023,4,regular,2023-09-23 18:00:00,Augustana (SD),Minnesota St Moorhead,Northern Sun,Northern Sun,31.0,27.0,False,True,Kirkeby-Over Stadium
401545829,2023,4,regular,2023-09-23 18:00:00,Southwest Minnesota State,Minnesota Duluth,Northern Sun,Northern Sun,0.0,33.0,False,True,Schwan Regional Event Center
401545821,2023,4,regular,2023-09-23 18:00:00,Minnesota State,Concordia St. Paul,Northern Sun,Northern Sun,42.0,10.0,False,True,Blakeslee Stadium
401531871,2023,4,regular,2023-09-23 18:00:00,Ball State,Georgia Southern,Mid-American,Sun Belt,3.0,40.0,False,False,Scheumann Stadium
401544947,2023,4,regular,2023-09-23 18:00:00,North Park,Millikin,CCIW,CCIW,38.0,0.0,False,True,Holmgren Athletic Complex
401545982,2023,4,regular,2023-09-23 18:00:00,Chadron State,Western Colorado,Rocky Mountain,Rocky Mountain,17.0,35.0,False,True,Elliott Field at Don Beebe Stadium
401540549,2023,4,regular,2023-09-23 18:00:00,Villanova,Rhode Island,Coastal Athletic,Coastal Athletic,35.0,9.0,False,True,Villanova Stadium
401540529,2023,4,regular,2023-09-23 18:00:00,St. Thomas (MN),Morehead State,Pioneer,Pioneer,35.0,28.0,False,True,O'Shaughnessy Stadium
401540067,2023,4,regular,2023-09-23 18:00:00,Holy Cross,Colgate,Patriot,Patriot,47.0,7.0,False,True,Fitton Field
401547101,2023,4,regular,2023-09-23 18:00:00,Coe,Nebraska Wesleyan,American Rivers,American Rivers,56.0,6.0,False,True,Clark Field
401549674,2023,4,regular,2023-09-23 18:00:00,Benedictine (IL),Concordia Chicago,NACC,NACC,48.0,14.0,False,True,Village of Lisle-Benedictine University Sports Complex
401546009,2023,4,regular,2023-09-23 18:00:00,New Mexico Highlands,South Dakota Mines,Rocky Mountain,Rocky Mountain,7.0,42.0,False,True,Sanchez Family Stadium
401549640,2023,4,regular,2023-09-23 18:00:00,Washington St. Louis,Carthage,CCIW,CCIW,38.0,7.0,False,True,Francis Field (MO)
401547034,2023,4,regular,2023-09-23 18:00:00,Edward Waters,Morehouse,SIAC,SIAC,44.0,13.0,False,True,Earl Kitchings Stadium
401549684,2023,4,regular,2023-09-23 18:00:00,Rockford,Lakeland,NACC,NACC,20.0,41.0,False,True,Sam Greeley Field
401540700,2023,4,regular,2023-09-23 18:00:00,Saginaw Valley State,Indianapolis,GLIAC,Great Lakes,10.0,35.0,False,False,Harvey Randall Wickes Memorial Stadium
401541941,2023,4,regular,2023-09-23 18:00:00,Emporia State,Central Oklahoma,Mid America,Mid America,38.0,27.0,False,True,Francis G. Welch Stadium
401549625,2023,4,regular,2023-09-23 18:00:00,St. Lawrence,Vermont State Castleton,Liberty League,ECFC,28.0,0.0,False,False,Leckonby Stadium
401544928,2023,4,regular,2023-09-23 18:00:00,Tuskegee,Lane College,SIAC,SIAC,28.0,22.0,False,True,Abbott Memorial Alumni Stadium
401541931,2023,4,regular,2023-09-23 18:00:00,Washburn,Central Missouri,Mid America,Mid America,28.0,58.0,False,True,Yager Stadium at Moore Bowl
401547109,2023,4,regular,2023-09-23 18:00:00,Dubuque,Loras,American Rivers,American Rivers,35.0,23.0,False,True,Chalmers Field
401550456,2023,4,regular,2023-09-23 18:00:00,Lyon,Westminster (MO),,Upper Midwest,30.0,7.0,True,False,
401544883,2023,4,regular,2023-09-23 18:00:00,Sioux Falls,Minot State,Northern Sun,Northern Sun,7.0,0.0,False,True,Bob Young Field
401547131,2023,4,regular,2023-09-23 18:00:00,Simpson (IA),Wartburg,American Rivers,American Rivers,0.0,63.0,False,True,Bill Buxton Stadium
401547093,2023,4,regular,2023-09-23 18:00:00,Luther,Central College,American Rivers,American Rivers,16.0,41.0,False,True,Legacy Field in Carlson Stadium
401547215,2023,4,regular,2023-09-23 18:00:00,Carroll (WI),Illinois Wesleyan,CCIW,CCIW,70.0,23.0,False,True,Schneider Stadium
401549707,2023,4,regular,2023-09-23 18:00:00,UVA Wise,Limestone,South Atlantic,South Atlantic,17.0,38.0,False,True,Carl Smith Stadium
401550154,2023,4,regular,2023-09-23 18:00:00,Gustavus Adolphus,Augsburg,Minnesota,Minnesota,31.0,33.0,False,True,Hollingsworth Field
401549692,2023,4,regular,2023-09-23 18:00:00,Quincy,Northern Michigan,Great Lakes,GLIAC,45.0,27.0,False,False,QU Stadium
401550021,2023,4,regular,2023-09-23 18:00:00,Norwich,WPI,NEWMAC,NEWMAC,17.0,38.0,False,True,Sabine Field at Haynes Family Stadium
401550185,2023,4,regular,2023-09-23 18:00:00,St. Olaf,Macalester,Minnesota,Minnesota,38.0,13.0,False,True,Klein Field at Manitou
401549761,2023,4,regular,2023-09-23 18:00:00,Southwestern U,Birmingham-Southern,Southern Athletic,Southern Athletic,43.0,20.0,False,True,Birkelbach Field
401550232,2023,4,regular,2023-09-23 18:00:00,Concordia (WI),Wisconsin Lutheran,NACC,NACC,41.0,0.0,False,True,Tomasini Stadium
401550162,2023,4,regular,2023-09-23 18:00:00,Saint John's (MN),Bethel (MN),Minnesota,Minnesota,27.0,7.0,False,True,Clemens Stadium
401550169,2023,4,regular,2023-09-23 18:00:00,St. Scholastica,Concordia (MN),Minnesota,Minnesota,16.0,49.0,False,True,Public Schools Stadium
401540472,2023,4,regular,2023-09-23 18:30:00,Western Carolina,Charleston Southern,Southern,Big South-OVC,77.0,21.0,False,False,E. J. Whitmire Stadium
401545813,2023,4,regular,2023-09-23 19:00:00,University of Mary,Bemidji State,Northern Sun,Northern Sun,10.0,41.0,False,True,MDU Resources Community Bowl
401540222,2023,4,regular,2023-09-23 19:00:00,Missouri State,Utah Tech,MVFC,UAC,59.0,14.0,False,False,Plaster Sports Complex
401539995,2023,4,regular,2023-09-23 19:00:00,North Carolina Central,Mississippi Valley State,MEAC,SWAC,45.0,3.0,True,False,Lucas Oil Stadium
401540390,2023,4,regular,2023-09-23 19:00:00,Eastern Illinois,McNeese,Big South-OVC,Southland,31.0,28.0,False,False,O'Brien Stadium
401550347,2023,4,regular,2023-09-23 19:00:00,Shenandoah,Juniata,Old Dominion,Landmark Conference,48.0,7.0,False,False,Shentel Stadium
401551512,2023,4,regular,2023-09-23 19:00:00,Nichols,Hartwick,Commonwealth Coast,Empire 8,52.0,3.0,False,False,Vendetti Field
401547041,2023,4,regular,2023-09-23 19:00:00,Albany State,Savannah State,SIAC,SIAC,15.0,12.0,True,True,Glynn County Stadium
401540583,2023,4,regular,2023-09-23 19:00:00,Samford,Chattanooga,Southern,Southern,24.0,47.0,False,True,Seibert Stadium
401540157,2023,4,regular,2023-09-23 19:00:00,Grambling,Texas Southern,SWAC,SWAC,35.0,23.0,False,True,Eddie Robinson Stadium
401540499,2023,4,regular,2023-09-23 19:00:00,Robert Morris,Virginia Lynchburg,Big South,,46.0,0.0,False,False,Joe Walton Stadium
401550043,2023,4,regular,2023-09-23 19:00:00,Elmhurst,North Central College,CCIW,CCIW,6.0,59.0,False,True,Langhorst Field
401551140,2023,4,regular,2023-09-23 19:00:00,Chowan,Benedict,Gulf South,SIAC,3.0,31.0,False,False,Garrison Stadium
401550408,2023,4,regular,2023-09-23 19:00:00,Millsaps,Hendrix,Southern Athletic,Southern Athletic,42.0,53.0,False,True,Harper Davis Field
401541961,2023,4,regular,2023-09-23 19:00:00,Missouri Southern State,Northeastern State,Mid America,Mid America,42.0,0.0,False,True,Fred G. Hughes Stadium
401541794,2023,4,regular,2023-09-23 19:00:00,Southern Nazarene,Southwestern Oklahoma State,Great American,Great American,41.0,7.0,False,True,Southern Nazarene University Football Stadium
401545975,2023,4,regular,2023-09-23 19:00:00,Colorado Mesa,Black Hills State,Rocky Mountain,Rocky Mountain,23.0,25.0,False,True,Ralph Stocker Stadium
401541974,2023,4,regular,2023-09-23 19:00:00,Pittsburg State,Nebraska Kearney,Mid America,Mid America,33.0,14.0,False,True,Carnie Smith Stadium
401545968,2023,4,regular,2023-09-23 19:00:00,Seton Hill,Slippery Rock,Pennsylvania State Athletic,Pennsylvania State Athletic,14.0,35.0,False,True,Offutt Field
401532408,2023,4,regular,2023-09-23 19:30:00,Miami (OH),Delaware State,Mid-American,MEAC,62.0,20.0,False,False,Yager Stadium
401525509,2023,4,regular,2023-09-23 19:30:00,Temple,Miami,American Athletic,ACC,7.0,41.0,False,False,Lincoln Financial Field
401520250,2023,4,regular,2023-09-23 19:30:00,Alabama,Ole Miss,SEC,SEC,24.0,10.0,False,True,Bryant-Denny Stadium
401524015,2023,4,regular,2023-09-23 19:30:00,Oregon,Colorado,Pac-12,Pac-12,42.0,6.0,False,True,Autzen Stadium
401524017,2023,4,regular,2023-09-23 19:30:00,Utah,UCLA,Pac-12,Pac-12,14.0,7.0,False,True,Rice-Eccles Stadium
401532405,2023,4,regular,2023-09-23 19:30:00,Bowling Green,Ohio,Mid-American,Mid-American,7.0,38.0,False,True,Doyt L. Perry Stadium
401520263,2023,4,regular,2023-09-23 19:30:00,Nebraska,Louisiana Tech,Big Ten,Conference USA,28.0,14.0,False,False,"Memorial Stadium (Lincoln, NE)"
401525850,2023,4,regular,2023-09-23 19:30:00,West Virginia,Texas Tech,Big 12,Big 12,20.0,13.0,False,True,Milan Puskar Stadium
401526835,2023,4,regular,2023-09-23 19:30:00,Massachusetts,New Mexico,FBS Independents,Mountain West,31.0,34.0,False,False,Warren McGuirk Alumni Stadium
401547197,2023,4,regular,2023-09-23 19:30:00,Husson,Anna Maria College,Commonwealth Coast,ECFC,50.0,49.0,False,False,Dr. John W. Winkin Sports Complex
401540073,2023,4,regular,2023-09-23 19:30:00,Lafayette,Monmouth,Patriot,Coastal Athletic,28.0,20.0,False,False,Fisher Field
401525847,2023,4,regular,2023-09-23 19:30:00,Kansas,BYU,Big 12,Big 12,38.0,27.0,False,True,Memorial Stadium
401520272,2023,4,regular,2023-09-23 19:30:00,UConn,Duke,FBS Independents,ACC,7.0,41.0,False,False,Pratt & Whitney Stadium
401540489,2023,4,regular,2023-09-23 19:30:00,William & Mary,Maine,Coastal Athletic,Coastal Athletic,28.0,3.0,False,True,Zable Stadium
401520261,2023,4,regular,2023-09-23 19:30:00,Michigan State,Maryland,Big Ten,Big Ten,9.0,31.0,False,True,Spartan Stadium
401531873,2023,4,regular,2023-09-23 19:30:00,Old Dominion,East Texas A&M,Sun Belt,Southland,10.0,9.0,False,False,S.B. Ballard Stadium
401541104,2023,4,regular,2023-09-23 19:30:00,Springfield,Coast Guard,NEWMAC,NEWMAC,63.0,14.0,False,True,Stagg Field
401520255,2023,4,regular,2023-09-23 19:30:00,Illinois,Florida Atlantic,Big Ten,American Athletic,23.0,17.0,False,False,"Memorial Stadium (Champaign, IL)"
401540048,2023,4,regular,2023-09-23 19:30:00,Bucknell,Pennsylvania,Patriot,Ivy,21.0,37.0,False,False,Christy Mathewson-Memorial Stadium
401540573,2023,4,regular,2023-09-23 19:30:00,Stony Brook,Richmond,Coastal Athletic,Coastal Athletic,19.0,20.0,False,True,Kenneth P. LaValle Stadium
401525506,2023,4,regular,2023-09-23 19:30:00,Louisville,Boston College,ACC,ACC,56.0,28.0,False,True,L&N Federal Credit Union Stadium
401552468,2023,4,regular,2023-09-23 20:00:00,Bridgewater State,Western Connecticut State,MSCAC,MSCAC,35.0,28.0,False,True,Edward C. Swenson Athletic Complex
401552868,2023,4,regular,2023-09-23 20:00:00,American International,Pace,Northeast 10,Northeast 10,14.0,24.0,False,True,Ronald J. Abdow Field
401539988,2023,4,regular,2023-09-23 20:00:00,Towson,Norfolk State,Coastal Athletic,MEAC,14.0,21.0,False,False,Johnny Unitas Stadium
401540972,2023,4,regular,2023-09-23 20:00:00,Tiffin,Ashland,Great Midwest Athletic,Great Midwest Athletic,55.0,30.0,False,True,Frost-Kalnow Stadium
401547008,2023,4,regular,2023-09-23 20:00:00,Tusculum,Catawba,South Atlantic,South Atlantic,35.0,21.0,False,True,Pioneer Field (TN)
401540045,2023,4,regular,2023-09-23 20:00:00,Wagner,Merrimack,NEC,NEC,30.0,27.0,False,True,Wagner College Stadium
401552998,2023,4,regular,2023-09-23 20:00:00,St. John Fisher,Wilkes,Empire 8,Landmark Conference,29.0,20.0,False,False,Growney Stadium
401540227,2023,4,regular,2023-09-23 20:00:00,Portland State,Cal Poly,Big Sky,Big Sky,59.0,21.0,False,True,Hillsboro Stadium
401545995,2023,4,regular,2023-09-23 20:00:00,CSU Pueblo,Colorado School of Mines,Rocky Mountain,Rocky Mountain,14.0,55.0,False,True,Neta and Eddie DeRose ThunderBowl
401540245,2023,4,regular,2023-09-23 20:00:00,Idaho,Sacramento State,Big Sky,Big Sky,36.0,27.0,False,True,Kibbie Dome
401540260,2023,4,regular,2023-09-23 20:00:00,Northern Arizona,Montana,Big Sky,Big Sky,28.0,14.0,False,True,Walkup Skydome
401541813,2023,4,regular,2023-09-23 20:00:00,Hillsdale,Findlay,Great Midwest Athletic,Great Midwest Athletic,21.0,31.0,False,True,"Frank ""Muddy"" Waters Stadium"
401531423,2023,4,regular,2023-09-23 20:00:00,South Florida,Rice,American Athletic,American Athletic,42.0,29.0,False,True,Raymond James Stadium
401525846,2023,4,regular,2023-09-23 20:00:00,Iowa State,Oklahoma State,Big 12,Big 12,34.0,27.0,False,True,Jack Trice Stadium
401520269,2023,4,regular,2023-09-23 20:00:00,Tennessee,UTSA,SEC,American Athletic,45.0,14.0,False,False,Neyland Stadium
401550342,2023,4,regular,2023-09-23 20:00:00,Claremont Mudd Scripps,Cal Lutheran,So. Cal.,So. Cal.,49.0,28.0,False,True,Fritz B. Burns Stadium
401541924,2023,4,regular,2023-09-23 20:05:00,Western Oregon,Central Washington,Lone Star,Lone Star,7.0,17.0,False,True,McArthur Field
401545793,2023,4,regular,2023-09-23 20:30:00,Saint Anselm,Post,Northeast 10,Independent DII,42.0,21.0,False,False,Grappone Stadium
401549813,2023,4,regular,2023-09-23 21:00:00,Brevard,Maryville (TN),USA South,USA South,37.0,35.0,False,True,Brevard Memorial Stadium
401550349,2023,4,regular,2023-09-23 21:00:00,Trinity (TX),Rhodes,Southern Athletic,Southern Athletic,63.0,14.0,False,True,Trinity University Stadium
401540467,2023,4,regular,2023-09-23 21:00:00,San Diego,Dayton,Pioneer,Pioneer,40.0,25.0,False,True,Torero Stadium
401547056,2023,4,regular,2023-09-23 21:00:00,Miles,Clark Atlanta,SIAC,SIAC,55.0,14.0,False,True,Albert J. H. Sloan - Alumni Stadium
401549618,2023,4,regular,2023-09-23 21:00:00,Rensselaer,Dean,Liberty League,ECFC,63.0,0.0,False,False,ECAV Stadium
401531876,2023,4,regular,2023-09-23 21:00:00,South Alabama,Central Michigan,Sun Belt,Mid-American,30.0,34.0,False,False,Hancock Whitney Stadium
401520257,2023,4,regular,2023-09-23 21:00:00,Jacksonville State,Eastern Michigan,Conference USA,Mid-American,21.0,0.0,False,False,AmFirst Stadium
401541887,2023,4,regular,2023-09-23 22:00:00,Winston-Salem State,Bluefield State,CIAA,Independent DII,30.0,0.0,False,False,Bowman Gray Stadium
401539980,2023,4,regular,2023-09-23 22:00:00,Morgan State,UAlbany,MEAC,Coastal Athletic,17.0,23.0,False,False,Hughes Stadium
401540670,2023,4,regular,2023-09-23 22:00:00,Virginia Union,Fayetteville State,CIAA,CIAA,7.0,10.0,False,True,Hovey Field
401545754,2023,4,regular,2023-09-23 22:00:00,West Virginia State,Glenville State,Mountain East,Mountain East,31.0,21.0,False,True,Dickerson Stadium
401549581,2023,4,regular,2023-09-23 22:00:00,Hobart,Keystone,Liberty League,Landmark Conference,43.0,10.0,False,False,Boswell Field at David J. Urick Stadium
401540324,2023,4,regular,2023-09-23 22:00:00,Delaware,New Hampshire,CAA,Coastal Athletic,29.0,25.0,False,True,Delaware Stadium
401540314,2023,4,regular,2023-09-23 22:00:00,Campbell,Elon,Coastal Athletic,Coastal Athletic,24.0,28.0,False,True,Barker-Lane Stadium
401531413,2023,4,regular,2023-09-23 22:00:00,East Carolina,Gardner-Webb,American Athletic,Big South-OVC,44.0,0.0,False,False,Dowdy-Ficklen Stadium
401547015,2023,4,regular,2023-09-23 22:00:00,Erskine,Newberry,South Atlantic,South Atlantic,17.0,24.0,False,True,J.W. Babb Stadium
401540117,2023,4,regular,2023-09-23 22:00:00,Florida A&M,Alabama State,SWAC,SWAC,23.0,10.0,False,True,Bragg Memorial Stadium
401541878,2023,4,regular,2023-09-23 22:00:00,West Florida,West Georgia,Gulf South,Gulf South,49.0,21.0,True,True,Blue Wahoos Stadium
401540661,2023,4,regular,2023-09-23 22:00:00,Virginia State,Livingstone,CIAA,CIAA,33.0,0.0,False,True,Rogers Stadium (VA)
401551494,2023,4,regular,2023-09-23 22:00:00,Franklin Pierce,New Haven,Northeast 10,Northeast 10,14.0,41.0,True,True,Sodexo Field
401540000,2023,4,regular,2023-09-23 22:00:00,South Carolina State,The Citadel,MEAC,Southern,31.0,10.0,False,False,Oliver C. Dawson Stadium
401540252,2023,4,regular,2023-09-23 22:00:00,Idaho State,Northern Colorado,Big Sky,Big Sky,35.0,21.0,False,True,Holt Arena
401540193,2023,4,regular,2023-09-23 22:00:00,Eastern Kentucky,Southeast Missouri State,UAC,Big South-OVC,41.0,38.0,False,False,Roy Kidd Stadium
401550295,2023,4,regular,2023-09-23 22:30:00,Tufts,Bates,NESCAC,NESCAC,44.0,16.0,False,True,Ellis Oval at Zimman Field
401525508,2023,4,regular,2023-09-23 22:30:00,Wake Forest,Georgia Tech,ACC,ACC,16.0,30.0,False,True,Allegacy Federal Credit Union Stadium
401520275,2023,4,regular,2023-09-23 22:30:00,Florida International,Liberty,Conference USA,Conference USA,6.0,38.0,False,True,FIU Stadium
401540731,2023,4,regular,2023-09-23 23:00:00,Missouri S&T,Wayne State (NE),Great Lakes,Northern Sun,35.0,38.0,False,False,Allgood-Bailey Stadium
401524016,2023,4,regular,2023-09-23 23:00:00,Stanford,Arizona,Pac-12,Pac-12,20.0,21.0,False,True,Stanford Stadium
401531349,2023,4,regular,2023-09-23 23:00:00,Tulane,Nicholls,American Athletic,Southland,36.0,7.0,False,False,Yulman Stadium
401520254,2023,4,regular,2023-09-23 23:00:00,Houston,Sam Houston,Big 12,Conference USA,38.0,7.0,False,False,TDECU Stadium
401524019,2023,4,regular,2023-09-23 23:00:00,Washington State,Oregon State,Pac-12,Pac-12,38.0,35.0,False,True,Gesa Field
401520251,2023,4,regular,2023-09-23 23:00:00,Florida,Charlotte,SEC,American Athletic,22.0,7.0,False,False,Ben Hill Griffin Stadium
401520258,2023,4,regular,2023-09-23 23:00:00,LSU,Arkansas,SEC,SEC,34.0,31.0,False,True,Tiger Stadium (LA)
401540720,2023,4,regular,2023-09-23 23:00:00,Southern Arkansas,Arkansas Tech,Great American,Great American,49.0,3.0,False,True,Wilkins Stadium
401541907,2023,4,regular,2023-09-23 23:00:00,UT Permian Basin,West Texas,Lone Star,Lone Star,41.0,40.0,False,True,Ratliff Stadium
401540778,2023,4,regular,2023-09-23 23:00:00,Arkansas Monticello,Ouachita Baptist,Great American,Great American,25.0,45.0,False,True,Convoy Leslie Cotton Boll Stadium
401540687,2023,4,regular,2023-09-23 23:00:00,Lincoln (PA),Johnson C. Smith,CIAA,CIAA,20.0,27.0,False,True,Lincoln University Stadium
401541892,2023,4,regular,2023-09-23 23:00:00,Angelo State,Western New Mexico,Lone Star,Lone Star,62.0,9.0,False,True,LeGrand Stadium at 1st Community Credit Union Field
401540126,2023,4,regular,2023-09-23 23:00:00,Alcorn State,Prairie View A&M,SWAC,SWAC,20.0,23.0,False,True,Jack Spinks Stadium
401544937,2023,4,regular,2023-09-23 23:00:00,Wheaton (IL),Augustana (IL),CCIW,CCIW,41.0,34.0,False,True,McCully Stadium
401541770,2023,4,regular,2023-09-23 23:00:00,Southeastern Oklahoma State,Northwestern (OK),Great American,Great American,41.0,2.0,False,True,Paul Laird Field
401541829,2023,4,regular,2023-09-23 23:00:00,Kentucky Wesleyan,Ohio Dominican,Great Midwest Athletic,Great Midwest Athletic,13.0,10.0,False,True,Steele Stadium
401541753,2023,4,regular,2023-09-23 23:00:00,Henderson State,Harding,Great American,Great American,16.0,27.0,False,True,Ruggles Field at Carpenter-Haygood Stadium
401547171,2023,4,regular,2023-09-23 23:00:00,Mary Hardin Baylor,McMurry,American Southwest,American Southwest,50.0,9.0,False,True,Crusader Stadium
401520262,2023,4,regular,2023-09-23 23:00:00,Middle Tennessee,Colorado State,Conference USA,Mountain West,23.0,31.0,False,False,"Johnny ""Red"" Floyd Stadium"
401550375,2023,4,regular,2023-09-23 23:00:00,Grove City,Carnegie Mellon,Presidents',Presidents',21.0,14.0,False,True,Robert E. Thorn Field
401544201,2023,4,regular,2023-09-23 23:00:00,Incarnate Word,North American,Southland,,63.0,3.0,False,False,Gayle and Tom Benson Stadium
401540214,2023,4,regular,2023-09-23 23:00:00,Tarleton State,Southwest Baptist,UAC,Great Lakes,27.0,13.0,False,False,"Memorial Stadium (Stephenville, TX)"
401540399,2023,4,regular,2023-09-23 23:00:00,Davidson,St. Andrews,Pioneer,,84.0,6.0,False,False,Richardson Stadium
401541867,2023,4,regular,2023-09-23 23:00:00,Valdosta State,North Greenville,Gulf South,Gulf South,28.0,3.0,False,True,Bazemore-Hyder Stadium
401540376,2023,4,regular,2023-09-23 23:00:00,Lamar,Lincoln (CA),Southland,,38.0,0.0,False,False,Provost Umphrey Stadium
401540535,2023,4,regular,2023-09-23 23:00:00,Tennessee Tech,Kennesaw State,Big South-OVC,FCS Independents,17.0,7.0,False,False,Tucker Stadium
401541777,2023,4,regular,2023-09-23 23:00:00,East Central,Oklahoma Baptist,Great American,Great American,15.0,23.0,False,True,Koi Ishto Stadium
401540356,2023,4,regular,2023-09-23 23:00:00,SE Louisiana,Houston Christian,Southland,Southland,19.0,34.0,False,True,Strawberry Stadium
401540175,2023,4,regular,2023-09-23 23:00:00,Stephen F. Austin,Austin Peay,UAC,UAC,20.0,22.0,False,True,Homer Bryce Stadium
401540142,2023,4,regular,2023-09-23 23:00:00,Jackson State,Bethune-Cookman,SWAC,SWAC,22.0,16.0,False,True,Mississippi Veterans Memorial Stadium
401541848,2023,4,regular,2023-09-23 23:00:00,Delta State,Shorter,Gulf South,Gulf South,56.0,20.0,False,True,Parker Field at McCool Stadium
401550381,2023,4,regular,2023-09-23 23:00:00,Case Western Reserve,Geneva,Presidents',Presidents',42.0,7.0,False,True,Case Field
401531877,2023,4,regular,2023-09-23 23:00:00,Texas State,Nevada,Sun Belt,Mountain West,35.0,24.0,False,False,Bobcat Stadium (TX)
401541875,2023,4,regular,2023-09-23 23:00:00,West Alabama,Mississippi College,Gulf South,Gulf South,10.0,7.0,False,True,Tiger Stadium (AL)
401540185,2023,4,regular,2023-09-23 23:00:00,Central Arkansas,Abilene Christian,UAC,UAC,52.0,17.0,False,True,Estes Stadium
401531870,2023,4,regular,2023-09-23 23:00:00,Wyoming,App State,Mountain West,Sun Belt,22.0,19.0,False,False,War Memorial Stadium
401531874,2023,4,regular,2023-09-23 23:00:00,Arkansas State,Southern Miss,Sun Belt,Sun Belt,44.0,37.0,False,True,Centennial Bank Stadium
401540203,2023,4,regular,2023-09-23 23:00:00,North Alabama,UT Martin,UAC,Big South-OVC,21.0,37.0,False,False,Braly Municipal Stadium
401544993,2023,4,regular,2023-09-23 23:00:00,Wilmington (OH),Capital,Ohio,Ohio,49.0,24.0,False,True,Wiliams Stadium (OH)
401520252,2023,4,regular,2023-09-23 23:30:00,Georgia,UAB,SEC,American Athletic,49.0,21.0,False,False,Sanford Stadium
401520265,2023,4,regular,2023-09-23 23:30:00,Penn State,Iowa,Big Ten,Big Ten,31.0,0.0,False,True,Beaver Stadium
401520267,2023,4,regular,2023-09-23 23:30:00,South Carolina,Mississippi State,SEC,SEC,37.0,30.0,False,True,Williams-Brice Stadium
401520259,2023,4,regular,2023-09-23 23:30:00,Missouri,Memphis,SEC,American Athletic,34.0,27.0,True,False,The Dome at America's Center
401531875,2023,4,regular,2023-09-23 23:30:00,Louisiana,Buffalo,Sun Belt,Mid-American,45.0,38.0,False,False,Cajun Field
401520256,2023,4,regular,2023-09-23 23:30:00,Indiana,Akron,Big Ten,Mid-American,29.0,27.0,False,False,"Memorial Stadium (Bloomington, IN)"
401525844,2023,4,regular,2023-09-23 23:30:00,Baylor,Texas,Big 12,Big 12,6.0,38.0,False,True,McLane Stadium
401520264,2023,4,regular,2023-09-23 23:30:00,Northwestern,Minnesota,Big Ten,Big Ten,37.0,34.0,False,True,Ryan Field
401521330,2023,4,regular,2023-09-23 23:30:00,Notre Dame,Ohio State,FBS Independents,Big Ten,14.0,17.0,False,False,Notre Dame Stadium
401525510,2023,4,regular,2023-09-24 00:00:00,Pittsburgh,North Carolina,ACC,ACC,24.0,41.0,False,True,Acrisure Stadium
401540268,2023,4,regular,2023-09-24 00:00:00,Weber State,Montana State,Big Sky,Big Sky,0.0,40.0,False,True,Stewart Stadium
401540207,2023,4,regular,2023-09-24 00:00:00,Southern Utah,Western Illinois,UAC,MVFC,37.0,17.0,False,False,Eccles Coliseum
401540983,2023,4,regular,2023-09-24 00:00:00,Midwestern State,Eastern New Mexico,Lone Star,Lone Star,34.0,31.0,False,True,"Memorial Stadium (Wichita Falls, TX)"
401544900,2023,4,regular,2023-09-24 00:00:00,Adams State,Fort Lewis,Rocky Mountain,Rocky Mountain,25.0,24.0,False,True,Rex Stadium
401525848,2023,4,regular,2023-09-24 00:00:00,Kansas State,UCF,Big 12,Big 12,44.0,31.0,False,True,Bill Snyder Family Stadium
401531872,2023,4,regular,2023-09-24 00:00:00,Utah State,James Madison,Mountain West,Sun Belt,38.0,45.0,False,False,Maverik Stadium
401520273,2023,4,regular,2023-09-24 01:00:00,UTEP,UNLV,Conference USA,Mountain West,28.0,45.0,False,False,Sun Bowl
401552871,2023,4,regular,2023-09-24 02:00:00,Pomona Pitzer,La Verne,So. Cal.,So. Cal.,34.0,7.0,False,True,Merritt Field
401540237,2023,4,regular,2023-09-24 02:00:00,UC Davis,Eastern Washington,Big Sky,Big Sky,24.0,27.0,False,True,Aggie Stadium
401544146,2023,4,regular,2023-09-24 02:00:00,Chapman,Redlands,So. Cal.,So. Cal.,21.0,38.0,False,True,Ernie Chapman Stadium
401532407,2023,4,regular,2023-09-24 02:30:00,Fresno State,Kent State,Mountain West,Mid-American,53.0,10.0,False,False,Valley Children's Stadium
401524018,2023,4,regular,2023-09-24 02:30:00,Washington,California,Pac-12,Pac-12,59.0,32.0,False,True,Husky Stadium
401524014,2023,4,regular,2023-09-24 02:30:00,Arizona State,USC,Pac-12,Pac-12,28.0,42.0,False,True,Mountain America Stadium
401520253,2023,4,regular,2023-09-24 03:59:00,Hawai'i,New Mexico State,Mountain West,Conference USA,20.0,17.0,False,False,Clarence T.C. Ching Athletics Complex
401553855,2023,4,regular,2023-09-24 16:30:00,Stevenson,Widener,Mid Atlantic,Mid Atlantic,49.0,7.0,False,True,Mustang Stadium
401540694,2023,4,regular,2023-09-24 17:00:00,Elizabeth City State,Shaw,CIAA,CIAA,17.0,20.0,False,True,Roebuck Stadium
401550024,2023,4,regular,2023-09-24 18:00:00,Apprentice School,Washington and Lee,Independent DIII,Old Dominion,9.0,28.0,False,False,Apprentice Field
401531339,2023,5,regular,2023-09-28 23:30:00,Tulsa,Temple,American Athletic,American Athletic,48.0,26.0,False,True,Chapman Stadium
401520277,2023,5,regular,2023-09-28 23:30:00,Western Kentucky,Middle Tennessee,Conference USA,Conference USA,31.0,10.0,False,True,Houchens Industries-L.T. Smith Stadium
401520276,2023,5,regular,2023-09-29 00:00:00,Sam Houston,Jacksonville State,Conference USA,Conference USA,28.0,35.0,False,True,Elliott T. Bowers Stadium
401547198,2023,5,regular,2023-09-29 22:00:00,Husson,Dean,Commonwealth Coast,ECFC,75.0,17.0,False,False,Dr. John W. Winkin Sports Complex
401541632,2023,5,regular,2023-09-29 23:00:00,Princeton,Columbia,Ivy,Ivy,10.0,7.0,False,True,Princeton University Stadium
401549632,2023,5,regular,2023-09-29 23:00:00,Ursinus,Muhlenberg,Centennial,Centennial,20.0,28.0,False,True,Patterson Field
401551495,2023,5,regular,2023-09-29 23:00:00,American International,New Haven,Northeast 10,Northeast 10,14.0,33.0,False,True,Ronald J. Abdow Field
401554813,2023,5,regular,2023-09-29 23:00:00,Dickinson,Franklin & Marshall,Centennial,Centennial,19.0,17.0,False,True,Biddle Field
401525512,2023,5,regular,2023-09-29 23:00:00,NC State,Louisville,ACC,ACC,10.0,13.0,False,True,Carter-Finley Stadium
401520278,2023,5,regular,2023-09-30 01:00:00,UTEP,Louisiana Tech,Conference USA,Conference USA,10.0,24.0,False,True,Sun Bowl
401524020,2023,5,regular,2023-09-30 01:00:00,Oregon State,Utah,Pac-12,Pac-12,21.0,7.0,False,True,Reser Stadium
401525851,2023,5,regular,2023-09-30 02:15:00,BYU,Cincinnati,Big 12,Big 12,35.0,27.0,False,True,LaVell Edwards Stadium
401564662,2023,5,regular,2023-09-30 16:00:00,Plymouth State,Framingham State,MSCAC,MSCAC,14.0,24.0,False,True,Charles L. Currier Memorial Field
401545794,2023,5,regular,2023-09-30 16:00:00,Southern Connecticut State,Saint Anselm,Northeast 10,Northeast 10,6.0,3.0,False,True,Jess Dow Field
401545877,2023,5,regular,2023-09-30 16:00:00,Kutztown,East Stroudsburg,Pennsylvania State Athletic,Pennsylvania State Athletic,34.0,27.0,False,True,Andre Reed Stadium
401541027,2023,5,regular,2023-09-30 16:00:00,Millersville,Lock Haven,Pennsylvania State Athletic,Pennsylvania State Athletic,31.0,38.0,False,True,Chryst Field at Biemesderfer Stadium
401520282,2023,5,regular,2023-09-30 16:00:00,Kentucky,Florida,SEC,SEC,33.0,14.0,False,True,Kroger Field
401531880,2023,5,regular,2023-09-30 16:00:00,James Madison,South Alabama,Sun Belt,Sun Belt,31.0,23.0,False,True,Bridgeforth Stadium
401550123,2023,5,regular,2023-09-30 16:00:00,Westfield State,Mass Maritime,MSCAC,MSCAC,17.0,10.0,False,True,"Alumni Field (Westfield, MA)"
401520292,2023,5,regular,2023-09-30 16:00:00,UConn,Utah State,FBS Independents,Mountain West,33.0,34.0,False,False,Pratt & Whitney Stadium
401531370,2023,5,regular,2023-09-30 16:00:00,Tulane,UAB,American Athletic,American Athletic,35.0,23.0,False,True,Yulman Stadium
401545893,2023,5,regular,2023-09-30 16:00:00,Shepherd,Shippensburg,Pennsylvania State Athletic,Pennsylvania State Athletic,30.0,23.0,False,True,Ram Stadium (WV)
401520279,2023,5,regular,2023-09-30 16:00:00,Arkansas,Texas A&M,SEC,SEC,22.0,34.0,True,True,AT&T Stadium
401553022,2023,5,regular,2023-09-30 16:00:00,Wilkes,Juniata,Landmark Conference,Landmark Conference,63.0,14.0,False,False,Schmidt Stadium
401551506,2023,5,regular,2023-09-30 16:00:00,Limestone,Mars Hill,South Atlantic,South Atlantic,27.0,23.0,False,True,The Reservation
401540994,2023,5,regular,2023-09-30 16:00:00,UNC Pembroke,Wheeling,Mountain East,Mountain East,41.0,20.0,False,True,Grace P. Johnson Stadium
401545784,2023,5,regular,2023-09-30 16:00:00,Assumption,Pace,Northeast 10,Northeast 10,36.0,22.0,False,True,Multi-Sport Stadium
401549733,2023,5,regular,2023-09-30 16:00:00,Salve Regina,Merchant Marine,Commonwealth Coast,NEWMAC,35.0,17.0,False,False,Toppa Field
401541857,2023,5,regular,2023-09-30 16:00:00,Shorter,Mississippi College,Gulf South,Gulf South,14.0,30.0,False,True,Barron Stadium
401544964,2023,5,regular,2023-09-30 16:00:00,Olivet,Alfred State,Michigan,ECFC,40.0,19.0,False,False,Cutler Field
401545864,2023,5,regular,2023-09-30 16:00:00,California (PA),Clarion,Pennsylvania State Athletic,Pennsylvania State Athletic,37.0,7.0,False,True,Adamson Stadium
401534852,2023,5,regular,2023-09-30 16:00:00,Robert Morris,Howard,Big South,MEAC,10.0,35.0,False,False,Joe Walton Stadium
401552469,2023,5,regular,2023-09-30 16:00:00,Fitchburg State,Bridgewater State,MSCAC,MSCAC,14.0,38.0,False,True,Elliot Field Athletic Complex
401550022,2023,5,regular,2023-09-30 16:00:00,SUNY Maritime,Norwich,NEWMAC,NEWMAC,24.0,21.0,False,True,Reinhart Field
401524023,2023,5,regular,2023-09-30 16:00:00,Colorado,USC,Pac-12,Pac-12,41.0,48.0,False,True,Folsom Field
401520284,2023,5,regular,2023-09-30 16:00:00,Minnesota,Louisiana,Big Ten,Sun Belt,35.0,24.0,False,False,Huntington Bank Stadium
401540013,2023,5,regular,2023-09-30 16:00:00,Long Island University,Duquesne,NEC,NEC,28.0,31.0,False,True,Bethpage Federal Credit Union Stadium
401525514,2023,5,regular,2023-09-30 16:00:00,Syracuse,Clemson,ACC,ACC,14.0,31.0,False,True,JMA Wireless Dome
401532412,2023,5,regular,2023-09-30 16:00:00,Akron,Buffalo,Mid-American,Mid-American,10.0,13.0,False,True,InfoCision Stadium
401540400,2023,5,regular,2023-09-30 16:00:00,Davidson,San Diego,Pioneer,Pioneer,55.0,33.0,False,True,Richardson Stadium
401541105,2023,5,regular,2023-09-30 16:00:00,WPI,Springfield,NEWMAC,NEWMAC,10.0,42.0,False,True,"Alumni Stadium (Worcester, MA)"
401550362,2023,5,regular,2023-09-30 16:00:00,North Carolina Wesleyan,Belhaven,USA South,USA South,14.0,35.0,False,True,Bishop Stadium
401520287,2023,5,regular,2023-09-30 16:00:00,Northwestern,Penn State,Big Ten,Big Ten,13.0,41.0,False,True,Ryan Field
401540005,2023,5,regular,2023-09-30 16:00:00,Brown,Central Connecticut,Ivy,NEC,42.0,20.0,False,False,Brown Stadium
401539981,2023,5,regular,2023-09-30 16:00:00,Yale,Morgan State,Ivy,MEAC,45.0,3.0,False,False,Yale Bowl
401540678,2023,5,regular,2023-09-30 17:00:00,Bluefield State,Fayetteville State,Independent DII,CIAA,18.0,28.0,False,False,Mitchell Stadium
401540688,2023,5,regular,2023-09-30 17:00:00,Elizabeth City State,Johnson C. Smith,CIAA,CIAA,20.0,21.0,False,True,Roebuck Stadium
401541804,2023,5,regular,2023-09-30 17:00:00,Ohio Dominican,Ashland,Great Midwest Athletic,Great Midwest Athletic,6.0,20.0,False,True,Panther Stadium (OH)
401540671,2023,5,regular,2023-09-30 17:00:00,St. Augustine's,Virginia Union,CIAA,CIAA,7.0,47.0,False,True,George Williams Athletic Complex
401541086,2023,5,regular,2023-09-30 17:00:00,Oberlin,DePauw,North Coast,North Coast,7.0,66.0,False,True,Austin E. Knowlton Athletics Complex
401541113,2023,5,regular,2023-09-30 17:00:00,Guilford,Randolph Macon,Old Dominion,Old Dominion,14.0,70.0,False,True,Armfield Athletic Center
401546944,2023,5,regular,2023-09-30 17:00:00,Lincoln (PA),Winston-Salem State,CIAA,CIAA,30.0,27.0,False,True,Lincoln University Stadium
401550318,2023,5,regular,2023-09-30 17:00:00,Hampden Sydney,Bridgewater,Old Dominion,Old Dominion,38.0,39.0,False,True,Lewis C. Everett Stadium
401539972,2023,5,regular,2023-09-30 17:00:00,Delaware State,Virginia Lynchburg,MEAC,,48.0,10.0,False,False,Alumni Stadium
401550303,2023,5,regular,2023-09-30 17:00:00,Wesleyan (CT),Hamilton,NESCAC,NESCAC,35.0,14.0,False,True,Corwin Stadium
401549797,2023,5,regular,2023-09-30 17:00:00,Huntingdon,Methodist,USA South,USA South,52.0,7.0,False,True,Charles Lee Field at Samford Stadium
401550102,2023,5,regular,2023-09-30 17:00:00,Moravian,Keystone,Landmark Conference,Landmark Conference,58.0,34.0,False,True,Rocco Calvo Field
401544137,2023,5,regular,2023-09-30 17:00:00,Berry,Trinity (TX),Southern Athletic,Southern Athletic,37.0,46.0,False,True,Valhalla Stadium
401541784,2023,5,regular,2023-09-30 17:00:00,Ouachita Baptist,Southeastern Oklahoma State,Great American,Great American,34.0,7.0,False,True,Cliff Harris Stadium
401541820,2023,5,regular,2023-09-30 17:00:00,Hillsdale,Northwood,Great Midwest Athletic,Great Midwest Athletic,40.0,18.0,False,True,"Frank ""Muddy"" Waters Stadium"
401540788,2023,5,regular,2023-09-30 17:00:00,Michigan Tech,Davenport,GLIAC,GLIAC,0.0,28.0,False,True,Sherman Field
401549574,2023,5,regular,2023-09-30 17:00:00,Union,St. Lawrence,Liberty League,Liberty League,34.0,0.0,False,True,Frank Bailey Field
401552994,2023,5,regular,2023-09-30 17:00:00,McDaniel,Gettysburg,Centennial,Centennial,20.0,27.0,False,True,Kenneth R. Gill Stadium
401550266,2023,5,regular,2023-09-30 17:00:00,Kenyon,Hiram,North Coast,North Coast,40.0,16.0,False,True,McBride Field
401553862,2023,5,regular,2023-09-30 17:00:00,William Paterson,Kean,New Jersey,New Jersey,21.0,9.0,False,True,Wightman Stadium
401540335,2023,5,regular,2023-09-30 17:00:00,Pennsylvania,Dartmouth,Ivy,Ivy,20.0,23.0,False,True,Franklin Field
401551513,2023,5,regular,2023-09-30 17:00:00,Nichols,Gallaudet,Commonwealth Coast,ECFC,55.0,28.0,False,False,Vendetti Field
401550284,2023,5,regular,2023-09-30 17:00:00,Ohio Wesleyan,Wabash,North Coast,North Coast,13.0,31.0,False,True,Selby Stadium
401545837,2023,5,regular,2023-09-30 17:00:00,Minnesota St Moorhead,Northern State,Northern Sun,Northern Sun,45.0,26.0,False,True,Scheels Field at Nemzek Stadium
401541841,2023,5,regular,2023-09-30 17:00:00,Chowan,Valdosta State,Gulf South,Gulf South,36.0,51.0,False,True,Garrison Stadium
401540591,2023,5,regular,2023-09-30 17:00:00,Samford,East Tennessee State,Southern,Southern,42.0,28.0,False,True,Seibert Stadium
401540030,2023,5,regular,2023-09-30 17:00:00,Sacred Heart,Merrimack,NEC,NEC,7.0,17.0,False,True,Campus Field
401540423,2023,5,regular,2023-09-30 17:00:00,Rhode Island,Bryant,Coastal Athletic,Big South-OVC,49.0,26.0,False,False,Meade Stadium
401545710,2023,5,regular,2023-09-30 17:00:00,Concord,West Liberty,Mountain East,Mountain East,21.0,23.0,False,True,Callaghan Stadium
401541057,2023,5,regular,2023-09-30 17:00:00,SUNY Morrisville,SUNY Cortland,Empire 8,Empire 8,15.0,52.0,False,True,Drake Field (NY)
401540522,2023,5,regular,2023-09-30 17:00:00,Marist,Stetson,Pioneer,Pioneer,34.0,24.0,False,True,Leonidoff Field
401540035,2023,5,regular,2023-09-30 17:00:00,Stonehill,Saint Francis,NEC,NEC,10.0,15.0,False,True,W.B. Mason Stadium
401552875,2023,5,regular,2023-09-30 17:00:00,Trinity (CT),Amherst,NESCAC,NESCAC,49.0,0.0,False,True,Jessee/Miller Field
401547042,2023,5,regular,2023-09-30 17:00:00,Kentucky State,Albany State,SIAC,SIAC,27.0,33.0,False,True,Alumni Stadium (KY)
401540082,2023,5,regular,2023-09-30 17:00:00,Monmouth,Lehigh,Coastal Athletic,Patriot,49.0,7.0,False,False,Kessler Stadium
401545755,2023,5,regular,2023-09-30 17:00:00,Glenville State,Charleston (WV),Mountain East,Mountain East,17.0,52.0,False,True,I.L. & Sue Morris Stadium
401550457,2023,5,regular,2023-09-30 17:00:00,Crown,Westminster (MO),Upper Midwest,Upper Midwest,25.0,17.0,False,True,Old National Bank Stadium
401544055,2023,5,regular,2023-09-30 17:00:00,Utica,Hartwick,Empire 8,Empire 8,48.0,7.0,False,True,Charles A. Gaetano Stadium
401545747,2023,5,regular,2023-09-30 17:00:00,Frostburg State,Notre Dame College,Mountain East,Mountain East,21.0,24.0,False,True,Bobcat Stadium (MD)
401545772,2023,5,regular,2023-09-30 17:00:00,West Virginia Wesleyan,West Virginia State,Mountain East,Mountain East,16.0,51.0,False,True,Cebe Ross Field
401549715,2023,5,regular,2023-09-30 17:00:00,Middlebury,Bowdoin,NESCAC,NESCAC,34.0,27.0,False,True,Alumni Stadium (VT)
401540468,2023,5,regular,2023-09-30 17:00:00,Dayton,St. Thomas (MN),Pioneer,Pioneer,14.0,20.0,False,True,Welcome Stadium
401550412,2023,5,regular,2023-09-30 17:00:00,Southern Virginia,LaGrange,USA South,USA South,52.0,26.0,False,True,Knight Stadium
401545830,2023,5,regular,2023-09-30 17:00:00,Minnesota Duluth,Winona State,Northern Sun,Northern Sun,38.0,14.0,False,True,James S. Malosky Stadium
401545822,2023,5,regular,2023-09-30 17:00:00,Concordia St. Paul,University of Mary,Northern Sun,Northern Sun,37.0,34.0,False,True,Sea Foam Stadium
401550141,2023,5,regular,2023-09-30 17:00:00,Albion,Kalamazoo,Michigan,Michigan,44.0,17.0,False,True,Sprankle-Sprandel Stadium
401547188,2023,5,regular,2023-09-30 17:00:00,Rowan,Johns Hopkins,New Jersey,Centennial,20.0,55.0,False,False,Richard Wackar Stadium
401547073,2023,5,regular,2023-09-30 17:00:00,Central State,Miles,SIAC,SIAC,7.0,40.0,False,True,McPherson Memorial Stadium
401540555,2023,5,regular,2023-09-30 17:00:00,Butler,Presbyterian,Pioneer,Pioneer,27.0,17.0,False,True,Butler Bowl
401549821,2023,5,regular,2023-09-30 17:00:00,Susquehanna,Catholic,Landmark Conference,Landmark Conference,50.0,21.0,False,False,Amos Alonzo Stagg Field (PA)
401549582,2023,5,regular,2023-09-30 17:00:00,Ithaca,Hobart,Liberty League,Liberty League,24.0,14.0,False,True,Butterfield Stadium
401540662,2023,5,regular,2023-09-30 17:00:00,Shaw,Virginia State,CIAA,CIAA,19.0,38.0,False,True,George Williams Athletic Complex
401541124,2023,5,regular,2023-09-30 17:00:00,Greenville,Minnesota Morris,Upper Midwest,Upper Midwest,10.0,24.0,False,True,Francis Field (IL)
401549724,2023,5,regular,2023-09-30 17:30:00,Coast Guard,MIT,NEWMAC,NEWMAC,36.0,14.0,False,True,Cadet Memorial Field
401550262,2023,5,regular,2023-09-30 17:30:00,Capital,Otterbein,Ohio,Ohio,35.0,31.0,False,True,Bernlohr Stadium
401552013,2023,5,regular,2023-09-30 17:30:00,Tufts,Williams,NESCAC,NESCAC,28.0,10.0,False,True,Ellis Oval at Zimman Field
401541066,2023,5,regular,2023-09-30 17:30:00,Franklin,Bluffton,Heartland,Heartland,31.0,24.0,False,True,"Stewart """"Red"""" Faught Stadium"
401549755,2023,5,regular,2023-09-30 17:30:00,Muskingum,Heidelberg,Ohio,Ohio,17.0,20.0,False,True,Sherman Field at McConagha Stadium
401550069,2023,5,regular,2023-09-30 17:30:00,Hanover,Defiance College,Heartland,Heartland,21.0,27.0,False,True,Alumni Stadium (IN)
401544957,2023,5,regular,2023-09-30 17:30:00,Mount St Joseph,Manchester,Heartland,Heartland,69.0,14.0,False,True,Schueler Field
401544994,2023,5,regular,2023-09-30 17:30:00,John Carroll,Wilmington (OH),Ohio,Ohio,59.0,7.0,False,True,Don Shula Stadium at Wasmer Field
401532410,2023,5,regular,2023-09-30 17:30:00,Central Michigan,Eastern Michigan,Mid-American,Mid-American,26.0,23.0,False,True,Kelly/Shorts Stadium
401544948,2023,5,regular,2023-09-30 18:00:00,Millikin,Illinois Wesleyan,CCIW,CCIW,17.0,45.0,False,True,Frank M. Lindsay Field
401541005,2023,5,regular,2023-09-30 18:00:00,West Chester,Bloomsburg,Pennsylvania State Athletic,Pennsylvania State Athletic,24.0,21.0,False,True,John A. Farrell Stadium
401544884,2023,5,regular,2023-09-30 18:00:00,Sioux Falls,Augustana (SD),Northern Sun,Northern Sun,29.0,49.0,False,True,Bob Young Field
401525513,2023,5,regular,2023-09-30 18:00:00,Boston College,Virginia,ACC,ACC,27.0,24.0,False,True,"Alumni Stadium (Chestnut Hill, MA)"
401550155,2023,5,regular,2023-09-30 18:00:00,Augsburg,Saint John's (MN),Minnesota,Minnesota,24.0,27.0,False,True,Edor Nelson Field
401540407,2023,5,regular,2023-09-30 18:00:00,Northern Iowa,Youngstown State,MVFC,MVFC,44.0,41.0,False,True,UNI-Dome
401540059,2023,5,regular,2023-09-30 18:00:00,Georgetown,Fordham,Patriot,Patriot,28.0,24.0,False,True,Cooper Field
401550421,2023,5,regular,2023-09-30 18:00:00,Wisconsin River Falls,Wisconsin Platteville,Wisconsin,Wisconsin,27.0,16.0,False,True,David Smith Stadium at Ramer Field
401549693,2023,5,regular,2023-09-30 18:00:00,Quincy,Southwest Baptist,Great Lakes,Great Lakes,38.0,33.0,False,True,QU Stadium
401550208,2023,5,regular,2023-09-30 18:00:00,Ripon,Cornell (IA),Midwest,Midwest,33.0,36.0,False,True,Ingalls Field
401540456,2023,5,regular,2023-09-30 18:00:00,Valparaiso,Southwest Minnesota State,Pioneer,Northern Sun,16.0,15.0,False,False,Brown Field
401540417,2023,5,regular,2023-09-30 18:00:00,Richmond,Hampton,Coastal Athletic,Coastal Athletic,14.0,31.0,False,True,E. Claiborne Robins Stadium
401540412,2023,5,regular,2023-09-30 18:00:00,Elon,William & Mary,Coastal Athletic,Coastal Athletic,14.0,6.0,False,True,Rhodes Stadium
401540384,2023,5,regular,2023-09-30 18:00:00,North Dakota State,South Dakota,MVFC,MVFC,19.0,24.0,False,True,Fargodome
401540176,2023,5,regular,2023-09-30 18:00:00,Lindenwood,Austin Peay,Big South-OVC,UAC,10.0,52.0,False,False,Hunter Stadium
401539989,2023,5,regular,2023-09-30 18:00:00,Norfolk State,North Carolina A&T,MEAC,Coastal Athletic,26.0,28.0,False,False,"William Dick"""" Price Stadium"""""
401540618,2023,5,regular,2023-09-30 18:00:00,The Citadel,Western Carolina,Southern,Southern,14.0,49.0,False,True,Johnson Hagood Stadium
401540514,2023,5,regular,2023-09-30 18:00:00,Morehead State,Drake,Pioneer,Pioneer,9.0,16.0,False,True,Jayne Stadium
401540308,2023,5,regular,2023-09-30 18:00:00,Cornell,Colgate,Ivy,Patriot,25.0,35.0,False,False,Schoellkopf Field
401544108,2023,5,regular,2023-09-30 18:00:00,Mount Union,Ohio Northern,Ohio,Ohio,35.0,0.0,False,True,Mount Union Stadium
401550257,2023,5,regular,2023-09-30 18:00:00,Denison,Wittenberg,North Coast,North Coast,24.0,27.0,False,True,Deeds Field-Piper Stadium
401545738,2023,5,regular,2023-09-30 18:00:00,Fairmont State,Alderson-Broaddus,Mountain East,Mountain East,0.0,0.0,False,True,Duvall-Rosier Field
401547143,2023,5,regular,2023-09-30 18:00:00,Hardin Simmons,Howard Payne,American Southwest,American Southwest,40.0,33.0,False,True,Shelton Stadium
401545983,2023,5,regular,2023-09-30 18:00:00,Colorado School of Mines,Chadron State,Rocky Mountain,Rocky Mountain,35.0,7.0,False,True,Marv Kay Stadium at Campbell Field
401550097,2023,5,regular,2023-09-30 18:00:00,Rose Hulman,Anderson (IN),Heartland,Heartland,64.0,3.0,False,True,Cook Stadium
401541932,2023,5,regular,2023-09-30 18:00:00,Central Missouri,Northwest Missouri State,Mid America,Mid America,41.0,38.0,False,True,Audrey J. Walton Stadium at Vernon Kennedy Field
401550221,2023,5,regular,2023-09-30 18:00:00,Aurora,Eureka,NACC,NACC,70.0,10.0,False,True,Vago Field
401549770,2023,5,regular,2023-09-30 18:00:00,Martin Luther,Northwestern (MN),Upper Midwest,Upper Midwest,38.0,42.0,False,True,MLC Bowl
401549652,2023,5,regular,2023-09-30 18:00:00,Beloit,Chicago,Midwest,Midwest,7.0,48.0,False,True,Strong Stadium
401550325,2023,5,regular,2023-09-30 18:00:00,Ferrum,Shenandoah,Old Dominion,Old Dominion,3.0,38.0,False,True,W.B. Adams Stadium
401550151,2023,5,regular,2023-09-30 18:00:00,Alma,Trine,Michigan,Michigan,70.0,30.0,False,True,Bahlke Field
401549641,2023,5,regular,2023-09-30 18:00:00,Carthage,Elmhurst,CCIW,CCIW,27.0,20.0,False,True,Art Keller Field
401550393,2023,5,regular,2023-09-30 18:00:00,Grove City,Washington & Jefferson,Presidents',Presidents',31.0,24.0,False,True,Robert E. Thorn Field
401546001,2023,5,regular,2023-09-30 18:00:00,Fort Lewis,CSU Pueblo,Rocky Mountain,Rocky Mountain,7.0,85.0,False,True,Ray Dennison Memorial Field
401541076,2023,5,regular,2023-09-30 18:00:00,Concordia (MN),Carleton,Minnesota,Minnesota,35.0,36.0,False,True,Jake Christiansen Stadium
401544080,2023,5,regular,2023-09-30 18:00:00,Grinnell,Lawrence,Midwest,Midwest,34.0,16.0,False,True,Rosenbloom Field
401550044,2023,5,regular,2023-09-30 18:00:00,Wheaton (IL),North Central College,CCIW,CCIW,35.0,54.0,False,True,McCully Stadium
401547102,2023,5,regular,2023-09-30 18:00:00,Wartburg,Coe,American Rivers,American Rivers,27.0,21.0,False,True,Walston-Hoover Stadium
401547177,2023,5,regular,2023-09-30 18:00:00,McMurry,Lyon,American Southwest,,52.0,14.0,False,False,Wilford Moore Stadium
401544099,2023,5,regular,2023-09-30 18:00:00,Baldwin Wallace,Marietta,Ohio,Ohio,21.0,42.0,False,True,George Finnie Stadium
401547121,2023,5,regular,2023-09-30 18:00:00,Nebraska Wesleyan,Luther,American Rivers,American Rivers,35.0,10.0,True,True,Abel Stadium
401547021,2023,5,regular,2023-09-30 18:00:00,Lenoir Rhyne,UVA Wise,South Atlantic,South Atlantic,56.0,3.0,False,True,Helen and Leonard Moretz Stadium
401549745,2023,5,regular,2023-09-30 18:00:00,Christopher Newport,Salisbury,New Jersey,New Jersey,24.0,14.0,False,True,TowneBank Stadium
401550186,2023,5,regular,2023-09-30 18:00:00,Macalester,St. Scholastica,Minnesota,Minnesota,17.0,23.0,False,True,Macalester Stadium
401549778,2023,5,regular,2023-09-30 18:00:00,Wisconsin Stevens Point,Wisconsin Eau Claire,Wisconsin,Wisconsin,17.0,24.0,False,True,Community Stadium at Goerke Park
401544938,2023,5,regular,2023-09-30 18:00:00,Augustana (IL),Carroll (WI),CCIW,CCIW,23.0,19.0,False,True,Charles D. Lindberg Stadium
401549788,2023,5,regular,2023-09-30 18:00:00,Greensboro,Brevard,USA South,USA South,24.0,34.0,False,True,Jamieson Stadium
401549661,2023,5,regular,2023-09-30 18:00:00,Illinois College,Monmouth (IL),Midwest,Midwest,20.0,17.0,False,True,England Stadium
401550241,2023,5,regular,2023-09-30 18:00:00,Lakeland,St. Norbert,NACC,NACC,21.0,24.0,False,True,Taylor Field
401547002,2023,5,regular,2023-09-30 18:00:00,Edinboro,Mercyhurst,Pennsylvania State Athletic,Pennsylvania State Athletic,40.0,24.0,False,True,Sox Harrison Stadium
401547094,2023,5,regular,2023-09-30 18:00:00,Central College,Dubuque,American Rivers,American Rivers,55.0,16.0,False,True,Ron and Joyce Schipper Stadium
401549685,2023,5,regular,2023-09-30 18:00:00,Wisconsin Lutheran,Rockford,NACC,NACC,52.0,20.0,False,True,Warrior Field at Raabe Stadium
401550181,2023,5,regular,2023-09-30 18:00:00,Hamline,St. Olaf,Minnesota,Minnesota,25.0,49.0,False,True,Klas Field
401540711,2023,5,regular,2023-09-30 18:00:00,McKendree,Truman State,Great Lakes,Great Lakes,24.0,56.0,False,True,Leemon Field
401544910,2023,5,regular,2023-09-30 18:00:00,Tusculum,Barton,South Atlantic,South Atlantic,14.0,17.0,False,True,Pioneer Field (TN)
401550163,2023,5,regular,2023-09-30 18:00:00,Bethel (MN),Gustavus Adolphus,Minnesota,Minnesota,37.0,28.0,False,True,Royal Stadium
401545848,2023,5,regular,2023-09-30 18:00:00,Minot State,Wayne State (NE),Northern Sun,Northern Sun,22.0,48.0,False,True,Herb Parker Stadium
401547083,2023,5,regular,2023-09-30 18:00:00,Buena Vista,Simpson (IA),American Rivers,American Rivers,28.0,55.0,False,True,J. Leslie Rollins Stadium
401544929,2023,5,regular,2023-09-30 18:00:00,Clark Atlanta,Lane College,SIAC,SIAC,24.0,34.0,False,True,CAU Panther Stadium
401549645,2023,5,regular,2023-09-30 18:00:00,Washington St. Louis,North Park,CCIW,CCIW,41.0,7.0,False,True,Francis Field (MO)
401550409,2023,5,regular,2023-09-30 18:00:00,Hendrix,Sewanee,Southern Athletic,Southern Athletic,19.0,20.0,False,True,Young-Wise Memorial Stadium
401541132,2023,5,regular,2023-09-30 18:05:00,Wisconsin Oshkosh,Wisconsin Whitewater,Wisconsin,Wisconsin,21.0,37.0,False,True,J.J. Keller Field at Titan Stadium
401553024,2023,5,regular,2023-09-30 18:30:00,Hilbert,Endicott,North Coast,Commonwealth Coast,0.0,66.0,True,False,St. Francis High School
401550382,2023,5,regular,2023-09-30 18:30:00,Bethany (WV),Case Western Reserve,Presidents',Presidents',12.0,34.0,False,True,Bison Stadium
401532413,2023,5,regular,2023-09-30 18:30:00,Kent State,Miami (OH),Mid-American,Mid-American,3.0,23.0,False,True,Dix Stadium
401540280,2023,5,regular,2023-09-30 19:00:00,Northern Colorado,Weber State,Big Sky,Big Sky,21.0,28.0,False,True,Nottingham Field
401540509,2023,5,regular,2023-09-30 19:00:00,New Hampshire,Towson,Coastal Athletic,Coastal Athletic,51.0,54.0,False,True,Wildcat Stadium
401540779,2023,5,regular,2023-09-30 19:00:00,Arkansas Monticello,East Central,Great American,Great American,28.0,35.0,False,True,Convoy Leslie Cotton Boll Stadium
401540797,2023,5,regular,2023-09-30 19:00:00,Ferris State,Northern Michigan,GLIAC,GLIAC,78.0,3.0,False,True,Top Taggart Field
401524022,2023,5,regular,2023-09-30 19:00:00,California,Arizona State,Pac-12,Pac-12,24.0,21.0,False,True,California Memorial Stadium
401545814,2023,5,regular,2023-09-30 19:00:00,Bemidji State,Minnesota State,Northern Sun,Northern Sun,24.0,27.0,False,True,Chet Anderson Stadium
401544901,2023,5,regular,2023-09-30 19:00:00,New Mexico Highlands,Adams State,Rocky Mountain,Rocky Mountain,14.0,21.0,False,True,Sanchez Family Stadium
401540172,2023,5,regular,2023-09-30 19:00:00,Texas Southern,Lincoln (CA),SWAC,,52.0,7.0,True,False,Alexander Durley Sports Complex
401540088,2023,5,regular,2023-09-30 19:00:00,Alabama A&M,Tuskegee,SWAC,SIAC,58.0,3.0,False,False,Louis Crews Stadium
401545990,2023,5,regular,2023-09-30 19:00:00,Western Colorado,Colorado Mesa,Rocky Mountain,Rocky Mountain,43.0,7.0,False,True,Mountaineer Bowl
401551510,2023,5,regular,2023-09-30 19:00:00,Rhodes,Southwestern U,Southern Athletic,Southern Athletic,31.0,7.0,False,True,Crain Field
401541975,2023,5,regular,2023-09-30 19:00:00,Nebraska Kearney,Washburn,Mid America,Mid America,27.0,21.0,False,True,Ron & Carol Cope Stadium at Foster Field
401541942,2023,5,regular,2023-09-30 19:00:00,Central Oklahoma,Missouri Southern State,Mid America,Mid America,30.0,27.0,False,True,Wantland Stadium
401550416,2023,5,regular,2023-09-30 19:00:00,Wisconsin La Crosse,Wisconsin Stout,Wisconsin,Wisconsin,45.0,40.0,False,True,Veterans Memorial Stadium (WI)
401549668,2023,5,regular,2023-09-30 19:00:00,Knox,Lake Forest,Midwest,Midwest,0.0,50.0,False,True,Harley Knosher Bowl
401541792,2023,5,regular,2023-09-30 19:00:00,Southern Nazarene,Southern Arkansas,Great American,Great American,21.0,28.0,False,True,Southern Nazarene University Football Stadium
401547208,2023,5,regular,2023-09-30 19:00:00,New England,Vermont State Castleton,Commonwealth Coast,ECFC,31.0,14.0,False,False,Blue Storm Stadium
401541980,2023,5,regular,2023-09-30 19:00:00,Northeastern State,Pittsburg State,Mid America,Mid America,7.0,42.0,False,True,Gable Field at Doc Wadley Stadium
401540370,2023,5,regular,2023-09-30 19:00:00,South Dakota State,North Dakota,MVFC,MVFC,42.0,21.0,False,True,Dana J. Dykhouse Stadium
401544129,2023,5,regular,2023-09-30 19:00:00,Thiel,Waynesburg,Presidents',Presidents',15.0,14.0,False,True,Alumni Stadium (PA)
401544071,2023,5,regular,2023-09-30 19:00:00,Adrian,Hope,Michigan,Michigan,21.0,30.0,False,True,Docking Stadium
401549675,2023,5,regular,2023-09-30 19:15:00,Concordia Chicago,Concordia (WI),NACC,NACC,42.0,57.0,False,True,Concordia Stadium
401520283,2023,5,regular,2023-09-30 19:30:00,Maryland,Indiana,Big Ten,Big Ten,44.0,17.0,False,True,SECU Stadium
401532411,2023,5,regular,2023-09-30 19:30:00,Toledo,Northern Illinois,Mid-American,Mid-American,35.0,33.0,False,True,Glass Bowl
401525854,2023,5,regular,2023-09-30 19:30:00,Texas,Kansas,Big 12,Big 12,40.0,14.0,False,True,DKR-Texas Memorial Stadium
401540049,2023,5,regular,2023-09-30 19:30:00,Lafayette,Bucknell,Patriot,Patriot,56.0,22.0,False,True,Fisher Field
401540606,2023,5,regular,2023-09-30 19:30:00,UAlbany,Villanova,Coastal Athletic,Coastal Athletic,31.0,10.0,False,True,Bob Ford Field
401520286,2023,5,regular,2023-09-30 19:30:00,Nebraska,Michigan,Big Ten,Big Ten,7.0,45.0,False,True,"Memorial Stadium (Lincoln, NE)"
401531881,2023,5,regular,2023-09-30 19:30:00,Marshall,Old Dominion,Sun Belt,Sun Belt,41.0,35.0,False,True,Joan C. Edwards Stadium
401520289,2023,5,regular,2023-09-30 19:30:00,Purdue,Illinois,Big Ten,Big Ten,44.0,19.0,False,True,Ross-Ade Stadium
401520280,2023,5,regular,2023-09-30 19:30:00,Auburn,Georgia,SEC,SEC,20.0,27.0,False,True,Jordan-Hare Stadium
401531424,2023,5,regular,2023-09-30 19:30:00,Navy,South Florida,American Athletic,American Athletic,30.0,44.0,False,True,Navy-Marine Corps Memorial Stadium
401525515,2023,5,regular,2023-09-30 19:30:00,Georgia Tech,Bowling Green,ACC,Mid-American,27.0,38.0,False,False,Bobby Dodd Stadium
401532409,2023,5,regular,2023-09-30 19:30:00,Western Michigan,Ball State,Mid-American,Mid-American,42.0,24.0,False,True,Waldo Stadium
401540490,2023,5,regular,2023-09-30 19:30:00,Maine,Stony Brook,Coastal Athletic,Coastal Athletic,56.0,28.0,False,True,Alfond Stadium
401525855,2023,5,regular,2023-09-30 19:30:00,Texas Tech,Houston,Big 12,Big 12,49.0,28.0,False,True,Jones AT&T Stadium
401526836,2023,5,regular,2023-09-30 19:30:00,Massachusetts,Arkansas State,FBS Independents,Sun Belt,28.0,52.0,False,False,Warren McGuirk Alumni Stadium
401525856,2023,5,regular,2023-09-30 19:30:00,UCF,Baylor,Big 12,Big 12,35.0,36.0,False,True,FBC Mortgage Stadium
401520290,2023,5,regular,2023-09-30 19:30:00,Rutgers,Wagner,Big Ten,NEC,52.0,3.0,False,False,SHI Stadium
401520293,2023,5,regular,2023-09-30 20:00:00,Vanderbilt,Missouri,SEC,SEC,21.0,38.0,False,True,FirstBank Stadium
401541016,2023,5,regular,2023-09-30 20:00:00,Seton Hill,Gannon,Pennsylvania State Athletic,Pennsylvania State Athletic,6.0,23.0,False,True,Offutt Field
401531429,2023,5,regular,2023-09-30 20:00:00,Memphis,Boise State,American Athletic,Mountain West,35.0,32.0,False,False,Simmons Bank Liberty Stadium
401540238,2023,5,regular,2023-09-30 20:00:00,Eastern Washington,Idaho,Big Sky,Big Sky,36.0,44.0,False,True,Roos Field
401540253,2023,5,regular,2023-09-30 20:00:00,Montana,Idaho State,Big Sky,Big Sky,28.0,20.0,False,True,Washington-Grizzly Stadium
401540269,2023,5,regular,2023-09-30 20:00:00,Montana State,Portland State,Big Sky,Big Sky,38.0,22.0,False,True,Bobcat Stadium
401539996,2023,5,regular,2023-09-30 20:00:00,North Carolina Central,Campbell,MEAC,Coastal Athletic,49.0,48.0,False,False,O'Kelly-Riddick Stadium
401544147,2023,5,regular,2023-09-30 20:00:00,La Verne,Redlands,So. Cal.,So. Cal.,7.0,24.0,False,True,Ortmayer Stadium
401540653,2023,5,regular,2023-09-30 20:00:00,Livingstone,Bowie State,CIAA,CIAA,31.0,18.0,False,True,Alumni Memorial Stadium (NC)
401544089,2023,5,regular,2023-09-30 20:00:00,Whitworth,Pacific Lutheran,Northwest,Northwest,42.0,13.0,False,True,The Pine Bowl
401532586,2023,5,regular,2023-09-30 20:00:00,UNLV,Hawai'i,Mountain West,Mountain West,44.0,20.0,False,True,Allegiant Stadium
401541814,2023,5,regular,2023-09-30 20:00:00,Findlay,Kentucky Wesleyan,Great Midwest Athletic,Great Midwest Athletic,27.0,21.0,False,True,Donnell Stadium
401532588,2023,5,regular,2023-09-30 20:00:00,Wyoming,New Mexico,Mountain West,Mountain West,35.0,26.0,False,True,War Memorial Stadium
401568380,2023,5,regular,2023-09-30 20:00:00,Pacific (OR),Puget Sound,Northwest,Northwest,28.0,14.0,False,True,Hanson Stadium
401550343,2023,5,regular,2023-09-30 20:00:00,Claremont Mudd Scripps,Pomona Pitzer,So. Cal.,So. Cal.,30.0,20.0,False,True,Fritz B. Burns Stadium
401540215,2023,5,regular,2023-09-30 20:00:00,SE Louisiana,Tarleton State,Southland,UAC,13.0,14.0,False,False,Strawberry Stadium
401550464,2023,5,regular,2023-09-30 20:00:00,Linfield,Willamette,Northwest,Northwest,70.0,14.0,False,True,Maxwell Field
401540611,2023,5,regular,2023-09-30 20:00:00,Mercer,VMI,Southern,Southern,38.0,3.0,False,True,Five Star Stadium at the Moye Complex
401550310,2023,5,regular,2023-09-30 21:00:00,Averett,Washington and Lee,Old Dominion,Old Dominion,20.0,25.0,False,True,Daly Field at Frank R. Campbell Stadium
401540068,2023,5,regular,2023-09-30 21:00:00,Holy Cross,Harvard,Patriot,Ivy,28.0,38.0,True,False,Polar Park
401541849,2023,5,regular,2023-09-30 21:00:00,West Alabama,Delta State,Gulf South,Gulf South,17.0,47.0,False,True,Tiger Stadium (AL)
401541967,2023,5,regular,2023-09-30 21:00:00,Missouri Western,Emporia State,Mid America,Mid America,34.0,31.0,False,True,Craig Field at Spratt Memorial Stadium
401540347,2023,5,regular,2023-09-30 21:00:00,Southern Illinois,Missouri State,MVFC,MVFC,33.0,20.0,False,True,Saluki Stadium
401553020,2023,5,regular,2023-09-30 21:00:00,Buffalo State,Rochester (NY),Liberty League,Liberty League,22.0,29.0,False,True,Coyer Field
401550134,2023,5,regular,2023-09-30 21:00:00,Western Connecticut State,UMass Dartmouth,MSCAC,MSCAC,52.0,21.0,False,True,Westside Athletic Complex
401549762,2023,5,regular,2023-09-30 21:00:00,Birmingham-Southern,Millsaps,Southern Athletic,Southern Athletic,8.0,14.0,False,True,General Charles C. Krulak Stadium
401546949,2023,5,regular,2023-09-30 21:00:00,William Jewell,Upper Iowa,Great Lakes,Northern Sun,30.0,13.0,True,False,Liberty North High School
401540135,2023,5,regular,2023-09-30 21:00:00,Arkansas-Pine Bluff,Southern,SWAC,SWAC,0.0,27.0,False,True,Golden Lion Stadium
401540748,2023,5,regular,2023-09-30 22:00:00,Saginaw Valley State,Grand Valley State,GLIAC,GLIAC,14.0,55.0,False,True,Harvey Randall Wickes Memorial Stadium
401520288,2023,5,regular,2023-09-30 22:00:00,Ole Miss,LSU,SEC,SEC,55.0,49.0,False,True,Vaught-Hemingway Stadium
401544893,2023,5,regular,2023-09-30 22:00:00,Slippery Rock,IU Pennsylvania,Pennsylvania State Athletic,Pennsylvania State Athletic,42.0,21.0,False,True,Mihalik-Thompson Stadium
401544921,2023,5,regular,2023-09-30 22:00:00,Wingate,Erskine,South Atlantic,South Atlantic,45.0,0.0,False,True,Irwin Belk Stadium
401540473,2023,5,regular,2023-09-30 22:00:00,Charleston Southern,Kennesaw State,Big South-OVC,FCS Independents,13.0,10.0,False,False,Buccaneer Field
401541835,2023,5,regular,2023-09-30 22:00:00,Lake Erie,Walsh,Great Midwest Athletic,Great Midwest Athletic,16.0,30.0,False,True,Jack Britt Memorial Stadium
401550296,2023,5,regular,2023-09-30 22:00:00,Bates,Colby,NESCAC,NESCAC,24.0,30.0,False,True,Garcelon Field
401547035,2023,5,regular,2023-09-30 22:00:00,Savannah State,Edward Waters,SIAC,SIAC,25.0,26.0,False,True,Ted Wright Stadium
401541798,2023,5,regular,2023-09-30 22:00:00,Wayne State (MI),Concordia-Michigan,GLIAC,,23.0,24.0,False,False,Tom Adams Field
401540118,2023,5,regular,2023-09-30 22:00:00,Alabama State,Alcorn State,SWAC,SWAC,20.0,23.0,False,True,Hornet Stadium
401541036,2023,5,regular,2023-09-30 22:00:00,Newberry,Carson Newman,South Atlantic,South Atlantic,21.0,34.0,False,True,Setzler Field
401552461,2023,5,regular,2023-09-30 22:00:00,St. John Fisher,Brockport,Empire 8,Empire 8,18.0,35.0,False,True,Growney Stadium
401547047,2023,5,regular,2023-09-30 22:00:00,Benedict,Morehouse,SIAC,SIAC,27.0,3.0,False,True,Charlie W. Johnson Stadium
401550868,2023,5,regular,2023-09-30 22:00:00,Montclair State,The College of New Jersey,New Jersey,New Jersey,42.0,7.0,False,True,Sprague Field
401547009,2023,5,regular,2023-09-30 22:00:00,Catawba,Emory & Henry,South Atlantic,South Atlantic,30.0,13.0,False,True,Shuford Stadium
401540584,2023,5,regular,2023-09-30 22:00:00,Wofford,Chattanooga,Southern,Southern,13.0,23.0,False,True,Gibbs Stadium
401524024,2023,5,regular,2023-09-30 22:30:00,Stanford,Oregon,Pac-12,Pac-12,6.0,42.0,False,True,Stanford Stadium
401540973,2023,5,regular,2023-09-30 23:00:00,Thomas More,Tiffin,,Great Midwest Athletic,9.0,47.0,True,False,BB&T Field at Griffin Plaza
401531414,2023,5,regular,2023-09-30 23:00:00,Rice,East Carolina,American Athletic,American Athletic,24.0,17.0,False,True,Rice Stadium
401540194,2023,5,regular,2023-09-30 23:00:00,North Alabama,Eastern Kentucky,UAC,UAC,22.0,32.0,False,True,Braly Municipal Stadium
401531879,2023,5,regular,2023-09-30 23:00:00,Georgia State,Troy,Sun Belt,Sun Belt,7.0,28.0,False,True,Center Parc Stadium
401540721,2023,5,regular,2023-09-30 23:00:00,Arkansas Tech,Northwestern (OK),Great American,Great American,44.0,21.0,False,True,Thone Stadium at Buerkle Field
401531436,2023,5,regular,2023-09-30 23:00:00,North Texas,Abilene Christian,American Athletic,UAC,45.0,31.0,False,False,DATCU Stadium
401541754,2023,5,regular,2023-09-30 23:00:00,Harding,Southwestern Oklahoma State,Great American,Great American,64.0,0.0,False,True,First Security Stadium
401541900,2023,5,regular,2023-09-30 23:00:00,UT Permian Basin,Texas A&M-Kingsville,Lone Star,Lone Star,29.0,17.0,False,True,Ratliff Stadium
401540300,2023,5,regular,2023-09-30 23:00:00,Murray State,Indiana State,MVFC,MVFC,30.0,28.0,False,True,Roy Stewart Stadium
401540357,2023,5,regular,2023-09-30 23:00:00,Houston Christian,Lamar,Southland,Southland,19.0,21.0,False,True,Husky Stadium
401540430,2023,5,regular,2023-09-30 23:00:00,Northwestern State,Eastern Illinois,Southland,Big South-OVC,10.0,19.0,False,False,Harry Turpin Stadium
401525852,2023,5,regular,2023-09-30 23:00:00,Oklahoma,Iowa State,Big 12,Big 12,50.0,20.0,False,True,"Memorial Stadium (Norman, OK)"
401541046,2023,5,regular,2023-09-30 23:00:00,Sul Ross State,Texas Lutheran,American Southwest,American Southwest,37.0,34.0,False,True,Jackson Field
401550028,2023,5,regular,2023-09-30 23:00:00,Allegheny,Carnegie Mellon,Presidents',Presidents',3.0,19.0,False,True,Frank B. Fuhrer Field
401541893,2023,5,regular,2023-09-30 23:00:00,Eastern New Mexico,Angelo State,Lone Star,Lone Star,14.0,23.0,False,True,Al Whitehead Field at Greyhound Stadium
401544118,2023,5,regular,2023-09-30 23:00:00,Geneva,Saint Vincent,Presidents',Presidents',19.0,28.0,False,True,Reeves Field (PA)
401540150,2023,5,regular,2023-09-30 23:00:00,Mississippi Valley State,Florida A&M,SWAC,SWAC,7.0,31.0,False,True,Rice-Totten Field
401540158,2023,5,regular,2023-09-30 23:00:00,Prairie View A&M,Grambling,SWAC,SWAC,20.0,35.0,True,True,Cotton Bowl
401541879,2023,5,regular,2023-09-30 23:00:00,North Greenville,West Florida,Gulf South,Gulf South,24.0,48.0,False,True,Younts Stadium
401531883,2023,5,regular,2023-09-30 23:00:00,Southern Miss,Texas State,Sun Belt,Sun Belt,36.0,50.0,False,True,M. M. Roberts Stadium
401547134,2023,5,regular,2023-09-30 23:00:00,East Texas Baptist,Austin,American Southwest,American Southwest,35.0,7.0,False,True,Ornelas Stadium
401540438,2023,5,regular,2023-09-30 23:00:00,Stephen F. Austin,East Texas A&M,UAC,Southland,56.0,27.0,False,False,Homer Bryce Stadium
401532585,2023,5,regular,2023-09-30 23:00:00,Colorado State,Utah Tech,Mountain West,UAC,41.0,20.0,False,False,Canvas Stadium
401531878,2023,5,regular,2023-09-30 23:00:00,Georgia Southern,Coastal Carolina,Sun Belt,Sun Belt,38.0,28.0,False,True,Allen E. Paulson Stadium
401540701,2023,5,regular,2023-09-30 23:00:00,Missouri S&T,Indianapolis,Great Lakes,Great Lakes,13.0,26.0,False,True,Allgood-Bailey Stadium
401540542,2023,5,regular,2023-09-30 23:00:00,UT Martin,Tennessee State,Big South-OVC,Big South-OVC,20.0,10.0,False,True,Graham Stadium
401550491,2023,5,regular,2023-09-30 23:00:00,George Fox,Lewis & Clark,Northwest,Northwest,31.0,37.0,False,True,Stoffer Family Stadium
401547063,2023,5,regular,2023-09-30 23:00:00,Allen,Fort Valley State,SIAC,SIAC,21.0,49.0,False,True,W.C. Hawkins Stadium
401531404,2023,5,regular,2023-09-30 23:30:00,SMU,Charlotte,American Athletic,American Athletic,34.0,16.0,False,True,Gerald J. Ford Stadium
401520281,2023,5,regular,2023-09-30 23:30:00,Iowa,Michigan State,Big Ten,Big Ten,26.0,16.0,False,True,Kinnick Stadium
401520291,2023,5,regular,2023-09-30 23:30:00,Tennessee,South Carolina,SEC,SEC,41.0,20.0,False,True,Neyland Stadium
401525438,2023,5,regular,2023-09-30 23:30:00,Duke,Notre Dame,ACC,FBS Independents,14.0,21.0,False,False,Wallace Wade Stadium
401525516,2023,5,regular,2023-10-01 00:00:00,Virginia Tech,Pittsburgh,ACC,ACC,38.0,21.0,False,True,Lane Stadium
401531882,2023,5,regular,2023-10-01 00:00:00,UL Monroe,App State,Sun Belt,Sun Belt,40.0,41.0,False,True,Malone Stadium
401541914,2023,5,regular,2023-10-01 00:00:00,West Texas,Western Oregon,Lone Star,Lone Star,36.0,37.0,False,True,Buffalo Stadium
401540186,2023,5,regular,2023-10-01 00:00:00,Southern Utah,Central Arkansas,UAC,UAC,27.0,29.0,False,True,Eccles Coliseum
401525853,2023,5,regular,2023-10-01 00:00:00,TCU,West Virginia,Big 12,Big 12,21.0,24.0,False,True,Amon G. Carter Stadium
401541953,2023,5,regular,2023-10-01 00:00:00,Fort Hays,Lincoln (MO),Mid America,Independent DII,71.0,3.0,False,False,Lewis Field Stadium
401532589,2023,5,regular,2023-10-01 00:00:00,Air Force,San Diego State,Mountain West,Mountain West,49.0,10.0,False,True,Falcon Stadium
401540391,2023,5,regular,2023-10-01 00:00:00,McNeese,Nicholls,Southland,Southland,10.0,31.0,False,True,Cowboy Stadium
401540228,2023,5,regular,2023-10-01 00:00:00,Cal Poly,UC Davis,Big Sky,Big Sky,13.0,31.0,False,True,Alex G. Spanos Stadium
401545976,2023,5,regular,2023-10-01 00:00:00,Black Hills State,South Dakota Mines,Rocky Mountain,Rocky Mountain,14.0,49.0,False,True,Lyle Hare Stadium
401541762,2023,5,regular,2023-10-01 00:00:00,Oklahoma Baptist,Henderson State,Great American,Great American,14.0,27.0,False,True,Crain Family Stadium
401541920,2023,5,regular,2023-10-01 00:00:00,Western New Mexico,Central Washington,Lone Star,Lone Star,17.0,55.0,False,True,Ben Altamirano Field
401540273,2023,5,regular,2023-10-01 01:00:00,Sacramento State,Northern Arizona,Big Sky,Big Sky,31.0,30.0,False,True,Hornet Stadium
401520285,2023,5,regular,2023-10-01 01:00:00,Mississippi State,Alabama,SEC,SEC,17.0,40.0,False,True,Davis Wade Stadium
401524021,2023,5,regular,2023-10-01 02:00:00,Arizona,Washington,Pac-12,Pac-12,24.0,31.0,False,True,Arizona Stadium
401550330,2023,5,regular,2023-10-01 02:00:00,Cal Lutheran,Chapman,So. Cal.,So. Cal.,24.0,21.0,False,True,William Rolland Stadium
401532587,2023,5,regular,2023-10-01 02:30:00,Fresno State,Nevada,Mountain West,Mountain West,27.0,9.0,False,True,Valley Children's Stadium
401520294,2023,6,regular,2023-10-05 00:00:00,Middle Tennessee,Jacksonville State,Conference USA,Conference USA,30.0,45.0,False,True,"Johnny ""Red"" Floyd Stadium"
401520297,2023,6,regular,2023-10-05 01:00:00,New Mexico State,Florida International,Conference USA,Conference USA,34.0,17.0,False,True,Aggie Memorial Stadium
401520296,2023,6,regular,2023-10-05 23:00:00,Liberty,Sam Houston,Conference USA,Conference USA,21.0,16.0,False,True,Williams Stadium (VA)
401545731,2023,6,regular,2023-10-05 23:00:00,Fairmont State,Concord,Mountain East,Mountain East,42.0,9.0,False,True,Duvall-Rosier Field
401520295,2023,6,regular,2023-10-06 00:00:00,Louisiana Tech,Western Kentucky,Conference USA,Conference USA,28.0,35.0,False,True,Joe Aillet Stadium
401552470,2023,6,regular,2023-10-06 23:00:00,Worcester State,Bridgewater State,MSCAC,MSCAC,7.0,35.0,False,True,John Coughlin Memorial Field
401547189,2023,6,regular,2023-10-06 23:00:00,Johns Hopkins,Gettysburg,Centennial,Centennial,49.0,28.0,False,True,Homewood Field
401540309,2023,6,regular,2023-10-06 23:00:00,Harvard,Cornell,Ivy,Ivy,41.0,23.0,False,True,Harvard Stadium
401525857,2023,6,regular,2023-10-06 23:30:00,Oklahoma State,Kansas State,Big 12,Big 12,29.0,21.0,False,True,Boone Pickens Stadium
401520301,2023,6,regular,2023-10-07 00:00:00,Illinois,Nebraska,Big Ten,Big Ten,7.0,20.0,False,True,"Memorial Stadium (Champaign, IL)"
401553001,2023,6,regular,2023-10-07 16:00:00,Lycoming,Wilkes,Landmark Conference,Landmark Conference,35.0,48.0,False,False,David Person Field
401549798,2023,6,regular,2023-10-07 16:00:00,Belhaven,Huntingdon,USA South,USA South,29.0,3.0,False,True,Belhaven Bowl Stadium
401541067,2023,6,regular,2023-10-07 16:00:00,Bluffton,Hanover,Heartland,Heartland,0.0,21.0,False,True,Alumni Field (OH)
401552475,2023,6,regular,2023-10-07 16:00:00,Fitchburg State,Framingham State,MSCAC,MSCAC,7.0,40.0,False,True,Elliot Field Athletic Complex
401549590,2023,6,regular,2023-10-07 16:00:00,Rensselaer,Ithaca,Liberty League,Liberty League,17.0,20.0,False,True,ECAV Stadium
401540021,2023,6,regular,2023-10-07 16:00:00,Long Island University,Sacred Heart,NEC,NEC,23.0,13.0,False,True,Bethpage Federal Credit Union Stadium
401544138,2023,6,regular,2023-10-07 16:00:00,Southwestern U,Berry,Southern Athletic,Southern Athletic,10.0,52.0,False,True,Birkelbach Field
401520311,2023,6,regular,2023-10-07 16:00:00,Wisconsin,Rutgers,Big Ten,Big Ten,24.0,13.0,False,True,Camp Randall Stadium
401547022,2023,6,regular,2023-10-07 16:00:00,Limestone,Lenoir Rhyne,South Atlantic,South Atlantic,28.0,31.0,False,True,The Reservation
401552463,2023,6,regular,2023-10-07 16:00:00,Gallaudet,Hilbert,ECFC,North Coast,34.0,20.0,False,False,Hotchkiss Field
401545785,2023,6,regular,2023-10-07 16:00:00,Assumption,American International,Northeast 10,Northeast 10,38.0,14.0,False,True,Multi-Sport Stadium
401520305,2023,6,regular,2023-10-07 16:00:00,Missouri,LSU,SEC,SEC,39.0,49.0,False,True,Memorial Stadium
401550103,2023,6,regular,2023-10-07 16:00:00,Catholic,Moravian,Landmark Conference,Landmark Conference,28.0,36.0,False,True,Cardinal Stadium (DC)
401551920,2023,6,regular,2023-10-07 16:00:00,Alfred State,Lyon,ECFC,,41.0,15.0,False,False,Pioneer Stadium
401541017,2023,6,regular,2023-10-07 16:00:00,Gannon,Edinboro,Pennsylvania State Athletic,Pennsylvania State Athletic,23.0,12.0,False,True,McConnell Family Stadium
401540974,2023,6,regular,2023-10-07 16:00:00,Tiffin,Hillsdale,Great Midwest Athletic,Great Midwest Athletic,35.0,21.0,False,True,Frost-Kalnow Stadium
401541106,2023,6,regular,2023-10-07 16:00:00,MIT,Springfield,NEWMAC,NEWMAC,10.0,38.0,False,True,Henry G. Steinbrenner '27 Stadium
401549725,2023,6,regular,2023-10-07 16:00:00,Salve Regina,Coast Guard,Commonwealth Coast,NEWMAC,38.0,7.0,False,False,Toppa Field
401540292,2023,6,regular,2023-10-07 16:00:00,Brown,Rhode Island,Ivy,Coastal Athletic,30.0,34.0,False,False,Brown Stadium
401545761,2023,6,regular,2023-10-07 16:00:00,Notre Dame College,West Virginia State,Mountain East,Mountain East,31.0,24.0,False,True,Mueller Field
401520307,2023,6,regular,2023-10-07 16:00:00,Ohio State,Maryland,Big Ten,Big Ten,37.0,17.0,False,True,Ohio Stadium
401553011,2023,6,regular,2023-10-07 16:00:00,Albright,Stevenson,Mid Atlantic,Mid Atlantic,0.0,38.0,False,True,Gene L. Shirk Stadium
401520304,2023,6,regular,2023-10-07 16:00:00,Mississippi State,Western Michigan,SEC,Mid-American,41.0,28.0,False,False,Davis Wade Stadium
401544064,2023,6,regular,2023-10-07 16:00:00,King's,FDU Florham,Mid Atlantic,Mid Atlantic,17.0,14.0,False,True,McCarthy Stadium (Wilkes Barre)
401550081,2023,6,regular,2023-10-07 16:00:00,Curry,Dean,Commonwealth Coast,ECFC,47.0,14.0,False,False,Walter M. Katz Field
401550350,2023,6,regular,2023-10-07 16:00:00,Trinity (TX),Centre,Southern Athletic,Southern Athletic,31.0,3.0,False,True,Trinity University Stadium
401525861,2023,6,regular,2023-10-07 16:00:00,Texas,Oklahoma,Big 12,Big 12,30.0,34.0,True,True,Cotton Bowl
401520298,2023,6,regular,2023-10-07 16:00:00,Army,Boston College,FBS Independents,ACC,24.0,27.0,False,False,Michie Stadium
401554819,2023,6,regular,2023-10-07 16:00:00,Misericordia,Eastern,Mid Atlantic,Mid Atlantic,25.0,8.0,False,True,Mangelsdorf Field
401525522,2023,6,regular,2023-10-07 16:00:00,Virginia,William & Mary,ACC,Coastal Athletic,27.0,13.0,False,False,Scott Stadium
401526837,2023,6,regular,2023-10-07 16:00:00,Massachusetts,Toledo,FBS Independents,Mid-American,24.0,41.0,False,False,Warren McGuirk Alumni Stadium
401558740,2023,6,regular,2023-10-07 16:00:00,Pace,Post,Northeast 10,Independent DII,38.0,7.0,False,False,Pace Stadium
401540523,2023,6,regular,2023-10-07 16:30:00,Columbia,Marist,Ivy,Pioneer,16.0,0.0,False,False,Lawrence A. Wien Stadium
401540050,2023,6,regular,2023-10-07 17:00:00,Bucknell,Holy Cross,Patriot,Patriot,27.0,55.0,False,True,Christy Mathewson-Memorial Stadium
401540689,2023,6,regular,2023-10-07 17:00:00,Shaw,Johnson C. Smith,CIAA,CIAA,21.0,10.0,False,True,George Williams Athletic Complex
401541028,2023,6,regular,2023-10-07 17:00:00,Lock Haven,Shepherd,Pennsylvania State Athletic,Pennsylvania State Athletic,10.0,27.0,False,True,Hubert Jack Stadium
401541037,2023,6,regular,2023-10-07 17:00:00,Carson Newman,Tusculum,South Atlantic,South Atlantic,21.0,27.0,False,True,Burke-Tarr Stadium
401540469,2023,6,regular,2023-10-07 17:00:00,Morehead State,Dayton,Pioneer,Pioneer,31.0,7.0,False,True,Jayne Stadium
401544885,2023,6,regular,2023-10-07 17:00:00,Concordia St. Paul,Sioux Falls,Northern Sun,Northern Sun,28.0,35.0,False,True,Sea Foam Stadium
401540679,2023,6,regular,2023-10-07 17:00:00,St. Augustine's,Fayetteville State,CIAA,CIAA,0.0,7.0,False,True,George Williams Athletic Complex
401540041,2023,6,regular,2023-10-07 17:00:00,Merrimack,Stonehill,NEC,NEC,45.0,34.0,False,True,Duane Stadium
401549746,2023,6,regular,2023-10-07 17:00:00,Dickinson,Christopher Newport,Centennial,New Jersey,27.0,24.0,False,False,Biddle Field
401558980,2023,6,regular,2023-10-07 17:00:00,Kean,Montclair State,New Jersey,New Jersey,14.0,27.0,False,True,Kean Alumni Stadium
401539982,2023,6,regular,2023-10-07 17:00:00,Morgan State,Stony Brook,MEAC,Coastal Athletic,0.0,0.0,False,False,Hughes Stadium
401539973,2023,6,regular,2023-10-07 17:00:00,Central Connecticut,Delaware State,NEC,MEAC,51.0,44.0,False,False,Arute Field
401545795,2023,6,regular,2023-10-07 17:00:00,Saint Anselm,Bentley,Northeast 10,Northeast 10,24.0,17.0,False,True,Grappone Stadium
401552019,2023,6,regular,2023-10-07 17:00:00,Colby,Wesleyan (CT),NESCAC,NESCAC,20.0,13.0,False,True,Seaverns Field At Harold Alfond Stadium
401551517,2023,6,regular,2023-10-07 17:00:00,Western New England,Anna Maria College,Commonwealth Coast,ECFC,33.0,17.0,False,False,Golden Bear Stadium
401549771,2023,6,regular,2023-10-07 17:00:00,Westminster (MO),Martin Luther,Upper Midwest,Upper Midwest,28.0,14.0,False,True,Blue Jay Stadium
401552462,2023,6,regular,2023-10-07 17:00:00,Brockport,Hartwick,Empire 8,Empire 8,63.0,0.0,False,True,Bob Boozer Field
401545781,2023,6,regular,2023-10-07 17:00:00,Alderson-Broaddus,Charleston (WV),Mountain East,Mountain East,0.0,0.0,False,True,Multi-Sport Performance Stadium
401546945,2023,6,regular,2023-10-07 17:00:00,Winston-Salem State,Livingstone,CIAA,CIAA,21.0,23.0,False,True,Bowman Gray Stadium
401545756,2023,6,regular,2023-10-07 17:00:00,West Liberty,Glenville State,Mountain East,Mountain East,48.0,40.0,False,True,West Family Stadium
401552544,2023,6,regular,2023-10-07 17:00:00,Franklin Pierce,Southern Connecticut State,Northeast 10,Northeast 10,17.0,14.0,True,True,Sodexo Field
401549575,2023,6,regular,2023-10-07 17:00:00,Rochester (NY),Union,Liberty League,Liberty League,17.0,21.0,False,True,Edwin Fauver Stadium
401544072,2023,6,regular,2023-10-07 17:00:00,Trine,Adrian,Michigan,Michigan,34.0,14.0,False,True,Fred Zollner Athletic Stadium
401550227,2023,6,regular,2023-10-07 17:00:00,Salisbury,William Paterson,New Jersey,New Jersey,36.0,19.0,False,True,Sea Gull Stadium
401540672,2023,6,regular,2023-10-07 17:00:00,Elizabeth City State,Virginia Union,CIAA,CIAA,20.0,42.0,False,True,Roebuck Stadium
401541815,2023,6,regular,2023-10-07 17:00:00,Northwood,Findlay,Great Midwest Athletic,Great Midwest Athletic,33.0,30.0,False,True,Hantz Stadium
401545778,2023,6,regular,2023-10-07 17:00:00,Wheeling,West Virginia Wesleyan,Mountain East,Mountain East,58.0,3.0,False,True,Bishop Schmitt Field
401540789,2023,6,regular,2023-10-07 17:00:00,Wayne State (MI),Michigan Tech,GLIAC,GLIAC,23.0,21.0,False,True,Tom Adams Field
401550142,2023,6,regular,2023-10-07 17:00:00,Hope,Albion,Michigan,Michigan,14.0,6.0,False,True,Ray and Sue Smith Stadium
401546997,2023,6,regular,2023-10-07 17:00:00,Ohio Dominican,Lake Erie,Great Midwest Athletic,Great Midwest Athletic,41.0,17.0,False,True,Panther Stadium (OH)
401540804,2023,6,regular,2023-10-07 17:00:00,Ferris State,Saginaw Valley State,GLIAC,GLIAC,38.0,17.0,False,True,Top Taggart Field
401550400,2023,6,regular,2023-10-07 17:00:00,Westminster (PA),Bethany (WV),Presidents',Presidents',42.0,7.0,False,True,Memorial Field (PA)
401550463,2023,6,regular,2023-10-07 17:00:00,New Haven,Lincoln (CA),Northeast 10,,38.0,0.0,False,False,Ralph F. DellaCamera Stadium
401552449,2023,6,regular,2023-10-07 17:00:00,Franklin & Marshall,Ursinus,Centennial,Centennial,20.0,16.0,False,True,Shadek Stadium
401541842,2023,6,regular,2023-10-07 17:00:00,Chowan,North Greenville,Gulf South,Gulf South,16.0,31.0,False,True,Garrison Stadium
401544119,2023,6,regular,2023-10-07 17:00:00,Saint Vincent,Case Western Reserve,Presidents',Presidents',0.0,19.0,False,True,Chuck Noll Field
401550267,2023,6,regular,2023-10-07 17:00:00,Wittenberg,Hiram,North Coast,North Coast,21.0,7.0,False,True,Edwards-Maurer Field
401549583,2023,6,regular,2023-10-07 17:00:00,Hobart,Buffalo State,Liberty League,Liberty League,45.0,21.0,False,True,Boswell Field at David J. Urick Stadium
401549734,2023,6,regular,2023-10-07 17:00:00,Norwich,Merchant Marine,NEWMAC,NEWMAC,21.0,28.0,False,True,Sabine Field at Haynes Family Stadium
401550884,2023,6,regular,2023-10-07 17:00:00,LaGrange,North Carolina Wesleyan,USA South,USA South,14.0,35.0,False,True,Callaway Stadium
401545965,2023,6,regular,2023-10-07 17:00:00,Shippensburg,West Chester,Pennsylvania State Athletic,Pennsylvania State Athletic,28.0,38.0,False,True,Seth Grove Stadium
401549789,2023,6,regular,2023-10-07 17:00:00,Maryville (TN),Greensboro,USA South,USA South,35.0,7.0,False,True,Lloyd L. Thornton Stadium
401550297,2023,6,regular,2023-10-07 17:00:00,Bates,Amherst,NESCAC,NESCAC,7.0,17.0,False,True,Garcelon Field
401540995,2023,6,regular,2023-10-07 17:00:00,Frostburg State,UNC Pembroke,Mountain East,Mountain East,31.0,21.0,False,True,Bobcat Stadium (MD)
401541087,2023,6,regular,2023-10-07 17:00:00,DePauw,Denison,North Coast,North Coast,17.0,6.0,False,True,Blackstock Stadium
401541114,2023,6,regular,2023-10-07 17:00:00,Randolph Macon,Averett,Old Dominion,Old Dominion,59.0,7.0,False,True,Day Field
401549814,2023,6,regular,2023-10-07 17:00:00,Brevard,Southern Virginia,USA South,USA South,49.0,28.0,False,True,Brevard Memorial Stadium
401550326,2023,6,regular,2023-10-07 17:00:00,Hampden Sydney,Ferrum,Old Dominion,Old Dominion,48.0,10.0,False,True,Lewis C. Everett Stadium
401544056,2023,6,regular,2023-10-07 17:00:00,SUNY Cortland,Utica,Empire 8,Empire 8,56.0,3.0,False,True,Stadium Red Field
401549822,2023,6,regular,2023-10-07 17:00:00,Keystone,Susquehanna,Landmark Conference,Landmark Conference,0.0,69.0,False,False,Athletic Field Complex
401547048,2023,6,regular,2023-10-07 17:00:00,Miles,Benedict,SIAC,SIAC,24.0,27.0,False,True,Albert J. H. Sloan - Alumni Stadium
401540556,2023,6,regular,2023-10-07 17:00:00,Presbyterian,Stetson,Pioneer,Pioneer,24.0,28.0,False,True,Bailey Memorial Stadium
401540563,2023,6,regular,2023-10-07 17:00:00,St. Thomas (MN),Butler,Pioneer,Pioneer,17.0,10.0,False,True,O'Shaughnessy Stadium
401550112,2023,6,regular,2023-10-07 17:00:00,Widener,Lebanon Valley,Mid Atlantic,Mid Atlantic,24.0,27.0,False,True,Leslie C. Quick Jr. Stadium
401550304,2023,6,regular,2023-10-07 17:00:00,Hamilton,Trinity (CT),NESCAC,NESCAC,21.0,34.0,False,True,Steuben Field
401540060,2023,6,regular,2023-10-07 17:00:00,Pennsylvania,Georgetown,Ivy,Patriot,42.0,39.0,False,False,Franklin Field
401540074,2023,6,regular,2023-10-07 17:00:00,Princeton,Lafayette,Ivy,Patriot,9.0,12.0,False,False,Princeton University Stadium
401540083,2023,6,regular,2023-10-07 17:00:00,Fordham,Lehigh,Patriot,Patriot,38.0,35.0,False,True,Jack Coffey Field
401555475,2023,6,regular,2023-10-07 17:00:00,Alvernia,Delaware Valley,Mid Atlantic,Mid Atlantic,12.0,28.0,False,True,Turf Field
401544958,2023,6,regular,2023-10-07 17:30:00,Defiance College,Mount St Joseph,Heartland,Heartland,21.0,62.0,False,True,Justin F. Coressel Stadium
401550088,2023,6,regular,2023-10-07 17:30:00,Anderson (IN),Franklin,Heartland,Heartland,28.0,36.0,False,True,Macholtz Stadium
401544100,2023,6,regular,2023-10-07 17:30:00,Marietta,John Carroll,Ohio,Ohio,28.0,31.0,False,True,Don Drumm Stadium
401540627,2023,6,regular,2023-10-07 17:30:00,Wofford,Samford,Southern,Southern,10.0,31.0,False,True,Gibbs Stadium
401540336,2023,6,regular,2023-10-07 17:30:00,Dartmouth,Yale,Ivy,Ivy,24.0,31.0,False,True,Memorial Field
401550075,2023,6,regular,2023-10-07 17:30:00,Manchester,Rose Hulman,Heartland,Heartland,7.0,44.0,False,True,Carl W. Burt Memorial Stadium
401544109,2023,6,regular,2023-10-07 17:30:00,Heidelberg,Mount Union,Ohio,Ohio,3.0,41.0,False,True,Hoernemann Stadium
401550242,2023,6,regular,2023-10-07 18:00:00,Wisconsin Lutheran,Lakeland,NACC,NACC,34.0,14.0,False,True,Warrior Field at Raabe Stadium
401550422,2023,6,regular,2023-10-07 18:00:00,Wisconsin Platteville,Wisconsin Stevens Point,Wisconsin,Wisconsin,51.0,10.0,False,True,Ralph E. Davis Pioneer Stadium
401540654,2023,6,regular,2023-10-07 18:00:00,Bowie State,Virginia State,CIAA,CIAA,16.0,44.0,False,True,Bulldogs Stadium
401541933,2023,6,regular,2023-10-07 18:00:00,Central Missouri,Nebraska Kearney,Mid America,Mid America,38.0,14.0,False,True,Audrey J. Walton Stadium at Vernon Kennedy Field
401550170,2023,6,regular,2023-10-07 18:00:00,Saint John's (MN),Concordia (MN),Minnesota,Minnesota,42.0,23.0,False,True,Clemens Stadium
401550174,2023,6,regular,2023-10-07 18:00:00,St. Scholastica,Gustavus Adolphus,Minnesota,Minnesota,12.0,63.0,False,True,Public Schools Stadium
401544965,2023,6,regular,2023-10-07 18:00:00,Kalamazoo,Olivet,Michigan,Michigan,14.0,42.0,False,True,Angell Field
401540798,2023,6,regular,2023-10-07 18:00:00,Davenport,Northern Michigan,GLIAC,GLIAC,28.0,12.0,False,True,Farmers Insurance Athletic Complex
401541058,2023,6,regular,2023-10-07 18:00:00,Alfred,SUNY Morrisville,Empire 8,Empire 8,14.0,10.0,False,True,Merrill Field at Yunevich Stadium
401544894,2023,6,regular,2023-10-07 18:00:00,IU Pennsylvania,California (PA),Pennsylvania State Athletic,Pennsylvania State Athletic,20.0,30.0,False,True,George P. Miller Stadium
401550156,2023,6,regular,2023-10-07 18:00:00,Hamline,Augsburg,Minnesota,Minnesota,7.0,41.0,False,True,Klas Field
401540315,2023,6,regular,2023-10-07 18:00:00,Hampton,Campbell,Coastal Athletic,Coastal Athletic,27.0,30.0,False,True,Armstrong Stadium
401547095,2023,6,regular,2023-10-07 18:00:00,Loras,Central College,American Rivers,American Rivers,14.0,38.0,False,True,Rock Bowl
401547110,2023,6,regular,2023-10-07 18:00:00,Dubuque,Nebraska Wesleyan,American Rivers,American Rivers,56.0,28.0,False,True,Chalmers Field
401552014,2023,6,regular,2023-10-07 18:00:00,Williams,Middlebury,NESCAC,NESCAC,10.0,12.0,False,True,Farley-Lamb Field
401550029,2023,6,regular,2023-10-07 18:00:00,Washington & Jefferson,Allegheny,Presidents',Presidents',35.0,28.0,False,True,Cameron Stadium
401547144,2023,6,regular,2023-10-07 18:00:00,Howard Payne,East Texas Baptist,American Southwest,American Southwest,28.0,14.0,False,True,Gordon Wood Stadium
401545803,2023,6,regular,2023-10-07 18:00:00,Augustana (SD),Southwest Minnesota State,Northern Sun,Northern Sun,38.0,6.0,False,True,Kirkeby-Over Stadium
401545831,2023,6,regular,2023-10-07 18:00:00,Wayne State (NE),Minnesota Duluth,Northern Sun,Northern Sun,28.0,18.0,False,True,"Memorial Stadium (Wayne, NE)"
401550209,2023,6,regular,2023-10-07 18:00:00,Knox,Ripon,Midwest,Midwest,3.0,10.0,False,True,Harley Knosher Bowl
401548495,2023,6,regular,2023-10-07 18:00:00,Illinois Wesleyan,Washington St. Louis,CCIW,CCIW,10.0,38.0,False,True,Tucci Stadium
401545870,2023,6,regular,2023-10-07 18:00:00,Clarion,Seton Hill,Pennsylvania State Athletic,Pennsylvania State Athletic,17.0,24.0,False,True,"Memorial Stadium (Clarion, PA)"
401545969,2023,6,regular,2023-10-07 18:00:00,Mercyhurst,Slippery Rock,Pennsylvania State Athletic,Pennsylvania State Athletic,31.0,75.0,False,True,Saxon Stadium
401546012,2023,6,regular,2023-10-07 18:00:00,South Dakota Mines,Western Colorado,Rocky Mountain,Rocky Mountain,20.0,43.0,False,True,O'Harra Stadium
401549676,2023,6,regular,2023-10-07 18:00:00,Concordia Chicago,Aurora,NACC,NACC,0.0,91.0,False,True,Concordia Stadium
401549633,2023,6,regular,2023-10-07 18:00:00,Muhlenberg,McDaniel,Centennial,Centennial,50.0,6.0,False,True,Scotty Wood Stadium
401540712,2023,6,regular,2023-10-07 18:00:00,Southwest Baptist,McKendree,Great Lakes,Great Lakes,24.0,17.0,False,True,Plaster Sports Complex
401550273,2023,6,regular,2023-10-07 18:00:00,Ohio Wesleyan,Kenyon,North Coast,North Coast,48.0,7.0,False,True,Selby Stadium
401550233,2023,6,regular,2023-10-07 18:00:00,Concordia (WI),Benedictine (IL),NACC,NACC,28.0,0.0,False,True,Tomasini Stadium
401540371,2023,6,regular,2023-10-07 18:00:00,North Dakota,Western Illinois,MVFC,MVFC,49.0,10.0,False,True,Alerus Center
401541006,2023,6,regular,2023-10-07 18:00:00,Bloomsburg,Kutztown,Pennsylvania State Athletic,Pennsylvania State Athletic,3.0,24.0,False,True,Robert B. Redman Stadium
401545977,2023,6,regular,2023-10-07 18:00:00,Black Hills State,New Mexico Highlands,Rocky Mountain,Rocky Mountain,34.0,24.0,False,True,Lyle Hare Stadium
401550417,2023,6,regular,2023-10-07 18:00:00,Wisconsin Whitewater,Wisconsin La Crosse,Wisconsin,Wisconsin,34.0,37.0,False,True,Perkins Stadium
401541077,2023,6,regular,2023-10-07 18:00:00,Carleton,St. Olaf,Minnesota,Minnesota,33.0,31.0,False,True,Laird Stadium
401549642,2023,6,regular,2023-10-07 18:00:00,Carthage,North Park,CCIW,CCIW,20.0,35.0,False,True,Art Keller Field
401539997,2023,6,regular,2023-10-07 18:00:00,Elon,North Carolina Central,Coastal Athletic,MEAC,23.0,34.0,False,False,Rhodes Stadium
401540600,2023,6,regular,2023-10-07 18:00:00,Furman,The Citadel,Southern,Southern,28.0,14.0,False,True,Paladin Stadium
401547122,2023,6,regular,2023-10-07 18:00:00,Luther,Wartburg,American Rivers,American Rivers,0.0,54.0,False,True,Legacy Field in Carlson Stadium
401549662,2023,6,regular,2023-10-07 18:00:00,Chicago,Illinois College,Midwest,Midwest,20.0,41.0,False,True,Amos Alonzo Stagg Field
401547084,2023,6,regular,2023-10-07 18:00:00,Coe,Buena Vista,American Rivers,American Rivers,52.0,7.0,False,True,Clark Field
401540495,2023,6,regular,2023-10-07 18:00:00,Lindenwood,Tennessee Tech,Big South-OVC,Big South-OVC,23.0,0.0,False,True,Hunter Stadium
401541096,2023,6,regular,2023-10-07 18:00:00,Wabash,Wooster,North Coast,North Coast,45.0,35.0,False,True,Little Giant Stadium
401545984,2023,6,regular,2023-10-07 18:00:00,Chadron State,Fort Lewis,Rocky Mountain,Rocky Mountain,57.0,20.0,False,True,Elliott Field at Don Beebe Stadium
401541047,2023,6,regular,2023-10-07 18:00:00,Texas Lutheran,Mary Hardin Baylor,American Southwest,American Southwest,21.0,55.0,False,True,Bulldog Stadium (TX)
401540001,2023,6,regular,2023-10-07 18:00:00,South Carolina State,Virginia Lynchburg,MEAC,,56.0,6.0,False,False,Oliver C. Dawson Stadium
401540741,2023,6,regular,2023-10-07 18:00:00,Truman State,Quincy,Great Lakes,Great Lakes,33.0,27.0,False,True,Stokes Stadium
401549708,2023,6,regular,2023-10-07 18:00:00,UVA Wise,Emory & Henry,South Atlantic,South Atlantic,24.0,41.0,False,True,Carl Smith Stadium
401540457,2023,6,regular,2023-10-07 18:00:00,Drake,Valparaiso,Pioneer,Pioneer,20.0,14.0,False,True,Drake Stadium
401547135,2023,6,regular,2023-10-07 18:00:00,Austin,Sul Ross State,American Southwest,American Southwest,7.0,49.0,False,True,Jerry E. Apple Stadium
401549686,2023,6,regular,2023-10-07 18:00:00,St. Norbert,Rockford,NACC,NACC,58.0,6.0,False,True,Donald J. Schneider Stadium
401541850,2023,6,regular,2023-10-07 18:00:00,Valdosta State,Delta State,Gulf South,Gulf South,25.0,49.0,False,True,Bazemore-Hyder Stadium
401544930,2023,6,regular,2023-10-07 18:00:00,Edward Waters,Lane College,SIAC,SIAC,37.0,30.0,False,True,Earl Kitchings Stadium
401544939,2023,6,regular,2023-10-07 18:00:00,Augustana (IL),Millikin,CCIW,CCIW,42.0,3.0,False,True,Charles D. Lindberg Stadium
401549779,2023,6,regular,2023-10-07 18:00:00,Wisconsin Eau Claire,Wisconsin River Falls,Wisconsin,Wisconsin,7.0,49.0,False,True,Carson Park
401531389,2023,6,regular,2023-10-07 18:00:00,Temple,UTSA,American Athletic,American Athletic,34.0,49.0,False,True,Lincoln Financial Field
401525521,2023,6,regular,2023-10-07 18:00:00,NC State,Marshall,ACC,Sun Belt,48.0,41.0,False,False,Carter-Finley Stadium
401532415,2023,6,regular,2023-10-07 18:00:00,Buffalo,Central Michigan,Mid-American,Mid-American,37.0,13.0,False,True,UB Stadium
401553865,2023,6,regular,2023-10-07 18:30:00,WPI,SUNY Maritime,NEWMAC,NEWMAC,21.0,28.0,False,True,"Alumni Stadium (Worcester, MA)"
401547016,2023,6,regular,2023-10-07 18:30:00,Mars Hill,Erskine,South Atlantic,South Atlantic,38.0,3.0,False,True,Meares Stadium
401541943,2023,6,regular,2023-10-07 18:30:00,Northwest Missouri State,Central Oklahoma,Mid America,Mid America,34.0,21.0,False,True,Bearcat Stadium
401545858,2023,6,regular,2023-10-07 19:00:00,University of Mary,Winona State,Northern Sun,Northern Sun,7.0,17.0,False,True,MDU Resources Community Bowl
401541954,2023,6,regular,2023-10-07 19:00:00,Missouri Southern State,Fort Hays,Mid America,Mid America,22.0,35.0,False,True,Fred G. Hughes Stadium
401540014,2023,6,regular,2023-10-07 19:00:00,Delaware,Duquesne,CAA,NEC,43.0,17.0,False,False,Delaware Stadium
401550196,2023,6,regular,2023-10-07 19:00:00,The College of New Jersey,Rowan,New Jersey,New Jersey,7.0,9.0,False,True,Lions Stadium
401549653,2023,6,regular,2023-10-07 19:00:00,Cornell (IA),Beloit,Midwest,Midwest,36.0,24.0,False,True,Van Metre Field at Ash Park
401544081,2023,6,regular,2023-10-07 19:00:00,Monmouth (IL),Grinnell,Midwest,Midwest,69.0,6.0,False,True,April Zorn Memorial Stadium
401545991,2023,6,regular,2023-10-07 19:00:00,Colorado Mesa,Colorado School of Mines,Rocky Mountain,Rocky Mountain,0.0,52.0,False,True,Ralph Stocker Stadium
401549669,2023,6,regular,2023-10-07 19:00:00,Lake Forest,Lawrence,Midwest,Midwest,76.0,0.0,False,True,Farwell Field
401524028,2023,6,regular,2023-10-07 19:00:00,UCLA,Washington State,Pac-12,Pac-12,25.0,17.0,False,True,Rose Bowl
401541133,2023,6,regular,2023-10-07 19:00:00,Wisconsin Stout,Wisconsin Oshkosh,Wisconsin,Wisconsin,46.0,48.0,False,True,Don and Nona Williams Stadium
401541763,2023,6,regular,2023-10-07 19:00:00,Henderson State,Southern Nazarene,Great American,Great American,42.0,28.0,False,True,Ruggles Field at Carpenter-Haygood Stadium
401550461,2023,6,regular,2023-10-07 19:00:00,Northwestern (MN),Crown,Upper Midwest,Upper Midwest,47.0,23.0,False,True,Reynolds Field
401540479,2023,6,regular,2023-10-07 19:00:00,Eastern Illinois,UT Martin,Big South-OVC,Big South-OVC,27.0,28.0,False,True,O'Brien Stadium
401541981,2023,6,regular,2023-10-07 19:00:00,Lincoln (MO),Northeastern State,Independent DII,Mid America,13.0,28.0,False,False,Dwight T. Reed Stadium
401544877,2023,6,regular,2023-10-07 19:00:00,Pittsburg State,Emporia State,Mid America,Mid America,33.0,25.0,False,True,Carnie Smith Stadium
401541888,2023,6,regular,2023-10-07 19:00:00,Bluefield State,Lincoln (PA),Independent DII,CIAA,44.0,52.0,False,False,Mitchell Stadium
401540348,2023,6,regular,2023-10-07 19:00:00,Missouri State,North Dakota State,MVFC,MVFC,10.0,38.0,False,True,Plaster Sports Complex
401550386,2023,6,regular,2023-10-07 19:00:00,Geneva,Grove City,Presidents',Presidents',21.0,48.0,False,True,Reeves Field (PA)
401540780,2023,6,regular,2023-10-07 19:00:00,Southeastern Oklahoma State,Arkansas Monticello,Great American,Great American,22.0,21.0,False,True,Paul Laird Field
401549763,2023,6,regular,2023-10-07 19:00:00,Sewanee,Birmingham-Southern,Southern Athletic,Southern Athletic,32.0,38.0,False,True,Hardee-McGee Field
401540364,2023,6,regular,2023-10-07 19:00:00,South Dakota,Murray State,MVFC,MVFC,38.0,7.0,False,True,DakotaDome
401545838,2023,6,regular,2023-10-07 19:00:00,Minnesota State,Minnesota St Moorhead,Northern Sun,Northern Sun,24.0,21.0,False,True,Blakeslee Stadium
401540608,2023,6,regular,2023-10-07 19:00:00,Kennesaw State,Tennessee State,FCS Independents,Big South-OVC,20.0,27.0,False,False,Fifth Third Stadium
401541785,2023,6,regular,2023-10-07 19:00:00,East Central,Ouachita Baptist,Great American,Great American,14.0,31.0,False,True,Koi Ishto Stadium
401520306,2023,6,regular,2023-10-07 19:00:00,Northwestern,Howard,Big Ten,MEAC,23.0,20.0,False,False,Ryan Field
401540119,2023,6,regular,2023-10-07 19:05:00,Alabama State,Bethune-Cookman,SWAC,SWAC,19.0,14.0,False,True,Hornet Stadium
401540127,2023,6,regular,2023-10-07 19:30:00,Alcorn State,Grambling,SWAC,SWAC,25.0,24.0,False,True,Jack Spinks Stadium
401540592,2023,6,regular,2023-10-07 19:30:00,East Tennessee State,Mercer,Southern,Southern,6.0,24.0,False,True,William B. Greene Jr. Stadium
401532417,2023,6,regular,2023-10-07 19:30:00,Ohio,Kent State,Mid-American,Mid-American,42.0,17.0,False,True,Peden Stadium
401531884,2023,6,regular,2023-10-07 19:30:00,Louisiana,Texas State,Sun Belt,Sun Belt,34.0,30.0,False,True,Cajun Field
401545849,2023,6,regular,2023-10-07 19:30:00,Northern State,Minot State,Northern Sun,Northern Sun,46.0,9.0,False,True,Swisher Field
401532416,2023,6,regular,2023-10-07 19:30:00,Miami (OH),Bowling Green,Mid-American,Mid-American,27.0,0.0,False,True,Yager Stadium
401540491,2023,6,regular,2023-10-07 19:30:00,Richmond,Maine,Coastal Athletic,Coastal Athletic,42.0,31.0,False,True,E. Claiborne Robins Stadium
401532414,2023,6,regular,2023-10-07 19:30:00,Eastern Michigan,Ball State,Mid-American,Mid-American,24.0,10.0,False,True,Rynearson Stadium
401520310,2023,6,regular,2023-10-07 19:30:00,Texas A&M,Alabama,SEC,SEC,20.0,26.0,False,True,Kyle Field
401541778,2023,6,regular,2023-10-07 19:30:00,Southern Arkansas,Oklahoma Baptist,Great American,Great American,63.0,24.0,False,True,Wilkins Stadium
401525518,2023,6,regular,2023-10-07 19:30:00,Florida State,Virginia Tech,ACC,ACC,39.0,17.0,False,True,Doak Campbell Stadium
401525520,2023,6,regular,2023-10-07 19:30:00,North Carolina,Syracuse,ACC,ACC,40.0,7.0,False,True,Kenan Stadium
401532418,2023,6,regular,2023-10-07 19:30:00,Akron,Northern Illinois,Mid-American,Mid-American,14.0,55.0,False,True,InfoCision Stadium
401520302,2023,6,regular,2023-10-07 19:30:00,Iowa,Purdue,Big Ten,Big Ten,20.0,14.0,False,True,Kinnick Stadium
401525517,2023,6,regular,2023-10-07 19:30:00,Clemson,Wake Forest,ACC,ACC,17.0,12.0,False,True,"Memorial Stadium (Clemson, SC)"
401531433,2023,6,regular,2023-10-07 19:30:00,Navy,North Texas,American Athletic,American Athletic,27.0,24.0,False,True,Navy-Marine Corps Memorial Stadium
401525860,2023,6,regular,2023-10-07 20:00:00,Kansas,UCF,Big 12,Big 12,51.0,22.0,False,True,Memorial Stadium
401531887,2023,6,regular,2023-10-07 20:00:00,Troy,Arkansas State,Sun Belt,Sun Belt,37.0,3.0,False,True,Veterans Memorial Stadium (AL)
401544090,2023,6,regular,2023-10-07 20:00:00,Willamette,Whitworth,Northwest,Northwest,7.0,59.0,False,True,McCulloch Stadium
401540089,2023,6,regular,2023-10-07 20:00:00,Alabama A&M,Jackson State,SWAC,SWAC,30.0,45.0,True,True,Ladd Peebles Stadium
401520299,2023,6,regular,2023-10-07 20:00:00,Florida,Vanderbilt,SEC,SEC,38.0,14.0,False,True,Ben Hill Griffin Stadium
401550336,2023,6,regular,2023-10-07 20:00:00,Washington and Lee,Guilford,Old Dominion,Old Dominion,48.0,25.0,False,True,Wilson Field
401550124,2023,6,regular,2023-10-07 20:00:00,UMass Dartmouth,Mass Maritime,MSCAC,MSCAC,26.0,0.0,False,True,Cressy Field
401550432,2023,6,regular,2023-10-07 20:00:00,Millsaps,Rhodes,Southern Athletic,Southern Athletic,7.0,37.0,False,True,Harper Davis Field
401547043,2023,6,regular,2023-10-07 20:00:00,Albany State,Central State,SIAC,SIAC,48.0,0.0,False,True,Albany State University Coliseum
401550465,2023,6,regular,2023-10-07 20:00:00,Lewis & Clark,Linfield,Northwest,Northwest,15.0,57.0,False,True,Griswold Stadium
401541858,2023,6,regular,2023-10-07 20:00:00,West Florida,Shorter,Gulf South,Gulf South,42.0,3.0,True,True,Blue Wahoos Stadium
401544902,2023,6,regular,2023-10-07 20:00:00,CSU Pueblo,Adams State,Rocky Mountain,Rocky Mountain,43.0,10.0,False,True,Neta and Eddie DeRose ThunderBowl
401550492,2023,6,regular,2023-10-07 20:00:00,Puget Sound,George Fox,Northwest,Northwest,29.0,27.0,False,True,Baker Stadium
401544911,2023,6,regular,2023-10-07 20:00:00,Barton,Newberry,South Atlantic,South Atlantic,34.0,17.0,False,True,Electric Supply Company Field
401552480,2023,6,regular,2023-10-07 20:00:00,Western Connecticut State,Plymouth State,MSCAC,MSCAC,55.0,20.0,False,True,Westside Athletic Complex
401551729,2023,6,regular,2023-10-07 20:00:00,Pacific Lutheran,Pacific (OR),Northwest,Northwest,17.0,10.0,False,True,Sparks Stadium
401541968,2023,6,regular,2023-10-07 20:00:00,Washburn,Missouri Western,Mid America,Mid America,21.0,61.0,False,True,Yager Stadium at Moore Bowl
401540485,2023,6,regular,2023-10-07 20:00:00,Gardner-Webb,Robert Morris,Big South-OVC,Big South,31.0,16.0,False,True,Ernest W. Spangler Stadium
401540544,2023,6,regular,2023-10-07 20:00:00,North Carolina A&T,Villanova,Coastal Athletic,Coastal Athletic,14.0,37.0,False,True,Aggie Stadium
401540578,2023,6,regular,2023-10-07 20:00:00,Towson,UAlbany,Coastal Athletic,Coastal Athletic,17.0,24.0,False,True,Johnny Unitas Stadium
401540585,2023,6,regular,2023-10-07 20:00:00,Chattanooga,Western Carolina,Southern,Southern,50.0,52.0,False,True,Finley Stadium
401531380,2023,6,regular,2023-10-07 20:00:00,UAB,South Florida,American Athletic,American Athletic,56.0,35.0,False,True,Protective Stadium
401540358,2023,6,regular,2023-10-07 20:00:00,Nicholls,Houston Christian,Southland,Southland,38.0,7.0,False,True,Manning Field at John L. Guidry Stadium
401540377,2023,6,regular,2023-10-07 20:00:00,Lamar,Northwestern State,Southland,Southland,27.0,13.0,False,True,Provost Umphrey Stadium
401541921,2023,6,regular,2023-10-07 20:05:00,Western Oregon,Western New Mexico,Lone Star,Lone Star,31.0,10.0,False,True,McArthur Field
401540435,2023,6,regular,2023-10-07 21:00:00,Incarnate Word,SE Louisiana,Southland,Southland,33.0,26.0,False,True,Gayle and Tom Benson Stadium
401541755,2023,6,regular,2023-10-07 21:00:00,Northwestern (OK),Harding,Great American,Great American,0.0,62.0,False,True,Ranger Field
401540187,2023,6,regular,2023-10-07 21:00:00,Central Arkansas,Southeast Missouri State,UAC,Big South-OVC,38.0,33.0,False,False,Estes Stadium
401520309,2023,6,regular,2023-10-07 21:00:00,Rice,UConn,American Athletic,FBS Independents,31.0,38.0,False,False,Rice Stadium
401531340,2023,6,regular,2023-10-07 22:00:00,Florida Atlantic,Tulsa,American Athletic,American Athletic,20.0,17.0,False,True,FAU Stadium
401547057,2023,6,regular,2023-10-07 22:00:00,Allen,Clark Atlanta,SIAC,SIAC,35.0,27.0,False,True,W.C. Hawkins Stadium
401540447,2023,6,regular,2023-10-07 22:00:00,Youngstown State,Southern Illinois,MVFC,MVFC,31.0,3.0,False,True,Stambaugh Stadium
401540702,2023,6,regular,2023-10-07 22:00:00,Indianapolis,William Jewell,Great Lakes,Great Lakes,59.0,17.0,False,True,Key Stadium
401544922,2023,6,regular,2023-10-07 22:00:00,Catawba,Wingate,South Atlantic,South Atlantic,13.0,31.0,False,True,Shuford Stadium
401541876,2023,6,regular,2023-10-07 22:00:00,West Georgia,West Alabama,Gulf South,Gulf South,24.0,6.0,False,True,University Stadium (GA)
401547064,2023,6,regular,2023-10-07 22:00:00,Fort Valley State,Savannah State,SIAC,SIAC,38.0,24.0,False,True,Wildcat Stadium (GA)
401545887,2023,6,regular,2023-10-07 22:05:00,East Stroudsburg,Millersville,Pennsylvania State Athletic,Pennsylvania State Athletic,38.0,17.0,False,True,Eiler-Martin Stadium
401540722,2023,6,regular,2023-10-07 22:30:00,Southwestern Oklahoma State,Arkansas Tech,Great American,Great American,7.0,9.0,False,True,Milam Stadium
401549716,2023,6,regular,2023-10-07 22:30:00,Bowdoin,Tufts,NESCAC,NESCAC,10.0,24.0,False,True,Whittier Field
401524026,2023,6,regular,2023-10-07 22:30:00,Arizona State,Colorado,Pac-12,Pac-12,24.0,27.0,False,True,Mountain America Stadium
401540301,2023,6,regular,2023-10-07 23:00:00,Indiana State,Northern Iowa,MVFC,MVFC,20.0,27.0,False,True,Memorial Stadium
401547178,2023,6,regular,2023-10-07 23:00:00,McMurry,Hardin Simmons,American Southwest,American Southwest,16.0,19.0,False,True,Wilford Moore Stadium
401531886,2023,6,regular,2023-10-07 23:00:00,Southern Miss,Old Dominion,Sun Belt,Sun Belt,13.0,17.0,False,True,M. M. Roberts Stadium
401540261,2023,6,regular,2023-10-07 23:00:00,UC Davis,Montana,Big Sky,Big Sky,23.0,31.0,False,True,Aggie Stadium
401540208,2023,6,regular,2023-10-07 23:00:00,Tarleton State,Southern Utah,UAC,UAC,26.0,27.0,False,True,"Memorial Stadium (Stephenville, TX)"
401540165,2023,6,regular,2023-10-07 23:00:00,Prairie View A&M,Mississippi Valley State,SWAC,SWAC,31.0,12.0,False,True,Panther Stadium
401540749,2023,6,regular,2023-10-07 23:00:00,Grand Valley State,Kentucky State,GLIAC,SIAC,65.0,7.0,False,False,Lubbers Stadium
401520300,2023,6,regular,2023-10-07 23:00:00,Georgia,Kentucky,SEC,SEC,51.0,13.0,False,True,Sanford Stadium
401547216,2023,6,regular,2023-10-07 23:00:00,North Central College,Carroll (WI),CCIW,CCIW,69.0,24.0,False,True,Benedetti-Wehrli Stadium
401550319,2023,6,regular,2023-10-07 23:00:00,Shenandoah,Bridgewater,Old Dominion,Old Dominion,10.0,24.0,False,True,Shentel Stadium
401544130,2023,6,regular,2023-10-07 23:00:00,Carnegie Mellon,Thiel,Presidents',Presidents',80.0,22.0,False,True,Gesling Stadium
401540151,2023,6,regular,2023-10-07 23:00:00,Southern,Florida A&M,SWAC,SWAC,19.0,26.0,False,True,Ace W. Mumford Stadium
401541805,2023,6,regular,2023-10-07 23:00:00,Ashland,Walsh,Great Midwest Athletic,Great Midwest Athletic,21.0,7.0,False,True,Jack Miller Stadium
401550049,2023,6,regular,2023-10-07 23:00:00,Elmhurst,Wheaton (IL),CCIW,CCIW,6.0,61.0,False,True,Langhorst Field
401541830,2023,6,regular,2023-10-07 23:00:00,Kentucky Wesleyan,Thomas More,Great Midwest Athletic,,28.0,36.0,False,False,Steele Stadium
401540103,2023,6,regular,2023-10-07 23:00:00,Illinois State,South Dakota State,MVFC,MVFC,21.0,40.0,False,True,Hancock Stadium
401540732,2023,6,regular,2023-10-07 23:00:00,Missouri S&T,Upper Iowa,Great Lakes,Northern Sun,31.0,6.0,False,False,Allgood-Bailey Stadium
401531885,2023,6,regular,2023-10-07 23:00:00,UL Monroe,South Alabama,Sun Belt,Sun Belt,7.0,55.0,False,True,Malone Stadium
401520303,2023,6,regular,2023-10-07 23:30:00,Minnesota,Michigan,Big Ten,Big Ten,10.0,52.0,False,True,Huntington Bank Stadium
401520308,2023,6,regular,2023-10-07 23:30:00,Ole Miss,Arkansas,SEC,SEC,27.0,20.0,False,True,Vaught-Hemingway Stadium
401525439,2023,6,regular,2023-10-07 23:37:00,Louisville,Notre Dame,ACC,FBS Independents,33.0,20.0,False,False,L&N Federal Credit Union Stadium
401532592,2023,6,regular,2023-10-08 00:00:00,Boise State,San José State,Mountain West,Mountain West,35.0,27.0,False,True,Albertsons Stadium
401532591,2023,6,regular,2023-10-08 00:00:00,Wyoming,Fresno State,Mountain West,Mountain West,24.0,19.0,False,True,War Memorial Stadium
401525858,2023,6,regular,2023-10-08 00:00:00,Baylor,Texas Tech,Big 12,Big 12,14.0,39.0,False,True,McLane Stadium
401525519,2023,6,regular,2023-10-08 00:00:00,Miami,Georgia Tech,ACC,ACC,20.0,23.0,False,True,Hard Rock Stadium
401540392,2023,6,regular,2023-10-08 00:00:00,East Texas A&M,McNeese,Southland,Southland,41.0,10.0,False,True,Memorial Stadium (Commerce TX)
401540229,2023,6,regular,2023-10-08 00:00:00,Cal Poly,Idaho,Big Sky,Big Sky,14.0,42.0,False,True,Alex G. Spanos Stadium
401541901,2023,6,regular,2023-10-08 00:00:00,Texas A&M-Kingsville,West Texas,Lone Star,Lone Star,28.0,21.0,False,True,Javelina Stadium
401540274,2023,6,regular,2023-10-08 00:00:00,Weber State,Northern Arizona,Big Sky,Big Sky,10.0,27.0,False,True,Stewart Stadium
401525859,2023,6,regular,2023-10-08 00:00:00,Iowa State,TCU,Big 12,Big 12,27.0,14.0,False,True,Jack Trice Stadium
401547068,2023,6,regular,2023-10-08 00:00:00,Tuskegee,Morehouse,SIAC,SIAC,40.0,28.0,True,True,Legion Field
401532590,2023,6,regular,2023-10-08 00:00:00,Utah State,Colorado State,Mountain West,Mountain West,44.0,24.0,False,True,Maverik Stadium
401540984,2023,6,regular,2023-10-08 00:00:00,Midwestern State,UT Permian Basin,Lone Star,Lone Star,13.0,21.0,False,True,"Memorial Stadium (Wichita Falls, TX)"
401550164,2023,6,regular,2023-10-08 00:00:00,Macalester,Bethel (MN),Minnesota,Minnesota,14.0,49.0,False,True,Macalester Stadium
401540223,2023,6,regular,2023-10-08 01:00:00,Utah Tech,Stephen F. Austin,UAC,UAC,37.0,31.0,False,True,Greater Zion Stadium
401541925,2023,6,regular,2023-10-08 01:00:00,Central Washington,Eastern New Mexico,Lone Star,Lone Star,38.0,35.0,False,True,Tomlinson Stadium
401550331,2023,6,regular,2023-10-08 02:00:00,Chapman,Claremont Mudd Scripps,So. Cal.,So. Cal.,20.0,7.0,False,True,Ernie Chapman Stadium
401544148,2023,6,regular,2023-10-08 02:00:00,Redlands,Pomona Pitzer,So. Cal.,So. Cal.,9.0,10.0,False,True,Ted Runner Stadium
401524027,2023,6,regular,2023-10-08 02:00:00,California,Oregon State,Pac-12,Pac-12,40.0,52.0,False,True,California Memorial Stadium
401553867,2023,6,regular,2023-10-08 02:00:00,Cal Lutheran,La Verne,So. Cal.,So. Cal.,55.0,0.0,False,True,William Rolland Stadium
401524025,2023,6,regular,2023-10-08 02:30:00,USC,Arizona,Pac-12,Pac-12,43.0,41.0,False,True,Los Angeles Memorial Coliseum
401520313,2023,7,regular,2023-10-10 23:00:00,Middle Tennessee,Louisiana Tech,Conference USA,Conference USA,31.0,23.0,False,True,"Johnny ""Red"" Floyd Stadium"
401520312,2023,7,regular,2023-10-10 23:30:00,Jacksonville State,Liberty,Conference USA,Conference USA,13.0,31.0,False,True,AmFirst Stadium
401531888,2023,7,regular,2023-10-10 23:30:00,App State,Coastal Carolina,Sun Belt,Sun Belt,24.0,27.0,False,True,Kidd Brewer Stadium
401520314,2023,7,regular,2023-10-11 23:30:00,Florida International,UTEP,Conference USA,Conference USA,14.0,27.0,False,True,FIU Stadium
401520315,2023,7,regular,2023-10-12 01:00:00,New Mexico State,Sam Houston,Conference USA,Conference USA,27.0,13.0,False,True,Aggie Memorial Stadium
401525862,2023,7,regular,2023-10-12 23:00:00,Houston,West Virginia,Big 12,Big 12,41.0,39.0,False,True,TDECU Stadium
401550125,2023,7,regular,2023-10-12 23:00:00,Mass Maritime,Worcester State,MSCAC,MSCAC,22.0,19.0,False,True,Clean Harbors Stadium
401540036,2023,7,regular,2023-10-12 23:00:00,Saint Francis,Wagner,NEC,NEC,31.0,7.0,False,True,DeGol Field
401547049,2023,7,regular,2023-10-12 23:30:00,Benedict,Fort Valley State,SIAC,SIAC,48.0,6.0,False,True,Charlie W. Johnson Stadium
401531415,2023,7,regular,2023-10-12 23:30:00,East Carolina,SMU,American Athletic,American Athletic,10.0,31.0,False,True,Dowdy-Ficklen Stadium
401531371,2023,7,regular,2023-10-13 23:00:00,Memphis,Tulane,American Athletic,American Athletic,21.0,31.0,False,True,Simmons Bank Liberty Stadium
401532594,2023,7,regular,2023-10-14 00:00:00,Utah State,Fresno State,Mountain West,Mountain West,32.0,37.0,False,True,Maverik Stadium
401524029,2023,7,regular,2023-10-14 02:00:00,Colorado,Stanford,Pac-12,Pac-12,43.0,46.0,False,True,Folsom Field
401520323,2023,7,regular,2023-10-14 16:00:00,Purdue,Ohio State,Big Ten,Big Ten,7.0,41.0,False,True,Ross-Ade Stadium
401540031,2023,7,regular,2023-10-14 16:00:00,Yale,Sacred Heart,Ivy,NEC,31.0,3.0,False,False,Yale Bowl
401520327,2023,7,regular,2023-10-14 16:00:00,Vanderbilt,Georgia,SEC,SEC,20.0,37.0,False,True,FirstBank Stadium
401525524,2023,7,regular,2023-10-14 16:00:00,Florida State,Syracuse,ACC,ACC,41.0,3.0,False,True,Doak Campbell Stadium
401520324,2023,7,regular,2023-10-14 16:00:00,Rutgers,Michigan State,Big Ten,Big Ten,27.0,24.0,False,True,SHI Stadium
401532422,2023,7,regular,2023-10-14 16:00:00,Eastern Michigan,Kent State,Mid-American,Mid-American,28.0,14.0,False,True,Rynearson Stadium
401552476,2023,7,regular,2023-10-14 16:00:00,Plymouth State,Fitchburg State,MSCAC,MSCAC,40.0,21.0,False,True,Charles L. Currier Memorial Field
401551518,2023,7,regular,2023-10-14 16:00:00,Endicott,Western New England,Commonwealth Coast,Commonwealth Coast,24.0,21.0,False,True,Hempstead Stadium
401520321,2023,7,regular,2023-10-14 16:00:00,Michigan,Indiana,Big Ten,Big Ten,52.0,7.0,False,True,Michigan Stadium
401552481,2023,7,regular,2023-10-14 16:00:00,Framingham State,Western Connecticut State,MSCAC,MSCAC,34.0,56.0,False,True,Bowditch Field
401550113,2023,7,regular,2023-10-14 16:00:00,Lebanon Valley,King's,Mid Atlantic,Mid Atlantic,21.0,35.0,False,True,Arnold Field (PA)
401531390,2023,7,regular,2023-10-14 16:00:00,North Texas,Temple,American Athletic,American Athletic,45.0,14.0,False,True,DATCU Stadium
401550064,2023,7,regular,2023-10-14 16:00:00,Vermont State Castleton,Gallaudet,ECFC,ECFC,23.0,24.0,False,True,Dave Wolk Stadium
401551921,2023,7,regular,2023-10-14 16:00:00,Alfred State,Anna Maria College,ECFC,ECFC,46.0,20.0,False,True,Pioneer Stadium
401540293,2023,7,regular,2023-10-14 16:00:00,Brown,Princeton,Ivy,Ivy,28.0,27.0,False,True,Brown Stadium
401540061,2023,7,regular,2023-10-14 16:00:00,Lehigh,Georgetown,Patriot,Patriot,7.0,17.0,False,True,Goodman Stadium
401531890,2023,7,regular,2023-10-14 16:00:00,James Madison,Georgia Southern,Sun Belt,Sun Belt,41.0,13.0,False,True,Bridgeforth Stadium
401541018,2023,7,regular,2023-10-14 16:00:00,Gannon,Slippery Rock,Pennsylvania State Athletic,Pennsylvania State Athletic,24.0,49.0,False,True,McConnell Family Stadium
401541836,2023,7,regular,2023-10-14 16:00:00,Walsh,Ohio Dominican,Great Midwest Athletic,Great Midwest Athletic,10.0,12.0,False,True,Tom Benson Hall of Fame Stadium
401540006,2023,7,regular,2023-10-14 16:00:00,Duquesne,Central Connecticut,NEC,NEC,44.0,20.0,False,True,Arthur J. Rooney Athletic Field
401541859,2023,7,regular,2023-10-14 16:00:00,Shorter,Clark Atlanta,Gulf South,SIAC,19.0,13.0,False,False,Barron Stadium
401540524,2023,7,regular,2023-10-14 16:00:00,Marist,San Diego,Pioneer,Pioneer,30.0,16.0,False,True,Leonidoff Field
401545762,2023,7,regular,2023-10-14 16:00:00,Charleston (WV),Notre Dame College,Mountain East,Mountain East,52.0,27.0,False,True,University of Charleston Stadium
401551932,2023,7,regular,2023-10-14 16:00:00,Wilkes,Keystone,Landmark Conference,Landmark Conference,42.0,7.0,False,False,Schmidt Stadium
401540996,2023,7,regular,2023-10-14 16:00:00,UNC Pembroke,Fairmont State,Mountain East,Mountain East,49.0,7.0,False,True,Grace P. Johnson Stadium
401545878,2023,7,regular,2023-10-14 16:00:00,Kutztown,Shippensburg,Pennsylvania State Athletic,Pennsylvania State Athletic,9.0,6.0,False,True,Andre Reed Stadium
401549634,2023,7,regular,2023-10-14 16:00:00,Gettysburg,Muhlenberg,Centennial,Centennial,13.0,41.0,False,True,Shirk Field at Musselman Stadium
401525863,2023,7,regular,2023-10-14 16:00:00,Cincinnati,Iowa State,Big 12,Big 12,10.0,30.0,False,True,Nippert Stadium
401520316,2023,7,regular,2023-10-14 16:00:00,Alabama,Arkansas,SEC,SEC,24.0,21.0,False,True,Bryant-Denny Stadium
401545972,2023,7,regular,2023-10-14 16:00:00,West Chester,East Stroudsburg,Pennsylvania State Athletic,Pennsylvania State Athletic,14.0,28.0,False,True,John A. Farrell Stadium
401541816,2023,7,regular,2023-10-14 16:00:00,Findlay,Thomas More,Great Midwest Athletic,,38.0,10.0,False,False,Donnell Stadium
401544065,2023,7,regular,2023-10-14 16:00:00,FDU Florham,Delaware Valley,Mid Atlantic,Mid Atlantic,0.0,20.0,False,True,Robert T. Shields Field
401545871,2023,7,regular,2023-10-14 16:00:00,Clarion,Mercyhurst,Pennsylvania State Athletic,Pennsylvania State Athletic,35.0,36.0,False,True,"Memorial Stadium (Clarion, PA)"
401541059,2023,7,regular,2023-10-14 16:00:00,Utica,SUNY Morrisville,Empire 8,Empire 8,24.0,6.0,False,True,Charles A. Gaetano Stadium
401549735,2023,7,regular,2023-10-14 16:00:00,Merchant Marine,MIT,NEWMAC,NEWMAC,28.0,14.0,False,True,Brooks Stadium (NY)
401540655,2023,7,regular,2023-10-14 17:00:00,Virginia Union,Bowie State,CIAA,CIAA,52.0,3.0,False,True,Hovey Field
401549619,2023,7,regular,2023-10-14 17:00:00,Rensselaer,Buffalo State,Liberty League,Liberty League,51.0,28.0,False,True,ECAV Stadium
401549626,2023,7,regular,2023-10-14 17:00:00,St. Lawrence,Rochester (NY),Liberty League,Liberty League,27.0,37.0,False,True,Leckonby Stadium
401545815,2023,7,regular,2023-10-14 17:00:00,Wayne State (NE),Bemidji State,Northern Sun,Northern Sun,23.0,33.0,False,True,"Memorial Stadium (Wayne, NE)"
401550363,2023,7,regular,2023-10-14 17:00:00,LaGrange,Belhaven,USA South,USA South,20.0,42.0,False,True,Callaway Stadium
401540413,2023,7,regular,2023-10-14 17:00:00,Villanova,Elon,Coastal Athletic,Coastal Athletic,21.0,0.0,False,True,Villanova Stadium
401540337,2023,7,regular,2023-10-14 17:00:00,Colgate,Dartmouth,Patriot,Ivy,27.0,24.0,False,False,Andy Kerr Stadium
401540418,2023,7,regular,2023-10-14 17:00:00,Monmouth,Hampton,Coastal Athletic,Coastal Athletic,61.0,10.0,False,True,Kessler Stadium
401553974,2023,7,regular,2023-10-14 17:00:00,Saint Xavier,Saginaw Valley State,,GLIAC,10.0,32.0,True,False,Bruce R. Deaton Memorial Field
401549576,2023,7,regular,2023-10-14 17:00:00,Ithaca,Union,Liberty League,Liberty League,17.0,9.0,False,True,Butterfield Stadium
401540510,2023,7,regular,2023-10-14 17:00:00,Dayton,Presbyterian,Pioneer,Pioneer,17.0,20.0,False,True,Welcome Stadium
401540515,2023,7,regular,2023-10-14 17:00:00,Drake,St. Thomas (MN),Pioneer,Pioneer,52.0,21.0,False,True,Drake Stadium
401550337,2023,7,regular,2023-10-14 17:00:00,Guilford,Shenandoah,Old Dominion,Old Dominion,20.0,31.0,False,True,Armfield Athletic Center
401540530,2023,7,regular,2023-10-14 17:00:00,New Hampshire,UAlbany,Coastal Athletic,Coastal Athletic,38.0,31.0,False,True,Wildcat Stadium
401540570,2023,7,regular,2023-10-14 17:00:00,Rhode Island,Richmond,Coastal Athletic,Coastal Athletic,17.0,24.0,False,True,Meade Stadium
401545786,2023,7,regular,2023-10-14 17:00:00,Franklin Pierce,Assumption,Northeast 10,Northeast 10,17.0,21.0,True,True,Sodexo Field
401550258,2023,7,regular,2023-10-14 17:00:00,Denison,Wabash,North Coast,North Coast,28.0,24.0,False,True,Deeds Field-Piper Stadium
401545732,2023,7,regular,2023-10-14 17:00:00,Concord,Frostburg State,Mountain East,Mountain East,3.0,34.0,False,True,Callaghan Stadium
401540051,2023,7,regular,2023-10-14 17:00:00,Cornell,Bucknell,Ivy,Patriot,13.0,21.0,False,False,Schoellkopf Field
401544073,2023,7,regular,2023-10-14 17:00:00,Kalamazoo,Adrian,Michigan,Michigan,45.0,23.0,False,True,Angell Field
401540601,2023,7,regular,2023-10-14 17:00:00,Samford,Furman,Southern,Southern,21.0,27.0,False,True,Seibert Stadium
401550376,2023,7,regular,2023-10-14 17:00:00,Bethany (WV),Carnegie Mellon,Presidents',Presidents',7.0,41.0,False,True,Bison Stadium
401554822,2023,7,regular,2023-10-14 17:00:00,Amherst,Colby,NESCAC,NESCAC,16.0,19.0,False,True,Pratt Field at Lehrman Stadium
401550052,2023,7,regular,2023-10-14 17:00:00,SUNY Cortland,Alfred,Empire 8,Empire 8,59.0,21.0,False,True,Stadium Red Field
401544874,2023,7,regular,2023-10-14 17:00:00,Lincoln (PA),Elizabeth City State,CIAA,CIAA,27.0,21.0,False,True,Lincoln University Stadium
401551507,2023,7,regular,2023-10-14 17:00:00,Emory & Henry,Mars Hill,South Atlantic,South Atlantic,14.0,24.0,False,True,Fred Selfe Stadium at Nicewonder Field
401547074,2023,7,regular,2023-10-14 17:00:00,Central State,Savannah State,SIAC,SIAC,21.0,10.0,False,True,McPherson Memorial Stadium
401540695,2023,7,regular,2023-10-14 17:00:00,Shaw,Winston-Salem State,CIAA,CIAA,20.0,41.0,False,True,George Williams Athletic Complex
401547190,2023,7,regular,2023-10-14 17:00:00,Franklin & Marshall,Johns Hopkins,Centennial,Centennial,27.0,34.0,False,True,Shadek Stadium
401534853,2023,7,regular,2023-10-14 17:00:00,Harvard,Howard,Ivy,MEAC,48.0,7.0,False,False,Harvard Stadium
401540690,2023,7,regular,2023-10-14 17:00:00,Johnson C. Smith,St. Augustine's,CIAA,CIAA,14.0,6.0,False,True,Irwin Belk Complex
401553856,2023,7,regular,2023-10-14 17:00:00,Alvernia,Stevenson,Mid Atlantic,Mid Atlantic,6.0,42.0,False,True,Turf Field
401550268,2023,7,regular,2023-10-14 17:00:00,Hiram,Ohio Wesleyan,North Coast,North Coast,18.0,19.0,False,True,Charles A. Henry Field
401552450,2023,7,regular,2023-10-14 17:00:00,Ursinus,William Paterson,Centennial,New Jersey,39.0,15.0,False,False,Patterson Field
401545796,2023,7,regular,2023-10-14 17:00:00,New Haven,Saint Anselm,Northeast 10,Northeast 10,9.0,13.0,False,True,Ralph F. DellaCamera Stadium
401541806,2023,7,regular,2023-10-14 17:00:00,Northwood,Ashland,Great Midwest Athletic,Great Midwest Athletic,3.0,35.0,False,True,Hantz Stadium
401549584,2023,7,regular,2023-10-14 17:00:00,Hobart,Hilbert,Liberty League,North Coast,49.0,3.0,False,False,Boswell Field at David J. Urick Stadium
401540703,2023,7,regular,2023-10-14 17:00:00,Truman State,Indianapolis,Great Lakes,Great Lakes,17.0,38.0,False,True,Stokes Stadium
401547199,2023,7,regular,2023-10-14 17:00:00,Husson,Curry,Commonwealth Coast,Commonwealth Coast,28.0,7.0,False,True,Dr. John W. Winkin Sports Complex
401554820,2023,7,regular,2023-10-14 17:00:00,Widener,Misericordia,Mid Atlantic,Mid Atlantic,31.0,27.0,False,True,Leslie C. Quick Jr. Stadium
401547209,2023,7,regular,2023-10-14 17:00:00,New England,Nichols,Commonwealth Coast,Commonwealth Coast,62.0,26.0,False,True,Blue Storm Stadium
401545767,2023,7,regular,2023-10-14 17:00:00,West Virginia Wesleyan,West Liberty,Mountain East,Mountain East,7.0,24.0,False,True,Cebe Ross Field
401540401,2023,7,regular,2023-10-14 17:00:00,Butler,Davidson,Pioneer,Pioneer,33.0,35.0,False,True,Butler Bowl
401544131,2023,7,regular,2023-10-14 17:00:00,Thiel,Geneva,Presidents',Presidents',9.0,20.0,False,True,Alumni Stadium (PA)
401545773,2023,7,regular,2023-10-14 17:00:00,West Virginia State,Alderson-Broaddus,Mountain East,Mountain East,0.0,0.0,False,True,Dickerson Stadium
401550402,2023,7,regular,2023-10-14 17:00:00,Centre,Southwestern U,Southern Athletic,Southern Athletic,45.0,21.0,False,True,Farris Stadium
401553002,2023,7,regular,2023-10-14 17:00:00,Catholic,Lycoming,Landmark Conference,Landmark Conference,25.0,28.0,False,True,Cardinal Stadium (DC)
401550443,2023,7,regular,2023-10-14 17:00:00,Minnesota Morris,Westminster (MO),Upper Midwest,Upper Midwest,45.0,0.0,False,True,Big Cat Stadium
401550228,2023,7,regular,2023-10-14 17:00:00,Montclair State,Salisbury,New Jersey,New Jersey,12.0,31.0,False,True,Sprague Field
401545832,2023,7,regular,2023-10-14 17:00:00,Minnesota Duluth,University of Mary,Northern Sun,Northern Sun,46.0,0.0,False,True,James S. Malosky Stadium
401549806,2023,7,regular,2023-10-14 17:00:00,Methodist,Brevard,USA South,USA South,20.0,52.0,False,True,Monarch Stadium
401553029,2023,7,regular,2023-10-14 17:00:00,McDaniel,Dickinson,Centennial,Centennial,20.0,40.0,False,True,Kenneth R. Gill Stadium
401544886,2023,7,regular,2023-10-14 17:00:00,Minnesota St Moorhead,Sioux Falls,Northern Sun,Northern Sun,53.0,40.0,False,True,Scheels Field at Nemzek Stadium
401541125,2023,7,regular,2023-10-14 17:00:00,Martin Luther,Greenville,Upper Midwest,Upper Midwest,31.0,29.0,False,True,MLC Bowl
401544120,2023,7,regular,2023-10-14 17:00:00,Waynesburg,Saint Vincent,Presidents',Presidents',24.0,0.0,False,True,John F. Wiley Stadium
401550869,2023,7,regular,2023-10-14 17:00:00,Kean,The College of New Jersey,New Jersey,New Jersey,0.0,27.0,False,True,Kean Alumni Stadium
401544966,2023,7,regular,2023-10-14 17:00:00,Trine,Olivet,Michigan,Michigan,28.0,14.0,False,True,Fred Zollner Athletic Stadium
401541821,2023,7,regular,2023-10-14 17:00:00,Hillsdale,Kentucky Wesleyan,Great Midwest Athletic,Great Midwest Athletic,44.0,14.0,False,True,"Frank ""Muddy"" Waters Stadium"
401540619,2023,7,regular,2023-10-14 17:00:00,The Citadel,VMI,Southern,Southern,13.0,17.0,False,True,Johnson Hagood Stadium
401552876,2023,7,regular,2023-10-14 17:00:00,Trinity (CT),Middlebury,NESCAC,NESCAC,15.0,20.0,False,True,Jessee/Miller Field
401549823,2023,7,regular,2023-10-14 17:00:00,Juniata,Susquehanna,Landmark Conference,Landmark Conference,0.0,56.0,False,True,Knox Stadium
401540022,2023,7,regular,2023-10-14 17:00:00,Maine,Long Island University,Coastal Athletic,NEC,24.0,13.0,False,False,Alfond Stadium
401541633,2023,7,regular,2023-10-14 17:30:00,Columbia,Pennsylvania,Ivy,Ivy,17.0,20.0,False,True,Lawrence A. Wien Stadium
401550070,2023,7,regular,2023-10-14 17:30:00,Defiance College,Franklin,Heartland,Heartland,21.0,35.0,False,True,Justin F. Coressel Stadium
401540002,2023,7,regular,2023-10-14 17:30:00,South Carolina State,Tennessee Tech,MEAC,Big South-OVC,7.0,28.0,False,False,Oliver C. Dawson Stadium
401550076,2023,7,regular,2023-10-14 17:30:00,Hanover,Manchester,Heartland,Heartland,34.0,0.0,False,True,Alumni Stadium (IN)
401550305,2023,7,regular,2023-10-14 17:30:00,Hamilton,Williams,NESCAC,NESCAC,17.0,24.0,False,True,Steuben Field
401544110,2023,7,regular,2023-10-14 17:30:00,Mount Union,Capital,Ohio,Ohio,76.0,0.0,False,True,Mount Union Stadium
401541068,2023,7,regular,2023-10-14 17:30:00,Rose Hulman,Bluffton,Heartland,Heartland,52.0,28.0,False,True,Cook Stadium
401545757,2023,7,regular,2023-10-14 17:30:00,Glenville State,Wheeling,Mountain East,Mountain East,27.0,13.0,False,True,I.L. & Sue Morris Stadium
401544959,2023,7,regular,2023-10-14 17:30:00,Mount St Joseph,Anderson (IN),Heartland,Heartland,77.0,14.0,False,True,Schueler Field
401550437,2023,7,regular,2023-10-14 18:00:00,Rhodes,Sewanee,Southern Athletic,Southern Athletic,30.0,10.0,False,True,Crain Field
401540177,2023,7,regular,2023-10-14 18:00:00,Austin Peay,Gardner-Webb,UAC,Big South-OVC,41.0,14.0,False,False,Governors Stadium
401540372,2023,7,regular,2023-10-14 18:00:00,North Dakota,North Dakota State,MVFC,MVFC,49.0,24.0,False,True,Alerus Center
401540442,2023,7,regular,2023-10-14 18:00:00,South Dakota,Youngstown State,MVFC,MVFC,34.0,31.0,False,True,DakotaDome
401540458,2023,7,regular,2023-10-14 18:00:00,Valparaiso,Morehead State,Pioneer,Pioneer,21.0,24.0,False,True,Brown Field
401552547,2023,7,regular,2023-10-14 18:00:00,Southern Connecticut State,American International,Northeast 10,Northeast 10,21.0,27.0,False,True,Jess Dow Field
401540663,2023,7,regular,2023-10-14 18:00:00,Virginia State,Bluefield State,CIAA,Independent DII,39.0,23.0,False,False,Rogers Stadium (VA)
401541007,2023,7,regular,2023-10-14 18:00:00,Bloomsburg,Lock Haven,Pennsylvania State Athletic,Pennsylvania State Athletic,13.0,21.0,False,True,Robert B. Redman Stadium
401541115,2023,7,regular,2023-10-14 18:00:00,Bridgewater,Randolph Macon,Old Dominion,Old Dominion,3.0,38.0,False,True,Jopson Athletic Complex
401541078,2023,7,regular,2023-10-14 18:00:00,Saint John's (MN),Carleton,Minnesota,Minnesota,63.0,7.0,False,True,Clemens Stadium
401541048,2023,7,regular,2023-10-14 18:00:00,Hardin Simmons,Texas Lutheran,American Southwest,American Southwest,27.0,22.0,False,True,Shelton Stadium
401541969,2023,7,regular,2023-10-14 18:00:00,Missouri Western,Northwest Missouri State,Mid America,Mid America,23.0,27.0,False,True,Craig Field at Spratt Memorial Stadium
401541088,2023,7,regular,2023-10-14 18:00:00,Wooster,DePauw,North Coast,North Coast,7.0,53.0,False,True,John P. Papp Stadium
401550383,2023,7,regular,2023-10-14 18:00:00,Case Western Reserve,Westminster (PA),Presidents',Presidents',31.0,6.0,False,True,Case Field
401540680,2023,7,regular,2023-10-14 18:00:00,Fayetteville State,Livingstone,CIAA,CIAA,19.0,14.0,False,True,"Luther ""Nick"" Jeralds Stadium"
401550425,2023,7,regular,2023-10-14 18:00:00,Wisconsin River Falls,Wisconsin Whitewater,Wisconsin,Wisconsin,14.0,21.0,False,True,David Smith Stadium at Ramer Field
401550418,2023,7,regular,2023-10-14 18:00:00,Wisconsin Platteville,Wisconsin La Crosse,Wisconsin,Wisconsin,17.0,21.0,False,True,Ralph E. Davis Pioneer Stadium
401544101,2023,7,regular,2023-10-14 18:00:00,Wilmington (OH),Marietta,Ohio,Ohio,15.0,45.0,False,True,Wiliams Stadium (OH)
401550136,2023,7,regular,2023-10-14 18:00:00,Westfield State,UMass Dartmouth,MSCAC,MSCAC,23.0,26.0,False,True,"Alumni Field (Westfield, MA)"
401550157,2023,7,regular,2023-10-14 18:00:00,Augsburg,Bethel (MN),Minnesota,Minnesota,7.0,38.0,False,True,Edor Nelson Field
401550327,2023,7,regular,2023-10-14 18:00:00,Washington and Lee,Ferrum,Old Dominion,Old Dominion,41.0,16.0,False,True,Wilson Field
401549717,2023,7,regular,2023-10-14 18:00:00,Bowdoin,Bates,NESCAC,NESCAC,35.0,20.0,False,True,Whittier Field
401550192,2023,7,regular,2023-10-14 18:00:00,St. Scholastica,St. Olaf,Minnesota,Minnesota,17.0,37.0,False,True,Public Schools Stadium
401550222,2023,7,regular,2023-10-14 18:00:00,St. Norbert,Aurora,NACC,NACC,9.0,37.0,False,True,Donald J. Schneider Stadium
401547103,2023,7,regular,2023-10-14 18:00:00,Simpson (IA),Coe,American Rivers,American Rivers,0.0,28.0,False,True,Bill Buxton Stadium
401545992,2023,7,regular,2023-10-14 18:00:00,Fort Lewis,Colorado Mesa,Rocky Mountain,Rocky Mountain,14.0,62.0,False,True,Ray Dennison Memorial Field
401549747,2023,7,regular,2023-10-14 18:00:00,Rowan,Christopher Newport,New Jersey,New Jersey,18.0,21.0,False,True,Richard Wackar Stadium
401549687,2023,7,regular,2023-10-14 18:00:00,Rockford,Benedictine (IL),NACC,NACC,7.0,19.0,False,True,Sam Greeley Field
401550171,2023,7,regular,2023-10-14 18:00:00,Concordia (MN),Hamline,Minnesota,Minnesota,58.0,14.0,False,True,Jake Christiansen Stadium
401545996,2023,7,regular,2023-10-14 18:00:00,Colorado School of Mines,South Dakota Mines,Rocky Mountain,Rocky Mountain,45.0,22.0,False,True,Marv Kay Stadium at Campbell Field
401547217,2023,7,regular,2023-10-14 18:00:00,Carroll (WI),Elmhurst,CCIW,CCIW,62.0,14.0,False,True,Schneider Stadium
401550175,2023,7,regular,2023-10-14 18:00:00,Gustavus Adolphus,Macalester,Minnesota,Minnesota,55.0,18.0,False,True,Hollingsworth Field
401549799,2023,7,regular,2023-10-14 18:00:00,Huntingdon,Maryville (TN),USA South,USA South,28.0,21.0,False,True,Charles Lee Field at Samford Stadium
401549663,2023,7,regular,2023-10-14 18:00:00,Illinois College,Knox,Midwest,Midwest,61.0,7.0,False,True,England Stadium
401544895,2023,7,regular,2023-10-14 18:00:00,IU Pennsylvania,Edinboro,Pennsylvania State Athletic,Pennsylvania State Athletic,20.0,10.0,False,True,George P. Miller Stadium
401550287,2023,7,regular,2023-10-14 18:00:00,John Carroll,Ohio Northern,Ohio,Ohio,44.0,14.0,False,True,Don Shula Stadium at Wasmer Field
401549654,2023,7,regular,2023-10-14 18:00:00,Lawrence,Beloit,Midwest,Midwest,14.0,34.0,False,True,Ron Roberts Field at the Banta Bowl
401544949,2023,7,regular,2023-10-14 18:00:00,Millikin,North Central College,CCIW,CCIW,3.0,75.0,False,True,Frank M. Lindsay Field
401547172,2023,7,regular,2023-10-14 18:00:00,Mary Hardin Baylor,Sul Ross State,American Southwest,American Southwest,37.0,13.0,False,True,Crusader Stadium
401545888,2023,7,regular,2023-10-14 18:00:00,Millersville,Shepherd,Pennsylvania State Athletic,Pennsylvania State Athletic,17.0,33.0,False,True,Chryst Field at Biemesderfer Stadium
401552372,2023,7,regular,2023-10-14 18:00:00,Minnesota State,Western Oregon,Northern Sun,Lone Star,45.0,14.0,False,False,Blakeslee Stadium
401547085,2023,7,regular,2023-10-14 18:00:00,Buena Vista,Luther,American Rivers,American Rivers,17.0,10.0,False,True,J. Leslie Rollins Stadium
401552880,2023,7,regular,2023-10-14 18:00:00,Hope,Alma,Michigan,Michigan,17.0,35.0,False,True,Ray and Sue Smith Stadium
401549677,2023,7,regular,2023-10-14 18:00:00,Lakeland,Concordia Chicago,NACC,NACC,17.0,9.0,False,True,Taylor Field
401547117,2023,7,regular,2023-10-14 18:00:00,Nebraska Wesleyan,Loras,American Rivers,American Rivers,38.0,41.0,True,True,Abel Stadium
401547028,2023,7,regular,2023-10-14 18:00:00,Tusculum,UVA Wise,South Atlantic,South Atlantic,35.0,7.0,False,True,Pioneer Field (TN)
401546950,2023,7,regular,2023-10-14 18:00:00,William Jewell,Quincy,Great Lakes,Great Lakes,28.0,41.0,True,True,Liberty North High School
401547036,2023,7,regular,2023-10-14 18:00:00,Tuskegee,Edward Waters,SIAC,SIAC,38.0,41.0,False,True,Abbott Memorial Alumni Stadium
401547044,2023,7,regular,2023-10-14 18:00:00,Albany State,Allen,SIAC,SIAC,27.0,39.0,False,True,Albany State University Coliseum
401532419,2023,7,regular,2023-10-14 18:00:00,Ball State,Toledo,Mid-American,Mid-American,6.0,13.0,False,True,Scheumann Stadium
401531405,2023,7,regular,2023-10-14 18:00:00,Charlotte,Navy,American Athletic,American Athletic,0.0,14.0,False,True,Jerry Richardson Stadium
401541986,2023,7,regular,2023-10-14 18:00:00,Emporia State,Washburn,Mid America,Mid America,38.0,23.0,False,True,Francis G. Welch Stadium
401550429,2023,7,regular,2023-10-14 18:00:00,Wisconsin Stout,Wisconsin Stevens Point,Wisconsin,Wisconsin,51.0,14.0,False,True,Don and Nona Williams Stadium
401540733,2023,7,regular,2023-10-14 18:00:00,Southwest Baptist,Missouri S&T,Great Lakes,Great Lakes,19.0,45.0,False,True,Plaster Sports Complex
401541955,2023,7,regular,2023-10-14 18:00:00,Fort Hays,Nebraska Kearney,Mid America,Mid America,31.0,17.0,False,True,Lewis Field Stadium
401547222,2023,7,regular,2023-10-14 18:00:00,North Park,Illinois Wesleyan,CCIW,CCIW,20.0,18.0,False,True,Holmgren Athletic Complex
401546002,2023,7,regular,2023-10-14 18:00:00,New Mexico Highlands,CSU Pueblo,Rocky Mountain,Rocky Mountain,7.0,56.0,False,True,Sanchez Family Stadium
401545823,2023,7,regular,2023-10-14 18:00:00,Minot State,Concordia St. Paul,Northern Sun,Northern Sun,17.0,10.0,False,True,Herb Parker Stadium
401544082,2023,7,regular,2023-10-14 18:00:00,Lake Forest,Grinnell,Midwest,Midwest,47.0,0.0,False,True,Farwell Field
401552879,2023,7,regular,2023-10-14 18:00:00,Monmouth (IL),Cornell (IA),Midwest,Midwest,43.0,6.0,False,True,April Zorn Memorial Stadium
401544912,2023,7,regular,2023-10-14 18:00:00,Lenoir Rhyne,Barton,South Atlantic,South Atlantic,47.0,3.0,False,True,Helen and Leonard Moretz Stadium
401544940,2023,7,regular,2023-10-14 18:00:00,Washington St. Louis,Augustana (IL),CCIW,CCIW,17.0,35.0,False,True,Francis Field (MO)
401547179,2023,7,regular,2023-10-14 18:00:00,East Texas Baptist,McMurry,American Southwest,American Southwest,14.0,13.0,False,True,Ornelas Stadium
401541134,2023,7,regular,2023-10-14 18:05:00,Wisconsin Oshkosh,Wisconsin Eau Claire,Wisconsin,Wisconsin,35.0,7.0,False,True,J.J. Keller Field at Titan Stadium
401547111,2023,7,regular,2023-10-14 18:30:00,Wartburg,Dubuque,American Rivers,American Rivers,31.0,10.0,False,True,Walston-Hoover Stadium
401552999,2023,7,regular,2023-10-14 18:30:00,Hartwick,St. John Fisher,Empire 8,Empire 8,21.0,38.0,False,True,Wright Stadium
401541771,2023,7,regular,2023-10-14 19:00:00,Northwestern (OK),East Central,Great American,Great American,7.0,42.0,False,True,Ranger Field
401544903,2023,7,regular,2023-10-14 19:00:00,Adams State,Chadron State,Rocky Mountain,Rocky Mountain,14.0,53.0,False,True,Rex Stadium
401549764,2023,7,regular,2023-10-14 19:00:00,Birmingham-Southern,Hendrix,Southern Athletic,Southern Athletic,16.0,15.0,False,True,General Charles C. Krulak Stadium
401544923,2023,7,regular,2023-10-14 19:00:00,Wingate,Limestone,South Atlantic,South Atlantic,10.0,17.0,False,True,Irwin Belk Stadium
401540281,2023,7,regular,2023-10-14 19:00:00,Northern Colorado,Sacramento State,Big Sky,Big Sky,13.0,21.0,False,True,Nottingham Field
401540408,2023,7,regular,2023-10-14 19:00:00,South Dakota State,Northern Iowa,MVFC,MVFC,41.0,6.0,False,True,Dana J. Dykhouse Stadium
401540480,2023,7,regular,2023-10-14 19:00:00,Southeast Missouri State,Eastern Illinois,Big South-OVC,Big South-OVC,35.0,28.0,False,True,Houck Field
401540195,2023,7,regular,2023-10-14 19:00:00,Eastern Kentucky,Tarleton State,UAC,UAC,41.0,35.0,False,True,Roy Kidd Stadium
401540365,2023,7,regular,2023-10-14 19:00:00,Murray State,Southern Illinois,MVFC,MVFC,6.0,27.0,False,True,Roy Stewart Stadium
401540143,2023,7,regular,2023-10-14 19:00:00,Bethune-Cookman,Texas Southern,SWAC,SWAC,31.0,34.0,False,True,Municipal Stadium
401540120,2023,7,regular,2023-10-14 19:00:00,Jackson State,Alabama State,SWAC,SWAC,19.0,24.0,False,True,Mississippi Veterans Memorial Stadium
401547069,2023,7,regular,2023-10-14 19:00:00,Morehouse,Miles,SIAC,SIAC,22.0,36.0,False,True,B.T. Harvey Stadium
401541868,2023,7,regular,2023-10-14 19:00:00,Mississippi College,Valdosta State,Gulf South,Gulf South,10.0,21.0,False,True,Robinson-Hale Stadium
401549701,2023,7,regular,2023-10-14 19:00:00,Bentley,Pace,Northeast 10,Northeast 10,27.0,9.0,False,True,Bentley University Football Stadium
401547136,2023,7,regular,2023-10-14 19:00:00,Howard Payne,Austin,American Southwest,American Southwest,35.0,11.0,False,True,Gordon Wood Stadium
401545804,2023,7,regular,2023-10-14 19:00:00,Winona State,Augustana (SD),Northern Sun,Northern Sun,28.0,48.0,False,True,Altra Federal Credit Union Stadium
401541788,2023,7,regular,2023-10-14 19:00:00,Southern Nazarene,Southeastern Oklahoma State,Great American,Great American,19.0,20.0,False,True,Southern Nazarene University Football Stadium
401541934,2023,7,regular,2023-10-14 19:00:00,Northeastern State,Central Missouri,Mid America,Mid America,24.0,63.0,False,True,Gable Field at Doc Wadley Stadium
401541962,2023,7,regular,2023-10-14 19:00:00,Missouri Southern State,Pittsburg State,Mid America,Mid America,21.0,31.0,False,True,Fred G. Hughes Stadium
401540723,2023,7,regular,2023-10-14 19:00:00,Arkansas Tech,Arkansas Monticello,Great American,Great American,24.0,10.0,False,True,Thone Stadium at Buerkle Field
401545978,2023,7,regular,2023-10-14 19:00:00,Western Colorado,Black Hills State,Rocky Mountain,Rocky Mountain,35.0,20.0,False,True,Mountaineer Bowl
401544931,2023,7,regular,2023-10-14 19:00:00,Lane College,Kentucky State,SIAC,SIAC,14.0,21.0,False,True,Lane Field
401541944,2023,7,regular,2023-10-14 19:00:00,Central Oklahoma,Lincoln (MO),Mid America,Independent DII,59.0,17.0,False,False,Wantland Stadium
401540325,2023,7,regular,2023-10-14 19:00:00,Delaware,North Carolina A&T,CAA,Coastal Athletic,21.0,6.0,False,True,Delaware Stadium
401540770,2023,7,regular,2023-10-14 19:00:00,Grand Valley State,Ferris State,GLIAC,GLIAC,49.0,28.0,False,True,Lubbers Stadium
401550210,2023,7,regular,2023-10-14 19:00:00,Chicago,Ripon,Midwest,Midwest,21.0,6.0,False,True,Amos Alonzo Stagg Field
401541764,2023,7,regular,2023-10-14 19:00:00,Henderson State,Southern Arkansas,Great American,Great American,34.0,35.0,False,True,Ruggles Field at Carpenter-Haygood Stadium
401540110,2023,7,regular,2023-10-14 19:00:00,Grambling,Alabama A&M,SWAC,SWAC,24.0,45.0,False,True,Eddie Robinson Stadium
401540136,2023,7,regular,2023-10-14 19:00:00,Mississippi Valley State,Arkansas-Pine Bluff,SWAC,SWAC,42.0,17.0,False,True,Rice-Totten Field
401524033,2023,7,regular,2023-10-14 19:00:00,Utah,California,Pac-12,Pac-12,34.0,14.0,False,True,Rice-Eccles Stadium
401540104,2023,7,regular,2023-10-14 19:00:00,Illinois State,Indiana State,MVFC,MVFC,44.0,7.0,False,True,Hancock Stadium
401541779,2023,7,regular,2023-10-14 19:00:00,Southwestern Oklahoma State,Oklahoma Baptist,Great American,Great American,13.0,20.0,False,True,Milam Stadium
401532420,2023,7,regular,2023-10-14 19:30:00,Central Michigan,Akron,Mid-American,Mid-American,17.0,10.0,False,True,Kelly/Shorts Stadium
401520317,2023,7,regular,2023-10-14 19:30:00,Army,Troy,FBS Independents,Sun Belt,0.0,19.0,False,False,Michie Stadium
401525865,2023,7,regular,2023-10-14 19:30:00,TCU,BYU,Big 12,Big 12,44.0,11.0,False,True,Amon G. Carter Stadium
401532423,2023,7,regular,2023-10-14 19:30:00,Western Michigan,Miami (OH),Mid-American,Mid-American,21.0,34.0,False,True,Waldo Stadium
401532421,2023,7,regular,2023-10-14 19:30:00,Buffalo,Bowling Green,Mid-American,Mid-American,14.0,24.0,False,True,UB Stadium
401525864,2023,7,regular,2023-10-14 19:30:00,Oklahoma State,Kansas,Big 12,Big 12,39.0,32.0,False,True,Boone Pickens Stadium
401520320,2023,7,regular,2023-10-14 19:30:00,Maryland,Illinois,Big Ten,Big Ten,24.0,27.0,False,True,SECU Stadium
401531420,2023,7,regular,2023-10-14 19:30:00,South Florida,Florida Atlantic,American Athletic,American Athletic,14.0,56.0,False,True,Raymond James Stadium
401520325,2023,7,regular,2023-10-14 19:30:00,South Carolina,Florida,SEC,SEC,39.0,41.0,False,True,Williams-Brice Stadium
401520326,2023,7,regular,2023-10-14 19:30:00,Tennessee,Texas A&M,SEC,SEC,20.0,13.0,False,True,Neyland Stadium
401525527,2023,7,regular,2023-10-14 19:30:00,Virginia Tech,Wake Forest,ACC,ACC,30.0,13.0,False,True,Lane Stadium
401520322,2023,7,regular,2023-10-14 19:30:00,Penn State,Massachusetts,Big Ten,FBS Independents,63.0,0.0,False,False,Beaver Stadium
401550466,2023,7,regular,2023-10-14 19:30:00,Linfield,George Fox,Northwest,Northwest,41.0,13.0,False,True,Maxwell Field
401524034,2023,7,regular,2023-10-14 19:30:00,Washington,Oregon,Pac-12,Pac-12,36.0,33.0,False,True,Husky Stadium
401540593,2023,7,regular,2023-10-14 19:30:00,East Tennessee State,Wofford,Southern,Southern,41.0,10.0,False,True,William B. Greene Jr. Stadium
401540575,2023,7,regular,2023-10-14 19:30:00,Stony Brook,Fordham,Coastal Athletic,Patriot,7.0,26.0,False,False,Kenneth P. LaValle Stadium
401545865,2023,7,regular,2023-10-14 19:30:00,California (PA),Seton Hill,Pennsylvania State Athletic,Pennsylvania State Athletic,41.0,14.0,False,True,Adamson Stadium
401540424,2023,7,regular,2023-10-14 20:00:00,Bryant,Robert Morris,Big South-OVC,Big South,43.0,24.0,False,True,Bulldog Stadium
401540275,2023,7,regular,2023-10-14 20:00:00,Northern Arizona,Portland State,Big Sky,Big Sky,21.0,45.0,False,True,Walkup Skydome
401540204,2023,7,regular,2023-10-14 20:00:00,Abilene Christian,North Alabama,UAC,UAC,30.0,13.0,False,True,Wildcat Stadium (TX)
401540586,2023,7,regular,2023-10-14 20:00:00,Mercer,Chattanooga,Southern,Southern,10.0,22.0,False,True,Five Star Stadium at the Moye Complex
401540713,2023,7,regular,2023-10-14 20:00:00,Upper Iowa,McKendree,Northern Sun,Great Lakes,34.0,41.0,False,False,Harms-Eischeid Stadium
401541038,2023,7,regular,2023-10-14 20:00:00,Erskine,Carson Newman,South Atlantic,South Atlantic,10.0,14.0,False,True,J.W. Babb Stadium
401550030,2023,7,regular,2023-10-14 20:00:00,Allegheny,Grove City,Presidents',Presidents',7.0,31.0,False,True,Frank B. Fuhrer Field
401544091,2023,7,regular,2023-10-14 20:00:00,Whitworth,Puget Sound,Northwest,Northwest,63.0,21.0,False,True,The Pine Bowl
401551730,2023,7,regular,2023-10-14 20:00:00,Willamette,Pacific Lutheran,Northwest,Northwest,7.0,62.0,False,True,McCulloch Stadium
401550311,2023,7,regular,2023-10-14 20:00:00,Averett,Hampden Sydney,Old Dominion,Old Dominion,28.0,31.0,False,True,Daly Field at Frank R. Campbell Stadium
401550280,2023,7,regular,2023-10-14 20:00:00,Oberlin,Wittenberg,North Coast,North Coast,7.0,72.0,False,True,Austin E. Knowlton Athletics Complex
401547010,2023,7,regular,2023-10-14 20:00:00,Newberry,Catawba,South Atlantic,South Atlantic,38.0,31.0,False,True,Setzler Field
401540975,2023,7,regular,2023-10-14 20:00:00,Lake Erie,Tiffin,Great Midwest Athletic,Great Midwest Athletic,0.0,50.0,False,True,Jack Britt Memorial Stadium
401540474,2023,7,regular,2023-10-14 20:00:00,Charleston Southern,Lindenwood,Big South-OVC,Big South-OVC,24.0,10.0,False,True,Buccaneer Field
401532424,2023,7,regular,2023-10-14 20:00:00,Northern Illinois,Ohio,Mid-American,Mid-American,23.0,13.0,False,True,Huskie Stadium
401540431,2023,7,regular,2023-10-14 20:00:00,Nicholls,Northwestern State,Southland,Southland,1.0,0.0,False,True,Manning Field at John L. Guidry Stadium
401540378,2023,7,regular,2023-10-14 20:00:00,SE Louisiana,Lamar,Southland,Southland,24.0,30.0,False,True,Strawberry Stadium
401540349,2023,7,regular,2023-10-14 20:00:00,Western Illinois,Missouri State,MVFC,MVFC,7.0,48.0,False,True,Hanson Field
401520328,2023,7,regular,2023-10-14 20:00:00,Wisconsin,Iowa,Big Ten,Big Ten,6.0,15.0,False,True,Camp Randall Stadium
401540439,2023,7,regular,2023-10-14 21:00:00,Incarnate Word,East Texas A&M,Southland,Southland,28.0,11.0,False,True,Gayle and Tom Benson Stadium
401532597,2023,7,regular,2023-10-14 21:00:00,Nevada,UNLV,Mountain West,Mountain West,27.0,45.0,False,True,Mackay Stadium
401540188,2023,7,regular,2023-10-14 21:00:00,Central Arkansas,Stephen F. Austin,UAC,UAC,24.0,21.0,False,True,Estes Stadium
401540170,2023,7,regular,2023-10-14 21:00:00,Southern,Lincoln (CA),SWAC,,45.0,18.0,False,False,Ace W. Mumford Stadium
401545854,2023,7,regular,2023-10-14 21:00:00,Southwest Minnesota State,Northern State,Northern Sun,Northern Sun,17.0,24.0,False,True,Schwan Regional Event Center
401550278,2023,7,regular,2023-10-14 21:00:00,Heidelberg,Otterbein,Ohio,Ohio,28.0,8.0,False,True,Hoernemann Stadium
401550237,2023,7,regular,2023-10-14 21:00:00,Eureka,Wisconsin Lutheran,NACC,NACC,14.0,42.0,False,True,Pete FioRito Stadium at McKinzie Field
401550344,2023,7,regular,2023-10-14 21:00:00,La Verne,Claremont Mudd Scripps,So. Cal.,So. Cal.,17.0,30.0,False,True,Ortmayer Stadium
401541877,2023,7,regular,2023-10-14 21:00:00,West Alabama,West Florida,Gulf South,Gulf South,10.0,6.0,False,True,Tiger Stadium (AL)
401540239,2023,7,regular,2023-10-14 22:00:00,Idaho State,Eastern Washington,Big Sky,Big Sky,42.0,41.0,False,True,Holt Arena
401544139,2023,7,regular,2023-10-14 22:00:00,Berry,Millsaps,Southern Athletic,Southern Athletic,64.0,7.0,False,True,Valhalla Stadium
401541799,2023,7,regular,2023-10-14 22:00:00,Wayne State (MI),Davenport,GLIAC,GLIAC,3.0,32.0,False,True,Tom Adams Field
401549790,2023,7,regular,2023-10-14 22:00:00,North Carolina Wesleyan,Greensboro,USA South,USA South,34.0,28.0,False,True,Bishop Stadium
401541843,2023,7,regular,2023-10-14 22:00:00,West Georgia,Chowan,Gulf South,Gulf South,35.0,24.0,False,True,University Stadium (GA)
401532596,2023,7,regular,2023-10-14 22:00:00,New Mexico,San José State,Mountain West,Mountain West,24.0,52.0,False,True,University Stadium (NM)
401539990,2023,7,regular,2023-10-14 22:00:00,Tennessee State,Norfolk State,Big South-OVC,MEAC,24.0,17.0,False,False,Nissan Stadium
401525525,2023,7,regular,2023-10-14 22:30:00,Pittsburgh,Louisville,ACC,ACC,38.0,21.0,False,True,Acrisure Stadium
401552020,2023,7,regular,2023-10-14 22:30:00,Tufts,Wesleyan (CT),NESCAC,NESCAC,49.0,14.0,False,True,Ellis Oval at Zimman Field
401558744,2023,7,regular,2023-10-14 23:00:00,Eastern,Albright,Mid Atlantic,Mid Atlantic,21.0,9.0,True,True,O'Hara Field
401541756,2023,7,regular,2023-10-14 23:00:00,Harding,Ouachita Baptist,Great American,Great American,41.0,10.0,False,True,First Security Stadium
401549756,2023,7,regular,2023-10-14 23:00:00,Muskingum,Baldwin Wallace,Ohio,Ohio,22.0,34.0,False,True,Sherman Field at McConagha Stadium
401540168,2023,7,regular,2023-10-14 23:00:00,Houston Christian,Prairie View A&M,Southland,SWAC,30.0,0.0,False,False,Husky Stadium
401540790,2023,7,regular,2023-10-14 23:00:00,Northern Michigan,Michigan Tech,GLIAC,GLIAC,0.0,62.0,False,True,Superior Dome
401550877,2023,7,regular,2023-10-14 23:00:00,Pacific (OR),Lewis & Clark,Northwest,Northwest,35.0,51.0,False,True,Hanson Stadium
401541908,2023,7,regular,2023-10-14 23:00:00,UT Permian Basin,Eastern New Mexico,Lone Star,Lone Star,52.0,29.0,False,True,Ratliff Stadium
401541851,2023,7,regular,2023-10-14 23:00:00,Delta State,North Greenville,Gulf South,Gulf South,49.0,27.0,False,True,Parker Field at McCool Stadium
401549643,2023,7,regular,2023-10-14 23:00:00,Wheaton (IL),Carthage,CCIW,CCIW,50.0,13.0,False,True,McCully Stadium
401524030,2023,7,regular,2023-10-14 23:00:00,Washington State,Arizona,Pac-12,Pac-12,6.0,44.0,False,True,Gesa Field
401520319,2023,7,regular,2023-10-14 23:00:00,LSU,Auburn,SEC,SEC,48.0,18.0,False,True,Tiger Stadium (LA)
401531891,2023,7,regular,2023-10-14 23:00:00,Texas State,UL Monroe,Sun Belt,Sun Belt,21.0,20.0,False,True,Bobcat Stadium (TX)
401525866,2023,7,regular,2023-10-14 23:00:00,Texas Tech,Kansas State,Big 12,Big 12,21.0,38.0,False,True,Jones AT&T Stadium
401531889,2023,7,regular,2023-10-14 23:00:00,Georgia State,Marshall,Sun Belt,Sun Belt,41.0,24.0,False,True,Center Parc Stadium
401532598,2023,7,regular,2023-10-14 23:00:00,Air Force,Wyoming,Mountain West,Mountain West,34.0,27.0,False,True,Falcon Stadium
401524031,2023,7,regular,2023-10-14 23:30:00,Notre Dame,USC,FBS Independents,Pac-12,48.0,20.0,False,False,Notre Dame Stadium
401525526,2023,7,regular,2023-10-14 23:30:00,North Carolina,Miami,ACC,ACC,41.0,31.0,False,True,Kenan Stadium
401520318,2023,7,regular,2023-10-14 23:30:00,Kentucky,Missouri,SEC,SEC,21.0,38.0,False,True,Kroger Field
401541894,2023,7,regular,2023-10-15 00:00:00,Texas A&M-Kingsville,Angelo State,Lone Star,Lone Star,16.0,38.0,False,True,Javelina Stadium
401541915,2023,7,regular,2023-10-15 00:00:00,West Texas,Western New Mexico,Lone Star,Lone Star,49.0,27.0,False,True,Buffalo Stadium
401540985,2023,7,regular,2023-10-15 00:00:00,Midwestern State,Central Washington,Lone Star,Lone Star,7.0,10.0,False,True,"Memorial Stadium (Wichita Falls, TX)"
401540289,2023,7,regular,2023-10-15 00:00:00,Weber State,UC Davis,Big Sky,Big Sky,16.0,17.0,False,True,Stewart Stadium
401525523,2023,7,regular,2023-10-15 00:00:00,Duke,NC State,ACC,ACC,24.0,3.0,False,True,Wallace Wade Stadium
401524032,2023,7,regular,2023-10-15 00:00:00,Oregon State,UCLA,Pac-12,Pac-12,36.0,24.0,False,True,Reser Stadium
401540230,2023,7,regular,2023-10-15 00:00:00,Montana State,Cal Poly,Big Sky,Big Sky,59.0,19.0,False,True,Bobcat Stadium
401531381,2023,7,regular,2023-10-15 00:00:00,UTSA,UAB,American Athletic,American Athletic,41.0,20.0,False,True,Alamodome
401532593,2023,7,regular,2023-10-15 01:45:00,Colorado State,Boise State,Mountain West,Mountain West,31.0,30.0,False,True,Canvas Stadium
401550332,2023,7,regular,2023-10-15 02:00:00,Pomona Pitzer,Chapman,So. Cal.,So. Cal.,0.0,21.0,False,True,Merritt Field
401544149,2023,7,regular,2023-10-15 02:00:00,Redlands,Cal Lutheran,So. Cal.,So. Cal.,20.0,10.0,False,True,Ted Runner Stadium
401540246,2023,7,regular,2023-10-15 02:30:00,Idaho,Montana,Big Sky,Big Sky,21.0,23.0,False,True,Kibbie Dome
401532595,2023,7,regular,2023-10-15 03:00:00,Hawai'i,San Diego State,Mountain West,Mountain West,34.0,41.0,False,True,Clarence T.C. Ching Athletics Complex
401520330,2023,8,regular,2023-10-17 23:00:00,Liberty,Middle Tennessee,Conference USA,Conference USA,42.0,35.0,False,True,Williams Stadium (VA)
401531892,2023,8,regular,2023-10-17 23:30:00,South Alabama,Southern Miss,Sun Belt,Sun Belt,55.0,3.0,False,True,Hancock Whitney Stadium
401520329,2023,8,regular,2023-10-17 23:30:00,Jacksonville State,Western Kentucky,Conference USA,Conference USA,20.0,17.0,False,True,AmFirst Stadium
401520331,2023,8,regular,2023-10-18 23:00:00,Sam Houston,Florida International,Conference USA,Conference USA,27.0,33.0,False,True,Elliott T. Bowers Stadium
401520332,2023,8,regular,2023-10-19 01:00:00,UTEP,New Mexico State,Conference USA,Conference USA,7.0,28.0,False,True,Sun Bowl
401531341,2023,8,regular,2023-10-19 23:00:00,Tulsa,Rice,American Athletic,American Athletic,10.0,42.0,False,True,Chapman Stadium
401531893,2023,8,regular,2023-10-19 23:00:00,Marshall,James Madison,Sun Belt,Sun Belt,9.0,20.0,False,True,Joan C. Edwards Stadium
401545749,2023,8,regular,2023-10-19 23:00:00,West Virginia State,Frostburg State,Mountain East,Mountain East,14.0,28.0,False,True,Bobcat Stadium (MD)
401539983,2023,8,regular,2023-10-19 23:30:00,Morgan State,North Carolina Central,MEAC,MEAC,10.0,16.0,False,True,Hughes Stadium
401540432,2023,8,regular,2023-10-20 00:00:00,Northwestern State,SE Louisiana,Southland,Southland,20.0,37.0,False,True,Harry Turpin Stadium
401550126,2023,8,regular,2023-10-20 23:00:00,Western Connecticut State,Mass Maritime,MSCAC,MSCAC,28.0,0.0,False,True,Westside Athletic Complex
401531391,2023,8,regular,2023-10-20 23:00:00,Temple,SMU,American Athletic,American Athletic,0.0,55.0,False,True,Lincoln Financial Field
401549611,2023,8,regular,2023-10-21 16:00:00,Rochester (NY),Ithaca,Liberty League,Liberty League,10.0,24.0,False,True,Edwin Fauver Stadium
401531382,2023,8,regular,2023-10-21 16:00:00,UAB,Memphis,American Athletic,American Athletic,21.0,45.0,False,True,Protective Stadium
401539974,2023,8,regular,2023-10-21 16:00:00,Delaware State,South Carolina State,MEAC,MEAC,7.0,35.0,False,True,Alumni Stadium
401540007,2023,8,regular,2023-10-21 16:00:00,Wagner,Central Connecticut,NEC,NEC,3.0,17.0,False,True,Wagner College Stadium
401520334,2023,8,regular,2023-10-21 16:00:00,Arkansas,Mississippi State,SEC,SEC,3.0,7.0,False,True,Razorback Stadium
401532428,2023,8,regular,2023-10-21 16:00:00,Ohio,Western Michigan,Mid-American,Mid-American,20.0,17.0,False,True,Peden Stadium
401531434,2023,8,regular,2023-10-21 16:00:00,Navy,Air Force,American Athletic,Mountain West,6.0,17.0,False,False,Navy-Marine Corps Memorial Stadium
401552882,2023,8,regular,2023-10-21 16:00:00,Plymouth State,Worcester State,MSCAC,MSCAC,35.0,0.0,False,True,Charles L. Currier Memorial Field
401549577,2023,8,regular,2023-10-21 16:00:00,Union,Hobart,Liberty League,Liberty League,27.0,10.0,False,True,Frank Bailey Field
401525871,2023,8,regular,2023-10-21 16:00:00,Oklahoma,UCF,Big 12,Big 12,31.0,29.0,False,True,"Memorial Stadium (Norman, OK)"
401553857,2023,8,regular,2023-10-21 16:00:00,Stevenson,Misericordia,Mid Atlantic,Mid Atlantic,33.0,21.0,False,True,Mustang Stadium
401520343,2023,8,regular,2023-10-21 16:00:00,Ohio State,Penn State,Big Ten,Big Ten,20.0,12.0,False,True,Ohio Stadium
401549736,2023,8,regular,2023-10-21 16:00:00,Merchant Marine,WPI,NEWMAC,NEWMAC,40.0,28.0,False,True,Brooks Stadium (NY)
401525528,2023,8,regular,2023-10-21 16:00:00,Georgia Tech,Boston College,ACC,ACC,23.0,38.0,False,True,Bobby Dodd Stadium
401545894,2023,8,regular,2023-10-21 16:00:00,Shepherd,West Chester,Pennsylvania State Athletic,Pennsylvania State Athletic,59.0,21.0,False,True,Ram Stadium (WV)
401520337,2023,8,regular,2023-10-21 16:00:00,Indiana,Rutgers,Big Ten,Big Ten,14.0,31.0,False,True,"Memorial Stadium (Bloomington, IN)"
401549702,2023,8,regular,2023-10-21 16:00:00,American International,Bentley,Northeast 10,Northeast 10,12.0,62.0,False,True,Ronald J. Abdow Field
401549791,2023,8,regular,2023-10-21 16:00:00,Greensboro,Huntingdon,USA South,USA South,8.0,56.0,False,True,Jamieson Stadium
401541822,2023,8,regular,2023-10-21 16:00:00,Thomas More,Hillsdale,,Great Midwest Athletic,33.0,35.0,True,False,BB&T Field at Griffin Plaza
401544197,2023,8,regular,2023-10-21 16:00:00,Yale,Pennsylvania,Ivy,Ivy,17.0,27.0,False,True,Yale Bowl
401541107,2023,8,regular,2023-10-21 16:00:00,Springfield,Salve Regina,NEWMAC,Commonwealth Coast,31.0,21.0,False,False,Stagg Field
401545787,2023,8,regular,2023-10-21 16:00:00,Assumption,Saint Anselm,Northeast 10,Northeast 10,0.0,14.0,False,True,Multi-Sport Stadium
401545872,2023,8,regular,2023-10-21 16:00:00,Edinboro,Clarion,Pennsylvania State Athletic,Pennsylvania State Athletic,20.0,34.0,False,True,Sox Harrison Stadium
401525868,2023,8,regular,2023-10-21 16:00:00,Cincinnati,Baylor,Big 12,Big 12,29.0,32.0,False,True,Nippert Stadium
401534854,2023,8,regular,2023-10-21 16:00:00,Howard,Norfolk State,MEAC,MEAC,27.0,23.0,False,True,William H. Greene Stadium
401550058,2023,8,regular,2023-10-21 16:00:00,St. John Fisher,SUNY Cortland,Empire 8,Empire 8,14.0,42.0,False,True,Growney Stadium
401553031,2023,8,regular,2023-10-21 16:00:00,Dean,Anna Maria College,ECFC,ECFC,20.0,52.0,False,True,Dale Lippert Field
401558401,2023,8,regular,2023-10-21 16:00:00,King's,Eastern,Mid Atlantic,Mid Atlantic,28.0,18.0,False,True,McCarthy Stadium (Wilkes Barre)
401549664,2023,8,regular,2023-10-21 16:00:00,Lawrence,Illinois College,Midwest,Midwest,0.0,72.0,False,True,Ron Roberts Field at the Banta Bowl
401550104,2023,8,regular,2023-10-21 16:00:00,Juniata,Moravian,Landmark Conference,Landmark Conference,13.0,44.0,False,False,Knox Stadium
401540023,2023,8,regular,2023-10-21 16:00:00,Long Island University,Merrimack,NEC,NEC,0.0,39.0,False,True,Bethpage Federal Credit Union Stadium
401550274,2023,8,regular,2023-10-21 16:00:00,Kenyon,Wabash,North Coast,North Coast,18.0,67.0,False,True,McBride Field
401551514,2023,8,regular,2023-10-21 16:00:00,Nichols,Endicott,Commonwealth Coast,Commonwealth Coast,0.0,48.0,False,True,Vendetti Field
401544057,2023,8,regular,2023-10-21 16:00:00,Alfred,Utica,Empire 8,Empire 8,0.0,28.0,False,True,Merrill Field at Yunevich Stadium
401544066,2023,8,regular,2023-10-21 16:00:00,FDU Florham,Alvernia,Mid Atlantic,Mid Atlantic,41.0,16.0,False,True,Robert T. Shields Field
401553012,2023,8,regular,2023-10-21 16:00:00,Albright,Widener,Mid Atlantic,Mid Atlantic,3.0,48.0,False,True,Gene L. Shirk Stadium
401550413,2023,8,regular,2023-10-21 16:00:00,North Carolina Wesleyan,Southern Virginia,USA South,USA South,34.0,7.0,False,True,Bishop Stadium
401549740,2023,8,regular,2023-10-21 16:00:00,SUNY Maritime,MIT,NEWMAC,NEWMAC,28.0,35.0,False,True,Reinhart Field
401549807,2023,8,regular,2023-10-21 16:00:00,Belhaven,Methodist,USA South,USA South,45.0,10.0,False,True,Belhaven Bowl Stadium
401550250,2023,8,regular,2023-10-21 16:30:00,Otterbein,Baldwin Wallace,Ohio,Ohio,0.0,24.0,False,True,"Memorial Stadium (Westerville, OH)"
401541126,2023,8,regular,2023-10-21 17:00:00,Greenville,Northwestern (MN),Upper Midwest,Upper Midwest,12.0,32.0,False,True,Francis Field (IL)
401545733,2023,8,regular,2023-10-21 17:00:00,Glenville State,Concord,Mountain East,Mountain East,44.0,7.0,False,True,I.L. & Sue Morris Stadium
401550269,2023,8,regular,2023-10-21 17:00:00,Hiram,Oberlin,North Coast,North Coast,27.0,19.0,False,True,Charles A. Henry Field
401547029,2023,8,regular,2023-10-21 17:00:00,Emory & Henry,Tusculum,South Atlantic,South Atlantic,27.0,24.0,False,True,Fred Selfe Stadium at Nicewonder Field
401550197,2023,8,regular,2023-10-21 17:00:00,Rowan,Salisbury,New Jersey,New Jersey,20.0,35.0,False,True,Richard Wackar Stadium
401545889,2023,8,regular,2023-10-21 17:00:00,Shippensburg,Millersville,Pennsylvania State Athletic,Pennsylvania State Athletic,13.0,7.0,False,True,Seth Grove Stadium
401541970,2023,8,regular,2023-10-21 17:00:00,Nebraska Kearney,Missouri Western,Mid America,Mid America,17.0,20.0,False,True,Ron & Carol Cope Stadium at Foster Field
401550339,2023,8,regular,2023-10-21 17:00:00,Hampden Sydney,Washington and Lee,Old Dominion,Old Dominion,17.0,21.0,False,True,Lewis C. Everett Stadium
401550403,2023,8,regular,2023-10-21 17:00:00,Millsaps,Centre,Southern Athletic,Southern Athletic,20.0,59.0,False,True,Harper Davis Field
401547183,2023,8,regular,2023-10-21 17:00:00,Sul Ross State,Hardin Simmons,American Southwest,American Southwest,7.0,55.0,False,True,Jackson Field
401550298,2023,8,regular,2023-10-21 17:00:00,Middlebury,Bates,NESCAC,NESCAC,48.0,7.0,False,True,Alumni Stadium (VT)
401550444,2023,8,regular,2023-10-21 17:00:00,Westminster (MO),Minnesota Morris,Upper Midwest,Upper Midwest,13.0,34.0,False,True,Blue Jay Stadium
401541807,2023,8,regular,2023-10-21 17:00:00,Ashland,Lake Erie,Great Midwest Athletic,Great Midwest Athletic,31.0,19.0,False,True,Jack Miller Stadium
401540564,2023,8,regular,2023-10-21 17:00:00,Stetson,St. Thomas (MN),Pioneer,Pioneer,6.0,38.0,False,True,Spec Martin Municipal Stadium
401551488,2023,8,regular,2023-10-21 17:00:00,Ohio Dominican,Northwood,Great Midwest Athletic,Great Midwest Athletic,15.0,0.0,False,True,Panther Stadium (OH)
401540545,2023,8,regular,2023-10-21 17:00:00,North Carolina A&T,Richmond,Coastal Athletic,Coastal Athletic,10.0,33.0,False,True,Aggie Stadium
401547191,2023,8,regular,2023-10-21 17:00:00,Johns Hopkins,Ursinus,Centennial,Centennial,42.0,14.0,False,True,Homewood Field
401549824,2023,8,regular,2023-10-21 17:00:00,Susquehanna,Wilkes,Landmark Conference,Landmark Conference,34.0,7.0,False,False,Amos Alonzo Stagg Field (PA)
401550114,2023,8,regular,2023-10-21 17:00:00,Delaware Valley,Lebanon Valley,Mid Atlantic,Mid Atlantic,21.0,17.0,False,True,Robert A. Lipinski Field at James Work Memorial Stadium
401540791,2023,8,regular,2023-10-21 17:00:00,Michigan Tech,Ferris State,GLIAC,GLIAC,21.0,35.0,False,True,Sherman Field
401550306,2023,8,regular,2023-10-21 17:00:00,Colby,Hamilton,NESCAC,NESCAC,6.0,17.0,False,True,Seaverns Field At Harold Alfond Stadium
401541029,2023,8,regular,2023-10-21 17:00:00,Lock Haven,Kutztown,Pennsylvania State Athletic,Pennsylvania State Athletic,3.0,7.0,False,True,Hubert Jack Stadium
401544121,2023,8,regular,2023-10-21 17:00:00,Grove City,Saint Vincent,Presidents',Presidents',49.0,0.0,False,True,Robert E. Thorn Field
401541039,2023,8,regular,2023-10-21 17:00:00,Carson Newman,Mars Hill,South Atlantic,South Atlantic,17.0,21.0,False,True,Burke-Tarr Stadium
401541817,2023,8,regular,2023-10-21 17:00:00,Walsh,Findlay,Great Midwest Athletic,Great Midwest Athletic,0.0,23.0,False,True,Tom Benson Hall of Fame Stadium
401551922,2023,8,regular,2023-10-21 17:00:00,Gallaudet,Alfred State,ECFC,ECFC,38.0,24.0,False,True,Hotchkiss Field
401540771,2023,8,regular,2023-10-21 17:00:00,Northern Michigan,Grand Valley State,GLIAC,GLIAC,14.0,73.0,False,True,Superior Dome
401545740,2023,8,regular,2023-10-21 17:00:00,Charleston (WV),Fairmont State,Mountain East,Mountain East,30.0,33.0,False,True,University of Charleston Stadium
401546993,2023,8,regular,2023-10-21 17:00:00,University of Mary,Davenport,Northern Sun,GLIAC,34.0,44.0,False,False,MDU Resources Community Bowl
401547200,2023,8,regular,2023-10-21 17:00:00,Western New England,Husson,Commonwealth Coast,Commonwealth Coast,10.0,9.0,False,True,Golden Bear Stadium
401551933,2023,8,regular,2023-10-21 17:00:00,Keystone,Lycoming,Landmark Conference,Landmark Conference,7.0,34.0,False,True,Athletic Field Complex
401540997,2023,8,regular,2023-10-21 17:00:00,West Virginia Wesleyan,UNC Pembroke,Mountain East,Mountain East,0.0,56.0,False,True,Cebe Ross Field
401540656,2023,8,regular,2023-10-21 17:00:00,Bluefield State,Bowie State,Independent DII,CIAA,11.0,40.0,False,False,Mitchell Stadium
401547210,2023,8,regular,2023-10-21 17:00:00,Curry,New England,Commonwealth Coast,Commonwealth Coast,13.0,19.0,False,True,Walter M. Katz Field
401553863,2023,8,regular,2023-10-21 17:00:00,William Paterson,Montclair State,New Jersey,New Jersey,13.0,14.0,False,True,Wightman Stadium
401553030,2023,8,regular,2023-10-21 17:00:00,McDaniel,Franklin & Marshall,Centennial,Centennial,17.0,27.0,False,True,Kenneth R. Gill Stadium
401558741,2023,8,regular,2023-10-21 17:00:00,Pace,Southern Connecticut State,Northeast 10,Northeast 10,23.0,25.0,False,True,Pace Stadium
401540402,2023,8,regular,2023-10-21 17:00:00,Davidson,Valparaiso,Pioneer,Pioneer,42.0,21.0,False,True,Richardson Stadium
401540342,2023,8,regular,2023-10-21 17:00:00,Princeton,Harvard,Ivy,Ivy,21.0,14.0,False,True,Princeton University Stadium
401540302,2023,8,regular,2023-10-21 17:00:00,Indiana State,South Dakota,MVFC,MVFC,3.0,17.0,False,True,Memorial Stadium
401540069,2023,8,regular,2023-10-21 17:00:00,Holy Cross,Lafayette,Patriot,Patriot,35.0,38.0,False,True,Fitton Field
401540032,2023,8,regular,2023-10-21 17:00:00,Stonehill,Sacred Heart,NEC,NEC,22.0,19.0,False,True,W.B. Mason Stadium
401540525,2023,8,regular,2023-10-21 17:00:00,Presbyterian,Marist,Pioneer,Pioneer,10.0,19.0,False,True,Bailey Memorial Stadium
401540511,2023,8,regular,2023-10-21 17:00:00,Dayton,Butler,Pioneer,Pioneer,10.0,37.0,False,True,Welcome Stadium
401549620,2023,8,regular,2023-10-21 17:00:00,St. Lawrence,Rensselaer,Liberty League,Liberty League,7.0,37.0,False,True,Leckonby Stadium
401540015,2023,8,regular,2023-10-21 17:00:00,Duquesne,Saint Francis,NEC,NEC,38.0,35.0,False,True,Arthur J. Rooney Athletic Field
401549748,2023,8,regular,2023-10-21 17:00:00,Christopher Newport,Kean,New Jersey,New Jersey,34.0,10.0,False,True,TowneBank Stadium
401552024,2023,8,regular,2023-10-21 17:00:00,Amherst,Tufts,NESCAC,NESCAC,14.0,34.0,False,True,Pratt Field at Lehrman Stadium
401550143,2023,8,regular,2023-10-21 17:00:00,Albion,Trine,Michigan,Michigan,28.0,35.0,False,True,Sprankle-Sprandel Stadium
401540587,2023,8,regular,2023-10-21 17:00:00,Chattanooga,East Tennessee State,Southern,Southern,34.0,3.0,False,True,Finley Stadium
401540294,2023,8,regular,2023-10-21 17:00:00,Cornell,Brown,Ivy,Ivy,36.0,14.0,False,True,Schoellkopf Field
401545780,2023,8,regular,2023-10-21 17:00:00,Wheeling,Alderson-Broaddus,Mountain East,Mountain East,0.0,0.0,False,True,Bishop Schmitt Field
401549718,2023,8,regular,2023-10-21 17:00:00,Wesleyan (CT),Bowdoin,NESCAC,NESCAC,35.0,30.0,False,True,Corwin Stadium
401550368,2023,8,regular,2023-10-21 17:00:00,Maryville (TN),LaGrange,USA South,USA South,26.0,6.0,False,True,Lloyd L. Thornton Stadium
401545866,2023,8,regular,2023-10-21 17:00:00,Slippery Rock,California (PA),Pennsylvania State Athletic,Pennsylvania State Athletic,42.0,21.0,False,True,Mihalik-Thompson Stadium
401540673,2023,8,regular,2023-10-21 17:00:00,Virginia Union,Lincoln (PA),CIAA,CIAA,57.0,0.0,False,True,Hovey Field
401552545,2023,8,regular,2023-10-21 17:00:00,Franklin Pierce,Post,Northeast 10,Independent DII,13.0,16.0,True,False,Sodexo Field
401550147,2023,8,regular,2023-10-21 17:00:00,Alma,Kalamazoo,Michigan,Michigan,43.0,10.0,False,True,Bahlke Field
401541116,2023,8,regular,2023-10-21 17:00:00,Randolph Macon,Shenandoah,Old Dominion,Old Dominion,48.0,13.0,False,True,Day Field
401541060,2023,8,regular,2023-10-21 17:00:00,SUNY Morrisville,Brockport,Empire 8,Empire 8,0.0,49.0,False,True,Drake Field (NY)
401540052,2023,8,regular,2023-10-21 17:00:00,Bucknell,Lehigh,Patriot,Patriot,18.0,27.0,False,True,Christy Mathewson-Memorial Stadium
401549635,2023,8,regular,2023-10-21 17:00:00,Dickinson,Muhlenberg,Centennial,Centennial,21.0,42.0,False,True,Biddle Field
401541008,2023,8,regular,2023-10-21 17:05:00,East Stroudsburg,Bloomsburg,Pennsylvania State Athletic,Pennsylvania State Athletic,21.0,16.0,False,True,Eiler-Martin Stadium
401550089,2023,8,regular,2023-10-21 17:30:00,Franklin,Rose Hulman,Heartland,Heartland,35.0,50.0,False,True,"Stewart """"Red"""" Faught Stadium"
401540338,2023,8,regular,2023-10-21 17:30:00,Dartmouth,Columbia,Ivy,Ivy,20.0,9.0,False,True,Memorial Field
401550071,2023,8,regular,2023-10-21 17:30:00,Anderson (IN),Defiance College,Heartland,Heartland,6.0,36.0,False,True,Macholtz Stadium
401540696,2023,8,regular,2023-10-21 17:30:00,Livingstone,Shaw,CIAA,CIAA,27.0,26.0,False,True,Alumni Memorial Stadium (NC)
401544111,2023,8,regular,2023-10-21 17:30:00,Wilmington (OH),Mount Union,Ohio,Ohio,0.0,69.0,False,True,Wiliams Stadium (OH)
401541069,2023,8,regular,2023-10-21 17:30:00,Bluffton,Manchester,Heartland,Heartland,50.0,12.0,False,True,Alumni Field (OH)
401552015,2023,8,regular,2023-10-21 17:30:00,Williams,Trinity (CT),NESCAC,NESCAC,14.0,41.0,False,True,Farley-Lamb Field
401544960,2023,8,regular,2023-10-21 17:30:00,Mount St Joseph,Hanover,Heartland,Heartland,52.0,27.0,False,True,Schueler Field
401550263,2023,8,regular,2023-10-21 17:30:00,Capital,John Carroll,Ohio,Ohio,17.0,63.0,False,True,Bernlohr Stadium
401540623,2023,8,regular,2023-10-21 17:30:00,VMI,Samford,Southern,Southern,14.0,27.0,False,True,Alumni Memorial Field
401549726,2023,8,regular,2023-10-21 17:30:00,Coast Guard,Norwich,NEWMAC,NEWMAC,52.0,17.0,False,True,Cadet Memorial Field
401546946,2023,8,regular,2023-10-21 17:30:00,Winston-Salem State,St. Augustine's,CIAA,CIAA,24.0,17.0,False,True,Bowman Gray Stadium
401544083,2023,8,regular,2023-10-21 18:00:00,Grinnell,Knox,Midwest,Midwest,7.0,14.0,False,True,Rosenbloom Field
401532429,2023,8,regular,2023-10-21 18:00:00,Bowling Green,Akron,Mid-American,Mid-American,41.0,14.0,False,True,Doyt L. Perry Stadium
401546007,2023,8,regular,2023-10-21 18:00:00,South Dakota Mines,Fort Lewis,Rocky Mountain,Rocky Mountain,48.0,10.0,False,True,O'Harra Stadium
401547065,2023,8,regular,2023-10-21 18:00:00,Fort Valley State,Morehouse,SIAC,SIAC,31.0,3.0,False,True,Wildcat Stadium (GA)
401547096,2023,8,regular,2023-10-21 18:00:00,Central College,Nebraska Wesleyan,American Rivers,American Rivers,72.0,0.0,False,True,Ron and Joyce Schipper Stadium
401547118,2023,8,regular,2023-10-21 18:00:00,Loras,Wartburg,American Rivers,American Rivers,7.0,62.0,False,True,Rock Bowl
401547123,2023,8,regular,2023-10-21 18:00:00,Luther,Simpson (IA),American Rivers,American Rivers,14.0,56.0,False,True,Legacy Field in Carlson Stadium
401540704,2023,8,regular,2023-10-21 18:00:00,Quincy,Indianapolis,Great Lakes,Great Lakes,14.0,24.0,False,True,QU Stadium
401540714,2023,8,regular,2023-10-21 18:00:00,McKendree,Missouri S&T,Great Lakes,Great Lakes,20.0,17.0,False,True,Leemon Field
401545833,2023,8,regular,2023-10-21 18:00:00,Minot State,Minnesota Duluth,Northern Sun,Northern Sun,7.0,42.0,False,True,Herb Parker Stadium
401547145,2023,8,regular,2023-10-21 18:00:00,McMurry,Howard Payne,American Southwest,American Southwest,45.0,21.0,False,True,Wilford Moore Stadium
401550223,2023,8,regular,2023-10-21 18:00:00,Aurora,Wisconsin Lutheran,NACC,NACC,70.0,7.0,False,True,Vago Field
401540724,2023,8,regular,2023-10-21 18:00:00,Ouachita Baptist,Arkansas Tech,Great American,Great American,31.0,24.0,False,True,Cliff Harris Stadium
401544140,2023,8,regular,2023-10-21 18:00:00,Sewanee,Berry,Southern Athletic,Southern Athletic,23.0,61.0,False,True,Hardee-McGee Field
401547058,2023,8,regular,2023-10-21 18:00:00,Clark Atlanta,Central State,SIAC,SIAC,21.0,48.0,False,True,CAU Panther Stadium
401549772,2023,8,regular,2023-10-21 18:00:00,Crown,Martin Luther,Upper Midwest,Upper Midwest,3.0,13.0,False,True,Old National Bank Stadium
401550165,2023,8,regular,2023-10-21 18:00:00,Bethel (MN),Hamline,Minnesota,Minnesota,49.0,7.0,False,True,Royal Stadium
401549780,2023,8,regular,2023-10-21 18:00:00,Wisconsin Eau Claire,Wisconsin Platteville,Wisconsin,Wisconsin,14.0,47.0,False,True,Carson Park
401541135,2023,8,regular,2023-10-21 18:00:00,Wisconsin La Crosse,Wisconsin Oshkosh,Wisconsin,Wisconsin,31.0,28.0,False,True,Veterans Memorial Stadium (WI)
401544887,2023,8,regular,2023-10-21 18:00:00,Sioux Falls,Winona State,Northern Sun,Northern Sun,35.0,42.0,False,True,Bob Young Field
401550312,2023,8,regular,2023-10-21 18:00:00,Averett,Bridgewater,Old Dominion,Old Dominion,24.0,53.0,False,True,Daly Field at Frank R. Campbell Stadium
401544967,2023,8,regular,2023-10-21 18:00:00,Olivet,Hope,Michigan,Michigan,7.0,45.0,False,True,Cutler Field
401549655,2023,8,regular,2023-10-21 18:00:00,Beloit,Monmouth (IL),Midwest,Midwest,3.0,59.0,False,True,Strong Stadium
401550158,2023,8,regular,2023-10-21 18:00:00,St. Olaf,Augsburg,Minnesota,Minnesota,36.0,56.0,False,True,Klein Field at Manitou
401540664,2023,8,regular,2023-10-21 18:00:00,Virginia State,Elizabeth City State,CIAA,CIAA,16.0,17.0,False,True,Rogers Stadium (VA)
401549757,2023,8,regular,2023-10-21 18:00:00,Muskingum,Ohio Northern,Ohio,Ohio,17.0,27.0,False,True,Sherman Field at McConagha Stadium
401550426,2023,8,regular,2023-10-21 18:00:00,Wisconsin Stevens Point,Wisconsin River Falls,Wisconsin,Wisconsin,14.0,75.0,False,True,Community Stadium at Goerke Park
401547050,2023,8,regular,2023-10-21 18:00:00,Benedict,Kentucky State,SIAC,SIAC,63.0,14.0,False,True,Charlie W. Johnson Stadium
401549678,2023,8,regular,2023-10-21 18:00:00,Concordia Chicago,Eureka,NACC,NACC,28.0,27.0,False,True,Concordia Stadium
401547017,2023,8,regular,2023-10-21 18:00:00,UVA Wise,Erskine,South Atlantic,South Atlantic,34.0,23.0,False,True,Carl Smith Stadium
401541089,2023,8,regular,2023-10-21 18:00:00,Wittenberg,DePauw,North Coast,North Coast,35.0,41.0,False,True,Edwards-Maurer Field
401540414,2023,8,regular,2023-10-21 18:00:00,Elon,Monmouth,Coastal Athletic,Coastal Athletic,28.0,26.0,False,True,Rhodes Stadium
401550172,2023,8,regular,2023-10-21 18:00:00,Concordia (MN),Macalester,Minnesota,Minnesota,49.0,8.0,False,True,Jake Christiansen Stadium
401549646,2023,8,regular,2023-10-21 18:00:00,North Central College,Washington St. Louis,CCIW,CCIW,49.0,3.0,False,True,Benedetti-Wehrli Stadium
401545712,2023,8,regular,2023-10-21 18:00:00,Bemidji State,Concordia St. Paul,Northern Sun,Northern Sun,38.0,3.0,False,True,Chet Anderson Stadium
401545839,2023,8,regular,2023-10-21 18:00:00,Southwest Minnesota State,Minnesota St Moorhead,Northern Sun,Northern Sun,17.0,34.0,False,True,Schwan Regional Event Center
401547137,2023,8,regular,2023-10-21 18:00:00,Austin,Mary Hardin Baylor,American Southwest,American Southwest,14.0,49.0,False,True,Jerry E. Apple Stadium
401531894,2023,8,regular,2023-10-21 18:00:00,Georgia Southern,UL Monroe,Sun Belt,Sun Belt,38.0,28.0,False,True,Allen E. Paulson Stadium
401531406,2023,8,regular,2023-10-21 18:00:00,East Carolina,Charlotte,American Athletic,American Athletic,7.0,10.0,False,True,Dowdy-Ficklen Stadium
401540105,2023,8,regular,2023-10-21 18:00:00,Youngstown State,Illinois State,MVFC,MVFC,41.0,38.0,False,True,Stambaugh Stadium
401540326,2023,8,regular,2023-10-21 18:00:00,Hampton,Delaware,Coastal Athletic,CAA,3.0,47.0,False,True,Armstrong Stadium
401541079,2023,8,regular,2023-10-21 18:00:00,Carleton,St. Scholastica,Minnesota,Minnesota,42.0,21.0,False,True,Laird Stadium
401540805,2023,8,regular,2023-10-21 18:00:00,Saginaw Valley State,Wayne State (MI),GLIAC,GLIAC,17.0,10.0,False,True,Harvey Randall Wickes Memorial Stadium
401549670,2023,8,regular,2023-10-21 18:00:00,Ripon,Lake Forest,Midwest,Midwest,12.0,0.0,False,True,Ingalls Field
401550384,2023,8,regular,2023-10-21 18:00:00,Case Western Reserve,Waynesburg,Presidents',Presidents',35.0,0.0,False,True,Case Field
401550351,2023,8,regular,2023-10-21 18:00:00,Southwestern U,Trinity (TX),Southern Athletic,Southern Athletic,7.0,57.0,False,True,Birkelbach Field
401550243,2023,8,regular,2023-10-21 18:00:00,Benedictine (IL),Lakeland,NACC,NACC,31.0,6.0,False,True,Village of Lisle-Benedictine University Sports Complex
401544950,2023,8,regular,2023-10-21 18:00:00,Elmhurst,Millikin,CCIW,CCIW,29.0,27.0,False,True,Langhorst Field
401547223,2023,8,regular,2023-10-21 18:00:00,Carthage,Illinois Wesleyan,CCIW,CCIW,7.0,34.0,False,True,Art Keller Field
401547218,2023,8,regular,2023-10-21 18:00:00,Carroll (WI),Wheaton (IL),CCIW,CCIW,6.0,52.0,False,True,Schneider Stadium
401544941,2023,8,regular,2023-10-21 18:00:00,Augustana (IL),North Park,CCIW,CCIW,42.0,28.0,False,True,Charles D. Lindberg Stadium
401545985,2023,8,regular,2023-10-21 18:00:00,Chadron State,CSU Pueblo,Rocky Mountain,Rocky Mountain,3.0,28.0,False,True,Elliott Field at Don Beebe Stadium
401541956,2023,8,regular,2023-10-21 18:00:00,Washburn,Fort Hays,Mid America,Mid America,28.0,31.0,False,True,Yager Stadium at Moore Bowl
401550234,2023,8,regular,2023-10-21 18:00:00,Concordia (WI),St. Norbert,NACC,NACC,7.0,13.0,False,True,Tomasini Stadium
401545805,2023,8,regular,2023-10-21 18:00:00,Augustana (SD),Minnesota State,Northern Sun,Northern Sun,28.0,10.0,False,True,Kirkeby-Over Stadium
401544913,2023,8,regular,2023-10-21 18:00:00,Barton,Wingate,South Atlantic,South Atlantic,24.0,38.0,False,True,Electric Supply Company Field
401550215,2023,8,regular,2023-10-21 18:00:00,Cornell (IA),Chicago,Midwest,Midwest,47.0,34.0,False,True,Van Metre Field at Ash Park
401550176,2023,8,regular,2023-10-21 18:00:00,Gustavus Adolphus,Saint John's (MN),Minnesota,Minnesota,38.0,35.0,False,True,Hollingsworth Field
401551483,2023,8,regular,2023-10-21 18:00:00,Upper Iowa,Southwest Baptist,Northern Sun,Great Lakes,35.0,13.0,False,False,Harms-Eischeid Stadium
401540681,2023,8,regular,2023-10-21 18:30:00,Fayetteville State,Johnson C. Smith,CIAA,CIAA,14.0,7.0,False,True,"Luther ""Nick"" Jeralds Stadium"
401541935,2023,8,regular,2023-10-21 18:30:00,Central Missouri,Emporia State,Mid America,Mid America,77.0,27.0,False,True,Audrey J. Walton Stadium at Vernon Kennedy Field
401540500,2023,8,regular,2023-10-21 18:30:00,Tennessee Tech,Southeast Missouri State,Big South-OVC,Big South-OVC,3.0,28.0,False,True,Tucker Stadium
401540602,2023,8,regular,2023-10-21 18:30:00,Western Carolina,Furman,Southern,Southern,17.0,29.0,False,True,E. J. Whitmire Stadium
401541019,2023,8,regular,2023-10-21 19:00:00,Mercyhurst,Gannon,Pennsylvania State Athletic,Pennsylvania State Athletic,28.0,31.0,False,True,Saxon Stadium
401544932,2023,8,regular,2023-10-21 19:00:00,Lane College,Virginia Lynchburg,SIAC,,42.0,45.0,False,False,Lane Field
401541963,2023,8,regular,2023-10-21 19:00:00,Lincoln (MO),Missouri Southern State,Independent DII,Mid America,5.0,63.0,False,False,Dwight T. Reed Stadium
401547086,2023,8,regular,2023-10-21 19:00:00,Dubuque,Buena Vista,American Rivers,American Rivers,41.0,0.0,False,True,Chalmers Field
401550870,2023,8,regular,2023-10-21 19:00:00,The College of New Jersey,Gettysburg,New Jersey,Centennial,30.0,13.0,False,False,Lions Stadium
401540425,2023,8,regular,2023-10-21 19:00:00,Eastern Illinois,Bryant,Big South-OVC,Big South-OVC,25.0,24.0,False,True,O'Brien Stadium
401544896,2023,8,regular,2023-10-21 19:00:00,Seton Hill,IU Pennsylvania,Pennsylvania State Athletic,Pennsylvania State Athletic,35.0,28.0,False,True,Offutt Field
401540781,2023,8,regular,2023-10-21 19:00:00,Arkansas Monticello,Henderson State,Great American,Great American,14.0,42.0,False,True,Convoy Leslie Cotton Boll Stadium
401541757,2023,8,regular,2023-10-21 19:00:00,Southern Arkansas,Harding,Great American,Great American,20.0,54.0,True,True,"Memorial Stadium (El Dorado, AR)"
401545979,2023,8,regular,2023-10-21 19:00:00,Black Hills State,Colorado School of Mines,Rocky Mountain,Rocky Mountain,17.0,42.0,False,True,Lyle Hare Stadium
401540161,2023,8,regular,2023-10-21 19:00:00,Mississippi Valley State,Jackson State,SWAC,SWAC,6.0,21.0,False,True,Rice-Totten Field
401540475,2023,8,regular,2023-10-21 19:00:00,UT Martin,Charleston Southern,Big South-OVC,Big South-OVC,17.0,0.0,False,True,Graham Stadium
401547079,2023,8,regular,2023-10-21 19:00:00,Savannah State,Tuskegee,SIAC,SIAC,14.0,21.0,False,True,Ted Wright Stadium
401541789,2023,8,regular,2023-10-21 19:00:00,Southeastern Oklahoma State,Southwestern Oklahoma State,Great American,Great American,32.0,13.0,False,True,Paul Laird Field
401544102,2023,8,regular,2023-10-21 19:00:00,Marietta,Heidelberg,Ohio,Ohio,37.0,14.0,False,True,Don Drumm Stadium
401540630,2023,8,regular,2023-10-21 19:00:00,Tennessee State,Lincoln (CA),Big South-OVC,,54.0,0.0,False,False,Nissan Stadium
401541795,2023,8,regular,2023-10-21 19:00:00,East Central,Southern Nazarene,Great American,Great American,13.0,27.0,False,True,Koi Ishto Stadium
401540448,2023,8,regular,2023-10-21 19:00:00,Southern Illinois,South Dakota State,MVFC,MVFC,10.0,17.0,False,True,Saluki Stadium
401550453,2023,8,regular,2023-10-21 19:00:00,Wisconsin Whitewater,Wisconsin Stout,Wisconsin,Wisconsin,37.0,20.0,False,True,Perkins Stadium
401540742,2023,8,regular,2023-10-21 19:00:00,Truman State,William Jewell,Great Lakes,Great Lakes,31.0,10.0,False,True,Stokes Stadium
401540062,2023,8,regular,2023-10-21 19:00:00,Georgetown,Colgate,Patriot,Patriot,18.0,28.0,False,True,Cooper Field
401541097,2023,8,regular,2023-10-21 19:00:00,Denison,Wooster,North Coast,North Coast,35.0,31.0,False,True,Deeds Field-Piper Stadium
401540350,2023,8,regular,2023-10-21 19:00:00,Missouri State,Murray State,MVFC,MVFC,28.0,24.0,False,True,Plaster Sports Complex
401540128,2023,8,regular,2023-10-21 19:00:00,Arkansas-Pine Bluff,Alcorn State,SWAC,SWAC,7.0,31.0,False,True,Golden Lion Stadium
401546010,2023,8,regular,2023-10-21 19:00:00,Western Colorado,New Mexico Highlands,Rocky Mountain,Rocky Mountain,62.0,0.0,False,True,Mountaineer Bowl
401541860,2023,8,regular,2023-10-21 19:00:00,Valdosta State,Shorter,Gulf South,Gulf South,42.0,14.0,False,True,Bazemore-Hyder Stadium
401544904,2023,8,regular,2023-10-21 19:00:00,Colorado Mesa,Adams State,Rocky Mountain,Rocky Mountain,42.0,7.0,False,True,Ralph Stocker Stadium
401544879,2023,8,regular,2023-10-21 19:00:00,Northwest Missouri State,Pittsburg State,Mid America,Mid America,7.0,28.0,False,True,Bearcat Stadium
401524035,2023,8,regular,2023-10-21 19:30:00,Oregon,Washington State,Pac-12,Pac-12,38.0,24.0,False,True,Autzen Stadium
401531372,2023,8,regular,2023-10-21 19:30:00,Tulane,North Texas,American Athletic,American Athletic,35.0,28.0,False,True,Yulman Stadium
401525872,2023,8,regular,2023-10-21 19:30:00,West Virginia,Oklahoma State,Big 12,Big 12,34.0,48.0,False,True,Milan Puskar Stadium
401532425,2023,8,regular,2023-10-21 19:30:00,Ball State,Central Michigan,Mid-American,Mid-American,24.0,17.0,False,True,Scheumann Stadium
401520336,2023,8,regular,2023-10-21 19:30:00,Illinois,Wisconsin,Big Ten,Big Ten,21.0,25.0,False,True,"Memorial Stadium (Champaign, IL)"
401520338,2023,8,regular,2023-10-21 19:30:00,Iowa,Minnesota,Big Ten,Big Ten,10.0,12.0,False,True,Kinnick Stadium
401520333,2023,8,regular,2023-10-21 19:30:00,Alabama,Tennessee,SEC,SEC,34.0,20.0,False,True,Bryant-Denny Stadium
401525532,2023,8,regular,2023-10-21 19:30:00,Wake Forest,Pittsburgh,ACC,ACC,21.0,17.0,False,True,Allegacy Federal Credit Union Stadium
401520341,2023,8,regular,2023-10-21 19:30:00,Missouri,South Carolina,SEC,SEC,34.0,12.0,False,True,Memorial Stadium
401520344,2023,8,regular,2023-10-21 19:30:00,UConn,South Florida,FBS Independents,American Athletic,21.0,24.0,False,False,Pratt & Whitney Stadium
401550328,2023,8,regular,2023-10-21 19:30:00,Ferrum,Guilford,Old Dominion,Old Dominion,28.0,0.0,False,True,W.B. Adams Stadium
401540571,2023,8,regular,2023-10-21 19:30:00,UAlbany,Rhode Island,Coastal Athletic,Coastal Athletic,35.0,10.0,False,True,Bob Ford Field
401532430,2023,8,regular,2023-10-21 19:30:00,Kent State,Buffalo,Mid-American,Mid-American,6.0,24.0,False,True,Dix Stadium
401540579,2023,8,regular,2023-10-21 19:30:00,William & Mary,Towson,Coastal Athletic,Coastal Athletic,24.0,34.0,False,True,Zable Stadium
401540385,2023,8,regular,2023-10-21 19:30:00,North Dakota State,Western Illinois,MVFC,MVFC,52.0,7.0,False,True,Fargodome
401540531,2023,8,regular,2023-10-21 19:30:00,Stony Brook,New Hampshire,Coastal Athletic,Coastal Athletic,14.0,45.0,False,True,Kenneth P. LaValle Stadium
401532426,2023,8,regular,2023-10-21 19:30:00,Northern Illinois,Eastern Michigan,Mid-American,Mid-American,20.0,13.0,False,True,Huskie Stadium
401520342,2023,8,regular,2023-10-21 19:30:00,Nebraska,Northwestern,Big Ten,Big Ten,17.0,9.0,False,True,"Memorial Stadium (Lincoln, NE)"
401544150,2023,8,regular,2023-10-21 20:00:00,Claremont Mudd Scripps,Redlands,So. Cal.,So. Cal.,31.0,17.0,False,True,Fritz B. Burns Stadium
401540144,2023,8,regular,2023-10-21 20:00:00,Bethune-Cookman,Southern,SWAC,SWAC,18.0,28.0,True,True,EverBank Stadium
401550137,2023,8,regular,2023-10-21 20:00:00,UMass Dartmouth,Fitchburg State,MSCAC,MSCAC,42.0,7.0,False,True,Cressy Field
401550878,2023,8,regular,2023-10-21 20:00:00,Pacific Lutheran,Lewis & Clark,Northwest,Northwest,49.0,14.0,False,True,Sparks Stadium
401552471,2023,8,regular,2023-10-21 20:00:00,Bridgewater State,Westfield State,MSCAC,MSCAC,21.0,0.0,False,True,Edward C. Swenson Athletic Complex
401547023,2023,8,regular,2023-10-21 20:00:00,Newberry,Lenoir Rhyne,South Atlantic,South Atlantic,10.0,24.0,False,True,Setzler Field
401544092,2023,8,regular,2023-10-21 20:00:00,Whitworth,Pacific (OR),Northwest,Northwest,42.0,20.0,False,True,The Pine Bowl
401541852,2023,8,regular,2023-10-21 20:00:00,Delta State,West Florida,Gulf South,Gulf South,21.0,24.0,False,True,Parker Field at McCool Stadium
401540316,2023,8,regular,2023-10-21 20:00:00,Campbell,Maine,Coastal Athletic,Coastal Athletic,34.0,28.0,False,True,Barker-Lane Stadium
401540254,2023,8,regular,2023-10-21 20:00:00,Portland State,Idaho State,Big Sky,Big Sky,24.0,38.0,False,True,Hillsboro Stadium
401552872,2023,8,regular,2023-10-21 20:00:00,La Verne,Pomona Pitzer,So. Cal.,So. Cal.,7.0,20.0,False,True,Ortmayer Stadium
401540612,2023,8,regular,2023-10-21 20:00:00,Mercer,Wofford,Southern,Southern,31.0,17.0,False,True,Five Star Stadium at the Moye Complex
401540976,2023,8,regular,2023-10-21 20:00:00,Tiffin,Kentucky Wesleyan,Great Midwest Athletic,Great Midwest Athletic,37.0,12.0,False,True,Frost-Kalnow Stadium
401532427,2023,8,regular,2023-10-21 20:00:00,Miami (OH),Toledo,Mid-American,Mid-American,17.0,21.0,False,True,Yager Stadium
401525869,2023,8,regular,2023-10-21 20:00:00,Houston,Texas,Big 12,Big 12,24.0,31.0,False,True,TDECU Stadium
401550467,2023,8,regular,2023-10-21 20:00:00,Puget Sound,Linfield,Northwest,Northwest,6.0,55.0,False,True,Baker Stadium
401540986,2023,8,regular,2023-10-21 20:05:00,Western Oregon,Midwestern State,Lone Star,Lone Star,6.0,33.0,False,True,McArthur Field
401540440,2023,8,regular,2023-10-21 20:30:00,East Texas A&M,Nicholls,Southland,Southland,7.0,27.0,False,True,Memorial Stadium (Commerce TX)
401553025,2023,8,regular,2023-10-21 21:00:00,Buffalo State,Hilbert,Liberty League,North Coast,44.0,12.0,False,False,Coyer Field
401547076,2023,8,regular,2023-10-21 21:00:00,Miles,Allen,SIAC,SIAC,28.0,21.0,False,True,Albert J. H. Sloan - Alumni Stadium
401540516,2023,8,regular,2023-10-21 21:00:00,San Diego,Drake,Pioneer,Pioneer,20.0,25.0,False,True,Torero Stadium
401541049,2023,8,regular,2023-10-21 21:00:00,Texas Lutheran,East Texas Baptist,American Southwest,American Southwest,6.0,16.0,False,True,Bulldog Stadium (TX)
401541631,2023,8,regular,2023-10-21 21:00:00,Stephen F. Austin,Abilene Christian,UAC,UAC,27.0,34.0,False,True,Homer Bryce Stadium
401540373,2023,8,regular,2023-10-21 21:00:00,Northern Iowa,North Dakota,MVFC,MVFC,27.0,0.0,False,True,UNI-Dome
401545763,2023,8,regular,2023-10-21 21:00:00,West Liberty,Notre Dame College,Mountain East,Mountain East,35.0,40.0,False,True,West Family Stadium
401541884,2023,8,regular,2023-10-21 22:00:00,West Georgia,North Greenville,Gulf South,Gulf South,38.0,14.0,False,True,University Stadium (GA)
401547037,2023,8,regular,2023-10-21 22:00:00,Edward Waters,Albany State,SIAC,SIAC,31.0,27.0,False,True,Earl Kitchings Stadium
401540196,2023,8,regular,2023-10-21 22:00:00,Gardner-Webb,Eastern Kentucky,Big South-OVC,UAC,35.0,32.0,False,False,Ernest W. Spangler Stadium
401532600,2023,8,regular,2023-10-21 22:00:00,New Mexico,Hawai'i,Mountain West,Mountain West,42.0,21.0,False,True,University Stadium (NM)
401531397,2023,8,regular,2023-10-21 22:00:00,Florida Atlantic,UTSA,American Athletic,American Athletic,10.0,36.0,False,True,FAU Stadium
401525531,2023,8,regular,2023-10-21 22:30:00,North Carolina,Virginia,ACC,ACC,27.0,31.0,False,True,Kenan Stadium
401532602,2023,8,regular,2023-10-21 23:00:00,San José State,Utah State,Mountain West,Mountain West,42.0,21.0,False,True,CEFCU Stadium
401525867,2023,8,regular,2023-10-21 23:00:00,BYU,Texas Tech,Big 12,Big 12,27.0,14.0,False,True,LaVell Edwards Stadium
401525870,2023,8,regular,2023-10-21 23:00:00,Kansas State,TCU,Big 12,Big 12,41.0,3.0,False,True,Bill Snyder Family Stadium
401531896,2023,8,regular,2023-10-21 23:00:00,Arkansas State,Coastal Carolina,Sun Belt,Sun Belt,17.0,27.0,False,True,Centennial Bank Stadium
401540205,2023,8,regular,2023-10-21 23:00:00,North Alabama,Utah Tech,UAC,UAC,31.0,30.0,False,True,Braly Municipal Stadium
401532599,2023,8,regular,2023-10-21 23:00:00,UNLV,Colorado State,Mountain West,Mountain West,25.0,23.0,False,True,Allegiant Stadium
401531895,2023,8,regular,2023-10-21 23:00:00,Old Dominion,App State,Sun Belt,Sun Belt,28.0,21.0,False,True,S.B. Ballard Stadium
401541895,2023,8,regular,2023-10-21 23:00:00,Angelo State,UT Permian Basin,Lone Star,Lone Star,23.0,28.0,False,True,LeGrand Stadium at 1st Community Credit Union Field
401520335,2023,8,regular,2023-10-21 23:00:00,Auburn,Ole Miss,SEC,SEC,21.0,28.0,False,True,Jordan-Hare Stadium
401540216,2023,8,regular,2023-10-21 23:00:00,Tarleton State,Morehead State,UAC,Pioneer,42.0,0.0,False,False,"Memorial Stadium (Stephenville, TX)"
401541945,2023,8,regular,2023-10-21 23:00:00,Northeastern State,Central Oklahoma,Mid America,Mid America,21.0,37.0,False,True,Gable Field at Doc Wadley Stadium
401541844,2023,8,regular,2023-10-21 23:00:00,Mississippi College,Chowan,Gulf South,Gulf South,38.0,21.0,False,True,Robinson-Hale Stadium
401547011,2023,8,regular,2023-10-21 23:00:00,Limestone,Catawba,South Atlantic,South Atlantic,27.0,16.0,False,True,The Reservation
401545855,2023,8,regular,2023-10-21 23:00:00,Northern State,Wayne State (NE),Northern Sun,Northern Sun,28.0,26.0,False,True,Swisher Field
401550371,2023,8,regular,2023-10-21 23:00:00,Westminster (PA),Allegheny,Presidents',Presidents',27.0,17.0,False,True,Memorial Field (PA)
401550410,2023,8,regular,2023-10-21 23:00:00,Hendrix,Rhodes,Southern Athletic,Southern Athletic,50.0,49.0,False,True,Young-Wise Memorial Stadium
401550377,2023,8,regular,2023-10-21 23:00:00,Carnegie Mellon,Washington & Jefferson,Presidents',Presidents',35.0,14.0,False,True,Gesling Stadium
401540240,2023,8,regular,2023-10-21 23:00:00,Eastern Washington,Weber State,Big Sky,Big Sky,31.0,23.0,False,True,Roos Field
401550387,2023,8,regular,2023-10-21 23:00:00,Geneva,Bethany (WV),Presidents',Presidents',45.0,20.0,False,True,Reeves Field (PA)
401520339,2023,8,regular,2023-10-21 23:30:00,LSU,Army,SEC,FBS Independents,62.0,0.0,False,False,Tiger Stadium (LA)
401520340,2023,8,regular,2023-10-21 23:30:00,Michigan State,Michigan,Big Ten,Big Ten,0.0,49.0,False,True,Spartan Stadium
401525530,2023,8,regular,2023-10-21 23:30:00,Florida State,Duke,ACC,ACC,38.0,20.0,False,True,Doak Campbell Stadium
401524037,2023,8,regular,2023-10-22 00:00:00,USC,Utah,Pac-12,Pac-12,32.0,34.0,False,True,Los Angeles Memorial Coliseum
401525529,2023,8,regular,2023-10-22 00:00:00,Miami,Clemson,ACC,ACC,28.0,20.0,False,True,Hard Rock Stadium
401541902,2023,8,regular,2023-10-22 00:00:00,Eastern New Mexico,Texas A&M-Kingsville,Lone Star,Lone Star,14.0,35.0,False,True,Al Whitehead Field at Greyhound Stadium
401531897,2023,8,regular,2023-10-22 00:00:00,Louisiana,Georgia State,Sun Belt,Sun Belt,17.0,20.0,False,True,Cajun Field
401540231,2023,8,regular,2023-10-22 00:00:00,Cal Poly,Northern Colorado,Big Sky,Big Sky,24.0,17.0,False,True,Alex G. Spanos Stadium
401540152,2023,8,regular,2023-10-22 00:00:00,Texas Southern,Florida A&M,SWAC,SWAC,21.0,31.0,False,True,BBVA Compass Stadium
401540393,2023,8,regular,2023-10-22 00:00:00,McNeese,Incarnate Word,Southland,Southland,24.0,35.0,False,True,Cowboy Stadium
401540178,2023,8,regular,2023-10-22 00:00:00,Southern Utah,Austin Peay,UAC,UAC,45.0,48.0,False,True,Eccles Coliseum
401541772,2023,8,regular,2023-10-22 00:00:00,Oklahoma Baptist,Northwestern (OK),Great American,Great American,28.0,7.0,False,True,Crain Family Stadium
401541916,2023,8,regular,2023-10-22 01:00:00,Central Washington,West Texas,Lone Star,Lone Star,30.0,14.0,False,True,Tomlinson Stadium
401532601,2023,8,regular,2023-10-22 01:00:00,San Diego State,Nevada,Mountain West,Mountain West,0.0,6.0,False,True,Snapdragon Stadium
401550333,2023,8,regular,2023-10-22 02:00:00,Chapman,Cal Lutheran,So. Cal.,So. Cal.,38.0,10.0,False,True,Ernie Chapman Stadium
401550493,2023,8,regular,2023-10-22 02:00:00,George Fox,Willamette,Northwest,Northwest,63.0,10.0,False,True,Stoffer Family Stadium
401540270,2023,8,regular,2023-10-22 02:30:00,Sacramento State,Montana State,Big Sky,Big Sky,30.0,42.0,False,True,Hornet Stadium
401524036,2023,8,regular,2023-10-22 02:30:00,Stanford,UCLA,Pac-12,Pac-12,7.0,42.0,False,True,Stanford Stadium
401524038,2023,8,regular,2023-10-22 02:30:00,Washington,Arizona State,Pac-12,Pac-12,15.0,7.0,False,True,Husky Stadium
401520345,2023,9,regular,2023-10-24 23:00:00,Louisiana Tech,New Mexico State,Conference USA,Conference USA,24.0,27.0,False,True,Joe Aillet Stadium
401520346,2023,9,regular,2023-10-24 23:30:00,Western Kentucky,Liberty,Conference USA,Conference USA,29.0,42.0,False,True,Houchens Industries-L.T. Smith Stadium
401520347,2023,9,regular,2023-10-25 23:00:00,Florida International,Jacksonville State,Conference USA,Conference USA,16.0,41.0,False,True,FIU Stadium
401520348,2023,9,regular,2023-10-26 00:00:00,Sam Houston,UTEP,Conference USA,Conference USA,34.0,37.0,False,True,Elliott T. Bowers Stadium
401540008,2023,9,regular,2023-10-26 23:00:00,Central Connecticut,Long Island University,NEC,NEC,23.0,24.0,False,True,Arute Field
401547001,2023,9,regular,2023-10-26 23:00:00,Lincoln (MO),Eastern New Mexico,Independent DII,Lone Star,17.0,62.0,False,False,Dwight T. Reed Stadium
401541861,2023,9,regular,2023-10-26 23:00:00,Shorter,West Georgia,Gulf South,Gulf South,35.0,41.0,False,True,Barron Stadium
401541786,2023,9,regular,2023-10-26 23:00:00,Southern Nazarene,Ouachita Baptist,Great American,Great American,28.0,49.0,False,True,Southern Nazarene University Football Stadium
401525533,2023,9,regular,2023-10-26 23:30:00,Virginia Tech,Syracuse,ACC,ACC,38.0,10.0,False,True,Lane Stadium
401531929,2023,9,regular,2023-10-26 23:30:00,Georgia Southern,Georgia State,Sun Belt,Sun Belt,44.0,27.0,False,True,Allen E. Paulson Stadium
401539998,2023,9,regular,2023-10-26 23:30:00,North Carolina Central,South Carolina State,MEAC,MEAC,62.0,28.0,False,True,O'Kelly-Riddick Stadium
401540295,2023,9,regular,2023-10-27 23:00:00,Pennsylvania,Brown,Ivy,Ivy,26.0,30.0,False,True,Franklin Field
401531407,2023,9,regular,2023-10-27 23:30:00,Charlotte,Florida Atlantic,American Athletic,American Athletic,16.0,38.0,False,True,Jerry Richardson Stadium
401553026,2023,9,regular,2023-10-28 15:00:00,Hilbert,Lyon,North Coast,,27.0,43.0,True,False,St. Francis High School
401552464,2023,9,regular,2023-10-28 16:00:00,Anna Maria College,Gallaudet,ECFC,ECFC,50.0,7.0,False,True,Caparso Field
401553018,2023,9,regular,2023-10-28 16:00:00,Westfield State,Plymouth State,MSCAC,MSCAC,19.0,20.0,False,True,"Alumni Field (Westfield, MA)"
401541634,2023,9,regular,2023-10-28 16:00:00,Yale,Columbia,Ivy,Ivy,35.0,7.0,False,True,Yale Bowl
401547003,2023,9,regular,2023-10-28 16:00:00,Seton Hill,Edinboro,Pennsylvania State Athletic,Pennsylvania State Athletic,38.0,28.0,False,True,Offutt Field
401547201,2023,9,regular,2023-10-28 16:00:00,Husson,Endicott,Commonwealth Coast,Commonwealth Coast,13.0,23.0,False,True,Dr. John W. Winkin Sports Complex
401549621,2023,9,regular,2023-10-28 16:00:00,Rensselaer,Rochester (NY),Liberty League,Liberty League,49.0,10.0,False,True,ECAV Stadium
401540042,2023,9,regular,2023-10-28 16:00:00,Wagner,Stonehill,NEC,NEC,28.0,17.0,False,True,Wagner College Stadium
401550053,2023,9,regular,2023-10-28 16:00:00,St. John Fisher,Alfred,Empire 8,Empire 8,30.0,12.0,False,True,Growney Stadium
401549741,2023,9,regular,2023-10-28 16:00:00,MIT,Norwich,NEWMAC,NEWMAC,29.0,26.0,False,True,Henry G. Steinbrenner '27 Stadium
401531342,2023,9,regular,2023-10-28 16:00:00,SMU,Tulsa,American Athletic,American Athletic,69.0,10.0,False,True,Gerald J. Ford Stadium
401550082,2023,9,regular,2023-10-28 16:00:00,Curry,Nichols,Commonwealth Coast,Commonwealth Coast,48.0,46.0,False,True,Walter M. Katz Field
401550281,2023,9,regular,2023-10-28 16:00:00,Oberlin,Ohio Wesleyan,North Coast,North Coast,7.0,50.0,False,True,Austin E. Knowlton Athletics Complex
401547026,2023,9,regular,2023-10-28 16:00:00,Limestone,Newberry,South Atlantic,South Atlantic,28.0,24.0,False,True,The Reservation
401520349,2023,9,regular,2023-10-28 16:00:00,Army,Massachusetts,FBS Independents,FBS Independents,14.0,21.0,False,True,Michie Stadium
401553858,2023,9,regular,2023-10-28 16:00:00,Delaware Valley,Stevenson,Mid Atlantic,Mid Atlantic,21.0,14.0,False,True,Robert A. Lipinski Field at James Work Memorial Stadium
401551934,2023,9,regular,2023-10-28 16:00:00,Keystone,Catholic,Landmark Conference,Landmark Conference,14.0,26.0,False,True,Athletic Field Complex
401520356,2023,9,regular,2023-10-28 16:00:00,Northwestern,Maryland,Big Ten,Big Ten,33.0,27.0,False,True,Ryan Field
401550127,2023,9,regular,2023-10-28 16:00:00,Mass Maritime,Framingham State,MSCAC,MSCAC,3.0,28.0,False,True,Clean Harbors Stadium
401525536,2023,9,regular,2023-10-28 16:00:00,Wake Forest,Florida State,ACC,ACC,16.0,41.0,False,True,Allegacy Federal Credit Union Stadium
401520358,2023,9,regular,2023-10-28 16:00:00,Penn State,Indiana,Big Ten,Big Ten,33.0,24.0,False,True,Beaver Stadium
401545764,2023,9,regular,2023-10-28 16:00:00,Notre Dame College,Wheeling,Mountain East,Mountain East,28.0,25.0,False,True,Mueller Field
401525878,2023,9,regular,2023-10-28 16:00:00,UCF,West Virginia,Big 12,Big 12,28.0,41.0,False,True,FBC Mortgage Stadium
401520359,2023,9,regular,2023-10-28 16:00:00,Texas A&M,South Carolina,SEC,SEC,30.0,17.0,False,True,Kyle Field
401534855,2023,9,regular,2023-10-28 16:00:00,Delaware State,Howard,MEAC,MEAC,10.0,17.0,False,True,Alumni Stadium
401520351,2023,9,regular,2023-10-28 16:00:00,Boston College,UConn,ACC,FBS Independents,21.0,14.0,False,False,"Alumni Stadium (Chestnut Hill, MA)"
401525874,2023,9,regular,2023-10-28 16:00:00,Kansas,Oklahoma,Big 12,Big 12,38.0,33.0,False,True,Memorial Stadium
401550138,2023,9,regular,2023-10-28 16:00:00,Bridgewater State,UMass Dartmouth,MSCAC,MSCAC,14.0,34.0,False,True,Edward C. Swenson Athletic Complex
401541818,2023,9,regular,2023-10-28 16:00:00,Findlay,Ohio Dominican,Great Midwest Athletic,Great Midwest Athletic,24.0,3.0,False,True,Donnell Stadium
401540977,2023,9,regular,2023-10-28 16:00:00,Tiffin,Walsh,Great Midwest Athletic,Great Midwest Athletic,40.0,13.0,False,True,Frost-Kalnow Stadium
401545867,2023,9,regular,2023-10-28 16:00:00,California (PA),Mercyhurst,Pennsylvania State Athletic,Pennsylvania State Athletic,58.0,19.0,False,True,Adamson Stadium
401540806,2023,9,regular,2023-10-28 16:00:00,Davenport,Saginaw Valley State,GLIAC,GLIAC,24.0,21.0,False,True,Farmers Insurance Athletic Complex
401541090,2023,9,regular,2023-10-28 16:00:00,DePauw,Kenyon,North Coast,North Coast,58.0,7.0,False,True,Blackstock Stadium
401540497,2023,9,regular,2023-10-28 16:00:00,Robert Morris,Tennessee Tech,Big South,Big South-OVC,13.0,38.0,False,True,Joe Walton Stadium
401540016,2023,9,regular,2023-10-28 16:00:00,Sacred Heart,Duquesne,NEC,NEC,0.0,27.0,False,True,Campus Field
401525875,2023,9,regular,2023-10-28 16:00:00,Kansas State,Houston,Big 12,Big 12,41.0,0.0,False,True,Bill Snyder Family Stadium
401541108,2023,9,regular,2023-10-28 16:00:00,Springfield,Merchant Marine,NEWMAC,NEWMAC,21.0,14.0,False,True,Stagg Field
401549781,2023,9,regular,2023-10-28 16:30:00,Wisconsin La Crosse,Wisconsin Eau Claire,Wisconsin,Wisconsin,59.0,14.0,False,True,Veterans Memorial Stadium (WI)
401540063,2023,9,regular,2023-10-28 16:30:00,Georgetown,Lafayette,Patriot,Patriot,25.0,35.0,False,True,Cooper Field
401540674,2023,9,regular,2023-10-28 17:00:00,Bluefield State,Virginia Union,Independent DII,CIAA,12.0,57.0,False,False,Mitchell Stadium
401550338,2023,9,regular,2023-10-28 17:00:00,Guilford,Hampden Sydney,Old Dominion,Old Dominion,21.0,42.0,False,True,Armfield Athletic Center
401540504,2023,9,regular,2023-10-28 17:00:00,William & Mary,Monmouth,Coastal Athletic,Coastal Athletic,31.0,28.0,False,True,Zable Stadium
401540327,2023,9,regular,2023-10-28 17:00:00,Towson,Delaware,Coastal Athletic,CAA,13.0,51.0,False,True,Johnny Unitas Stadium
401540682,2023,9,regular,2023-10-28 17:00:00,Shaw,Fayetteville State,CIAA,CIAA,14.0,21.0,False,True,George Williams Athletic Complex
401540459,2023,9,regular,2023-10-28 17:00:00,Butler,Valparaiso,Pioneer,Pioneer,17.0,7.0,False,True,Butler Bowl
401550148,2023,9,regular,2023-10-28 17:00:00,Kalamazoo,Hope,Michigan,Michigan,17.0,63.0,False,True,Angell Field
401540532,2023,9,regular,2023-10-28 17:00:00,Rhode Island,New Hampshire,Coastal Athletic,Coastal Athletic,34.0,28.0,False,True,Meade Stadium
401545873,2023,9,regular,2023-10-28 17:00:00,Slippery Rock,Clarion,Pennsylvania State Athletic,Pennsylvania State Athletic,42.0,14.0,False,True,Mihalik-Thompson Stadium
401545768,2023,9,regular,2023-10-28 17:00:00,Alderson-Broaddus,West Liberty,Mountain East,Mountain East,0.0,0.0,False,True,Multi-Sport Performance Stadium
401540037,2023,9,regular,2023-10-28 17:00:00,Saint Francis,Merrimack,NEC,NEC,28.0,21.0,False,True,DeGol Field
401545739,2023,9,regular,2023-10-28 17:00:00,Fairmont State,West Virginia State,Mountain East,Mountain East,21.0,20.0,False,True,Duvall-Rosier Field
401540053,2023,9,regular,2023-10-28 17:00:00,Colgate,Bucknell,Patriot,Patriot,34.0,49.0,False,True,Andy Kerr Stadium
401540492,2023,9,regular,2023-10-28 17:00:00,Maine,UAlbany,Coastal Athletic,Coastal Athletic,21.0,37.0,False,True,Alfond Stadium
401545748,2023,9,regular,2023-10-28 17:00:00,Frostburg State,Charleston (WV),Mountain East,Mountain East,25.0,28.0,False,True,Bobcat Stadium (MD)
401540070,2023,9,regular,2023-10-28 17:00:00,Fordham,Holy Cross,Patriot,Patriot,47.0,49.0,False,True,Jack Coffey Field
401540106,2023,9,regular,2023-10-28 17:00:00,Illinois State,Northern Iowa,MVFC,MVFC,21.0,24.0,False,True,Hancock Stadium
401532431,2023,9,regular,2023-10-28 17:00:00,Eastern Michigan,Western Michigan,Mid-American,Mid-American,21.0,45.0,False,True,Rynearson Stadium
401540330,2023,9,regular,2023-10-28 17:00:00,Cornell,Princeton,Ivy,Ivy,3.0,14.0,False,True,Schoellkopf Field
401540517,2023,9,regular,2023-10-28 17:00:00,Drake,Stetson,Pioneer,Pioneer,33.0,7.0,False,True,Drake Stadium
401545824,2023,9,regular,2023-10-28 17:00:00,Concordia St. Paul,Northern State,Northern Sun,Northern Sun,20.0,14.0,False,True,Sea Foam Stadium
401552995,2023,9,regular,2023-10-28 17:00:00,Gettysburg,Dickinson,Centennial,Centennial,25.0,28.0,False,True,Shirk Field at Musselman Stadium
401553003,2023,9,regular,2023-10-28 17:00:00,Lycoming,Juniata,Landmark Conference,Landmark Conference,56.0,10.0,False,False,David Person Field
401550364,2023,9,regular,2023-10-28 17:00:00,Maryville (TN),Belhaven,USA South,USA South,20.0,7.0,False,True,Lloyd L. Thornton Stadium
401545840,2023,9,regular,2023-10-28 17:00:00,Minnesota St Moorhead,Winona State,Northern Sun,Northern Sun,20.0,17.0,False,True,Scheels Field at Nemzek Stadium
401553013,2023,9,regular,2023-10-28 17:00:00,Misericordia,Albright,Mid Atlantic,Mid Atlantic,38.0,9.0,False,True,Mangelsdorf Field
401547211,2023,9,regular,2023-10-28 17:00:00,New England,Western New England,Commonwealth Coast,Commonwealth Coast,7.0,42.0,False,True,Blue Storm Stadium
401545850,2023,9,regular,2023-10-28 17:00:00,University of Mary,Minot State,Northern Sun,Northern Sun,27.0,23.0,False,True,MDU Resources Community Bowl
401550871,2023,9,regular,2023-10-28 17:00:00,Salisbury,The College of New Jersey,New Jersey,New Jersey,27.0,36.0,False,True,Sea Gull Stadium
401550352,2023,9,regular,2023-10-28 17:00:00,Trinity (TX),Millsaps,Southern Athletic,Southern Athletic,63.0,0.0,False,True,Trinity University Stadium
401545797,2023,9,regular,2023-10-28 17:00:00,Saint Anselm,Pace,Northeast 10,Northeast 10,16.0,23.0,False,True,Grappone Stadium
401544122,2023,9,regular,2023-10-28 17:00:00,Saint Vincent,Westminster (PA),Presidents',Presidents',20.0,22.0,False,True,Chuck Noll Field
401541845,2023,9,regular,2023-10-28 17:00:00,Chowan,West Alabama,Gulf South,Gulf South,6.0,14.0,False,True,Garrison Stadium
401549719,2023,9,regular,2023-10-28 17:00:00,Bowdoin,Trinity (CT),NESCAC,NESCAC,,,False,True,Whittier Field
401550299,2023,9,regular,2023-10-28 17:00:00,Bates,Williams,NESCAC,NESCAC,,,False,True,Garcelon Field
401552878,2023,9,regular,2023-10-28 17:00:00,Colby,Middlebury,NESCAC,NESCAC,,,False,True,Seaverns Field At Harold Alfond Stadium
401550307,2023,9,regular,2023-10-28 17:00:00,Hamilton,Tufts,NESCAC,NESCAC,36.0,34.0,False,True,Steuben Field
401549825,2023,9,regular,2023-10-28 17:00:00,Moravian,Susquehanna,Landmark Conference,Landmark Conference,14.0,33.0,False,False,Rocco Calvo Field
401550394,2023,9,regular,2023-10-28 17:00:00,Grove City,Bethany (WV),Presidents',Presidents',56.0,14.0,False,True,Robert E. Thorn Field
401550115,2023,9,regular,2023-10-28 17:00:00,Lebanon Valley,Alvernia,Mid Atlantic,Mid Atlantic,34.0,26.0,False,True,Arnold Field (PA)
401549612,2023,9,regular,2023-10-28 17:00:00,Ithaca,Buffalo State,Liberty League,Liberty League,62.0,0.0,False,True,Butterfield Stadium
401545788,2023,9,regular,2023-10-28 17:00:00,New Haven,Assumption,Northeast 10,Northeast 10,25.0,14.0,False,True,Ralph F. DellaCamera Stadium
401544968,2023,9,regular,2023-10-28 17:00:00,Alma,Olivet,Michigan,Michigan,41.0,20.0,False,True,Bahlke Field
401544132,2023,9,regular,2023-10-28 17:00:00,Allegheny,Thiel,Presidents',Presidents',27.0,3.0,False,True,Frank B. Fuhrer Field
401549709,2023,9,regular,2023-10-28 17:00:00,Mars Hill,UVA Wise,South Atlantic,South Atlantic,49.0,18.0,False,True,Meares Stadium
401547018,2023,9,regular,2023-10-28 17:00:00,Erskine,Tusculum,South Atlantic,South Atlantic,14.0,52.0,False,True,J.W. Babb Stadium
401541117,2023,9,regular,2023-10-28 17:00:00,Randolph Macon,Washington and Lee,Old Dominion,Old Dominion,35.0,12.0,False,True,Day Field
401549792,2023,9,regular,2023-10-28 17:00:00,Southern Virginia,Greensboro,USA South,USA South,7.0,47.0,False,True,Knight Stadium
401552021,2023,9,regular,2023-10-28 17:00:00,Wesleyan (CT),Amherst,NESCAC,NESCAC,34.0,7.0,False,True,Corwin Stadium
401553866,2023,9,regular,2023-10-28 17:00:00,WPI,Salve Regina,NEWMAC,Commonwealth Coast,24.0,27.0,False,False,"Alumni Stadium (Worcester, MA)"
401541030,2023,9,regular,2023-10-28 17:00:00,Lock Haven,West Chester,Pennsylvania State Athletic,Pennsylvania State Athletic,27.0,42.0,False,True,Hubert Jack Stadium
401540799,2023,9,regular,2023-10-28 17:00:00,Northern Michigan,Wayne State (MI),GLIAC,GLIAC,17.0,41.0,False,True,Superior Dome
401550388,2023,9,regular,2023-10-28 17:00:00,Waynesburg,Geneva,Presidents',Presidents',29.0,43.0,False,True,John F. Wiley Stadium
401541808,2023,9,regular,2023-10-28 17:00:00,Ashland,Thomas More,Great Midwest Athletic,,28.0,20.0,False,False,Jack Miller Stadium
401550313,2023,9,regular,2023-10-28 17:00:00,Shenandoah,Averett,Old Dominion,Old Dominion,49.0,35.0,False,True,Shentel Stadium
401545817,2023,9,regular,2023-10-28 17:00:00,Minnesota Duluth,Bemidji State,Northern Sun,Northern Sun,31.0,38.0,False,True,James S. Malosky Stadium
401544933,2023,9,regular,2023-10-28 17:00:00,Central State,Lane College,SIAC,SIAC,17.0,14.0,False,True,McPherson Memorial Stadium
401552451,2023,9,regular,2023-10-28 17:00:00,Ursinus,McDaniel,Centennial,Centennial,49.0,6.0,False,True,Patterson Field
401540657,2023,9,regular,2023-10-28 17:00:00,Bowie State,Elizabeth City State,CIAA,CIAA,19.0,7.0,False,True,Bulldogs Stadium
401545806,2023,9,regular,2023-10-28 17:00:00,Wayne State (NE),Augustana (SD),Northern Sun,Northern Sun,14.0,12.0,False,True,"Memorial Stadium (Wayne, NE)"
401550290,2023,9,regular,2023-10-28 17:00:00,Wabash,Wittenberg,North Coast,North Coast,52.0,20.0,False,True,Little Giant Stadium
401550404,2023,9,regular,2023-10-28 17:00:00,Centre,Sewanee,Southern Athletic,Southern Athletic,54.0,22.0,False,True,Farris Stadium
401558981,2023,9,regular,2023-10-28 17:00:00,Franklin & Marshall,Kean,Centennial,New Jersey,40.0,14.0,False,False,Shadek Stadium
401553037,2023,9,regular,2023-10-28 17:00:00,Eastern,FDU Florham,Mid Atlantic,Mid Atlantic,19.0,24.0,True,True,Al Whitehead Field at Greyhound Stadium
401549585,2023,9,regular,2023-10-28 17:00:00,Hobart,St. Lawrence,Liberty League,Liberty League,35.0,0.0,False,True,Boswell Field at David J. Urick Stadium
401575335,2023,9,regular,2023-10-28 17:00:00,Post,Southern Connecticut State,Independent DII,Northeast 10,14.0,35.0,True,False,Municipal Stadium
401549749,2023,9,regular,2023-10-28 17:00:00,William Paterson,Christopher Newport,New Jersey,New Jersey,13.0,33.0,False,True,Wightman Stadium
401544141,2023,9,regular,2023-10-28 17:00:00,Berry,Hendrix,Southern Athletic,Southern Athletic,53.0,6.0,False,True,Valhalla Stadium
401541127,2023,9,regular,2023-10-28 17:00:00,Westminster (MO),Greenville,Upper Midwest,Upper Midwest,6.0,38.0,False,True,Blue Jay Stadium
401549696,2023,9,regular,2023-10-28 17:00:00,Ferris State,American International,GLIAC,Northeast 10,56.0,0.0,False,False,Top Taggart Field
401558402,2023,9,regular,2023-10-28 17:00:00,Widener,King's,Mid Atlantic,Mid Atlantic,31.0,14.0,False,True,Leslie C. Quick Jr. Stadium
401547045,2023,9,regular,2023-10-28 17:00:00,Albany State,Miles,SIAC,SIAC,48.0,7.0,False,True,Albany State University Coliseum
401545966,2023,9,regular,2023-10-28 17:05:00,East Stroudsburg,Shippensburg,Pennsylvania State Athletic,Pennsylvania State Athletic,41.0,17.0,False,True,Eiler-Martin Stadium
401553033,2023,9,regular,2023-10-28 17:30:00,Anderson (IN),Bluffton,Heartland,Heartland,7.0,45.0,False,True,Macholtz Stadium
401549758,2023,9,regular,2023-10-28 17:30:00,John Carroll,Muskingum,Ohio,Ohio,42.0,13.0,False,True,Don Shula Stadium at Wasmer Field
401553032,2023,9,regular,2023-10-28 17:30:00,Mount St Joseph,Franklin,Heartland,Heartland,55.0,0.0,False,True,Schueler Field
401550072,2023,9,regular,2023-10-28 17:30:00,Manchester,Defiance College,Heartland,Heartland,27.0,51.0,False,True,Carl W. Burt Memorial Stadium
401544995,2023,9,regular,2023-10-28 17:30:00,Heidelberg,Wilmington (OH),Ohio,Ohio,49.0,35.0,False,True,Hoernemann Stadium
401540588,2023,9,regular,2023-10-28 17:30:00,VMI,Chattanooga,Southern,Southern,23.0,24.0,False,True,Alumni Memorial Field
401540486,2023,9,regular,2023-10-28 17:30:00,Gardner-Webb,UT Martin,Big South-OVC,Big South-OVC,38.0,34.0,False,True,Ernest W. Spangler Stadium
401544112,2023,9,regular,2023-10-28 17:30:00,Mount Union,Otterbein,Ohio,Ohio,51.0,14.0,False,True,Mount Union Stadium
401550251,2023,9,regular,2023-10-28 17:30:00,Baldwin Wallace,Capital,Ohio,Ohio,59.0,35.0,False,True,George Finnie Stadium
401547219,2023,9,regular,2023-10-28 18:00:00,Carthage,Carroll (WI),CCIW,CCIW,30.0,27.0,False,True,Art Keller Field
401540303,2023,9,regular,2023-10-28 18:00:00,North Dakota,Indiana State,MVFC,MVFC,36.0,33.0,False,True,Alerus Center
401540351,2023,9,regular,2023-10-28 18:00:00,Youngstown State,Missouri State,MVFC,MVFC,44.0,28.0,False,True,Stambaugh Stadium
401544084,2023,9,regular,2023-10-28 18:00:00,Illinois College,Grinnell,Midwest,Midwest,93.0,0.0,False,True,England Stadium
401540576,2023,9,regular,2023-10-28 18:00:00,Villanova,Stony Brook,Coastal Athletic,Coastal Athletic,48.0,13.0,False,True,Villanova Stadium
401540419,2023,9,regular,2023-10-28 18:00:00,Hampton,North Carolina A&T,Coastal Athletic,Coastal Athletic,26.0,24.0,False,True,Armstrong Stadium
401540526,2023,9,regular,2023-10-28 18:00:00,St. Thomas (MN),Marist,Pioneer,Pioneer,49.0,14.0,False,True,O'Shaughnessy Stadium
401547000,2023,9,regular,2023-10-28 18:00:00,North Greenville,Mississippi College,Gulf South,Gulf South,34.0,10.0,False,True,Younts Stadium
401544924,2023,9,regular,2023-10-28 18:00:00,Wingate,Lenoir Rhyne,South Atlantic,South Atlantic,34.0,30.0,False,True,Irwin Belk Stadium
401550427,2023,9,regular,2023-10-28 18:00:00,Wisconsin Stout,Wisconsin River Falls,Wisconsin,Wisconsin,35.0,49.0,False,True,Don and Nona Williams Stadium
401550445,2023,9,regular,2023-10-28 18:00:00,Minnesota Morris,Crown,Upper Midwest,Upper Midwest,56.0,23.0,False,True,Big Cat Stadium
401550423,2023,9,regular,2023-10-28 18:00:00,Wisconsin Whitewater,Wisconsin Platteville,Wisconsin,Wisconsin,45.0,23.0,False,True,Perkins Stadium
401549703,2023,9,regular,2023-10-28 18:00:00,Bentley,Franklin Pierce,Northeast 10,Northeast 10,12.0,10.0,False,True,Bentley University Football Stadium
401525534,2023,9,regular,2023-10-28 18:00:00,NC State,Clemson,ACC,ACC,24.0,17.0,False,True,Carter-Finley Stadium
401549765,2023,9,regular,2023-10-28 18:00:00,Rhodes,Birmingham-Southern,Southern Athletic,Southern Athletic,34.0,8.0,False,True,Crain Field
401540734,2023,9,regular,2023-10-28 18:00:00,Missouri S&T,William Jewell,Great Lakes,Great Lakes,57.0,20.0,False,True,Allgood-Bailey Stadium
401540743,2023,9,regular,2023-10-28 18:00:00,Southwest Baptist,Truman State,Great Lakes,Great Lakes,20.0,17.0,False,True,Plaster Sports Complex
401547138,2023,9,regular,2023-10-28 18:00:00,McMurry,Austin,American Southwest,American Southwest,51.0,13.0,False,True,Wilford Moore Stadium
401544103,2023,9,regular,2023-10-28 18:00:00,Ohio Northern,Marietta,Ohio,Ohio,17.0,21.0,False,True,Dial-Roberson Stadium
401547173,2023,9,regular,2023-10-28 18:00:00,Hardin Simmons,Mary Hardin Baylor,American Southwest,American Southwest,24.0,14.0,False,True,Shelton Stadium
401547184,2023,9,regular,2023-10-28 18:00:00,East Texas Baptist,Sul Ross State,American Southwest,American Southwest,24.0,10.0,False,True,Ornelas Stadium
401549679,2023,9,regular,2023-10-28 18:00:00,Concordia Chicago,St. Norbert,NACC,NACC,7.0,56.0,False,True,Concordia Stadium
401547192,2023,9,regular,2023-10-28 18:00:00,Muhlenberg,Johns Hopkins,Centennial,Centennial,28.0,34.0,False,True,Scotty Wood Stadium
401550189,2023,9,regular,2023-10-28 18:00:00,Saint John's (MN),St. Scholastica,Minnesota,Minnesota,62.0,7.0,False,True,Clemens Stadium
401549688,2023,9,regular,2023-10-28 18:00:00,Rockford,Aurora,NACC,NACC,10.0,77.0,False,True,Sam Greeley Field
401547038,2023,9,regular,2023-10-28 18:00:00,Allen,Edward Waters,SIAC,SIAC,59.0,21.0,False,True,W.C. Hawkins Stadium
401549647,2023,9,regular,2023-10-28 18:00:00,Washington St. Louis,Elmhurst,CCIW,CCIW,66.0,0.0,False,True,Francis Field (MO)
401547066,2023,9,regular,2023-10-28 18:00:00,Fort Valley State,Virginia Lynchburg,SIAC,,37.0,26.0,False,False,Wildcat Stadium (GA)
401550182,2023,9,regular,2023-10-28 18:00:00,Hamline,Macalester,Minnesota,Minnesota,38.0,27.0,False,True,Klas Field
401550204,2023,9,regular,2023-10-28 18:00:00,Chicago,Lawrence,Midwest,Midwest,55.0,12.0,False,True,Amos Alonzo Stagg Field
401549727,2023,9,regular,2023-10-28 18:00:00,SUNY Maritime,Coast Guard,NEWMAC,NEWMAC,24.0,21.0,False,True,Reinhart Field
401550235,2023,9,regular,2023-10-28 18:00:00,Eureka,Concordia (WI),NACC,NACC,21.0,35.0,False,True,Pete FioRito Stadium at McKinzie Field
401544942,2023,9,regular,2023-10-28 18:00:00,Illinois Wesleyan,Augustana (IL),CCIW,CCIW,14.0,44.0,False,True,Tucci Stadium
401541020,2023,9,regular,2023-10-28 18:00:00,IU Pennsylvania,Gannon,Pennsylvania State Athletic,Pennsylvania State Athletic,15.0,16.0,False,True,George P. Miller Stadium
401547059,2023,9,regular,2023-10-28 18:00:00,Tuskegee,Clark Atlanta,SIAC,SIAC,14.0,3.0,False,True,Abbott Memorial Alumni Stadium
401541080,2023,9,regular,2023-10-28 18:00:00,Carleton,Bethel (MN),Minnesota,Minnesota,0.0,40.0,False,True,Laird Stadium
401545980,2023,9,regular,2023-10-28 18:00:00,Fort Lewis,Black Hills State,Rocky Mountain,Rocky Mountain,20.0,34.0,False,True,Ray Dennison Memorial Field
401547087,2023,9,regular,2023-10-28 18:00:00,Buena Vista,Loras,American Rivers,American Rivers,21.0,49.0,False,True,J. Leslie Rollins Stadium
401545986,2023,9,regular,2023-10-28 18:00:00,New Mexico Highlands,Chadron State,Rocky Mountain,Rocky Mountain,21.0,24.0,False,True,Sanchez Family Stadium
401540691,2023,9,regular,2023-10-28 18:00:00,Johnson C. Smith,Winston-Salem State,CIAA,CIAA,35.0,31.0,False,True,Irwin Belk Complex
401547104,2023,9,regular,2023-10-28 18:00:00,Coe,Luther,American Rivers,American Rivers,64.0,2.0,False,True,Clark Field
401545879,2023,9,regular,2023-10-28 18:00:00,Kutztown,Millersville,Pennsylvania State Athletic,Pennsylvania State Athletic,17.0,12.0,False,True,Andre Reed Stadium
401550159,2023,9,regular,2023-10-28 18:00:00,Augsburg,Concordia (MN),Minnesota,Minnesota,10.0,30.0,False,True,Edor Nelson Field
401545734,2023,9,regular,2023-10-28 18:00:00,Concord,West Virginia Wesleyan,Mountain East,Mountain East,38.0,9.0,False,True,Callaghan Stadium
401550177,2023,9,regular,2023-10-28 18:00:00,St. Olaf,Gustavus Adolphus,Minnesota,Minnesota,40.0,41.0,False,True,Klein Field at Manitou
401541987,2023,9,regular,2023-10-28 18:00:00,Washburn,Northwest Missouri State,Mid America,Mid America,31.0,52.0,False,True,Yager Stadium at Moore Bowl
401550217,2023,9,regular,2023-10-28 18:00:00,Knox,Cornell (IA),Midwest,Midwest,21.0,28.0,False,True,Harley Knosher Bowl
401541050,2023,9,regular,2023-10-28 18:00:00,Howard Payne,Texas Lutheran,American Southwest,American Southwest,31.0,27.0,False,True,Gordon Wood Stadium
401541946,2023,9,regular,2023-10-28 18:00:00,Fort Hays,Central Oklahoma,Mid America,Mid America,34.0,0.0,False,True,Lewis Field Stadium
401545997,2023,9,regular,2023-10-28 18:00:00,Colorado School of Mines,Western Colorado,Rocky Mountain,Rocky Mountain,42.0,7.0,False,True,Marv Kay Stadium at Campbell Field
401550045,2023,9,regular,2023-10-28 18:00:00,North Park,North Central College,CCIW,CCIW,0.0,56.0,False,True,Holmgren Athletic Complex
401549773,2023,9,regular,2023-10-28 18:00:00,Northwestern (MN),Martin Luther,Upper Midwest,Upper Midwest,21.0,14.0,False,True,Reynolds Field
401547070,2023,9,regular,2023-10-28 18:00:00,Morehouse,Kentucky State,SIAC,SIAC,21.0,23.0,False,True,B.T. Harvey Stadium
401544951,2023,9,regular,2023-10-28 18:00:00,Millikin,Wheaton (IL),CCIW,CCIW,0.0,75.0,False,True,Frank M. Lindsay Field
401544058,2023,9,regular,2023-10-28 18:00:00,Brockport,Utica,Empire 8,Empire 8,38.0,3.0,False,True,Bob Boozer Field
401541098,2023,9,regular,2023-10-28 18:00:00,Wooster,Hiram,North Coast,North Coast,47.0,14.0,False,True,John P. Papp Stadium
401550211,2023,9,regular,2023-10-28 18:00:00,Ripon,Monmouth (IL),Midwest,Midwest,3.0,45.0,False,True,Ingalls Field
401550093,2023,9,regular,2023-10-28 18:00:00,Rose Hulman,Hanover,Heartland,Heartland,44.0,39.0,False,True,Cook Stadium
401541971,2023,9,regular,2023-10-28 18:00:00,Missouri Western,Northeastern State,Mid America,Mid America,44.0,0.0,False,True,Craig Field at Spratt Memorial Stadium
401545845,2023,9,regular,2023-10-28 18:00:00,Minnesota State,Southwest Minnesota State,Northern Sun,Northern Sun,30.0,12.0,False,True,Blakeslee Stadium
401547097,2023,9,regular,2023-10-28 18:00:00,Wartburg,Central College,American Rivers,American Rivers,24.0,14.0,False,True,Walston-Hoover Stadium
401540665,2023,9,regular,2023-10-28 18:00:00,Virginia State,Lincoln (PA),CIAA,CIAA,75.0,25.0,False,True,Rogers Stadium (VA)
401549656,2023,9,regular,2023-10-28 18:00:00,Lake Forest,Beloit,Midwest,Midwest,41.0,0.0,False,True,Farwell Field
401550247,2023,9,regular,2023-10-28 18:00:00,Wisconsin Lutheran,Benedictine (IL),NACC,NACC,24.0,34.0,False,True,Warrior Field at Raabe Stadium
401541823,2023,9,regular,2023-10-28 18:00:00,Hillsdale,Lake Erie,Great Midwest Athletic,Great Midwest Athletic,52.0,21.0,False,True,"Frank ""Muddy"" Waters Stadium"
401550320,2023,9,regular,2023-10-28 18:00:00,Bridgewater,Ferrum,Old Dominion,Old Dominion,48.0,16.0,False,True,Jopson Athletic Complex
401541009,2023,9,regular,2023-10-28 18:00:00,Bloomsburg,Shepherd,Pennsylvania State Athletic,Pennsylvania State Athletic,14.0,10.0,False,True,Robert B. Redman Stadium
401539984,2023,9,regular,2023-10-28 18:00:00,Norfolk State,Morgan State,MEAC,MEAC,28.0,32.0,False,True,"William Dick"""" Price Stadium"""""
401540594,2023,9,regular,2023-10-28 18:00:00,Furman,East Tennessee State,Southern,Southern,16.0,8.0,False,True,Paladin Stadium
401540443,2023,9,regular,2023-10-28 18:00:00,South Dakota,South Dakota State,MVFC,MVFC,3.0,37.0,False,True,DakotaDome
401550059,2023,9,regular,2023-10-28 18:30:00,Hartwick,SUNY Cortland,Empire 8,Empire 8,7.0,73.0,False,True,Wright Stadium
401540613,2023,9,regular,2023-10-28 18:30:00,Western Carolina,Mercer,Southern,Southern,38.0,45.0,False,True,E. J. Whitmire Stadium
401541136,2023,9,regular,2023-10-28 18:35:00,Wisconsin Oshkosh,Wisconsin Stevens Point,Wisconsin,Wisconsin,66.0,28.0,False,True,J.J. Keller Field at Titan Stadium
401540262,2023,9,regular,2023-10-28 19:00:00,Montana,Northern Colorado,Big Sky,Big Sky,40.0,0.0,False,True,Washington-Grizzly Stadium
401541758,2023,9,regular,2023-10-28 19:00:00,Southeastern Oklahoma State,Harding,Great American,Great American,0.0,55.0,False,True,Paul Laird Field
401540145,2023,9,regular,2023-10-28 19:00:00,Grambling,Bethune-Cookman,SWAC,SWAC,28.0,14.0,False,True,Eddie Robinson Stadium
401541040,2023,9,regular,2023-10-28 19:00:00,Carson Newman,Emory & Henry,South Atlantic,South Atlantic,37.0,7.0,False,True,Burke-Tarr Stadium
401531430,2023,9,regular,2023-10-28 19:00:00,North Texas,Memphis,American Athletic,American Athletic,42.0,45.0,False,True,DATCU Stadium
401549815,2023,9,regular,2023-10-28 19:00:00,LaGrange,Brevard,USA South,USA South,20.0,30.0,False,True,Callaway Stadium
401540137,2023,9,regular,2023-10-28 19:00:00,Arkansas-Pine Bluff,Jackson State,SWAC,SWAC,14.0,40.0,False,True,Golden Lion Stadium
401540359,2023,9,regular,2023-10-28 19:00:00,Houston Christian,East Texas A&M,Southland,Southland,17.0,13.0,False,True,Husky Stadium
401540609,2023,9,regular,2023-10-28 19:00:00,Kennesaw State,Lincoln (CA),FCS Independents,,28.0,12.0,False,False,Fifth Third Stadium
401541765,2023,9,regular,2023-10-28 19:00:00,Henderson State,Northwestern (OK),Great American,Great American,51.0,0.0,False,True,Ruggles Field at Carpenter-Haygood Stadium
401540496,2023,9,regular,2023-10-28 19:00:00,Tennessee State,Lindenwood,Big South-OVC,Big South-OVC,43.0,20.0,False,True,Nissan Stadium
401544905,2023,9,regular,2023-10-28 19:00:00,Adams State,South Dakota Mines,Rocky Mountain,Rocky Mountain,9.0,63.0,False,True,Rex Stadium
401541936,2023,9,regular,2023-10-28 19:00:00,Missouri Southern State,Central Missouri,Mid America,Mid America,21.0,42.0,False,True,Fred G. Hughes Stadium
401547051,2023,9,regular,2023-10-28 19:00:00,Savannah State,Benedict,SIAC,SIAC,17.0,38.0,False,True,Ted Wright Stadium
401540725,2023,9,regular,2023-10-28 19:00:00,East Central,Arkansas Tech,Great American,Great American,16.0,18.0,False,True,Koi Ishto Stadium
401540998,2023,9,regular,2023-10-28 19:00:00,UNC Pembroke,Glenville State,Mountain East,Mountain East,49.0,0.0,False,True,Grace P. Johnson Stadium
401541793,2023,9,regular,2023-10-28 19:00:00,Southern Arkansas,Southwestern Oklahoma State,Great American,Great American,41.0,10.0,False,True,Wilkins Stadium
401541976,2023,9,regular,2023-10-28 19:00:00,Emporia State,Nebraska Kearney,Mid America,Mid America,39.0,17.0,False,True,Francis G. Welch Stadium
401540782,2023,9,regular,2023-10-28 19:00:00,Oklahoma Baptist,Arkansas Monticello,Great American,Great American,28.0,7.0,False,True,Crain Family Stadium
401545993,2023,9,regular,2023-10-28 19:00:00,CSU Pueblo,Colorado Mesa,Rocky Mountain,Rocky Mountain,59.0,20.0,False,True,Neta and Eddie DeRose ThunderBowl
401540129,2023,9,regular,2023-10-28 19:00:00,Alcorn State,Mississippi Valley State,SWAC,SWAC,24.0,3.0,False,True,Jack Spinks Stadium
401544880,2023,9,regular,2023-10-28 19:00:00,Pittsburg State,Sioux Falls,Mid America,Northern Sun,55.0,6.0,False,False,Carnie Smith Stadium
401540501,2023,9,regular,2023-10-28 19:00:00,Nicholls,Southeast Missouri State,Southland,Big South-OVC,31.0,35.0,False,False,Manning Field at John L. Guidry Stadium
401540620,2023,9,regular,2023-10-28 19:00:00,Samford,The Citadel,Southern,Southern,37.0,7.0,False,True,Seibert Stadium
401540772,2023,9,regular,2023-10-28 19:00:00,Grand Valley State,Michigan Tech,GLIAC,GLIAC,44.0,13.0,False,True,Lubbers Stadium
401540209,2023,9,regular,2023-10-28 19:00:00,Southern Utah,Abilene Christian,UAC,UAC,52.0,14.0,False,True,Eccles Coliseum
401544074,2023,9,regular,2023-10-28 19:00:00,Adrian,Albion,Michigan,Michigan,21.0,34.0,False,True,Docking Stadium
401520352,2023,9,regular,2023-10-28 19:30:00,Florida,Georgia,SEC,SEC,20.0,43.0,True,True,EverBank Stadium
401531398,2023,9,regular,2023-10-28 19:30:00,UTSA,East Carolina,American Athletic,American Athletic,41.0,27.0,False,True,Alamodome
401531898,2023,9,regular,2023-10-28 19:30:00,App State,Southern Miss,Sun Belt,Sun Belt,48.0,38.0,False,True,Kidd Brewer Stadium
401525440,2023,9,regular,2023-10-28 19:30:00,Notre Dame,Pittsburgh,FBS Independents,ACC,58.0,7.0,False,False,Notre Dame Stadium
401525535,2023,9,regular,2023-10-28 19:30:00,Louisville,Duke,ACC,ACC,23.0,0.0,False,True,L&N Federal Credit Union Stadium
401520350,2023,9,regular,2023-10-28 19:30:00,Auburn,Mississippi State,SEC,SEC,27.0,13.0,False,True,Jordan-Hare Stadium
401520355,2023,9,regular,2023-10-28 19:30:00,Nebraska,Purdue,Big Ten,Big Ten,31.0,14.0,False,True,"Memorial Stadium (Lincoln, NE)"
401520354,2023,9,regular,2023-10-28 19:30:00,Minnesota,Michigan State,Big Ten,Big Ten,27.0,12.0,False,True,Huntington Bank Stadium
401525873,2023,9,regular,2023-10-28 19:30:00,Baylor,Iowa State,Big 12,Big 12,18.0,30.0,False,True,McLane Stadium
401540111,2023,9,regular,2023-10-28 19:30:00,Alabama State,Alabama A&M,SWAC,SWAC,31.0,16.0,True,True,Legion Field
401525877,2023,9,regular,2023-10-28 19:30:00,Texas,BYU,Big 12,Big 12,35.0,6.0,False,True,DKR-Texas Memorial Stadium
401540366,2023,9,regular,2023-10-28 19:30:00,North Dakota State,Murray State,MVFC,MVFC,38.0,6.0,False,True,Fargodome
401525538,2023,9,regular,2023-10-28 19:30:00,Miami,Virginia,ACC,ACC,29.0,26.0,False,True,Hard Rock Stadium
401524044,2023,9,regular,2023-10-28 19:30:00,Utah,Oregon,Pac-12,Pac-12,6.0,35.0,False,True,Rice-Eccles Stadium
401532432,2023,9,regular,2023-10-28 19:30:00,Ohio,Miami (OH),Mid-American,Mid-American,16.0,30.0,False,True,Peden Stadium
401540317,2023,9,regular,2023-10-28 19:30:00,Richmond,Campbell,Coastal Athletic,Coastal Athletic,44.0,13.0,False,True,E. Claiborne Robins Stadium
401540179,2023,9,regular,2023-10-28 20:00:00,Austin Peay,North Alabama,UAC,UAC,49.0,39.0,False,True,Governors Stadium
401544093,2023,9,regular,2023-10-28 20:00:00,Lewis & Clark,Whitworth,Northwest,Northwest,21.0,63.0,False,True,Griswold Stadium
401540449,2023,9,regular,2023-10-28 20:00:00,Western Illinois,Southern Illinois,MVFC,MVFC,0.0,63.0,False,True,Hanson Field
401540426,2023,9,regular,2023-10-28 20:00:00,Charleston Southern,Bryant,Big South-OVC,Big South-OVC,24.0,47.0,False,True,Buccaneer Field
401540715,2023,9,regular,2023-10-28 20:00:00,Quincy,McKendree,Great Lakes,Great Lakes,34.0,41.0,False,True,QU Stadium
401540153,2023,9,regular,2023-10-28 20:00:00,Florida A&M,Prairie View A&M,SWAC,SWAC,45.0,7.0,False,True,Bragg Memorial Stadium
401540339,2023,9,regular,2023-10-28 20:00:00,Harvard,Dartmouth,Ivy,Ivy,17.0,9.0,False,True,Harvard Stadium
401550468,2023,9,regular,2023-10-28 20:00:00,Linfield,Pacific (OR),Northwest,Northwest,42.0,27.0,False,True,Maxwell Field
401552869,2023,9,regular,2023-10-28 20:00:00,Livingstone,St. Augustine's,CIAA,CIAA,34.0,14.0,False,True,Alumni Memorial Stadium (NC)
401553006,2023,9,regular,2023-10-28 20:00:00,Willamette,Puget Sound,Northwest,Northwest,21.0,40.0,False,True,McCulloch Stadium
401540247,2023,9,regular,2023-10-28 20:00:00,Idaho,Montana State,Big Sky,Big Sky,24.0,21.0,False,True,Kibbie Dome
401540241,2023,9,regular,2023-10-28 20:00:00,Portland State,Eastern Washington,Big Sky,Big Sky,47.0,35.0,False,True,Hillsboro Stadium
401540276,2023,9,regular,2023-10-28 20:00:00,Northern Arizona,UC Davis,Big Sky,Big Sky,38.0,21.0,False,True,Walkup Skydome
401540379,2023,9,regular,2023-10-28 20:00:00,Lamar,Incarnate Word,Southland,Southland,7.0,17.0,False,True,Provost Umphrey Stadium
401544914,2023,9,regular,2023-10-28 20:00:00,Catawba,Barton,South Atlantic,South Atlantic,32.0,27.0,False,True,Shuford Stadium
401550334,2023,9,regular,2023-10-28 20:00:00,Claremont Mudd Scripps,Chapman,So. Cal.,So. Cal.,10.0,14.0,False,True,Fritz B. Burns Stadium
401541869,2023,9,regular,2023-10-28 20:00:00,West Florida,Valdosta State,Gulf South,Gulf South,28.0,31.0,True,True,Blue Wahoos Stadium
401531373,2023,9,regular,2023-10-28 20:00:00,Rice,Tulane,American Athletic,American Athletic,28.0,30.0,False,True,Rice Stadium
401524041,2023,9,regular,2023-10-28 20:00:00,California,USC,Pac-12,Pac-12,49.0,50.0,False,True,California Memorial Stadium
401550065,2023,9,regular,2023-10-28 20:00:00,Vermont State Castleton,Dean,ECFC,ECFC,18.0,19.0,False,True,Dave Wolk Stadium
401547112,2023,9,regular,2023-10-28 21:00:00,Simpson (IA),Dubuque,American Rivers,American Rivers,21.0,45.0,False,True,Bill Buxton Stadium
401531902,2023,9,regular,2023-10-28 21:00:00,South Alabama,Louisiana,Sun Belt,Sun Belt,20.0,33.0,False,True,Hancock Whitney Stadium
401540171,2023,9,regular,2023-10-28 21:00:00,Southern,Texas Southern,SWAC,SWAC,23.0,17.0,False,True,Ace W. Mumford Stadium
401531901,2023,9,regular,2023-10-28 21:00:00,UL Monroe,Arkansas State,Sun Belt,Sun Belt,24.0,34.0,False,True,Malone Stadium
401540550,2023,9,regular,2023-10-28 21:00:00,San Diego,Morehead State,Pioneer,Pioneer,17.0,11.0,False,True,Torero Stadium
401540189,2023,9,regular,2023-10-28 21:00:00,Central Arkansas,Tarleton State,UAC,UAC,23.0,25.0,False,True,Estes Stadium
401550198,2023,9,regular,2023-10-28 21:00:00,Montclair State,Rowan,New Jersey,New Jersey,14.0,21.0,False,True,Sprague Field
401532607,2023,9,regular,2023-10-28 21:30:00,Boise State,Wyoming,Mountain West,Mountain West,32.0,7.0,False,True,Albertsons Stadium
401531899,2023,9,regular,2023-10-28 22:00:00,Coastal Carolina,Marshall,Sun Belt,Sun Belt,34.0,6.0,False,True,Brooks Stadium (SC)
401550385,2023,9,regular,2023-10-28 22:00:00,Washington & Jefferson,Case Western Reserve,Presidents',Presidents',38.0,33.0,False,True,Cameron Stadium
401540705,2023,9,regular,2023-10-28 22:00:00,Indianapolis,Upper Iowa,Great Lakes,Northern Sun,35.0,7.0,False,False,Key Stadium
401549808,2023,9,regular,2023-10-28 22:00:00,Methodist,North Carolina Wesleyan,USA South,USA South,3.0,27.0,False,True,Monarch Stadium
401550494,2023,9,regular,2023-10-28 23:00:00,George Fox,Pacific Lutheran,Northwest,Northwest,35.0,25.0,False,True,Stoffer Family Stadium
401540403,2023,9,regular,2023-10-28 23:00:00,Davidson,Presbyterian,Pioneer,Pioneer,45.0,28.0,False,True,Richardson Stadium
401541831,2023,9,regular,2023-10-28 23:00:00,Kentucky Wesleyan,Northwood,Great Midwest Athletic,Great Midwest Athletic,13.0,28.0,False,True,Steele Stadium
401541909,2023,9,regular,2023-10-28 23:00:00,UT Permian Basin,Western Oregon,Lone Star,Lone Star,28.0,16.0,False,True,Ratliff Stadium
401520353,2023,9,regular,2023-10-28 23:00:00,Kentucky,Tennessee,SEC,SEC,27.0,33.0,False,True,Kroger Field
401532603,2023,9,regular,2023-10-28 23:00:00,Colorado State,Air Force,Mountain West,Mountain West,13.0,30.0,False,True,Canvas Stadium
401524042,2023,9,regular,2023-10-28 23:00:00,Stanford,Washington,Pac-12,Pac-12,33.0,42.0,False,True,Stanford Stadium
401531903,2023,9,regular,2023-10-28 23:00:00,Texas State,Troy,Sun Belt,Sun Belt,13.0,31.0,False,True,Bobcat Stadium (TX)
401520360,2023,9,regular,2023-10-28 23:30:00,Wisconsin,Ohio State,Big Ten,Big Ten,10.0,24.0,False,True,Camp Randall Stadium
401520357,2023,9,regular,2023-10-28 23:30:00,Ole Miss,Vanderbilt,SEC,SEC,33.0,7.0,False,True,Vaught-Hemingway Stadium
401524043,2023,9,regular,2023-10-28 23:30:00,UCLA,Colorado,Pac-12,Pac-12,28.0,16.0,False,True,Rose Bowl
401525537,2023,9,regular,2023-10-29 00:00:00,Georgia Tech,North Carolina,ACC,ACC,46.0,42.0,False,True,Bobby Dodd Stadium
401540987,2023,9,regular,2023-10-29 00:00:00,Midwestern State,Western New Mexico,Lone Star,Lone Star,56.0,7.0,False,True,"Memorial Stadium (Wichita Falls, TX)"
401540197,2023,9,regular,2023-10-29 00:00:00,Utah Tech,Eastern Kentucky,UAC,UAC,30.0,34.0,False,True,Greater Zion Stadium
401540394,2023,9,regular,2023-10-29 00:00:00,McNeese,Northwestern State,Southland,Southland,1.0,0.0,False,True,Cowboy Stadium
401531900,2023,9,regular,2023-10-29 00:00:00,James Madison,Old Dominion,Sun Belt,Sun Belt,30.0,27.0,False,True,Bridgeforth Stadium
401541903,2023,9,regular,2023-10-29 00:00:00,Texas A&M-Kingsville,Central Washington,Lone Star,Lone Star,17.0,21.0,False,True,Javelina Stadium
401525876,2023,9,regular,2023-10-29 00:00:00,Oklahoma State,Cincinnati,Big 12,Big 12,45.0,13.0,False,True,Boone Pickens Stadium
401541896,2023,9,regular,2023-10-29 00:00:00,West Texas,Angelo State,Lone Star,Lone Star,10.0,27.0,False,True,Buffalo Stadium
401524040,2023,9,regular,2023-10-29 00:00:00,Arizona State,Washington State,Pac-12,Pac-12,38.0,27.0,False,True,Mountain America Stadium
401540255,2023,9,regular,2023-10-29 01:00:00,Sacramento State,Idaho State,Big Sky,Big Sky,51.0,16.0,False,True,Hornet Stadium
401544151,2023,9,regular,2023-10-29 02:00:00,Redlands,La Verne,So. Cal.,So. Cal.,40.0,12.0,False,True,Ted Runner Stadium
401552873,2023,9,regular,2023-10-29 02:00:00,Cal Lutheran,Pomona Pitzer,So. Cal.,So. Cal.,24.0,38.0,False,True,William Rolland Stadium
401532606,2023,9,regular,2023-10-29 02:30:00,Fresno State,UNLV,Mountain West,Mountain West,31.0,24.0,False,True,Valley Children's Stadium
401532604,2023,9,regular,2023-10-29 02:30:00,Nevada,New Mexico,Mountain West,Mountain West,34.0,24.0,False,True,Mackay Stadium
401524039,2023,9,regular,2023-10-29 02:30:00,Arizona,Oregon State,Pac-12,Pac-12,27.0,24.0,False,True,Arizona Stadium
401532605,2023,9,regular,2023-10-29 03:59:00,Hawai'i,San José State,Mountain West,Mountain West,0.0,35.0,False,True,Clarence T.C. Ching Athletics Complex
401552482,2023,9,regular,2023-10-30 19:00:00,Worcester State,Western Connecticut State,MSCAC,MSCAC,10.0,58.0,False,True,John Coughlin Memorial Field
401532433,2023,10,regular,2023-10-31 23:00:00,Central Michigan,Northern Illinois,Mid-American,Mid-American,37.0,31.0,False,True,Kelly/Shorts Stadium
401532434,2023,10,regular,2023-10-31 23:30:00,Toledo,Buffalo,Mid-American,Mid-American,31.0,13.0,False,True,Glass Bowl
401532435,2023,10,regular,2023-11-01 23:00:00,Bowling Green,Ball State,Mid-American,Mid-American,24.0,21.0,False,True,Doyt L. Perry Stadium
401532436,2023,10,regular,2023-11-01 23:30:00,Akron,Kent State,Mid-American,Mid-American,31.0,27.0,False,True,InfoCision Stadium
401525879,2023,10,regular,2023-11-02 23:00:00,Texas Tech,TCU,Big 12,Big 12,35.0,28.0,False,True,Jones AT&T Stadium
401545769,2023,10,regular,2023-11-02 23:00:00,Charleston (WV),West Liberty,Mountain East,Mountain East,42.0,17.0,False,True,University of Charleston Stadium
401531904,2023,10,regular,2023-11-02 23:30:00,Troy,South Alabama,Sun Belt,Sun Belt,28.0,10.0,False,True,Veterans Memorial Stadium (AL)
401540146,2023,10,regular,2023-11-02 23:30:00,Bethune-Cookman,Mississippi Valley State,SWAC,SWAC,20.0,7.0,False,True,Municipal Stadium
401525539,2023,10,regular,2023-11-02 23:30:00,Duke,Wake Forest,ACC,ACC,24.0,21.0,False,True,Wallace Wade Stadium
401540340,2023,10,regular,2023-11-03 23:00:00,Dartmouth,Princeton,Ivy,Ivy,23.0,21.0,False,True,Memorial Field
401525540,2023,10,regular,2023-11-03 23:30:00,Syracuse,Boston College,ACC,ACC,10.0,17.0,False,True,JMA Wireless Dome
401532609,2023,10,regular,2023-11-04 00:00:00,Wyoming,Colorado State,Mountain West,Mountain West,24.0,15.0,False,True,War Memorial Stadium
401520365,2023,10,regular,2023-11-04 16:00:00,Indiana,Wisconsin,Big Ten,Big Ten,20.0,14.0,False,True,"Memorial Stadium (Bloomington, IN)"
401540557,2023,10,regular,2023-11-04 16:00:00,Presbyterian,San Diego,Pioneer,Pioneer,13.0,23.0,False,True,Bailey Memorial Stadium
401540518,2023,10,regular,2023-11-04 16:00:00,Marist,Drake,Pioneer,Pioneer,3.0,10.0,False,True,Leonidoff Field
401550128,2023,10,regular,2023-11-04 16:00:00,Plymouth State,Mass Maritime,MSCAC,MSCAC,31.0,21.0,False,True,Charles L. Currier Memorial Field
401520376,2023,10,regular,2023-11-04 16:00:00,South Carolina,Jacksonville State,SEC,Conference USA,38.0,28.0,False,False,Williams-Brice Stadium
401540296,2023,10,regular,2023-11-04 16:00:00,Brown,Yale,Ivy,Ivy,17.0,36.0,False,True,Brown Stadium
401540071,2023,10,regular,2023-11-04 16:00:00,Lehigh,Holy Cross,Patriot,Patriot,24.0,28.0,False,True,Goodman Stadium
401540017,2023,10,regular,2023-11-04 16:00:00,Wagner,Duquesne,NEC,NEC,26.0,34.0,False,True,Wagner College Stadium
401525545,2023,10,regular,2023-11-04 16:00:00,North Carolina,Campbell,ACC,Coastal Athletic,59.0,7.0,False,False,Kenan Stadium
401545798,2023,10,regular,2023-11-04 16:00:00,Saint Anselm,Franklin Pierce,Northeast 10,Northeast 10,24.0,17.0,False,True,Grappone Stadium
401540024,2023,10,regular,2023-11-04 16:00:00,Saint Francis,Long Island University,NEC,NEC,28.0,29.0,False,True,DeGol Field
401541010,2023,10,regular,2023-11-04 16:00:00,Millersville,Bloomsburg,Pennsylvania State Athletic,Pennsylvania State Athletic,31.0,34.0,False,True,Chryst Field at Biemesderfer Stadium
401541824,2023,10,regular,2023-11-04 16:00:00,Walsh,Hillsdale,Great Midwest Athletic,Great Midwest Athletic,3.0,28.0,False,True,Tom Benson Hall of Fame Stadium
401544067,2023,10,regular,2023-11-04 16:00:00,Lebanon Valley,FDU Florham,Mid Atlantic,Mid Atlantic,21.0,28.0,False,True,Arnold Field (PA)
401550270,2023,10,regular,2023-11-04 16:00:00,Hiram,Wabash,North Coast,North Coast,13.0,52.0,False,True,Charles A. Henry Field
401545774,2023,10,regular,2023-11-04 16:00:00,Wheeling,West Virginia State,Mountain East,Mountain East,29.0,22.0,False,True,Bishop Schmitt Field
401546994,2023,10,regular,2023-11-04 16:00:00,Davenport,Ferris State,GLIAC,GLIAC,10.0,28.0,False,True,Farmers Insurance Athletic Complex
401544897,2023,10,regular,2023-11-04 16:00:00,Clarion,IU Pennsylvania,Pennsylvania State Athletic,Pennsylvania State Athletic,27.0,39.0,False,True,"Memorial Stadium (Clarion, PA)"
401541021,2023,10,regular,2023-11-04 16:00:00,Gannon,California (PA),Pennsylvania State Athletic,Pennsylvania State Athletic,17.0,34.0,False,True,McConnell Family Stadium
401545789,2023,10,regular,2023-11-04 16:00:00,Bentley,Assumption,Northeast 10,Northeast 10,31.0,6.0,False,True,Bentley University Football Stadium
401545970,2023,10,regular,2023-11-04 16:00:00,Edinboro,Slippery Rock,Pennsylvania State Athletic,Pennsylvania State Athletic,18.0,56.0,False,True,Sox Harrison Stadium
401550060,2023,10,regular,2023-11-04 16:00:00,SUNY Cortland,Brockport,Empire 8,Empire 8,41.0,17.0,False,True,Stadium Red Field
401541109,2023,10,regular,2023-11-04 16:00:00,Norwich,Springfield,NEWMAC,NEWMAC,7.0,58.0,False,True,Sabine Field at Haynes Family Stadium
401552472,2023,10,regular,2023-11-04 16:00:00,Framingham State,Bridgewater State,MSCAC,MSCAC,7.0,21.0,False,True,Bowditch Field
401541041,2023,10,regular,2023-11-04 16:00:00,UVA Wise,Carson Newman,South Atlantic,South Atlantic,7.0,52.0,False,True,Carl Smith Stadium
401553859,2023,10,regular,2023-11-04 16:00:00,Stevenson,King's,Mid Atlantic,Mid Atlantic,8.0,16.0,False,True,Mustang Stadium
401550872,2023,10,regular,2023-11-04 16:00:00,The College of New Jersey,William Paterson,New Jersey,New Jersey,31.0,14.0,False,True,Lions Stadium
401540009,2023,10,regular,2023-11-04 16:00:00,Sacred Heart,Central Connecticut,NEC,NEC,31.0,24.0,False,True,Campus Field
401520375,2023,10,regular,2023-11-04 16:00:00,Rutgers,Ohio State,Big Ten,Big Ten,16.0,35.0,False,True,SHI Stadium
401525441,2023,10,regular,2023-11-04 16:00:00,Clemson,Notre Dame,ACC,FBS Independents,31.0,23.0,False,False,"Memorial Stadium (Clemson, SC)"
401545895,2023,10,regular,2023-11-04 16:00:00,Shepherd,East Stroudsburg,Pennsylvania State Athletic,Pennsylvania State Athletic,44.0,17.0,False,True,Ram Stadium (WV)
401545880,2023,10,regular,2023-11-04 16:00:00,West Chester,Kutztown,Pennsylvania State Athletic,Pennsylvania State Athletic,17.0,27.0,False,True,John A. Farrell Stadium
401552548,2023,10,regular,2023-11-04 16:00:00,American International,Post,Northeast 10,Independent DII,41.0,17.0,False,False,Ronald J. Abdow Field
401552477,2023,10,regular,2023-11-04 16:00:00,Fitchburg State,Western Connecticut State,MSCAC,MSCAC,0.0,54.0,False,True,Elliot Field Athletic Complex
401550066,2023,10,regular,2023-11-04 16:00:00,Alfred State,Vermont State Castleton,ECFC,ECFC,44.0,8.0,False,True,Pioneer Stadium
401552465,2023,10,regular,2023-11-04 16:00:00,Gallaudet,Dean,ECFC,ECFC,38.0,16.0,False,True,Hotchkiss Field
401520363,2023,10,regular,2023-11-04 16:00:00,Florida,Arkansas,SEC,SEC,36.0,39.0,False,True,Ben Hill Griffin Stadium
401553023,2023,10,regular,2023-11-04 16:00:00,Wilkes,Catholic,Landmark Conference,Landmark Conference,35.0,40.0,False,False,Schmidt Stadium
401552883,2023,10,regular,2023-11-04 16:00:00,Westfield State,Worcester State,MSCAC,MSCAC,30.0,12.0,False,True,"Alumni Field (Westfield, MA)"
401525884,2023,10,regular,2023-11-04 16:00:00,Texas,Kansas State,Big 12,Big 12,33.0,30.0,False,True,DKR-Texas Memorial Stadium
401550083,2023,10,regular,2023-11-04 16:00:00,Endicott,Curry,Commonwealth Coast,Commonwealth Coast,48.0,6.0,False,True,Hempstead Stadium
401551935,2023,10,regular,2023-11-04 16:00:00,Juniata,Keystone,Landmark Conference,Landmark Conference,35.0,42.0,False,False,Knox Stadium
401520374,2023,10,regular,2023-11-04 16:00:00,Ole Miss,Texas A&M,SEC,SEC,38.0,35.0,False,True,Vaught-Hemingway Stadium
401520377,2023,10,regular,2023-11-04 16:00:00,Tennessee,UConn,SEC,FBS Independents,59.0,3.0,False,False,Neyland Stadium
401520369,2023,10,regular,2023-11-04 16:00:00,Michigan State,Nebraska,Big Ten,Big Ten,20.0,17.0,False,True,Spartan Stadium
401550369,2023,10,regular,2023-11-04 16:00:00,North Carolina Wesleyan,Maryville (TN),USA South,USA South,14.0,49.0,False,True,Bishop Stadium
401550105,2023,10,regular,2023-11-04 16:00:00,Lycoming,Moravian,Landmark Conference,Landmark Conference,31.0,20.0,False,True,David Person Field
401550308,2023,10,regular,2023-11-04 16:30:00,Hamilton,Middlebury,NESCAC,NESCAC,7.0,41.0,False,True,Steuben Field
401540075,2023,10,regular,2023-11-04 16:30:00,Lafayette,Colgate,Patriot,Patriot,34.0,37.0,False,True,Fisher Field
401540343,2023,10,regular,2023-11-04 16:30:00,Columbia,Harvard,Ivy,Ivy,24.0,38.0,False,True,Lawrence A. Wien Stadium
401544969,2023,10,regular,2023-11-04 17:00:00,Olivet,Albion,Michigan,Michigan,7.0,35.0,False,True,Cutler Field
401550458,2023,10,regular,2023-11-04 17:00:00,Northwestern (MN),Westminster (MO),Upper Midwest,Upper Midwest,36.0,18.0,False,True,Reynolds Field
401540331,2023,10,regular,2023-11-04 17:00:00,Pennsylvania,Cornell,Ivy,Ivy,23.0,8.0,False,True,Franklin Field
401552025,2023,10,regular,2023-11-04 17:00:00,Tufts,Colby,NESCAC,NESCAC,38.0,0.0,False,True,Ellis Oval at Zimman Field
401550365,2023,10,regular,2023-11-04 17:00:00,Southern Virginia,Belhaven,USA South,USA South,7.0,61.0,False,True,Knight Stadium
401540999,2023,10,regular,2023-11-04 17:00:00,Alderson-Broaddus,UNC Pembroke,Mountain East,Mountain East,0.0,0.0,False,True,Multi-Sport Performance Stadium
401540054,2023,10,regular,2023-11-04 17:00:00,Fordham,Bucknell,Patriot,Patriot,27.0,21.0,False,True,Jack Coffey Field
401544123,2023,10,regular,2023-11-04 17:00:00,Saint Vincent,Thiel,Presidents',Presidents',27.0,30.0,False,True,Chuck Noll Field
401544925,2023,10,regular,2023-11-04 17:00:00,Newberry,Wingate,South Atlantic,South Atlantic,17.0,21.0,False,True,Setzler Field
401552452,2023,10,regular,2023-11-04 17:00:00,Gettysburg,Ursinus,Centennial,Centennial,35.0,48.0,False,True,Shirk Field at Musselman Stadium
401541809,2023,10,regular,2023-11-04 17:00:00,Ashland,Findlay,Great Midwest Athletic,Great Midwest Athletic,37.0,35.0,False,True,Jack Miller Stadium
401540420,2023,10,regular,2023-11-04 17:00:00,Maine,Hampton,Coastal Athletic,Coastal Athletic,35.0,42.0,False,True,Alfond Stadium
401540546,2023,10,regular,2023-11-04 17:00:00,North Carolina A&T,Towson,Coastal Athletic,Coastal Athletic,32.0,42.0,False,True,Aggie Stadium
401550353,2023,10,regular,2023-11-04 17:00:00,Sewanee,Trinity (TX),Southern Athletic,Southern Athletic,6.0,44.0,False,True,Hardee-McGee Field
401550399,2023,10,regular,2023-11-04 17:00:00,Bethany (WV),Waynesburg,Presidents',Presidents',26.0,35.0,False,True,Bison Stadium
401553014,2023,10,regular,2023-11-04 17:00:00,Alvernia,Albright,Mid Atlantic,Mid Atlantic,28.0,16.0,False,True,Turf Field
401545750,2023,10,regular,2023-11-04 17:00:00,Frostburg State,Glenville State,Mountain East,Mountain East,10.0,13.0,False,True,Bobcat Stadium (MD)
401540505,2023,10,regular,2023-11-04 17:00:00,Monmouth,Stony Brook,Coastal Athletic,Coastal Athletic,56.0,17.0,False,True,Kessler Stadium
401554821,2023,10,regular,2023-11-04 17:00:00,Misericordia,Delaware Valley,Mid Atlantic,Mid Atlantic,6.0,28.0,False,True,Mangelsdorf Field
401540533,2023,10,regular,2023-11-04 17:00:00,New Hampshire,Villanova,Coastal Athletic,Coastal Athletic,33.0,45.0,False,True,Wildcat Stadium
401545765,2023,10,regular,2023-11-04 17:00:00,Concord,Notre Dame College,Mountain East,Mountain East,14.0,24.0,False,True,Callaghan Stadium
401552016,2023,10,regular,2023-11-04 17:00:00,Williams,Wesleyan (CT),NESCAC,NESCAC,22.0,30.0,False,True,Farley-Lamb Field
401553971,2023,10,regular,2023-11-04 17:00:00,Northwood,Thomas More,Great Midwest Athletic,,24.0,20.0,False,False,Hantz Stadium
401540595,2023,10,regular,2023-11-04 17:00:00,East Tennessee State,VMI,Southern,Southern,24.0,31.0,False,True,William B. Greene Jr. Stadium
401551496,2023,10,regular,2023-11-04 17:00:00,Pace,New Haven,Northeast 10,Northeast 10,14.0,17.0,False,True,Pace Stadium
401558750,2023,10,regular,2023-11-04 17:00:00,Widener,Eastern,Mid Atlantic,Mid Atlantic,42.0,10.0,False,True,Leslie C. Quick Jr. Stadium
401541977,2023,10,regular,2023-11-04 17:00:00,Nebraska Kearney,Lincoln (MO),Mid America,Independent DII,38.0,6.0,False,False,Ron & Carol Cope Stadium at Foster Field
401540427,2023,10,regular,2023-11-04 17:00:00,Bryant,Gardner-Webb,Big South-OVC,Big South-OVC,44.0,45.0,False,True,Bulldog Stadium
401540404,2023,10,regular,2023-11-04 17:00:00,Stetson,Davidson,Pioneer,Pioneer,41.0,61.0,False,True,Spec Martin Municipal Stadium
401540328,2023,10,regular,2023-11-04 17:00:00,Delaware,Elon,CAA,Coastal Athletic,27.0,33.0,False,True,Delaware Stadium
401540304,2023,10,regular,2023-11-04 17:00:00,Indiana State,Youngstown State,MVFC,MVFC,7.0,19.0,False,True,Memorial Stadium
401540617,2023,10,regular,2023-11-04 17:00:00,UAlbany,William & Mary,Coastal Athletic,Coastal Athletic,24.0,8.0,False,True,Bob Ford Field
401547019,2023,10,regular,2023-11-04 17:00:00,Emory & Henry,Erskine,South Atlantic,South Atlantic,56.0,14.0,False,True,Fred Selfe Stadium at Nicewonder Field
401541889,2023,10,regular,2023-11-04 17:00:00,Elizabeth City State,Bluefield State,CIAA,Independent DII,38.0,20.0,False,False,Roebuck Stadium
401550405,2023,10,regular,2023-11-04 17:00:00,Hendrix,Centre,Southern Athletic,Southern Athletic,29.0,47.0,False,True,Young-Wise Memorial Stadium
401540792,2023,10,regular,2023-11-04 17:00:00,Michigan Tech,Minot State,GLIAC,Northern Sun,37.0,3.0,False,False,Sherman Field
401541099,2023,10,regular,2023-11-04 17:00:00,Wooster,Oberlin,North Coast,North Coast,36.0,0.0,False,True,John P. Papp Stadium
401539975,2023,10,regular,2023-11-04 17:00:00,Morgan State,Delaware State,MEAC,MEAC,24.0,17.0,False,True,Hughes Stadium
401550300,2023,10,regular,2023-11-04 17:00:00,Trinity (CT),Bates,NESCAC,NESCAC,52.0,7.0,False,True,Jessee/Miller Field
401549613,2023,10,regular,2023-11-04 17:00:00,St. Lawrence,Ithaca,Liberty League,Liberty League,14.0,51.0,False,True,Leckonby Stadium
401540658,2023,10,regular,2023-11-04 17:00:00,Lincoln (PA),Bowie State,CIAA,CIAA,39.0,46.0,False,True,Lincoln University Stadium
401551515,2023,10,regular,2023-11-04 17:00:00,Western New England,Nichols,Commonwealth Coast,Commonwealth Coast,69.0,28.0,False,True,Golden Bear Stadium
401541128,2023,10,regular,2023-11-04 17:00:00,Greenville,Kalamazoo,Upper Midwest,Michigan,23.0,33.0,False,False,Francis Field (IL)
401540773,2023,10,regular,2023-11-04 17:00:00,Wayne State (MI),Grand Valley State,GLIAC,GLIAC,10.0,66.0,False,True,Tom Adams Field
401547075,2023,10,regular,2023-11-04 17:00:00,Kentucky State,Central State,SIAC,SIAC,10.0,20.0,False,True,Alumni Stadium (KY)
401540666,2023,10,regular,2023-11-04 17:00:00,Virginia Union,Virginia State,CIAA,CIAA,30.0,20.0,False,True,Hovey Field
401540800,2023,10,regular,2023-11-04 17:00:00,Saginaw Valley State,Northern Michigan,GLIAC,GLIAC,62.0,17.0,False,True,Harvey Randall Wickes Memorial Stadium
401550340,2023,10,regular,2023-11-04 17:00:00,Hampden Sydney,Shenandoah,Old Dominion,Old Dominion,26.0,25.0,False,True,Lewis C. Everett Stadium
401541862,2023,10,regular,2023-11-04 17:00:00,North Greenville,Shorter,Gulf South,Gulf South,27.0,17.0,False,True,Younts Stadium
401550389,2023,10,regular,2023-11-04 17:00:00,Geneva,Washington & Jefferson,Presidents',Presidents',7.0,45.0,False,True,Reeves Field (PA)
401540692,2023,10,regular,2023-11-04 17:00:00,Johnson C. Smith,Livingstone,CIAA,CIAA,38.0,17.0,False,True,Irwin Belk Complex
401549586,2023,10,regular,2023-11-04 17:00:00,Hobart,Rensselaer,Liberty League,Liberty League,31.0,21.0,False,True,Boswell Field at David J. Urick Stadium
401540697,2023,10,regular,2023-11-04 17:00:00,St. Augustine's,Shaw,CIAA,CIAA,14.0,21.0,False,True,George Williams Athletic Complex
401549750,2023,10,regular,2023-11-04 17:00:00,Christopher Newport,Montclair State,New Jersey,New Jersey,14.0,19.0,False,True,TowneBank Stadium
401547202,2023,10,regular,2023-11-04 17:00:00,New England,Husson,Commonwealth Coast,Commonwealth Coast,27.0,30.0,False,True,Blue Storm Stadium
401540978,2023,10,regular,2023-11-04 17:00:00,Ohio Dominican,Tiffin,Great Midwest Athletic,Great Midwest Athletic,10.0,44.0,False,True,Panther Stadium (OH)
401549809,2023,10,regular,2023-11-04 17:00:00,Methodist,LaGrange,USA South,USA South,38.0,27.0,False,True,Monarch Stadium
401525451,2023,10,regular,2023-11-04 17:00:00,Sam Houston,Kennesaw State,Conference USA,FCS Independents,24.0,21.0,False,False,Elliott T. Bowers Stadium
401541061,2023,10,regular,2023-11-04 17:00:00,SUNY Morrisville,St. John Fisher,Empire 8,Empire 8,30.0,15.0,False,True,Drake Field (NY)
401545825,2023,10,regular,2023-11-04 17:00:00,Minnesota Duluth,Concordia St. Paul,Northern Sun,Northern Sun,44.0,32.0,False,True,James S. Malosky Stadium
401550259,2023,10,regular,2023-11-04 17:00:00,Kenyon,Denison,North Coast,North Coast,15.0,38.0,False,True,McBride Field
401549720,2023,10,regular,2023-11-04 17:00:00,Bowdoin,Amherst,NESCAC,NESCAC,23.0,27.0,False,True,Whittier Field
401549578,2023,10,regular,2023-11-04 17:00:00,Buffalo State,Union,Liberty League,Liberty League,17.0,43.0,False,True,Coyer Field
401545857,2023,10,regular,2023-11-04 17:00:00,University of Mary,Southwest Minnesota State,Northern Sun,Northern Sun,32.0,28.0,False,True,MDU Resources Community Bowl
401540744,2023,10,regular,2023-11-04 17:00:00,Truman State,Upper Iowa,Great Lakes,Northern Sun,14.0,7.0,False,False,Stokes Stadium
401544075,2023,10,regular,2023-11-04 17:00:00,Adrian,Alma,Michigan,Michigan,24.0,45.0,False,True,Docking Stadium
401549636,2023,10,regular,2023-11-04 17:00:00,Muhlenberg,Franklin & Marshall,Centennial,Centennial,48.0,45.0,False,True,Scotty Wood Stadium
401550378,2023,10,regular,2023-11-04 17:00:00,Westminster (PA),Carnegie Mellon,Presidents',Presidents',7.0,21.0,False,True,Memorial Field (PA)
401547030,2023,10,regular,2023-11-04 17:00:00,Tusculum,Mars Hill,South Atlantic,South Atlantic,29.0,27.0,False,True,Pioneer Field (TN)
401546991,2023,10,regular,2023-11-04 17:00:00,William Jewell,Southwest Baptist,Great Lakes,Great Lakes,3.0,71.0,True,True,Liberty North High School
401550152,2023,10,regular,2023-11-04 17:00:00,Hope,Trine,Michigan,Michigan,38.0,28.0,False,True,Ray and Sue Smith Stadium
401545741,2023,10,regular,2023-11-04 17:00:00,West Virginia Wesleyan,Fairmont State,Mountain East,Mountain East,20.0,55.0,False,True,Cebe Ross Field
401550199,2023,10,regular,2023-11-04 17:00:00,Kean,Rowan,New Jersey,New Jersey,6.0,16.0,False,True,Kean Alumni Stadium
401549800,2023,10,regular,2023-11-04 17:00:00,Brevard,Huntingdon,USA South,USA South,27.0,31.0,False,True,Brevard Memorial Stadium
401541031,2023,10,regular,2023-11-04 17:00:00,Shippensburg,Lock Haven,Pennsylvania State Athletic,Pennsylvania State Athletic,7.0,21.0,False,True,Seth Grove Stadium
401547193,2023,10,regular,2023-11-04 17:00:00,Dickinson,Johns Hopkins,Centennial,Centennial,23.0,34.0,False,True,Biddle Field
401550293,2023,10,regular,2023-11-04 17:30:00,Ohio Northern,Otterbein,Ohio,Ohio,49.0,6.0,False,True,Dial-Roberson Stadium
401544996,2023,10,regular,2023-11-04 17:30:00,Muskingum,Wilmington (OH),Ohio,Ohio,64.0,63.0,False,True,Sherman Field at McConagha Stadium
401550252,2023,10,regular,2023-11-04 17:30:00,Baldwin Wallace,Heidelberg,Ohio,Ohio,24.0,21.0,False,True,George Finnie Stadium
401553035,2023,10,regular,2023-11-04 17:30:00,Hanover,Anderson (IN),Heartland,Heartland,69.0,0.0,False,True,Alumni Stadium (IN)
401544113,2023,10,regular,2023-11-04 17:30:00,John Carroll,Mount Union,Ohio,Ohio,14.0,49.0,False,True,Don Shula Stadium at Wasmer Field
401553034,2023,10,regular,2023-11-04 17:30:00,Bluffton,Mount St Joseph,Heartland,Heartland,27.0,49.0,False,True,Alumni Field (OH)
401550073,2023,10,regular,2023-11-04 17:30:00,Defiance College,Rose Hulman,Heartland,Heartland,54.0,78.0,False,True,Justin F. Coressel Stadium
401550077,2023,10,regular,2023-11-04 17:30:00,Franklin,Manchester,Heartland,Heartland,36.0,0.0,False,True,"Stewart """"Red"""" Faught Stadium"
401544104,2023,10,regular,2023-11-04 17:30:00,Capital,Marietta,Ohio,Ohio,14.0,45.0,False,True,Bernlohr Stadium
401540589,2023,10,regular,2023-11-04 17:30:00,Chattanooga,Furman,Southern,Southern,14.0,17.0,False,True,Finley Stadium
401541780,2023,10,regular,2023-11-04 18:00:00,Ouachita Baptist,Oklahoma Baptist,Great American,Great American,55.0,14.0,False,True,Cliff Harris Stadium
401558979,2023,10,regular,2023-11-04 18:00:00,Salve Regina,SUNY Maritime,Commonwealth Coast,NEWMAC,49.0,0.0,False,False,Toppa Field
401547005,2023,10,regular,2023-11-04 18:00:00,Mercyhurst,Seton Hill,Pennsylvania State Athletic,Pennsylvania State Athletic,0.0,14.0,False,True,Saxon Stadium
401547105,2023,10,regular,2023-11-04 18:00:00,Dubuque,Coe,American Rivers,American Rivers,20.0,23.0,False,True,Chalmers Field
401547052,2023,10,regular,2023-11-04 18:00:00,Benedict,Allen,SIAC,SIAC,37.0,9.0,False,True,Charlie W. Johnson Stadium
401540683,2023,10,regular,2023-11-04 18:00:00,Fayetteville State,Winston-Salem State,CIAA,CIAA,40.0,34.0,False,True,"Luther ""Nick"" Jeralds Stadium"
401549782,2023,10,regular,2023-11-04 18:00:00,Wisconsin Eau Claire,Wisconsin Stout,Wisconsin,Wisconsin,13.0,38.0,False,True,Carson Park
401544888,2023,10,regular,2023-11-04 18:00:00,Sioux Falls,Wayne State (NE),Northern Sun,Northern Sun,20.0,28.0,False,True,Bob Young Field
401550229,2023,10,regular,2023-11-04 18:00:00,McDaniel,Salisbury,Centennial,New Jersey,20.0,59.0,False,False,Kenneth R. Gill Stadium
401541118,2023,10,regular,2023-11-04 18:00:00,Ferrum,Randolph Macon,Old Dominion,Old Dominion,16.0,49.0,False,True,W.B. Adams Stadium
401547224,2023,10,regular,2023-11-04 18:00:00,North Central College,Illinois Wesleyan,CCIW,CCIW,83.0,26.0,False,True,Benedetti-Wehrli Stadium
401547046,2023,10,regular,2023-11-04 18:00:00,Fort Valley State,Albany State,SIAC,SIAC,7.0,13.0,True,True,Bragg Memorial Stadium
401549671,2023,10,regular,2023-11-04 18:00:00,Monmouth (IL),Lake Forest,Midwest,Midwest,16.0,14.0,False,True,April Zorn Memorial Stadium
401541917,2023,10,regular,2023-11-04 18:00:00,Eastern New Mexico,West Texas,Lone Star,Lone Star,35.0,27.0,False,True,Al Whitehead Field at Greyhound Stadium
401540735,2023,10,regular,2023-11-04 18:00:00,Quincy,Missouri S&T,Great Lakes,Great Lakes,14.0,21.0,False,True,QU Stadium
401541081,2023,10,regular,2023-11-04 18:00:00,Gustavus Adolphus,Carleton,Minnesota,Minnesota,38.0,20.0,False,True,Hollingsworth Field
401541964,2023,10,regular,2023-11-04 18:00:00,Emporia State,Missouri Southern State,Mid America,Mid America,63.0,28.0,False,True,Francis G. Welch Stadium
401547119,2023,10,regular,2023-11-04 18:00:00,Loras,Simpson (IA),American Rivers,American Rivers,82.0,16.0,False,True,Rock Bowl
401541910,2023,10,regular,2023-11-04 18:00:00,Western New Mexico,UT Permian Basin,Lone Star,Lone Star,3.0,56.0,False,True,Ben Altamirano Field
401549774,2023,10,regular,2023-11-04 18:00:00,Martin Luther,Minnesota Morris,Upper Midwest,Upper Midwest,27.0,30.0,False,True,MLC Bowl
401550183,2023,10,regular,2023-11-04 18:00:00,St. Scholastica,Hamline,Minnesota,Minnesota,26.0,33.0,False,True,Public Schools Stadium
401544085,2023,10,regular,2023-11-04 18:00:00,Grinnell,Chicago,Midwest,Midwest,14.0,48.0,False,True,Rosenbloom Field
401544952,2023,10,regular,2023-11-04 18:00:00,Carroll (WI),Millikin,CCIW,CCIW,41.0,0.0,False,True,Schneider Stadium
401550224,2023,10,regular,2023-11-04 18:00:00,Aurora,Lakeland,NACC,NACC,70.0,14.0,False,True,Vago Field
401544943,2023,10,regular,2023-11-04 18:00:00,Carthage,Augustana (IL),CCIW,CCIW,13.0,16.0,False,True,Art Keller Field
401541870,2023,10,regular,2023-11-04 18:00:00,West Alabama,Valdosta State,Gulf South,Gulf South,14.0,20.0,False,True,Tiger Stadium (AL)
401545846,2023,10,regular,2023-11-04 18:00:00,Winona State,Minnesota State,Northern Sun,Northern Sun,42.0,49.0,False,True,Altra Federal Credit Union Stadium
401547128,2023,10,regular,2023-11-04 18:00:00,Nebraska Wesleyan,Wartburg,American Rivers,American Rivers,0.0,45.0,True,True,Abel Stadium
401550047,2023,10,regular,2023-11-04 18:00:00,Elmhurst,North Park,CCIW,CCIW,8.0,31.0,False,True,Langhorst Field
401549657,2023,10,regular,2023-11-04 18:00:00,Beloit,Ripon,Midwest,Midwest,17.0,52.0,False,True,Strong Stadium
401547060,2023,10,regular,2023-11-04 18:00:00,Clark Atlanta,Morehouse,SIAC,SIAC,21.0,35.0,False,True,CAU Panther Stadium
401547088,2023,10,regular,2023-11-04 18:00:00,Central College,Buena Vista,American Rivers,American Rivers,56.0,22.0,False,True,Ron and Joyce Schipper Stadium
401541972,2023,10,regular,2023-11-04 18:00:00,Missouri Western,Pittsburg State,Mid America,Mid America,31.0,30.0,False,True,Craig Field at Spratt Memorial Stadium
401546003,2023,10,regular,2023-11-04 18:00:00,South Dakota Mines,CSU Pueblo,Rocky Mountain,Rocky Mountain,28.0,35.0,False,True,O'Harra Stadium
401545818,2023,10,regular,2023-11-04 18:00:00,Bemidji State,Minnesota St Moorhead,Northern Sun,Northern Sun,27.0,14.0,False,True,Chet Anderson Stadium
401547124,2023,10,regular,2023-11-04 18:00:00,Luther,Lyon,American Rivers,,21.0,28.0,False,False,Legacy Field in Carlson Stadium
401541137,2023,10,regular,2023-11-04 18:00:00,Wisconsin Platteville,Wisconsin Oshkosh,Wisconsin,Wisconsin,22.0,7.0,False,True,Ralph E. Davis Pioneer Stadium
401550166,2023,10,regular,2023-11-04 18:00:00,Bethel (MN),Concordia (MN),Minnesota,Minnesota,31.0,14.0,False,True,Royal Stadium
401550190,2023,10,regular,2023-11-04 18:00:00,St. Olaf,Saint John's (MN),Minnesota,Minnesota,10.0,49.0,False,True,Klein Field at Manitou
401541937,2023,10,regular,2023-11-04 18:00:00,Central Missouri,Fort Hays,Mid America,Mid America,47.0,28.0,False,True,Audrey J. Walton Stadium at Vernon Kennedy Field
401549680,2023,10,regular,2023-11-04 18:00:00,Wisconsin Lutheran,Concordia Chicago,NACC,NACC,28.0,21.0,False,True,Warrior Field at Raabe Stadium
401550419,2023,10,regular,2023-11-04 18:00:00,Wisconsin River Falls,Wisconsin La Crosse,Wisconsin,Wisconsin,28.0,31.0,False,True,David Smith Stadium at Ramer Field
401550372,2023,10,regular,2023-11-04 18:00:00,Case Western Reserve,Allegheny,Presidents',Presidents',42.0,14.0,False,True,Case Field
401540614,2023,10,regular,2023-11-04 18:00:00,The Citadel,Mercer,Southern,Southern,16.0,38.0,False,True,Johnson Hagood Stadium
401540460,2023,10,regular,2023-11-04 18:00:00,Valparaiso,Dayton,Pioneer,Pioneer,21.0,7.0,False,True,Brown Field
401540444,2023,10,regular,2023-11-04 18:00:00,Southern Illinois,South Dakota,MVFC,MVFC,7.0,14.0,False,True,Saluki Stadium
401540367,2023,10,regular,2023-11-04 18:00:00,Murray State,North Dakota,MVFC,MVFC,31.0,45.0,False,True,Roy Stewart Stadium
401540112,2023,10,regular,2023-11-04 18:00:00,Alabama A&M,Florida A&M,SWAC,SWAC,28.0,42.0,False,True,Louis Crews Stadium
401541051,2023,10,regular,2023-11-04 18:00:00,Texas Lutheran,McMurry,American Southwest,American Southwest,33.0,36.0,False,True,Bulldog Stadium (TX)
401547146,2023,10,regular,2023-11-04 18:00:00,Sul Ross State,Howard Payne,American Southwest,American Southwest,47.0,42.0,False,True,Jackson Field
401550433,2023,10,regular,2023-11-04 18:00:00,Millsaps,Southwestern U,Southern Athletic,Southern Athletic,13.0,42.0,False,True,Harper Davis Field
401550054,2023,10,regular,2023-11-04 18:00:00,Alfred,Hartwick,Empire 8,Empire 8,42.0,6.0,False,True,Merrill Field at Yunevich Stadium
401550238,2023,10,regular,2023-11-04 18:00:00,Benedictine (IL),Eureka,NACC,NACC,41.0,21.0,False,True,Village of Lisle-Benedictine University Sports Complex
401550430,2023,10,regular,2023-11-04 18:00:00,Wisconsin Stevens Point,Wisconsin Whitewater,Wisconsin,Wisconsin,0.0,48.0,False,True,Community Stadium at Goerke Park
401531392,2023,10,regular,2023-11-04 18:00:00,Temple,Navy,American Athletic,American Athletic,32.0,18.0,False,True,Lincoln Financial Field
401550205,2023,10,regular,2023-11-04 18:00:00,Knox,Lawrence,Midwest,Midwest,48.0,28.0,False,True,Harley Knosher Bowl
401540807,2023,10,regular,2023-11-04 18:00:00,Northern Iowa,Western Illinois,MVFC,MVFC,50.0,6.0,False,True,UNI-Dome
401540551,2023,10,regular,2023-11-04 18:00:00,Morehead State,Butler,Pioneer,Pioneer,7.0,49.0,False,True,Jayne Stadium
401540498,2023,10,regular,2023-11-04 18:00:00,Southeast Missouri State,Robert Morris,Big South-OVC,Big South,20.0,21.0,False,True,Houck Field
401550160,2023,10,regular,2023-11-04 18:00:00,Macalester,Augsburg,Minnesota,Minnesota,34.0,42.0,False,True,Macalester Stadium
401547174,2023,10,regular,2023-11-04 18:00:00,Mary Hardin Baylor,East Texas Baptist,American Southwest,American Southwest,21.0,12.0,False,True,Crusader Stadium
401549665,2023,10,regular,2023-11-04 18:00:00,Cornell (IA),Illinois College,Midwest,Midwest,34.0,76.0,False,True,Van Metre Field at Ash Park
401545998,2023,10,regular,2023-11-04 18:00:00,Colorado School of Mines,New Mexico Highlands,Rocky Mountain,Rocky Mountain,77.0,3.0,False,True,Marv Kay Stadium at Campbell Field
401550321,2023,10,regular,2023-11-04 18:00:00,Washington and Lee,Bridgewater,Old Dominion,Old Dominion,31.0,21.0,False,True,Wilson Field
401549648,2023,10,regular,2023-11-04 18:00:00,Wheaton (IL),Washington St. Louis,CCIW,CCIW,36.0,35.0,False,True,McCully Stadium
401547139,2023,10,regular,2023-11-04 18:00:00,Austin,Hardin Simmons,American Southwest,American Southwest,19.0,59.0,False,True,Jerry E. Apple Stadium
401524049,2023,10,regular,2023-11-04 18:00:00,Utah,Arizona State,Pac-12,Pac-12,55.0,3.0,False,True,Rice-Eccles Stadium
401525542,2023,10,regular,2023-11-04 18:00:00,Virginia,Georgia Tech,ACC,ACC,17.0,45.0,False,True,Scott Stadium
401549689,2023,10,regular,2023-11-04 18:00:00,Concordia (WI),Rockford,NACC,NACC,66.0,21.0,False,True,Tomasini Stadium
401547012,2023,10,regular,2023-11-04 18:00:00,Lenoir Rhyne,Catawba,South Atlantic,South Atlantic,28.0,7.0,False,True,Helen and Leonard Moretz Stadium
401520361,2023,10,regular,2023-11-04 18:30:00,Air Force,Army,Mountain West,FBS Independents,3.0,23.0,True,False,Sports Authority Field at Mile High
401540536,2023,10,regular,2023-11-04 18:30:00,Tennessee Tech,UT Martin,Big South-OVC,Big South-OVC,41.0,44.0,False,True,Tucker Stadium
401540138,2023,10,regular,2023-11-04 19:00:00,Prairie View A&M,Arkansas-Pine Bluff,SWAC,SWAC,38.0,14.0,False,True,Panther Stadium
401541773,2023,10,regular,2023-11-04 19:00:00,Northwestern (OK),Southern Arkansas,Great American,Great American,14.0,42.0,False,True,Ranger Field
401531425,2023,10,regular,2023-11-04 19:00:00,Memphis,South Florida,American Athletic,American Athletic,59.0,50.0,False,True,Simmons Bank Liberty Stadium
401540783,2023,10,regular,2023-11-04 19:00:00,Arkansas Monticello,Southern Nazarene,Great American,Great American,14.0,41.0,False,True,Convoy Leslie Cotton Boll Stadium
401546008,2023,10,regular,2023-11-04 19:00:00,Western Colorado,Fort Lewis,Rocky Mountain,Rocky Mountain,57.0,3.0,False,True,Mountaineer Bowl
401541766,2023,10,regular,2023-11-04 19:00:00,Southwestern Oklahoma State,Henderson State,Great American,Great American,0.0,56.0,False,True,Milam Stadium
401541947,2023,10,regular,2023-11-04 19:00:00,Central Oklahoma,Washburn,Mid America,Mid America,41.0,7.0,False,True,Wantland Stadium
401545987,2023,10,regular,2023-11-04 19:00:00,Colorado Mesa,Chadron State,Rocky Mountain,Rocky Mountain,38.0,22.0,False,True,Ralph Stocker Stadium
401540386,2023,10,regular,2023-11-04 19:00:00,South Dakota State,North Dakota State,MVFC,MVFC,33.0,16.0,False,True,Dana J. Dykhouse Stadium
401544934,2023,10,regular,2023-11-04 19:00:00,Lane College,Savannah State,SIAC,SIAC,27.0,21.0,False,True,Lane Field
401550314,2023,10,regular,2023-11-04 19:00:00,Guilford,Averett,Old Dominion,Old Dominion,13.0,34.0,False,True,Armfield Athletic Center
401540360,2023,10,regular,2023-11-04 19:00:00,Northwestern State,Houston Christian,Southland,Southland,0.0,1.0,False,True,Harry Turpin Stadium
401540706,2023,10,regular,2023-11-04 19:00:00,Indianapolis,McKendree,Great Lakes,Great Lakes,16.0,21.0,False,True,Key Stadium
401545807,2023,10,regular,2023-11-04 19:00:00,Northern State,Augustana (SD),Northern Sun,Northern Sun,21.0,31.0,False,True,Swisher Field
401544906,2023,10,regular,2023-11-04 19:00:00,Black Hills State,Adams State,Rocky Mountain,Rocky Mountain,35.0,28.0,False,True,Lyle Hare Stadium
401541982,2023,10,regular,2023-11-04 19:00:00,Northeastern State,Northwest Missouri State,Mid America,Mid America,0.0,52.0,False,True,Gable Field at Doc Wadley Stadium
401541880,2023,10,regular,2023-11-04 19:00:00,Mississippi College,West Florida,Gulf South,Gulf South,14.0,42.0,False,True,Robinson-Hale Stadium
401540248,2023,10,regular,2023-11-04 19:00:00,Northern Colorado,Idaho,Big Sky,Big Sky,13.0,27.0,False,True,Nottingham Field
401540224,2023,10,regular,2023-11-04 19:00:00,Abilene Christian,Utah Tech,UAC,UAC,24.0,7.0,False,True,Wildcat Stadium (TX)
401540210,2023,10,regular,2023-11-04 19:00:00,Southern Utah,Lincoln (CA),UAC,,35.0,6.0,False,False,Eccles Coliseum
401553854,2023,10,regular,2023-11-04 19:00:00,Montana State,Northern Arizona,Big Sky,Big Sky,45.0,21.0,False,True,Bobcat Stadium
401540162,2023,10,regular,2023-11-04 19:00:00,Jackson State,Texas Southern,SWAC,SWAC,21.0,19.0,False,True,Mississippi Veterans Memorial Stadium
401540481,2023,10,regular,2023-11-04 19:00:00,Lindenwood,Eastern Illinois,Big South-OVC,Big South-OVC,10.0,16.0,False,True,Hunter Stadium
401531399,2023,10,regular,2023-11-04 19:00:00,North Texas,UTSA,American Athletic,American Athletic,29.0,37.0,False,True,DATCU Stadium
401540626,2023,10,regular,2023-11-04 19:00:00,Wofford,Western Carolina,Southern,Southern,25.0,28.0,False,True,Gibbs Stadium
401531383,2023,10,regular,2023-11-04 19:00:00,UAB,Florida Atlantic,American Athletic,American Athletic,45.0,42.0,False,True,Protective Stadium
401540107,2023,10,regular,2023-11-04 19:00:00,Missouri State,Illinois State,MVFC,MVFC,35.0,36.0,False,True,Plaster Sports Complex
401540130,2023,10,regular,2023-11-04 19:00:00,Alcorn State,Southern,SWAC,SWAC,44.0,21.0,False,True,Jack Spinks Stadium
401531908,2023,10,regular,2023-11-04 19:00:00,Arkansas State,Louisiana,Sun Belt,Sun Belt,37.0,17.0,False,True,Centennial Bank Stadium
401525881,2023,10,regular,2023-11-04 19:30:00,Cincinnati,UCF,Big 12,Big 12,26.0,28.0,False,True,Nippert Stadium
401531907,2023,10,regular,2023-11-04 19:30:00,Old Dominion,Coastal Carolina,Sun Belt,Sun Belt,24.0,28.0,False,True,S.B. Ballard Stadium
401539991,2023,10,regular,2023-11-04 19:30:00,North Carolina Central,Norfolk State,MEAC,MEAC,38.0,24.0,False,True,O'Kelly-Riddick Stadium
401520373,2023,10,regular,2023-11-04 19:30:00,Northwestern,Iowa,Big Ten,Big Ten,7.0,10.0,True,True,Wrigley Field
401525883,2023,10,regular,2023-11-04 19:30:00,Oklahoma State,Oklahoma,Big 12,Big 12,27.0,24.0,False,True,Boone Pickens Stadium
401520370,2023,10,regular,2023-11-04 19:30:00,Minnesota,Illinois,Big Ten,Big Ten,26.0,27.0,False,True,Huntington Bank Stadium
401520400,2023,10,regular,2023-11-04 19:30:00,Massachusetts,Merrimack,FBS Independents,NEC,31.0,21.0,False,False,Warren McGuirk Alumni Stadium
401520367,2023,10,regular,2023-11-04 19:30:00,Maryland,Penn State,Big Ten,Big Ten,15.0,51.0,False,True,SECU Stadium
401531374,2023,10,regular,2023-11-04 19:30:00,East Carolina,Tulane,American Athletic,American Athletic,10.0,13.0,False,True,Dowdy-Ficklen Stadium
401531906,2023,10,regular,2023-11-04 19:30:00,Georgia State,James Madison,Sun Belt,Sun Belt,14.0,42.0,False,True,Center Parc Stadium
401520364,2023,10,regular,2023-11-04 19:30:00,Georgia,Missouri,SEC,SEC,30.0,21.0,False,True,Sanford Stadium
401525543,2023,10,regular,2023-11-04 19:30:00,Louisville,Virginia Tech,ACC,ACC,34.0,3.0,False,True,L&N Federal Credit Union Stadium
401525880,2023,10,regular,2023-11-04 19:30:00,Baylor,Houston,Big 12,Big 12,24.0,25.0,False,True,McLane Stadium
401525541,2023,10,regular,2023-11-04 19:30:00,Pittsburgh,Florida State,ACC,ACC,7.0,24.0,False,True,Acrisure Stadium
401534856,2023,10,regular,2023-11-04 19:30:00,South Carolina State,Howard,MEAC,MEAC,27.0,24.0,False,True,Oliver C. Dawson Stadium
401531343,2023,10,regular,2023-11-04 20:00:00,Tulsa,Charlotte,American Athletic,American Athletic,26.0,33.0,False,True,Chapman Stadium
401540476,2023,10,regular,2023-11-04 20:00:00,Charleston Southern,Tennessee State,Big South-OVC,Big South-OVC,35.0,21.0,False,True,Buccaneer Field
401544094,2023,10,regular,2023-11-04 20:00:00,Whitworth,George Fox,Northwest,Northwest,24.0,13.0,False,True,The Pine Bowl
401540380,2023,10,regular,2023-11-04 20:00:00,Lamar,East Texas A&M,Southland,Southland,41.0,21.0,False,True,Provost Umphrey Stadium
401544202,2023,10,regular,2023-11-04 20:00:00,Incarnate Word,Nicholls,Southland,Southland,32.0,45.0,False,True,Gayle and Tom Benson Stadium
401520379,2023,10,regular,2023-11-04 20:00:00,Vanderbilt,Auburn,SEC,SEC,15.0,31.0,False,True,FirstBank Stadium
401550469,2023,10,regular,2023-11-04 20:00:00,Pacific Lutheran,Linfield,Northwest,Northwest,19.0,42.0,False,True,Sparks Stadium
401541759,2023,10,regular,2023-11-04 20:00:00,Harding,East Central,Great American,Great American,48.0,7.0,False,True,First Security Stadium
401531909,2023,10,regular,2023-11-04 20:00:00,Southern Miss,UL Monroe,Sun Belt,Sun Belt,24.0,7.0,False,True,M. M. Roberts Stadium
401540395,2023,10,regular,2023-11-04 20:00:00,SE Louisiana,McNeese,Southland,Southland,38.0,24.0,False,True,Strawberry Stadium
401540232,2023,10,regular,2023-11-04 20:00:00,Eastern Washington,Cal Poly,Big Sky,Big Sky,48.0,13.0,False,True,Roos Field
401532610,2023,10,regular,2023-11-04 20:00:00,Nevada,Hawai'i,Mountain West,Mountain West,14.0,27.0,False,True,Mackay Stadium
401550285,2023,10,regular,2023-11-04 20:00:00,Ohio Wesleyan,Wittenberg,North Coast,North Coast,28.0,36.0,False,True,Selby Stadium
401541904,2023,10,regular,2023-11-04 20:05:00,Western Oregon,Texas A&M-Kingsville,Lone Star,Lone Star,27.0,34.0,False,True,McArthur Field
401540726,2023,10,regular,2023-11-04 21:00:00,Arkansas Tech,Southeastern Oklahoma State,Great American,Great American,14.0,7.0,False,True,Thone Stadium at Buerkle Field
401540190,2023,10,regular,2023-11-04 21:00:00,North Alabama,Central Arkansas,UAC,UAC,14.0,27.0,False,True,Braly Municipal Stadium
401531910,2023,10,regular,2023-11-04 21:00:00,Texas State,Georgia Southern,Sun Belt,Sun Belt,45.0,24.0,False,True,Bobcat Stadium (TX)
401547077,2023,10,regular,2023-11-04 21:00:00,Miles,Tuskegee,SIAC,SIAC,35.0,10.0,False,True,Albert J. H. Sloan - Alumni Stadium
401540121,2023,10,regular,2023-11-04 21:00:00,Alabama State,Grambling,SWAC,SWAC,17.0,6.0,True,True,Ladd Peebles Stadium
401540180,2023,10,regular,2023-11-04 21:00:00,Eastern Kentucky,Austin Peay,UAC,UAC,30.0,33.0,False,True,Roy Kidd Stadium
401544142,2023,10,regular,2023-11-04 21:30:00,Birmingham-Southern,Berry,Southern Athletic,Southern Athletic,6.0,53.0,False,True,General Charles C. Krulak Stadium
401524047,2023,10,regular,2023-11-04 21:30:00,Oregon,California,Pac-12,Pac-12,63.0,19.0,False,True,Autzen Stadium
401532611,2023,10,regular,2023-11-04 22:00:00,New Mexico,UNLV,Mountain West,Mountain West,14.0,56.0,False,True,University Stadium (NM)
401531905,2023,10,regular,2023-11-04 22:00:00,App State,Marshall,Sun Belt,Sun Belt,31.0,9.0,False,True,Kidd Brewer Stadium
401520372,2023,10,regular,2023-11-04 22:00:00,New Mexico State,Middle Tennessee,Conference USA,Conference USA,13.0,7.0,False,True,Aggie Memorial Stadium
401549728,2023,10,regular,2023-11-04 22:00:00,WPI,Coast Guard,NEWMAC,NEWMAC,21.0,28.0,False,True,"Alumni Stadium (Worcester, MA)"
401540256,2023,10,regular,2023-11-04 22:00:00,Idaho State,Weber State,Big Sky,Big Sky,21.0,33.0,False,True,Holt Arena
401547039,2023,10,regular,2023-11-04 22:00:00,Edward Waters,Virginia Lynchburg,SIAC,,41.0,17.0,False,False,Earl Kitchings Stadium
401520366,2023,10,regular,2023-11-04 22:00:00,Liberty,Louisiana Tech,Conference USA,Conference USA,56.0,30.0,False,True,Williams Stadium (VA)
401544915,2023,10,regular,2023-11-04 22:00:00,Barton,Limestone,South Atlantic,South Atlantic,28.0,33.0,False,True,Electric Supply Company Field
401541853,2023,10,regular,2023-11-04 22:00:00,West Georgia,Delta State,Gulf South,Gulf South,13.0,47.0,False,True,University Stadium (GA)
401541832,2023,10,regular,2023-11-04 22:30:00,Lake Erie,Kentucky Wesleyan,Great Midwest Athletic,Great Midwest Athletic,37.0,43.0,False,True,Jack Britt Memorial Stadium
401540988,2023,10,regular,2023-11-04 23:00:00,Angelo State,Midwestern State,Lone Star,Lone Star,27.0,12.0,False,True,LeGrand Stadium at 1st Community Credit Union Field
401553007,2023,10,regular,2023-11-04 23:00:00,Pacific (OR),Willamette,Northwest,Northwest,64.0,6.0,False,True,Hanson Stadium
401540284,2023,10,regular,2023-11-04 23:00:00,UC Davis,Portland State,Big Sky,Big Sky,37.0,23.0,False,True,Aggie Stadium
401540217,2023,10,regular,2023-11-04 23:00:00,Tarleton State,Stephen F. Austin,UAC,UAC,59.0,17.0,False,True,"Memorial Stadium (Stephenville, TX)"
401532612,2023,10,regular,2023-11-04 23:00:00,San Diego State,Utah State,Mountain West,Mountain West,24.0,32.0,False,True,Snapdragon Stadium
401525885,2023,10,regular,2023-11-04 23:00:00,West Virginia,BYU,Big 12,Big 12,37.0,7.0,False,True,Milan Puskar Stadium
401525882,2023,10,regular,2023-11-04 23:00:00,Iowa State,Kansas,Big 12,Big 12,21.0,28.0,False,True,Jack Trice Stadium
401531440,2023,10,regular,2023-11-04 23:30:00,Rice,SMU,American Athletic,American Athletic,31.0,36.0,False,True,Rice Stadium
401520368,2023,10,regular,2023-11-04 23:30:00,Michigan,Purdue,Big Ten,Big Ten,41.0,13.0,False,True,Michigan Stadium
401524048,2023,10,regular,2023-11-04 23:30:00,USC,Washington,Pac-12,Pac-12,42.0,52.0,False,True,Los Angeles Memorial Coliseum
401520371,2023,10,regular,2023-11-04 23:30:00,Mississippi State,Kentucky,SEC,SEC,3.0,24.0,False,True,Davis Wade Stadium
401520362,2023,10,regular,2023-11-04 23:45:00,Alabama,LSU,SEC,SEC,42.0,28.0,False,True,Bryant-Denny Stadium
401540263,2023,10,regular,2023-11-05 00:00:00,Montana,Sacramento State,Big Sky,Big Sky,34.0,7.0,False,True,Washington-Grizzly Stadium
401525544,2023,10,regular,2023-11-05 00:00:00,NC State,Miami,ACC,ACC,20.0,6.0,False,True,Carter-Finley Stadium
401520378,2023,10,regular,2023-11-05 01:00:00,UTEP,Western Kentucky,Conference USA,Conference USA,13.0,21.0,False,True,Sun Bowl
401524050,2023,10,regular,2023-11-05 01:00:00,Washington State,Stanford,Pac-12,Pac-12,7.0,10.0,False,True,Gesa Field
401550879,2023,10,regular,2023-11-05 01:00:00,Lewis & Clark,Puget Sound,Northwest,Northwest,66.0,24.0,False,True,Griswold Stadium
401550335,2023,10,regular,2023-11-05 02:00:00,Chapman,La Verne,So. Cal.,So. Cal.,37.0,7.0,False,True,Ernie Chapman Stadium
401550345,2023,10,regular,2023-11-05 02:00:00,Cal Lutheran,Claremont Mudd Scripps,So. Cal.,So. Cal.,13.0,30.0,False,True,William Rolland Stadium
401544152,2023,10,regular,2023-11-05 02:00:00,Pomona Pitzer,Redlands,So. Cal.,So. Cal.,20.0,7.0,False,True,Merritt Field
401532608,2023,10,regular,2023-11-05 02:00:00,Fresno State,Boise State,Mountain West,Mountain West,37.0,30.0,False,True,Valley Children's Stadium
401524046,2023,10,regular,2023-11-05 02:00:00,Colorado,Oregon State,Pac-12,Pac-12,19.0,26.0,False,True,Folsom Field
401524045,2023,10,regular,2023-11-05 02:30:00,Arizona,UCLA,Pac-12,Pac-12,27.0,10.0,False,True,Arizona Stadium
401532437,2023,11,regular,2023-11-08 00:00:00,Northern Illinois,Ball State,Mid-American,Mid-American,17.0,20.0,False,True,Huskie Stadium
401532438,2023,11,regular,2023-11-08 00:00:00,Western Michigan,Central Michigan,Mid-American,Mid-American,38.0,28.0,False,True,Waldo Stadium
401532439,2023,11,regular,2023-11-08 00:30:00,Buffalo,Ohio,Mid-American,Mid-American,10.0,20.0,False,True,UB Stadium
401532441,2023,11,regular,2023-11-09 00:00:00,Miami (OH),Akron,Mid-American,Mid-American,19.0,0.0,False,True,Yager Stadium
401532442,2023,11,regular,2023-11-09 00:00:00,Kent State,Bowling Green,Mid-American,Mid-American,19.0,49.0,False,True,Dix Stadium
401532440,2023,11,regular,2023-11-09 00:30:00,Toledo,Eastern Michigan,Mid-American,Mid-American,49.0,23.0,False,True,Glass Bowl
401525546,2023,11,regular,2023-11-10 00:30:00,Louisville,Virginia,ACC,ACC,31.0,24.0,False,True,L&N Federal Credit Union Stadium
401531911,2023,11,regular,2023-11-10 00:30:00,Louisiana,Southern Miss,Sun Belt,Sun Belt,31.0,34.0,False,True,Cajun Field
401549751,2023,11,regular,2023-11-10 23:00:00,The College of New Jersey,Christopher Newport,New Jersey,New Jersey,21.0,27.0,False,True,Lions Stadium
401552434,2023,11,regular,2023-11-11 00:00:00,Salisbury,Kean,New Jersey,New Jersey,31.0,28.0,False,True,Sea Gull Stadium
401550200,2023,11,regular,2023-11-11 00:00:00,Rowan,William Paterson,New Jersey,New Jersey,24.0,14.0,False,True,Richard Wackar Stadium
401540139,2023,11,regular,2023-11-11 02:00:00,Arkansas-Pine Bluff,Grambling,SWAC,SWAC,14.0,43.0,False,True,Golden Lion Stadium
401531437,2023,11,regular,2023-11-11 02:00:00,SMU,North Texas,American Athletic,American Athletic,45.0,21.0,False,True,Gerald J. Ford Stadium
401532618,2023,11,regular,2023-11-11 03:45:00,UNLV,Wyoming,Mountain West,Mountain West,34.0,14.0,False,True,Allegiant Stadium
401531393,2023,11,regular,2023-11-11 17:00:00,South Florida,Temple,American Athletic,American Athletic,27.0,23.0,False,True,Raymond James Stadium
401549729,2023,11,regular,2023-11-11 17:00:00,Coast Guard,Merchant Marine,NEWMAC,NEWMAC,27.0,39.0,False,True,Cadet Memorial Field
401549710,2023,11,regular,2023-11-11 17:00:00,UVA Wise,Wingate,South Atlantic,South Atlantic,0.0,27.0,False,True,Carl Smith Stadium
401549694,2023,11,regular,2023-11-11 17:00:00,Upper Iowa,Quincy,Northern Sun,Great Lakes,28.0,38.0,False,False,Harms-Eischeid Stadium
401540010,2023,11,regular,2023-11-11 17:00:00,Merrimack,Central Connecticut,NEC,NEC,35.0,24.0,False,True,Duane Stadium
401544068,2023,11,regular,2023-11-11 17:00:00,FDU Florham,Misericordia,Mid Atlantic,Mid Atlantic,3.0,6.0,False,True,Robert T. Shields Field
401545742,2023,11,regular,2023-11-11 17:00:00,Fairmont State,Frostburg State,Mountain East,Mountain East,20.0,50.0,False,True,Duvall-Rosier Field
401539976,2023,11,regular,2023-11-11 17:00:00,Delaware State,Norfolk State,MEAC,MEAC,21.0,44.0,False,True,Alumni Stadium
401550139,2023,11,regular,2023-11-11 17:00:00,UMass Dartmouth,Plymouth State,MSCAC,MSCAC,41.0,7.0,False,True,Cressy Field
401541819,2023,11,regular,2023-11-11 17:00:00,Findlay,Tiffin,Great Midwest Athletic,Great Midwest Athletic,7.0,26.0,False,True,Donnell Stadium
401541837,2023,11,regular,2023-11-11 17:00:00,Walsh,Northwood,Great Midwest Athletic,Great Midwest Athletic,24.0,31.0,False,True,Tom Benson Hall of Fame Stadium
401545766,2023,11,regular,2023-11-11 17:00:00,Notre Dame College,Alderson-Broaddus,Mountain East,Mountain East,0.0,0.0,False,True,Mueller Field
401558743,2023,11,regular,2023-11-11 17:00:00,Delaware Valley,Widener,Mid Atlantic,Mid Atlantic,23.0,6.0,False,True,Robert A. Lipinski Field at James Work Memorial Stadium
401545881,2023,11,regular,2023-11-11 17:00:00,Kutztown,Slippery Rock,Pennsylvania State Athletic,Pennsylvania State Athletic,31.0,7.0,False,True,Andre Reed Stadium
401540108,2023,11,regular,2023-11-11 17:00:00,Illinois State,Murray State,MVFC,MVFC,44.0,7.0,False,True,Hancock Stadium
401546998,2023,11,regular,2023-11-11 17:00:00,Thomas More,Lake Erie,,Great Midwest Athletic,44.0,6.0,True,False,BB&T Field at Griffin Plaza
401540018,2023,11,regular,2023-11-11 17:00:00,Duquesne,Stonehill,NEC,NEC,28.0,33.0,False,True,Arthur J. Rooney Athletic Field
401540025,2023,11,regular,2023-11-11 17:00:00,Long Island University,Wagner,NEC,NEC,49.0,14.0,True,True,Bethpage Federal Credit Union Stadium
401550084,2023,11,regular,2023-11-11 17:00:00,Curry,Western New England,Commonwealth Coast,Commonwealth Coast,27.0,48.0,False,True,Walter M. Katz Field
401539985,2023,11,regular,2023-11-11 17:00:00,South Carolina State,Morgan State,MEAC,MEAC,17.0,20.0,False,True,Oliver C. Dawson Stadium
401552478,2023,11,regular,2023-11-11 17:00:00,Fitchburg State,Westfield State,MSCAC,MSCAC,0.0,49.0,False,True,Elliot Field Athletic Complex
401550129,2023,11,regular,2023-11-11 17:00:00,Mass Maritime,Bridgewater State,MSCAC,MSCAC,6.0,48.0,False,True,Clean Harbors Stadium
401549816,2023,11,regular,2023-11-11 17:00:00,Belhaven,Brevard,USA South,USA South,46.0,19.0,False,True,Belhaven Bowl Stadium
401550116,2023,11,regular,2023-11-11 17:00:00,Albright,Lebanon Valley,Mid Atlantic,Mid Atlantic,9.0,47.0,False,True,Gene L. Shirk Stadium
401550023,2023,11,regular,2023-11-11 17:00:00,Norwich,Salve Regina,NEWMAC,Commonwealth Coast,0.0,38.0,False,False,Sabine Field at Haynes Family Stadium
401550106,2023,11,regular,2023-11-11 17:00:00,Moravian,Wilkes,Landmark Conference,Landmark Conference,6.0,41.0,False,False,Rocco Calvo Field
401544198,2023,11,regular,2023-11-11 17:00:00,Princeton,Yale,Ivy,Ivy,28.0,36.0,False,True,Princeton University Stadium
401551923,2023,11,regular,2023-11-11 17:00:00,Dean,Alfred State,ECFC,ECFC,3.0,55.0,False,True,Dale Lippert Field
401545890,2023,11,regular,2023-11-11 17:00:00,Millersville,Seton Hill,Pennsylvania State Athletic,Pennsylvania State Athletic,10.0,30.0,False,True,Chryst Field at Biemesderfer Stadium
401545790,2023,11,regular,2023-11-11 17:00:00,Assumption,Southern Connecticut State,Northeast 10,Northeast 10,14.0,20.0,False,True,Multi-Sport Stadium
401540506,2023,11,regular,2023-11-11 17:00:00,Monmouth,New Hampshire,Coastal Athletic,Coastal Athletic,24.0,31.0,False,True,Kessler Stadium
401545896,2023,11,regular,2023-11-11 17:00:00,Shepherd,Mercyhurst,Pennsylvania State Athletic,Pennsylvania State Athletic,49.0,25.0,False,True,Ram Stadium (WV)
401545775,2023,11,regular,2023-11-11 17:00:00,West Virginia State,Charleston (WV),Mountain East,Mountain East,20.0,52.0,False,True,Dickerson Stadium
401552022,2023,11,regular,2023-11-11 17:00:00,Wesleyan (CT),Trinity (CT),NESCAC,NESCAC,6.0,58.0,False,True,Corwin Stadium
401552017,2023,11,regular,2023-11-11 17:00:00,Amherst,Williams,NESCAC,NESCAC,21.0,14.0,False,True,Pratt Field at Lehrman Stadium
401550055,2023,11,regular,2023-11-11 17:00:00,Brockport,Alfred,Empire 8,Empire 8,35.0,14.0,False,True,Bob Boozer Field
401547212,2023,11,regular,2023-11-11 17:00:00,Endicott,New England,Commonwealth Coast,Commonwealth Coast,41.0,14.0,False,True,Hempstead Stadium
401541011,2023,11,regular,2023-11-11 17:00:00,Bloomsburg,IU Pennsylvania,Pennsylvania State Athletic,Pennsylvania State Athletic,0.0,31.0,False,True,Robert B. Redman Stadium
401549587,2023,11,regular,2023-11-11 17:00:00,Rochester (NY),Hobart,Liberty League,Liberty League,23.0,27.0,False,True,Edwin Fauver Stadium
401547203,2023,11,regular,2023-11-11 17:00:00,Nichols,Husson,Commonwealth Coast,Commonwealth Coast,31.0,61.0,False,True,Vendetti Field
401549793,2023,11,regular,2023-11-11 17:00:00,Greensboro,Methodist,USA South,USA South,27.0,21.0,False,True,Jamieson Stadium
401520386,2023,11,regular,2023-11-11 17:00:00,Kentucky,Alabama,SEC,SEC,21.0,49.0,False,True,Kroger Field
401550301,2023,11,regular,2023-11-11 17:00:00,Bates,Hamilton,NESCAC,NESCAC,7.0,21.0,False,True,Garcelon Field
401520383,2023,11,regular,2023-11-11 17:00:00,Illinois,Indiana,Big Ten,Big Ten,48.0,45.0,False,True,"Memorial Stadium (Champaign, IL)"
401520396,2023,11,regular,2023-11-11 17:00:00,South Carolina,Vanderbilt,SEC,SEC,47.0,6.0,False,True,Williams-Brice Stadium
401549579,2023,11,regular,2023-11-11 17:00:00,Union,Rensselaer,Liberty League,Liberty League,13.0,7.0,False,True,Frank Bailey Field
401525888,2023,11,regular,2023-11-11 17:00:00,Kansas,Texas Tech,Big 12,Big 12,13.0,16.0,False,True,Memorial Stadium
401525548,2023,11,regular,2023-11-11 17:00:00,Clemson,Georgia Tech,ACC,ACC,42.0,21.0,False,True,"Memorial Stadium (Clemson, SC)"
401545874,2023,11,regular,2023-11-11 17:00:00,West Chester,Clarion,Pennsylvania State Athletic,Pennsylvania State Athletic,34.0,7.0,False,True,John A. Farrell Stadium
401520394,2023,11,regular,2023-11-11 17:00:00,Penn State,Michigan,Big Ten,Big Ten,15.0,24.0,False,True,Beaver Stadium
401531344,2023,11,regular,2023-11-11 17:00:00,Tulane,Tulsa,American Athletic,American Athletic,24.0,22.0,False,True,Yulman Stadium
401525547,2023,11,regular,2023-11-11 17:00:00,Boston College,Virginia Tech,ACC,ACC,22.0,48.0,False,True,"Alumni Stadium (Chestnut Hill, MA)"
401549614,2023,11,regular,2023-11-11 17:00:00,Ithaca,SUNY Cortland,Liberty League,Empire 8,28.0,38.0,False,False,Butterfield Stadium
401520381,2023,11,regular,2023-11-11 17:00:00,Army,Holy Cross,FBS Independents,Patriot,17.0,14.0,False,False,Michie Stadium
401520392,2023,11,regular,2023-11-11 17:00:00,Nebraska,Maryland,Big Ten,Big Ten,10.0,13.0,False,True,"Memorial Stadium (Lincoln, NE)"
401540453,2023,11,regular,2023-11-11 17:00:00,Youngstown State,South Dakota State,MVFC,MVFC,0.0,34.0,False,True,Stambaugh Stadium
401540477,2023,11,regular,2023-11-11 17:00:00,Robert Morris,Charleston Southern,Big South,Big South-OVC,14.0,12.0,False,True,Joe Walton Stadium
401552026,2023,11,regular,2023-11-11 17:30:00,Middlebury,Tufts,NESCAC,NESCAC,19.0,10.0,False,True,Alumni Stadium (VT)
401540297,2023,11,regular,2023-11-11 17:30:00,Columbia,Brown,Ivy,Ivy,14.0,21.0,False,True,Lawrence A. Wien Stadium
401540076,2023,11,regular,2023-11-11 17:30:00,Lafayette,Fordham,Patriot,Patriot,24.0,16.0,False,True,Fisher Field
401540801,2023,11,regular,2023-11-11 18:00:00,Northern Michigan,Northern State,GLIAC,Northern Sun,20.0,44.0,False,False,Superior Dome
401544916,2023,11,regular,2023-11-11 18:00:00,Erskine,Barton,South Atlantic,South Atlantic,14.0,48.0,False,True,J.W. Babb Stadium
401541938,2023,11,regular,2023-11-11 18:00:00,Lincoln (MO),Central Missouri,Independent DII,Mid America,27.0,63.0,False,False,Dwight T. Reed Stadium
401545770,2023,11,regular,2023-11-11 18:00:00,West Liberty,Wheeling,Mountain East,Mountain East,31.0,3.0,False,True,West Family Stadium
401541100,2023,11,regular,2023-11-11 18:00:00,Wittenberg,Wooster,North Coast,North Coast,52.0,24.0,False,True,Edwards-Maurer Field
401550144,2023,11,regular,2023-11-11 18:00:00,Albion,Alma,Michigan,Michigan,14.0,50.0,False,True,Sprankle-Sprandel Stadium
401540596,2023,11,regular,2023-11-11 18:00:00,Western Carolina,East Tennessee State,Southern,Southern,58.0,7.0,False,True,E. J. Whitmire Stadium
401540577,2023,11,regular,2023-11-11 18:00:00,Stony Brook,UAlbany,Coastal Athletic,Coastal Athletic,20.0,38.0,False,True,Kenneth P. LaValle Stadium
401540568,2023,11,regular,2023-11-11 18:00:00,Valparaiso,Stetson,Pioneer,Pioneer,23.0,20.0,False,True,Brown Field
401540547,2023,11,regular,2023-11-11 18:00:00,Rhode Island,North Carolina A&T,Coastal Athletic,Coastal Athletic,31.0,24.0,False,True,Meade Stadium
401540512,2023,11,regular,2023-11-11 18:00:00,Dayton,Marist,Pioneer,Pioneer,35.0,6.0,False,True,Welcome Stadium
401540482,2023,11,regular,2023-11-11 18:00:00,Eastern Illinois,Tennessee State,Big South-OVC,Big South-OVC,30.0,17.0,False,True,O'Brien Stadium
401541119,2023,11,regular,2023-11-11 18:00:00,Randolph Macon,Hampden Sydney,Old Dominion,Old Dominion,49.0,10.0,False,True,Day Field
401540421,2023,11,regular,2023-11-11 18:00:00,Hampton,William & Mary,Coastal Athletic,Coastal Athletic,10.0,31.0,False,True,Armstrong Stadium
401540405,2023,11,regular,2023-11-11 18:00:00,Morehead State,Davidson,Pioneer,Pioneer,47.0,17.0,False,True,Jayne Stadium
401541129,2023,11,regular,2023-11-11 18:00:00,Greenville,Crown,Upper Midwest,Upper Midwest,64.0,20.0,False,True,Francis Field (IL)
401540374,2023,11,regular,2023-11-11 18:00:00,South Dakota,North Dakota,MVFC,MVFC,14.0,10.0,False,True,DakotaDome
401541800,2023,11,regular,2023-11-11 18:00:00,Ferris State,Wayne State (MI),GLIAC,GLIAC,63.0,19.0,False,True,Top Taggart Field
401540344,2023,11,regular,2023-11-11 18:00:00,Harvard,Pennsylvania,Ivy,Ivy,25.0,23.0,False,True,Harvard Stadium
401544076,2023,11,regular,2023-11-11 18:00:00,Olivet,Adrian,Michigan,Michigan,32.0,10.0,False,True,Cutler Field
401545826,2023,11,regular,2023-11-11 18:00:00,Concordia St. Paul,Wayne State (NE),Northern Sun,Northern Sun,21.0,56.0,False,True,Sea Foam Stadium
401541825,2023,11,regular,2023-11-11 18:00:00,Hillsdale,Ohio Dominican,Great Midwest Athletic,Great Midwest Athletic,35.0,17.0,False,True,"Frank ""Muddy"" Waters Stadium"
401545834,2023,11,regular,2023-11-11 18:00:00,Minnesota State,Minnesota Duluth,Northern Sun,Northern Sun,21.0,33.0,False,True,Blakeslee Stadium
401544086,2023,11,regular,2023-11-11 18:00:00,Grinnell,Cornell (IA),Midwest,Midwest,20.0,51.0,False,True,Rosenbloom Field
401540055,2023,11,regular,2023-11-11 18:00:00,Bucknell,Georgetown,Patriot,Patriot,47.0,50.0,False,True,Christy Mathewson-Memorial Stadium
401544124,2023,11,regular,2023-11-11 18:00:00,Bethany (WV),Saint Vincent,Presidents',Presidents',21.0,29.0,False,True,Bison Stadium
401549766,2023,11,regular,2023-11-11 18:00:00,Centre,Birmingham-Southern,Southern Athletic,Southern Athletic,10.0,6.0,False,True,Farris Stadium
401552546,2023,11,regular,2023-11-11 18:00:00,Franklin Pierce,American International,Northeast 10,Northeast 10,21.0,10.0,True,True,Sodexo Field
401553949,2023,11,regular,2023-11-11 18:00:00,Springfield,SUNY Maritime,NEWMAC,NEWMAC,51.0,6.0,False,True,Stagg Field
401544133,2023,11,regular,2023-11-11 18:00:00,Thiel,Grove City,Presidents',Presidents',0.0,31.0,False,True,Alumni Stadium (PA)
401540774,2023,11,regular,2023-11-11 18:00:00,Grand Valley State,Davenport,GLIAC,GLIAC,38.0,0.0,False,True,Lubbers Stadium
401541846,2023,11,regular,2023-11-11 18:00:00,West Florida,Chowan,Gulf South,Gulf South,52.0,6.0,True,True,Blue Wahoos Stadium
401550218,2023,11,regular,2023-11-11 18:00:00,Monmouth (IL),Knox,Midwest,Midwest,42.0,7.0,False,True,April Zorn Memorial Stadium
401550260,2023,11,regular,2023-11-11 18:00:00,Denison,Ohio Wesleyan,North Coast,North Coast,29.0,26.0,False,True,Deeds Field-Piper Stadium
401552401,2023,11,regular,2023-11-11 18:00:00,Emory & Henry,Limestone,South Atlantic,South Atlantic,29.0,47.0,False,True,Fred Selfe Stadium at Nicewonder Field
401540084,2023,11,regular,2023-11-11 18:00:00,Colgate,Lehigh,Patriot,Patriot,37.0,21.0,False,True,Andy Kerr Stadium
401552453,2023,11,regular,2023-11-11 18:00:00,Ursinus,Dickinson,Centennial,Centennial,21.0,10.0,False,True,Patterson Field
401552996,2023,11,regular,2023-11-11 18:00:00,Franklin & Marshall,Gettysburg,Centennial,Centennial,35.0,10.0,False,True,Shadek Stadium
401549826,2023,11,regular,2023-11-11 18:00:00,Susquehanna,Lycoming,Landmark Conference,Landmark Conference,49.0,10.0,False,False,Amos Alonzo Stagg Field (PA)
401549627,2023,11,regular,2023-11-11 18:00:00,Buffalo State,St. Lawrence,Liberty League,Liberty League,7.0,30.0,False,True,Coyer Field
401549658,2023,11,regular,2023-11-11 18:00:00,Beloit,Illinois College,Midwest,Midwest,7.0,54.0,False,True,Strong Stadium
401549672,2023,11,regular,2023-11-11 18:00:00,Lake Forest,Chicago,Midwest,Midwest,14.0,15.0,False,True,Farwell Field
401553860,2023,11,regular,2023-11-11 18:00:00,Stevenson,Eastern,Mid Atlantic,Mid Atlantic,26.0,23.0,False,True,Mustang Stadium
401520388,2023,11,regular,2023-11-11 18:00:00,Liberty,Old Dominion,Conference USA,Sun Belt,38.0,10.0,False,False,Williams Stadium (VA)
401540305,2023,11,regular,2023-11-11 18:00:00,Indiana State,Western Illinois,MVFC,MVFC,27.0,6.0,False,True,Memorial Stadium
401555476,2023,11,regular,2023-11-11 18:00:00,King's,Alvernia,Mid Atlantic,Mid Atlantic,50.0,0.0,False,True,McCarthy Stadium (Wilkes Barre)
401540113,2023,11,regular,2023-11-11 18:00:00,Bethune-Cookman,Alabama A&M,SWAC,SWAC,31.0,14.0,False,True,Municipal Stadium
401550315,2023,11,regular,2023-11-11 18:00:00,Averett,Ferrum,Old Dominion,Old Dominion,38.0,10.0,False,True,Daly Field at Frank R. Campbell Stadium
401544944,2023,11,regular,2023-11-11 18:00:00,Augustana (IL),North Central College,CCIW,CCIW,17.0,61.0,False,True,Charles D. Lindberg Stadium
401547027,2023,11,regular,2023-11-11 18:00:00,Mars Hill,Newberry,South Atlantic,South Atlantic,21.0,14.0,False,True,Meares Stadium
401541863,2023,11,regular,2023-11-11 18:00:00,Shorter,West Alabama,Gulf South,Gulf South,9.0,28.0,False,True,Barron Stadium
401541062,2023,11,regular,2023-11-11 18:00:00,Hartwick,SUNY Morrisville,Empire 8,Empire 8,13.0,38.0,False,True,Wright Stadium
401541042,2023,11,regular,2023-11-11 18:00:00,Carson Newman,Catawba,South Atlantic,South Atlantic,14.0,24.0,False,True,Burke-Tarr Stadium
401541032,2023,11,regular,2023-11-11 18:00:00,Lock Haven,Edinboro,Pennsylvania State Athletic,Pennsylvania State Athletic,30.0,36.0,False,True,Hubert Jack Stadium
401547113,2023,11,regular,2023-11-11 18:00:00,Luther,Dubuque,American Rivers,American Rivers,10.0,42.0,False,True,Legacy Field in Carlson Stadium
401540793,2023,11,regular,2023-11-11 18:00:00,Michigan Tech,Saginaw Valley State,GLIAC,GLIAC,21.0,38.0,False,True,Sherman Field
401550348,2023,11,regular,2023-11-11 18:00:00,Shenandoah,Washington and Lee,Old Dominion,Old Dominion,21.0,40.0,False,True,Shentel Stadium
401549681,2023,11,regular,2023-11-11 18:00:00,Rockford,Concordia Chicago,NACC,NACC,61.0,41.0,False,True,Sam Greeley Field
401550354,2023,11,regular,2023-11-11 18:00:00,Trinity (TX),Hendrix,Southern Athletic,Southern Athletic,56.0,7.0,False,True,Trinity University Stadium
401550390,2023,11,regular,2023-11-11 18:00:00,Westminster (PA),Geneva,Presidents',Presidents',35.0,14.0,False,True,Memorial Field (PA)
401549704,2023,11,regular,2023-11-11 18:00:00,New Haven,Bentley,Northeast 10,Northeast 10,24.0,17.0,False,True,Ralph F. DellaCamera Stadium
401550438,2023,11,regular,2023-11-11 18:00:00,Southwestern U,Sewanee,Southern Athletic,Southern Athletic,24.0,0.0,False,True,Birkelbach Field
401550206,2023,11,regular,2023-11-11 18:00:00,Lawrence,Ripon,Midwest,Midwest,34.0,55.0,False,True,Ron Roberts Field at the Banta Bowl
401550149,2023,11,regular,2023-11-11 18:00:00,Trine,Kalamazoo,Michigan,Michigan,42.0,29.0,False,True,Fred Zollner Athletic Stadium
401545841,2023,11,regular,2023-11-11 18:00:00,Minnesota St Moorhead,University of Mary,Northern Sun,Northern Sun,35.0,7.0,False,True,Scheels Field at Nemzek Stadium
401550397,2023,11,regular,2023-11-11 18:00:00,Washington & Jefferson,Waynesburg,Presidents',Presidents',33.0,28.0,False,True,Cameron Stadium
401541022,2023,11,regular,2023-11-11 18:00:00,Shippensburg,Gannon,Pennsylvania State Athletic,Pennsylvania State Athletic,17.0,10.0,False,True,Seth Grove Stadium
401544889,2023,11,regular,2023-11-11 18:00:00,Southwest Minnesota State,Sioux Falls,Northern Sun,Northern Sun,28.0,10.0,False,True,Schwan Regional Event Center
401553036,2023,11,regular,2023-11-11 18:00:00,Catholic,Juniata,Landmark Conference,Landmark Conference,34.0,20.0,False,False,Cardinal Stadium (DC)
401544059,2023,11,regular,2023-11-11 18:00:00,Utica,St. John Fisher,Empire 8,Empire 8,14.0,0.0,False,True,Charles A. Gaetano Stadium
401550370,2023,11,regular,2023-11-11 18:00:00,Maryville (TN),Southern Virginia,USA South,USA South,48.0,10.0,False,True,Lloyd L. Thornton Stadium
401545758,2023,11,regular,2023-11-11 18:00:00,Glenville State,West Virginia Wesleyan,Mountain East,Mountain East,41.0,3.0,False,True,I.L. & Sue Morris Stadium
401550275,2023,11,regular,2023-11-11 18:00:00,Kenyon,Oberlin,North Coast,North Coast,38.0,10.0,False,True,McBride Field
401540580,2023,11,regular,2023-11-11 18:00:00,Villanova,Towson,Coastal Athletic,Coastal Athletic,33.0,10.0,False,True,Villanova Stadium
401540318,2023,11,regular,2023-11-11 18:00:00,Campbell,Delaware,Coastal Athletic,CAA,7.0,45.0,False,True,Barker-Lane Stadium
401545868,2023,11,regular,2023-11-11 18:05:00,East Stroudsburg,California (PA),Pennsylvania State Athletic,Pennsylvania State Athletic,37.0,30.0,False,True,Eiler-Martin Stadium
401541091,2023,11,regular,2023-11-11 18:07:00,Wabash,DePauw,North Coast,North Coast,30.0,33.0,False,True,Little Giant Stadium
401544961,2023,11,regular,2023-11-11 18:30:00,Rose Hulman,Mount St Joseph,Heartland,Heartland,20.0,68.0,False,True,Cook Stadium
401544105,2023,11,regular,2023-11-11 18:30:00,Marietta,Muskingum,Ohio,Ohio,21.0,20.0,False,True,Don Drumm Stadium
401540332,2023,11,regular,2023-11-11 18:30:00,Dartmouth,Cornell,Ivy,Ivy,30.0,14.0,False,True,Memorial Field
401550090,2023,11,regular,2023-11-11 18:30:00,Hanover,Franklin,Heartland,Heartland,36.0,17.0,False,True,Alumni Stadium (IN)
401550078,2023,11,regular,2023-11-11 18:30:00,Manchester,Anderson (IN),Heartland,Heartland,37.0,7.0,False,True,Carl W. Burt Memorial Stadium
401550288,2023,11,regular,2023-11-11 18:30:00,Otterbein,John Carroll,Ohio,Ohio,22.0,37.0,False,True,"Memorial Stadium (Westerville, OH)"
401550264,2023,11,regular,2023-11-11 18:30:00,Heidelberg,Capital,Ohio,Ohio,31.0,17.0,False,True,Hoernemann Stadium
401544114,2023,11,regular,2023-11-11 18:30:00,Mount Union,Baldwin Wallace,Ohio,Ohio,41.0,17.0,False,True,Mount Union Stadium
401540603,2023,11,regular,2023-11-11 18:30:00,Furman,VMI,Southern,Southern,37.0,3.0,False,True,Paladin Stadium
401541072,2023,11,regular,2023-11-11 18:30:00,Defiance College,Bluffton,Heartland,Heartland,35.0,42.0,False,True,Justin F. Coressel Stadium
401531913,2023,11,regular,2023-11-11 19:00:00,Georgia State,App State,Sun Belt,Sun Belt,14.0,42.0,False,True,Center Parc Stadium
401531915,2023,11,regular,2023-11-11 19:00:00,UL Monroe,Troy,Sun Belt,Sun Belt,14.0,45.0,False,True,Malone Stadium
401524052,2023,11,regular,2023-11-11 19:00:00,Colorado,Arizona,Pac-12,Pac-12,31.0,34.0,False,True,Folsom Field
401531408,2023,11,regular,2023-11-11 19:00:00,Charlotte,Memphis,American Athletic,American Athletic,38.0,44.0,False,True,Jerry Richardson Stadium
401540181,2023,11,regular,2023-11-11 19:00:00,Austin Peay,Utah Tech,UAC,UAC,30.0,17.0,False,True,Governors Stadium
401541138,2023,11,regular,2023-11-11 19:00:00,Wisconsin Oshkosh,Wisconsin River Falls,Wisconsin,Wisconsin,38.0,31.0,False,True,J.J. Keller Field at Titan Stadium
401540428,2023,11,regular,2023-11-11 19:00:00,Lindenwood,Bryant,Big South-OVC,Big South-OVC,3.0,38.0,False,True,Hunter Stadium
401545808,2023,11,regular,2023-11-11 19:00:00,Augustana (SD),Bemidji State,Northern Sun,Northern Sun,38.0,19.0,False,True,Kirkeby-Over Stadium
401547089,2023,11,regular,2023-11-11 19:00:00,Buena Vista,Nebraska Wesleyan,American Rivers,American Rivers,25.0,20.0,False,True,J. Leslie Rollins Stadium
401540707,2023,11,regular,2023-11-11 19:00:00,Southwest Baptist,Indianapolis,Great Lakes,Great Lakes,3.0,41.0,False,True,Plaster Sports Complex
401547180,2023,11,regular,2023-11-11 19:00:00,McMurry,Sul Ross State,American Southwest,American Southwest,37.0,23.0,False,True,Wilford Moore Stadium
401540621,2023,11,regular,2023-11-11 19:00:00,The Citadel,Wofford,Southern,Southern,3.0,11.0,False,True,Johnson Hagood Stadium
401547225,2023,11,regular,2023-11-11 19:00:00,Illinois Wesleyan,Elmhurst,CCIW,CCIW,49.0,13.0,False,True,Tucci Stadium
401545851,2023,11,regular,2023-11-11 19:00:00,Winona State,Minot State,Northern Sun,Northern Sun,13.0,7.0,False,True,Altra Federal Credit Union Stadium
401541767,2023,11,regular,2023-11-11 19:00:00,Ouachita Baptist,Henderson State,Great American,Great American,27.0,31.0,False,True,Cliff Harris Stadium
401544997,2023,11,regular,2023-11-11 19:00:00,Wilmington (OH),Ohio Northern,Ohio,Ohio,14.0,38.0,False,True,Wiliams Stadium (OH)
401550446,2023,11,regular,2023-11-11 19:00:00,Minnesota Morris,Northwestern (MN),Upper Midwest,Upper Midwest,42.0,39.0,False,True,Big Cat Stadium
401540989,2023,11,regular,2023-11-11 19:00:00,Midwestern State,Texas A&M-Kingsville,Lone Star,Lone Star,21.0,27.0,False,True,"Memorial Stadium (Wichita Falls, TX)"
401547106,2023,11,regular,2023-11-11 19:00:00,Coe,Loras,American Rivers,American Rivers,54.0,14.0,False,True,Clark Field
401540736,2023,11,regular,2023-11-11 19:00:00,Missouri S&T,Truman State,Great Lakes,Great Lakes,14.0,24.0,False,True,Allgood-Bailey Stadium
401540716,2023,11,regular,2023-11-11 19:00:00,McKendree,William Jewell,Great Lakes,Great Lakes,35.0,14.0,False,True,Leemon Field
401540519,2023,11,regular,2023-11-11 19:00:00,Drake,Presbyterian,Pioneer,Pioneer,16.0,14.0,False,True,Drake Stadium
401541957,2023,11,regular,2023-11-11 19:00:00,Fort Hays,Emporia State,Mid America,Mid America,42.0,45.0,False,True,Lewis Field Stadium
401541983,2023,11,regular,2023-11-11 19:00:00,Washburn,Northeastern State,Mid America,Mid America,45.0,14.0,False,True,Yager Stadium at Moore Bowl
401541922,2023,11,regular,2023-11-11 19:00:00,Western New Mexico,Eastern New Mexico,Lone Star,Lone Star,25.0,24.0,False,True,Ben Altamirano Field
401541052,2023,11,regular,2023-11-11 19:00:00,Texas Lutheran,Austin,American Southwest,American Southwest,29.0,10.0,False,True,Bulldog Stadium (TX)
401545994,2023,11,regular,2023-11-11 19:00:00,New Mexico Highlands,Colorado Mesa,Rocky Mountain,Rocky Mountain,24.0,38.0,False,True,Sanchez Family Stadium
401544953,2023,11,regular,2023-11-11 19:00:00,Millikin,Carthage,CCIW,CCIW,15.0,24.0,False,True,Frank M. Lindsay Field
401544143,2023,11,regular,2023-11-11 19:00:00,Berry,Rhodes,Southern Athletic,Southern Athletic,36.0,12.0,False,True,Valhalla Stadium
401549783,2023,11,regular,2023-11-11 19:00:00,Wisconsin Whitewater,Wisconsin Eau Claire,Wisconsin,Wisconsin,59.0,0.0,False,True,Perkins Stadium
401547147,2023,11,regular,2023-11-11 19:00:00,Howard Payne,Mary Hardin Baylor,American Southwest,American Southwest,10.0,35.0,False,True,Gordon Wood Stadium
401550322,2023,11,regular,2023-11-11 19:00:00,Bridgewater,Guilford,Old Dominion,Old Dominion,47.0,15.0,False,True,Jopson Athletic Complex
401545999,2023,11,regular,2023-11-11 19:00:00,Fort Lewis,Colorado School of Mines,Rocky Mountain,Rocky Mountain,0.0,82.0,False,True,Ray Dennison Memorial Field
401545988,2023,11,regular,2023-11-11 19:00:00,Chadron State,South Dakota Mines,Rocky Mountain,Rocky Mountain,27.0,19.0,False,True,Elliott Field at Don Beebe Stadium
401549801,2023,11,regular,2023-11-11 19:00:00,Huntingdon,North Carolina Wesleyan,USA South,USA South,21.0,0.0,False,True,Charles Lee Field at Samford Stadium
401550239,2023,11,regular,2023-11-11 19:00:00,Lakeland,Eureka,NACC,NACC,35.0,34.0,False,True,Taylor Field
401525551,2023,11,regular,2023-11-11 19:00:00,Wake Forest,NC State,ACC,ACC,6.0,26.0,False,True,Allegacy Federal Credit Union Stadium
401547098,2023,11,regular,2023-11-11 19:00:00,Simpson (IA),Central College,American Rivers,American Rivers,14.0,69.0,False,True,Bill Buxton Stadium
401550225,2023,11,regular,2023-11-11 19:00:00,Aurora,Concordia (WI),NACC,NACC,23.0,0.0,False,True,Vago Field
401550048,2023,11,regular,2023-11-11 19:00:00,North Park,Wheaton (IL),CCIW,CCIW,26.0,42.0,False,True,Holmgren Athletic Complex
401520385,2023,11,regular,2023-11-11 19:00:00,James Madison,UConn,Sun Belt,FBS Independents,44.0,6.0,False,False,Bridgeforth Stadium
401550067,2023,11,regular,2023-11-11 19:00:00,Anna Maria College,Vermont State Castleton,ECFC,ECFC,58.0,23.0,False,True,Caparso Field
401550420,2023,11,regular,2023-11-11 19:00:00,Wisconsin Stevens Point,Wisconsin La Crosse,Wisconsin,Wisconsin,7.0,41.0,False,True,Community Stadium at Goerke Park
401541854,2023,11,regular,2023-11-11 19:00:00,Delta State,Mississippi College,Gulf South,Gulf South,41.0,3.0,False,True,Parker Field at McCool Stadium
401551508,2023,11,regular,2023-11-11 19:00:00,East Texas Baptist,Hardin Simmons,American Southwest,American Southwest,27.0,42.0,False,True,Ornelas Stadium
401540415,2023,11,regular,2023-11-11 19:00:00,Richmond,Elon,Coastal Athletic,Coastal Athletic,38.0,24.0,False,True,E. Claiborne Robins Stadium
401540487,2023,11,regular,2023-11-11 19:30:00,Tennessee Tech,Gardner-Webb,Big South-OVC,Big South-OVC,0.0,35.0,False,True,Tucker Stadium
401541978,2023,11,regular,2023-11-11 19:30:00,Northwest Missouri State,Nebraska Kearney,Mid America,Mid America,56.0,7.0,False,True,Bearcat Stadium
401540610,2023,11,regular,2023-11-11 20:00:00,Kennesaw State,Virginia Lynchburg,FCS Independents,,63.0,3.0,False,False,Fifth Third Stadium
401540615,2023,11,regular,2023-11-11 20:00:00,Mercer,Samford,Southern,Southern,28.0,21.0,False,True,Five Star Stadium at the Moye Complex
401550424,2023,11,regular,2023-11-11 20:00:00,Wisconsin Platteville,Wisconsin Stout,Wisconsin,Wisconsin,41.0,24.0,False,True,Ralph E. Davis Pioneer Stadium
401541911,2023,11,regular,2023-11-11 20:00:00,UT Permian Basin,Central Washington,Lone Star,Lone Star,42.0,14.0,False,True,Ratliff Stadium
401540242,2023,11,regular,2023-11-11 20:00:00,Montana State,Eastern Washington,Big Sky,Big Sky,57.0,14.0,False,True,Bobcat Stadium
401540169,2023,11,regular,2023-11-11 20:00:00,Southern,Prairie View A&M,SWAC,SWAC,21.0,27.0,False,True,Ace W. Mumford Stadium
401540502,2023,11,regular,2023-11-11 20:00:00,UT Martin,Southeast Missouri State,Big South-OVC,Big South-OVC,41.0,14.0,False,True,Graham Stadium
401541790,2023,11,regular,2023-11-11 20:00:00,Southeastern Oklahoma State,East Central,Great American,Great American,24.0,14.0,False,True,Paul Laird Field
401541781,2023,11,regular,2023-11-11 20:00:00,Southern Nazarene,Oklahoma Baptist,Great American,Great American,49.0,21.0,False,True,Southern Nazarene University Football Stadium
401540784,2023,11,regular,2023-11-11 20:00:00,Southern Arkansas,Arkansas Monticello,Great American,Great American,60.0,17.0,False,True,Wilkins Stadium
401540727,2023,11,regular,2023-11-11 20:00:00,Arkansas Tech,Harding,Great American,Great American,0.0,56.0,False,True,Thone Stadium at Buerkle Field
401545981,2023,11,regular,2023-11-11 20:00:00,CSU Pueblo,Black Hills State,Rocky Mountain,Rocky Mountain,42.0,37.0,False,True,Neta and Eddie DeRose ThunderBowl
401544907,2023,11,regular,2023-11-11 20:00:00,Adams State,Western Colorado,Rocky Mountain,Rocky Mountain,24.0,45.0,False,True,Rex Stadium
401541965,2023,11,regular,2023-11-11 20:00:00,Missouri Southern State,Missouri Western,Mid America,Mid America,47.0,41.0,False,True,Fred G. Hughes Stadium
401540218,2023,11,regular,2023-11-11 20:00:00,Abilene Christian,Tarleton State,UAC,UAC,30.0,31.0,False,True,Wildcat Stadium (TX)
401541948,2023,11,regular,2023-11-11 20:00:00,Pittsburg State,Central Oklahoma,Mid America,Mid America,20.0,10.0,False,True,Carnie Smith Stadium
401540277,2023,11,regular,2023-11-11 20:00:00,Northern Arizona,Northern Colorado,Big Sky,Big Sky,28.0,7.0,False,True,Walkup Skydome
401540122,2023,11,regular,2023-11-11 20:00:00,Mississippi Valley State,Alabama State,SWAC,SWAC,3.0,20.0,False,True,Rice-Totten Field
401550246,2023,11,regular,2023-11-11 20:00:00,St. Norbert,Benedictine (IL),NACC,NACC,24.0,0.0,False,True,Donald J. Schneider Stadium
401540352,2023,11,regular,2023-11-11 20:00:00,Missouri State,Northern Iowa,MVFC,MVFC,35.0,16.0,False,True,Plaster Sports Complex
401540433,2023,11,regular,2023-11-11 20:00:00,Incarnate Word,Northwestern State,Southland,Southland,1.0,0.0,False,True,Gayle and Tom Benson Stadium
401540249,2023,11,regular,2023-11-11 20:00:00,Weber State,Idaho,Big Sky,Big Sky,31.0,29.0,False,True,Stewart Stadium
401532615,2023,11,regular,2023-11-11 20:00:00,Utah State,Nevada,Mountain West,Mountain West,41.0,24.0,False,True,Maverik Stadium
401520387,2023,11,regular,2023-11-11 20:00:00,Louisiana Tech,Sam Houston,Conference USA,Conference USA,27.0,42.0,False,True,Joe Aillet Stadium
401525889,2023,11,regular,2023-11-11 20:00:00,Kansas State,Baylor,Big 12,Big 12,59.0,25.0,False,True,Bill Snyder Family Stadium
401525550,2023,11,regular,2023-11-11 20:30:00,Florida State,Miami,ACC,ACC,27.0,20.0,False,True,Doak Campbell Stadium
401525552,2023,11,regular,2023-11-11 20:30:00,Syracuse,Pittsburgh,ACC,ACC,28.0,13.0,True,True,Yankee Stadium
401524056,2023,11,regular,2023-11-11 20:30:00,Washington,Utah,Pac-12,Pac-12,35.0,28.0,False,True,Husky Stadium
401520399,2023,11,regular,2023-11-11 20:30:00,Western Kentucky,New Mexico State,Conference USA,Conference USA,29.0,38.0,False,True,Houchens Industries-L.T. Smith Stadium
401525892,2023,11,regular,2023-11-11 20:30:00,UCF,Oklahoma State,Big 12,Big 12,45.0,3.0,False,True,FBC Mortgage Stadium
401531384,2023,11,regular,2023-11-11 20:30:00,Navy,UAB,American Athletic,American Athletic,31.0,6.0,False,True,Navy-Marine Corps Memorial Stadium
401540387,2023,11,regular,2023-11-11 20:30:00,North Dakota State,Southern Illinois,MVFC,MVFC,34.0,10.0,False,True,Fargodome
401520390,2023,11,regular,2023-11-11 20:30:00,Middle Tennessee,Florida International,Conference USA,Conference USA,40.0,6.0,False,True,"Johnny ""Red"" Floyd Stadium"
401534857,2023,11,regular,2023-11-11 20:30:00,Howard,North Carolina Central,MEAC,MEAC,50.0,20.0,False,True,William H. Greene Stadium
401531912,2023,11,regular,2023-11-11 20:30:00,Coastal Carolina,Texas State,Sun Belt,Sun Belt,31.0,23.0,False,True,Brooks Stadium (SC)
401520398,2023,11,regular,2023-11-11 20:30:00,Wisconsin,Northwestern,Big Ten,Big Ten,10.0,24.0,False,True,Camp Randall Stadium
401520395,2023,11,regular,2023-11-11 20:30:00,Purdue,Minnesota,Big Ten,Big Ten,49.0,30.0,False,True,Ross-Ade Stadium
401520384,2023,11,regular,2023-11-11 20:30:00,Iowa,Rutgers,Big Ten,Big Ten,22.0,0.0,False,True,Kinnick Stadium
401520391,2023,11,regular,2023-11-11 20:30:00,Missouri,Tennessee,SEC,SEC,36.0,7.0,False,True,Memorial Stadium
401550880,2023,11,regular,2023-11-11 21:00:00,Willamette,Lewis & Clark,Northwest,Northwest,13.0,63.0,False,True,McCulloch Stadium
401552011,2023,11,regular,2023-11-11 21:00:00,Puget Sound,Pacific Lutheran,Northwest,Northwest,7.0,42.0,False,True,Baker Stadium
401547024,2023,11,regular,2023-11-11 21:00:00,Tusculum,Lenoir Rhyne,South Atlantic,South Atlantic,7.0,48.0,False,True,Pioneer Field (TN)
401520380,2023,11,regular,2023-11-11 21:00:00,Arkansas,Auburn,SEC,SEC,10.0,48.0,False,True,Razorback Stadium
401540560,2023,11,regular,2023-11-11 21:00:00,San Diego,St. Thomas (MN),Pioneer,Pioneer,14.0,20.0,False,True,Torero Stadium
401540381,2023,11,regular,2023-11-11 21:00:00,Nicholls,Lamar,Southland,Southland,37.0,24.0,False,True,Manning Field at John L. Guidry Stadium
401541774,2023,11,regular,2023-11-11 21:00:00,Northwestern (OK),Southwestern Oklahoma State,Great American,Great American,41.0,0.0,False,True,Ranger Field
401531416,2023,11,regular,2023-11-11 21:00:00,Florida Atlantic,East Carolina,American Athletic,American Athletic,7.0,22.0,False,True,FAU Stadium
401541000,2023,11,regular,2023-11-11 21:00:00,UNC Pembroke,Concord,Mountain East,Mountain East,68.0,21.0,False,True,Grace P. Johnson Stadium
401544095,2023,11,regular,2023-11-11 21:00:00,Linfield,Whitworth,Northwest,Northwest,24.0,28.0,False,True,Maxwell Field
401524051,2023,11,regular,2023-11-11 21:00:00,California,Washington State,Pac-12,Pac-12,42.0,39.0,False,True,California Memorial Stadium
401540436,2023,11,regular,2023-11-11 21:30:00,East Texas A&M,SE Louisiana,Southland,Southland,14.0,52.0,False,True,Memorial Stadium (Commerce TX)
401540233,2023,11,regular,2023-11-11 22:00:00,Sacramento State,Cal Poly,Big Sky,Big Sky,41.0,30.0,False,True,Hornet Stadium
401549721,2023,11,regular,2023-11-11 22:00:00,Colby,Bowdoin,NESCAC,NESCAC,14.0,35.0,False,True,Seaverns Field At Harold Alfond Stadium
401549775,2023,11,regular,2023-11-11 22:00:00,Mayville State,Martin Luther,,Upper Midwest,45.0,20.0,True,False,
401541810,2023,11,regular,2023-11-11 22:00:00,Kentucky Wesleyan,Ashland,Great Midwest Athletic,Great Midwest Athletic,23.0,56.0,False,True,Steele Stadium
401540211,2023,11,regular,2023-11-11 22:00:00,Stephen F. Austin,Southern Utah,UAC,UAC,17.0,45.0,False,True,Homer Bryce Stadium
401540191,2023,11,regular,2023-11-11 22:00:00,Central Arkansas,Eastern Kentucky,UAC,UAC,27.0,24.0,False,True,Estes Stadium
401547194,2023,11,regular,2023-11-11 22:00:00,Johns Hopkins,McDaniel,Centennial,Centennial,58.0,7.0,False,True,Homewood Field
401531916,2023,11,regular,2023-11-11 22:00:00,South Alabama,Arkansas State,Sun Belt,Sun Belt,21.0,14.0,False,True,Hancock Whitney Stadium
401524054,2023,11,regular,2023-11-11 22:30:00,Oregon State,Stanford,Pac-12,Pac-12,62.0,17.0,False,True,Reser Stadium
401549649,2023,11,regular,2023-11-11 23:00:00,Washington St. Louis,Carroll (WI),CCIW,CCIW,35.0,23.0,False,True,Francis Field (MO)
401549637,2023,11,regular,2023-11-11 23:00:00,Montclair State,Muhlenberg,New Jersey,Centennial,14.0,45.0,False,False,Sprague Field
401540257,2023,11,regular,2023-11-11 23:00:00,Idaho State,UC Davis,Big Sky,Big Sky,14.0,21.0,False,True,Holt Arena
401549742,2023,11,regular,2023-11-11 23:00:00,MIT,WPI,NEWMAC,NEWMAC,25.0,21.0,False,True,Henry G. Steinbrenner '27 Stadium
401525890,2023,11,regular,2023-11-12 00:00:00,Oklahoma,West Virginia,Big 12,Big 12,59.0,20.0,False,True,"Memorial Stadium (Norman, OK)"
401550379,2023,11,regular,2023-11-12 00:00:00,Carnegie Mellon,Case Western Reserve,Presidents',Presidents',31.0,21.0,False,True,Gesling Stadium
401531914,2023,11,regular,2023-11-12 00:00:00,Marshall,Georgia Southern,Sun Belt,Sun Belt,38.0,33.0,False,True,Joan C. Edwards Stadium
401525887,2023,11,regular,2023-11-12 00:00:00,Houston,Cincinnati,Big 12,Big 12,14.0,24.0,False,True,TDECU Stadium
401541897,2023,11,regular,2023-11-12 00:00:00,Angelo State,Western Oregon,Lone Star,Lone Star,31.0,13.0,False,True,LeGrand Stadium at 1st Community Credit Union Field
401520382,2023,11,regular,2023-11-12 00:00:00,Georgia,Ole Miss,SEC,SEC,52.0,17.0,False,True,Sanford Stadium
401532617,2023,11,regular,2023-11-12 00:00:00,Colorado State,San Diego State,Mountain West,Mountain West,22.0,19.0,False,True,Canvas Stadium
401550495,2023,11,regular,2023-11-12 00:00:00,George Fox,Pacific (OR),Northwest,Northwest,45.0,42.0,False,True,Stoffer Family Stadium
401541871,2023,11,regular,2023-11-12 00:00:00,Valdosta State,West Georgia,Gulf South,Gulf South,58.0,28.0,False,True,Bazemore-Hyder Stadium
401525891,2023,11,regular,2023-11-12 00:30:00,TCU,Texas,Big 12,Big 12,26.0,29.0,False,True,Amon G. Carter Stadium
401520397,2023,11,regular,2023-11-12 00:30:00,Texas A&M,Mississippi State,SEC,SEC,51.0,10.0,False,True,Kyle Field
401520393,2023,11,regular,2023-11-12 00:30:00,Ohio State,Michigan State,Big Ten,Big Ten,38.0,3.0,False,True,Ohio Stadium
401531400,2023,11,regular,2023-11-12 00:30:00,UTSA,Rice,American Athletic,American Athletic,34.0,14.0,False,True,Alamodome
401520389,2023,11,regular,2023-11-12 00:30:00,LSU,Florida,SEC,SEC,52.0,35.0,False,True,Tiger Stadium (LA)
401525549,2023,11,regular,2023-11-12 01:00:00,North Carolina,Duke,ACC,ACC,47.0,45.0,False,True,Kenan Stadium
401540361,2023,11,regular,2023-11-12 01:00:00,McNeese,Houston Christian,Southland,Southland,24.0,35.0,False,True,Cowboy Stadium
401540264,2023,11,regular,2023-11-12 02:00:00,Portland State,Montana,Big Sky,Big Sky,10.0,34.0,False,True,Hillsboro Stadium
401524055,2023,11,regular,2023-11-12 02:00:00,UCLA,Arizona State,Pac-12,Pac-12,7.0,17.0,False,True,Rose Bowl
401532616,2023,11,regular,2023-11-12 03:00:00,Boise State,New Mexico,Mountain West,Mountain West,42.0,14.0,False,True,Albertsons Stadium
401525886,2023,11,regular,2023-11-12 03:15:00,BYU,Iowa State,Big 12,Big 12,13.0,45.0,False,True,LaVell Edwards Stadium
401524053,2023,11,regular,2023-11-12 03:30:00,Oregon,USC,Pac-12,Pac-12,36.0,27.0,False,True,Autzen Stadium
401532614,2023,11,regular,2023-11-12 03:30:00,San José State,Fresno State,Mountain West,Mountain West,42.0,18.0,False,True,CEFCU Stadium
401532613,2023,11,regular,2023-11-12 04:00:00,Hawai'i,Air Force,Mountain West,Mountain West,27.0,13.0,False,True,Clarence T.C. Ching Athletics Complex
401540154,2023,11,regular,2023-11-12 04:00:00,Florida A&M,Lincoln (CA),SWAC,,28.0,0.0,False,False,Bragg Memorial Stadium
401552884,2023,11,regular,2023-11-12 17:00:00,Worcester State,Framingham State,MSCAC,MSCAC,,,False,True,John Coughlin Memorial Field
401540131,2023,11,regular,2023-11-12 20:00:00,Texas Southern,Alcorn State,SWAC,SWAC,44.0,10.0,False,True,BBVA Compass Stadium
401532445,2023,12,regular,2023-11-15 00:00:00,Eastern Michigan,Akron,Mid-American,Mid-American,30.0,27.0,False,True,Rynearson Stadium
401532444,2023,12,regular,2023-11-15 00:00:00,Northern Illinois,Western Michigan,Mid-American,Mid-American,24.0,0.0,False,True,Huskie Stadium
401532443,2023,12,regular,2023-11-15 00:00:00,Bowling Green,Toledo,Mid-American,Mid-American,31.0,32.0,False,True,Doyt L. Perry Stadium
401532446,2023,12,regular,2023-11-16 00:00:00,Ohio,Central Michigan,Mid-American,Mid-American,34.0,20.0,False,True,Peden Stadium
401532447,2023,12,regular,2023-11-16 00:00:00,Miami (OH),Buffalo,Mid-American,Mid-American,23.0,10.0,False,True,Yager Stadium
401540437,2023,12,regular,2023-11-17 00:00:00,SE Louisiana,Nicholls,Southland,Southland,16.0,21.0,False,True,Strawberry Stadium
401540114,2023,12,regular,2023-11-17 00:00:00,Alabama A&M,Mississippi Valley State,SWAC,SWAC,30.0,21.0,False,True,Louis Crews Stadium
401525553,2023,12,regular,2023-11-17 00:00:00,Pittsburgh,Boston College,ACC,ACC,24.0,16.0,False,True,Acrisure Stadium
401531401,2023,12,regular,2023-11-18 02:00:00,UTSA,South Florida,American Athletic,American Athletic,49.0,21.0,False,True,Alamodome
401524057,2023,12,regular,2023-11-18 03:30:00,Washington State,Colorado,Pac-12,Pac-12,56.0,14.0,False,True,Gesa Field
401520410,2023,12,regular,2023-11-18 17:00:00,Maryland,Michigan,Big Ten,Big Ten,24.0,31.0,False,True,SECU Stadium
401540011,2023,12,regular,2023-11-18 17:00:00,Central Connecticut,Saint Francis,NEC,NEC,14.0,49.0,False,True,Arute Field
401520414,2023,12,regular,2023-11-18 17:00:00,Northwestern,Purdue,Big Ten,Big Ten,23.0,15.0,False,True,Ryan Field
401520405,2023,12,regular,2023-11-18 17:00:00,Indiana,Michigan State,Big Ten,Big Ten,21.0,24.0,False,True,"Memorial Stadium (Bloomington, IN)"
401520403,2023,12,regular,2023-11-18 17:00:00,Army,Coastal Carolina,FBS Independents,Sun Belt,28.0,21.0,False,False,Michie Stadium
401520412,2023,12,regular,2023-11-18 17:00:00,Mississippi State,Southern Miss,SEC,Sun Belt,41.0,20.0,False,False,Davis Wade Stadium
401520420,2023,12,regular,2023-11-18 17:00:00,Texas A&M,Abilene Christian,SEC,UAC,38.0,10.0,False,False,Kyle Field
401520421,2023,12,regular,2023-11-18 17:00:00,UConn,Sacred Heart,FBS Independents,NEC,31.0,3.0,False,False,Pratt & Whitney Stadium
401520401,2023,12,regular,2023-11-18 17:00:00,Alabama,Chattanooga,SEC,Southern,66.0,10.0,False,False,Bryant-Denny Stadium
401525893,2023,12,regular,2023-11-18 17:00:00,BYU,Oklahoma,Big 12,Big 12,24.0,31.0,False,True,LaVell Edwards Stadium
401525558,2023,12,regular,2023-11-18 17:00:00,Miami,Louisville,ACC,ACC,31.0,38.0,False,True,Hard Rock Stadium
401531375,2023,12,regular,2023-11-18 17:00:00,Florida Atlantic,Tulane,American Athletic,American Athletic,8.0,24.0,False,True,FAU Stadium
401540624,2023,12,regular,2023-11-18 17:00:00,VMI,Western Carolina,Southern,Southern,27.0,24.0,False,True,Alumni Memorial Field
401540298,2023,12,regular,2023-11-18 17:00:00,Brown,Dartmouth,Ivy,Ivy,13.0,38.0,False,True,Brown Stadium
401540046,2023,12,regular,2023-11-18 17:00:00,Wagner,Post,NEC,Independent DII,48.0,21.0,False,False,Wagner College Stadium
401540604,2023,12,regular,2023-11-18 17:00:00,Wofford,Furman,Southern,Southern,19.0,13.0,False,True,Gibbs Stadium
401540561,2023,12,regular,2023-11-18 17:00:00,Stetson,San Diego,Pioneer,Pioneer,20.0,47.0,False,True,Spec Martin Municipal Stadium
401520416,2023,12,regular,2023-11-18 17:00:00,Ole Miss,UL Monroe,SEC,Sun Belt,35.0,3.0,False,False,Vaught-Hemingway Stadium
401520417,2023,12,regular,2023-11-18 17:00:00,Penn State,Rutgers,Big Ten,Big Ten,27.0,6.0,False,True,Beaver Stadium
401531417,2023,12,regular,2023-11-18 17:00:00,Navy,East Carolina,American Athletic,American Athletic,10.0,0.0,False,True,Navy-Marine Corps Memorial Stadium
401531431,2023,12,regular,2023-11-18 17:00:00,Memphis,SMU,American Athletic,American Athletic,34.0,38.0,False,True,Simmons Bank Liberty Stadium
401540520,2023,12,regular,2023-11-18 17:00:00,Butler,Drake,Pioneer,Pioneer,9.0,13.0,False,True,Butler Bowl
401540483,2023,12,regular,2023-11-18 17:00:00,Robert Morris,Eastern Illinois,Big South,Big South-OVC,14.0,28.0,False,True,Joe Walton Stadium
401540019,2023,12,regular,2023-11-18 17:00:00,Merrimack,Duquesne,NEC,NEC,14.0,26.0,False,True,Duane Stadium
401540056,2023,12,regular,2023-11-18 17:00:00,Marist,Bucknell,Pioneer,Patriot,21.0,38.0,False,False,Leonidoff Field
401540077,2023,12,regular,2023-11-18 17:00:00,Lehigh,Lafayette,Patriot,Patriot,21.0,49.0,False,True,Goodman Stadium
401540064,2023,12,regular,2023-11-18 17:00:00,Holy Cross,Georgetown,Patriot,Patriot,31.0,10.0,False,True,Fitton Field
401540345,2023,12,regular,2023-11-18 17:00:00,Yale,Harvard,Ivy,Ivy,23.0,18.0,False,True,Yale Bowl
401541635,2023,12,regular,2023-11-18 18:00:00,Colgate,Fordham,Patriot,Patriot,21.0,14.0,False,True,Andy Kerr Stadium
401540329,2023,12,regular,2023-11-18 18:00:00,Delaware,Villanova,CAA,Coastal Athletic,7.0,35.0,False,True,Delaware Stadium
401540478,2023,12,regular,2023-11-18 18:00:00,Gardner-Webb,Charleston Southern,Big South-OVC,Big South-OVC,34.0,10.0,False,True,Ernest W. Spangler Stadium
401540493,2023,12,regular,2023-11-18 18:00:00,New Hampshire,Maine,Coastal Athletic,Coastal Athletic,44.0,25.0,False,True,Wildcat Stadium
401534858,2023,12,regular,2023-11-18 18:00:00,Howard,Morgan State,MEAC,MEAC,14.0,7.0,False,True,William H. Greene Stadium
401540319,2023,12,regular,2023-11-18 18:00:00,North Carolina A&T,Campbell,Coastal Athletic,Coastal Athletic,14.0,28.0,False,True,Aggie Stadium
401540429,2023,12,regular,2023-11-18 18:00:00,Bryant,Southeast Missouri State,Big South-OVC,Big South-OVC,45.0,21.0,False,True,Bulldog Stadium
401540507,2023,12,regular,2023-11-18 18:00:00,UAlbany,Monmouth,Coastal Athletic,Coastal Athletic,41.0,0.0,False,True,Bob Ford Field
401552541,2023,12,regular,2023-11-18 18:00:00,Pennsylvania,Princeton,Ivy,Ivy,24.0,31.0,False,True,Franklin Field
401540572,2023,12,regular,2023-11-18 18:00:00,Towson,Rhode Island,Coastal Athletic,Coastal Athletic,31.0,30.0,False,True,Johnny Unitas Stadium
401540574,2023,12,regular,2023-11-18 18:00:00,William & Mary,Richmond,Coastal Athletic,Coastal Athletic,26.0,27.0,False,True,Zable Stadium
401540597,2023,12,regular,2023-11-18 18:00:00,East Tennessee State,The Citadel,Southern,Southern,35.0,23.0,False,True,William B. Greene Jr. Stadium
401540026,2023,12,regular,2023-11-18 18:00:00,Stonehill,Long Island University,NEC,NEC,40.0,23.0,False,True,W.B. Mason Stadium
401540552,2023,12,regular,2023-11-18 18:00:00,Presbyterian,Morehead State,Pioneer,Pioneer,31.0,27.0,False,True,Bailey Memorial Stadium
401540543,2023,12,regular,2023-11-18 18:00:00,Samford,UT Martin,Southern,Big South-OVC,27.0,17.0,False,False,Seibert Stadium
401540416,2023,12,regular,2023-11-18 18:00:00,Elon,Hampton,Coastal Athletic,Coastal Athletic,51.0,14.0,False,True,Rhodes Stadium
401540333,2023,12,regular,2023-11-18 18:00:00,Cornell,Columbia,Ivy,Ivy,14.0,29.0,False,True,Schoellkopf Field
401520408,2023,12,regular,2023-11-18 18:00:00,Liberty,Massachusetts,Conference USA,FBS Independents,49.0,25.0,False,False,Williams Stadium (VA)
401520411,2023,12,regular,2023-11-18 19:00:00,Middle Tennessee,UTEP,Conference USA,Conference USA,34.0,30.0,False,True,"Johnny ""Red"" Floyd Stadium"
401532448,2023,12,regular,2023-11-18 19:00:00,Ball State,Kent State,Mid-American,Mid-American,34.0,3.0,False,True,Scheumann Stadium
401532620,2023,12,regular,2023-11-18 19:00:00,Wyoming,Hawai'i,Mountain West,Mountain West,42.0,9.0,False,True,War Memorial Stadium
401531918,2023,12,regular,2023-11-18 19:00:00,James Madison,App State,Sun Belt,Sun Belt,23.0,26.0,False,True,Bridgeforth Stadium
401520407,2023,12,regular,2023-11-18 19:00:00,Jacksonville State,Louisiana Tech,Conference USA,Conference USA,56.0,17.0,False,True,AmFirst Stadium
401540462,2023,12,regular,2023-11-18 19:00:00,St. Thomas (MN),Valparaiso,Pioneer,Pioneer,16.0,10.0,False,True,O'Shaughnessy Stadium
401540306,2023,12,regular,2023-11-18 19:00:00,Southern Illinois,Indiana State,MVFC,MVFC,38.0,9.0,False,True,Saluki Stadium
401540265,2023,12,regular,2023-11-18 19:00:00,Montana,Montana State,Big Sky,Big Sky,37.0,7.0,False,True,Washington-Grizzly Stadium
401540445,2023,12,regular,2023-11-18 19:00:00,Western Illinois,South Dakota,MVFC,MVFC,6.0,48.0,False,True,Hanson Field
401540368,2023,12,regular,2023-11-18 19:00:00,Murray State,Youngstown State,MVFC,MVFC,17.0,34.0,False,True,Roy Stewart Stadium
401539992,2023,12,regular,2023-11-18 19:00:00,Norfolk State,South Carolina State,MEAC,MEAC,17.0,44.0,False,True,"William Dick"""" Price Stadium"""""
401539977,2023,12,regular,2023-11-18 19:00:00,North Carolina Central,Delaware State,MEAC,MEAC,55.0,14.0,False,True,O'Kelly-Riddick Stadium
401531409,2023,12,regular,2023-11-18 19:00:00,Charlotte,Rice,American Athletic,American Athletic,7.0,28.0,False,True,Jerry Richardson Stadium
401540109,2023,12,regular,2023-11-18 19:00:00,North Dakota,Illinois State,MVFC,MVFC,22.0,21.0,False,True,Alerus Center
401540282,2023,12,regular,2023-11-18 19:00:00,Northern Colorado,Portland State,Big Sky,Big Sky,23.0,27.0,False,True,Nottingham Field
401540198,2023,12,regular,2023-11-18 19:00:00,Eastern Kentucky,Stephen F. Austin,UAC,UAC,36.0,24.0,False,True,Roy Kidd Stadium
401540182,2023,12,regular,2023-11-18 19:00:00,Austin Peay,Central Arkansas,UAC,UAC,14.0,12.0,False,True,Governors Stadium
401525899,2023,12,regular,2023-11-18 19:30:00,West Virginia,Cincinnati,Big 12,Big 12,42.0,21.0,False,True,Milan Puskar Stadium
401524058,2023,12,regular,2023-11-18 19:30:00,Arizona,Utah,Pac-12,Pac-12,42.0,18.0,False,True,Arizona Stadium
401532621,2023,12,regular,2023-11-18 20:00:00,Colorado State,Nevada,Mountain West,Mountain West,30.0,20.0,False,True,Canvas Stadium
401531345,2023,12,regular,2023-11-18 20:00:00,Tulsa,North Texas,American Athletic,American Athletic,28.0,35.0,False,True,Chapman Stadium
401531385,2023,12,regular,2023-11-18 20:00:00,UAB,Temple,American Athletic,American Athletic,34.0,24.0,False,True,Protective Stadium
401525555,2023,12,regular,2023-11-18 20:00:00,Virginia,Duke,ACC,ACC,30.0,27.0,False,True,Scott Stadium
401531919,2023,12,regular,2023-11-18 20:00:00,Arkansas State,Texas State,Sun Belt,Sun Belt,77.0,31.0,False,True,Centennial Bank Stadium
401540140,2023,12,regular,2023-11-18 20:00:00,Texas Southern,Arkansas-Pine Bluff,SWAC,SWAC,34.0,35.0,False,True,BBVA Compass Stadium
401540287,2023,12,regular,2023-11-18 20:00:00,UC Davis,Sacramento State,Big Sky,Big Sky,31.0,21.0,False,True,Aggie Stadium
401540537,2023,12,regular,2023-11-18 20:00:00,Tennessee State,Tennessee Tech,Big South-OVC,Big South-OVC,0.0,35.0,False,True,Nissan Stadium
401540123,2023,12,regular,2023-11-18 20:00:00,Prairie View A&M,Alabama State,SWAC,SWAC,21.0,14.0,False,True,Panther Stadium
401540132,2023,12,regular,2023-11-18 20:00:00,Jackson State,Alcorn State,SWAC,SWAC,24.0,28.0,False,True,Mississippi Veterans Memorial Stadium
401540362,2023,12,regular,2023-11-18 20:00:00,Houston Christian,Incarnate Word,Southland,Southland,24.0,45.0,False,True,Husky Stadium
401540353,2023,12,regular,2023-11-18 20:00:00,South Dakota State,Missouri State,MVFC,MVFC,35.0,17.0,False,True,Dana J. Dykhouse Stadium
401540434,2023,12,regular,2023-11-18 20:00:00,Northwestern State,East Texas A&M,Southland,Southland,0.0,1.0,False,True,Harry Turpin Stadium
401525442,2023,12,regular,2023-11-18 20:30:00,Notre Dame,Wake Forest,FBS Independents,ACC,45.0,7.0,False,False,Notre Dame Stadium
401520419,2023,12,regular,2023-11-18 20:30:00,Tennessee,Georgia,SEC,SEC,10.0,38.0,False,True,Neyland Stadium
401540147,2023,12,regular,2023-11-18 20:30:00,Florida A&M,Bethune-Cookman,SWAC,SWAC,24.0,7.0,True,True,Camping World Stadium
401524062,2023,12,regular,2023-11-18 20:30:00,USC,UCLA,Pac-12,Pac-12,20.0,38.0,False,True,Los Angeles Memorial Coliseum
401525554,2023,12,regular,2023-11-18 20:30:00,Clemson,North Carolina,ACC,ACC,31.0,20.0,False,True,"Memorial Stadium (Clemson, SC)"
401532624,2023,12,regular,2023-11-18 20:30:00,Air Force,UNLV,Mountain West,Mountain West,27.0,31.0,False,True,Falcon Stadium
401525897,2023,12,regular,2023-11-18 20:30:00,TCU,Baylor,Big 12,Big 12,42.0,17.0,False,True,Amon G. Carter Stadium
401520406,2023,12,regular,2023-11-18 20:30:00,Iowa,Illinois,Big Ten,Big Ten,15.0,13.0,False,True,Kinnick Stadium
401525559,2023,12,regular,2023-11-18 20:30:00,Virginia Tech,NC State,ACC,ACC,28.0,35.0,False,True,Lane Stadium
401531921,2023,12,regular,2023-11-18 20:30:00,Troy,Louisiana,Sun Belt,Sun Belt,31.0,24.0,False,True,Veterans Memorial Stadium (AL)
401520423,2023,12,regular,2023-11-18 20:30:00,Western Kentucky,Sam Houston,Conference USA,Conference USA,28.0,23.0,False,True,Houchens Industries-L.T. Smith Stadium
401520415,2023,12,regular,2023-11-18 21:00:00,Ohio State,Minnesota,Big Ten,Big Ten,37.0,3.0,False,True,Ohio Stadium
401524059,2023,12,regular,2023-11-18 21:00:00,Arizona State,Oregon,Pac-12,Pac-12,13.0,49.0,False,True,Mountain America Stadium
401525894,2023,12,regular,2023-11-18 21:00:00,Houston,Oklahoma State,Big 12,Big 12,30.0,43.0,False,True,TDECU Stadium
401520404,2023,12,regular,2023-11-18 21:00:00,Auburn,New Mexico State,SEC,Conference USA,10.0,31.0,False,False,Jordan-Hare Stadium
401540243,2023,12,regular,2023-11-18 21:00:00,Eastern Washington,Northern Arizona,Big Sky,Big Sky,42.0,49.0,False,True,Roos Field
401540382,2023,12,regular,2023-11-18 21:00:00,Lamar,McNeese,Southland,Southland,52.0,27.0,False,True,Provost Umphrey Stadium
401540388,2023,12,regular,2023-11-18 22:00:00,Northern Iowa,North Dakota State,MVFC,MVFC,27.0,48.0,False,True,UNI-Dome
401525898,2023,12,regular,2023-11-18 22:00:00,Texas Tech,UCF,Big 12,Big 12,24.0,23.0,False,True,Jones AT&T Stadium
401531920,2023,12,regular,2023-11-18 22:00:00,South Alabama,Marshall,Sun Belt,Sun Belt,28.0,0.0,False,True,Hancock Whitney Stadium
401531917,2023,12,regular,2023-11-18 23:00:00,Georgia Southern,Old Dominion,Sun Belt,Sun Belt,17.0,20.0,False,True,Allen E. Paulson Stadium
401525556,2023,12,regular,2023-11-18 23:30:00,Florida State,North Alabama,ACC,UAC,58.0,13.0,False,False,Doak Campbell Stadium
401524061,2023,12,regular,2023-11-18 23:30:00,Stanford,California,Pac-12,Pac-12,15.0,27.0,False,True,Stanford Stadium
401532619,2023,12,regular,2023-11-19 00:00:00,Utah State,Boise State,Mountain West,Mountain West,10.0,45.0,False,True,Maverik Stadium
401525896,2023,12,regular,2023-11-19 00:00:00,Kansas,Kansas State,Big 12,Big 12,27.0,31.0,False,True,Memorial Stadium
401540212,2023,12,regular,2023-11-19 00:00:00,Utah Tech,Southern Utah,UAC,UAC,16.0,24.0,False,True,Greater Zion Stadium
401540250,2023,12,regular,2023-11-19 00:00:00,Idaho,Idaho State,Big Sky,Big Sky,63.0,21.0,False,True,Kibbie Dome
401540406,2023,12,regular,2023-11-19 00:00:00,Davidson,Dayton,Pioneer,Pioneer,14.0,45.0,False,True,Richardson Stadium
401520418,2023,12,regular,2023-11-19 00:30:00,South Carolina,Kentucky,SEC,SEC,17.0,14.0,False,True,Williams-Brice Stadium
401524060,2023,12,regular,2023-11-19 00:30:00,Oregon State,Washington,Pac-12,Pac-12,20.0,22.0,False,True,Reser Stadium
401520402,2023,12,regular,2023-11-19 00:30:00,Arkansas,Florida International,SEC,Conference USA,44.0,20.0,False,False,Razorback Stadium
401520413,2023,12,regular,2023-11-19 00:30:00,Missouri,Florida,SEC,SEC,33.0,31.0,False,True,Memorial Stadium
401520422,2023,12,regular,2023-11-19 00:30:00,Wisconsin,Nebraska,Big Ten,Big Ten,24.0,17.0,False,True,Camp Randall Stadium
401525557,2023,12,regular,2023-11-19 01:00:00,Georgia Tech,Syracuse,ACC,ACC,31.0,22.0,False,True,Bobby Dodd Stadium
401525895,2023,12,regular,2023-11-19 01:00:00,Iowa State,Texas,Big 12,Big 12,16.0,26.0,False,True,Jack Trice Stadium
401520409,2023,12,regular,2023-11-19 01:00:00,LSU,Georgia State,SEC,Sun Belt,56.0,14.0,False,False,Tiger Stadium (LA)
401540234,2023,12,regular,2023-11-19 01:00:00,Cal Poly,Weber State,Big Sky,Big Sky,21.0,48.0,False,True,Alex G. Spanos Stadium
401532623,2023,12,regular,2023-11-19 03:30:00,San José State,San Diego State,Mountain West,Mountain West,24.0,13.0,False,True,CEFCU Stadium
401532622,2023,12,regular,2023-11-19 03:30:00,Fresno State,New Mexico,Mountain West,Mountain West,17.0,25.0,False,True,Valley Children's Stadium
401532450,2023,13,regular,2023-11-22 00:00:00,Western Michigan,Bowling Green,Mid-American,Mid-American,10.0,34.0,False,True,Waldo Stadium
401532449,2023,13,regular,2023-11-22 00:30:00,Buffalo,Eastern Michigan,Mid-American,Mid-American,11.0,24.0,False,True,UB Stadium
401540124,2023,13,regular,2023-11-23 20:00:00,Alabama State,Tuskegee,SWAC,SIAC,41.0,3.0,False,False,Hornet Stadium
401520424,2023,13,regular,2023-11-24 00:30:00,Mississippi State,Ole Miss,SEC,SEC,7.0,17.0,False,True,Davis Wade Stadium
401532452,2023,13,regular,2023-11-24 17:00:00,Akron,Ohio,Mid-American,Mid-American,14.0,25.0,False,True,InfoCision Stadium
401520425,2023,13,regular,2023-11-24 17:00:00,Nebraska,Iowa,Big Ten,Big Ten,10.0,13.0,False,True,"Memorial Stadium (Lincoln, NE)"
401525900,2023,13,regular,2023-11-24 17:00:00,Oklahoma,TCU,Big 12,Big 12,69.0,45.0,False,True,"Memorial Stadium (Norman, OK)"
401525560,2023,13,regular,2023-11-24 17:00:00,Boston College,Miami,ACC,ACC,20.0,45.0,False,True,"Alumni Stadium (Chestnut Hill, MA)"
401532451,2023,13,regular,2023-11-24 17:00:00,Central Michigan,Toledo,Mid-American,Mid-American,17.0,32.0,False,True,Kelly/Shorts Stadium
401531394,2023,13,regular,2023-11-24 17:00:00,Temple,Memphis,American Athletic,American Athletic,21.0,45.0,False,True,Lincoln Financial Field
401532629,2023,13,regular,2023-11-24 20:30:00,New Mexico,Utah State,Mountain West,Mountain West,41.0,44.0,False,True,University Stadium (NM)
401531376,2023,13,regular,2023-11-24 20:30:00,Tulane,UTSA,American Athletic,American Athletic,29.0,16.0,False,True,Yulman Stadium
401520426,2023,13,regular,2023-11-24 21:00:00,Arkansas,Missouri,SEC,SEC,14.0,48.0,False,True,Razorback Stadium
401532625,2023,13,regular,2023-11-24 21:00:00,Boise State,Air Force,Mountain West,Mountain West,27.0,19.0,False,True,Albertsons Stadium
401525901,2023,13,regular,2023-11-25 00:30:00,Texas,Texas Tech,Big 12,Big 12,57.0,7.0,False,True,DKR-Texas Memorial Stadium
401520435,2023,13,regular,2023-11-25 00:30:00,Michigan State,Penn State,Big Ten,Big Ten,0.0,42.0,True,True,Ford Field
401524063,2023,13,regular,2023-11-25 01:30:00,Oregon,Oregon State,Pac-12,Pac-12,31.0,7.0,False,True,Autzen Stadium
401532453,2023,13,regular,2023-11-25 17:00:00,Kent State,Northern Illinois,Mid-American,Mid-American,27.0,37.0,False,True,Dix Stadium
401520443,2023,13,regular,2023-11-25 17:00:00,Massachusetts,UConn,FBS Independents,FBS Independents,18.0,31.0,False,True,Warren McGuirk Alumni Stadium
401520432,2023,13,regular,2023-11-25 17:00:00,Louisville,Kentucky,ACC,SEC,31.0,38.0,False,False,L&N Federal Credit Union Stadium
401525906,2023,13,regular,2023-11-25 17:00:00,UCF,Houston,Big 12,Big 12,27.0,13.0,False,True,FBC Mortgage Stadium
401532454,2023,13,regular,2023-11-25 17:00:00,Ball State,Miami (OH),Mid-American,Mid-American,15.0,17.0,False,True,Scheumann Stadium
401520438,2023,13,regular,2023-11-25 17:00:00,Purdue,Indiana,Big Ten,Big Ten,35.0,31.0,False,True,Ross-Ade Stadium
401520434,2023,13,regular,2023-11-25 17:00:00,Michigan,Ohio State,Big Ten,Big Ten,30.0,24.0,False,True,Michigan Stadium
401520433,2023,13,regular,2023-11-25 17:00:00,LSU,Texas A&M,SEC,SEC,42.0,30.0,False,True,Tiger Stadium (LA)
401525561,2023,13,regular,2023-11-25 17:00:00,Duke,Pittsburgh,ACC,ACC,30.0,19.0,False,True,Wallace Wade Stadium
401531927,2023,13,regular,2023-11-25 17:00:00,Southern Miss,Troy,Sun Belt,Sun Belt,17.0,35.0,False,True,M. M. Roberts Stadium
401531435,2023,13,regular,2023-11-25 17:00:00,SMU,Navy,American Athletic,American Athletic,59.0,14.0,False,True,Gerald J. Ford Stadium
401520440,2023,13,regular,2023-11-25 17:00:00,Sam Houston,Middle Tennessee,Conference USA,Conference USA,23.0,20.0,False,True,Elliott T. Bowers Stadium
401531421,2023,13,regular,2023-11-25 18:00:00,Rice,Florida Atlantic,American Athletic,American Athletic,24.0,21.0,False,True,Rice Stadium
401525563,2023,13,regular,2023-11-25 19:00:00,Syracuse,Wake Forest,ACC,ACC,35.0,31.0,False,True,JMA Wireless Dome
401531346,2023,13,regular,2023-11-25 19:00:00,East Carolina,Tulsa,American Athletic,American Athletic,27.0,29.0,False,True,Dowdy-Ficklen Stadium
401540159,2023,13,regular,2023-11-25 19:00:00,Grambling,Southern,SWAC,SWAC,22.0,27.0,True,True,Caesars Superdome
401531925,2023,13,regular,2023-11-25 19:00:00,Old Dominion,Georgia State,Sun Belt,Sun Belt,25.0,24.0,False,True,S.B. Ballard Stadium
401531386,2023,13,regular,2023-11-25 19:00:00,North Texas,UAB,American Athletic,American Athletic,45.0,42.0,False,True,DATCU Stadium
401531926,2023,13,regular,2023-11-25 20:00:00,Louisiana,UL Monroe,Sun Belt,Sun Belt,52.0,21.0,False,True,Cajun Field
401520428,2023,13,regular,2023-11-25 20:00:00,Florida International,Western Kentucky,Conference USA,Conference USA,28.0,41.0,False,True,FIU Stadium
401524067,2023,13,regular,2023-11-25 20:00:00,Utah,Colorado,Pac-12,Pac-12,23.0,17.0,False,True,Rice-Eccles Stadium
401532628,2023,13,regular,2023-11-25 20:00:00,UNLV,San José State,Mountain West,Mountain West,31.0,37.0,False,True,Allegiant Stadium
401520442,2023,13,regular,2023-11-25 20:30:00,Tennessee,Vanderbilt,SEC,SEC,48.0,24.0,False,True,Neyland Stadium
401520436,2023,13,regular,2023-11-25 20:30:00,Minnesota,Wisconsin,Big Ten,Big Ten,14.0,28.0,False,True,Huntington Bank Stadium
401520427,2023,13,regular,2023-11-25 20:30:00,Auburn,Alabama,SEC,SEC,24.0,27.0,False,True,Jordan-Hare Stadium
401520431,2023,13,regular,2023-11-25 20:30:00,Illinois,Northwestern,Big Ten,Big Ten,43.0,45.0,False,True,"Memorial Stadium (Champaign, IL)"
401520439,2023,13,regular,2023-11-25 20:30:00,Rutgers,Maryland,Big Ten,Big Ten,24.0,42.0,False,True,SHI Stadium
401524064,2023,13,regular,2023-11-25 20:30:00,Arizona State,Arizona,Pac-12,Pac-12,23.0,59.0,False,True,Mountain America Stadium
401531923,2023,13,regular,2023-11-25 20:30:00,Coastal Carolina,James Madison,Sun Belt,Sun Belt,14.0,56.0,False,True,Brooks Stadium (SC)
401531922,2023,13,regular,2023-11-25 20:30:00,App State,Georgia Southern,Sun Belt,Sun Belt,55.0,27.0,False,True,Kidd Brewer Stadium
401525564,2023,13,regular,2023-11-25 20:30:00,Virginia,Virginia Tech,ACC,ACC,17.0,55.0,False,True,Scott Stadium
401531924,2023,13,regular,2023-11-25 20:30:00,Marshall,Arkansas State,Sun Belt,Sun Belt,35.0,21.0,False,True,Joan C. Edwards Stadium
401525905,2023,13,regular,2023-11-25 20:30:00,Oklahoma State,BYU,Big 12,Big 12,40.0,34.0,False,True,Boone Pickens Stadium
401520444,2023,13,regular,2023-11-25 20:30:00,UTEP,Liberty,Conference USA,Conference USA,28.0,42.0,False,True,Sun Bowl
401524068,2023,13,regular,2023-11-25 21:00:00,Washington,Washington State,Pac-12,Pac-12,24.0,21.0,False,True,Husky Stadium
401520437,2023,13,regular,2023-11-25 21:00:00,New Mexico State,Jacksonville State,Conference USA,Conference USA,20.0,17.0,False,True,Aggie Memorial Stadium
401531928,2023,13,regular,2023-11-26 00:00:00,Texas State,South Alabama,Sun Belt,Sun Belt,52.0,44.0,False,True,Bobcat Stadium (TX)
401524065,2023,13,regular,2023-11-26 00:00:00,Stanford,Notre Dame,Pac-12,FBS Independents,23.0,56.0,False,False,Stanford Stadium
401525902,2023,13,regular,2023-11-26 00:00:00,Baylor,West Virginia,Big 12,Big 12,31.0,34.0,False,True,McLane Stadium
401520429,2023,13,regular,2023-11-26 00:00:00,Florida,Florida State,SEC,ACC,15.0,24.0,False,False,Ben Hill Griffin Stadium
401520441,2023,13,regular,2023-11-26 00:30:00,South Carolina,Clemson,SEC,ACC,7.0,16.0,False,False,Williams-Brice Stadium
401525903,2023,13,regular,2023-11-26 00:30:00,Cincinnati,Kansas,Big 12,Big 12,16.0,49.0,False,True,Nippert Stadium
401531410,2023,13,regular,2023-11-26 00:30:00,South Florida,Charlotte,American Athletic,American Athletic,48.0,14.0,False,True,Raymond James Stadium
401520430,2023,13,regular,2023-11-26 00:30:00,Georgia Tech,Georgia,ACC,SEC,23.0,31.0,False,False,Bobby Dodd Stadium
401525562,2023,13,regular,2023-11-26 01:00:00,NC State,North Carolina,ACC,ACC,39.0,20.0,False,True,Carter-Finley Stadium
401525904,2023,13,regular,2023-11-26 01:00:00,Kansas State,Iowa State,Big 12,Big 12,35.0,42.0,False,True,Bill Snyder Family Stadium
401532630,2023,13,regular,2023-11-26 02:00:00,Nevada,Wyoming,Mountain West,Mountain West,6.0,42.0,False,True,Mackay Stadium
401532627,2023,13,regular,2023-11-26 03:30:00,San Diego State,Fresno State,Mountain West,Mountain West,33.0,18.0,False,True,Snapdragon Stadium
401524066,2023,13,regular,2023-11-26 03:30:00,UCLA,California,Pac-12,Pac-12,7.0,33.0,False,True,Rose Bowl
401532626,2023,13,regular,2023-11-26 04:00:00,Hawai'i,Colorado State,Mountain West,Mountain West,27.0,24.0,False,True,Clarence T.C. Ching Athletics Complex
401539476,2023,14,regular,2023-12-02 00:00:00,Liberty,New Mexico State,Conference USA,Conference USA,49.0,35.0,False,True,Williams Stadium (VA)
401539475,2023,14,regular,2023-12-02 01:00:00,Washington,Oregon,Pac-12,Pac-12,34.0,31.0,True,True,Allegiant Stadium
401539479,2023,14,regular,2023-12-02 17:00:00,Texas,Oklahoma State,Big 12,Big 12,49.0,21.0,True,True,AT&T Stadium
401539481,2023,14,regular,2023-12-02 17:00:00,Toledo,Miami (OH),Mid-American,Mid-American,14.0,23.0,True,True,Ford Field
401539482,2023,14,regular,2023-12-02 20:00:00,UNLV,Boise State,Mountain West,Mountain West,20.0,44.0,False,True,Allegiant Stadium
401539483,2023,14,regular,2023-12-02 21:00:00,Alabama,Georgia,SEC,SEC,27.0,24.0,True,True,Mercedes-Benz Stadium
401539477,2023,14,regular,2023-12-02 21:00:00,Tulane,SMU,American Athletic,American Athletic,14.0,26.0,False,True,Yulman Stadium
401539484,2023,14,regular,2023-12-02 21:00:00,Troy,App State,Sun Belt,Sun Belt,49.0,23.0,False,True,Veterans Memorial Stadium (AL)
401539478,2023,14,regular,2023-12-03 01:00:00,Florida State,Louisville,ACC,ACC,16.0,6.0,True,True,Bank of America Stadium
401539480,2023,14,regular,2023-12-03 01:00:00,Iowa,Michigan,Big Ten,Big Ten,0.0,26.0,True,True,Lucas Oil Stadium
401520445,2023,15,regular,2023-12-09 20:00:00,Army,Navy,FBS Independents,American Athletic,17.0,11.0,True,False,Gillette Stadium
