id,season,week,season_type,start_date,home_team,away_team,home_conference,away_conference,home_points,away_points,neutral_site,conference_game,venue
401282714,2021,1,regular,2021-08-28 17:20:00,Illinois,Nebraska,Big Ten,Big Ten,30,22,False,True,"Memorial Stadium (Champaign, IL)"
401286187,2021,1,regular,2021-08-28 18:00:00,Fresno State,UConn,Mountain West,FBS Independents,45,0,False,False,Valley Children's Stadium
401329133,2021,1,regular,2021-08-28 19:00:00,Central State,Kentucky State,SIAC,SIAC,6,20,True,True,Ohio Stadium
401309833,2021,1,regular,2021-08-28 19:30:00,UCLA,Hawai'i,Pac-12,Mountain West,44,10,False,False,Rose Bowl
401328337,2021,1,regular,2021-08-28 22:00:00,Indiana State,Eastern Illinois,MVFC,OVC,26,21,False,False,Memorial Stadium
401327539,2021,1,regular,2021-08-28 23:00:00,North Carolina Central,Alcorn State,MEAC,SWAC,23,14,True,False,Center Parc Stadium
401282049,2021,1,regular,2021-08-29 01:30:00,New Mexico State,UTEP,FBS Independents,Conference USA,3,30,False,False,Aggie Memorial Stadium
401310693,2021,1,regular,2021-08-29 02:00:00,San José State,Southern Utah,Mountain West,Big Sky,45,14,False,False,CEFCU Stadium
401282050,2021,1,regular,2021-09-01 23:30:00,Jacksonville State,UAB,AWC,Conference USA,0,31,True,False,Cramton Bowl
401328215,2021,1,regular,2021-09-02 22:00:00,Wingate,Shaw,South Atlantic,CIAA,30,7,False,False,Irwin Belk Stadium
401328989,2021,1,regular,2021-09-02 22:00:00,Wayne State (MI),Slippery Rock,GLIAC,Pennsylvania State Athletic,21,24,False,False,Tom Adams Field
401328204,2021,1,regular,2021-09-02 22:00:00,Stony Brook,New Hampshire,CAA,CAA,21,27,False,True,Kenneth P. LaValle Stadium
401334787,2021,1,regular,2021-09-02 23:00:00,Fairmont State,California (PA),Mountain East,Pennsylvania State Athletic,14,23,False,False,Duvall-Rosier Field
401329056,2021,1,regular,2021-09-02 23:00:00,Carson Newman,West Georgia,South Atlantic,Gulf South,7,45,False,False,Burke-Tarr Stadium
401328309,2021,1,regular,2021-09-02 23:00:00,Arkansas Monticello,Southern Nazarene,Great American,Great American,30,23,False,True,Convoy Leslie Cotton Boll Stadium
401329015,2021,1,regular,2021-09-02 23:00:00,Delta State,Bethel University Tennessee,Gulf South,,48,14,False,False,Parker Field at McCool Stadium
401329020,2021,1,regular,2021-09-02 23:00:00,Mississippi College,Albany State,Gulf South,SIAC,0,24,False,False,Robinson-Hale Stadium
401328432,2021,1,regular,2021-09-02 23:00:00,Northwestern (OK),Southern Arkansas,Great American,Great American,13,32,False,True,Ranger Field
401329443,2021,1,regular,2021-09-02 23:00:00,Lincoln (MO),Washburn,Mid America,Mid America,12,76,False,True,Dwight T. Reed Stadium
401337471,2021,1,regular,2021-09-02 23:00:00,West Liberty,Walsh,Mountain East,Great Midwest Athletic,6,27,False,False,West Family Stadium
401329270,2021,1,regular,2021-09-02 23:00:00,Seton Hill,Wheeling,Pennsylvania State Athletic,Mountain East,16,14,False,False,Offutt Field
401328276,2021,1,regular,2021-09-02 23:00:00,Arkansas Tech,Southeastern Oklahoma State,Great American,Great American,20,38,False,True,Thone Stadium at Buerkle Field
401328973,2021,1,regular,2021-09-02 23:00:00,Northwood,Gannon,GLIAC,Pennsylvania State Athletic,21,28,False,False,Hantz Stadium
401329491,2021,1,regular,2021-09-02 23:00:00,Minnesota State,Northern State,Northern Sun,Northern Sun,40,34,False,True,Blakeslee Stadium
401329651,2021,1,regular,2021-09-02 23:00:00,Mars Hill,Chowan,South Atlantic,CIAA,24,30,False,False,Meares Stadium
401329689,2021,1,regular,2021-09-02 23:00:00,Upper Iowa,Minnesota Duluth,Northern Sun,Northern Sun,14,41,False,True,Harms-Eischeid Stadium
401328175,2021,1,regular,2021-09-02 23:00:00,Maine,Delaware,CAA,CAA,24,34,False,True,Alfond Stadium
401328466,2021,1,regular,2021-09-02 23:00:00,Ouachita Baptist,Oklahoma Baptist,Great American,Great American,38,31,False,True,Cliff Harris Stadium
401329503,2021,1,regular,2021-09-02 23:00:00,Sioux Falls,Bemidji State,Northern Sun,Northern Sun,16,24,False,True,Bob Young Field
401328605,2021,1,regular,2021-09-02 23:00:00,Lindenwood,Angelo State,Great Lakes Valley,Lone Star,20,40,False,False,Hunter Stadium
401329425,2021,1,regular,2021-09-02 23:00:00,Millersville,American International,Pennsylvania State Athletic,Northeast 10,9,14,False,False,Chryst Field at Biemesderfer Stadium
401329357,2021,1,regular,2021-09-02 23:00:00,Ohio Dominican,Shepherd,Great Midwest Athletic,Pennsylvania State Athletic,30,35,False,False,Panther Stadium (OH)
401328397,2021,1,regular,2021-09-02 23:00:00,Southwestern Oklahoma State,Henderson State,Great American,Great American,13,31,False,True,Milam Stadium
401328458,2021,1,regular,2021-09-02 23:00:00,Samford,Tennessee Tech,Southern,OVC,52,14,False,False,Seibert Stadium
401334786,2021,1,regular,2021-09-02 23:00:00,Wayne State (NE),University of Mary,Northern Sun,Northern Sun,34,27,False,True,"Memorial Stadium (Wayne, NE)"
401309540,2021,1,regular,2021-09-02 23:00:00,Ball State,Western Illinois,Mid-American,MVFC,31,21,False,False,Scheumann Stadium
401332315,2021,1,regular,2021-09-02 23:00:00,Drake,West Virginia Wesleyan,Pioneer,Mountain East,45,3,False,False,Drake Stadium
401328545,2021,1,regular,2021-09-02 23:00:00,Coastal Carolina,The Citadel,Sun Belt,Southern,52,14,False,False,Brooks Stadium (SC)
401334756,2021,1,regular,2021-09-02 23:00:00,Kentucky Wesleyan,Frostburg State,Great Midwest Athletic,Mountain East,13,20,False,False,Steele Stadium
401300995,2021,1,regular,2021-09-02 23:00:00,UCF,Boise State,American Athletic,Mountain West,36,31,False,False,FBC Mortgage Stadium
401328388,2021,1,regular,2021-09-02 23:00:00,Youngstown State,Incarnate Word,MVFC,Southland,44,41,False,False,Stambaugh Stadium
401357797,2021,1,regular,2021-09-02 23:00:00,Mercer,Point University,Southern,,69,0,False,False,Five Star Stadium at the Moye Complex
401309542,2021,1,regular,2021-09-02 23:00:00,Buffalo,Wagner,Mid-American,NEC,69,7,False,False,UB Stadium
401329660,2021,1,regular,2021-09-02 23:05:00,East Stroudsburg,Pace,Pennsylvania State Athletic,Northeast 10,35,14,False,False,Eiler-Martin Stadium
401328768,2021,1,regular,2021-09-02 23:30:00,Ferris State,Findlay,GLIAC,Great Midwest Athletic,54,14,False,False,Top Taggart Field
401309834,2021,1,regular,2021-09-02 23:30:00,Utah,Weber State,Pac-12,Big Sky,40,17,False,False,Rice-Eccles Stadium
401300994,2021,1,regular,2021-09-02 23:30:00,Tulsa,UC Davis,American Athletic,Big Sky,17,19,False,False,Chapman Stadium
401328404,2021,1,regular,2021-09-02 23:30:00,Chattanooga,Austin Peay,Southern,OVC,20,30,False,False,Finley Stadium
401300993,2021,1,regular,2021-09-02 23:30:00,App State,East Carolina,Sun Belt,American Athletic,33,19,False,False,Kidd Brewer Stadium
401282607,2021,1,regular,2021-09-02 23:30:00,NC State,South Florida,ACC,American Athletic,45,0,False,False,Carter-Finley Stadium
401328383,2021,1,regular,2021-09-02 23:30:00,Southeast Missouri State,Southern Illinois,OVC,MVFC,21,47,False,False,Houck Field
401281952,2021,1,regular,2021-09-03 00:00:00,Tennessee,Bowling Green,SEC,Mid-American,38,6,False,False,Neyland Stadium
401282789,2021,1,regular,2021-09-03 00:00:00,Minnesota,Ohio State,Big Ten,Big Ten,31,45,False,True,Huntington Bank Stadium
401328420,2021,1,regular,2021-09-03 00:00:00,Murray State,Mississippi Valley State,OVC,SWAC,35,0,False,False,Roy Stewart Stadium
401310696,2021,1,regular,2021-09-03 00:00:00,New Mexico,Houston Christian,Mountain West,Southland,27,17,False,False,University Stadium (NM)
401328138,2021,1,regular,2021-09-03 00:00:00,Kennesaw State,Reinhardt,Big South,,35,25,False,False,Fifth Third Stadium
401282180,2021,1,regular,2021-09-03 00:00:00,Western Kentucky,UT Martin,Conference USA,OVC,59,21,False,False,Houchens Industries-L.T. Smith Stadium
401329456,2021,1,regular,2021-09-03 00:00:00,Nebraska Kearney,Missouri Southern State,Mid America,Mid America,38,0,False,True,Ron & Carol Cope Stadium at Foster Field
401329048,2021,1,regular,2021-09-03 00:00:00,Colorado School of Mines,Western Oregon,Rocky Mountain,Great Northwest,42,3,False,False,Marv Kay Stadium at Campbell Field
401329340,2021,1,regular,2021-09-03 00:00:00,Central Missouri,Pittsburg State,Mid America,Mid America,16,35,False,True,Audrey J. Walton Stadium at Vernon Kennedy Field
401329312,2021,1,regular,2021-09-03 00:00:00,Colorado Mesa,William Jewell,Rocky Mountain,Great Lakes,40,3,False,False,Ralph Stocker Stadium
401329374,2021,1,regular,2021-09-03 00:00:00,Central Oklahoma,Missouri Western,Mid America,Mid America,24,20,False,True,Wantland Stadium
401329404,2021,1,regular,2021-09-03 00:00:00,Fort Hays,Northwest Missouri State,Mid America,Mid America,7,15,False,True,Lewis Field Stadium
401328681,2021,1,regular,2021-09-03 00:00:00,South Dakota Mines,Missouri S&T,Rocky Mountain,Great Lakes,34,31,False,False,O'Harra Stadium
401329058,2021,1,regular,2021-09-03 00:00:00,Winona State,Concordia St. Paul,Northern Sun,Northern Sun,47,6,False,True,Altra Federal Credit Union Stadium
401329153,2021,1,regular,2021-09-03 00:00:00,CSU Pueblo,East Texas A&M,Rocky Mountain,Lone Star,6,12,False,False,Neta and Eddie DeRose ThunderBowl
401330245,2021,1,regular,2021-09-03 00:00:00,Eastern New Mexico,Central Washington,Lone Star,Great Northwest,24,66,False,False,Al Whitehead Field at Greyhound Stadium
401329037,2021,1,regular,2021-09-03 00:00:00,Southwest Minnesota State,Minnesota St Moorhead,Northern Sun,Northern Sun,21,33,False,True,Schwan Regional Event Center
401282051,2021,1,regular,2021-09-03 00:05:00,Florida International,Long Island University,Conference USA,NEC,48,10,False,False,FIU Stadium
401328011,2021,1,regular,2021-09-03 01:00:00,Northern Arizona,Sam Houston,Big Sky,AWC,16,42,False,False,Walkup Skydome
401329450,2021,1,regular,2021-09-03 01:00:00,West Texas,Texas College,Lone Star,,73,0,False,False,Buffalo Stadium
401310694,2021,1,regular,2021-09-03 02:00:00,UNLV,Eastern Washington,Mountain West,Big Sky,33,35,False,False,Allegiant Stadium
401309835,2021,1,regular,2021-09-03 02:30:00,Arizona State,Southern Utah,Pac-12,Big Sky,41,14,False,False,Mountain America Stadium
401309937,2021,1,regular,2021-09-03 22:00:00,Virginia Tech,North Carolina,ACC,ACC,17,10,False,True,Lane Stadium
401335299,2021,1,regular,2021-09-03 22:00:00,Central Connecticut,Southern Connecticut State,NEC,Northeast 10,21,28,False,False,Arute Field
401344437,2021,1,regular,2021-09-03 22:00:00,Bentley,West Chester,Northeast 10,Pennsylvania State Athletic,41,17,False,False,Bentley University Football Stadium
401309541,2021,1,regular,2021-09-03 23:00:00,Eastern Michigan,Saint Francis,Mid-American,NEC,35,15,False,False,Rynearson Stadium
401282052,2021,1,regular,2021-09-03 23:00:00,Charlotte,Duke,Conference USA,ACC,31,28,False,False,Jerry Richardson Stadium
401282608,2021,1,regular,2021-09-03 23:00:00,Wake Forest,Old Dominion,ACC,Conference USA,42,10,False,False,Allegacy Federal Credit Union Stadium
401287888,2021,1,regular,2021-09-04 00:00:00,Kansas,South Dakota,Big 12,MVFC,17,14,False,False,Memorial Stadium
401309836,2021,1,regular,2021-09-04 01:00:00,Colorado,Northern Colorado,Pac-12,Big Sky,35,7,False,False,Folsom Field
401310695,2021,1,regular,2021-09-04 01:00:00,Colorado State,South Dakota State,Mountain West,MVFC,23,42,False,False,Canvas Stadium
401282782,2021,1,regular,2021-09-04 01:00:00,Northwestern,Michigan State,Big Ten,Big Ten,21,38,False,True,Ryan Field
401282772,2021,1,regular,2021-09-04 16:00:00,Michigan,Western Michigan,Big Ten,Mid-American,47,14,False,False,Michigan Stadium
401309601,2021,1,regular,2021-09-04 16:00:00,Georgia State,Army,Sun Belt,FBS Independents,10,43,False,False,Center Parc Stadium
401286188,2021,1,regular,2021-09-04 16:00:00,UConn,Holy Cross,FBS Independents,Patriot,28,38,False,False,Pratt & Whitney Stadium
401328233,2021,1,regular,2021-09-04 16:00:00,Lehigh,Villanova,Patriot,CAA,3,47,False,False,Goodman Stadium
401282815,2021,1,regular,2021-09-04 16:00:00,Wisconsin,Penn State,Big Ten,Big Ten,10,16,False,True,Camp Randall Stadium
401287889,2021,1,regular,2021-09-04 16:00:00,Kansas State,Stanford,Big 12,Pac-12,24,7,True,False,AT&T Stadium
401281947,2021,1,regular,2021-09-04 16:00:00,Kentucky,UL Monroe,SEC,Sun Belt,45,10,False,False,Kroger Field
401282609,2021,1,regular,2021-09-04 16:00:00,Boston College,Colgate,ACC,Patriot,51,0,False,False,"Alumni Stadium (Chestnut Hill, MA)"
401282822,2021,1,regular,2021-09-04 16:00:00,Rutgers,Temple,Big Ten,American Athletic,61,14,False,False,SHI Stadium
401329633,2021,1,regular,2021-09-04 16:00:00,UVA Wise,Virginia Lynchburg,South Atlantic,,54,0,False,False,Carl Smith Stadium
401328990,2021,1,regular,2021-09-04 16:00:00,Shorter,Brevard,Gulf South,USA South,38,14,False,False,Barron Stadium
401328706,2021,1,regular,2021-09-04 16:00:00,Davenport,Truman State,GLIAC,Great Lakes,14,31,False,False,Farmers Insurance Athletic Complex
401328713,2021,1,regular,2021-09-04 16:00:00,Notre Dame College,Ashland,Mountain East,Great Midwest Athletic,42,35,False,False,Mueller Field
401363390,2021,1,regular,2021-09-04 16:00:00,Southwest Baptist,UT Permian Basin,Great Lakes,Lone Star,16,24,False,False,Plaster Sports Complex
401332385,2021,1,regular,2021-09-04 16:00:00,Bluefield State,Lawrence Tech,Independent DII,,14,21,False,False,Mitchell Stadium
401287894,2021,1,regular,2021-09-04 16:00:00,Oklahoma,Tulane,Big 12,American Athletic,40,35,False,False,"Memorial Stadium (Norman, OK)"
401327913,2021,1,regular,2021-09-04 16:00:00,Nebraska,Fordham,Big Ten,Patriot,52,7,False,False,"Memorial Stadium (Lincoln, NE)"
401329210,2021,1,regular,2021-09-04 16:05:00,Kutztown,Assumption,Pennsylvania State Athletic,Northeast 10,19,0,False,False,Andre Reed Stadium
401334669,2021,1,regular,2021-09-04 17:00:00,Shippensburg,West Virginia State,Pennsylvania State Athletic,Mountain East,25,17,False,False,Seth Grove Stadium
401328924,2021,1,regular,2021-09-04 17:00:00,New Haven,Franklin Pierce,Northeast 10,Northeast 10,30,14,False,True,Ralph F. DellaCamera Stadium
401331758,2021,1,regular,2021-09-04 17:00:00,Catawba,Erskine,South Atlantic,Independent DII,37,27,False,False,Shuford Stadium
401328169,2021,1,regular,2021-09-04 17:00:00,St. Augustine's,Tusculum,CIAA,South Atlantic,14,58,False,False,George Williams Athletic Complex
401359753,2021,1,regular,2021-09-04 17:00:00,MARIAN (IN,Tiffin,,Great Midwest Athletic,10,34,False,False,Frost-Kalnow Stadium
401329325,2021,1,regular,2021-09-04 17:00:00,Merrimack,Saint Anselm,NEC,Northeast 10,55,23,False,False,Duane Stadium
401328585,2021,1,regular,2021-09-04 17:00:00,McNeese,West Florida,Southland,Gulf South,36,42,False,False,Cowboy Stadium
401328566,2021,1,regular,2021-09-04 17:30:00,VMI,Davidson,Southern,Pioneer,45,24,False,False,Alumni Memorial Field
401281943,2021,1,regular,2021-09-04 18:00:00,Arkansas,Rice,SEC,Conference USA,38,17,False,False,Razorback Stadium
401328150,2021,1,regular,2021-09-04 18:00:00,Furman,North Carolina A&T,Southern,Big South,29,18,False,False,Paladin Stadium
401309838,2021,1,regular,2021-09-04 18:00:00,Oregon,Fresno State,Pac-12,Mountain West,31,24,False,False,Autzen Stadium
401328220,2021,1,regular,2021-09-04 18:00:00,Richmond,Howard,CAA,MEAC,38,14,False,False,E. Claiborne Robins Stadium
401310861,2021,1,regular,2021-09-04 18:00:00,Air Force,Lafayette,Mountain West,Patriot,35,14,False,False,Falcon Stadium
401328183,2021,1,regular,2021-09-04 18:00:00,Elon,Wofford,CAA,Southern,22,24,False,False,Rhodes Stadium
401329337,2021,1,regular,2021-09-04 18:00:00,Fort Lewis,New Mexico Highlands,Rocky Mountain,Rocky Mountain,7,44,False,True,Ray Dennison Memorial Field
401329106,2021,1,regular,2021-09-04 18:00:00,Quincy,Midwestern State,Great Lakes,Lone Star,27,48,False,False,QU Stadium
401348214,2021,1,regular,2021-09-04 18:00:00,Barton,Newberry,Independent DII,South Atlantic,7,31,False,False,Electric Supply Company Field
401329143,2021,1,regular,2021-09-04 18:00:00,Augustana (SD),Minot State,Northern Sun,Northern Sun,49,0,False,True,Kirkeby-Over Stadium
401328647,2021,1,regular,2021-09-04 18:00:00,McKendree,Northern Michigan,Great Lakes,GLIAC,20,27,False,False,Leemon Field
401328954,2021,1,regular,2021-09-04 18:00:00,Michigan Tech,Hillsdale,GLIAC,Great Midwest Athletic,14,10,False,False,Sherman Field
401329179,2021,1,regular,2021-09-04 18:30:00,Stonehill,Bloomsburg,Northeast 10,Pennsylvania State Athletic,35,13,False,False,W.B. Mason Stadium
401329305,2021,1,regular,2021-09-04 19:00:00,Western Colorado,Chadron State,Rocky Mountain,Rocky Mountain,23,10,False,True,Mountaineer Bowl
401328057,2021,1,regular,2021-09-04 19:00:00,Idaho State,North Dakota,Big Sky,MVFC,14,35,False,False,Holt Arena
401300996,2021,1,regular,2021-09-04 19:30:00,Cincinnati,Miami (OH),American Athletic,Mid-American,49,14,False,False,Nippert Stadium
401282764,2021,1,regular,2021-09-04 19:30:00,Maryland,West Virginia,Big Ten,Big 12,30,24,False,False,SECU Stadium
401282723,2021,1,regular,2021-09-04 19:30:00,Iowa,Indiana,Big Ten,Big Ten,34,6,False,True,Kinnick Stadium
401281942,2021,1,regular,2021-09-04 19:30:00,Miami,Alabama,ACC,SEC,13,44,True,False,Mercedes-Benz Stadium
401328159,2021,1,regular,2021-09-04 19:30:00,North Dakota State,UAlbany,MVFC,CAA,28,6,False,False,Fargodome
401282174,2021,1,regular,2021-09-04 19:30:00,Navy,Marshall,American Athletic,Conference USA,7,49,False,False,Navy-Marine Corps Memorial Stadium
401328028,2021,1,regular,2021-09-04 20:00:00,San Diego,Cal Poly,Pioneer,Big Sky,17,28,False,False,Torero Stadium
401310697,2021,1,regular,2021-09-04 20:00:00,Wyoming,Montana State,Mountain West,Big Sky,19,16,False,False,War Memorial Stadium
401328230,2021,1,regular,2021-09-04 20:00:00,Morgan State,Towson,MEAC,CAA,0,31,False,False,Hughes Stadium
401281950,2021,1,regular,2021-09-04 20:00:00,Missouri,Central Michigan,SEC,Mid-American,34,24,False,False,Memorial Stadium
401348514,2021,1,regular,2021-09-04 20:00:00,Idaho,Simon Fraser,Big Sky,Great Northwest,68,0,False,False,Kibbie Dome
401327914,2021,1,regular,2021-09-04 20:00:00,Delaware State,Bowie State,MEAC,CIAA,32,24,False,False,Alumni Stadium
401282612,2021,1,regular,2021-09-04 20:00:00,Pittsburgh,Massachusetts,ACC,FBS Independents,51,7,False,False,Acrisure Stadium
401337368,2021,1,regular,2021-09-04 20:00:00,Presbyterian,St. Andrews,Pioneer,,84,43,False,False,Bailey Memorial Stadium
401281949,2021,1,regular,2021-09-04 20:00:00,Mississippi State,Louisiana Tech,SEC,Conference USA,35,34,False,False,Davis Wade Stadium
401327924,2021,1,regular,2021-09-04 20:00:00,Elizabeth City State,Fayetteville State,CIAA,CIAA,6,47,False,True,Rocky Mount Athletic Complex
401287892,2021,1,regular,2021-09-04 20:30:00,Texas,Louisiana,Big 12,Sun Belt,38,18,False,False,DKR-Texas Memorial Stadium
401287887,2021,1,regular,2021-09-04 20:30:00,Iowa State,Northern Iowa,Big 12,MVFC,16,10,False,False,Jack Trice Stadium
401309842,2021,1,regular,2021-09-04 21:00:00,USC,San José State,Pac-12,Mountain West,30,7,False,False,Los Angeles Memorial Coliseum
401327988,2021,1,regular,2021-09-04 22:00:00,Western Carolina,Eastern Kentucky,Southern,AWC,28,31,False,False,E. J. Whitmire Stadium
401328015,2021,1,regular,2021-09-04 22:00:00,Hampton,Virginia Union,Big South,CIAA,42,28,False,False,Armstrong Stadium
401309600,2021,1,regular,2021-09-04 22:00:00,Georgia Southern,Gardner-Webb,Sun Belt,Big South,30,25,False,False,Allen E. Paulson Stadium
401332299,2021,1,regular,2021-09-04 22:00:00,Sacred Heart,Bucknell,NEC,Patriot,21,0,False,False,Campus Field
401328616,2021,1,regular,2021-09-04 22:00:00,Alabama State,Miles,SWAC,SIAC,14,13,False,False,Hornet Stadium
401328210,2021,1,regular,2021-09-04 22:00:00,Rhode Island,Bryant,CAA,NEC,45,21,False,False,Meade Stadium
401328527,2021,1,regular,2021-09-04 22:00:00,Indiana Wesleyan,Valparaiso,,Pioneer,28,10,False,False,
401357798,2021,1,regular,2021-09-04 22:00:00,Stetson,Warner,Pioneer,,54,14,False,False,Spec Martin Municipal Stadium
401328192,2021,1,regular,2021-09-04 22:00:00,James Madison,Morehead State,CAA,Pioneer,68,10,False,False,Bridgeforth Stadium
401286294,2021,1,regular,2021-09-04 22:00:00,Liberty,Campbell,FBS Independents,Big South,48,7,False,False,Williams Stadium (VA)
401332022,2021,1,regular,2021-09-04 22:00:00,Mercyhurst,Alderson-Broaddus,Pennsylvania State Athletic,Mountain East,18,3,False,False,Saxon Stadium
401329085,2021,1,regular,2021-09-04 22:00:00,Benedict,Allen,SIAC,SIAC,45,12,False,True,Charlie W. Johnson Stadium
401327961,2021,1,regular,2021-09-04 22:00:00,Virginia State,Lenoir Rhyne,CIAA,South Atlantic,7,48,False,False,Rogers Stadium (VA)
401327953,2021,1,regular,2021-09-04 22:00:00,Lincoln (PA),Lock Haven,CIAA,Pennsylvania State Athletic,0,20,False,False,Lincoln University Stadium
401329190,2021,1,regular,2021-09-04 22:00:00,Clarion,Lake Erie,Pennsylvania State Athletic,Great Midwest Athletic,26,31,False,False,"Memorial Stadium (Clarion, PA)"
401329092,2021,1,regular,2021-09-04 22:00:00,Livingstone,Clark Atlanta,CIAA,SIAC,10,13,False,False,Alumni Memorial Stadium (NC)
401329023,2021,1,regular,2021-09-04 23:00:00,Adams State,Western New Mexico,Rocky Mountain,Lone Star,17,35,False,False,Rex Stadium
401329707,2021,1,regular,2021-09-04 23:00:00,Saint Xavier,Indianapolis,,Great Lakes,10,34,False,False,Bruce R. Deaton Memorial Field
401328977,2021,1,regular,2021-09-04 23:00:00,Saginaw Valley State,Texas A&M-Kingsville,GLIAC,Lone Star,13,9,False,False,Harvey Randall Wickes Memorial Stadium
401328944,2021,1,regular,2021-09-04 23:00:00,Valdosta State,Savannah State,Gulf South,SIAC,53,7,False,False,Bazemore-Hyder Stadium
401329008,2021,1,regular,2021-09-04 23:00:00,North Greenville,Limestone,Gulf South,South Atlantic,37,16,False,False,Younts Stadium
401329000,2021,1,regular,2021-09-04 23:00:00,West Alabama,Morehouse,Gulf South,SIAC,48,7,False,False,Tiger Stadium (AL)
401329394,2021,1,regular,2021-09-04 23:00:00,Northeastern State,Emporia State,Mid America,Mid America,7,38,False,True,Gable Field at Doc Wadley Stadium
401328345,2021,1,regular,2021-09-04 23:00:00,Harding,East Central,Great American,Great American,28,0,False,True,First Security Stadium
401328144,2021,1,regular,2021-09-04 23:00:00,North Alabama,SE Louisiana,Big South,Southland,28,49,False,False,Braly Municipal Stadium
401328022,2021,1,regular,2021-09-04 23:00:00,Stephen F. Austin,Tarleton State,Western Athletic,Western Athletic,20,10,False,True,Homer Bryce Stadium
401281944,2021,1,regular,2021-09-04 23:00:00,Auburn,Akron,SEC,Mid-American,60,10,False,False,Jordan-Hare Stadium
401287886,2021,1,regular,2021-09-04 23:00:00,Houston,Texas Tech,American Athletic,Big 12,21,38,True,False,NRG Stadium
401300997,2021,1,regular,2021-09-04 23:00:00,Memphis,Nicholls,American Athletic,Southland,42,17,False,False,Simmons Bank Liberty Stadium
401287893,2021,1,regular,2021-09-04 23:00:00,Texas State,Baylor,Sun Belt,Big 12,20,29,False,False,Bobcat Stadium (TX)
401282173,2021,1,regular,2021-09-04 23:00:00,Middle Tennessee,Monmouth,Conference USA,Big South,50,15,False,False,"Johnny ""Red"" Floyd Stadium"
401309602,2021,1,regular,2021-09-04 23:00:00,Troy,Southern,Sun Belt,SWAC,55,3,False,False,Veterans Memorial Stadium (AL)
401287890,2021,1,regular,2021-09-04 23:00:00,Oklahoma State,Missouri State,Big 12,MVFC,23,16,False,False,Boone Pickens Stadium
401282611,2021,1,regular,2021-09-04 23:00:00,Ohio,Syracuse,Mid-American,ACC,9,29,False,False,Peden Stadium
401309543,2021,1,regular,2021-09-04 23:00:00,Toledo,Norfolk State,Mid-American,MEAC,49,10,False,False,Glass Bowl
401282819,2021,1,regular,2021-09-04 23:00:00,Purdue,Oregon State,Big Ten,Pac-12,30,21,False,False,Ross-Ade Stadium
401309598,2021,1,regular,2021-09-04 23:00:00,Arkansas State,Central Arkansas,Sun Belt,AWC,40,21,False,False,Centennial Bank Stadium
401328634,2021,1,regular,2021-09-04 23:00:00,Arkansas-Pine Bluff,Lane College,SWAC,SIAC,34,16,False,False,Golden Lion Stadium
401300998,2021,1,regular,2021-09-04 23:00:00,SMU,Abilene Christian,American Athletic,Western Athletic,56,9,False,False,Gerald J. Ford Stadium
401281951,2021,1,regular,2021-09-04 23:00:00,South Carolina,Eastern Illinois,SEC,OVC,46,0,False,False,Williams-Brice Stadium
401328323,2021,1,regular,2021-09-04 23:00:00,Alabama A&M,South Carolina State,SWAC,MEAC,42,41,False,False,Louis Crews Stadium
401282613,2021,1,regular,2021-09-04 23:30:00,Virginia,William & Mary,ACC,CAA,43,0,False,False,Scott Stadium
401281945,2021,1,regular,2021-09-04 23:30:00,Florida,Florida Atlantic,SEC,Conference USA,35,14,False,False,Ben Hill Griffin Stadium
401282179,2021,1,regular,2021-09-04 23:30:00,Illinois,UTSA,Big Ten,Conference USA,30,37,False,False,"Memorial Stadium (Champaign, IL)"
401281946,2021,1,regular,2021-09-04 23:30:00,Clemson,Georgia,ACC,SEC,3,10,True,False,Bank of America Stadium
401328327,2021,1,regular,2021-09-04 23:30:00,Illinois State,Butler,MVFC,Pioneer,49,7,False,False,Hancock Stadium
401282610,2021,1,regular,2021-09-04 23:30:00,Georgia Tech,Northern Illinois,ACC,Mid-American,21,22,False,False,Bobby Dodd Stadium
401282175,2021,1,regular,2021-09-04 23:30:00,North Texas,Northwestern State,Conference USA,Southland,44,14,False,False,DATCU Stadium
401309839,2021,1,regular,2021-09-05 00:00:00,Washington,Montana,Pac-12,Big Sky,7,13,False,False,Husky Stadium
401287891,2021,1,regular,2021-09-05 00:00:00,TCU,Duquesne,Big 12,NEC,45,3,False,False,Amon G. Carter Stadium
401282054,2021,1,regular,2021-09-05 00:00:00,Vanderbilt,East Tennessee State,SEC,Southern,3,23,False,False,FirstBank Stadium
401328678,2021,1,regular,2021-09-05 00:00:00,Texas Southern,Prairie View A&M,SWAC,SWAC,17,40,False,True,BBVA Compass Stadium
401282177,2021,1,regular,2021-09-05 00:00:00,South Alabama,Southern Miss,Sun Belt,Conference USA,31,7,False,False,Hancock Whitney Stadium
401282053,2021,1,regular,2021-09-05 00:00:00,Texas A&M,Kent State,SEC,Mid-American,41,10,False,False,Kyle Field
401281948,2021,1,regular,2021-09-05 00:30:00,UCLA,LSU,Pac-12,SEC,38,27,False,False,Rose Bowl
401327977,2021,1,regular,2021-09-05 01:00:00,Utah Tech,Sacramento State,Western Athletic,Big Sky,7,19,False,False,Greater Zion Stadium
401282178,2021,1,regular,2021-09-05 01:00:00,UTEP,Bethune-Cookman,Conference USA,SWAC,38,28,False,False,Sun Bowl
401309841,2021,1,regular,2021-09-05 02:30:00,Arizona,BYU,Pac-12,FBS Independents,16,24,True,False,Allegiant Stadium
401309837,2021,1,regular,2021-09-05 02:30:00,California,Nevada,Pac-12,Mountain West,17,22,False,False,California Memorial Stadium
401310699,2021,1,regular,2021-09-05 02:30:00,San Diego State,New Mexico State,Mountain West,FBS Independents,28,10,False,False,Qualcomm Stadium
401309840,2021,1,regular,2021-09-05 03:00:00,Washington State,Utah State,Pac-12,Mountain West,23,26,False,False,Gesa Field
401310698,2021,1,regular,2021-09-05 03:59:00,Hawai'i,Portland State,Mountain West,Big Sky,49,35,False,False,Clarence T.C. Ching Athletics Complex
401328657,2021,1,regular,2021-09-05 19:00:00,Florida A&M,Jackson State,SWAC,SWAC,6,7,False,True,Hard Rock Stadium
401328426,2021,1,regular,2021-09-05 20:00:00,Grambling,Tennessee State,SWAC,OVC,16,10,False,False,Tom Benson Hall of Fame Stadium
401329118,2021,1,regular,2021-09-05 23:00:00,Tuskegee,Fort Valley State,SIAC,SIAC,0,30,False,True,
401282614,2021,1,regular,2021-09-05 23:30:00,Florida State,Notre Dame,ACC,FBS Independents,38,41,False,True,Doak Campbell Stadium
401282055,2021,1,regular,2021-09-07 00:00:00,Ole Miss,Louisville,SEC,ACC,43,24,True,False,Mercedes-Benz Stadium
401329384,2021,2,regular,2021-09-09 23:00:00,Glenville State,Concord,Mountain East,Mountain East,17,10,False,True,I.L. & Sue Morris Stadium
401329652,2021,2,regular,2021-09-09 23:00:00,Mars Hill,Virginia Lynchburg,South Atlantic,,50,14,False,False,Meares Stadium
401341940,2021,2,regular,2021-09-09 23:00:00,Charleston (WV),Fairmont State,Mountain East,Mountain East,27,6,False,True,University of Charleston Stadium
401329412,2021,2,regular,2021-09-09 23:00:00,Wheeling,Notre Dame College,Mountain East,Mountain East,15,31,False,True,Bishop Schmitt Field
401329341,2021,2,regular,2021-09-09 23:00:00,Washburn,Central Missouri,Mid America,Mid America,29,10,False,True,Yager Stadium at Moore Bowl
401329086,2021,2,regular,2021-09-09 23:30:00,Benedict,Edward Waters,SIAC,SIAC,44,3,False,False,Charlie W. Johnson Stadium
401329405,2021,2,regular,2021-09-10 00:00:00,Missouri Western,Fort Hays,Mid America,Mid America,38,31,False,True,Craig Field at Spratt Memorial Stadium
401347693,2021,2,regular,2021-09-10 23:00:00,Pace,American International,Northeast 10,Northeast 10,33,40,False,True,Pace Stadium
401287896,2021,2,regular,2021-09-10 23:30:00,Coastal Carolina,Kansas,Sun Belt,Big 12,49,22,False,False,Brooks Stadium (SC)
401282616,2021,2,regular,2021-09-11 00:00:00,Duke,North Carolina A&T,ACC,Big South,45,17,False,False,Wallace Wade Stadium
401282191,2021,2,regular,2021-09-11 01:30:00,Boise State,UTEP,Mountain West,Conference USA,54,13,False,False,Albertsons Stadium
401310701,2021,2,regular,2021-09-11 02:20:00,Utah State,North Dakota,Mountain West,MVFC,48,24,False,False,Maverik Stadium
401282624,2021,2,regular,2021-09-11 15:00:00,Virginia,Illinois,ACC,Big Ten,42,14,False,False,Scott Stadium
401282193,2021,2,regular,2021-09-11 15:30:00,Army,Western Kentucky,FBS Independents,Conference USA,38,35,False,False,Michie Stadium
401309545,2021,2,regular,2021-09-11 15:30:00,Kent State,VMI,Mid-American,Southern,60,10,False,False,Dix Stadium
401282804,2021,2,regular,2021-09-11 16:00:00,Northwestern,Indiana State,Big Ten,MVFC,24,6,False,False,Ryan Field
401282066,2021,2,regular,2021-09-11 16:00:00,Tennessee,Pittsburgh,SEC,ACC,34,41,False,False,Neyland Stadium
401282618,2021,2,regular,2021-09-11 16:00:00,Georgia Tech,Kennesaw State,ACC,Big South,45,17,False,False,Bobby Dodd Stadium
401329358,2021,2,regular,2021-09-11 16:00:00,Gannon,Shepherd,Pennsylvania State Athletic,Pennsylvania State Athletic,26,56,False,True,McConnell Family Stadium
401329419,2021,2,regular,2021-09-11 16:00:00,Mercyhurst,West Chester,Pennsylvania State Athletic,Pennsylvania State Athletic,10,56,False,True,Saxon Stadium
401329366,2021,2,regular,2021-09-11 16:00:00,Edinboro,Shippensburg,Pennsylvania State Athletic,Pennsylvania State Athletic,9,30,False,True,Sox Harrison Stadium
401282783,2021,2,regular,2021-09-11 16:00:00,Michigan State,Youngstown State,Big Ten,MVFC,42,14,False,False,Spartan Stadium
401282625,2021,2,regular,2021-09-11 16:00:00,Wake Forest,Norfolk State,ACC,MEAC,41,16,False,False,Allegacy Federal Credit Union Stadium
401282065,2021,2,regular,2021-09-11 16:00:00,East Carolina,South Carolina,American Athletic,SEC,17,20,False,False,Dowdy-Ficklen Stadium
401282790,2021,2,regular,2021-09-11 16:00:00,Minnesota,Miami (OH),Big Ten,Mid-American,31,26,False,False,Huntington Bank Stadium
401287899,2021,2,regular,2021-09-11 16:00:00,Oklahoma State,Tulsa,Big 12,American Athletic,28,23,False,False,Boone Pickens Stadium
401282058,2021,2,regular,2021-09-11 16:00:00,Auburn,Alabama State,SEC,SWAC,62,0,False,False,Jordan-Hare Stadium
401282809,2021,2,regular,2021-09-11 16:00:00,Ohio State,Oregon,Big Ten,Pac-12,28,35,False,False,Ohio Stadium
401282059,2021,2,regular,2021-09-11 17:00:00,South Florida,Florida,American Athletic,SEC,20,42,False,False,Raymond James Stadium
401328226,2021,2,regular,2021-09-11 17:00:00,Colgate,Stony Brook,Patriot,CAA,3,24,False,False,Andy Kerr Stadium
401328413,2021,2,regular,2021-09-11 17:00:00,Dayton,Eastern Illinois,Pioneer,OVC,17,10,False,False,Welcome Stadium
401328974,2021,2,regular,2021-09-11 17:00:00,Tiffin,Northwood,Great Midwest Athletic,GLIAC,40,6,False,False,Frost-Kalnow Stadium
401329474,2021,2,regular,2021-09-11 17:00:00,Franklin Pierce,Lake Erie,Northeast 10,Great Midwest Athletic,20,31,False,False,Sodexo Field
401334788,2021,2,regular,2021-09-11 17:00:00,California (PA),Lock Haven,Pennsylvania State Athletic,Pennsylvania State Athletic,59,0,False,True,Adamson Stadium
401344438,2021,2,regular,2021-09-11 17:00:00,Assumption,Bentley,Northeast 10,Northeast 10,28,40,False,True,Multi-Sport Stadium
401332383,2021,2,regular,2021-09-11 17:00:00,Tusculum,Chowan,South Atlantic,CIAA,38,46,False,False,Pioneer Field (TN)
401328707,2021,2,regular,2021-09-11 17:00:00,Wayne State (MI),Truman State,GLIAC,Great Lakes,9,27,False,False,Tom Adams Field
401329152,2021,2,regular,2021-09-11 17:00:00,Concordia St. Paul,Upper Iowa,Northern Sun,Northern Sun,24,6,False,True,Sea Foam Stadium
401329191,2021,2,regular,2021-09-11 17:00:00,Clarion,Millersville,Pennsylvania State Athletic,Pennsylvania State Athletic,17,21,False,True,"Memorial Stadium (Clarion, PA)"
401301000,2021,2,regular,2021-09-11 17:00:00,Tulane,Morgan State,American Athletic,MEAC,69,20,False,False,Legion Field
401329038,2021,2,regular,2021-09-11 17:00:00,Minnesota St Moorhead,Winona State,Northern Sun,Northern Sun,13,27,False,True,Scheels Field at Nemzek Stadium
401334757,2021,2,regular,2021-09-11 17:00:00,Kentucky State,Kentucky Wesleyan,SIAC,Great Midwest Athletic,25,26,False,False,Alumni Stadium (KY)
401341491,2021,2,regular,2021-09-11 17:00:00,Erskine,Barton,Independent DII,Independent DII,25,38,False,True,J.W. Babb Stadium
401327915,2021,2,regular,2021-09-11 17:00:00,Bowie State,Saginaw Valley State,CIAA,GLIAC,28,19,False,False,Bulldogs Stadium
401332023,2021,2,regular,2021-09-11 17:00:00,Alderson-Broaddus,West Liberty,Mountain East,Mountain East,0,24,False,True,Multi-Sport Performance Stadium
401348193,2021,2,regular,2021-09-11 17:00:00,Ohio Dominican,Virginia State,Great Midwest Athletic,CIAA,10,7,False,False,Panther Stadium (OH)
401328968,2021,2,regular,2021-09-11 17:00:00,Northern Michigan,Wisconsin Oshkosh,GLIAC,Wisconsin,10,28,False,False,Superior Dome
401327954,2021,2,regular,2021-09-11 17:00:00,Lincoln (PA),Central State,CIAA,SIAC,7,19,False,False,Lincoln University Stadium
401328955,2021,2,regular,2021-09-11 17:10:00,Michigan Tech,St. Thomas (MN),GLIAC,Pioneer,9,12,False,False,Sherman Field
401309547,2021,2,regular,2021-09-11 17:30:00,Northern Illinois,Wyoming,Mid-American,Mountain West,43,50,False,False,Huskie Stadium
401327925,2021,2,regular,2021-09-11 17:30:00,Elizabeth City State,Bluefield State,CIAA,Independent DII,27,35,False,False,Roebuck Stadium
401329001,2021,2,regular,2021-09-11 18:00:00,Tuskegee,West Alabama,SIAC,Gulf South,7,33,False,False,Abbott Memorial Alumni Stadium
401341944,2021,2,regular,2021-09-11 18:00:00,West Virginia State,Frostburg State,Mountain East,Mountain East,21,34,False,True,Dickerson Stadium
401329462,2021,2,regular,2021-09-11 18:00:00,Western New Mexico,Western Colorado,Lone Star,Rocky Mountain,14,49,False,False,Ben Altamirano Field
401328532,2021,2,regular,2021-09-11 18:00:00,Southern Nazarene,Ouachita Baptist,Great American,Great American,3,41,False,True,Southern Nazarene University Football Stadium
401329319,2021,2,regular,2021-09-11 18:00:00,Colorado School of Mines,New Mexico Highlands,Rocky Mountain,Rocky Mountain,31,21,False,True,Marv Kay Stadium at Campbell Field
401309753,2021,2,regular,2021-09-11 18:00:00,Ohio,Duquesne,Mid-American,NEC,26,28,False,False,Peden Stadium
401332007,2021,2,regular,2021-09-11 18:00:00,Quincy,Iowa Wesleyan,Great Lakes,,59,27,False,False,QU Stadium
401329201,2021,2,regular,2021-09-11 18:00:00,IU Pennsylvania,Kutztown,Pennsylvania State Athletic,Pennsylvania State Athletic,29,26,False,True,George P. Miller Stadium
401282622,2021,2,regular,2021-09-11 18:00:00,Syracuse,Rutgers,ACC,Big Ten,7,17,False,False,JMA Wireless Dome
401328221,2021,2,regular,2021-09-11 18:00:00,Richmond,Lehigh,CAA,Patriot,31,3,False,False,E. Claiborne Robins Stadium
401282186,2021,2,regular,2021-09-11 18:00:00,Virginia Tech,Middle Tennessee,ACC,Conference USA,35,14,False,False,Lane Stadium
401328287,2021,2,regular,2021-09-11 18:00:00,Delaware State,Georgetown,MEAC,Patriot,14,20,False,False,Alumni Stadium
401328485,2021,2,regular,2021-09-11 18:00:00,Holy Cross,Merrimack,Patriot,NEC,21,35,False,False,Fitton Field
401328119,2021,2,regular,2021-09-11 18:00:00,The Citadel,Charleston Southern,Southern,Big South,21,38,False,False,Johnson Hagood Stadium
401328075,2021,2,regular,2021-09-11 18:00:00,South Dakota,Northern Arizona,MVFC,Big Sky,34,7,False,False,DakotaDome
401328521,2021,2,regular,2021-09-11 18:00:00,Morehead State,Point University,Pioneer,,62,9,False,False,Jayne Stadium
401282705,2021,2,regular,2021-09-11 18:30:00,Notre Dame,Toledo,FBS Independents,Mid-American,32,29,False,False,Notre Dame Stadium
401328459,2021,2,regular,2021-09-11 18:30:00,Tennessee Tech,Furman,OVC,Southern,0,26,False,False,Tucker Stadium
401282820,2021,2,regular,2021-09-11 19:00:00,UConn,Purdue,FBS Independents,Big Ten,0,49,False,False,Pratt & Whitney Stadium
401332310,2021,2,regular,2021-09-11 19:00:00,Wagner,Central Connecticut,NEC,NEC,19,21,False,True,Wagner College Stadium
401359755,2021,2,regular,2021-09-11 19:00:00,Chadron State,Angelo State,Rocky Mountain,Lone Star,24,28,False,False,Elliott Field at Don Beebe Stadium
401359754,2021,2,regular,2021-09-11 19:00:00,Missouri S&T,Arkansas Baptist,Great Lakes,,71,0,False,False,Allgood-Bailey Stadium
401333045,2021,2,regular,2021-09-11 19:00:00,Bemidji State,Wayne State (NE),Northern Sun,Northern Sun,38,28,False,True,Chet Anderson Stadium
401309548,2021,2,regular,2021-09-11 19:00:00,Central Michigan,Robert Morris,Mid-American,Big South,45,0,False,False,Kelly/Shorts Stadium
401329126,2021,2,regular,2021-09-11 19:00:00,University of Mary,Augustana (SD),Northern Sun,Northern Sun,20,43,False,True,MDU Resources Community Bowl
401329457,2021,2,regular,2021-09-11 19:00:00,Missouri Southern State,Northeastern State,Mid America,Mid America,17,21,False,True,Fred G. Hughes Stadium
401301002,2021,2,regular,2021-09-11 19:30:00,Cincinnati,Murray State,American Athletic,OVC,42,7,False,False,Nippert Stadium
401282797,2021,2,regular,2021-09-11 19:30:00,Nebraska,Buffalo,Big Ten,Mid-American,28,3,False,False,"Memorial Stadium (Lincoln, NE)"
401282067,2021,2,regular,2021-09-11 19:30:00,Colorado,Texas A&M,Pac-12,SEC,7,10,True,False,Sports Authority Field at Mile High
401282816,2021,2,regular,2021-09-11 19:30:00,Penn State,Ball State,Big Ten,Mid-American,44,13,False,False,Beaver Stadium
401287900,2021,2,regular,2021-09-11 19:30:00,TCU,California,Big 12,Pac-12,34,32,False,False,Amon G. Carter Stadium
401282183,2021,2,regular,2021-09-11 19:30:00,Florida Atlantic,Georgia Southern,Conference USA,Sun Belt,38,6,False,False,FAU Stadium
401300999,2021,2,regular,2021-09-11 19:30:00,Akron,Temple,Mid-American,American Athletic,24,45,False,False,InfoCision Stadium
401301004,2021,2,regular,2021-09-11 19:30:00,Navy,Air Force,American Athletic,Mountain West,3,23,False,False,Navy-Marine Corps Memorial Stadium
401328367,2021,2,regular,2021-09-11 19:30:00,North Dakota State,Valparaiso,MVFC,Pioneer,64,0,False,False,Fargodome
401282623,2021,2,regular,2021-09-11 19:30:00,Massachusetts,Boston College,FBS Independents,ACC,28,45,False,False,Warren McGuirk Alumni Stadium
401282060,2021,2,regular,2021-09-11 19:30:00,Georgia,UAB,SEC,Conference USA,56,7,False,False,Sanford Stadium
401328099,2021,2,regular,2021-09-11 20:00:00,San Diego,UC Davis,Pioneer,Big Sky,7,53,False,False,Torero Stadium
401282056,2021,2,regular,2021-09-11 20:00:00,Alabama,Mercer,SEC,Southern,48,14,False,False,Bryant-Denny Stadium
401328038,2021,2,regular,2021-09-11 20:00:00,Eastern Washington,Central Washington,Big Sky,Great Northwest,63,14,False,False,Roos Field
401356953,2021,2,regular,2021-09-11 20:00:00,Presbyterian,UFTL,Pioneer,,68,3,False,False,Bailey Memorial Stadium
401309546,2021,2,regular,2021-09-11 20:00:00,Bowling Green,South Alabama,Mid-American,Sun Belt,19,22,False,False,Doyt L. Perry Stadium
401328193,2021,2,regular,2021-09-11 20:00:00,James Madison,Maine,CAA,CAA,55,7,False,True,Bridgeforth Stadium
401329113,2021,2,regular,2021-09-11 20:00:00,Clark Atlanta,Lane College,SIAC,SIAC,26,35,False,True,CAU Panther Stadium
401329713,2021,2,regular,2021-09-11 20:00:00,Linfield,Simon Fraser,Northwest,Great Northwest,56,20,False,False,Maxwell Field
401282754,2021,2,regular,2021-09-11 20:30:00,Iowa State,Iowa,Big 12,Big Ten,17,27,False,False,Jack Trice Stadium
401282615,2021,2,regular,2021-09-11 21:00:00,Clemson,South Carolina State,ACC,MEAC,49,3,False,False,"Memorial Stadium (Clemson, SC)"
401309544,2021,2,regular,2021-09-11 21:00:00,Western Michigan,Illinois State,Mid-American,MVFC,28,0,False,False,Waldo Stadium
401328016,2021,2,regular,2021-09-11 21:00:00,Virginia Union,Valdosta State,CIAA,Gulf South,7,51,False,False,Hovey Field
401287902,2021,2,regular,2021-09-11 21:00:00,West Virginia,Long Island University,Big 12,NEC,66,0,False,False,Milan Puskar Stadium
401282192,2021,2,regular,2021-09-11 22:00:00,UTSA,Lamar,Conference USA,Western Athletic,54,0,False,False,Alamodome
401329009,2021,2,regular,2021-09-11 22:00:00,Newberry,North Greenville,South Atlantic,Gulf South,14,24,False,False,Setzler Field
401347701,2021,2,regular,2021-09-11 22:00:00,Stonehill,Southern Connecticut State,Northeast 10,Northeast 10,54,21,False,True,W.B. Mason Stadium
401328945,2021,2,regular,2021-09-11 22:00:00,Savannah State,Livingstone,SIAC,CIAA,50,6,False,False,Ted Wright Stadium
401282181,2021,2,regular,2021-09-11 22:00:00,Charlotte,Gardner-Webb,Conference USA,Big South,38,10,False,False,Jerry Richardson Stadium
401329180,2021,2,regular,2021-09-11 22:00:00,Seton Hill,Bloomsburg,Pennsylvania State Athletic,Pennsylvania State Athletic,13,7,False,True,Offutt Field
401366015,2021,2,regular,2021-09-11 22:00:00,Findlay,UNC Pembroke,Great Midwest Athletic,Mountain East,34,28,False,False,Donnell Stadium
401329057,2021,2,regular,2021-09-11 22:00:00,West Georgia,Morehouse,Gulf South,SIAC,47,0,False,False,University Stadium (GA)
401328085,2021,2,regular,2021-09-11 22:00:00,Wingate,Fayetteville State,South Atlantic,CIAA,40,21,False,False,Irwin Belk Stadium
401328102,2021,2,regular,2021-09-11 22:00:00,Johnson C. Smith,Allen,CIAA,SIAC,19,20,False,False,Irwin Belk Complex
401309845,2021,2,regular,2021-09-11 22:00:00,Washington State,Portland State,Pac-12,Big Sky,44,24,False,False,Gesa Field
401329372,2021,2,regular,2021-09-11 22:00:00,Slippery Rock,East Stroudsburg,Pennsylvania State Athletic,Pennsylvania State Athletic,22,7,False,True,Mihalik-Thompson Stadium
401328176,2021,2,regular,2021-09-11 22:00:00,Delaware,Saint Francis,CAA,NEC,27,10,False,False,Delaware Stadium
401357799,2021,2,regular,2021-09-11 22:00:00,Stetson,Ave Maria University,Pioneer,,49,16,False,False,Spec Martin Municipal Stadium
401328236,2021,2,regular,2021-09-11 22:00:00,William & Mary,Lafayette,CAA,Patriot,24,3,False,False,Zable Stadium
401328205,2021,2,regular,2021-09-11 22:00:00,New Hampshire,Towson,CAA,CAA,26,14,False,True,Wildcat Stadium
401328658,2021,2,regular,2021-09-11 22:00:00,Florida A&M,Fort Valley State,SWAC,SIAC,34,7,False,False,Bragg Memorial Stadium
401328234,2021,2,regular,2021-09-11 22:00:00,Villanova,Bucknell,CAA,Patriot,55,3,False,False,Villanova Stadium
401328108,2021,2,regular,2021-09-11 22:00:00,Campbell,Elon,Big South,CAA,23,24,False,False,Barker-Lane Stadium
401328497,2021,2,regular,2021-09-11 22:00:00,Butler,DePauw,Pioneer,North Coast,49,24,False,False,Butler Bowl
401332050,2021,2,regular,2021-09-11 22:00:00,Fordham,Monmouth,Patriot,Big South,23,26,False,False,Jack Coffey Field
401282189,2021,2,regular,2021-09-11 22:30:00,Rice,Houston,Conference USA,American Athletic,7,44,False,False,Rice Stadium
401282185,2021,2,regular,2021-09-11 22:30:00,Marshall,North Carolina Central,Conference USA,MEAC,44,10,False,False,Joan C. Edwards Stadium
401301001,2021,2,regular,2021-09-11 22:30:00,UCF,Bethune-Cookman,American Athletic,SWAC,63,14,False,False,FBC Mortgage Stadium
401287901,2021,2,regular,2021-09-11 23:00:00,Texas Tech,Stephen F. Austin,Big 12,Western Athletic,28,22,False,False,Jones AT&T Stadium
401329451,2021,2,regular,2021-09-11 23:00:00,UT Permian Basin,West Texas,Lone Star,Lone Star,42,31,False,True,Ratliff Stadium
401328696,2021,2,regular,2021-09-11 23:00:00,West Florida,Southwest Baptist,Gulf South,Great Lakes,63,14,False,False,Blue Wahoos Stadium
401282187,2021,2,regular,2021-09-11 23:00:00,SMU,North Texas,American Athletic,Conference USA,35,12,False,False,Gerald J. Ford Stadium
401282184,2021,2,regular,2021-09-11 23:00:00,Louisiana Tech,SE Louisiana,Conference USA,Southland,45,42,False,False,Joe Aillet Stadium
401328535,2021,2,regular,2021-09-11 23:00:00,Southern Arkansas,Southwestern Oklahoma State,Great American,Great American,42,27,False,True,Wilkins Stadium
401328258,2021,2,regular,2021-09-11 23:00:00,Catawba,Winston-Salem State,South Atlantic,CIAA,28,6,False,False,Shuford Stadium
401287897,2021,2,regular,2021-09-11 23:00:00,Kansas State,Southern Illinois,Big 12,MVFC,31,23,False,False,Bill Snyder Family Stadium
401282619,2021,2,regular,2021-09-11 23:00:00,Louisville,Eastern Kentucky,ACC,AWC,30,3,False,False,L&N Federal Credit Union Stadium
401282190,2021,2,regular,2021-09-11 23:00:00,Southern Miss,Grambling,Conference USA,SWAC,37,0,False,False,M. M. Roberts Stadium
401328936,2021,2,regular,2021-09-11 23:00:00,Grand Valley State,CSU Pueblo,GLIAC,Rocky Mountain,34,14,False,False,Lubbers Stadium
401329492,2021,2,regular,2021-09-11 23:00:00,Minnesota Duluth,Minnesota State,Northern Sun,Northern Sun,30,10,False,True,James S. Malosky Stadium
401329708,2021,2,regular,2021-09-11 23:00:00,Hillsdale,Indianapolis,Great Midwest Athletic,Great Lakes,31,35,False,False,"Frank ""Muddy"" Waters Stadium"
401328398,2021,2,regular,2021-09-11 23:00:00,Henderson State,Northwestern (OK),Great American,Great American,55,7,False,True,Ruggles Field at Carpenter-Haygood Stadium
401328991,2021,2,regular,2021-09-11 23:00:00,Albany State,Shorter,SIAC,Gulf South,28,12,False,False,Albany State University Coliseum
401330018,2021,2,regular,2021-09-11 23:00:00,East Texas A&M,Midwestern State,Lone Star,Lone Star,30,31,False,True,Dignity Health Sports Park
401329351,2021,2,regular,2021-09-11 23:00:00,South Dakota Mines,Mayville State,Rocky Mountain,,52,7,False,False,O'Harra Stadium
401328389,2021,2,regular,2021-09-11 23:00:00,Southeastern Oklahoma State,Harding,Great American,Great American,32,31,False,True,Paul Laird Field
401287898,2021,2,regular,2021-09-11 23:00:00,Oklahoma,Western Carolina,Big 12,Southern,76,0,False,False,"Memorial Stadium (Norman, OK)"
401329069,2021,2,regular,2021-09-11 23:00:00,Northern State,Southwest Minnesota State,Northern Sun,Northern Sun,30,13,False,True,Swisher Field
401287895,2021,2,regular,2021-09-11 23:00:00,Baylor,Texas Southern,Big 12,SWAC,66,7,False,False,McLane Stadium
401328648,2021,2,regular,2021-09-11 23:00:00,Delta State,McKendree,Gulf South,Great Lakes,45,17,False,False,Parker Field at McCool Stadium
401282188,2021,2,regular,2021-09-11 23:00:00,Old Dominion,Hampton,Conference USA,Big South,47,7,False,False,S.B. Ballard Stadium
401328714,2021,2,regular,2021-09-11 23:00:00,Ashland,Ferris State,Great Midwest Athletic,GLIAC,19,45,False,False,Jack Miller Stadium
401309603,2021,2,regular,2021-09-11 23:00:00,Louisiana,Nicholls,Sun Belt,Southland,27,24,False,False,Cajun Field
401328310,2021,2,regular,2021-09-11 23:00:00,Oklahoma Baptist,Arkansas Monticello,Great American,Great American,45,20,False,True,Crain Family Stadium
401328277,2021,2,regular,2021-09-11 23:00:00,East Central,Arkansas Tech,Great American,Great American,13,10,False,True,Koi Ishto Stadium
401282620,2021,2,regular,2021-09-11 23:00:00,Miami,App State,ACC,Sun Belt,25,23,False,False,Hard Rock Stadium
401328023,2021,2,regular,2021-09-11 23:00:00,Tarleton State,Fort Lewis,Western Athletic,Rocky Mountain,54,7,False,False,"Memorial Stadium (Stephenville, TX)"
401286295,2021,2,regular,2021-09-11 23:00:00,Troy,Liberty,Sun Belt,FBS Independents,13,21,False,False,Veterans Memorial Stadium (AL)
401282825,2021,2,regular,2021-09-11 23:00:00,Wisconsin,Eastern Michigan,Big Ten,Mid-American,34,7,False,False,Camp Randall Stadium
401332300,2021,2,regular,2021-09-11 23:00:00,Bryant,Sacred Heart,NEC,NEC,17,6,False,True,Bulldog Stadium
401328216,2021,2,regular,2021-09-11 23:00:00,Davidson,Shaw,Pioneer,CIAA,28,26,False,False,Richardson Stadium
401328427,2021,2,regular,2021-09-11 23:00:00,Jackson State,Tennessee State,SWAC,OVC,38,16,False,False,Simmons Bank Liberty Stadium
401328463,2021,2,regular,2021-09-11 23:00:00,UT Martin,Samford,OVC,Southern,33,27,False,False,Graham Stadium
401328703,2021,2,regular,2021-09-11 23:00:00,Abilene Christian,Louisiana Christian,Western Athletic,,62,7,False,False,Wildcat Stadium (TX)
401282057,2021,2,regular,2021-09-11 23:00:00,Arkansas,Texas,SEC,Big 12,40,21,False,False,Razorback Stadium
401328145,2021,2,regular,2021-09-11 23:00:00,North Alabama,Chattanooga,Big South,Southern,0,20,False,False,Braly Municipal Stadium
401301003,2021,2,regular,2021-09-11 23:00:00,Arkansas State,Memphis,Sun Belt,American Athletic,50,55,False,False,Centennial Bank Stadium
401328606,2021,2,regular,2021-09-11 23:00:00,South Dakota State,Lindenwood,MVFC,Great Lakes Valley,52,7,False,False,Dana J. Dykhouse Stadium
401282064,2021,2,regular,2021-09-11 23:00:00,Mississippi State,NC State,SEC,ACC,24,10,False,False,Davis Wade Stadium
401328690,2021,2,regular,2021-09-11 23:00:00,Southern,Miles,SWAC,SIAC,41,24,False,False,Ace W. Mumford Stadium
401282182,2021,2,regular,2021-09-11 23:00:00,Florida International,Texas State,Conference USA,Sun Belt,17,23,False,False,FIU Stadium
401328080,2021,2,regular,2021-09-11 23:00:00,Houston Christian,Northern Colorado,Southland,Big Sky,13,45,False,False,Husky Stadium
401328160,2021,2,regular,2021-09-11 23:00:00,UAlbany,Rhode Island,CAA,CAA,14,16,False,True,Bob Ford Field
401328012,2021,2,regular,2021-09-11 23:00:00,Sam Houston,Southeast Missouri State,AWC,OVC,52,14,False,False,Elliott T. Bowers Stadium
401310700,2021,2,regular,2021-09-11 23:00:00,New Mexico,New Mexico State,Mountain West,FBS Independents,34,25,False,False,University Stadium (NM)
401328599,2021,2,regular,2021-09-11 23:00:00,Alcorn State,Northwestern State,SWAC,Southland,13,10,False,False,Jack Spinks Stadium
401328694,2021,2,regular,2021-09-11 23:30:00,East Tennessee State,UVA Wise,Southern,South Atlantic,45,14,False,False,William B. Greene Jr. Stadium
401282621,2021,2,regular,2021-09-11 23:30:00,North Carolina,Georgia State,ACC,Sun Belt,59,17,False,False,Kenan Stadium
401282061,2021,2,regular,2021-09-11 23:30:00,Kentucky,Missouri,SEC,SEC,35,28,False,True,Kroger Field
401282724,2021,2,regular,2021-09-11 23:30:00,Indiana,Idaho,Big Ten,Big Sky,56,14,False,False,"Memorial Stadium (Bloomington, IN)"
401282063,2021,2,regular,2021-09-11 23:30:00,Ole Miss,Austin Peay,SEC,OVC,54,17,False,False,Vaught-Hemingway Stadium
401286207,2021,2,regular,2021-09-11 23:30:00,Maryland,Howard,Big Ten,MEAC,62,0,False,False,SECU Stadium
401330250,2021,2,regular,2021-09-12 00:00:00,Texas A&M-Kingsville,Western Oregon,Lone Star,Great Northwest,24,10,False,False,Javelina Stadium
401329024,2021,2,regular,2021-09-12 00:00:00,Eastern New Mexico,Adams State,Lone Star,Rocky Mountain,42,14,False,False,Al Whitehead Field at Greyhound Stadium
401329395,2021,2,regular,2021-09-12 00:00:00,Emporia State,Central Oklahoma,Mid America,Mid America,31,21,False,True,Francis G. Welch Stadium
401329487,2021,2,regular,2021-09-12 00:00:00,Pittsburg State,Nebraska Kearney,Mid America,Mid America,17,28,False,True,Carnie Smith Stadium
401282617,2021,2,regular,2021-09-12 00:00:00,Florida State,Jacksonville State,ACC,AWC,17,20,False,False,Doak Campbell Stadium
401282062,2021,2,regular,2021-09-12 00:00:00,LSU,McNeese,SEC,Southland,34,7,False,False,Tiger Stadium (LA)
401327967,2021,2,regular,2021-09-12 00:00:00,Missouri State,Central Arkansas,MVFC,AWC,43,34,False,False,Plaster Sports Complex
401328679,2021,2,regular,2021-09-12 00:00:00,Incarnate Word,Prairie View A&M,Southland,SWAC,40,9,False,False,Gayle and Tom Benson Stadium
401282773,2021,2,regular,2021-09-12 00:00:00,Michigan,Washington,Big Ten,Pac-12,31,10,False,False,Michigan Stadium
401328064,2021,2,regular,2021-09-12 00:00:00,Montana State,Drake,Big Sky,Pioneer,45,7,False,False,Bobcat Stadium
401328070,2021,2,regular,2021-09-12 00:00:00,Montana,Western Illinois,Big Sky,MVFC,42,7,False,False,Washington-Grizzly Stadium
401328095,2021,2,regular,2021-09-12 01:00:00,Sacramento State,Northern Iowa,Big Sky,MVFC,16,34,False,False,Hornet Stadium
401282068,2021,2,regular,2021-09-12 02:00:00,Colorado State,Vanderbilt,Mountain West,SEC,21,24,False,False,Canvas Stadium
401309846,2021,2,regular,2021-09-12 02:00:00,Arizona,San Diego State,Pac-12,Mountain West,14,38,False,False,Arizona Stadium
401327978,2021,2,regular,2021-09-12 02:00:00,Utah Tech,Weber State,Western Athletic,Big Sky,3,41,False,False,Greater Zion Stadium
401310702,2021,2,regular,2021-09-12 02:00:00,Fresno State,Cal Poly,Mountain West,Big Sky,63,10,False,False,Valley Children's Stadium
401309848,2021,2,regular,2021-09-12 02:15:00,BYU,Utah,FBS Independents,Pac-12,26,17,False,False,LaVell Edwards Stadium
401309843,2021,2,regular,2021-09-12 02:30:00,USC,Stanford,Pac-12,Pac-12,28,42,False,True,Los Angeles Memorial Coliseum
401309847,2021,2,regular,2021-09-12 02:30:00,Arizona State,UNLV,Pac-12,Mountain West,37,10,False,False,Mountain America Stadium
401310703,2021,2,regular,2021-09-12 02:30:00,Nevada,Idaho State,Mountain West,Big Sky,49,10,False,False,Mackay Stadium
401309844,2021,2,regular,2021-09-12 03:00:00,Oregon State,Hawai'i,Pac-12,Mountain West,45,27,False,False,Reser Stadium
401341945,2021,3,regular,2021-09-16 17:00:00,Frostburg State,Charleston (WV),Mountain East,Mountain East,30,24,False,True,Bobcat Stadium (MD)
401328641,2021,3,regular,2021-09-16 23:30:00,Bethune-Cookman,Alabama A&M,SWAC,SWAC,27,30,False,True,Municipal Stadium
401309606,2021,3,regular,2021-09-17 00:00:00,Louisiana,Ohio,Sun Belt,Mid-American,49,14,False,False,Cajun Field
401347702,2021,3,regular,2021-09-17 23:00:00,Southern Connecticut State,Saint Anselm,Northeast 10,Northeast 10,34,31,False,True,Jess Dow Field
401282626,2021,3,regular,2021-09-17 23:30:00,Louisville,UCF,ACC,American Athletic,42,35,False,False,L&N Federal Credit Union Stadium
401282715,2021,3,regular,2021-09-18 01:00:00,Illinois,Maryland,Big Ten,Big Ten,17,20,False,True,"Memorial Stadium (Champaign, IL)"
401282798,2021,3,regular,2021-09-18 16:00:00,Oklahoma,Nebraska,Big 12,Big Ten,23,16,False,False,"Memorial Stadium (Norman, OK)"
401282634,2021,3,regular,2021-09-18 16:00:00,Temple,Boston College,American Athletic,ACC,3,28,False,False,Lincoln Financial Field
401309552,2021,3,regular,2021-09-18 16:00:00,Buffalo,Coastal Carolina,Mid-American,Sun Belt,25,28,False,False,UB Stadium
401286189,2021,3,regular,2021-09-18 16:00:00,Army,UConn,FBS Independents,FBS Independents,52,21,False,False,Michie Stadium
401282629,2021,3,regular,2021-09-18 16:00:00,Miami,Michigan State,ACC,Big Ten,17,38,False,False,Hard Rock Stadium
401282774,2021,3,regular,2021-09-18 16:00:00,Michigan,Northern Illinois,Big Ten,Mid-American,63,10,False,False,Michigan Stadium
401339818,2021,3,regular,2021-09-18 16:00:00,Lehigh,Princeton,Patriot,Ivy,0,32,False,False,Goodman Stadium
401282636,2021,3,regular,2021-09-18 16:00:00,West Virginia,Virginia Tech,Big 12,ACC,27,21,False,False,Milan Puskar Stadium
401328992,2021,3,regular,2021-09-18 16:00:00,Clark Atlanta,Shorter,SIAC,Gulf South,17,38,False,False,CAU Panther Stadium
401328132,2021,3,regular,2021-09-18 16:00:00,Howard,Hampton,MEAC,Big South,32,48,True,False,Audi Field
401328486,2021,3,regular,2021-09-18 16:00:00,Yale,Holy Cross,Ivy,Patriot,17,20,False,False,Yale Bowl
401332306,2021,3,regular,2021-09-18 16:00:00,Saint Francis,Wagner,NEC,NEC,39,24,False,True,DeGol Field
401282077,2021,3,regular,2021-09-18 16:00:00,Missouri,Southeast Missouri State,SEC,OVC,59,28,False,False,Memorial Stadium
401282632,2021,3,regular,2021-09-18 16:00:00,Pittsburgh,Western Michigan,ACC,Mid-American,41,44,False,False,Acrisure Stadium
401282078,2021,3,regular,2021-09-18 16:00:00,Tennessee,Tennessee Tech,SEC,OVC,56,0,False,False,Neyland Stadium
401329420,2021,3,regular,2021-09-18 16:00:00,West Chester,Edinboro,Pennsylvania State Athletic,Pennsylvania State Athletic,41,37,False,True,John A. Farrell Stadium
401328199,2021,3,regular,2021-09-18 16:00:00,Maine,Merrimack,CAA,NEC,31,26,False,False,Alfond Stadium
401282725,2021,3,regular,2021-09-18 16:00:00,Indiana,Cincinnati,Big Ten,American Athletic,24,38,False,False,"Memorial Stadium (Bloomington, IN)"
401282633,2021,3,regular,2021-09-18 16:00:00,Syracuse,UAlbany,ACC,CAA,62,24,False,False,JMA Wireless Dome
401282079,2021,3,regular,2021-09-18 16:00:00,Texas A&M,New Mexico,SEC,Mountain West,34,0,False,False,Kyle Field
401282073,2021,3,regular,2021-09-18 16:00:00,Kentucky,Chattanooga,SEC,Southern,28,23,False,False,Kroger Field
401328603,2021,3,regular,2021-09-18 16:00:00,Central Connecticut,SE Louisiana,NEC,Southland,10,56,False,False,Arute Field
401329211,2021,3,regular,2021-09-18 16:05:00,Kutztown,Seton Hill,Pennsylvania State Athletic,Pennsylvania State Athletic,14,3,False,True,Andre Reed Stadium
401328206,2021,3,regular,2021-09-18 16:30:00,Lafayette,New Hampshire,Patriot,CAA,13,19,False,False,Fisher Field
401328211,2021,3,regular,2021-09-18 16:30:00,Brown,Rhode Island,Ivy,CAA,24,45,False,False,Brown Stadium
401328479,2021,3,regular,2021-09-18 16:30:00,Georgetown,Harvard,Patriot,Ivy,9,44,False,False,Cooper Field
401328238,2021,3,regular,2021-09-18 17:00:00,Columbia,Marist,Ivy,Pioneer,37,14,False,False,Lawrence A. Wien Stadium
401331759,2021,3,regular,2021-09-18 17:00:00,Catawba,Barton,South Atlantic,Independent DII,17,10,False,False,Shuford Stadium
401332024,2021,3,regular,2021-09-18 17:00:00,Wheeling,Alderson-Broaddus,Mountain East,Mountain East,28,6,False,True,Bishop Schmitt Field
401327916,2021,3,regular,2021-09-18 17:00:00,New Haven,Bowie State,Northeast 10,CIAA,13,27,False,False,Ralph F. DellaCamera Stadium
401328708,2021,3,regular,2021-09-18 17:00:00,Truman State,Hillsdale,Great Lakes,Great Midwest Athletic,38,24,False,False,Stokes Stadium
401329192,2021,3,regular,2021-09-18 17:00:00,Clarion,Shippensburg,Pennsylvania State Athletic,Pennsylvania State Athletic,33,62,False,True,"Memorial Stadium (Clarion, PA)"
401347698,2021,3,regular,2021-09-18 17:00:00,Assumption,Pace,Northeast 10,Northeast 10,32,21,False,True,Multi-Sport Stadium
401328237,2021,3,regular,2021-09-18 17:00:00,Colgate,William & Mary,Patriot,CAA,7,27,False,False,Andy Kerr Stadium
401329634,2021,3,regular,2021-09-18 17:00:00,Mars Hill,UVA Wise,South Atlantic,South Atlantic,44,9,False,True,Meares Stadium
401332010,2021,3,regular,2021-09-18 17:00:00,William Jewell,Ohio Dominican,Great Lakes,Great Midwest Athletic,25,35,False,False,Greene Stadium
401329426,2021,3,regular,2021-09-18 17:00:00,California (PA),Millersville,Pennsylvania State Athletic,Pennsylvania State Athletic,30,0,False,True,Adamson Stadium
401328217,2021,3,regular,2021-09-18 17:00:00,Shaw,Central State,CIAA,SIAC,52,0,False,False,George Williams Athletic Complex
401328297,2021,3,regular,2021-09-18 17:00:00,Sacred Heart,Morgan State,NEC,MEAC,21,7,False,False,Campus Field
401329643,2021,3,regular,2021-09-18 17:00:00,Carson Newman,Wingate,South Atlantic,South Atlantic,3,25,False,True,Burke-Tarr Stadium
401333034,2021,3,regular,2021-09-18 17:00:00,Chowan,Erskine,CIAA,Independent DII,49,19,False,False,Garrison Stadium
401282791,2021,3,regular,2021-09-18 17:00:00,Colorado,Minnesota,Pac-12,Big Ten,0,30,False,False,Folsom Field
401341941,2021,3,regular,2021-09-18 17:00:00,Fairmont State,West Virginia State,Mountain East,Mountain East,23,30,False,True,Duvall-Rosier Field
401328724,2021,3,regular,2021-09-18 17:00:00,Northern Michigan,Davenport,GLIAC,GLIAC,20,14,False,True,Superior Dome
401329661,2021,3,regular,2021-09-18 17:05:00,East Stroudsburg,Mercyhurst,Pennsylvania State Athletic,Pennsylvania State Athletic,17,7,False,True,Eiler-Martin Stadium
401328697,2021,3,regular,2021-09-18 18:00:00,Southwest Baptist,Findlay,Great Lakes,Great Midwest Athletic,41,62,False,False,Plaster Sports Complex
401328649,2021,3,regular,2021-09-18 18:00:00,McKendree,Lake Erie,Great Lakes,Great Midwest Athletic,10,17,False,False,Leemon Field
401328682,2021,3,regular,2021-09-18 18:00:00,Missouri S&T,Wayne State (MI),Great Lakes,GLIAC,51,45,False,False,Allgood-Bailey Stadium
401334760,2021,3,regular,2021-09-18 18:00:00,Concord,West Virginia Wesleyan,Mountain East,Mountain East,28,25,False,True,Callaghan Stadium
401329433,2021,3,regular,2021-09-18 18:00:00,West Liberty,Notre Dame College,Mountain East,Mountain East,10,51,False,True,West Family Stadium
401328960,2021,3,regular,2021-09-18 18:00:00,Morehouse,Miles,SIAC,SIAC,14,37,False,True,B.T. Harvey Stadium
401329313,2021,3,regular,2021-09-18 18:00:00,New Mexico Highlands,Colorado Mesa,Rocky Mountain,Rocky Mountain,37,56,False,True,Sanchez Family Stadium
401287905,2021,3,regular,2021-09-18 18:00:00,Kansas State,Nevada,Big 12,Mountain West,38,17,False,False,Bill Snyder Family Stadium
401359793,2021,3,regular,2021-09-18 18:00:00,Tuskegee,Edward Waters,SIAC,SIAC,23,6,False,False,Abbott Memorial Alumni Stadium
401329488,2021,3,regular,2021-09-18 18:00:00,Nebraska Kearney,Washburn,Mid America,Mid America,28,24,False,True,Ron & Carol Cope Stadium at Foster Field
401329059,2021,3,regular,2021-09-18 18:00:00,Winona State,Minnesota Duluth,Northern Sun,Northern Sun,23,29,False,True,Altra Federal Credit Union Stadium
401344439,2021,3,regular,2021-09-18 18:00:00,Bentley,Stonehill,Northeast 10,Northeast 10,24,14,False,True,Bentley University Football Stadium
401329202,2021,3,regular,2021-09-18 18:00:00,IU Pennsylvania,Shepherd,Pennsylvania State Athletic,Pennsylvania State Athletic,21,37,False,True,George P. Miller Stadium
401332008,2021,3,regular,2021-09-18 18:00:00,Quincy,Walsh,Great Lakes,Great Midwest Athletic,38,17,False,False,QU Stadium
401328248,2021,3,regular,2021-09-18 18:00:00,Cornell,VMI,Ivy,Southern,21,31,False,False,Schoellkopf Field
401329342,2021,3,regular,2021-09-18 18:00:00,Central Missouri,Northwest Missouri State,Mid America,Mid America,7,47,False,True,Audrey J. Walton Stadium at Vernon Kennedy Field
401329320,2021,3,regular,2021-09-18 18:00:00,Fort Lewis,Colorado School of Mines,Rocky Mountain,Rocky Mountain,0,76,False,True,Ray Dennison Memorial Field
401329119,2021,3,regular,2021-09-18 18:00:00,Fort Valley State,Lane College,SIAC,SIAC,24,27,False,True,Wildcat Stadium (GA)
401330246,2021,3,regular,2021-09-18 18:00:00,Eastern New Mexico,Texas A&M-Kingsville,Lone Star,Lone Star,10,36,False,True,Al Whitehead Field at Greyhound Stadium
401329181,2021,3,regular,2021-09-18 18:00:00,Bloomsburg,Gannon,Pennsylvania State Athletic,Pennsylvania State Athletic,31,27,False,True,Robert B. Redman Stadium
401329173,2021,3,regular,2021-09-18 18:00:00,Sioux Falls,Concordia St. Paul,Northern Sun,Northern Sun,50,14,False,True,Bob Young Field
401329039,2021,3,regular,2021-09-18 18:00:00,Augustana (SD),Minnesota St Moorhead,Northern Sun,Northern Sun,43,17,False,True,Kirkeby-Over Stadium
401328262,2021,3,regular,2021-09-18 18:00:00,Valparaiso,Dartmouth,Pioneer,Ivy,18,28,False,False,Brown Field
401282706,2021,3,regular,2021-09-18 18:30:00,Notre Dame,Purdue,FBS Independents,Big Ten,27,13,False,False,Notre Dame Stadium
401328561,2021,3,regular,2021-09-18 18:30:00,Western Carolina,Samford,Southern,Southern,37,42,False,True,E. J. Whitmire Stadium
401328405,2021,3,regular,2021-09-18 19:00:00,Austin Peay,Morehead State,OVC,Pioneer,59,35,False,False,Governors Stadium
401331754,2021,3,regular,2021-09-18 19:00:00,Tusculum,Limestone,South Atlantic,South Atlantic,24,21,False,True,Pioneer Field (TN)
401328065,2021,3,regular,2021-09-18 19:00:00,Montana State,San Diego,Big Sky,Pioneer,52,10,False,False,Bobcat Stadium
401328937,2021,3,regular,2021-09-18 19:00:00,Grand Valley State,Wisconsin La Crosse,GLIAC,Wisconsin,45,24,False,False,Lubbers Stadium
401359751,2021,3,regular,2021-09-18 19:00:00,Mississippi College,UFTL,Gulf South,,63,0,False,False,Robinson-Hale Stadium
401328428,2021,3,regular,2021-09-18 19:00:00,Tennessee State,Kentucky State,OVC,SIAC,41,7,False,False,Nissan Stadium
401329297,2021,3,regular,2021-09-18 19:00:00,CSU Pueblo,Black Hills State,Rocky Mountain,Rocky Mountain,19,16,False,True,Neta and Eddie DeRose ThunderBowl
401287904,2021,3,regular,2021-09-18 19:30:00,Kansas,Baylor,Big 12,Big 12,7,45,False,True,Memorial Stadium
401282635,2021,3,regular,2021-09-18 19:30:00,Wake Forest,Florida State,ACC,ACC,35,14,False,True,Allegacy Federal Credit Union Stadium
401286300,2021,3,regular,2021-09-18 19:30:00,Massachusetts,Eastern Michigan,FBS Independents,Mid-American,28,42,False,False,Warren McGuirk Alumni Stadium
401309604,2021,3,regular,2021-09-18 19:30:00,App State,Elon,Sun Belt,CAA,44,10,False,False,Kidd Brewer Stadium
401282810,2021,3,regular,2021-09-18 19:30:00,Ohio State,Tulsa,Big Ten,American Athletic,41,20,False,False,Ohio Stadium
401308843,2021,3,regular,2021-09-18 19:30:00,Miami (OH),Long Island University,Mid-American,NEC,42,7,False,False,Yager Stadium
401282823,2021,3,regular,2021-09-18 19:30:00,Rutgers,Delaware,Big Ten,CAA,45,13,False,False,SHI Stadium
401309550,2021,3,regular,2021-09-18 19:30:00,Akron,Bryant,Mid-American,NEC,35,14,False,False,InfoCision Stadium
401282755,2021,3,regular,2021-09-18 19:30:00,Iowa,Kent State,Big Ten,Mid-American,30,7,False,False,Kinnick Stadium
401282071,2021,3,regular,2021-09-18 19:30:00,Florida,Alabama,SEC,SEC,29,31,False,True,Ben Hill Griffin Stadium
401282199,2021,3,regular,2021-09-18 19:30:00,Louisiana Tech,SMU,Conference USA,American Athletic,37,39,False,False,Joe Aillet Stadium
401309852,2021,3,regular,2021-09-18 19:30:00,Washington State,USC,Pac-12,Pac-12,14,45,False,True,Gesa Field
401282627,2021,3,regular,2021-09-18 19:30:00,Clemson,Georgia Tech,ACC,ACC,14,8,False,True,"Memorial Stadium (Clemson, SC)"
401309851,2021,3,regular,2021-09-18 19:30:00,Oregon State,Idaho,Pac-12,Big Sky,42,0,False,False,Reser Stadium
401328222,2021,3,regular,2021-09-18 19:30:00,Villanova,Richmond,CAA,CAA,34,27,False,True,Villanova Stadium
401328005,2021,3,regular,2021-09-18 20:00:00,Northern Colorado,Lamar,Big Sky,Western Athletic,10,17,False,False,Nottingham Field
401328039,2021,3,regular,2021-09-18 20:00:00,Western Illinois,Eastern Washington,MVFC,Big Sky,56,62,False,False,Hanson Field
401309549,2021,3,regular,2021-09-18 20:00:00,Wyoming,Ball State,Mountain West,Mid-American,45,12,False,False,War Memorial Stadium
401282069,2021,3,regular,2021-09-18 20:00:00,Arkansas,Georgia Southern,SEC,Sun Belt,45,10,False,False,Razorback Stadium
401282628,2021,3,regular,2021-09-18 20:00:00,Duke,Northwestern,ACC,Big Ten,30,23,False,False,Wallace Wade Stadium
401309849,2021,3,regular,2021-09-18 20:00:00,California,Sacramento State,Pac-12,Big Sky,42,30,False,False,California Memorial Stadium
401282076,2021,3,regular,2021-09-18 20:00:00,Memphis,Mississippi State,American Athletic,SEC,31,29,False,False,Simmons Bank Liberty Stadium
401309553,2021,3,regular,2021-09-18 20:00:00,Toledo,Colorado State,Mid-American,Mountain West,6,22,False,False,Glass Bowl
401309605,2021,3,regular,2021-09-18 20:15:00,Washington,Arkansas State,Pac-12,Sun Belt,52,3,False,False,Husky Stadium
401309551,2021,3,regular,2021-09-18 21:00:00,Bowling Green,Murray State,Mid-American,OVC,27,10,False,False,Doyt L. Perry Stadium
401329493,2021,3,regular,2021-09-18 21:00:00,Minnesota State,Bemidji State,Northern Sun,Northern Sun,45,24,False,True,Blakeslee Stadium
401328372,2021,3,regular,2021-09-18 21:00:00,Northern Iowa,St. Thomas (MN),MVFC,Pioneer,44,3,False,False,UNI-Dome
401328360,2021,3,regular,2021-09-18 21:00:00,North Dakota,Drake,MVFC,Pioneer,38,0,False,False,Alerus Center
401328091,2021,3,regular,2021-09-18 21:00:00,Portland State,Western Oregon,Big Sky,Great Northwest,21,7,False,False,Hillsboro Stadium
401328139,2021,3,regular,2021-09-18 22:00:00,Wofford,Kennesaw State,Southern,Big South,10,31,False,False,Gibbs Stadium
401328109,2021,3,regular,2021-09-18 22:00:00,Campbell,Presbyterian,Big South,Pioneer,72,0,False,False,Barker-Lane Stadium
401328546,2021,3,regular,2021-09-18 22:00:00,The Citadel,North Greenville,Southern,Gulf South,45,13,False,False,Johnson Hagood Stadium
401328259,2021,3,regular,2021-09-18 22:00:00,North Carolina Central,Winston-Salem State,MEAC,CIAA,20,13,False,False,O'Kelly-Riddick Stadium
401328231,2021,3,regular,2021-09-18 22:00:00,Towson,North Dakota State,CAA,MVFC,7,35,False,False,Johnny Unitas Stadium
401327955,2021,3,regular,2021-09-18 22:00:00,Gardner-Webb,Lincoln (PA),Big South,CIAA,56,0,False,False,Ernest W. Spangler Stadium
401327926,2021,3,regular,2021-09-18 22:00:00,Norfolk State,Elizabeth City State,MEAC,CIAA,63,26,False,False,"William Dick"""" Price Stadium"""""
401328120,2021,3,regular,2021-09-18 22:00:00,Charleston Southern,Monmouth,Big South,Big South,14,41,False,True,Buccaneer Field
401328269,2021,3,regular,2021-09-18 22:00:00,Bucknell,Pennsylvania,Patriot,Ivy,6,30,False,False,Christy Mathewson-Memorial Stadium
401329481,2021,3,regular,2021-09-18 22:00:00,Indianapolis,Tiffin,Great Lakes,Great Midwest Athletic,17,20,False,False,Key Stadium
401379550,2021,3,regular,2021-09-18 22:00:00,Allen,Livingstone,SIAC,CIAA,34,32,False,False,W.C. Hawkins Stadium
401328017,2021,3,regular,2021-09-18 22:00:00,Virginia Union,Virginia Lynchburg,CIAA,,49,7,False,False,Hovey Field
401329016,2021,3,regular,2021-09-18 22:00:00,West Georgia,Delta State,Gulf South,Gulf South,27,26,False,True,University Stadium (GA)
401282201,2021,3,regular,2021-09-18 22:00:00,Liberty,Old Dominion,FBS Independents,Conference USA,45,17,False,False,Williams Stadium (VA)
401329692,2021,3,regular,2021-09-18 22:00:00,Newberry,Lenoir Rhyne,South Atlantic,South Atlantic,28,21,False,True,Setzler Field
401282200,2021,3,regular,2021-09-18 22:00:00,Marshall,East Carolina,Conference USA,American Athletic,38,42,False,False,Joan C. Edwards Stadium
401328946,2021,3,regular,2021-09-18 22:00:00,Savannah State,Benedict,SIAC,SIAC,41,34,False,True,Ted Wright Stadium
401329413,2021,3,regular,2021-09-18 22:00:00,Slippery Rock,Lock Haven,Pennsylvania State Athletic,Pennsylvania State Athletic,57,7,False,True,Mihalik-Thompson Stadium
401282198,2021,3,regular,2021-09-18 22:00:00,Florida Atlantic,Fordham,Conference USA,Patriot,45,14,False,False,FAU Stadium
401282194,2021,3,regular,2021-09-18 22:00:00,UTSA,Middle Tennessee,Conference USA,Conference USA,27,13,False,True,Alamodome
401334780,2021,3,regular,2021-09-18 22:00:00,Franklin Pierce,American International,Northeast 10,Northeast 10,19,38,False,True,Sodexo Field
401329385,2021,3,regular,2021-09-18 22:00:00,UNC Pembroke,Glenville State,Mountain East,Mountain East,36,22,False,True,Grace P. Johnson Stadium
401348513,2021,3,regular,2021-09-18 22:00:00,Johnson C. Smith,Bluefield State,CIAA,Independent DII,12,20,False,False,Irwin Belk Complex
401328390,2021,3,regular,2021-09-18 23:00:00,Southern Arkansas,Harding,Great American,Great American,6,37,False,True,Wilkins Stadium
401348213,2021,3,regular,2021-09-18 23:00:00,Wayne State (NE),Minot State,Northern Sun,Northern Sun,48,0,False,True,"Memorial Stadium (Wayne, NE)"
401329093,2021,3,regular,2021-09-18 23:00:00,Angelo State,Midwestern State,Lone Star,Lone Star,17,35,False,True,LeGrand Stadium at 1st Community Credit Union Field
401328453,2021,3,regular,2021-09-18 23:00:00,Oklahoma Baptist,Northwestern (OK),Great American,Great American,56,42,False,True,Crain Family Stadium
401329034,2021,3,regular,2021-09-18 23:00:00,East Texas A&M,West Florida,Lone Star,Gulf South,17,35,False,False,Memorial Stadium (Commerce TX)
401329127,2021,3,regular,2021-09-18 23:00:00,Southwest Minnesota State,University of Mary,Northern Sun,Northern Sun,23,45,False,True,Schwan Regional Event Center
401329396,2021,3,regular,2021-09-18 23:00:00,Missouri Western,Emporia State,Mid America,Mid America,38,37,False,True,Craig Field at Spratt Memorial Stadium
401328346,2021,3,regular,2021-09-18 23:00:00,East Central,Southern Nazarene,Great American,Great American,40,13,False,True,Koi Ishto Stadium
401328311,2021,3,regular,2021-09-18 23:00:00,Arkansas Monticello,Henderson State,Great American,Great American,18,58,False,True,Convoy Leslie Cotton Boll Stadium
401328981,2021,3,regular,2021-09-18 23:00:00,Valdosta State,Albany State,Gulf South,SIAC,21,3,False,False,Bazemore-Hyder Stadium
401282196,2021,3,regular,2021-09-18 23:00:00,Georgia State,Charlotte,Sun Belt,Conference USA,20,9,False,False,Center Parc Stadium
401309609,2021,3,regular,2021-09-18 23:00:00,Texas State,Incarnate Word,Sun Belt,Southland,34,42,False,False,Bobcat Stadium (TX)
401282203,2021,3,regular,2021-09-18 23:00:00,Southern Miss,Troy,Conference USA,Sun Belt,9,21,False,False,M. M. Roberts Stadium
401329499,2021,3,regular,2021-09-18 23:00:00,Northeastern State,Pittsburg State,Mid America,Mid America,13,48,False,True,Gable Field at Doc Wadley Stadium
401328493,2021,3,regular,2021-09-18 23:00:00,Southeastern Oklahoma State,Southwestern Oklahoma State,Great American,Great American,37,28,False,True,Paul Laird Field
401309856,2021,3,regular,2021-09-18 23:00:00,San Diego State,Utah,Mountain West,Pac-12,33,31,False,False,Qualcomm Stadium
401328278,2021,3,regular,2021-09-18 23:00:00,Ouachita Baptist,Arkansas Tech,Great American,Great American,38,24,False,True,Cliff Harris Stadium
401328769,2021,3,regular,2021-09-18 23:00:00,Ferris State,Saginaw Valley State,GLIAC,GLIAC,47,45,False,True,Top Taggart Field
401282072,2021,3,regular,2021-09-18 23:00:00,Georgia,South Carolina,SEC,SEC,40,13,False,True,Sanford Stadium
401329070,2021,3,regular,2021-09-18 23:00:00,Upper Iowa,Northern State,Northern Sun,Northern Sun,22,40,False,True,Harms-Eischeid Stadium
401301006,2021,3,regular,2021-09-18 23:00:00,South Florida,Florida A&M,American Athletic,SWAC,38,17,False,False,Raymond James Stadium
401301005,2021,3,regular,2021-09-18 23:00:00,Houston,Grambling,American Athletic,SWAC,45,0,False,False,TDECU Stadium
401328384,2021,3,regular,2021-09-18 23:00:00,Southern Illinois,Dayton,MVFC,Pioneer,55,3,False,False,Saluki Stadium
401328586,2021,3,regular,2021-09-18 23:00:00,Southern,McNeese,SWAC,Southland,24,31,False,False,Ace W. Mumford Stadium
401328704,2021,3,regular,2021-09-18 23:00:00,Abilene Christian,UT Permian Basin,Western Athletic,Lone Star,34,9,False,False,Wildcat Stadium (TX)
401328498,2021,3,regular,2021-09-18 23:00:00,Taylor,Butler,,Pioneer,24,77,False,False,New Turner Stadium
401327997,2021,3,regular,2021-09-18 23:00:00,Jacksonville State,North Alabama,AWC,Big South,27,24,False,False,AmFirst Stadium
401328673,2021,3,regular,2021-09-18 23:00:00,Stephen F. Austin,Mississippi Valley State,Western Athletic,SWAC,58,13,False,False,Homer Bryce Stadium
401327989,2021,3,regular,2021-09-18 23:00:00,Eastern Kentucky,Indiana State,AWC,MVFC,21,23,False,False,Roy Kidd Stadium
401328328,2021,3,regular,2021-09-18 23:00:00,Eastern Illinois,Illinois State,OVC,MVFC,24,31,False,False,O'Brien Stadium
401328024,2021,3,regular,2021-09-18 23:00:00,Tarleton State,Southern Utah,Western Athletic,Big Sky,35,40,False,False,Dignity Health Sports Park
401282197,2021,3,regular,2021-09-18 23:00:00,Texas Tech,Florida International,Big 12,Conference USA,54,21,False,False,Jones AT&T Stadium
401328576,2021,3,regular,2021-09-18 23:00:00,Prairie View A&M,Houston Christian,SWAC,Southland,37,27,False,False,Panther Stadium
401327968,2021,3,regular,2021-09-18 23:00:00,Central Arkansas,Arkansas-Pine Bluff,AWC,SWAC,45,23,False,False,Estes Stadium
401328464,2021,3,regular,2021-09-18 23:00:00,Northwestern State,UT Martin,Southland,OVC,10,35,False,False,Harry Turpin Stadium
401282070,2021,3,regular,2021-09-18 23:30:00,Penn State,Auburn,Big Ten,SEC,28,20,False,False,Beaver Stadium
401282631,2021,3,regular,2021-09-18 23:30:00,North Carolina,Virginia,ACC,ACC,59,39,False,True,Kenan Stadium
401328288,2021,3,regular,2021-09-18 23:30:00,East Tennessee State,Delaware State,Southern,MEAC,38,6,False,False,William B. Greene Jr. Stadium
401282630,2021,3,regular,2021-09-18 23:30:00,NC State,Furman,ACC,Southern,45,7,False,False,Carter-Finley Stadium
401309850,2021,3,regular,2021-09-18 23:30:00,Oregon,Stony Brook,Pac-12,CAA,48,7,False,False,Autzen Stadium
401282195,2021,3,regular,2021-09-18 23:30:00,North Texas,UAB,Conference USA,Conference USA,6,40,False,True,DATCU Stadium
401282074,2021,3,regular,2021-09-18 23:30:00,LSU,Central Michigan,SEC,Mid-American,49,21,False,False,Tiger Stadium (LA)
401310704,2021,3,regular,2021-09-18 23:30:00,Air Force,Utah State,Mountain West,Mountain West,45,49,False,True,Falcon Stadium
401329376,2021,3,regular,2021-09-19 00:00:00,Central Oklahoma,Missouri Southern State,Mid America,Mid America,10,14,False,True,Wantland Stadium
401309607,2021,3,regular,2021-09-19 00:00:00,UL Monroe,Jackson State,Sun Belt,SWAC,12,7,False,False,Malone Stadium
401282080,2021,3,regular,2021-09-19 00:00:00,Vanderbilt,Stanford,SEC,Pac-12,23,41,False,False,FirstBank Stadium
401329452,2021,3,regular,2021-09-19 00:00:00,West Texas,Western New Mexico,Lone Star,Lone Star,42,14,False,True,Buffalo Stadium
401309608,2021,3,regular,2021-09-19 00:00:00,South Alabama,Alcorn State,Sun Belt,SWAC,28,21,False,False,Hancock Whitney Stadium
401329406,2021,3,regular,2021-09-19 00:00:00,Fort Hays,Lincoln (MO),Mid America,Mid America,72,0,False,True,Lewis Field Stadium
401328607,2021,3,regular,2021-09-19 00:00:00,Lindenwood,Kentucky Wesleyan,Great Lakes Valley,Great Midwest Athletic,56,34,False,False,Hunter Stadium
401319455,2021,3,regular,2021-09-19 00:00:00,New Mexico State,South Carolina State,FBS Independents,MEAC,43,35,False,False,Aggie Memorial Stadium
401328029,2021,3,regular,2021-09-19 00:00:00,Cal Poly,South Dakota,Big Sky,MVFC,14,48,False,False,Alex G. Spanos Stadium
401282202,2021,3,regular,2021-09-19 00:00:00,Texas,Rice,Big 12,Conference USA,58,0,False,False,DKR-Texas Memorial Stadium
401328101,2021,3,regular,2021-09-19 00:00:00,Weber State,James Madison,Big Sky,CAA,24,37,False,False,Stewart Stadium
401282075,2021,3,regular,2021-09-19 00:00:00,Ole Miss,Tulane,SEC,American Athletic,61,21,False,False,Vaught-Hemingway Stadium
401329306,2021,3,regular,2021-09-19 00:30:00,Chadron State,South Dakota Mines,Rocky Mountain,Rocky Mountain,31,20,False,True,Elliott Field at Don Beebe Stadium
401287903,2021,3,regular,2021-09-19 01:00:00,Boise State,Oklahoma State,Mountain West,Big 12,20,21,False,False,Albertsons Stadium
401332019,2021,3,regular,2021-09-19 01:00:00,Simon Fraser,Central Washington,Great Northwest,Great Northwest,14,36,False,True,Terry Fox Field
401329025,2021,3,regular,2021-09-19 01:00:00,Adams State,Western Colorado,Rocky Mountain,Rocky Mountain,10,24,False,True,Rex Stadium
401309853,2021,3,regular,2021-09-19 02:00:00,Arizona,Northern Arizona,Pac-12,Big Sky,19,21,False,False,Arizona Stadium
401327979,2021,3,regular,2021-09-19 02:00:00,UC Davis,Utah Tech,Big Sky,Western Athletic,60,27,False,False,Aggie Stadium
401309854,2021,3,regular,2021-09-19 02:15:00,BYU,Arizona State,FBS Independents,Pac-12,27,17,False,False,LaVell Edwards Stadium
401287906,2021,3,regular,2021-09-19 02:30:00,UNLV,Iowa State,Mountain West,Big 12,3,48,False,False,Allegiant Stadium
401309855,2021,3,regular,2021-09-19 02:45:00,UCLA,Fresno State,Pac-12,Mountain West,37,40,False,False,Rose Bowl
401310705,2021,3,regular,2021-09-19 04:30:00,Hawai'i,San José State,Mountain West,Mountain West,13,17,False,True,Aloha Stadium
401282208,2021,4,regular,2021-09-23 23:30:00,App State,Marshall,Sun Belt,Conference USA,31,30,False,False,Kidd Brewer Stadium
401328626,2021,4,regular,2021-09-23 23:30:00,Arkansas-Pine Bluff,Alcorn State,SWAC,SWAC,38,39,False,True,Golden Lion Stadium
401282204,2021,4,regular,2021-09-24 22:30:00,Charlotte,Middle Tennessee,Conference USA,Conference USA,42,39,False,True,Jerry Richardson Stadium
401282638,2021,4,regular,2021-09-24 23:00:00,Virginia,Wake Forest,ACC,ACC,17,37,False,True,Scott Stadium
401344143,2021,4,regular,2021-09-24 23:00:00,Harvard,Brown,Ivy,Ivy,49,17,False,True,Harvard Stadium
401282637,2021,4,regular,2021-09-25 00:00:00,Syracuse,Liberty,ACC,FBS Independents,24,21,False,False,JMA Wireless Dome
401310707,2021,4,regular,2021-09-25 02:00:00,Fresno State,UNLV,Mountain West,Mountain West,38,30,False,True,Valley Children's Stadium
401308834,2021,4,regular,2021-09-25 16:00:00,Army,Miami (OH),FBS Independents,Mid-American,23,10,False,False,Michie Stadium
401332011,2021,4,regular,2021-09-25 16:00:00,Kentucky Wesleyan,William Jewell,Great Midwest Athletic,Great Lakes,41,21,False,False,Steele Stadium
401282088,2021,4,regular,2021-09-25 16:00:00,Vanderbilt,Georgia,SEC,SEC,0,62,False,True,FirstBank Stadium
401329635,2021,4,regular,2021-09-25 16:00:00,UVA Wise,Carson Newman,South Atlantic,South Atlantic,33,7,False,True,Carl Smith Stadium
401282805,2021,4,regular,2021-09-25 16:00:00,Northwestern,Ohio,Big Ten,Mid-American,35,6,False,False,Ryan Field
401328249,2021,4,regular,2021-09-25 16:00:00,Yale,Cornell,Ivy,Ivy,23,17,False,True,Yale Bowl
401328608,2021,4,regular,2021-09-25 16:00:00,Findlay,Lindenwood,Great Midwest Athletic,Great Lakes Valley,16,28,False,False,Donnell Stadium
401282644,2021,4,regular,2021-09-25 16:00:00,Pittsburgh,New Hampshire,ACC,CAA,77,7,False,False,Acrisure Stadium
401282707,2021,4,regular,2021-09-25 16:00:00,Wisconsin,Notre Dame,Big Ten,FBS Independents,13,41,True,False,Soldier Field
401301010,2021,4,regular,2021-09-25 16:00:00,Temple,Wagner,American Athletic,NEC,41,7,False,False,Lincoln Financial Field
401328587,2021,4,regular,2021-09-25 16:00:00,Incarnate Word,McNeese,Southland,Southland,31,0,False,True,Gayle and Tom Benson Stadium
401282817,2021,4,regular,2021-09-25 16:00:00,Penn State,Villanova,Big Ten,CAA,38,17,False,False,Beaver Stadium
401328304,2021,4,regular,2021-09-25 16:00:00,Saint Francis,Norfolk State,NEC,MEAC,16,28,False,False,DeGol Field
401329434,2021,4,regular,2021-09-25 16:00:00,Notre Dame College,West Virginia State,Mountain East,Mountain East,38,14,False,True,Mueller Field
401331762,2021,4,regular,2021-09-25 16:00:00,Edinboro,California (PA),Pennsylvania State Athletic,Pennsylvania State Athletic,12,20,False,True,Sox Harrison Stadium
401287910,2021,4,regular,2021-09-25 16:00:00,TCU,SMU,Big 12,American Athletic,34,42,False,False,Amon G. Carter Stadium
401328157,2021,4,regular,2021-09-25 16:00:00,Robert Morris,Howard,Big South,MEAC,22,16,False,False,Joe Walton Stadium
401310706,2021,4,regular,2021-09-25 16:00:00,Utah State,Boise State,Mountain West,Mountain West,3,27,False,True,Maverik Stadium
401282085,2021,4,regular,2021-09-25 16:00:00,Mississippi State,LSU,SEC,SEC,25,28,False,True,Davis Wade Stadium
401329212,2021,4,regular,2021-09-25 16:00:00,Shepherd,Kutztown,Pennsylvania State Athletic,Pennsylvania State Athletic,29,37,False,True,Ram Stadium (WV)
401334821,2021,4,regular,2021-09-25 16:00:00,Davidson,San Diego,Pioneer,Pioneer,28,16,False,True,Richardson Stadium
401282086,2021,4,regular,2021-09-25 16:00:00,Boston College,Missouri,ACC,SEC,41,34,False,False,"Alumni Stadium (Chestnut Hill, MA)"
401329386,2021,4,regular,2021-09-25 16:00:00,Glenville State,Wheeling,Mountain East,Mountain East,10,27,False,True,I.L. & Sue Morris Stadium
401282792,2021,4,regular,2021-09-25 16:00:00,Minnesota,Bowling Green,Big Ten,Mid-American,10,14,False,False,Huntington Bank Stadium
401344440,2021,4,regular,2021-09-25 16:00:00,American International,Bentley,Northeast 10,Northeast 10,27,35,False,True,Ronald J. Abdow Field
401282645,2021,4,regular,2021-09-25 16:00:00,Virginia Tech,Richmond,ACC,CAA,21,10,False,False,Lane Stadium
401282206,2021,4,regular,2021-09-25 16:00:00,Central Michigan,Florida International,Mid-American,Conference USA,31,27,False,False,Kelly/Shorts Stadium
401287911,2021,4,regular,2021-09-25 16:00:00,Texas,Texas Tech,Big 12,Big 12,70,35,False,True,DKR-Texas Memorial Stadium
401282642,2021,4,regular,2021-09-25 16:30:00,Miami,Central Connecticut,ACC,NEC,69,0,False,False,Hard Rock Stadium
401332025,2021,4,regular,2021-09-25 17:00:00,Alderson-Broaddus,Charleston (WV),Mountain East,Mountain East,7,69,False,True,Multi-Sport Performance Stadium
401328171,2021,4,regular,2021-09-25 17:00:00,St. Augustine's,Chowan,CIAA,CIAA,12,59,False,True,George Williams Athletic Complex
401327956,2021,4,regular,2021-09-25 17:00:00,Lincoln (PA),Shaw,CIAA,CIAA,6,41,False,True,Lincoln University Stadium
401329174,2021,4,regular,2021-09-25 17:00:00,Concordia St. Paul,Southwest Minnesota State,Northern Sun,Northern Sun,24,34,False,True,Sea Foam Stadium
401328507,2021,4,regular,2021-09-25 17:00:00,Dayton,Presbyterian,Pioneer,Pioneer,63,43,False,True,Welcome Stadium
401329010,2021,4,regular,2021-09-25 17:00:00,Erskine,North Greenville,Independent DII,Gulf South,7,38,False,False,J.W. Babb Stadium
401334775,2021,4,regular,2021-09-25 17:00:00,West Virginia Wesleyan,West Liberty,Mountain East,Mountain East,0,31,False,True,Cebe Ross Field
401329193,2021,4,regular,2021-09-25 17:00:00,Gannon,Clarion,Pennsylvania State Athletic,Pennsylvania State Athletic,56,21,False,True,McConnell Family Stadium
401328487,2021,4,regular,2021-09-25 17:00:00,Monmouth,Holy Cross,Big South,Patriot,15,45,False,False,Kessler Stadium
401328471,2021,4,regular,2021-09-25 17:00:00,Colgate,Lehigh,Patriot,Patriot,30,3,False,True,Andy Kerr Stadium
401328499,2021,4,regular,2021-09-25 17:00:00,St. Thomas (MN),Butler,Pioneer,Pioneer,36,0,False,True,O'Shaughnessy Stadium
401328993,2021,4,regular,2021-09-25 17:00:00,Shorter,West Georgia,Gulf South,Gulf South,0,56,False,True,Barron Stadium
401328338,2021,4,regular,2021-09-25 17:00:00,Indiana State,South Dakota State,MVFC,MVFC,0,44,False,True,Memorial Stadium
401328018,2021,4,regular,2021-09-25 17:00:00,Johnson C. Smith,Virginia Union,CIAA,CIAA,7,43,False,True,Irwin Belk Complex
401328969,2021,4,regular,2021-09-25 17:00:00,Northwood,Northern Michigan,GLIAC,GLIAC,37,20,False,True,Hantz Stadium
401329040,2021,4,regular,2021-09-25 17:00:00,Minnesota St Moorhead,Upper Iowa,Northern Sun,Northern Sun,33,28,False,True,Scheels Field at Nemzek Stadium
401286301,2021,4,regular,2021-09-25 17:00:00,Coastal Carolina,Massachusetts,Sun Belt,FBS Independents,53,3,False,False,Brooks Stadium (SC)
401329182,2021,4,regular,2021-09-25 17:00:00,Shippensburg,Bloomsburg,Pennsylvania State Athletic,Pennsylvania State Athletic,51,7,False,True,Seth Grove Stadium
401334769,2021,4,regular,2021-09-25 17:00:00,UNC Pembroke,Fairmont State,Mountain East,Mountain East,27,30,False,True,Grace P. Johnson Stadium
401328925,2021,4,regular,2021-09-25 17:00:00,New Haven,Southern Connecticut State,Northeast 10,Northeast 10,38,9,False,True,Ralph F. DellaCamera Stadium
401328528,2021,4,regular,2021-09-25 17:00:00,Drake,Valparaiso,Pioneer,Pioneer,21,24,False,True,Drake Stadium
401332052,2021,4,regular,2021-09-25 17:00:00,Duquesne,Virginia Lynchburg,NEC,,56,7,False,False,Arthur J. Rooney Athletic Field
401328715,2021,4,regular,2021-09-25 17:00:00,Ashland,Quincy,Great Midwest Athletic,Great Lakes,63,23,False,False,Jack Miller Stadium
401329203,2021,4,regular,2021-09-25 17:00:00,Mercyhurst,IU Pennsylvania,Pennsylvania State Athletic,Pennsylvania State Athletic,13,48,False,True,Saxon Stadium
401328239,2021,4,regular,2021-09-25 17:00:00,Columbia,Georgetown,Ivy,Patriot,35,24,False,False,Lawrence A. Wien Stadium
401344330,2021,4,regular,2021-09-25 17:00:00,Princeton,Stetson,Ivy,Pioneer,63,0,False,False,Princeton University Stadium
401328938,2021,4,regular,2021-09-25 17:00:00,Michigan Tech,Grand Valley State,GLIAC,GLIAC,21,44,False,True,Sherman Field
401330257,2021,4,regular,2021-09-25 17:00:00,Saint Anselm,Franklin Pierce,Northeast 10,Northeast 10,42,7,False,True,Grappone Stadium
401329709,2021,4,regular,2021-09-25 17:00:00,Indianapolis,Ohio Dominican,Great Lakes,Great Midwest Athletic,16,19,False,False,Key Stadium
401334761,2021,4,regular,2021-09-25 17:00:00,Concord,Frostburg State,Mountain East,Mountain East,23,42,False,True,Callaghan Stadium
401327927,2021,4,regular,2021-09-25 17:30:00,Winston-Salem State,Elizabeth City State,CIAA,CIAA,14,19,False,True,Bowman Gray Stadium
401332329,2021,4,regular,2021-09-25 17:30:00,Tusculum,Newberry,South Atlantic,South Atlantic,19,24,False,True,Pioneer Field (TN)
401328263,2021,4,regular,2021-09-25 17:30:00,Dartmouth,Sacred Heart,Ivy,NEC,41,3,False,False,Memorial Field
401328567,2021,4,regular,2021-09-25 17:30:00,VMI,Wofford,Southern,Southern,31,23,False,True,Alumni Memorial Field
401329343,2021,4,regular,2021-09-25 18:00:00,Central Missouri,Nebraska Kearney,Mid America,Mid America,28,31,False,True,Audrey J. Walton Stadium at Vernon Kennedy Field
401328184,2021,4,regular,2021-09-25 18:00:00,Elon,William & Mary,CAA,CAA,31,34,False,True,Rhodes Stadium
401309555,2021,4,regular,2021-09-25 18:00:00,Ball State,Toledo,Mid-American,Mid-American,12,22,False,True,Scheumann Stadium
401309554,2021,4,regular,2021-09-25 18:00:00,Western Michigan,San José State,Mid-American,Mountain West,23,3,False,False,Waldo Stadium
401329445,2021,4,regular,2021-09-25 18:00:00,Lincoln (MO),Northeastern State,Mid America,Mid America,48,49,False,True,Dwight T. Reed Stadium
401329468,2021,4,regular,2021-09-25 18:00:00,Washburn,Missouri Western,Mid America,Mid America,47,41,False,True,Yager Stadium at Moore Bowl
401328289,2021,4,regular,2021-09-25 18:00:00,Delaware State,Merrimack,MEAC,NEC,10,47,False,False,Alumni Stadium
401309557,2021,4,regular,2021-09-25 18:00:00,Eastern Michigan,Texas State,Mid-American,Sun Belt,59,21,False,False,Rynearson Stadium
401328555,2021,4,regular,2021-09-25 18:00:00,Furman,Mercer,Southern,Southern,3,24,False,True,Paladin Stadium
401328414,2021,4,regular,2021-09-25 18:30:00,Tennessee Tech,Eastern Illinois,OVC,OVC,14,28,False,True,Tucker Stadium
401309556,2021,4,regular,2021-09-25 18:30:00,Northern Illinois,Maine,Mid-American,CAA,41,14,False,False,Huskie Stadium
401329377,2021,4,regular,2021-09-25 18:30:00,Northwest Missouri State,Central Oklahoma,Mid America,Mid America,38,0,False,True,Bearcat Stadium
401309861,2021,4,regular,2021-09-25 18:30:00,Utah,Washington State,Pac-12,Pac-12,24,13,False,True,Rice-Eccles Stadium
401328429,2021,4,regular,2021-09-25 19:00:00,Southeast Missouri State,Tennessee State,OVC,OVC,47,14,False,True,Houck Field
401329307,2021,4,regular,2021-09-25 19:00:00,Colorado Mesa,Chadron State,Rocky Mountain,Rocky Mountain,24,17,False,True,Ralph Stocker Stadium
401329087,2021,4,regular,2021-09-25 19:00:00,Kentucky State,Benedict,SIAC,SIAC,34,28,False,True,Lucas Oil Stadium
401328667,2021,4,regular,2021-09-25 19:00:00,Jackson State,Delta State,SWAC,Gulf South,24,17,False,False,Mississippi Veterans Memorial Stadium
401329144,2021,4,regular,2021-09-25 19:00:00,Bemidji State,Augustana (SD),Northern Sun,Northern Sun,24,52,False,True,Chet Anderson Stadium
401328709,2021,4,regular,2021-09-25 19:00:00,Tiffin,Truman State,Great Midwest Athletic,Great Lakes,35,38,False,False,Frost-Kalnow Stadium
401328494,2021,4,regular,2021-09-25 19:00:00,Southern Nazarene,Southeastern Oklahoma State,Great American,Great American,10,31,False,True,Southern Nazarene University Football Stadium
401329407,2021,4,regular,2021-09-25 19:00:00,Missouri Southern State,Fort Hays,Mid America,Mid America,21,42,False,True,Fred G. Hughes Stadium
401328725,2021,4,regular,2021-09-25 19:00:00,Ferris State,Davenport,GLIAC,GLIAC,38,0,False,True,Top Taggart Field
401329338,2021,4,regular,2021-09-25 19:00:00,Western Colorado,Fort Lewis,Rocky Mountain,Rocky Mountain,42,0,False,True,Mountaineer Bowl
401329060,2021,4,regular,2021-09-25 19:00:00,University of Mary,Winona State,Northern Sun,Northern Sun,38,48,False,True,MDU Resources Community Bowl
401328562,2021,4,regular,2021-09-25 19:00:00,Samford,East Tennessee State,Southern,Southern,48,55,False,True,Seibert Stadium
401329026,2021,4,regular,2021-09-25 19:00:00,Black Hills State,Adams State,Rocky Mountain,Rocky Mountain,51,48,False,True,Lyle Hare Stadium
401328329,2021,4,regular,2021-09-25 19:00:00,Southern Illinois,Illinois State,MVFC,MVFC,35,17,False,True,Saluki Stadium
401327990,2021,4,regular,2021-09-25 19:00:00,Eastern Kentucky,Austin Peay,AWC,OVC,35,27,False,False,Roy Kidd Stadium
401328030,2021,4,regular,2021-09-25 19:00:00,Montana,Cal Poly,Big Sky,Big Sky,39,7,False,True,Washington-Grizzly Stadium
401328058,2021,4,regular,2021-09-25 19:00:00,Idaho State,Sacramento State,Big Sky,Big Sky,21,23,False,True,Holt Arena
401328076,2021,4,regular,2021-09-25 19:00:00,Northern Colorado,Northern Arizona,Big Sky,Big Sky,17,10,False,True,Nottingham Field
401287907,2021,4,regular,2021-09-25 19:30:00,Baylor,Iowa State,Big 12,Big 12,31,29,False,True,McLane Stadium
401282765,2021,4,regular,2021-09-25 19:30:00,Maryland,Kent State,Big Ten,Mid-American,37,16,False,False,SECU Stadium
401282643,2021,4,regular,2021-09-25 19:30:00,NC State,Clemson,ACC,ACC,27,21,False,True,Carter-Finley Stadium
401286190,2021,4,regular,2021-09-25 19:30:00,UConn,Wyoming,FBS Independents,Mountain West,22,24,False,False,Pratt & Whitney Stadium
401282716,2021,4,regular,2021-09-25 19:30:00,Purdue,Illinois,Big Ten,Big Ten,13,9,False,True,Ross-Ade Stadium
401282082,2021,4,regular,2021-09-25 19:30:00,Arkansas,Texas A&M,SEC,SEC,20,10,True,True,AT&T Stadium
401282213,2021,4,regular,2021-09-25 19:30:00,Memphis,UTSA,American Athletic,Conference USA,28,31,False,False,Simmons Bank Liberty Stadium
401282640,2021,4,regular,2021-09-25 19:30:00,Florida State,Louisville,ACC,ACC,23,31,False,True,Doak Campbell Stadium
401310709,2021,4,regular,2021-09-25 19:30:00,San Diego State,Towson,Mountain West,CAA,48,21,False,False,StubHub Center
401328270,2021,4,regular,2021-09-25 19:30:00,Lafayette,Pennsylvania,Patriot,Ivy,24,14,False,False,Fisher Field
401282775,2021,4,regular,2021-09-25 19:30:00,Michigan,Rutgers,Big Ten,Big Ten,20,13,False,True,Michigan Stadium
401282756,2021,4,regular,2021-09-25 19:30:00,Iowa,Colorado State,Big Ten,Mountain West,24,14,False,False,Kinnick Stadium
401328146,2021,4,regular,2021-09-25 20:00:00,Nicholls,North Alabama,Southland,Big South,31,14,False,False,Manning Field at John L. Guidry Stadium
401328683,2021,4,regular,2021-09-25 20:00:00,Hillsdale,Missouri S&T,Great Midwest Athletic,Great Lakes,38,31,False,False,"Frank ""Muddy"" Waters Stadium"
401282083,2021,4,regular,2021-09-25 20:00:00,Auburn,Georgia State,SEC,Sun Belt,34,24,False,False,Jordan-Hare Stadium
401327917,2021,4,regular,2021-09-25 20:00:00,Livingstone,Bowie State,CIAA,CIAA,0,49,False,True,Alumni Memorial Stadium (NC)
401327998,2021,4,regular,2021-09-25 20:00:00,Jacksonville State,UT Martin,AWC,OVC,31,34,False,False,AmFirst Stadium
401329421,2021,4,regular,2021-09-25 20:00:00,Millersville,West Chester,Pennsylvania State Athletic,Pennsylvania State Athletic,14,42,False,True,Chryst Field at Biemesderfer Stadium
401282639,2021,4,regular,2021-09-25 20:00:00,Duke,Kansas,ACC,Big 12,52,33,False,False,Wallace Wade Stadium
401328227,2021,4,regular,2021-09-25 20:05:00,Stony Brook,Fordham,CAA,Patriot,14,31,False,False,Kenneth P. LaValle Stadium
401328066,2021,4,regular,2021-09-25 21:00:00,Portland State,Montana State,Big Sky,Big Sky,17,30,False,True,Hillsboro Stadium
401327969,2021,4,regular,2021-09-25 21:00:00,Central Arkansas,Sam Houston,AWC,AWC,35,45,False,True,Estes Stadium
401301011,2021,4,regular,2021-09-25 21:00:00,Tulsa,Arkansas State,American Athletic,Sun Belt,41,34,False,False,Chapman Stadium
401346619,2021,4,regular,2021-09-25 21:00:00,Alabama A&M,Tuskegee,SWAC,SIAC,45,35,False,False,Ladd Peebles Stadium
401328663,2021,4,regular,2021-09-25 21:00:00,Prairie View A&M,Grambling,SWAC,SWAC,24,10,False,True,Cotton Bowl
401328617,2021,4,regular,2021-09-25 22:00:00,Alabama State,Bethune-Cookman,SWAC,SWAC,38,24,False,True,Hornet Stadium
401301007,2021,4,regular,2021-09-25 22:00:00,East Carolina,Charleston Southern,American Athletic,Big South,31,28,False,False,Dowdy-Ficklen Stadium
401282209,2021,4,regular,2021-09-25 22:00:00,Old Dominion,Buffalo,Conference USA,Mid-American,34,35,False,False,S.B. Ballard Stadium
401309610,2021,4,regular,2021-09-25 22:00:00,Georgia Southern,Louisiana,Sun Belt,Sun Belt,20,28,False,True,Allen E. Paulson Stadium
401309858,2021,4,regular,2021-09-25 22:00:00,Stanford,UCLA,Pac-12,Pac-12,24,35,False,True,Stanford Stadium
401347706,2021,4,regular,2021-09-25 22:00:00,Stonehill,Assumption,Northeast 10,Northeast 10,27,26,False,True,W.B. Mason Stadium
401329139,2021,4,regular,2021-09-25 22:00:00,Edward Waters,Lane College,SIAC,SIAC,35,45,False,False,Earl Kitchings Stadium
401328698,2021,4,regular,2021-09-25 22:00:00,Lake Erie,Southwest Baptist,Great Midwest Athletic,Great Lakes,20,28,False,False,Jack Britt Memorial Stadium
401328514,2021,4,regular,2021-09-25 22:00:00,Marist,Bryant,Pioneer,NEC,17,34,False,False,Leonidoff Field
401328387,2021,4,regular,2021-09-25 22:00:00,Youngstown State,Western Illinois,MVFC,MVFC,35,38,False,True,Stambaugh Stadium
401329653,2021,4,regular,2021-09-25 22:00:00,Lenoir Rhyne,Mars Hill,South Atlantic,South Atlantic,31,16,False,True,Helen and Leonard Moretz Stadium
401328947,2021,4,regular,2021-09-25 22:00:00,Savannah State,Morehouse,SIAC,SIAC,29,10,False,True,Ted Wright Stadium
401328152,2021,4,regular,2021-09-25 22:00:00,North Carolina A&T,North Carolina Central,Big South,MEAC,37,14,False,False,Aggie Stadium
401329662,2021,4,regular,2021-09-25 22:00:00,Lock Haven,East Stroudsburg,Pennsylvania State Athletic,Pennsylvania State Athletic,21,45,False,True,Hubert Jack Stadium
401328978,2021,4,regular,2021-09-25 22:00:00,Wayne State (MI),Saginaw Valley State,GLIAC,GLIAC,21,41,False,True,Tom Adams Field
401329271,2021,4,regular,2021-09-25 22:00:00,Seton Hill,Slippery Rock,Pennsylvania State Athletic,Pennsylvania State Athletic,17,41,False,True,Offutt Field
401329333,2021,4,regular,2021-09-25 22:00:00,South Dakota Mines,CSU Pueblo,Rocky Mountain,Rocky Mountain,7,49,False,True,O'Harra Stadium
401328126,2021,4,regular,2021-09-25 22:00:00,Gardner-Webb,Western Carolina,Big South,Southern,52,34,False,False,Ernest W. Spangler Stadium
401329120,2021,4,regular,2021-09-25 22:00:00,Allen,Fort Valley State,SIAC,SIAC,20,56,False,True,W.C. Hawkins Stadium
401282210,2021,4,regular,2021-09-25 22:30:00,Rice,Texas Southern,Conference USA,SWAC,48,34,False,False,Rice Stadium
401329094,2021,4,regular,2021-09-25 23:00:00,Central Washington,Angelo State,Great Northwest,Lone Star,9,14,False,False,Tomlinson Stadium
401328961,2021,4,regular,2021-09-25 23:00:00,Miles,Central State,SIAC,SIAC,55,4,False,True,Albert J. H. Sloan - Alumni Stadium
401333439,2021,4,regular,2021-09-25 23:00:00,Stephen F. Austin,Lincoln (CA),Western Athletic,,61,13,False,False,Homer Bryce Stadium
401328391,2021,4,regular,2021-09-25 23:00:00,Harding,Ouachita Baptist,Great American,Great American,38,21,False,True,First Security Stadium
401287909,2021,4,regular,2021-09-25 23:00:00,Oklahoma State,Kansas State,Big 12,Big 12,31,20,False,True,Boone Pickens Stadium
401333047,2021,4,regular,2021-09-25 23:00:00,Minnesota Duluth,Wayne State (NE),Northern Sun,Northern Sun,28,31,False,True,James S. Malosky Stadium
401331755,2021,4,regular,2021-09-25 23:00:00,Limestone,Barton,South Atlantic,Independent DII,7,45,False,False,The Reservation
401328347,2021,4,regular,2021-09-25 23:00:00,Northwestern (OK),East Central,Great American,Great American,17,20,False,True,Ranger Field
401328399,2021,4,regular,2021-09-25 23:00:00,Henderson State,Southern Arkansas,Great American,Great American,56,49,False,True,Ruggles Field at Carpenter-Haygood Stadium
401328467,2021,4,regular,2021-09-25 23:00:00,Southwestern Oklahoma State,Oklahoma Baptist,Great American,Great American,27,31,False,True,Milam Stadium
401282784,2021,4,regular,2021-09-25 23:00:00,Michigan State,Nebraska,Big Ten,Big Ten,23,20,False,True,Spartan Stadium
401329071,2021,4,regular,2021-09-25 23:00:00,Northern State,Sioux Falls,Northern Sun,Northern Sun,41,10,False,True,Swisher Field
401329494,2021,4,regular,2021-09-25 23:00:00,Minot State,Minnesota State,Northern Sun,Northern Sun,10,68,False,True,Herb Parker Stadium
401328006,2021,4,regular,2021-09-25 23:00:00,Lamar,Abilene Christian,Western Athletic,Western Athletic,0,56,False,True,Provost Umphrey Stadium
401327963,2021,4,regular,2021-09-25 23:00:00,Fayetteville State,Virginia State,CIAA,CIAA,28,14,False,True,"Luther ""Nick"" Jeralds Stadium"
401282087,2021,4,regular,2021-09-25 23:00:00,South Carolina,Kentucky,SEC,SEC,10,16,False,True,Williams-Brice Stadium
401328025,2021,4,regular,2021-09-25 23:00:00,Tarleton State,New Mexico Highlands,Western Athletic,Rocky Mountain,40,21,False,False,"Memorial Stadium (Stephenville, TX)"
401301008,2021,4,regular,2021-09-25 23:00:00,Houston,Navy,American Athletic,American Athletic,28,20,False,True,TDECU Stadium
401282084,2021,4,regular,2021-09-25 23:00:00,Florida,Tennessee,SEC,SEC,38,14,False,True,Ben Hill Griffin Stadium
401329080,2021,4,regular,2021-09-25 23:00:00,Albany State,Clark Atlanta,SIAC,SIAC,49,0,False,True,Albany State University Coliseum
401328279,2021,4,regular,2021-09-25 23:00:00,Arkansas Tech,Arkansas Monticello,Great American,Great American,20,27,False,True,Thone Stadium at Buerkle Field
401282205,2021,4,regular,2021-09-25 23:00:00,Louisiana Tech,North Texas,Conference USA,Conference USA,24,17,False,True,Joe Aillet Stadium
401282641,2021,4,regular,2021-09-25 23:30:00,Georgia Tech,North Carolina,ACC,ACC,45,22,True,True,Mercedes-Benz Stadium
401282081,2021,4,regular,2021-09-25 23:30:00,Alabama,Southern Miss,SEC,Conference USA,63,14,False,False,Bryant-Denny Stadium
401287908,2021,4,regular,2021-09-25 23:30:00,Oklahoma,West Virginia,Big 12,Big 12,16,13,False,True,"Memorial Stadium (Norman, OK)"
401282811,2021,4,regular,2021-09-25 23:30:00,Ohio State,Akron,Big Ten,Mid-American,59,7,False,False,Ohio Stadium
401310708,2021,4,regular,2021-09-26 00:00:00,New Mexico State,Hawai'i,FBS Independents,Mountain West,21,41,False,False,Aggie Memorial Stadium
401329397,2021,4,regular,2021-09-26 00:00:00,Pittsburg State,Emporia State,Mid America,Mid America,30,28,False,True,Carnie Smith Stadium
401329463,2021,4,regular,2021-09-26 00:00:00,Western New Mexico,UT Permian Basin,Lone Star,Lone Star,19,27,False,True,Ben Altamirano Field
401329154,2021,4,regular,2021-09-26 00:00:00,Texas A&M-Kingsville,East Texas A&M,Lone Star,Lone Star,10,35,False,True,Javelina Stadium
401282214,2021,4,regular,2021-09-26 00:00:00,Western Kentucky,Indiana,Conference USA,Big Ten,31,33,False,False,Houchens Industries-L.T. Smith Stadium
401329002,2021,4,regular,2021-09-26 00:00:00,Mississippi College,West Alabama,Gulf South,Gulf South,28,31,False,True,Robinson-Hale Stadium
401282207,2021,4,regular,2021-09-26 00:00:00,Air Force,Florida Atlantic,Mountain West,Conference USA,31,7,False,False,Falcon Stadium
401329107,2021,4,regular,2021-09-26 00:00:00,Midwestern State,Eastern New Mexico,Lone Star,Lone Star,31,24,False,True,"Memorial Stadium (Wichita Falls, TX)"
401328100,2021,4,regular,2021-09-26 00:00:00,Weber State,UC Davis,Big Sky,Big Sky,14,17,False,True,Stewart Stadium
401328354,2021,4,regular,2021-09-26 00:00:00,Missouri State,South Dakota,MVFC,MVFC,31,23,False,True,Plaster Sports Complex
401329321,2021,4,regular,2021-09-26 00:00:00,West Texas,Colorado School of Mines,Lone Star,Rocky Mountain,13,21,False,False,Buffalo Stadium
401309611,2021,4,regular,2021-09-26 00:00:00,UL Monroe,Troy,Sun Belt,Sun Belt,29,16,False,True,Malone Stadium
401328040,2021,4,regular,2021-09-26 00:00:00,Southern Utah,Eastern Washington,Big Sky,Big Sky,21,50,False,True,Eccles Coliseum
401282211,2021,4,regular,2021-09-26 00:00:00,Tulane,UAB,American Athletic,Conference USA,21,28,False,False,Yulman Stadium
401329050,2021,4,regular,2021-09-26 01:00:00,Simon Fraser,Western Oregon,Great Northwest,Great Northwest,7,24,False,True,Terry Fox Field
401282212,2021,4,regular,2021-09-26 01:00:00,UTEP,New Mexico,Conference USA,Mountain West,20,13,False,False,Sun Bowl
401309857,2021,4,regular,2021-09-26 01:30:00,Washington,California,Pac-12,Pac-12,31,24,False,True,Husky Stadium
401301009,2021,4,regular,2021-09-26 02:15:00,BYU,South Florida,FBS Independents,American Athletic,35,27,False,False,LaVell Edwards Stadium
401309859,2021,4,regular,2021-09-26 02:30:00,Oregon,Arizona,Pac-12,Pac-12,41,19,False,True,Autzen Stadium
401309862,2021,4,regular,2021-09-26 02:30:00,Arizona State,Colorado,Pac-12,Pac-12,35,13,False,True,Mountain America Stadium
401309860,2021,4,regular,2021-09-26 02:30:00,USC,Oregon State,Pac-12,Pac-12,27,45,False,True,Los Angeles Memorial Coliseum
401328674,2021,5,regular,2021-09-26 19:00:00,Mississippi Valley State,Southern,SWAC,SWAC,25,38,True,True,Mississippi Veterans Memorial Stadium
401328716,2021,5,regular,2021-09-30 23:00:00,Walsh,Ashland,Great Midwest Athletic,Great Midwest Athletic,10,35,False,True,Tom Benson Hall of Fame Stadium
401328635,2021,5,regular,2021-09-30 23:30:00,Prairie View A&M,Arkansas-Pine Bluff,SWAC,SWAC,27,17,False,True,Panther Stadium
401282646,2021,5,regular,2021-09-30 23:30:00,Miami,Virginia,ACC,ACC,28,30,False,True,Hard Rock Stadium
401328264,2021,5,regular,2021-10-01 23:00:00,Pennsylvania,Dartmouth,Ivy,Ivy,7,31,False,True,Franklin Field
401347703,2021,5,regular,2021-10-01 23:00:00,Southern Connecticut State,American International,Northeast 10,Northeast 10,23,7,False,True,Jess Dow Field
401301012,2021,5,regular,2021-10-01 23:30:00,Tulsa,Houston,American Athletic,American Athletic,10,45,False,True,Chapman Stadium
401282759,2021,5,regular,2021-10-02 00:00:00,Maryland,Iowa,Big Ten,Big Ten,14,51,False,True,SECU Stadium
401309912,2021,5,regular,2021-10-02 01:00:00,Utah State,BYU,Mountain West,FBS Independents,20,34,False,False,Maverik Stadium
401328212,2021,5,regular,2021-10-02 16:00:00,Rhode Island,Stony Brook,CAA,CAA,27,20,False,True,Meade Stadium
401282219,2021,5,regular,2021-10-02 16:00:00,Illinois,Charlotte,Big Ten,Conference USA,24,14,False,False,"Memorial Stadium (Champaign, IL)"
401328298,2021,5,regular,2021-10-02 16:00:00,Morgan State,Saint Francis,MEAC,NEC,14,27,False,False,Hughes Stadium
401329427,2021,5,regular,2021-10-02 16:00:00,Millersville,Lock Haven,Pennsylvania State Athletic,Pennsylvania State Athletic,31,29,False,True,Chryst Field at Biemesderfer Stadium
401329435,2021,5,regular,2021-10-02 16:00:00,Charleston (WV),Notre Dame College,Mountain East,Mountain East,38,28,False,True,University of Charleston Stadium
401328926,2021,5,regular,2021-10-02 16:00:00,Pace,New Haven,Northeast 10,Northeast 10,14,28,False,True,Pace Stadium
401282093,2021,5,regular,2021-10-02 16:00:00,Missouri,Tennessee,SEC,SEC,24,62,False,True,Memorial Stadium
401329359,2021,5,regular,2021-10-02 16:00:00,Shepherd,Shippensburg,Pennsylvania State Athletic,Pennsylvania State Athletic,59,27,False,True,Ram Stadium (WV)
401282090,2021,5,regular,2021-10-02 16:00:00,Georgia,Arkansas,SEC,SEC,37,0,False,True,Sanford Stadium
401328500,2021,5,regular,2021-10-02 16:00:00,Butler,Drake,Pioneer,Pioneer,3,6,False,True,Butler Bowl
401339819,2021,5,regular,2021-10-02 16:00:00,Lehigh,Yale,Patriot,Ivy,0,34,False,False,Goodman Stadium
401301015,2021,5,regular,2021-10-02 16:00:00,Temple,Memphis,American Athletic,American Athletic,34,31,False,True,Lincoln Financial Field
401282793,2021,5,regular,2021-10-02 16:00:00,Purdue,Minnesota,Big Ten,Big Ten,13,20,False,True,Ross-Ade Stadium
401309561,2021,5,regular,2021-10-02 16:00:00,Buffalo,Western Michigan,Mid-American,Mid-American,17,24,False,True,UB Stadium
401282649,2021,5,regular,2021-10-02 16:00:00,Georgia Tech,Pittsburgh,ACC,ACC,21,52,False,True,Bobby Dodd Stadium
401286302,2021,5,regular,2021-10-02 16:00:00,Massachusetts,Toledo,FBS Independents,Mid-American,7,45,False,False,Warren McGuirk Alumni Stadium
401282650,2021,5,regular,2021-10-02 16:00:00,North Carolina,Duke,ACC,ACC,38,7,False,True,Kenan Stadium
401287915,2021,5,regular,2021-10-02 16:00:00,TCU,Texas,Big 12,Big 12,27,32,False,True,Amon G. Carter Stadium
401282776,2021,5,regular,2021-10-02 16:00:00,Wisconsin,Michigan,Big Ten,Big Ten,17,38,False,True,Camp Randall Stadium
401329233,2021,5,regular,2021-10-02 16:05:00,Kutztown,East Stroudsburg,Pennsylvania State Athletic,Pennsylvania State Athletic,21,14,False,True,Andre Reed Stadium
401328472,2021,5,regular,2021-10-02 16:30:00,Georgetown,Colgate,Patriot,Patriot,21,28,False,True,Cooper Field
401282651,2021,5,regular,2021-10-02 16:30:00,Wake Forest,Louisville,ACC,ACC,37,34,False,True,Allegacy Federal Credit Union Stadium
401334758,2021,5,regular,2021-10-02 17:00:00,Kentucky Wesleyan,Ohio Dominican,Great Midwest Athletic,Great Midwest Athletic,30,32,False,True,Steele Stadium
401329387,2021,5,regular,2021-10-02 17:00:00,West Liberty,Glenville State,Mountain East,Mountain East,20,19,False,True,West Family Stadium
401328454,2021,5,regular,2021-10-02 17:00:00,Ouachita Baptist,Northwestern (OK),Great American,Great American,64,17,False,True,Cliff Harris Stadium
401329654,2021,5,regular,2021-10-02 17:00:00,Mars Hill,Newberry,South Atlantic,South Atlantic,28,22,False,True,Meares Stadium
401329134,2021,5,regular,2021-10-02 17:00:00,Central State,Allen,SIAC,SIAC,34,46,False,True,McPherson Memorial Stadium
401329041,2021,5,regular,2021-10-02 17:00:00,Minnesota St Moorhead,Minnesota Duluth,Northern Sun,Northern Sun,21,26,False,True,Scheels Field at Nemzek Stadium
401329326,2021,5,regular,2021-10-02 17:00:00,Merrimack,Duquesne,NEC,NEC,14,37,False,True,Duane Stadium
401334781,2021,5,regular,2021-10-02 17:00:00,Franklin Pierce,Assumption,Northeast 10,Northeast 10,28,35,False,True,Sodexo Field
401328240,2021,5,regular,2021-10-02 17:00:00,Princeton,Columbia,Ivy,Ivy,24,7,False,True,Princeton University Stadium
401328948,2021,5,regular,2021-10-02 17:00:00,Kentucky State,Savannah State,SIAC,SIAC,17,21,False,True,Alumni Stadium (KY)
401334770,2021,5,regular,2021-10-02 17:00:00,Frostburg State,UNC Pembroke,Mountain East,Mountain East,51,21,False,True,Bobcat Stadium (MD)
401328019,2021,5,regular,2021-10-02 17:00:00,Virginia Union,Shaw,CIAA,CIAA,7,27,False,True,Hovey Field
401328153,2021,5,regular,2021-10-02 17:00:00,North Carolina A&T,Robert Morris,Big South,Big South,41,14,False,True,Aggie Stadium
401328726,2021,5,regular,2021-10-02 17:00:00,Michigan Tech,Davenport,GLIAC,GLIAC,31,7,False,True,Sherman Field
401328588,2021,5,regular,2021-10-02 17:00:00,McNeese,SE Louisiana,Southland,Southland,35,38,False,True,Cowboy Stadium
401328127,2021,5,regular,2021-10-02 17:00:00,Monmouth,Gardner-Webb,Big South,Big South,54,17,False,True,Kessler Stadium
401328770,2021,5,regular,2021-10-02 17:00:00,Northwood,Ferris State,GLIAC,GLIAC,25,67,False,True,Hantz Stadium
401337825,2021,5,regular,2021-10-02 17:00:00,Stetson,Davidson,Pioneer,Pioneer,28,35,False,True,Spec Martin Municipal Stadium
401328515,2021,5,regular,2021-10-02 17:00:00,Valparaiso,Marist,Pioneer,Pioneer,24,27,False,True,Brown Field
401332301,2021,5,regular,2021-10-02 17:00:00,Howard,Sacred Heart,MEAC,NEC,22,17,False,False,William H. Greene Stadium
401328488,2021,5,regular,2021-10-02 17:30:00,Holy Cross,Harvard,Patriot,Ivy,13,38,False,False,Fitton Field
401328324,2021,5,regular,2021-10-02 17:30:00,South Carolina State,Bethune-Cookman,MEAC,SWAC,42,35,False,False,Oliver C. Dawson Stadium
401328537,2021,5,regular,2021-10-02 17:30:00,Chattanooga,Western Carolina,Southern,Southern,45,17,False,True,Finley Stadium
401329636,2021,5,regular,2021-10-02 18:00:00,UVA Wise,Lenoir Rhyne,South Atlantic,South Atlantic,35,28,False,True,Carl Smith Stadium
401328185,2021,5,regular,2021-10-02 18:00:00,Richmond,Elon,CAA,CAA,7,20,False,True,E. Claiborne Robins Stadium
401329114,2021,5,regular,2021-10-02 18:00:00,Tuskegee,Clark Atlanta,SIAC,SIAC,21,0,False,True,Abbott Memorial Alumni Stadium
401328330,2021,5,regular,2021-10-02 18:00:00,Illinois State,Missouri State,MVFC,MVFC,20,41,False,True,Hancock Stadium
401334776,2021,5,regular,2021-10-02 18:00:00,Wheeling,West Virginia Wesleyan,Mountain East,Mountain East,38,0,False,True,Bishop Schmitt Field
401327918,2021,5,regular,2021-10-02 18:00:00,Bowie State,Johnson C. Smith,CIAA,CIAA,44,7,False,True,Bulldogs Stadium
401329204,2021,5,regular,2021-10-02 18:00:00,IU Pennsylvania,Gannon,Pennsylvania State Athletic,Pennsylvania State Athletic,28,23,False,True,George P. Miller Stadium
401328133,2021,5,regular,2021-10-02 18:00:00,Hampton,Norfolk State,Big South,MEAC,44,47,False,False,Armstrong Stadium
401328699,2021,5,regular,2021-10-02 18:00:00,Southwest Baptist,Indianapolis,Great Lakes,Great Lakes,10,77,False,True,Plaster Sports Complex
401328684,2021,5,regular,2021-10-02 18:00:00,Quincy,Missouri S&T,Great Lakes,Great Lakes,31,28,False,True,QU Stadium
401329298,2021,5,regular,2021-10-02 18:00:00,Fort Lewis,Black Hills State,Rocky Mountain,Rocky Mountain,17,45,False,True,Ray Dennison Memorial Field
401329183,2021,5,regular,2021-10-02 18:00:00,West Chester,Bloomsburg,Pennsylvania State Athletic,Pennsylvania State Athletic,21,20,False,True,John A. Farrell Stadium
401328508,2021,5,regular,2021-10-02 18:00:00,Morehead State,Dayton,Pioneer,Pioneer,45,38,False,True,Jayne Stadium
401329088,2021,5,regular,2021-10-02 18:00:00,Benedict,Fort Valley State,SIAC,SIAC,14,24,False,True,Charlie W. Johnson Stadium
401329145,2021,5,regular,2021-10-02 18:00:00,Sioux Falls,Augustana (SD),Northern Sun,Northern Sun,28,26,False,True,Bob Young Field
401329308,2021,5,regular,2021-10-02 18:00:00,New Mexico Highlands,Chadron State,Rocky Mountain,Rocky Mountain,16,46,False,True,Sanchez Family Stadium
401329061,2021,5,regular,2021-10-02 18:00:00,Wayne State (NE),Winona State,Northern Sun,Northern Sun,38,21,False,True,"Memorial Stadium (Wayne, NE)"
401329644,2021,5,regular,2021-10-02 18:00:00,Barton,Carson Newman,Independent DII,South Atlantic,31,17,False,False,Electric Supply Company Field
401329322,2021,5,regular,2021-10-02 18:00:00,Colorado School of Mines,Western Colorado,Rocky Mountain,Rocky Mountain,20,14,False,True,Marv Kay Stadium at Campbell Field
401329123,2021,5,regular,2021-10-02 18:00:00,Morehouse,Edward Waters,SIAC,SIAC,13,37,False,False,B.T. Harvey Stadium
401334762,2021,5,regular,2021-10-02 18:00:00,Fairmont State,Concord,Mountain East,Mountain East,31,27,False,True,Duvall-Rosier Field
401328280,2021,5,regular,2021-10-02 18:00:00,Southern Nazarene,Arkansas Tech,Great American,Great American,41,51,False,True,Southern Nazarene University Football Stadium
401328939,2021,5,regular,2021-10-02 18:00:00,Saginaw Valley State,Grand Valley State,GLIAC,GLIAC,17,49,False,True,Harvey Randall Wickes Memorial Stadium
401329398,2021,5,regular,2021-10-02 18:00:00,Emporia State,Washburn,Mid America,Mid America,35,30,False,True,Francis G. Welch Stadium
401341492,2021,5,regular,2021-10-02 18:00:00,Erskine,Virginia Lynchburg,Independent DII,,59,13,False,False,J.W. Babb Stadium
401309612,2021,5,regular,2021-10-02 18:00:00,Georgia State,App State,Sun Belt,Sun Belt,16,45,False,True,Center Parc Stadium
401328547,2021,5,regular,2021-10-02 18:00:00,The Citadel,VMI,Southern,Southern,35,24,False,True,Johnson Hagood Stadium
401309867,2021,5,regular,2021-10-02 18:00:00,Colorado,USC,Pac-12,Pac-12,14,37,False,True,Folsom Field
401328460,2021,5,regular,2021-10-02 18:30:00,Tennessee Tech,Southeast Missouri State,OVC,OVC,28,17,False,True,Tucker Stadium
401282708,2021,5,regular,2021-10-02 18:30:00,Notre Dame,Cincinnati,FBS Independents,American Athletic,13,24,False,False,Notre Dame Stadium
401309558,2021,5,regular,2021-10-02 18:30:00,Northern Illinois,Eastern Michigan,Mid-American,Mid-American,27,20,False,True,Huskie Stadium
401309614,2021,5,regular,2021-10-02 18:30:00,Coastal Carolina,UL Monroe,Sun Belt,Sun Belt,59,6,False,True,Brooks Stadium (SC)
401327928,2021,5,regular,2021-10-02 18:30:00,Elizabeth City State,Livingstone,CIAA,CIAA,19,13,False,True,Roebuck Stadium
401328067,2021,5,regular,2021-10-02 19:00:00,Montana State,Northern Colorado,Big Sky,Big Sky,40,7,False,True,Bobcat Stadium
401329027,2021,5,regular,2021-10-02 19:00:00,Adams State,South Dakota Mines,Rocky Mountain,Rocky Mountain,42,45,False,True,Rex Stadium
401329011,2021,5,regular,2021-10-02 19:00:00,North Greenville,Mississippi College,Gulf South,Gulf South,21,42,False,True,Younts Stadium
401329344,2021,5,regular,2021-10-02 19:00:00,Northeastern State,Central Missouri,Mid America,Mid America,10,41,False,True,Gable Field at Doc Wadley Stadium
401332326,2021,5,regular,2021-10-02 19:00:00,Bemidji State,Minot State,Northern Sun,Northern Sun,49,35,False,True,Chet Anderson Stadium
401328400,2021,5,regular,2021-10-02 19:00:00,Southeastern Oklahoma State,Henderson State,Great American,Great American,24,27,False,True,Paul Laird Field
401329458,2021,5,regular,2021-10-02 19:00:00,Missouri Southern State,Pittsburg State,Mid America,Mid America,16,20,False,True,Fred G. Hughes Stadium
401328312,2021,5,regular,2021-10-02 19:00:00,Arkansas Monticello,Southwestern Oklahoma State,Great American,Great American,18,16,False,True,Convoy Leslie Cotton Boll Stadium
401334789,2021,5,regular,2021-10-02 19:00:00,California (PA),Mercyhurst,Pennsylvania State Athletic,Pennsylvania State Athletic,37,0,False,True,Adamson Stadium
401329378,2021,5,regular,2021-10-02 19:00:00,Central Oklahoma,Lincoln (MO),Mid America,Mid America,69,28,False,True,Wantland Stadium
401328664,2021,5,regular,2021-10-02 19:00:00,Grambling,Alabama A&M,SWAC,SWAC,37,28,False,True,Eddie Robinson Stadium
401329475,2021,5,regular,2021-10-02 19:00:00,Lake Erie,Findlay,Great Midwest Athletic,Great Midwest Athletic,10,37,False,True,Jack Britt Memorial Stadium
401328339,2021,5,regular,2021-10-02 19:00:00,South Dakota,Indiana State,MVFC,MVFC,38,10,False,True,DakotaDome
401329175,2021,5,regular,2021-10-02 19:00:00,Minnesota State,Concordia St. Paul,Northern Sun,Northern Sun,58,10,False,True,Blakeslee Stadium
401329072,2021,5,regular,2021-10-02 19:00:00,Northern State,University of Mary,Northern Sun,Northern Sun,42,49,False,True,Swisher Field
401328161,2021,5,regular,2021-10-02 19:00:00,Delaware,UAlbany,CAA,CAA,20,15,False,True,Delaware Stadium
401329140,2021,5,regular,2021-10-02 19:00:00,Lane College,Texas College,SIAC,,71,0,False,False,Lane Field
401328392,2021,5,regular,2021-10-02 19:00:00,Oklahoma Baptist,Harding,Great American,Great American,7,31,False,True,Crain Family Stadium
401328348,2021,5,regular,2021-10-02 19:00:00,East Central,Southern Arkansas,Great American,Great American,38,17,False,True,Koi Ishto Stadium
401328361,2021,5,regular,2021-10-02 19:00:00,North Dakota,North Dakota State,MVFC,MVFC,10,16,False,True,Alerus Center
401327999,2021,5,regular,2021-10-02 19:00:00,Kennesaw State,Jacksonville State,Big South,AWC,31,6,False,False,Fifth Third Stadium
401327991,2021,5,regular,2021-10-02 19:00:00,Eastern Kentucky,Tarleton State,AWC,Western Athletic,20,3,False,True,Roy Kidd Stadium
401310711,2021,5,regular,2021-10-02 19:30:00,Boise State,Nevada,Mountain West,Mountain West,31,41,False,True,Albertsons Stadium
401308835,2021,5,regular,2021-10-02 19:30:00,Miami (OH),Central Michigan,Mid-American,Mid-American,28,17,False,True,Yager Stadium
401301013,2021,5,regular,2021-10-02 19:30:00,Navy,UCF,American Athletic,American Athletic,34,30,False,True,Navy-Marine Corps Memorial Stadium
401282813,2021,5,regular,2021-10-02 19:30:00,Rutgers,Ohio State,Big Ten,Big Ten,13,52,False,True,SHI Stadium
401287916,2021,5,regular,2021-10-02 19:30:00,West Virginia,Texas Tech,Big 12,Big 12,20,23,False,True,Milan Puskar Stadium
401282648,2021,5,regular,2021-10-02 19:30:00,Florida State,Syracuse,ACC,ACC,33,30,False,True,Doak Campbell Stadium
401309864,2021,5,regular,2021-10-02 19:30:00,Stanford,Oregon,Pac-12,Pac-12,31,24,False,True,Stanford Stadium
401309560,2021,5,regular,2021-10-02 19:30:00,Akron,Ohio,Mid-American,Mid-American,17,34,False,True,InfoCision Stadium
401309562,2021,5,regular,2021-10-02 19:30:00,Kent State,Bowling Green,Mid-American,Mid-American,27,20,False,True,Dix Stadium
401287913,2021,5,regular,2021-10-02 19:30:00,Kansas State,Oklahoma,Big 12,Big 12,31,37,False,True,Bill Snyder Family Stadium
401301014,2021,5,regular,2021-10-02 19:30:00,East Carolina,Tulane,American Athletic,American Athletic,52,29,False,True,Dowdy-Ficklen Stadium
401282089,2021,5,regular,2021-10-02 19:30:00,Alabama,Ole Miss,SEC,SEC,42,21,False,True,Bryant-Denny Stadium
401330258,2021,5,regular,2021-10-02 19:30:00,Saint Anselm,Bentley,Northeast 10,Northeast 10,21,34,False,True,Grappone Stadium
401328194,2021,5,regular,2021-10-02 19:30:00,New Hampshire,James Madison,CAA,CAA,21,23,False,True,Wildcat Stadium
401335300,2021,5,regular,2021-10-02 19:30:00,Lafayette,Fordham,Patriot,Patriot,41,42,False,True,Fisher Field
401282094,2021,5,regular,2021-10-02 19:30:00,South Carolina,Troy,SEC,Sun Belt,23,14,False,False,Williams-Brice Stadium
401328250,2021,5,regular,2021-10-02 19:30:00,Bucknell,Cornell,Patriot,Ivy,21,10,False,False,Christy Mathewson-Memorial Stadium
401328574,2021,5,regular,2021-10-02 19:30:00,East Tennessee State,Wofford,Southern,Southern,27,21,False,True,William B. Greene Jr. Stadium
401282215,2021,5,regular,2021-10-02 19:30:00,Florida Atlantic,Florida International,Conference USA,Conference USA,58,21,False,True,FAU Stadium
401328970,2021,5,regular,2021-10-02 20:00:00,Northern Michigan,Wayne State (MI),GLIAC,GLIAC,26,19,False,True,Superior Dome
401328577,2021,5,regular,2021-10-02 20:00:00,Nicholls,Houston Christian,Southland,Southland,48,17,False,True,Manning Field at John L. Guidry Stadium
401339816,2021,5,regular,2021-10-02 20:00:00,Bryant,Brown,NEC,Ivy,36,29,False,False,Bulldog Stadium
401332321,2021,5,regular,2021-10-02 20:00:00,San Diego,St. Thomas (MN),Pioneer,Pioneer,27,24,False,True,Torero Stadium
401328385,2021,5,regular,2021-10-02 20:00:00,Western Illinois,Southern Illinois,MVFC,MVFC,30,31,False,True,Hanson Field
401328059,2021,5,regular,2021-10-02 20:00:00,Northern Arizona,Idaho State,Big Sky,Big Sky,48,17,False,True,Walkup Skydome
401329272,2021,5,regular,2021-10-02 20:00:00,Seton Hill,Edinboro,Pennsylvania State Athletic,Pennsylvania State Athletic,7,17,False,True,Offutt Field
401329314,2021,5,regular,2021-10-02 20:00:00,CSU Pueblo,Colorado Mesa,Rocky Mountain,Rocky Mountain,19,13,False,True,Neta and Eddie DeRose ThunderBowl
401328319,2021,5,regular,2021-10-02 20:00:00,Mississippi Valley State,North Carolina Central,SWAC,MEAC,17,16,False,False,Rice-Totten Field
401329482,2021,5,regular,2021-10-02 20:00:00,Tiffin,Hillsdale,Great Midwest Athletic,Great Midwest Athletic,21,24,False,True,Frost-Kalnow Stadium
401329686,2021,5,regular,2021-10-02 20:00:00,Upper Iowa,Southwest Minnesota State,Northern Sun,Northern Sun,14,20,False,True,Harms-Eischeid Stadium
401309613,2021,5,regular,2021-10-02 20:00:00,Georgia Southern,Arkansas State,Sun Belt,Sun Belt,59,33,False,True,Allen E. Paulson Stadium
401301016,2021,5,regular,2021-10-02 20:00:00,SMU,South Florida,American Athletic,American Athletic,41,17,False,True,Gerald J. Ford Stadium
401329051,2021,5,regular,2021-10-02 20:05:00,Western Oregon,West Texas,Great Northwest,Lone Star,41,38,False,False,McArthur Field
401328415,2021,5,regular,2021-10-02 21:00:00,Murray State,Eastern Illinois,OVC,OVC,22,6,False,True,Roy Stewart Stadium
401328290,2021,5,regular,2021-10-02 21:00:00,Wagner,Delaware State,NEC,MEAC,27,33,False,False,Wagner College Stadium
401328021,2021,5,regular,2021-10-02 21:00:00,Stephen F. Austin,Sam Houston,Western Athletic,AWC,20,21,False,True,NRG Stadium
401328373,2021,5,regular,2021-10-02 21:00:00,Northern Iowa,Youngstown State,MVFC,MVFC,34,7,False,True,UNI-Dome
401309559,2021,5,regular,2021-10-02 21:00:00,Ball State,Army,Mid-American,FBS Independents,28,16,False,False,Scheumann Stadium
401309863,2021,5,regular,2021-10-02 21:30:00,California,Washington State,Pac-12,Pac-12,6,21,False,True,California Memorial Stadium
401282220,2021,5,regular,2021-10-02 22:00:00,NC State,Louisiana Tech,ACC,Conference USA,34,27,False,False,Carter-Finley Stadium
401328260,2021,5,regular,2021-10-02 22:00:00,Chowan,Winston-Salem State,CIAA,CIAA,73,7,False,True,Garrison Stadium
401329194,2021,5,regular,2021-10-02 22:00:00,Slippery Rock,Clarion,Pennsylvania State Athletic,Pennsylvania State Athletic,75,0,False,True,Mihalik-Thompson Stadium
401282091,2021,5,regular,2021-10-02 22:00:00,Kentucky,Florida,SEC,SEC,20,13,False,True,Kroger Field
401331750,2021,5,regular,2021-10-02 22:00:00,Wingate,Tusculum,South Atlantic,South Atlantic,43,35,False,True,Irwin Belk Stadium
401327964,2021,5,regular,2021-10-02 22:00:00,Virginia State,St. Augustine's,CIAA,CIAA,33,9,False,True,Rogers Stadium (VA)
401329003,2021,5,regular,2021-10-02 22:00:00,West Georgia,West Alabama,Gulf South,Gulf South,20,38,False,True,University Stadium (GA)
401328563,2021,5,regular,2021-10-02 22:00:00,Mercer,Samford,Southern,Southern,45,42,False,True,Five Star Stadium at the Moye Complex
401328618,2021,5,regular,2021-10-02 22:00:00,Florida A&M,Alabama State,SWAC,SWAC,28,0,False,True,Bragg Memorial Stadium
401282222,2021,5,regular,2021-10-02 22:00:00,UTSA,UNLV,Conference USA,Mountain West,24,17,False,False,Alamodome
401282218,2021,5,regular,2021-10-02 22:30:00,Rice,Southern Miss,Conference USA,Conference USA,24,19,False,True,Rice Stadium
401310710,2021,5,regular,2021-10-02 22:30:00,New Mexico,Air Force,Mountain West,Mountain West,10,38,False,True,University Stadium (NM)
401287912,2021,5,regular,2021-10-02 23:00:00,Iowa State,Kansas,Big 12,Big 12,59,7,False,True,Jack Trice Stadium
401287914,2021,5,regular,2021-10-02 23:00:00,Oklahoma State,Baylor,Big 12,Big 12,24,14,False,True,Boone Pickens Stadium
401282095,2021,5,regular,2021-10-02 23:00:00,Texas A&M,Mississippi State,SEC,SEC,22,26,False,True,Kyle Field
401327980,2021,5,regular,2021-10-02 23:00:00,South Dakota State,Utah Tech,MVFC,Western Athletic,55,7,False,False,Dana J. Dykhouse Stadium
401329155,2021,5,regular,2021-10-02 23:00:00,East Texas A&M,UFTL,Lone Star,,72,6,False,False,Memorial Stadium (Commerce TX)
401332026,2021,5,regular,2021-10-02 23:00:00,West Virginia State,Alderson-Broaddus,Mountain East,Mountain East,45,13,False,True,Dickerson Stadium
401327970,2021,5,regular,2021-10-02 23:00:00,Abilene Christian,Central Arkansas,Western Athletic,AWC,21,42,False,True,Wildcat Stadium (TX)
401328962,2021,5,regular,2021-10-02 23:00:00,Miles,Albany State,SIAC,SIAC,3,31,False,True,Albert J. H. Sloan - Alumni Stadium
401329095,2021,5,regular,2021-10-02 23:00:00,Angelo State,Western New Mexico,Lone Star,Lone Star,62,3,False,True,LeGrand Stadium at 1st Community Credit Union Field
401327957,2021,5,regular,2021-10-02 23:00:00,Fayetteville State,Lincoln (PA),CIAA,CIAA,46,9,False,True,"Luther ""Nick"" Jeralds Stadium"
401282221,2021,5,regular,2021-10-02 23:00:00,UAB,Liberty,Conference USA,FBS Independents,12,36,False,False,Legion Field
401328601,2021,5,regular,2021-10-02 23:00:00,Northwestern State,Incarnate Word,Southland,Southland,27,38,False,True,Harry Turpin Stadium
401328110,2021,5,regular,2021-10-02 23:00:00,North Alabama,Campbell,Big South,Big South,31,48,False,True,Braly Municipal Stadium
401329017,2021,5,regular,2021-10-02 23:00:00,Delta State,West Florida,Gulf South,Gulf South,33,39,False,True,Parker Field at McCool Stadium
401329469,2021,5,regular,2021-10-02 23:00:00,Missouri Western,Northwest Missouri State,Mid America,Mid America,7,30,False,True,Craig Field at Spratt Memorial Stadium
401282216,2021,5,regular,2021-10-02 23:00:00,Middle Tennessee,Marshall,Conference USA,Conference USA,34,28,False,True,"Johnny ""Red"" Floyd Stadium"
401328609,2021,5,regular,2021-10-02 23:00:00,Truman State,Lindenwood,Great Lakes,Great Lakes Valley,21,31,False,True,Stokes Stadium
401328982,2021,5,regular,2021-10-02 23:00:00,Valdosta State,Shorter,Gulf South,Gulf South,49,13,False,True,Bazemore-Hyder Stadium
401282096,2021,5,regular,2021-10-02 23:30:00,Vanderbilt,UConn,SEC,FBS Independents,30,28,False,False,FirstBank Stadium
401282729,2021,5,regular,2021-10-02 23:30:00,Penn State,Indiana,Big Ten,Big Ten,24,0,False,True,Beaver Stadium
401282223,2021,5,regular,2021-10-02 23:30:00,Michigan State,Western Kentucky,Big Ten,Conference USA,48,31,False,False,Spartan Stadium
401282800,2021,5,regular,2021-10-02 23:30:00,Nebraska,Northwestern,Big Ten,Big Ten,56,7,False,True,"Memorial Stadium (Lincoln, NE)"
401282647,2021,5,regular,2021-10-02 23:30:00,Clemson,Boston College,ACC,ACC,19,13,False,True,"Memorial Stadium (Clemson, SC)"
401309615,2021,5,regular,2021-10-03 00:00:00,South Alabama,Louisiana,Sun Belt,Sun Belt,18,20,False,True,Hancock Whitney Stadium
401330247,2021,5,regular,2021-10-03 00:00:00,Eastern New Mexico,Lincoln (CA),Lone Star,,52,6,False,False,Al Whitehead Field at Greyhound Stadium
401328092,2021,5,regular,2021-10-03 00:00:00,Southern Utah,Portland State,Big Sky,Big Sky,13,20,False,True,Eccles Coliseum
401328406,2021,5,regular,2021-10-03 00:00:00,Austin Peay,Tennessee State,OVC,OVC,22,24,False,True,Governors Stadium
401329408,2021,5,regular,2021-10-03 00:00:00,Fort Hays,Nebraska Kearney,Mid America,Mid America,42,35,False,True,Lewis Field Stadium
401328031,2021,5,regular,2021-10-03 00:30:00,Cal Poly,Weber State,Big Sky,Big Sky,7,38,False,True,Alex G. Spanos Stadium
401282217,2021,5,regular,2021-10-03 01:00:00,UTEP,Old Dominion,Conference USA,Conference USA,28,21,False,True,Sun Bowl
401329108,2021,5,regular,2021-10-03 01:00:00,Central Washington,Midwestern State,Great Northwest,Lone Star,30,20,False,False,Tomlinson Stadium
401282092,2021,5,regular,2021-10-03 01:00:00,LSU,Auburn,SEC,SEC,19,24,False,True,Tiger Stadium (LA)
401309865,2021,5,regular,2021-10-03 01:00:00,Oregon State,Washington,Pac-12,Pac-12,27,24,False,True,Reser Stadium
401328050,2021,5,regular,2021-10-03 02:00:00,UC Davis,Idaho,Big Sky,Big Sky,27,20,False,True,Aggie Stadium
401310713,2021,5,regular,2021-10-03 02:30:00,San José State,New Mexico State,Mountain West,FBS Independents,37,31,False,False,CEFCU Stadium
401309866,2021,5,regular,2021-10-03 02:30:00,UCLA,Arizona State,Pac-12,Pac-12,23,42,False,True,Rose Bowl
401328041,2021,5,regular,2021-10-03 02:30:00,Eastern Washington,Montana,Big Sky,Big Sky,34,28,False,True,Roos Field
401310712,2021,5,regular,2021-10-03 03:00:00,Hawai'i,Fresno State,Mountain West,Mountain West,27,24,False,True,Aloha Stadium
401309616,2021,6,regular,2021-10-07 23:30:00,Arkansas State,Coastal Carolina,Sun Belt,Sun Belt,20,52,False,True,Centennial Bank Stadium
401301017,2021,6,regular,2021-10-07 23:30:00,Tulane,Houston,American Athletic,American Athletic,22,40,False,True,Yulman Stadium
401329500,2021,6,regular,2021-10-08 00:00:00,Northeastern State,Central Oklahoma,Mid America,Mid America,9,49,False,True,Gable Field at Doc Wadley Stadium
401347913,2021,6,regular,2021-10-08 23:00:00,Assumption,Southern Connecticut State,Northeast 10,Northeast 10,26,0,False,True,Multi-Sport Stadium
401301018,2021,6,regular,2021-10-08 23:00:00,Cincinnati,Temple,American Athletic,American Athletic,52,3,False,True,Nippert Stadium
401282224,2021,6,regular,2021-10-08 23:00:00,Florida International,Charlotte,Conference USA,Conference USA,33,45,False,True,FIU Stadium
401328299,2021,6,regular,2021-10-09 00:00:00,Howard,Morgan State,MEAC,MEAC,27,0,False,True,William H. Greene Stadium
401309868,2021,6,regular,2021-10-09 02:30:00,Arizona State,Stanford,Pac-12,Pac-12,28,10,False,True,Mountain America Stadium
401287918,2021,6,regular,2021-10-09 16:00:00,Texas,Oklahoma,Big 12,Big 12,48,55,True,True,Cotton Bowl
401328516,2021,6,regular,2021-10-09 16:00:00,Marist,Stetson,Pioneer,Pioneer,34,3,False,True,Leonidoff Field
401309566,2021,6,regular,2021-10-09 16:00:00,Bowling Green,Akron,Mid-American,Mid-American,20,35,False,True,Doyt L. Perry Stadium
401328186,2021,6,regular,2021-10-09 16:00:00,Maine,Elon,CAA,CAA,23,33,False,True,Alfond Stadium
401282102,2021,6,regular,2021-10-09 16:00:00,Tennessee,South Carolina,SEC,SEC,45,20,False,True,Neyland Stadium
401309564,2021,6,regular,2021-10-09 16:00:00,Toledo,Northern Illinois,Mid-American,Mid-American,20,22,False,True,Glass Bowl
401287917,2021,6,regular,2021-10-09 16:00:00,Baylor,West Virginia,Big 12,Big 12,45,20,False,True,McLane Stadium
401332293,2021,6,regular,2021-10-09 16:00:00,Duquesne,Bryant,NEC,NEC,39,34,False,True,Arthur J. Rooney Athletic Field
401328501,2021,6,regular,2021-10-09 16:00:00,Butler,San Diego,Pioneer,Pioneer,21,52,False,True,Butler Bowl
401282100,2021,6,regular,2021-10-09 16:00:00,Ole Miss,Arkansas,SEC,SEC,52,51,False,True,Vaught-Hemingway Stadium
401329353,2021,6,regular,2021-10-09 16:00:00,Mercyhurst,Seton Hill,Pennsylvania State Athletic,Pennsylvania State Athletic,17,19,False,True,Saxon Stadium
401334790,2021,6,regular,2021-10-09 16:00:00,Gannon,California (PA),Pennsylvania State Athletic,Pennsylvania State Athletic,17,38,False,True,McConnell Family Stadium
401329436,2021,6,regular,2021-10-09 16:00:00,Notre Dame College,Frostburg State,Mountain East,Mountain East,23,21,False,True,Mueller Field
401282769,2021,6,regular,2021-10-09 16:00:00,Ohio State,Maryland,Big Ten,Big Ten,66,17,False,True,Ohio Stadium
401328727,2021,6,regular,2021-10-09 16:00:00,Davenport,Northern Michigan,GLIAC,GLIAC,18,13,False,True,Farmers Insurance Athletic Complex
401329637,2021,6,regular,2021-10-09 16:00:00,UVA Wise,Newberry,South Atlantic,South Atlantic,14,37,False,True,Carl Smith Stadium
401334771,2021,6,regular,2021-10-09 16:00:00,UNC Pembroke,Wheeling,Mountain East,Mountain East,34,28,False,True,Grace P. Johnson Stadium
401282098,2021,6,regular,2021-10-09 16:00:00,Florida,Vanderbilt,SEC,SEC,42,0,False,True,Ben Hill Griffin Stadium
401347695,2021,6,regular,2021-10-09 16:00:00,American International,Stonehill,Northeast 10,Northeast 10,0,25,False,True,Ronald J. Abdow Field
401282788,2021,6,regular,2021-10-09 16:00:00,Rutgers,Michigan State,Big Ten,Big Ten,13,31,False,True,SHI Stadium
401282652,2021,6,regular,2021-10-09 16:30:00,Duke,Georgia Tech,ACC,ACC,27,31,False,True,Wallace Wade Stadium
401335301,2021,6,regular,2021-10-09 16:30:00,Lafayette,Bucknell,Patriot,Patriot,27,0,False,True,Fisher Field
401328473,2021,6,regular,2021-10-09 16:30:00,Brown,Colgate,Ivy,Patriot,31,10,False,False,Brown Stadium
401327958,2021,6,regular,2021-10-09 17:00:00,Virginia Union,Lincoln (PA),CIAA,CIAA,32,0,False,True,Hovey Field
401328994,2021,6,regular,2021-10-09 17:00:00,Shorter,West Alabama,Gulf South,Gulf South,7,44,False,True,Barron Stadium
401328340,2021,6,regular,2021-10-09 17:00:00,Indiana State,Western Illinois,MVFC,MVFC,37,27,False,True,Memorial Stadium
401329176,2021,6,regular,2021-10-09 17:00:00,Concordia St. Paul,Bemidji State,Northern Sun,Northern Sun,14,42,False,True,Sea Foam Stadium
401344441,2021,6,regular,2021-10-09 17:00:00,Bentley,Pace,Northeast 10,Northeast 10,26,0,False,True,Bentley University Football Stadium
401332386,2021,6,regular,2021-10-09 17:00:00,Bluefield State,UFTL,Independent DII,,23,9,False,False,Mitchell Stadium
401329645,2021,6,regular,2021-10-09 17:00:00,Catawba,Carson Newman,South Atlantic,South Atlantic,33,27,False,True,Shuford Stadium
401328251,2021,6,regular,2021-10-09 17:00:00,Harvard,Cornell,Ivy,Ivy,24,10,False,True,Harvard Stadium
401328104,2021,6,regular,2021-10-09 17:00:00,Johnson C. Smith,Winston-Salem State,CIAA,CIAA,12,26,False,True,Irwin Belk Complex
401328522,2021,6,regular,2021-10-09 17:00:00,Presbyterian,Morehead State,Pioneer,Pioneer,30,38,False,True,Bailey Memorial Stadium
401328086,2021,6,regular,2021-10-09 17:00:00,Shaw,Fayetteville State,CIAA,CIAA,12,15,False,True,George Williams Athletic Complex
401332307,2021,6,regular,2021-10-09 17:00:00,Saint Francis,Long Island University,NEC,NEC,55,10,False,True,DeGol Field
401329367,2021,6,regular,2021-10-09 17:00:00,Shippensburg,West Chester,Pennsylvania State Athletic,Pennsylvania State Athletic,34,18,False,True,Seth Grove Stadium
401329388,2021,6,regular,2021-10-09 17:00:00,Glenville State,Charleston (WV),Mountain East,Mountain East,9,20,False,True,I.L. & Sue Morris Stadium
401329360,2021,6,regular,2021-10-09 17:00:00,Lock Haven,Shepherd,Pennsylvania State Athletic,Pennsylvania State Athletic,21,75,False,True,Hubert Jack Stadium
401334763,2021,6,regular,2021-10-09 17:00:00,Concord,West Liberty,Mountain East,Mountain East,20,16,False,True,Callaghan Stadium
401328241,2021,6,regular,2021-10-09 17:00:00,Central Connecticut,Columbia,NEC,Ivy,20,22,False,False,Arute Field
401327919,2021,6,regular,2021-10-09 17:00:00,Chowan,Bowie State,CIAA,CIAA,3,14,False,True,Garrison Stadium
401328509,2021,6,regular,2021-10-09 17:00:00,Drake,Dayton,Pioneer,Pioneer,10,28,False,True,Drake Stadium
401332311,2021,6,regular,2021-10-09 17:00:00,Fordham,Wagner,Patriot,NEC,56,7,False,False,Jack Coffey Field
401331751,2021,6,regular,2021-10-09 17:00:00,Limestone,Wingate,South Atlantic,South Atlantic,17,35,False,True,The Reservation
401328271,2021,6,regular,2021-10-09 17:00:00,Pennsylvania,Lehigh,Ivy,Patriot,20,0,False,False,Franklin Field
401328147,2021,6,regular,2021-10-09 17:00:00,North Carolina A&T,North Alabama,Big South,Big South,38,34,False,True,Aggie Stadium
401328594,2021,6,regular,2021-10-09 17:00:00,Nicholls,SE Louisiana,Southland,Southland,48,58,False,True,Manning Field at John L. Guidry Stadium
401332051,2021,6,regular,2021-10-09 17:00:00,Monmouth,Princeton,Big South,Ivy,28,31,False,False,Kessler Stadium
401329693,2021,6,regular,2021-10-09 17:00:00,Lenoir Rhyne,Tusculum,South Atlantic,South Atlantic,38,31,False,True,Helen and Leonard Moretz Stadium
401328177,2021,6,regular,2021-10-09 17:00:00,Rhode Island,Delaware,CAA,CAA,22,15,False,True,Meade Stadium
401328927,2021,6,regular,2021-10-09 17:00:00,New Haven,Saint Anselm,Northeast 10,Northeast 10,56,7,False,True,Ralph F. DellaCamera Stadium
401328172,2021,6,regular,2021-10-09 17:30:00,Livingstone,St. Augustine's,CIAA,CIAA,21,7,False,True,Alumni Memorial Stadium (NC)
401334777,2021,6,regular,2021-10-09 17:30:00,West Virginia Wesleyan,West Virginia State,Mountain East,Mountain East,3,38,False,True,Cebe Ross Field
401328265,2021,6,regular,2021-10-09 17:30:00,Dartmouth,Yale,Ivy,Ivy,24,17,False,True,Memorial Field
401329655,2021,6,regular,2021-10-09 17:30:00,Mars Hill,Barton,South Atlantic,Independent DII,40,32,False,False,Meares Stadium
401328556,2021,6,regular,2021-10-09 17:30:00,Wofford,Furman,Southern,Southern,20,42,False,True,Gibbs Stadium
401328538,2021,6,regular,2021-10-09 17:30:00,VMI,Chattanooga,Southern,Southern,37,34,False,True,Alumni Memorial Field
401332016,2021,6,regular,2021-10-09 18:00:00,Hillsdale,Walsh,Great Midwest Athletic,Great Midwest Athletic,20,3,False,True,"Frank ""Muddy"" Waters Stadium"
401329184,2021,6,regular,2021-10-09 18:00:00,Bloomsburg,Kutztown,Pennsylvania State Athletic,Pennsylvania State Athletic,7,34,False,True,Robert B. Redman Stadium
401329146,2021,6,regular,2021-10-09 18:00:00,Augustana (SD),Upper Iowa,Northern Sun,Northern Sun,37,20,False,True,Kirkeby-Over Stadium
401329345,2021,6,regular,2021-10-09 18:00:00,Central Missouri,Emporia State,Mid America,Mid America,45,38,False,True,Audrey J. Walton Stadium at Vernon Kennedy Field
401329081,2021,6,regular,2021-10-09 18:00:00,Albany State,Edward Waters,SIAC,SIAC,30,0,False,False,Albany State University Coliseum
401329339,2021,6,regular,2021-10-09 18:00:00,South Dakota Mines,Fort Lewis,Rocky Mountain,Rocky Mountain,42,7,False,True,O'Harra Stadium
401329195,2021,6,regular,2021-10-09 18:00:00,Clarion,IU Pennsylvania,Pennsylvania State Athletic,Pennsylvania State Athletic,21,58,False,True,"Memorial Stadium (Clarion, PA)"
401328291,2021,6,regular,2021-10-09 18:00:00,Delaware State,Virginia Lynchburg,MEAC,,56,6,False,False,Alumni Stadium
401329409,2021,6,regular,2021-10-09 18:00:00,Washburn,Fort Hays,Mid America,Mid America,23,20,False,True,Yager Stadium at Moore Bowl
401329414,2021,6,regular,2021-10-09 18:00:00,Edinboro,Slippery Rock,Pennsylvania State Athletic,Pennsylvania State Athletic,13,49,False,True,Sox Harrison Stadium
401282226,2021,6,regular,2021-10-09 18:00:00,Marshall,Old Dominion,Conference USA,Conference USA,20,13,False,True,Joan C. Edwards Stadium
401328195,2021,6,regular,2021-10-09 18:00:00,James Madison,Villanova,CAA,CAA,27,28,False,True,Bridgeforth Stadium
401329115,2021,6,regular,2021-10-09 18:00:00,Clark Atlanta,Allen,SIAC,SIAC,21,12,False,True,CAU Panther Stadium
401329121,2021,6,regular,2021-10-09 18:00:00,Fort Valley State,Central State,SIAC,SIAC,35,14,False,True,Wildcat Stadium (GA)
401328610,2021,6,regular,2021-10-09 18:00:00,Lindenwood,Quincy,Great Lakes Valley,Great Lakes,33,28,False,True,Hunter Stadium
401328685,2021,6,regular,2021-10-09 18:00:00,Missouri S&T,Truman State,Great Lakes,Great Lakes,21,38,False,True,Allgood-Bailey Stadium
401328134,2021,6,regular,2021-10-09 18:00:00,Hampton,Kennesaw State,Big South,Big South,15,34,False,True,Armstrong Stadium
401329141,2021,6,regular,2021-10-09 18:00:00,Kentucky State,Lane College,SIAC,SIAC,49,14,False,True,Alumni Stadium (KY)
401329495,2021,6,regular,2021-10-09 18:00:00,Minnesota State,Wayne State (NE),Northern Sun,Northern Sun,24,35,False,True,Blakeslee Stadium
401332027,2021,6,regular,2021-10-09 18:00:00,Fairmont State,Alderson-Broaddus,Mountain East,Mountain East,44,10,False,True,Duvall-Rosier Field
401328320,2021,6,regular,2021-10-09 18:00:00,North Carolina Central,Tennessee Tech,MEAC,OVC,16,27,False,False,O'Kelly-Riddick Stadium
401328368,2021,6,regular,2021-10-09 18:00:00,North Dakota State,Northern Iowa,MVFC,MVFC,34,20,False,True,Fargodome
401329327,2021,6,regular,2021-10-09 18:00:00,Sacred Heart,Merrimack,NEC,NEC,20,10,False,True,Campus Field
401328355,2021,6,regular,2021-10-09 18:00:00,Youngstown State,Missouri State,MVFC,MVFC,41,33,False,True,Stambaugh Stadium
401328529,2021,6,regular,2021-10-09 18:00:00,St. Thomas (MN),Valparaiso,Pioneer,Pioneer,20,13,False,True,O'Shaughnessy Stadium
401329428,2021,6,regular,2021-10-09 18:05:00,East Stroudsburg,Millersville,Pennsylvania State Athletic,Pennsylvania State Athletic,27,7,False,True,Eiler-Martin Stadium
401329511,2021,6,regular,2021-10-09 18:30:00,Northwest Missouri State,Pittsburg State,Mid America,Mid America,20,19,False,True,Bearcat Stadium
401328393,2021,6,regular,2021-10-09 19:00:00,Harding,Southern Nazarene,Great American,Great American,49,10,False,True,First Security Stadium
401328281,2021,6,regular,2021-10-09 19:00:00,Arkansas Tech,Oklahoma Baptist,Great American,Great American,38,35,False,True,Thone Stadium at Buerkle Field
401327981,2021,6,regular,2021-10-09 19:00:00,Montana,Utah Tech,Big Sky,Western Athletic,31,14,False,False,Washington-Grizzly Stadium
401329299,2021,6,regular,2021-10-09 19:00:00,Black Hills State,Colorado School of Mines,Rocky Mountain,Rocky Mountain,20,41,False,True,Lyle Hare Stadium
401329042,2021,6,regular,2021-10-09 19:00:00,Minot State,Minnesota St Moorhead,Northern Sun,Northern Sun,17,29,False,True,Herb Parker Stadium
401328619,2021,6,regular,2021-10-09 19:00:00,Alabama State,Arkansas-Pine Bluff,SWAC,SWAC,35,15,False,True,Hornet Stadium
401330264,2021,6,regular,2021-10-09 19:00:00,Western Colorado,New Mexico Highlands,Rocky Mountain,Rocky Mountain,45,38,False,True,Mountaineer Bowl
401328007,2021,6,regular,2021-10-09 19:00:00,Sam Houston,Lamar,AWC,Western Athletic,41,7,False,True,Elliott T. Bowers Stadium
401328362,2021,6,regular,2021-10-09 19:00:00,South Dakota,North Dakota,MVFC,MVFC,20,13,False,True,DakotaDome
401328627,2021,6,regular,2021-10-09 19:00:00,Alcorn State,Grambling,SWAC,SWAC,24,20,False,True,Jack Spinks Stadium
401328060,2021,6,regular,2021-10-09 19:00:00,Idaho State,UC Davis,Big Sky,Big Sky,27,17,False,True,Holt Arena
401329062,2021,6,regular,2021-10-09 19:00:00,Winona State,Northern State,Northern Sun,Northern Sun,49,52,False,True,Altra Federal Credit Union Stadium
401329309,2021,6,regular,2021-10-09 19:00:00,Chadron State,CSU Pueblo,Rocky Mountain,Rocky Mountain,17,42,False,True,Elliott Field at Don Beebe Stadium
401328533,2021,6,regular,2021-10-09 19:00:00,Southwestern Oklahoma State,Ouachita Baptist,Great American,Great American,10,30,False,True,Milam Stadium
401328042,2021,6,regular,2021-10-09 19:00:00,Northern Colorado,Eastern Washington,Big Sky,Big Sky,17,63,False,True,Nottingham Field
401328349,2021,6,regular,2021-10-09 19:00:00,Henderson State,East Central,Great American,Great American,59,24,False,True,Ruggles Field at Carpenter-Haygood Stadium
401282653,2021,6,regular,2021-10-09 19:00:00,Louisville,Virginia,ACC,ACC,33,34,False,True,L&N Federal Credit Union Stadium
401328668,2021,6,regular,2021-10-09 19:00:00,Alabama A&M,Jackson State,SWAC,SWAC,15,61,False,True,Louis Crews Stadium
401328421,2021,6,regular,2021-10-09 19:00:00,UT Martin,Murray State,OVC,OVC,48,24,False,True,Graham Stadium
401329470,2021,6,regular,2021-10-09 19:00:00,Nebraska Kearney,Missouri Western,Mid America,Mid America,35,14,False,True,Ron & Carol Cope Stadium at Foster Field
401328380,2021,6,regular,2021-10-09 19:00:00,South Dakota State,Southern Illinois,MVFC,MVFC,41,42,False,True,Dana J. Dykhouse Stadium
401329476,2021,6,regular,2021-10-09 19:00:00,Lake Erie,Tiffin,Great Midwest Athletic,Great Midwest Athletic,17,35,False,True,Jack Britt Memorial Stadium
401328121,2021,6,regular,2021-10-09 19:00:00,Robert Morris,Charleston Southern,Big South,Big South,31,24,False,True,Joe Walton Stadium
401329446,2021,6,regular,2021-10-09 19:00:00,Lincoln (MO),Missouri Southern State,Mid America,Mid America,32,52,False,True,Dwight T. Reed Stadium
401329021,2021,6,regular,2021-10-09 19:00:00,Mississippi College,West Georgia,Gulf South,Gulf South,21,40,False,True,Robinson-Hale Stadium
401329128,2021,6,regular,2021-10-09 19:00:00,University of Mary,Minnesota Duluth,Northern Sun,Northern Sun,27,31,False,True,MDU Resources Community Bowl
401282718,2021,6,regular,2021-10-09 19:30:00,Illinois,Wisconsin,Big Ten,Big Ten,0,24,False,True,"Memorial Stadium (Champaign, IL)"
401282655,2021,6,regular,2021-10-09 19:30:00,Syracuse,Wake Forest,ACC,ACC,37,40,False,True,JMA Wireless Dome
401301021,2021,6,regular,2021-10-09 19:30:00,Navy,SMU,American Athletic,American Athletic,24,31,False,True,Navy-Marine Corps Memorial Stadium
401328571,2021,6,regular,2021-10-09 19:30:00,Western Carolina,Mercer,Southern,Southern,24,34,False,True,E. J. Whitmire Stadium
401328495,2021,6,regular,2021-10-09 19:30:00,Southern Arkansas,Southeastern Oklahoma State,Great American,Great American,24,38,False,True,Wilkins Stadium
401328162,2021,6,regular,2021-10-09 19:30:00,William & Mary,UAlbany,CAA,CAA,31,24,False,True,Zable Stadium
401308836,2021,6,regular,2021-10-09 19:30:00,Eastern Michigan,Miami (OH),Mid-American,Mid-American,13,12,False,True,Rynearson Stadium
401282229,2021,6,regular,2021-10-09 19:30:00,Liberty,Middle Tennessee,FBS Independents,Conference USA,41,13,False,False,Williams Stadium (VA)
401282654,2021,6,regular,2021-10-09 19:30:00,North Carolina,Florida State,ACC,ACC,25,35,False,True,Kenan Stadium
401309563,2021,6,regular,2021-10-09 19:30:00,Western Michigan,Ball State,Mid-American,Mid-American,20,45,False,True,Waldo Stadium
401286191,2021,6,regular,2021-10-09 19:30:00,Massachusetts,UConn,FBS Independents,FBS Independents,27,13,False,False,Warren McGuirk Alumni Stadium
401309913,2021,6,regular,2021-10-09 19:30:00,BYU,Boise State,FBS Independents,Mountain West,17,26,False,False,LaVell Edwards Stadium
401282097,2021,6,regular,2021-10-09 19:30:00,Auburn,Georgia,SEC,SEC,10,34,False,True,Jordan-Hare Stadium
401309567,2021,6,regular,2021-10-09 19:30:00,Ohio,Central Michigan,Mid-American,Mid-American,27,30,False,True,Peden Stadium
401282225,2021,6,regular,2021-10-09 19:30:00,UAB,Florida Atlantic,Conference USA,Conference USA,31,14,False,True,Legion Field
401310715,2021,6,regular,2021-10-09 19:30:00,Colorado State,San José State,Mountain West,Mountain West,32,14,False,True,Canvas Stadium
401282101,2021,6,regular,2021-10-09 20:00:00,Missouri,North Texas,SEC,Conference USA,48,35,False,False,Memorial Stadium
401309869,2021,6,regular,2021-10-09 20:00:00,Washington State,Oregon State,Pac-12,Pac-12,31,24,False,True,Gesa Field
401282758,2021,6,regular,2021-10-09 20:00:00,Iowa,Penn State,Big Ten,Big Ten,23,20,False,True,Kinnick Stadium
401328407,2021,6,regular,2021-10-09 20:00:00,Austin Peay,Southeast Missouri State,OVC,OVC,14,30,False,True,Governors Stadium
401328032,2021,6,regular,2021-10-09 20:00:00,Montana State,Cal Poly,Big Sky,Big Sky,45,7,False,True,Bobcat Stadium
401328000,2021,6,regular,2021-10-09 20:00:00,Jacksonville State,Stephen F. Austin,AWC,Western Athletic,28,24,False,True,AmFirst Stadium
401328642,2021,6,regular,2021-10-09 20:00:00,Bethune-Cookman,Mississippi Valley State,SWAC,SWAC,14,20,False,True,Municipal Stadium
401328700,2021,6,regular,2021-10-09 20:00:00,William Jewell,Southwest Baptist,Great Lakes,Great Lakes,10,55,False,True,Greene Stadium
401328228,2021,6,regular,2021-10-09 20:00:00,Towson,Stony Brook,CAA,CAA,21,14,False,True,Johnny Unitas Stadium
401332012,2021,6,regular,2021-10-09 20:00:00,Findlay,Kentucky Wesleyan,Great Midwest Athletic,Great Midwest Athletic,31,19,False,True,Donnell Stadium
401329052,2021,6,regular,2021-10-09 20:05:00,Western Oregon,Central Washington,Great Northwest,Great Northwest,14,45,False,True,McArthur Field
401328548,2021,6,regular,2021-10-09 20:30:00,East Tennessee State,The Citadel,Southern,Southern,48,21,False,True,William B. Greene Jr. Stadium
401328979,2021,6,regular,2021-10-09 21:00:00,East Texas A&M,Saginaw Valley State,Lone Star,GLIAC,17,20,False,False,Memorial Stadium (Commerce TX)
401328691,2021,6,regular,2021-10-09 21:00:00,Southern,Texas Southern,SWAC,SWAC,31,35,False,True,Dignity Health Sports Park
401328051,2021,6,regular,2021-10-09 21:00:00,Idaho,Portland State,Big Sky,Big Sky,42,35,False,True,Kibbie Dome
401328313,2021,6,regular,2021-10-09 21:00:00,Northwestern (OK),Arkansas Monticello,Great American,Great American,23,42,False,True,Ranger Field
401328963,2021,6,regular,2021-10-09 21:00:00,Miles,Benedict,SIAC,SIAC,21,24,False,True,Albert J. H. Sloan - Alumni Stadium
401328111,2021,6,regular,2021-10-09 22:00:00,Gardner-Webb,Campbell,Big South,Big South,28,42,False,True,Ernest W. Spangler Stadium
401327992,2021,6,regular,2021-10-09 22:00:00,Eastern Kentucky,Abilene Christian,AWC,Western Athletic,30,15,False,True,Roy Kidd Stadium
401328325,2021,6,regular,2021-10-09 22:00:00,Florida A&M,South Carolina State,SWAC,MEAC,30,7,False,False,Bragg Memorial Stadium
401328949,2021,6,regular,2021-10-09 22:00:00,Savannah State,Erskine,SIAC,Independent DII,39,6,False,False,Ted Wright Stadium
401327929,2021,6,regular,2021-10-09 22:00:00,Virginia State,Elizabeth City State,CIAA,CIAA,35,7,False,True,Rogers Stadium (VA)
401301019,2021,6,regular,2021-10-09 22:00:00,UCF,East Carolina,American Athletic,American Athletic,20,16,False,True,FBC Mortgage Stadium
401329505,2021,6,regular,2021-10-09 22:00:00,Southwest Minnesota State,Sioux Falls,Northern Sun,Northern Sun,7,35,False,True,Schwan Regional Event Center
401328652,2021,6,regular,2021-10-09 22:00:00,Indianapolis,McKendree,Great Lakes,Great Lakes,57,28,False,True,Key Stadium
401328956,2021,6,regular,2021-10-09 22:00:00,Wayne State (MI),Michigan Tech,GLIAC,GLIAC,27,30,False,True,Tom Adams Field
401330254,2021,6,regular,2021-10-09 23:00:00,UT Permian Basin,Lincoln (CA),Lone Star,,75,0,False,False,Ratliff Stadium
401328578,2021,6,regular,2021-10-09 23:00:00,Houston Christian,Northwestern State,Southland,Southland,17,21,False,True,Husky Stadium
401328940,2021,6,regular,2021-10-09 23:00:00,Grand Valley State,Northwood,GLIAC,GLIAC,70,9,False,True,Lubbers Stadium
401287919,2021,6,regular,2021-10-09 23:00:00,Texas Tech,TCU,Big 12,Big 12,31,52,False,True,Jones AT&T Stadium
401282228,2021,6,regular,2021-10-09 23:00:00,Western Kentucky,UTSA,Conference USA,Conference USA,46,52,False,True,Houchens Industries-L.T. Smith Stadium
401282227,2021,6,regular,2021-10-09 23:00:00,Southern Miss,UTEP,Conference USA,Conference USA,13,26,False,True,M. M. Roberts Stadium
401329012,2021,6,regular,2021-10-09 23:00:00,North Greenville,West Florida,Gulf South,Gulf South,10,52,False,True,Younts Stadium
401328983,2021,6,regular,2021-10-09 23:00:00,Valdosta State,Delta State,Gulf South,Gulf South,55,0,False,True,Bazemore-Hyder Stadium
401328717,2021,6,regular,2021-10-09 23:00:00,Ashland,Ohio Dominican,Great Midwest Athletic,Great Midwest Athletic,24,34,False,True,Jack Miller Stadium
401309619,2021,6,regular,2021-10-09 23:00:00,Texas State,South Alabama,Sun Belt,Sun Belt,33,31,False,True,Bobcat Stadium (TX)
401309617,2021,6,regular,2021-10-09 23:00:00,Troy,Georgia Southern,Sun Belt,Sun Belt,27,24,False,True,Veterans Memorial Stadium (AL)
401309565,2021,6,regular,2021-10-09 23:00:00,Kent State,Buffalo,Mid-American,Mid-American,48,38,False,True,Dix Stadium
401310714,2021,6,regular,2021-10-09 23:00:00,Air Force,Wyoming,Mountain West,Mountain West,24,14,False,True,Falcon Stadium
401282778,2021,6,regular,2021-10-09 23:30:00,Nebraska,Michigan,Big Ten,Big Ten,29,32,False,True,"Memorial Stadium (Lincoln, NE)"
401282099,2021,6,regular,2021-10-09 23:30:00,Kentucky,LSU,SEC,SEC,42,21,False,True,Kroger Field
401282656,2021,6,regular,2021-10-09 23:30:00,Virginia Tech,Notre Dame,ACC,FBS Independents,29,32,False,True,Lane Stadium
401329464,2021,6,regular,2021-10-10 00:00:00,Western New Mexico,Eastern New Mexico,Lone Star,Lone Star,47,50,False,True,Ben Altamirano Field
401329096,2021,6,regular,2021-10-10 00:00:00,West Texas,Angelo State,Lone Star,Lone Star,31,15,False,True,Buffalo Stadium
401329124,2021,6,regular,2021-10-10 00:00:00,Tuskegee,Morehouse,SIAC,SIAC,15,31,False,True,Legion Field
401329028,2021,6,regular,2021-10-10 00:00:00,Colorado Mesa,Adams State,Rocky Mountain,Rocky Mountain,49,14,False,True,Ralph Stocker Stadium
401329109,2021,6,regular,2021-10-10 00:00:00,Midwestern State,Texas A&M-Kingsville,Lone Star,Lone Star,30,13,False,True,"Memorial Stadium (Wichita Falls, TX)"
401309871,2021,6,regular,2021-10-10 00:00:00,USC,Utah,Pac-12,Pac-12,26,42,False,True,Los Angeles Memorial Coliseum
401282103,2021,6,regular,2021-10-10 00:00:00,Texas A&M,Alabama,SEC,SEC,41,38,False,True,Kyle Field
401309618,2021,6,regular,2021-10-10 00:00:00,UL Monroe,Georgia State,Sun Belt,Sun Belt,21,55,False,True,Malone Stadium
401301020,2021,6,regular,2021-10-10 01:00:00,Tulsa,Memphis,American Athletic,American Athletic,35,29,False,True,Chapman Stadium
401310716,2021,6,regular,2021-10-10 01:00:00,San Diego State,New Mexico,Mountain West,Mountain West,31,7,False,True,Qualcomm Stadium
401328096,2021,6,regular,2021-10-10 01:00:00,Sacramento State,Southern Utah,Big Sky,Big Sky,41,20,False,True,Hornet Stadium
401310717,2021,6,regular,2021-10-10 02:30:00,Nevada,New Mexico State,Mountain West,FBS Independents,55,28,False,False,Mackay Stadium
401309870,2021,6,regular,2021-10-10 02:30:00,Arizona,UCLA,Pac-12,Pac-12,16,34,False,True,Arizona Stadium
401309620,2021,7,regular,2021-10-12 23:30:00,Louisiana,App State,Sun Belt,Sun Belt,41,13,False,True,Cajun Field
401328554,2021,7,regular,2021-10-14 23:00:00,Southern Nazarene,Southwestern Oklahoma State,Great American,Great American,30,22,False,True,Southern Nazarene University Football Stadium
401309621,2021,7,regular,2021-10-14 23:30:00,South Alabama,Georgia Southern,Sun Belt,Sun Belt,41,14,False,True,Hancock Whitney Stadium
401301022,2021,7,regular,2021-10-14 23:30:00,Memphis,Navy,American Athletic,American Athletic,35,17,False,True,Simmons Bank Liberty Stadium
401282657,2021,7,regular,2021-10-15 23:00:00,Syracuse,Clemson,ACC,ACC,14,17,False,True,JMA Wireless Dome
401328252,2021,7,regular,2021-10-15 23:00:00,Cornell,Colgate,Ivy,Patriot,34,20,False,False,Schoellkopf Field
401282231,2021,7,regular,2021-10-15 23:00:00,North Texas,Marshall,Conference USA,Conference USA,21,49,False,True,DATCU Stadium
401328068,2021,7,regular,2021-10-16 02:00:00,Weber State,Montana State,Big Sky,Big Sky,7,13,False,True,Stewart Stadium
401310723,2021,7,regular,2021-10-16 02:30:00,San José State,San Diego State,Mountain West,Mountain West,13,19,False,True,CEFCU Stadium
401309872,2021,7,regular,2021-10-16 02:30:00,Oregon,California,Pac-12,Pac-12,24,17,False,True,Autzen Stadium
401286192,2021,7,regular,2021-10-16 16:00:00,UConn,Yale,FBS Independents,Ivy,21,15,False,False,Pratt & Whitney Stadium
401282106,2021,7,regular,2021-10-16 16:00:00,LSU,Florida,SEC,SEC,49,42,False,True,Tiger Stadium (LA)
401282104,2021,7,regular,2021-10-16 16:00:00,Arkansas,Auburn,SEC,SEC,23,38,False,True,Razorback Stadium
401282731,2021,7,regular,2021-10-16 16:00:00,Indiana,Michigan State,Big Ten,Big Ten,15,20,False,True,"Memorial Stadium (Bloomington, IN)"
401309571,2021,7,regular,2021-10-16 16:00:00,Buffalo,Ohio,Mid-American,Mid-American,27,26,False,True,UB Stadium
401282108,2021,7,regular,2021-10-16 16:00:00,Missouri,Texas A&M,SEC,SEC,14,35,False,True,Memorial Stadium
401282796,2021,7,regular,2021-10-16 16:00:00,Minnesota,Nebraska,Big Ten,Big Ten,30,23,False,True,Huntington Bank Stadium
401328928,2021,7,regular,2021-10-16 16:00:00,American International,New Haven,Northeast 10,Northeast 10,14,30,False,True,Ronald J. Abdow Field
401334764,2021,7,regular,2021-10-16 16:00:00,Charleston (WV),Concord,Mountain East,Mountain East,48,3,False,True,University of Charleston Stadium
401301023,2021,7,regular,2021-10-16 16:00:00,Cincinnati,UCF,American Athletic,American Athletic,56,21,False,True,Nippert Stadium
401328957,2021,7,regular,2021-10-16 16:00:00,Northern Michigan,Michigan Tech,GLIAC,GLIAC,14,21,False,True,Superior Dome
401332013,2021,7,regular,2021-10-16 16:00:00,Ohio Dominican,Findlay,Great Midwest Athletic,Great Midwest Athletic,14,21,False,True,Panther Stadium (OH)
401328510,2021,7,regular,2021-10-16 16:00:00,Dayton,Marist,Pioneer,Pioneer,17,20,False,True,Welcome Stadium
401328595,2021,7,regular,2021-10-16 16:00:00,Incarnate Word,Nicholls,Southland,Southland,38,21,False,True,Gayle and Tom Benson Stadium
401282807,2021,7,regular,2021-10-16 16:00:00,Northwestern,Rutgers,Big Ten,Big Ten,21,7,False,True,Ryan Field
401332308,2021,7,regular,2021-10-16 16:00:00,Bryant,Saint Francis,NEC,NEC,18,17,False,True,Bulldog Stadium
401301024,2021,7,regular,2021-10-16 16:00:00,South Florida,Tulsa,American Athletic,American Athletic,31,32,False,True,Raymond James Stadium
401328200,2021,7,regular,2021-10-16 16:00:00,Maine,William & Mary,CAA,CAA,27,16,False,True,Alfond Stadium
401329422,2021,7,regular,2021-10-16 16:00:00,West Chester,East Stroudsburg,Pennsylvania State Athletic,Pennsylvania State Athletic,42,24,False,True,John A. Farrell Stadium
401328728,2021,7,regular,2021-10-16 16:00:00,Davenport,Wayne State (MI),GLIAC,GLIAC,3,16,False,True,Farmers Insurance Athletic Complex
401331763,2021,7,regular,2021-10-16 16:00:00,Edinboro,Mercyhurst,Pennsylvania State Athletic,Pennsylvania State Athletic,20,27,False,True,Sox Harrison Stadium
401329328,2021,7,regular,2021-10-16 16:00:00,Long Island University,Merrimack,NEC,NEC,5,43,False,True,Bethpage Federal Credit Union Stadium
401287924,2021,7,regular,2021-10-16 16:00:00,Texas,Oklahoma State,Big 12,Big 12,24,32,False,True,DKR-Texas Memorial Stadium
401282660,2021,7,regular,2021-10-16 16:30:00,Virginia,Duke,ACC,ACC,48,0,False,True,Scott Stadium
401344144,2021,7,regular,2021-10-16 16:30:00,Brown,Princeton,Ivy,Ivy,42,56,False,True,Brown Stadium
401336485,2021,7,regular,2021-10-16 17:00:00,Fordham,Bucknell,Patriot,Patriot,66,21,False,True,Jack Coffey Field
401334782,2021,7,regular,2021-10-16 17:00:00,Pace,Franklin Pierce,Northeast 10,Northeast 10,39,31,False,True,Pace Stadium
401337472,2021,7,regular,2021-10-16 17:00:00,West Liberty,Fairmont State,Mountain East,Mountain East,52,31,False,True,West Family Stadium
401328218,2021,7,regular,2021-10-16 17:00:00,Livingstone,Shaw,CIAA,CIAA,9,20,False,True,Alumni Memorial Stadium (NC)
401329646,2021,7,regular,2021-10-16 17:00:00,Carson Newman,Lenoir Rhyne,South Atlantic,South Atlantic,0,59,False,True,Burke-Tarr Stadium
401329389,2021,7,regular,2021-10-16 17:00:00,Alderson-Broaddus,Glenville State,Mountain East,Mountain East,21,35,False,True,Multi-Sport Performance Stadium
401332322,2021,7,regular,2021-10-16 17:00:00,Stetson,St. Thomas (MN),Pioneer,Pioneer,7,38,False,True,Spec Martin Municipal Stadium
401328112,2021,7,regular,2021-10-16 17:00:00,Campbell,Monmouth,Big South,Big South,17,34,False,True,Barker-Lane Stadium
401332380,2021,7,regular,2021-10-16 17:00:00,Edward Waters,Kentucky State,SIAC,SIAC,36,76,False,False,Earl Kitchings Stadium
401328020,2021,7,regular,2021-10-16 17:00:00,Chowan,Virginia Union,CIAA,CIAA,31,38,False,True,Garrison Stadium
401332302,2021,7,regular,2021-10-16 17:00:00,Sacred Heart,Central Connecticut,NEC,NEC,27,17,False,True,Campus Field
401328718,2021,7,regular,2021-10-16 17:00:00,Tiffin,Ashland,Great Midwest Athletic,Great Midwest Athletic,27,21,False,True,Frost-Kalnow Stadium
401329477,2021,7,regular,2021-10-16 17:00:00,Hillsdale,Lake Erie,Great Midwest Athletic,Great Midwest Athletic,14,33,False,True,"Frank ""Muddy"" Waters Stadium"
401328381,2021,7,regular,2021-10-16 17:00:00,Western Illinois,South Dakota State,MVFC,MVFC,17,41,False,True,Hanson Field
401330259,2021,7,regular,2021-10-16 17:00:00,Stonehill,Saint Anselm,Northeast 10,Northeast 10,31,22,False,True,W.B. Mason Stadium
401334759,2021,7,regular,2021-10-16 17:00:00,Walsh,Kentucky Wesleyan,Great Midwest Athletic,Great Midwest Athletic,13,23,False,True,Tom Benson Hall of Fame Stadium
401335302,2021,7,regular,2021-10-16 17:00:00,Harvard,Lafayette,Ivy,Patriot,30,3,False,False,Harvard Stadium
401329135,2021,7,regular,2021-10-16 17:00:00,Central State,Tuskegee,SIAC,SIAC,0,29,False,True,McPherson Memorial Stadium
401327920,2021,7,regular,2021-10-16 17:00:00,Bowie State,Virginia State,CIAA,CIAA,51,44,False,True,Bulldogs Stadium
401328995,2021,7,regular,2021-10-16 17:00:00,Shorter,Mississippi College,Gulf South,Gulf South,7,20,False,True,Barron Stadium
401328207,2021,7,regular,2021-10-16 17:00:00,New Hampshire,Dartmouth,CAA,Ivy,21,38,False,False,Wildcat Stadium
401329437,2021,7,regular,2021-10-16 17:00:00,Notre Dame College,West Virginia Wesleyan,Mountain East,Mountain East,52,14,False,True,Mueller Field
401327930,2021,7,regular,2021-10-16 17:00:00,Lincoln (PA),Elizabeth City State,CIAA,CIAA,17,14,False,True,Lincoln University Stadium
401329496,2021,7,regular,2021-10-16 17:00:00,Upper Iowa,Minnesota State,Northern Sun,Northern Sun,0,58,False,True,Harms-Eischeid Stadium
401328643,2021,7,regular,2021-10-16 17:00:00,Bethune-Cookman,Prairie View A&M,SWAC,SWAC,29,35,False,True,Municipal Stadium
401329205,2021,7,regular,2021-10-16 17:00:00,Slippery Rock,IU Pennsylvania,Pennsylvania State Athletic,Pennsylvania State Athletic,21,48,False,True,Mihalik-Thompson Stadium
401329177,2021,7,regular,2021-10-16 17:05:00,Minnesota Duluth,Concordia St. Paul,Northern Sun,Northern Sun,33,13,False,True,James S. Malosky Stadium
401328173,2021,7,regular,2021-10-16 17:30:00,Winston-Salem State,St. Augustine's,CIAA,CIAA,41,0,False,True,Bowman Gray Stadium
401328480,2021,7,regular,2021-10-16 17:30:00,Holy Cross,Georgetown,Patriot,Patriot,48,14,False,True,Fitton Field
401328242,2021,7,regular,2021-10-16 17:30:00,Columbia,Pennsylvania,Ivy,Ivy,23,14,False,True,Lawrence A. Wien Stadium
401328539,2021,7,regular,2021-10-16 17:30:00,Chattanooga,East Tennessee State,Southern,Southern,21,16,False,True,Finley Stadium
401329638,2021,7,regular,2021-10-16 17:30:00,Tusculum,UVA Wise,South Atlantic,South Atlantic,37,21,False,True,Pioneer Field (TN)
401328564,2021,7,regular,2021-10-16 17:30:00,Wofford,Samford,Southern,Southern,24,27,False,True,Gibbs Stadium
401328196,2021,7,regular,2021-10-16 18:00:00,Richmond,James Madison,CAA,CAA,3,19,False,True,E. Claiborne Robins Stadium
401328305,2021,7,regular,2021-10-16 18:00:00,Norfolk State,Virginia Lynchburg,MEAC,,42,14,False,False,"William Dick"""" Price Stadium"""""
401328659,2021,7,regular,2021-10-16 18:00:00,Alabama A&M,Florida A&M,SWAC,SWAC,31,35,False,True,Louis Crews Stadium
401329447,2021,7,regular,2021-10-16 18:00:00,Pittsburg State,Lincoln (MO),Mid America,Mid America,59,7,False,True,Carnie Smith Stadium
401329063,2021,7,regular,2021-10-16 18:00:00,Winona State,Southwest Minnesota State,Northern Sun,Northern Sun,26,14,False,True,Altra Federal Credit Union Stadium
401329122,2021,7,regular,2021-10-16 18:00:00,Morehouse,Fort Valley State,SIAC,SIAC,51,3,False,True,B.T. Harvey Stadium
401329323,2021,7,regular,2021-10-16 18:00:00,Colorado School of Mines,South Dakota Mines,Rocky Mountain,Rocky Mountain,44,24,False,True,Marv Kay Stadium at Campbell Field
401329147,2021,7,regular,2021-10-16 18:00:00,Wayne State (NE),Augustana (SD),Northern Sun,Northern Sun,24,32,False,True,"Memorial Stadium (Wayne, NE)"
401328984,2021,7,regular,2021-10-16 18:00:00,West Alabama,Valdosta State,Gulf South,Gulf South,17,42,False,True,Tiger Stadium (AL)
401329512,2021,7,regular,2021-10-16 18:00:00,Washburn,Northwest Missouri State,Mid America,Mid America,17,16,False,True,Yager Stadium at Moore Bowl
401328087,2021,7,regular,2021-10-16 18:00:00,Fayetteville State,Johnson C. Smith,CIAA,CIAA,55,12,False,True,"Luther ""Nick"" Jeralds Stadium"
401344442,2021,7,regular,2021-10-16 18:00:00,Southern Connecticut State,Bentley,Northeast 10,Northeast 10,20,34,False,True,Jess Dow Field
401328701,2021,7,regular,2021-10-16 18:00:00,Southwest Baptist,Truman State,Great Lakes,Great Lakes,27,21,False,True,Plaster Sports Complex
401329399,2021,7,regular,2021-10-16 18:00:00,Emporia State,Nebraska Kearney,Mid America,Mid America,35,42,False,True,Francis G. Welch Stadium
401328975,2021,7,regular,2021-10-16 18:00:00,Saginaw Valley State,Northwood,GLIAC,GLIAC,31,13,False,True,Harvey Randall Wickes Memorial Stadium
401329082,2021,7,regular,2021-10-16 18:00:00,Benedict,Albany State,SIAC,SIAC,6,28,False,True,Charlie W. Johnson Stadium
401328686,2021,7,regular,2021-10-16 18:00:00,Missouri S&T,William Jewell,Great Lakes,Great Lakes,37,16,False,True,Allgood-Bailey Stadium
401329315,2021,7,regular,2021-10-16 18:00:00,Fort Lewis,Colorado Mesa,Rocky Mountain,Rocky Mountain,3,55,False,True,Ray Dennison Memorial Field
401329043,2021,7,regular,2021-10-16 18:00:00,Bemidji State,Minnesota St Moorhead,Northern Sun,Northern Sun,22,19,False,True,Chet Anderson Stadium
401309568,2021,7,regular,2021-10-16 18:00:00,Eastern Michigan,Ball State,Mid-American,Mid-American,31,38,False,True,Rynearson Stadium
401329361,2021,7,regular,2021-10-16 18:00:00,Millersville,Shepherd,Pennsylvania State Athletic,Pennsylvania State Athletic,13,38,False,True,Chryst Field at Biemesderfer Stadium
401329185,2021,7,regular,2021-10-16 18:00:00,Bloomsburg,Lock Haven,Pennsylvania State Athletic,Pennsylvania State Athletic,44,0,False,True,Robert B. Redman Stadium
401329129,2021,7,regular,2021-10-16 18:00:00,Sioux Falls,University of Mary,Northern Sun,Northern Sun,34,14,False,True,Bob Young Field
401335304,2021,7,regular,2021-10-16 18:00:00,Frostburg State,Wheeling,Mountain East,Mountain East,41,17,False,True,Bobcat Stadium (MD)
401308837,2021,7,regular,2021-10-16 18:30:00,Miami (OH),Akron,Mid-American,Mid-American,34,21,False,True,Yager Stadium
401328043,2021,7,regular,2021-10-16 18:30:00,Eastern Washington,Idaho,Big Sky,Big Sky,71,21,False,True,Roos Field
401309622,2021,7,regular,2021-10-16 19:00:00,Texas State,Troy,Sun Belt,Sun Belt,28,31,False,True,Bobcat Stadium (TX)
401328071,2021,7,regular,2021-10-16 19:00:00,Montana,Sacramento State,Big Sky,Big Sky,21,28,False,True,Washington-Grizzly Stadium
401328331,2021,7,regular,2021-10-16 19:00:00,Illinois State,North Dakota State,MVFC,MVFC,0,20,False,True,Hancock Stadium
401328416,2021,7,regular,2021-10-16 19:00:00,Eastern Illinois,UT Martin,OVC,OVC,17,28,False,True,O'Brien Stadium
401328636,2021,7,regular,2021-10-16 19:00:00,Arkansas-Pine Bluff,Southern,SWAC,SWAC,7,34,False,True,Golden Lion Stadium
401329334,2021,7,regular,2021-10-16 19:00:00,New Mexico Highlands,CSU Pueblo,Rocky Mountain,Rocky Mountain,28,21,False,True,Sanchez Family Stadium
401329029,2021,7,regular,2021-10-16 19:00:00,Adams State,Chadron State,Rocky Mountain,Rocky Mountain,35,45,False,True,Rex Stadium
401328282,2021,7,regular,2021-10-16 19:00:00,Southern Arkansas,Arkansas Tech,Great American,Great American,34,17,False,True,"Memorial Stadium (El Dorado, AR)"
401328422,2021,7,regular,2021-10-16 19:00:00,Southeast Missouri State,Murray State,OVC,OVC,31,32,False,True,Houck Field
401328950,2021,7,regular,2021-10-16 19:00:00,Savannah State,Clark Atlanta,SIAC,SIAC,49,14,False,True,Ted Wright Stadium
401328620,2021,7,regular,2021-10-16 19:00:00,Jackson State,Alabama State,SWAC,SWAC,28,7,False,True,Mississippi Veterans Memorial Stadium
401328314,2021,7,regular,2021-10-16 19:00:00,Arkansas Monticello,Ouachita Baptist,Great American,Great American,0,34,False,True,Convoy Leslie Cotton Boll Stadium
401328341,2021,7,regular,2021-10-16 19:00:00,Missouri State,Indiana State,MVFC,MVFC,37,7,False,True,Plaster Sports Complex
401329300,2021,7,regular,2021-10-16 19:00:00,Western Colorado,Black Hills State,Rocky Mountain,Rocky Mountain,44,28,False,True,Mountaineer Bowl
401328363,2021,7,regular,2021-10-16 19:00:00,Southern Illinois,North Dakota,MVFC,MVFC,31,28,False,True,Saluki Stadium
401328394,2021,7,regular,2021-10-16 19:00:00,Henderson State,Harding,Great American,Great American,21,46,False,True,Ruggles Field at Carpenter-Haygood Stadium
401328665,2021,7,regular,2021-10-16 19:00:00,Grambling,Texas Southern,SWAC,SWAC,34,20,False,True,Eddie Robinson Stadium
401329013,2021,7,regular,2021-10-16 19:00:00,Delta State,North Greenville,Gulf South,Gulf South,34,42,False,True,Parker Field at McCool Stadium
401328455,2021,7,regular,2021-10-16 19:00:00,Southeastern Oklahoma State,Northwestern (OK),Great American,Great American,43,10,False,True,Paul Laird Field
401328430,2021,7,regular,2021-10-16 19:00:00,Tennessee State,Tennessee Tech,OVC,OVC,20,13,False,True,Nissan Stadium
401348541,2021,7,regular,2021-10-16 19:00:00,MONTANASTN,Simon Fraser,,Great Northwest,3,30,False,False,
401328964,2021,7,regular,2021-10-16 19:00:00,Lane College,Miles,SIAC,SIAC,31,34,False,True,Lane Field
401328502,2021,7,regular,2021-10-16 19:00:00,Morehead State,Butler,Pioneer,Pioneer,31,8,False,True,Jayne Stadium
401287920,2021,7,regular,2021-10-16 19:30:00,Baylor,BYU,Big 12,FBS Independents,38,24,False,False,McLane Stadium
401328163,2021,7,regular,2021-10-16 19:30:00,UAlbany,Villanova,CAA,CAA,10,17,False,True,Bob Ford Field
401282232,2021,7,regular,2021-10-16 19:30:00,Old Dominion,Western Kentucky,Conference USA,Conference USA,20,43,False,True,S.B. Ballard Stadium
401282661,2021,7,regular,2021-10-16 19:30:00,Virginia Tech,Pittsburgh,ACC,ACC,7,28,False,True,Lane Stadium
401282234,2021,7,regular,2021-10-16 19:30:00,Southern Miss,UAB,Conference USA,Conference USA,0,34,False,True,M. M. Roberts Stadium
401328300,2021,7,regular,2021-10-16 19:30:00,South Carolina State,Morgan State,MEAC,MEAC,37,14,False,True,Oliver C. Dawson Stadium
401282760,2021,7,regular,2021-10-16 19:30:00,Iowa,Purdue,Big Ten,Big Ten,7,24,False,True,Kinnick Stadium
401328178,2021,7,regular,2021-10-16 19:30:00,Stony Brook,Delaware,CAA,CAA,34,17,False,True,Kenneth P. LaValle Stadium
401309875,2021,7,regular,2021-10-16 19:30:00,Colorado,Arizona,Pac-12,Pac-12,34,0,False,True,Folsom Field
401282105,2021,7,regular,2021-10-16 19:30:00,Georgia,Kentucky,SEC,SEC,30,13,False,True,Sanford Stadium
401309569,2021,7,regular,2021-10-16 19:30:00,Central Michigan,Toledo,Mid-American,Mid-American,26,23,False,True,Kelly/Shorts Stadium
401309572,2021,7,regular,2021-10-16 19:30:00,Western Michigan,Kent State,Mid-American,Mid-American,64,31,False,True,Waldo Stadium
401309570,2021,7,regular,2021-10-16 19:30:00,Northern Illinois,Bowling Green,Mid-American,Mid-American,34,26,False,True,Huskie Stadium
401310721,2021,7,regular,2021-10-16 19:30:00,Wyoming,Fresno State,Mountain West,Mountain West,0,17,False,True,War Memorial Stadium
401282659,2021,7,regular,2021-10-16 19:30:00,North Carolina,Miami,ACC,ACC,45,42,False,True,Kenan Stadium
401282109,2021,7,regular,2021-10-16 20:00:00,South Carolina,Vanderbilt,SEC,SEC,21,20,False,True,Williams-Brice Stadium
401328213,2021,7,regular,2021-10-16 20:00:00,Towson,Rhode Island,CAA,CAA,28,7,False,True,Johnny Unitas Stadium
401328589,2021,7,regular,2021-10-16 20:00:00,Northwestern State,McNeese,Southland,Southland,17,35,False,True,Harry Turpin Stadium
401328077,2021,7,regular,2021-10-16 20:00:00,Northern Arizona,Southern Utah,Big Sky,Big Sky,59,35,False,True,Walkup Skydome
401328628,2021,7,regular,2021-10-16 20:00:00,Mississippi Valley State,Alcorn State,SWAC,SWAC,12,24,False,True,Rice-Totten Field
401328568,2021,7,regular,2021-10-16 20:00:00,Mercer,VMI,Southern,Southern,7,45,False,True,Five Star Stadium at the Moye Complex
401328008,2021,7,regular,2021-10-16 20:00:00,Abilene Christian,Lamar,Western Athletic,Western Athletic,24,17,False,True,Wildcat Stadium (TX)
401329354,2021,7,regular,2021-10-16 20:00:00,Seton Hill,Gannon,Pennsylvania State Athletic,Pennsylvania State Athletic,10,14,False,True,Offutt Field
401328653,2021,7,regular,2021-10-16 20:00:00,Quincy,McKendree,Great Lakes,Great Lakes,48,51,False,True,QU Stadium
401287921,2021,7,regular,2021-10-16 20:00:00,Kansas,Texas Tech,Big 12,Big 12,14,41,False,True,Memorial Stadium
401329656,2021,7,regular,2021-10-16 20:00:00,Limestone,Mars Hill,South Atlantic,South Atlantic,3,32,False,True,The Reservation
401332387,2021,7,regular,2021-10-16 20:00:00,Erskine,Bluefield State,Independent DII,Independent DII,24,19,False,True,J.W. Babb Stadium
401331760,2021,7,regular,2021-10-16 21:00:00,Newberry,Catawba,South Atlantic,South Atlantic,14,7,False,True,Setzler Field
401329156,2021,7,regular,2021-10-16 21:00:00,East Texas A&M,Western New Mexico,Lone Star,Lone Star,58,0,False,True,Memorial Stadium (Commerce TX)
401329036,2021,7,regular,2021-10-16 21:00:00,West Florida,West Georgia,Gulf South,Gulf South,26,30,False,True,Blue Wahoos Stadium
401329346,2021,7,regular,2021-10-16 21:00:00,Missouri Southern State,Central Missouri,Mid America,Mid America,30,28,False,True,Fred G. Hughes Stadium
401329471,2021,7,regular,2021-10-16 21:00:00,Missouri Western,Northeastern State,Mid America,Mid America,57,24,False,True,Craig Field at Spratt Memorial Stadium
401328061,2021,7,regular,2021-10-16 21:00:00,Portland State,Idaho State,Big Sky,Big Sky,31,10,False,True,Hillsboro Stadium
401332316,2021,7,regular,2021-10-16 21:00:00,San Diego,Drake,Pioneer,Pioneer,13,10,False,True,Torero Stadium
401328374,2021,7,regular,2021-10-16 21:00:00,Northern Iowa,South Dakota,MVFC,MVFC,21,34,False,True,UNI-Dome
401327971,2021,7,regular,2021-10-16 21:00:00,Central Arkansas,Eastern Kentucky,AWC,AWC,35,38,False,True,Estes Stadium
401328140,2021,7,regular,2021-10-16 21:00:00,Kennesaw State,North Carolina A&T,Big South,Big South,14,0,False,True,Fifth Third Stadium
401328579,2021,7,regular,2021-10-16 21:00:00,SE Louisiana,Houston Christian,Southland,Southland,61,24,False,True,Strawberry Stadium
401329234,2021,7,regular,2021-10-16 21:05:00,Kutztown,Shippensburg,Pennsylvania State Athletic,Pennsylvania State Athletic,20,3,False,True,Andre Reed Stadium
401328611,2021,7,regular,2021-10-16 22:00:00,Indianapolis,Lindenwood,Great Lakes,Great Lakes Valley,20,28,False,True,Key Stadium
401282233,2021,7,regular,2021-10-16 22:00:00,UTSA,Rice,Conference USA,Conference USA,45,0,False,True,Alamodome
401331752,2021,7,regular,2021-10-16 22:00:00,Barton,Wingate,Independent DII,South Atlantic,26,20,False,False,Electric Supply Company Field
401334772,2021,7,regular,2021-10-16 22:00:00,West Virginia State,UNC Pembroke,Mountain East,Mountain East,13,14,False,True,Dickerson Stadium
401328549,2021,7,regular,2021-10-16 22:00:00,Furman,The Citadel,Southern,Southern,24,14,False,True,Paladin Stadium
401328122,2021,7,regular,2021-10-16 22:00:00,Charleston Southern,Hampton,Big South,Big South,35,5,False,True,Buccaneer Field
401337369,2021,7,regular,2021-10-16 23:00:00,Davidson,Presbyterian,Pioneer,Pioneer,70,35,False,True,Richardson Stadium
401328148,2021,7,regular,2021-10-16 23:00:00,North Alabama,Robert Morris,Big South,Big South,42,31,False,True,Braly Municipal Stadium
401310719,2021,7,regular,2021-10-16 23:00:00,New Mexico,Colorado State,Mountain West,Mountain West,7,36,False,True,University Stadium (NM)
401282107,2021,7,regular,2021-10-16 23:00:00,Mississippi State,Alabama,SEC,SEC,9,49,False,True,Davis Wade Stadium
401310720,2021,7,regular,2021-10-16 23:00:00,UNLV,Utah State,Mountain West,Mountain West,24,28,False,True,Allegiant Stadium
401328350,2021,7,regular,2021-10-16 23:00:00,East Central,Oklahoma Baptist,Great American,Great American,20,47,False,True,Koi Ishto Stadium
401329073,2021,7,regular,2021-10-16 23:00:00,Northern State,Minot State,Northern Sun,Northern Sun,36,35,False,True,Swisher Field
401286296,2021,7,regular,2021-10-16 23:00:00,UL Monroe,Liberty,Sun Belt,FBS Independents,31,28,False,False,Malone Stadium
401328771,2021,7,regular,2021-10-16 23:00:00,Grand Valley State,Ferris State,GLIAC,GLIAC,28,35,False,True,Lubbers Stadium
401329097,2021,7,regular,2021-10-16 23:00:00,Angelo State,UT Permian Basin,Lone Star,Lone Star,34,14,False,True,LeGrand Stadium at 1st Community Credit Union Field
401287922,2021,7,regular,2021-10-16 23:30:00,Kansas State,Iowa State,Big 12,Big 12,20,33,False,True,Bill Snyder Family Stadium
401287923,2021,7,regular,2021-10-16 23:30:00,Oklahoma,TCU,Big 12,Big 12,52,31,False,True,"Memorial Stadium (Norman, OK)"
401309873,2021,7,regular,2021-10-16 23:30:00,Washington State,Stanford,Pac-12,Pac-12,34,31,False,True,Gesa Field
401282658,2021,7,regular,2021-10-16 23:30:00,Boston College,NC State,ACC,ACC,7,33,False,True,"Alumni Stadium (Chestnut Hill, MA)"
401282110,2021,7,regular,2021-10-16 23:30:00,Tennessee,Ole Miss,SEC,SEC,26,31,False,True,Neyland Stadium
401328081,2021,7,regular,2021-10-17 00:00:00,UC Davis,Northern Colorado,Big Sky,Big Sky,32,3,False,True,Aggie Stadium
401329453,2021,7,regular,2021-10-17 00:00:00,Eastern New Mexico,West Texas,Lone Star,Lone Star,24,44,False,True,Al Whitehead Field at Greyhound Stadium
401330251,2021,7,regular,2021-10-17 00:00:00,Texas A&M-Kingsville,Lincoln (CA),Lone Star,,51,21,False,False,Javelina Stadium
401282826,2021,7,regular,2021-10-17 00:00:00,Wisconsin,Army,Big Ten,FBS Independents,20,14,False,False,Camp Randall Stadium
401329380,2021,7,regular,2021-10-17 00:00:00,Fort Hays,Central Oklahoma,Mid America,Mid America,14,24,False,True,Lewis Field Stadium
401309874,2021,7,regular,2021-10-17 00:30:00,Washington,UCLA,Pac-12,Pac-12,17,24,False,True,Husky Stadium
401327982,2021,7,regular,2021-10-17 01:00:00,Utah Tech,Tarleton State,Western Athletic,Western Athletic,20,41,False,True,Greater Zion Stadium
401282230,2021,7,regular,2021-10-17 01:00:00,UTEP,Louisiana Tech,Conference USA,Conference USA,19,3,False,True,Sun Bowl
401310718,2021,7,regular,2021-10-17 01:00:00,Boise State,Air Force,Mountain West,Mountain West,17,24,False,True,Albertsons Stadium
401309876,2021,7,regular,2021-10-17 02:00:00,Utah,Arizona State,Pac-12,Pac-12,35,21,False,True,Rice-Eccles Stadium
401310722,2021,7,regular,2021-10-17 02:30:00,Nevada,Hawai'i,Mountain West,Mountain West,34,17,False,True,Mackay Stadium
401309623,2021,8,regular,2021-10-20 23:30:00,App State,Coastal Carolina,Sun Belt,Sun Belt,30,27,False,True,Kidd Brewer Stadium
401309624,2021,8,regular,2021-10-21 23:30:00,Arkansas State,Louisiana,Sun Belt,Sun Belt,27,28,False,True,Centennial Bank Stadium
401301025,2021,8,regular,2021-10-21 23:30:00,SMU,Tulane,American Athletic,American Athletic,55,26,False,True,Gerald J. Ford Stadium
401282235,2021,8,regular,2021-10-21 23:30:00,Charlotte,Florida Atlantic,Conference USA,Conference USA,9,38,False,True,Jerry Richardson Stadium
401310729,2021,8,regular,2021-10-22 03:00:00,UNLV,San José State,Mountain West,Mountain West,20,27,False,True,Allegiant Stadium
401328243,2021,8,regular,2021-10-22 22:00:00,Dartmouth,Columbia,Ivy,Ivy,0,19,False,True,Memorial Field
401282239,2021,8,regular,2021-10-22 22:00:00,UConn,Middle Tennessee,FBS Independents,Conference USA,13,44,False,False,Pratt & Whitney Stadium
401301026,2021,8,regular,2021-10-22 23:00:00,UCF,Memphis,American Athletic,American Athletic,24,7,False,True,FBC Mortgage Stadium
401310725,2021,8,regular,2021-10-23 01:30:00,Utah State,Colorado State,Mountain West,Mountain West,26,24,False,True,Maverik Stadium
401309877,2021,8,regular,2021-10-23 02:30:00,Arizona,Washington,Pac-12,Pac-12,16,21,False,True,Arizona Stadium
401282779,2021,8,regular,2021-10-23 16:00:00,Michigan,Northwestern,Big Ten,Big Ten,33,7,False,True,Michigan Stadium
401329483,2021,8,regular,2021-10-23 16:00:00,Kentucky Wesleyan,Tiffin,Great Midwest Athletic,Great Midwest Athletic,28,34,False,True,Steele Stadium
401287926,2021,8,regular,2021-10-23 16:00:00,Kansas,Oklahoma,Big 12,Big 12,23,35,False,True,Memorial Stadium
401329415,2021,8,regular,2021-10-23 16:00:00,Mercyhurst,Slippery Rock,Pennsylvania State Athletic,Pennsylvania State Athletic,17,20,False,True,Saxon Stadium
401282663,2021,8,regular,2021-10-23 16:00:00,Florida State,Massachusetts,ACC,FBS Independents,59,3,False,False,Doak Campbell Stadium
401329362,2021,8,regular,2021-10-23 16:00:00,Shepherd,West Chester,Pennsylvania State Athletic,Pennsylvania State Athletic,42,38,False,True,Ram Stadium (WV)
401332014,2021,8,regular,2021-10-23 16:00:00,Findlay,Hillsdale,Great Midwest Athletic,Great Midwest Athletic,29,34,False,True,Donnell Stadium
401301027,2021,8,regular,2021-10-23 16:00:00,Navy,Cincinnati,American Athletic,American Athletic,20,27,False,True,Navy-Marine Corps Memorial Stadium
401329639,2021,8,regular,2021-10-23 16:00:00,UVA Wise,Wingate,South Atlantic,South Atlantic,21,48,False,True,Carl Smith Stadium
401282717,2021,8,regular,2021-10-23 16:00:00,Penn State,Illinois,Big Ten,Big Ten,18,20,False,True,Beaver Stadium
401341489,2021,8,regular,2021-10-23 16:00:00,Ohio Dominican,Walsh,Great Midwest Athletic,Great Midwest Athletic,56,17,False,True,Panther Stadium (OH)
401329197,2021,8,regular,2021-10-23 16:00:00,Clarion,Seton Hill,Pennsylvania State Athletic,Pennsylvania State Athletic,0,49,False,True,"Memorial Stadium (Clarion, PA)"
401282662,2021,8,regular,2021-10-23 16:00:00,Army,Wake Forest,FBS Independents,ACC,56,70,False,False,Michie Stadium
401331764,2021,8,regular,2021-10-23 16:00:00,Gannon,Edinboro,Pennsylvania State Athletic,Pennsylvania State Athletic,21,18,False,True,McConnell Family Stadium
401329690,2021,8,regular,2021-10-23 16:00:00,Minot State,Upper Iowa,Northern Sun,Northern Sun,17,14,False,True,Herb Parker Stadium
401309577,2021,8,regular,2021-10-23 16:00:00,Central Michigan,Northern Illinois,Mid-American,Mid-American,38,39,False,True,Kelly/Shorts Stadium
401328272,2021,8,regular,2021-10-23 16:00:00,Yale,Pennsylvania,Ivy,Ivy,42,28,False,True,Yale Bowl
401332312,2021,8,regular,2021-10-23 16:00:00,Wagner,Bryant,NEC,NEC,10,31,False,True,Wagner College Stadium
401309574,2021,8,regular,2021-10-23 16:00:00,Bowling Green,Eastern Michigan,Mid-American,Mid-American,24,55,False,True,Doyt L. Perry Stadium
401332294,2021,8,regular,2021-10-23 16:00:00,Sacred Heart,Duquesne,NEC,NEC,31,13,False,True,Campus Field
401333440,2021,8,regular,2021-10-23 16:00:00,Central Connecticut,Long Island University,NEC,NEC,13,30,False,True,Arute Field
401328517,2021,8,regular,2021-10-23 16:00:00,Marist,Morehead State,Pioneer,Pioneer,24,27,False,True,Leonidoff Field
401282112,2021,8,regular,2021-10-23 16:00:00,Arkansas,Arkansas-Pine Bluff,SEC,SWAC,45,3,False,False,War Memorial Stadium (AR)
401287928,2021,8,regular,2021-10-23 16:00:00,Texas Tech,Kansas State,Big 12,Big 12,24,25,False,True,Jones AT&T Stadium
401282668,2021,8,regular,2021-10-23 16:30:00,Virginia Tech,Syracuse,ACC,ACC,36,41,False,True,Lane Stadium
401328929,2021,8,regular,2021-10-23 17:00:00,Stonehill,New Haven,Northeast 10,Northeast 10,20,42,False,True,W.B. Mason Stadium
401332317,2021,8,regular,2021-10-23 17:00:00,Drake,Stetson,Pioneer,Pioneer,0,1,False,True,Drake Stadium
401329044,2021,8,regular,2021-10-23 17:00:00,Minnesota St Moorhead,University of Mary,Northern Sun,Northern Sun,35,31,False,True,Scheels Field at Nemzek Stadium
401334822,2021,8,regular,2021-10-23 17:00:00,Presbyterian,San Diego,Pioneer,Pioneer,28,69,False,True,Bailey Memorial Stadium
401328941,2021,8,regular,2021-10-23 17:00:00,Northern Michigan,Grand Valley State,GLIAC,GLIAC,24,28,False,True,Superior Dome
401347696,2021,8,regular,2021-10-23 17:00:00,Assumption,American International,Northeast 10,Northeast 10,42,21,False,True,Multi-Sport Stadium
401334783,2021,8,regular,2021-10-23 17:00:00,Franklin Pierce,Southern Connecticut State,Northeast 10,Northeast 10,24,43,False,True,Sodexo Field
401329074,2021,8,regular,2021-10-23 17:00:00,Concordia St. Paul,Northern State,Northern Sun,Northern Sun,17,38,False,True,Sea Foam Stadium
401341942,2021,8,regular,2021-10-23 17:00:00,Fairmont State,Frostburg State,Mountain East,Mountain East,14,49,False,True,Duvall-Rosier Field
401328088,2021,8,regular,2021-10-23 17:00:00,St. Augustine's,Fayetteville State,CIAA,CIAA,12,40,False,True,George Williams Athletic Complex
401328772,2021,8,regular,2021-10-23 17:00:00,Michigan Tech,Ferris State,GLIAC,GLIAC,10,38,False,True,Sherman Field
401328261,2021,8,regular,2021-10-23 17:00:00,Winston-Salem State,Livingstone,CIAA,CIAA,21,0,False,True,Bowman Gray Stadium
401334765,2021,8,regular,2021-10-23 17:00:00,Concord,West Virginia State,Mountain East,Mountain East,32,34,False,True,Callaghan Stadium
401344316,2021,8,regular,2021-10-23 17:00:00,Princeton,Harvard,Ivy,Ivy,18,16,False,True,Princeton University Stadium
401328729,2021,8,regular,2021-10-23 17:00:00,Northwood,Davenport,GLIAC,GLIAC,14,21,False,True,Hantz Stadium
401328719,2021,8,regular,2021-10-23 17:00:00,Ashland,Lake Erie,Great Midwest Athletic,Great Midwest Athletic,42,41,False,True,Jack Miller Stadium
401329657,2021,8,regular,2021-10-23 17:00:00,Mars Hill,Catawba,South Atlantic,South Atlantic,31,14,False,True,Meares Stadium
401335305,2021,8,regular,2021-10-23 17:00:00,Wheeling,West Liberty,Mountain East,Mountain East,26,20,False,True,Bishop Schmitt Field
401336487,2021,8,regular,2021-10-23 17:00:00,Fordham,Lehigh,Patriot,Patriot,35,28,False,True,Jack Coffey Field
401332028,2021,8,regular,2021-10-23 17:00:00,West Virginia Wesleyan,Alderson-Broaddus,Mountain East,Mountain East,20,49,False,True,Cebe Ross Field
401329368,2021,8,regular,2021-10-23 17:00:00,Shippensburg,Millersville,Pennsylvania State Athletic,Pennsylvania State Athletic,38,7,False,True,Seth Grove Stadium
401328105,2021,8,regular,2021-10-23 17:00:00,Shaw,Johnson C. Smith,CIAA,CIAA,20,14,False,True,George Williams Athletic Complex
401328965,2021,8,regular,2021-10-23 17:00:00,Kentucky State,Miles,SIAC,SIAC,21,28,False,True,Alumni Stadium (KY)
401327921,2021,8,regular,2021-10-23 17:00:00,Virginia Union,Bowie State,CIAA,CIAA,7,27,False,True,Hovey Field
401328540,2021,8,regular,2021-10-23 17:00:00,Samford,Chattanooga,Southern,Southern,13,55,False,True,Seibert Stadium
401328164,2021,8,regular,2021-10-23 17:00:00,UAlbany,Maine,CAA,CAA,16,19,False,True,Bob Ford Field
401328342,2021,8,regular,2021-10-23 17:00:00,Indiana State,Youngstown State,MVFC,MVFC,28,17,False,True,Memorial Stadium
401328187,2021,8,regular,2021-10-23 17:00:00,Elon,New Hampshire,CAA,CAA,24,10,False,True,Rhodes Stadium
401328306,2021,8,regular,2021-10-23 17:00:00,Howard,Norfolk State,MEAC,MEAC,31,45,False,True,William H. Greene Stadium
401328301,2021,8,regular,2021-10-23 17:00:00,Morgan State,North Carolina Central,MEAC,MEAC,17,28,False,True,Hughes Stadium
401328511,2021,8,regular,2021-10-23 17:00:00,Valparaiso,Dayton,Pioneer,Pioneer,45,28,False,True,Brown Field
401328503,2021,8,regular,2021-10-23 17:00:00,Butler,Davidson,Pioneer,Pioneer,35,49,False,True,Butler Bowl
401328481,2021,8,regular,2021-10-23 17:00:00,Bucknell,Georgetown,Patriot,Patriot,21,29,False,True,Christy Mathewson-Memorial Stadium
401309576,2021,8,regular,2021-10-23 17:00:00,Ohio,Kent State,Mid-American,Mid-American,27,34,False,True,Peden Stadium
401328253,2021,8,regular,2021-10-23 17:00:00,Cornell,Brown,Ivy,Ivy,45,49,False,True,Schoellkopf Field
401328590,2021,8,regular,2021-10-23 17:00:00,McNeese,Incarnate Word,Southland,Southland,28,20,False,True,Cowboy Stadium
401329186,2021,8,regular,2021-10-23 17:05:00,East Stroudsburg,Bloomsburg,Pennsylvania State Athletic,Pennsylvania State Athletic,35,14,False,True,Eiler-Martin Stadium
401328128,2021,8,regular,2021-10-23 17:30:00,Gardner-Webb,Robert Morris,Big South,Big South,28,17,False,True,Ernest W. Spangler Stadium
401327931,2021,8,regular,2021-10-23 17:30:00,Elizabeth City State,Chowan,CIAA,CIAA,32,28,False,True,Roebuck Stadium
401329390,2021,8,regular,2021-10-23 17:30:00,Glenville State,Notre Dame College,Mountain East,Mountain East,14,34,False,True,I.L. & Sue Morris Stadium
401334773,2021,8,regular,2021-10-23 18:00:00,UNC Pembroke,Charleston (WV),Mountain East,Mountain East,21,14,False,True,Grace P. Johnson Stadium
401328534,2021,8,regular,2021-10-23 18:00:00,Ouachita Baptist,Southern Arkansas,Great American,Great American,42,7,False,True,Cliff Harris Stadium
401332384,2021,8,regular,2021-10-23 18:00:00,Tusculum,Barton,South Atlantic,Independent DII,41,17,False,False,Pioneer Field (TN)
401329116,2021,8,regular,2021-10-23 18:00:00,Fort Valley State,Clark Atlanta,SIAC,SIAC,40,7,False,True,Wildcat Stadium (GA)
401329136,2021,8,regular,2021-10-23 18:00:00,Edward Waters,Central State,SIAC,SIAC,56,19,False,False,Earl Kitchings Stadium
401330260,2021,8,regular,2021-10-23 18:00:00,Saint Anselm,Pace,Northeast 10,Northeast 10,24,16,False,True,Grappone Stadium
401329694,2021,8,regular,2021-10-23 18:00:00,Lenoir Rhyne,Limestone,South Atlantic,South Atlantic,45,3,False,True,Helen and Leonard Moretz Stadium
401329710,2021,8,regular,2021-10-23 18:00:00,Quincy,Indianapolis,Great Lakes,Great Lakes,21,70,False,True,QU Stadium
401329501,2021,8,regular,2021-10-23 18:00:00,Northeastern State,Northwest Missouri State,Mid America,Mid America,7,59,False,True,Gable Field at Doc Wadley Stadium
401329064,2021,8,regular,2021-10-23 18:00:00,Sioux Falls,Winona State,Northern Sun,Northern Sun,10,14,False,True,Bob Young Field
401328135,2021,8,regular,2021-10-23 18:00:00,Hampton,North Carolina A&T,Big South,Big South,30,9,False,True,Armstrong Stadium
401328654,2021,8,regular,2021-10-23 18:00:00,McKendree,Missouri S&T,Great Lakes,Great Lakes,31,37,False,True,Leemon Field
401329235,2021,8,regular,2021-10-23 18:00:00,Lock Haven,Kutztown,Pennsylvania State Athletic,Pennsylvania State Athletic,15,32,False,True,Hubert Jack Stadium
401328612,2021,8,regular,2021-10-23 18:00:00,Lindenwood,Southwest Baptist,Great Lakes Valley,Great Lakes,48,24,False,True,Hunter Stadium
401328292,2021,8,regular,2021-10-23 18:00:00,Delaware State,South Carolina State,MEAC,MEAC,7,13,False,True,Alumni Stadium
401329310,2021,8,regular,2021-10-23 18:00:00,Chadron State,Fort Lewis,Rocky Mountain,Rocky Mountain,60,7,False,True,Elliott Field at Don Beebe Stadium
401329465,2021,8,regular,2021-10-23 18:00:00,Western New Mexico,Texas A&M-Kingsville,Lone Star,Lone Star,19,28,False,True,Ben Altamirano Field
401329206,2021,8,regular,2021-10-23 18:00:00,IU Pennsylvania,California (PA),Pennsylvania State Athletic,Pennsylvania State Athletic,34,38,False,True,George P. Miller Stadium
401327959,2021,8,regular,2021-10-23 18:00:00,Virginia State,Lincoln (PA),CIAA,CIAA,23,3,False,True,Rogers Stadium (VA)
401329142,2021,8,regular,2021-10-23 18:00:00,Tuskegee,Lane College,SIAC,SIAC,17,21,False,True,Abbott Memorial Alumni Stadium
401328951,2021,8,regular,2021-10-23 18:00:00,Albany State,Savannah State,SIAC,SIAC,30,0,False,True,Albany State University Coliseum
401329148,2021,8,regular,2021-10-23 18:00:00,Minnesota State,Augustana (SD),Northern Sun,Northern Sun,35,45,False,True,Blakeslee Stadium
401329089,2021,8,regular,2021-10-23 18:00:00,Benedict,Morehouse,SIAC,SIAC,5,20,False,True,Charlie W. Johnson Stadium
401329352,2021,8,regular,2021-10-23 18:00:00,South Dakota Mines,Western Colorado,Rocky Mountain,Rocky Mountain,21,42,False,True,O'Harra Stadium
401328644,2021,8,regular,2021-10-23 18:00:00,Jackson State,Bethune-Cookman,SWAC,SWAC,42,12,False,True,Mississippi Veterans Memorial Stadium
401328332,2021,8,regular,2021-10-23 18:00:00,South Dakota,Illinois State,MVFC,MVFC,14,20,False,True,DakotaDome
401309625,2021,8,regular,2021-10-23 18:00:00,Georgia State,Texas State,Sun Belt,Sun Belt,28,16,False,True,Center Parc Stadium
401328550,2021,8,regular,2021-10-23 18:00:00,The Citadel,Western Carolina,Southern,Southern,31,45,False,True,Johnson Hagood Stadium
401328557,2021,8,regular,2021-10-23 18:00:00,Furman,East Tennessee State,Southern,Southern,13,17,False,True,Paladin Stadium
401328461,2021,8,regular,2021-10-23 18:30:00,Tennessee Tech,Virginia Lynchburg,OVC,,56,13,False,False,Tucker Stadium
401329347,2021,8,regular,2021-10-23 18:30:00,Central Missouri,Fort Hays,Mid America,Mid America,17,21,False,True,Audrey J. Walton Stadium at Vernon Kennedy Field
401328283,2021,8,regular,2021-10-23 19:00:00,Arkansas Tech,Henderson State,Great American,Great American,38,41,False,True,Thone Stadium at Buerkle Field
401329400,2021,8,regular,2021-10-23 19:00:00,Emporia State,Missouri Southern State,Mid America,Mid America,24,21,False,True,Francis G. Welch Stadium
401329301,2021,8,regular,2021-10-23 19:00:00,Black Hills State,New Mexico Highlands,Rocky Mountain,Rocky Mountain,10,24,False,True,Lyle Hare Stadium
401328980,2021,8,regular,2021-10-23 19:00:00,Saginaw Valley State,Wayne State (MI),GLIAC,GLIAC,41,25,False,True,Harvey Randall Wickes Memorial Stadium
401328985,2021,8,regular,2021-10-23 19:00:00,Mississippi College,Valdosta State,Gulf South,Gulf South,14,41,False,True,Robinson-Hale Stadium
401328351,2021,8,regular,2021-10-23 19:00:00,Southwestern Oklahoma State,East Central,Great American,Great American,34,44,False,True,Milam Stadium
401329381,2021,8,regular,2021-10-23 19:00:00,Central Oklahoma,Washburn,Mid America,Mid America,17,29,False,True,Wantland Stadium
401329316,2021,8,regular,2021-10-23 19:00:00,Colorado Mesa,Colorado School of Mines,Rocky Mountain,Rocky Mountain,26,21,False,True,Ralph Stocker Stadium
401328710,2021,8,regular,2021-10-23 19:00:00,Truman State,William Jewell,Great Lakes,Great Lakes,52,0,False,True,Stokes Stadium
401282821,2021,8,regular,2021-10-23 19:00:00,Purdue,Wisconsin,Big Ten,Big Ten,13,30,False,True,Ross-Ade Stadium
401328364,2021,8,regular,2021-10-23 19:00:00,North Dakota,Western Illinois,MVFC,MVFC,34,10,False,True,Alerus Center
401328001,2021,8,regular,2021-10-23 19:00:00,Sam Houston,Jacksonville State,AWC,AWC,42,7,False,True,Elliott T. Bowers Stadium
401328417,2021,8,regular,2021-10-23 19:00:00,Eastern Illinois,Tennessee State,OVC,OVC,0,28,False,True,O'Brien Stadium
401328408,2021,8,regular,2021-10-23 19:00:00,Murray State,Austin Peay,OVC,OVC,6,47,False,True,Roy Stewart Stadium
401328062,2021,8,regular,2021-10-23 19:00:00,Montana State,Idaho State,Big Sky,Big Sky,27,9,False,True,Bobcat Stadium
401328179,2021,8,regular,2021-10-23 19:00:00,Delaware,James Madison,CAA,CAA,10,22,False,True,Delaware Stadium
401328375,2021,8,regular,2021-10-23 19:00:00,South Dakota State,Northern Iowa,MVFC,MVFC,17,26,False,True,Dana J. Dykhouse Stadium
401328465,2021,8,regular,2021-10-23 19:00:00,UT Martin,Southeast Missouri State,OVC,OVC,38,30,False,True,Graham Stadium
401328123,2021,8,regular,2021-10-23 19:00:00,North Alabama,Charleston Southern,Big South,Big South,45,22,False,True,Braly Municipal Stadium
401333046,2021,8,regular,2021-10-23 19:05:00,Minnesota Duluth,Bemidji State,Northern Sun,Northern Sun,35,42,False,True,James S. Malosky Stadium
401287925,2021,8,regular,2021-10-23 19:30:00,Iowa State,Oklahoma State,Big 12,Big 12,24,21,False,True,Jack Trice Stadium
401282238,2021,8,regular,2021-10-23 19:30:00,UAB,Rice,Conference USA,Conference USA,24,30,False,True,Legion Field
401282666,2021,8,regular,2021-10-23 19:30:00,Pittsburgh,Clemson,ACC,ACC,27,17,False,True,Acrisure Stadium
401328214,2021,8,regular,2021-10-23 19:30:00,Villanova,Rhode Island,CAA,CAA,44,0,False,True,Villanova Stadium
401309573,2021,8,regular,2021-10-23 19:30:00,Toledo,Western Michigan,Mid-American,Mid-American,34,15,False,True,Glass Bowl
401282767,2021,8,regular,2021-10-23 19:30:00,Minnesota,Maryland,Big Ten,Big Ten,34,16,False,True,Huntington Bank Stadium
401328223,2021,8,regular,2021-10-23 19:30:00,Stony Brook,Richmond,CAA,CAA,27,14,False,True,Kenneth P. LaValle Stadium
401309881,2021,8,regular,2021-10-23 19:30:00,Washington State,BYU,Pac-12,FBS Independents,19,21,False,False,Gesa Field
401328356,2021,8,regular,2021-10-23 19:30:00,North Dakota State,Missouri State,MVFC,MVFC,27,20,False,True,Fargodome
401282113,2021,8,regular,2021-10-23 19:30:00,Ole Miss,LSU,SEC,SEC,31,17,False,True,Vaught-Hemingway Stadium
401309575,2021,8,regular,2021-10-23 19:30:00,Akron,Buffalo,Mid-American,Mid-American,10,45,False,True,InfoCision Stadium
401328232,2021,8,regular,2021-10-23 19:30:00,William & Mary,Towson,CAA,CAA,40,14,False,True,Zable Stadium
401309879,2021,8,regular,2021-10-23 19:30:00,UCLA,Oregon,Pac-12,Pac-12,31,34,False,True,Rose Bowl
401309878,2021,8,regular,2021-10-23 19:30:00,California,Colorado,Pac-12,Pac-12,26,3,False,True,California Memorial Stadium
401310726,2021,8,regular,2021-10-23 19:30:00,Wyoming,New Mexico,Mountain West,Mountain West,3,14,False,True,War Memorial Stadium
401308838,2021,8,regular,2021-10-23 19:30:00,Ball State,Miami (OH),Mid-American,Mid-American,17,24,False,True,Scheumann Stadium
401301028,2021,8,regular,2021-10-23 20:00:00,Houston,East Carolina,American Athletic,American Athletic,31,24,False,True,TDECU Stadium
401328660,2021,8,regular,2021-10-23 20:00:00,Mississippi Valley State,Florida A&M,SWAC,SWAC,28,31,False,True,Rice-Totten Field
401328044,2021,8,regular,2021-10-23 20:00:00,Eastern Washington,Weber State,Big Sky,Big Sky,34,35,False,True,Roos Field
401328602,2021,8,regular,2021-10-23 20:00:00,Northwestern State,SE Louisiana,Southland,Southland,14,51,False,True,Harry Turpin Stadium
401328113,2021,8,regular,2021-10-23 20:00:00,Campbell,Kennesaw State,Big South,Big South,7,30,False,True,Barker-Lane Stadium
401282664,2021,8,regular,2021-10-23 20:00:00,Louisville,Boston College,ACC,ACC,28,14,False,True,L&N Federal Credit Union Stadium
401329030,2021,8,regular,2021-10-23 20:00:00,CSU Pueblo,Adams State,Rocky Mountain,Rocky Mountain,35,28,False,True,Neta and Eddie DeRose ThunderBowl
401282115,2021,8,regular,2021-10-23 20:00:00,Vanderbilt,Mississippi State,SEC,SEC,6,45,False,True,FirstBank Stadium
401282240,2021,8,regular,2021-10-23 20:00:00,North Texas,Liberty,Conference USA,FBS Independents,26,35,False,False,DATCU Stadium
401341493,2021,8,regular,2021-10-23 20:00:00,Erskine,Allen,Independent DII,SIAC,47,40,False,False,J.W. Babb Stadium
401329647,2021,8,regular,2021-10-23 20:00:00,Newberry,Carson Newman,South Atlantic,South Atlantic,34,3,False,True,Setzler Field
401328315,2021,8,regular,2021-10-23 20:00:00,Harding,Arkansas Monticello,Great American,Great American,64,7,False,True,First Security Stadium
401329472,2021,8,regular,2021-10-23 21:00:00,Missouri Western,Pittsburg State,Mid America,Mid America,14,34,False,True,Craig Field at Spratt Memorial Stadium
401329004,2021,8,regular,2021-10-23 21:00:00,West Alabama,Delta State,Gulf South,Gulf South,30,35,False,True,Tiger Stadium (AL)
401328474,2021,8,regular,2021-10-23 21:00:00,Holy Cross,Colgate,Patriot,Patriot,42,10,False,True,Polar Park
401328575,2021,8,regular,2021-10-23 22:00:00,Mercer,Wofford,Southern,Southern,45,14,False,True,Five Star Stadium at the Moye Complex
401329687,2021,8,regular,2021-10-23 22:00:00,Southwest Minnesota State,Wayne State (NE),Northern Sun,Northern Sun,16,38,False,True,Schwan Regional Event Center
401329014,2021,8,regular,2021-10-23 22:00:00,West Georgia,North Greenville,Gulf South,Gulf South,34,12,False,True,University Stadium (GA)
401282111,2021,8,regular,2021-10-23 23:00:00,Alabama,Tennessee,SEC,SEC,52,24,False,True,Bryant-Denny Stadium
401329157,2021,8,regular,2021-10-23 23:00:00,West Texas,East Texas A&M,Lone Star,Lone Star,3,15,False,True,Buffalo Stadium
401328468,2021,8,regular,2021-10-23 23:00:00,Oklahoma Baptist,Southeastern Oklahoma State,Great American,Great American,43,37,False,True,Crain Family Stadium
401282237,2021,8,regular,2021-10-23 23:00:00,Louisiana Tech,UTSA,Conference USA,Conference USA,16,45,False,True,Joe Aillet Stadium
401330248,2021,8,regular,2021-10-23 23:00:00,UT Permian Basin,Eastern New Mexico,Lone Star,Lone Star,44,21,False,True,Ratliff Stadium
401329098,2021,8,regular,2021-10-23 23:00:00,Angelo State,Simon Fraser,Lone Star,Great Northwest,51,10,False,False,LeGrand Stadium at 1st Community Credit Union Field
401328580,2021,8,regular,2021-10-23 23:00:00,Houston Christian,Nicholls,Southland,Southland,14,44,False,True,Husky Stadium
401310727,2021,8,regular,2021-10-23 23:00:00,Fresno State,Nevada,Mountain West,Mountain West,34,32,False,True,Valley Children's Stadium
401328026,2021,8,regular,2021-10-23 23:00:00,Tarleton State,Midwestern State,Western Athletic,Lone Star,17,14,False,False,"Memorial Stadium (Stephenville, TX)"
401310724,2021,8,regular,2021-10-23 23:00:00,Air Force,San Diego State,Mountain West,Mountain West,14,20,False,True,Falcon Stadium
401282236,2021,8,regular,2021-10-23 23:00:00,Florida International,Western Kentucky,Conference USA,Conference USA,19,34,False,True,FIU Stadium
401301029,2021,8,regular,2021-10-23 23:00:00,South Florida,Temple,American Athletic,American Athletic,34,14,False,True,Raymond James Stadium
401309626,2021,8,regular,2021-10-23 23:00:00,UL Monroe,South Alabama,Sun Belt,Sun Belt,41,31,False,True,Malone Stadium
401328680,2021,8,regular,2021-10-23 23:00:00,Southern,Prairie View A&M,SWAC,SWAC,21,48,False,True,Ace W. Mumford Stadium
401327972,2021,8,regular,2021-10-23 23:00:00,Lamar,Central Arkansas,Western Athletic,AWC,38,49,False,True,Provost Umphrey Stadium
401328052,2021,8,regular,2021-10-23 23:30:00,Idaho,Montana,Big Sky,Big Sky,14,34,False,True,Kibbie Dome
401309880,2021,8,regular,2021-10-23 23:30:00,Oregon State,Utah,Pac-12,Pac-12,42,34,False,True,Reser Stadium
401287927,2021,8,regular,2021-10-23 23:30:00,TCU,West Virginia,Big 12,Big 12,17,29,False,True,Amon G. Carter Stadium
401282667,2021,8,regular,2021-10-23 23:30:00,Virginia,Georgia Tech,ACC,ACC,48,40,False,True,Scott Stadium
401282665,2021,8,regular,2021-10-23 23:30:00,Miami,NC State,ACC,ACC,31,30,False,True,Hard Rock Stadium
401282114,2021,8,regular,2021-10-23 23:30:00,Texas A&M,South Carolina,SEC,SEC,44,14,False,True,Kyle Field
401282709,2021,8,regular,2021-10-23 23:30:00,Notre Dame,USC,FBS Independents,Pac-12,31,16,False,False,Notre Dame Stadium
401282730,2021,8,regular,2021-10-23 23:30:00,Indiana,Ohio State,Big Ten,Big Ten,7,54,False,True,"Memorial Stadium (Bloomington, IN)"
401328033,2021,8,regular,2021-10-24 00:00:00,Cal Poly,UC Davis,Big Sky,Big Sky,13,24,False,True,Alex G. Spanos Stadium
401328629,2021,8,regular,2021-10-24 00:00:00,Texas Southern,Alcorn State,SWAC,SWAC,27,44,False,True,BBVA Compass Stadium
401328082,2021,8,regular,2021-10-24 00:00:00,Southern Utah,Northern Colorado,Big Sky,Big Sky,9,17,False,True,Eccles Coliseum
401327983,2021,8,regular,2021-10-24 01:00:00,Utah Tech,Stephen F. Austin,Western Athletic,Western Athletic,20,37,False,True,Greater Zion Stadium
401328078,2021,8,regular,2021-10-24 01:00:00,Sacramento State,Northern Arizona,Big Sky,Big Sky,44,0,False,True,Hornet Stadium
401329053,2021,8,regular,2021-10-24 01:00:00,Central Washington,Western Oregon,Great Northwest,Great Northwest,53,21,False,True,Tomlinson Stadium
401310728,2021,8,regular,2021-10-24 03:59:00,Hawai'i,New Mexico State,Mountain West,FBS Independents,48,34,False,False,Aloha Stadium
401334778,2021,9,regular,2021-10-28 23:00:00,Charleston (WV),West Virginia Wesleyan,Mountain East,Mountain East,45,6,False,True,University of Charleston Stadium
401301033,2021,9,regular,2021-10-28 23:30:00,East Carolina,South Florida,American Athletic,American Athletic,29,14,False,True,Dowdy-Ficklen Stadium
401309627,2021,9,regular,2021-10-28 23:30:00,Coastal Carolina,Troy,Sun Belt,Sun Belt,35,28,False,True,Brooks Stadium (SC)
401328254,2021,9,regular,2021-10-29 23:00:00,Cornell,Princeton,Ivy,Ivy,16,34,False,True,Schoellkopf Field
401301030,2021,9,regular,2021-10-29 23:30:00,Tulsa,Navy,American Athletic,American Athletic,17,20,False,True,Chapman Stadium
401310734,2021,9,regular,2021-10-30 02:00:00,Nevada,UNLV,Mountain West,Mountain West,51,20,False,True,Mackay Stadium
401282763,2021,9,regular,2021-10-30 16:00:00,Wisconsin,Iowa,Big Ten,Big Ten,27,7,False,True,Camp Randall Stadium
401282674,2021,9,regular,2021-10-30 16:00:00,Pittsburgh,Miami,ACC,ACC,34,38,False,True,Acrisure Stadium
401301032,2021,9,regular,2021-10-30 16:00:00,Tulane,Cincinnati,American Athletic,American Athletic,12,31,False,True,Yulman Stadium
401309631,2021,9,regular,2021-10-30 16:00:00,Louisiana,Texas State,Sun Belt,Sun Belt,45,0,False,True,Cajun Field
401301031,2021,9,regular,2021-10-30 16:00:00,Temple,UCF,American Athletic,American Athletic,7,49,False,True,Lincoln Financial Field
401282777,2021,9,regular,2021-10-30 16:00:00,Michigan State,Michigan,Big Ten,Big Ten,37,33,False,True,Spartan Stadium
401286297,2021,9,regular,2021-10-30 16:00:00,Liberty,Massachusetts,FBS Independents,FBS Independents,62,17,False,False,Williams Stadium (VA)
401282671,2021,9,regular,2021-10-30 16:00:00,Georgia Tech,Virginia Tech,ACC,ACC,17,26,False,True,Bobby Dodd Stadium
401282726,2021,9,regular,2021-10-30 16:00:00,Maryland,Indiana,Big Ten,Big Ten,38,35,False,True,SECU Stadium
401282719,2021,9,regular,2021-10-30 16:00:00,Illinois,Rutgers,Big Ten,Big Ten,14,20,False,True,"Memorial Stadium (Champaign, IL)"
401309578,2021,9,regular,2021-10-30 16:00:00,Buffalo,Bowling Green,Mid-American,Mid-American,44,56,False,True,UB Stadium
401287929,2021,9,regular,2021-10-30 16:00:00,Baylor,Texas,Big 12,Big 12,31,24,False,True,McLane Stadium
401334774,2021,9,regular,2021-10-30 16:00:00,West Liberty,UNC Pembroke,Mountain East,Mountain East,17,27,False,True,West Family Stadium
401328136,2021,9,regular,2021-10-30 16:00:00,Robert Morris,Hampton,Big South,Big South,38,35,False,True,Joe Walton Stadium
401332015,2021,9,regular,2021-10-30 16:00:00,Walsh,Findlay,Great Midwest Athletic,Great Midwest Athletic,0,49,False,True,Tom Benson Hall of Fame Stadium
401347699,2021,9,regular,2021-10-30 16:00:00,Pace,Stonehill,Northeast 10,Northeast 10,8,19,False,True,Pace Stadium
401334766,2021,9,regular,2021-10-30 16:00:00,Wheeling,Concord,Mountain East,Mountain East,15,14,False,True,Bishop Schmitt Field
401328244,2021,9,regular,2021-10-30 16:00:00,Yale,Columbia,Ivy,Ivy,37,30,False,True,Yale Bowl
401328266,2021,9,regular,2021-10-30 16:00:00,Harvard,Dartmouth,Ivy,Ivy,17,20,False,True,Harvard Stadium
401328489,2021,9,regular,2021-10-30 16:00:00,Lehigh,Holy Cross,Patriot,Patriot,12,31,False,True,Goodman Stadium
401329416,2021,9,regular,2021-10-30 16:00:00,Gannon,Slippery Rock,Pennsylvania State Athletic,Pennsylvania State Athletic,21,63,False,True,McConnell Family Stadium
401328730,2021,9,regular,2021-10-30 16:00:00,Davenport,Saginaw Valley State,GLIAC,GLIAC,3,24,False,True,Farmers Insurance Athletic Complex
401329005,2021,9,regular,2021-10-30 16:00:00,North Greenville,West Alabama,Gulf South,Gulf South,14,31,False,True,Younts Stadium
401329438,2021,9,regular,2021-10-30 16:00:00,Notre Dame College,Fairmont State,Mountain East,Mountain East,45,0,False,True,Mueller Field
401329198,2021,9,regular,2021-10-30 16:00:00,Clarion,Mercyhurst,Pennsylvania State Athletic,Pennsylvania State Athletic,20,38,False,True,"Memorial Stadium (Clarion, PA)"
401328482,2021,9,regular,2021-10-30 16:30:00,Georgetown,Lafayette,Patriot,Patriot,23,24,False,True,Cooper Field
401332029,2021,9,regular,2021-10-30 17:00:00,Alderson-Broaddus,Frostburg State,Mountain East,Mountain East,7,45,False,True,Multi-Sport Performance Stadium
401329391,2021,9,regular,2021-10-30 17:00:00,West Virginia State,Glenville State,Mountain East,Mountain East,38,27,False,True,Dickerson Stadium
401328114,2021,9,regular,2021-10-30 17:00:00,Charleston Southern,Campbell,Big South,Big South,27,14,False,True,Buccaneer Field
401328933,2021,9,regular,2021-10-30 17:00:00,Ferris State,Northern Michigan,GLIAC,GLIAC,44,24,False,True,Top Taggart Field
401329137,2021,9,regular,2021-10-30 17:00:00,Central State,Lane College,SIAC,SIAC,14,16,False,True,McPherson Memorial Stadium
401327984,2021,9,regular,2021-10-30 17:00:00,Delaware,Utah Tech,CAA,Western Athletic,17,10,False,False,Delaware Stadium
401327922,2021,9,regular,2021-10-30 17:00:00,Lincoln (PA),Bowie State,CIAA,CIAA,7,31,False,True,Lincoln University Stadium
401348194,2021,9,regular,2021-10-30 17:00:00,Erskine,Newberry,Independent DII,South Atlantic,10,48,False,False,J.W. Babb Stadium
401328106,2021,9,regular,2021-10-30 17:00:00,Johnson C. Smith,St. Augustine's,CIAA,CIAA,34,13,False,True,Irwin Belk Complex
401331761,2021,9,regular,2021-10-30 17:00:00,Catawba,Tusculum,South Atlantic,South Atlantic,31,28,False,True,Shuford Stadium
401329045,2021,9,regular,2021-10-30 17:00:00,Minnesota St Moorhead,Northern State,Northern Sun,Northern Sun,27,33,False,True,Scheels Field at Nemzek Stadium
401328720,2021,9,regular,2021-10-30 17:00:00,Ashland,Hillsdale,Great Midwest Athletic,Great Midwest Athletic,28,17,False,True,Jack Miller Stadium
401328219,2021,9,regular,2021-10-30 17:00:00,Shaw,Winston-Salem State,CIAA,CIAA,38,14,False,True,George Williams Athletic Complex
401329691,2021,9,regular,2021-10-30 17:00:00,Upper Iowa,Wayne State (NE),Northern Sun,Northern Sun,42,41,False,True,Harms-Eischeid Stadium
401328930,2021,9,regular,2021-10-30 17:00:00,New Haven,Assumption,Northeast 10,Northeast 10,16,10,False,True,Ralph F. DellaCamera Stadium
401328711,2021,9,regular,2021-10-30 17:00:00,Truman State,Quincy,Great Lakes,Great Lakes,49,28,False,True,Stokes Stadium
401334784,2021,9,regular,2021-10-30 17:00:00,Bentley,Franklin Pierce,Northeast 10,Northeast 10,24,14,False,True,Bentley University Football Stadium
401330261,2021,9,regular,2021-10-30 17:00:00,Saint Anselm,American International,Northeast 10,Northeast 10,21,16,False,True,Grappone Stadium
401327932,2021,9,regular,2021-10-30 17:00:00,Elizabeth City State,Virginia Union,CIAA,CIAA,14,44,False,True,Roebuck Stadium
401328475,2021,9,regular,2021-10-30 17:00:00,Colgate,Bucknell,Patriot,Patriot,33,10,False,True,Andy Kerr Stadium
401328596,2021,9,regular,2021-10-30 17:00:00,Nicholls,Northwestern State,Southland,Southland,42,21,False,True,Manning Field at John L. Guidry Stadium
401328504,2021,9,regular,2021-10-30 17:00:00,Dayton,Butler,Pioneer,Pioneer,38,31,False,True,Welcome Stadium
401328154,2021,9,regular,2021-10-30 17:00:00,North Carolina A&T,Monmouth,Big South,Big South,16,35,False,True,Aggie Stadium
401328129,2021,9,regular,2021-10-30 17:00:00,Kennesaw State,Gardner-Webb,Big South,Big South,34,30,False,True,Fifth Third Stadium
401337370,2021,9,regular,2021-10-30 17:00:00,Presbyterian,Stetson,Pioneer,Pioneer,14,56,False,True,Bailey Memorial Stadium
401328273,2021,9,regular,2021-10-30 17:00:00,Pennsylvania,Brown,Ivy,Ivy,45,17,False,True,Franklin Field
401332313,2021,9,regular,2021-10-30 17:00:00,Long Island University,Wagner,NEC,NEC,28,14,False,True,Bethpage Federal Credit Union Stadium
401328235,2021,9,regular,2021-10-30 17:00:00,Villanova,William & Mary,CAA,CAA,18,31,False,True,Villanova Stadium
401328201,2021,9,regular,2021-10-30 17:00:00,Rhode Island,Maine,CAA,CAA,24,45,False,True,Meade Stadium
401328208,2021,9,regular,2021-10-30 17:00:00,New Hampshire,Richmond,CAA,CAA,21,35,False,True,Wildcat Stadium
401329329,2021,9,regular,2021-10-30 17:00:00,Merrimack,Central Connecticut,NEC,NEC,21,49,False,True,Duane Stadium
401329369,2021,9,regular,2021-10-30 17:05:00,East Stroudsburg,Shippensburg,Pennsylvania State Athletic,Pennsylvania State Athletic,23,24,False,True,Eiler-Martin Stadium
401328565,2021,9,regular,2021-10-30 17:30:00,VMI,Samford,Southern,Southern,46,45,False,True,Alumni Memorial Field
401328541,2021,9,regular,2021-10-30 17:30:00,Chattanooga,Furman,Southern,Southern,13,3,False,True,Finley Stadium
401328572,2021,9,regular,2021-10-30 17:30:00,Wofford,Western Carolina,Southern,Southern,21,41,False,True,Gibbs Stadium
401328418,2021,9,regular,2021-10-30 18:00:00,Southeast Missouri State,Eastern Illinois,OVC,OVC,38,15,False,True,Houck Field
401328293,2021,9,regular,2021-10-30 18:00:00,Delaware State,Howard,MEAC,MEAC,30,23,False,True,Alumni Stadium
401328072,2021,9,regular,2021-10-30 18:00:00,Montana,Southern Utah,Big Sky,Big Sky,20,19,False,True,Washington-Grizzly Stadium
401328165,2021,9,regular,2021-10-30 18:00:00,Towson,UAlbany,CAA,CAA,38,24,False,True,Johnny Unitas Stadium
401328551,2021,9,regular,2021-10-30 18:00:00,The Citadel,Mercer,Southern,Southern,7,34,False,True,Johnson Hagood Stadium
401328523,2021,9,regular,2021-10-30 18:00:00,Morehead State,Davidson,Pioneer,Pioneer,22,29,False,True,Jayne Stadium
401327973,2021,9,regular,2021-10-30 18:00:00,Jacksonville State,Central Arkansas,AWC,AWC,14,38,False,True,AmFirst Stadium
401282246,2021,9,regular,2021-10-30 18:00:00,Rice,North Texas,Conference USA,Conference USA,24,30,False,True,Rice Stadium
401328302,2021,9,regular,2021-10-30 18:00:00,Norfolk State,Morgan State,MEAC,MEAC,31,20,False,True,"William Dick"""" Price Stadium"""""
401328188,2021,9,regular,2021-10-30 18:00:00,James Madison,Elon,CAA,CAA,45,21,False,True,Bridgeforth Stadium
401328321,2021,9,regular,2021-10-30 18:00:00,North Carolina Central,South Carolina State,MEAC,MEAC,24,27,False,True,O'Kelly-Riddick Stadium
401328382,2021,9,regular,2021-10-30 18:00:00,Youngstown State,South Dakota State,MVFC,MVFC,16,47,False,True,Stambaugh Stadium
401327993,2021,9,regular,2021-10-30 18:00:00,Eastern Kentucky,Lamar,AWC,Western Athletic,42,10,False,True,Roy Kidd Stadium
401328518,2021,9,regular,2021-10-30 18:00:00,St. Thomas (MN),Marist,Pioneer,Pioneer,27,7,False,True,O'Shaughnessy Stadium
401287933,2021,9,regular,2021-10-30 18:00:00,West Virginia,Iowa State,Big 12,Big 12,38,31,False,True,Milan Puskar Stadium
401329311,2021,9,regular,2021-10-30 18:00:00,Colorado School of Mines,Chadron State,Rocky Mountain,Rocky Mountain,34,7,False,True,Marv Kay Stadium at Campbell Field
401329497,2021,9,regular,2021-10-30 18:00:00,Minnesota State,Sioux Falls,Northern Sun,Northern Sun,35,45,False,True,Blakeslee Stadium
401329207,2021,9,regular,2021-10-30 18:00:00,IU Pennsylvania,Edinboro,Pennsylvania State Athletic,Pennsylvania State Athletic,17,21,False,True,George P. Miller Stadium
401329335,2021,9,regular,2021-10-30 18:00:00,Fort Lewis,CSU Pueblo,Rocky Mountain,Rocky Mountain,0,73,False,True,Ray Dennison Memorial Field
401328687,2021,9,regular,2021-10-30 18:00:00,Missouri S&T,Indianapolis,Great Lakes,Great Lakes,31,28,False,True,Allgood-Bailey Stadium
401328952,2021,9,regular,2021-10-30 18:00:00,Fort Valley State,Savannah State,SIAC,SIAC,6,24,False,True,Wildcat Stadium (GA)
401329401,2021,9,regular,2021-10-30 18:00:00,Fort Hays,Emporia State,Mid America,Mid America,12,15,False,True,Lewis Field Stadium
401328089,2021,9,regular,2021-10-30 18:00:00,Fayetteville State,Livingstone,CIAA,CIAA,34,0,False,True,"Luther ""Nick"" Jeralds Stadium"
401329187,2021,9,regular,2021-10-30 18:00:00,Bloomsburg,Shepherd,Pennsylvania State Athletic,Pennsylvania State Athletic,18,62,False,True,Robert B. Redman Stadium
401329065,2021,9,regular,2021-10-30 18:00:00,Augustana (SD),Winona State,Northern Sun,Northern Sun,38,20,False,True,Kirkeby-Over Stadium
401328655,2021,9,regular,2021-10-30 18:00:00,Southwest Baptist,McKendree,Great Lakes,Great Lakes,42,45,False,True,Plaster Sports Complex
401332327,2021,9,regular,2021-10-30 18:00:00,Minot State,Minnesota Duluth,Northern Sun,Northern Sun,21,34,False,True,Herb Parker Stadium
401332381,2021,9,regular,2021-10-30 18:00:00,Tuskegee,Kentucky State,SIAC,SIAC,35,42,False,True,Abbott Memorial Alumni Stadium
401327965,2021,9,regular,2021-10-30 18:00:00,Virginia State,Chowan,CIAA,CIAA,30,38,False,True,Rogers Stadium (VA)
401329502,2021,9,regular,2021-10-30 18:00:00,Washburn,Northeastern State,Mid America,Mid America,35,0,False,True,Yager Stadium at Moore Bowl
401329090,2021,9,regular,2021-10-30 18:00:00,Clark Atlanta,Benedict,SIAC,SIAC,21,24,False,True,CAU Panther Stadium
401329688,2021,9,regular,2021-10-30 18:00:00,Bemidji State,Southwest Minnesota State,Northern Sun,Northern Sun,48,14,False,True,Chet Anderson Stadium
401329382,2021,9,regular,2021-10-30 18:00:00,Pittsburg State,Central Oklahoma,Mid America,Mid America,26,20,False,True,Carnie Smith Stadium
401328613,2021,9,regular,2021-10-30 18:00:00,William Jewell,Lindenwood,Great Lakes,Great Lakes Valley,10,53,False,True,Greene Stadium
401329083,2021,9,regular,2021-10-30 18:00:00,Morehouse,Albany State,SIAC,SIAC,10,14,False,True,B.T. Harvey Stadium
401332388,2021,9,regular,2021-10-30 18:00:00,Barton,Bluefield State,Independent DII,Independent DII,62,7,False,True,Electric Supply Company Field
401329236,2021,9,regular,2021-10-30 18:05:00,Kutztown,Millersville,Pennsylvania State Athletic,Pennsylvania State Athletic,30,7,False,True,Andre Reed Stadium
401329648,2021,9,regular,2021-10-30 19:00:00,Carson Newman,Mars Hill,South Atlantic,South Atlantic,23,49,False,True,Burke-Tarr Stadium
401328401,2021,9,regular,2021-10-30 19:00:00,Henderson State,Southern Nazarene,Great American,Great American,34,3,False,True,Ruggles Field at Carpenter-Haygood Stadium
401329022,2021,9,regular,2021-10-30 19:00:00,Mississippi College,West Florida,Gulf South,Gulf South,28,63,False,True,Robinson-Hale Stadium
401329459,2021,9,regular,2021-10-30 19:00:00,Missouri Southern State,Missouri Western,Mid America,Mid America,28,45,False,True,Fred G. Hughes Stadium
401329130,2021,9,regular,2021-10-30 19:00:00,University of Mary,Concordia St. Paul,Northern Sun,Northern Sun,42,17,False,True,MDU Resources Community Bowl
401329348,2021,9,regular,2021-10-30 19:00:00,Lincoln (MO),Central Missouri,Mid America,Mid America,35,77,False,True,Dwight T. Reed Stadium
401328942,2021,9,regular,2021-10-30 19:00:00,Grand Valley State,Michigan Tech,GLIAC,GLIAC,14,9,False,True,Lubbers Stadium
401329478,2021,9,regular,2021-10-30 19:00:00,Lake Erie,Kentucky Wesleyan,Great Midwest Athletic,Great Midwest Athletic,38,28,False,True,Jack Britt Memorial Stadium
401329031,2021,9,regular,2021-10-30 19:00:00,New Mexico Highlands,Adams State,Rocky Mountain,Rocky Mountain,58,28,False,True,Sanchez Family Stadium
401329489,2021,9,regular,2021-10-30 19:00:00,Northwest Missouri State,Nebraska Kearney,Mid America,Mid America,66,13,False,True,Bearcat Stadium
401328469,2021,9,regular,2021-10-30 19:00:00,Southern Arkansas,Oklahoma Baptist,Great American,Great American,40,44,False,True,Wilkins Stadium
401329302,2021,9,regular,2021-10-30 19:00:00,Black Hills State,South Dakota Mines,Rocky Mountain,Rocky Mountain,10,13,False,True,Lyle Hare Stadium
401328395,2021,9,regular,2021-10-30 19:00:00,Northwestern (OK),Harding,Great American,Great American,14,73,False,True,Ranger Field
401328352,2021,9,regular,2021-10-30 19:00:00,East Central,Ouachita Baptist,Great American,Great American,28,43,False,True,Koi Ishto Stadium
401328316,2021,9,regular,2021-10-30 19:00:00,Southeastern Oklahoma State,Arkansas Monticello,Great American,Great American,34,14,False,True,Paul Laird Field
401328997,2021,9,regular,2021-10-30 19:00:00,Delta State,Shorter,Gulf South,Gulf South,14,13,False,True,Parker Field at McCool Stadium
401329317,2021,9,regular,2021-10-30 19:00:00,Western Colorado,Colorado Mesa,Rocky Mountain,Rocky Mountain,23,9,False,True,Mountaineer Bowl
401328357,2021,9,regular,2021-10-30 19:00:00,Missouri State,North Dakota,MVFC,MVFC,32,28,False,True,Plaster Sports Complex
401310731,2021,9,regular,2021-10-30 19:00:00,Utah State,Hawai'i,Mountain West,Mountain West,51,31,False,True,Maverik Stadium
401332295,2021,9,regular,2021-10-30 19:00:00,Duquesne,Saint Francis,NEC,NEC,10,17,False,True,Arthur J. Rooney Athletic Field
401282119,2021,9,regular,2021-10-30 19:00:00,Vanderbilt,Missouri,SEC,SEC,28,37,False,True,FirstBank Stadium
401328637,2021,9,regular,2021-10-30 19:00:00,Texas Southern,Arkansas-Pine Bluff,SWAC,SWAC,59,17,False,True,BBVA Compass Stadium
401328409,2021,9,regular,2021-10-30 19:00:00,UT Martin,Austin Peay,OVC,OVC,17,16,False,True,Graham Stadium
401328083,2021,9,regular,2021-10-30 19:00:00,Northern Colorado,Sacramento State,Big Sky,Big Sky,24,27,False,True,Nottingham Field
401309885,2021,9,regular,2021-10-30 19:00:00,Arizona State,Washington State,Pac-12,Pac-12,21,34,False,True,Mountain America Stadium
401328063,2021,9,regular,2021-10-30 19:00:00,Idaho State,Weber State,Big Sky,Big Sky,17,40,False,True,Holt Arena
401282801,2021,9,regular,2021-10-30 19:30:00,Nebraska,Purdue,Big Ten,Big Ten,23,28,False,True,"Memorial Stadium (Lincoln, NE)"
401282245,2021,9,regular,2021-10-30 19:30:00,Middle Tennessee,Southern Miss,Conference USA,Conference USA,35,10,False,True,"Johnny ""Red"" Floyd Stadium"
401282244,2021,9,regular,2021-10-30 19:30:00,Old Dominion,Louisiana Tech,Conference USA,Conference USA,23,20,False,True,S.B. Ballard Stadium
401282675,2021,9,regular,2021-10-30 19:30:00,Syracuse,Boston College,ACC,ACC,21,6,False,True,JMA Wireless Dome
401328343,2021,9,regular,2021-10-30 19:30:00,North Dakota State,Indiana State,MVFC,MVFC,44,2,False,True,Fargodome
401309628,2021,9,regular,2021-10-30 19:30:00,App State,UL Monroe,Sun Belt,Sun Belt,59,28,False,True,Kidd Brewer Stadium
401287930,2021,9,regular,2021-10-30 19:30:00,Kansas State,TCU,Big 12,Big 12,31,12,False,True,Bill Snyder Family Stadium
401287931,2021,9,regular,2021-10-30 19:30:00,Oklahoma,Texas Tech,Big 12,Big 12,52,21,False,True,"Memorial Stadium (Norman, OK)"
401309884,2021,9,regular,2021-10-30 19:30:00,Oregon,Colorado,Pac-12,Pac-12,52,29,False,True,Autzen Stadium
401282795,2021,9,regular,2021-10-30 19:30:00,Northwestern,Minnesota,Big Ten,Big Ten,14,41,False,True,Ryan Field
401282670,2021,9,regular,2021-10-30 19:30:00,Clemson,Florida State,ACC,ACC,30,20,False,True,"Memorial Stadium (Clemson, SC)"
401282242,2021,9,regular,2021-10-30 19:30:00,Marshall,Florida International,Conference USA,Conference USA,38,0,False,True,Joan C. Edwards Stadium
401282117,2021,9,regular,2021-10-30 19:30:00,Florida,Georgia,SEC,SEC,7,34,True,True,EverBank Stadium
401328621,2021,9,regular,2021-10-30 19:30:00,Alabama A&M,Alabama State,SWAC,SWAC,42,28,False,True,Legion Field
401328530,2021,9,regular,2021-10-30 20:00:00,San Diego,Valparaiso,Pioneer,Pioneer,21,14,False,True,Torero Stadium
401328333,2021,9,regular,2021-10-30 20:00:00,Western Illinois,Illinois State,MVFC,MVFC,38,31,False,True,Hanson Field
401328661,2021,9,regular,2021-10-30 20:00:00,Florida A&M,Grambling,SWAC,SWAC,26,3,False,True,Bragg Memorial Stadium
401282241,2021,9,regular,2021-10-30 20:00:00,Western Kentucky,Charlotte,Conference USA,Conference USA,45,13,False,True,Houchens Industries-L.T. Smith Stadium
401328053,2021,9,regular,2021-10-30 20:00:00,Idaho,Northern Arizona,Big Sky,Big Sky,31,38,False,True,Kibbie Dome
401282676,2021,9,regular,2021-10-30 20:00:00,Wake Forest,Duke,ACC,ACC,45,7,False,True,Allegacy Federal Credit Union Stadium
401328581,2021,9,regular,2021-10-30 20:00:00,Incarnate Word,Houston Christian,Southland,Southland,49,21,False,True,Gayle and Tom Benson Stadium
401328669,2021,9,regular,2021-10-30 20:00:00,Mississippi Valley State,Jackson State,SWAC,SWAC,19,28,False,True,Rice-Totten Field
401329484,2021,9,regular,2021-10-30 20:00:00,Tiffin,Ohio Dominican,Great Midwest Athletic,Great Midwest Athletic,34,21,False,True,Frost-Kalnow Stadium
401310732,2021,9,regular,2021-10-30 20:00:00,San José State,Wyoming,Mountain West,Mountain West,27,21,False,True,CEFCU Stadium
401329423,2021,9,regular,2021-10-30 20:00:00,Lock Haven,West Chester,Pennsylvania State Athletic,Pennsylvania State Athletic,13,35,False,True,Hubert Jack Stadium
401329355,2021,9,regular,2021-10-30 20:00:00,California (PA),Seton Hill,Pennsylvania State Athletic,Pennsylvania State Athletic,42,14,False,True,Adamson Stadium
401329054,2021,9,regular,2021-10-30 20:00:00,Western Oregon,Simon Fraser,Great Northwest,Great Northwest,42,3,False,True,McArthur Field
401329640,2021,9,regular,2021-10-30 20:00:00,Limestone,UVA Wise,South Atlantic,South Atlantic,24,28,False,True,The Reservation
401328705,2021,9,regular,2021-10-30 21:00:00,Stephen F. Austin,Abilene Christian,Western Athletic,Western Athletic,41,27,False,True,Homer Bryce Stadium
401328034,2021,9,regular,2021-10-30 21:00:00,Portland State,Cal Poly,Big Sky,Big Sky,42,21,False,True,Hillsboro Stadium
401328376,2021,9,regular,2021-10-30 21:00:00,Northern Iowa,Southern Illinois,MVFC,MVFC,23,16,False,True,UNI-Dome
401309629,2021,9,regular,2021-10-30 21:00:00,South Alabama,Arkansas State,Sun Belt,Sun Belt,31,13,False,True,Hancock Whitney Stadium
401329158,2021,9,regular,2021-10-30 21:00:00,East Texas A&M,UT Permian Basin,Lone Star,Lone Star,41,0,False,True,Memorial Stadium (Commerce TX)
401328966,2021,9,regular,2021-10-30 22:00:00,Edward Waters,Miles,SIAC,SIAC,9,16,False,False,Earl Kitchings Stadium
401328976,2021,9,regular,2021-10-30 22:00:00,Wayne State (MI),Northwood,GLIAC,GLIAC,56,21,False,True,Tom Adams Field
401309630,2021,9,regular,2021-10-30 22:00:00,Georgia Southern,Georgia State,Sun Belt,Sun Belt,14,21,False,True,Allen E. Paulson Stadium
401329695,2021,9,regular,2021-10-30 22:00:00,Wingate,Lenoir Rhyne,South Atlantic,South Atlantic,6,31,False,True,Irwin Belk Stadium
401282243,2021,9,regular,2021-10-30 22:00:00,Florida Atlantic,UTEP,Conference USA,Conference USA,28,25,False,True,FAU Stadium
401328423,2021,9,regular,2021-10-30 22:00:00,Tennessee State,Murray State,OVC,OVC,27,21,False,True,Nissan Stadium
401328284,2021,9,regular,2021-10-30 22:30:00,Southwestern Oklahoma State,Arkansas Tech,Great American,Great American,14,15,False,True,Milam Stadium
401301034,2021,9,regular,2021-10-30 23:00:00,Houston,SMU,American Athletic,American Athletic,44,37,False,True,TDECU Stadium
401282116,2021,9,regular,2021-10-30 23:00:00,Auburn,Ole Miss,SEC,SEC,31,20,False,True,Jordan-Hare Stadium
401282118,2021,9,regular,2021-10-30 23:00:00,Mississippi State,Kentucky,SEC,SEC,31,17,False,True,Davis Wade Stadium
401328986,2021,9,regular,2021-10-30 23:00:00,Valdosta State,West Georgia,Gulf South,Gulf South,36,34,False,True,Bazemore-Hyder Stadium
401310730,2021,9,regular,2021-10-30 23:00:00,Colorado State,Boise State,Mountain West,Mountain West,19,28,False,True,Canvas Stadium
401328591,2021,9,regular,2021-10-30 23:00:00,SE Louisiana,McNeese,Southland,Southland,23,20,False,True,Strawberry Stadium
401328013,2021,9,regular,2021-10-30 23:00:00,Tarleton State,Sam Houston,Western Athletic,AWC,27,45,False,True,"Memorial Stadium (Stephenville, TX)"
401309886,2021,9,regular,2021-10-30 23:00:00,USC,Arizona,Pac-12,Pac-12,41,34,False,True,Los Angeles Memorial Coliseum
401328630,2021,9,regular,2021-10-30 23:00:00,Southern,Alcorn State,SWAC,SWAC,38,35,False,True,Ace W. Mumford Stadium
401309882,2021,9,regular,2021-10-30 23:00:00,California,Oregon State,Pac-12,Pac-12,39,25,False,True,California Memorial Stadium
401287932,2021,9,regular,2021-10-30 23:00:00,Oklahoma State,Kansas,Big 12,Big 12,55,3,False,True,Boone Pickens Stadium
401282814,2021,9,regular,2021-10-30 23:30:00,Ohio State,Penn State,Big Ten,Big Ten,33,24,False,True,Ohio Stadium
401282673,2021,9,regular,2021-10-30 23:30:00,Notre Dame,North Carolina,FBS Independents,ACC,44,34,False,True,Notre Dame Stadium
401282672,2021,9,regular,2021-10-30 23:30:00,NC State,Louisville,ACC,ACC,28,13,False,True,Carter-Finley Stadium
401329099,2021,9,regular,2021-10-31 00:00:00,Eastern New Mexico,Angelo State,Lone Star,Lone Star,7,59,False,True,Al Whitehead Field at Greyhound Stadium
401329110,2021,9,regular,2021-10-31 00:00:00,Midwestern State,Western New Mexico,Lone Star,Lone Star,52,10,False,True,"Memorial Stadium (Wichita Falls, TX)"
401329454,2021,9,regular,2021-10-31 00:00:00,Texas A&M-Kingsville,West Texas,Lone Star,Lone Star,23,35,False,True,Javelina Stadium
401332020,2021,9,regular,2021-10-31 01:00:00,Central Washington,Lincoln (CA),Great Northwest,,92,0,False,False,Tomlinson Stadium
401309887,2021,9,regular,2021-10-31 02:00:00,Utah,UCLA,Pac-12,Pac-12,44,24,False,True,Rice-Eccles Stadium
401282669,2021,9,regular,2021-10-31 02:15:00,BYU,Virginia,FBS Independents,ACC,66,49,False,False,LaVell Edwards Stadium
401309883,2021,9,regular,2021-10-31 02:30:00,Stanford,Washington,Pac-12,Pac-12,13,20,False,True,Stanford Stadium
401310733,2021,9,regular,2021-10-31 02:30:00,San Diego State,Fresno State,Mountain West,Mountain West,20,30,False,True,Qualcomm Stadium
401309579,2021,10,regular,2021-11-02 23:00:00,Akron,Ball State,Mid-American,Mid-American,25,31,False,True,InfoCision Stadium
401308839,2021,10,regular,2021-11-02 23:30:00,Ohio,Miami (OH),Mid-American,Mid-American,35,33,False,True,Peden Stadium
401309580,2021,10,regular,2021-11-02 23:30:00,Toledo,Eastern Michigan,Mid-American,Mid-American,49,52,False,True,Glass Bowl
401309581,2021,10,regular,2021-11-03 23:00:00,Western Michigan,Central Michigan,Mid-American,Mid-American,30,42,False,True,Waldo Stadium
401309582,2021,10,regular,2021-11-03 23:00:00,Kent State,Northern Illinois,Mid-American,Mid-American,52,47,False,True,Dix Stadium
401309632,2021,10,regular,2021-11-04 23:30:00,Louisiana,Georgia State,Sun Belt,Sun Belt,21,17,False,True,Cajun Field
401328294,2021,10,regular,2021-11-04 23:30:00,Morgan State,Delaware State,MEAC,MEAC,20,14,False,True,Hughes Stadium
401328267,2021,10,regular,2021-11-05 22:00:00,Dartmouth,Princeton,Ivy,Ivy,31,7,False,True,Memorial Field
401282677,2021,10,regular,2021-11-05 23:30:00,Boston College,Virginia Tech,ACC,ACC,17,3,False,True,"Alumni Stadium (Chestnut Hill, MA)"
401309888,2021,10,regular,2021-11-06 02:30:00,Stanford,Utah,Pac-12,Pac-12,7,52,False,True,Stanford Stadium
401310253,2021,10,regular,2021-11-06 15:30:00,Air Force,Army,Mountain West,FBS Independents,14,21,True,False,Dignity Health Sports Park
401301039,2021,10,regular,2021-11-06 16:00:00,Memphis,SMU,American Athletic,American Athletic,28,25,False,True,Simmons Bank Liberty Stadium
401282250,2021,10,regular,2021-11-06 16:00:00,UAB,Louisiana Tech,Conference USA,Conference USA,52,38,False,True,Protective Stadium
401287935,2021,10,regular,2021-11-06 16:00:00,Kansas,Kansas State,Big 12,Big 12,10,35,False,True,Memorial Stadium
401282720,2021,10,regular,2021-11-06 16:00:00,Minnesota,Illinois,Big Ten,Big Ten,6,14,False,True,Huntington Bank Stadium
401282799,2021,10,regular,2021-11-06 16:00:00,Nebraska,Ohio State,Big Ten,Big Ten,17,26,False,True,"Memorial Stadium (Lincoln, NE)"
401282124,2021,10,regular,2021-11-06 16:00:00,Ole Miss,Liberty,SEC,FBS Independents,27,14,False,False,Vaught-Hemingway Stadium
401282678,2021,10,regular,2021-11-06 16:00:00,Duke,Pittsburgh,ACC,ACC,29,54,False,True,Wallace Wade Stadium
401282122,2021,10,regular,2021-11-06 16:00:00,Georgia,Missouri,SEC,SEC,43,6,False,True,Sanford Stadium
401282682,2021,10,regular,2021-11-06 16:00:00,North Carolina,Wake Forest,ACC,ACC,58,55,False,True,Kenan Stadium
401347700,2021,10,regular,2021-11-06 16:00:00,Pace,Southern Connecticut State,Northeast 10,Northeast 10,18,16,False,True,Pace Stadium
401328721,2021,10,regular,2021-11-06 16:00:00,Findlay,Ashland,Great Midwest Athletic,Great Midwest Athletic,20,17,False,True,Donnell Stadium
401335306,2021,10,regular,2021-11-06 16:00:00,Charleston (WV),Wheeling,Mountain East,Mountain East,38,20,False,True,University of Charleston Stadium
401328631,2021,10,regular,2021-11-06 16:00:00,Bethune-Cookman,Alcorn State,SWAC,SWAC,35,31,False,True,Municipal Stadium
401329199,2021,10,regular,2021-11-06 16:00:00,Edinboro,Clarion,Pennsylvania State Athletic,Pennsylvania State Athletic,17,10,False,True,Sox Harrison Stadium
401328141,2021,10,regular,2021-11-06 16:00:00,Robert Morris,Kennesaw State,Big South,Big South,21,45,False,True,Joe Walton Stadium
401332296,2021,10,regular,2021-11-06 16:00:00,Long Island University,Duquesne,NEC,NEC,28,34,False,True,Bethpage Federal Credit Union Stadium
401329485,2021,10,regular,2021-11-06 16:00:00,Walsh,Tiffin,Great Midwest Athletic,Great Midwest Athletic,16,56,False,True,Tom Benson Hall of Fame Stadium
401329439,2021,10,regular,2021-11-06 16:00:00,UNC Pembroke,Notre Dame College,Mountain East,Mountain East,7,45,False,True,Grace P. Johnson Stadium
401333441,2021,10,regular,2021-11-06 16:00:00,Central Connecticut,Bryant,NEC,NEC,30,15,False,True,Arute Field
401329188,2021,10,regular,2021-11-06 16:00:00,Millersville,Bloomsburg,Pennsylvania State Athletic,Pennsylvania State Athletic,35,38,False,True,Chryst Field at Biemesderfer Stadium
401329330,2021,10,regular,2021-11-06 16:00:00,Wagner,Merrimack,NEC,NEC,26,35,False,True,Wagner College Stadium
401328202,2021,10,regular,2021-11-06 16:00:00,Maine,Stony Brook,CAA,CAA,17,22,False,True,Alfond Stadium
401328519,2021,10,regular,2021-11-06 16:00:00,Marist,Drake,Pioneer,Pioneer,7,0,False,True,Leonidoff Field
401328731,2021,10,regular,2021-11-06 16:00:00,Davenport,Ferris State,GLIAC,GLIAC,14,50,False,True,Farmers Insurance Athletic Complex
401341495,2021,10,regular,2021-11-06 16:00:00,Mercyhurst,Gannon,Pennsylvania State Athletic,Pennsylvania State Athletic,24,13,False,True,Saxon Stadium
401329208,2021,10,regular,2021-11-06 16:00:00,Seton Hill,IU Pennsylvania,Pennsylvania State Athletic,Pennsylvania State Athletic,3,38,False,True,Offutt Field
401329363,2021,10,regular,2021-11-06 16:00:00,Shepherd,East Stroudsburg,Pennsylvania State Athletic,Pennsylvania State Athletic,55,7,False,True,Ram Stadium (WV)
401344145,2021,10,regular,2021-11-06 16:00:00,Brown,Yale,Ivy,Ivy,38,63,False,True,Brown Stadium
401329237,2021,10,regular,2021-11-06 16:00:00,West Chester,Kutztown,Pennsylvania State Athletic,Pennsylvania State Athletic,14,21,False,True,John A. Farrell Stadium
401332303,2021,10,regular,2021-11-06 16:00:00,Saint Francis,Sacred Heart,NEC,NEC,13,14,False,True,DeGol Field
401329479,2021,10,regular,2021-11-06 16:00:00,Ohio Dominican,Lake Erie,Great Midwest Athletic,Great Midwest Athletic,31,0,False,True,Panther Stadium (OH)
401328483,2021,10,regular,2021-11-06 16:30:00,Georgetown,Fordham,Patriot,Patriot,20,41,False,True,Cooper Field
401328490,2021,10,regular,2021-11-06 16:30:00,Holy Cross,Lafayette,Patriot,Patriot,35,10,False,True,Fitton Field
401282681,2021,10,regular,2021-11-06 16:30:00,Miami,Georgia Tech,ACC,ACC,33,30,False,True,Hard Rock Stadium
401329370,2021,10,regular,2021-11-06 17:00:00,Shippensburg,Lock Haven,Pennsylvania State Athletic,Pennsylvania State Athletic,52,14,False,True,Seth Grove Stadium
401330262,2021,10,regular,2021-11-06 17:00:00,Assumption,Saint Anselm,Northeast 10,Northeast 10,44,35,False,True,Multi-Sport Stadium
401329138,2021,10,regular,2021-11-06 17:00:00,Kentucky State,Central State,SIAC,SIAC,63,0,False,True,Alumni Stadium (KY)
401328512,2021,10,regular,2021-11-06 17:00:00,Stetson,Dayton,Pioneer,Pioneer,13,41,False,True,Spec Martin Municipal Stadium
401328998,2021,10,regular,2021-11-06 17:00:00,Shorter,Erskine,Gulf South,Independent DII,38,7,False,False,Barron Stadium
401329046,2021,10,regular,2021-11-06 17:00:00,Concordia St. Paul,Minnesota St Moorhead,Northern Sun,Northern Sun,3,24,False,True,Sea Foam Stadium
401328958,2021,10,regular,2021-11-06 17:00:00,Northwood,Michigan Tech,GLIAC,GLIAC,0,34,False,True,Hantz Stadium
401328592,2021,10,regular,2021-11-06 17:00:00,McNeese,Nicholls,Southland,Southland,14,24,False,True,Cowboy Stadium
401328569,2021,10,regular,2021-11-06 17:00:00,East Tennessee State,VMI,Southern,Southern,27,20,False,True,William B. Greene Jr. Stadium
401329658,2021,10,regular,2021-11-06 17:00:00,Mars Hill,Tusculum,South Atlantic,South Atlantic,20,7,False,True,Meares Stadium
401332323,2021,10,regular,2021-11-06 17:00:00,Davidson,St. Thomas (MN),Pioneer,Pioneer,42,15,False,True,Richardson Stadium
401329417,2021,10,regular,2021-11-06 17:00:00,Slippery Rock,California (PA),Pennsylvania State Athletic,Pennsylvania State Athletic,38,26,False,True,Mihalik-Thompson Stadium
401329641,2021,10,regular,2021-11-06 17:00:00,Catawba,UVA Wise,South Atlantic,South Atlantic,7,30,False,True,Shuford Stadium
401328378,2021,10,regular,2021-11-06 17:00:00,Western Illinois,South Dakota,MVFC,MVFC,21,42,False,True,Hanson Field
401331753,2021,10,regular,2021-11-06 17:00:00,Newberry,Wingate,South Atlantic,South Atlantic,41,35,False,True,Setzler Field
401329649,2021,10,regular,2021-11-06 17:00:00,Carson Newman,Limestone,South Atlantic,South Atlantic,27,21,False,True,Burke-Tarr Stadium
401334785,2021,10,regular,2021-11-06 17:00:00,Stonehill,Franklin Pierce,Northeast 10,Northeast 10,34,7,False,True,W.B. Mason Stadium
401336486,2021,10,regular,2021-11-06 17:00:00,Bucknell,Lehigh,Patriot,Patriot,6,38,False,True,Christy Mathewson-Memorial Stadium
401328943,2021,10,regular,2021-11-06 17:00:00,Wayne State (MI),Grand Valley State,GLIAC,GLIAC,13,62,False,True,Tom Adams Field
401329392,2021,10,regular,2021-11-06 17:00:00,Glenville State,Fairmont State,Mountain East,Mountain East,14,24,False,True,I.L. & Sue Morris Stadium
401328971,2021,10,regular,2021-11-06 17:00:00,Saginaw Valley State,Northern Michigan,GLIAC,GLIAC,33,21,False,True,Harvey Randall Wickes Memorial Stadium
401334779,2021,10,regular,2021-11-06 17:00:00,Frostburg State,West Virginia Wesleyan,Mountain East,Mountain East,55,14,False,True,Bobcat Stadium (MD)
401332017,2021,10,regular,2021-11-06 17:00:00,Hillsdale,Kentucky Wesleyan,Great Midwest Athletic,Great Midwest Athletic,31,12,False,True,"Frank ""Muddy"" Waters Stadium"
401328174,2021,10,regular,2021-11-06 17:00:00,St. Augustine's,Shaw,CIAA,CIAA,21,17,False,True,George Williams Athletic Complex
401328130,2021,10,regular,2021-11-06 17:00:00,Hampton,Gardner-Webb,Big South,Big South,27,21,False,True,Armstrong Stadium
401328365,2021,10,regular,2021-11-06 17:00:00,North Dakota,Youngstown State,MVFC,MVFC,24,21,False,True,Alerus Center
401327960,2021,10,regular,2021-11-06 17:00:00,Chowan,Lincoln (PA),CIAA,CIAA,28,12,False,True,Garrison Stadium
401328255,2021,10,regular,2021-11-06 17:00:00,Pennsylvania,Cornell,Ivy,Ivy,12,15,False,True,Franklin Field
401328180,2021,10,regular,2021-11-06 17:00:00,Delaware,William & Mary,CAA,CAA,24,3,False,True,Delaware Stadium
401328149,2021,10,regular,2021-11-06 17:00:00,Monmouth,North Alabama,Big South,Big South,45,33,False,True,Kessler Stadium
401328245,2021,10,regular,2021-11-06 17:00:00,Columbia,Harvard,Ivy,Ivy,21,49,False,True,Lawrence A. Wien Stadium
401328931,2021,10,regular,2021-11-06 17:00:00,New Haven,Bentley,Northeast 10,Northeast 10,31,14,False,True,Ralph F. DellaCamera Stadium
401328358,2021,10,regular,2021-11-06 17:00:00,Southern Illinois,Missouri State,MVFC,MVFC,28,38,False,True,Saluki Stadium
401327923,2021,10,regular,2021-11-06 17:00:00,Bowie State,Elizabeth City State,CIAA,CIAA,79,6,False,True,Bulldogs Stadium
401327985,2021,10,regular,2021-11-06 17:00:00,Sam Houston,Utah Tech,AWC,Western Athletic,59,10,False,True,Elliott T. Bowers Stadium
401328166,2021,10,regular,2021-11-06 17:00:00,UAlbany,New Hampshire,CAA,CAA,20,7,False,True,Bob Ford Field
401328334,2021,10,regular,2021-11-06 17:00:00,Illinois State,Northern Iowa,MVFC,MVFC,17,10,False,True,Hancock Stadium
401328124,2021,10,regular,2021-11-06 17:00:00,Charleston Southern,North Carolina A&T,Big South,Big South,18,21,False,True,Buccaneer Field
401328542,2021,10,regular,2021-11-06 17:30:00,Wofford,Chattanooga,Southern,Southern,10,35,False,True,Gibbs Stadium
401329091,2021,10,regular,2021-11-06 18:00:00,Benedict,Lane College,SIAC,SIAC,34,30,False,True,Charlie W. Johnson Stadium
401329534,2021,10,regular,2021-11-06 18:00:00,Pittsburg State,Washburn,Mid America,Mid America,26,28,False,True,Carnie Smith Stadium
401329402,2021,10,regular,2021-11-06 18:00:00,Emporia State,Lincoln (MO),Mid America,Mid America,56,21,False,True,Francis G. Welch Stadium
401328090,2021,10,regular,2021-11-06 18:00:00,Fayetteville State,Winston-Salem State,CIAA,CIAA,10,3,False,True,"Luther ""Nick"" Jeralds Stadium"
401329084,2021,10,regular,2021-11-06 18:00:00,Fort Valley State,Albany State,SIAC,SIAC,0,57,False,True,Wildcat Stadium (GA)
401329711,2021,10,regular,2021-11-06 18:00:00,Indianapolis,William Jewell,Great Lakes,Great Lakes,45,14,False,True,Key Stadium
401309633,2021,10,regular,2021-11-06 18:00:00,Arkansas State,App State,Sun Belt,Sun Belt,14,48,False,True,Centennial Bank Stadium
401332030,2021,10,regular,2021-11-06 18:00:00,Alderson-Broaddus,Concord,Mountain East,Mountain East,10,23,False,True,Multi-Sport Performance Stadium
401327966,2021,10,regular,2021-11-06 18:00:00,Virginia Union,Virginia State,CIAA,CIAA,20,13,False,True,Hovey Field
401329075,2021,10,regular,2021-11-06 18:00:00,Northern State,Bemidji State,Northern Sun,Northern Sun,34,36,False,True,Swisher Field
401328496,2021,10,regular,2021-11-06 18:00:00,Ouachita Baptist,Southeastern Oklahoma State,Great American,Great American,21,35,False,True,Cliff Harris Stadium
401328967,2021,10,regular,2021-11-06 18:00:00,Miles,Tuskegee,SIAC,SIAC,52,23,False,True,Albert J. H. Sloan - Alumni Stadium
401329066,2021,10,regular,2021-11-06 18:00:00,Winona State,Upper Iowa,Northern Sun,Northern Sun,40,12,False,True,Altra Federal Credit Union Stadium
401328614,2021,10,regular,2021-11-06 18:00:00,Missouri S&T,Lindenwood,Great Lakes,Great Lakes Valley,16,43,False,True,Allgood-Bailey Stadium
401329373,2021,10,regular,2021-11-06 18:00:00,New Mexico Highlands,South Dakota Mines,Rocky Mountain,Rocky Mountain,17,40,False,True,Sanchez Family Stadium
401329506,2021,10,regular,2021-11-06 18:00:00,Wayne State (NE),Sioux Falls,Northern Sun,Northern Sun,17,38,False,True,"Memorial Stadium (Wayne, NE)"
401329006,2021,10,regular,2021-11-06 18:00:00,West Alabama,West Florida,Gulf South,Gulf South,7,47,False,True,Tiger Stadium (AL)
401328702,2021,10,regular,2021-11-06 18:00:00,Quincy,Southwest Baptist,Great Lakes,Great Lakes,31,47,False,True,QU Stadium
401329349,2021,10,regular,2021-11-06 18:00:00,Missouri Western,Central Missouri,Mid America,Mid America,59,28,False,True,Craig Field at Spratt Memorial Stadium
401328656,2021,10,regular,2021-11-06 18:00:00,McKendree,Truman State,Great Lakes,Great Lakes,13,44,False,True,Leemon Field
401337873,2021,10,regular,2021-11-06 18:00:00,West Liberty,West Virginia State,Mountain East,Mountain East,28,33,False,True,West Family Stadium
401329117,2021,10,regular,2021-11-06 18:00:00,Clark Atlanta,Morehouse,SIAC,SIAC,26,35,False,True,CAU Panther Stadium
401329498,2021,10,regular,2021-11-06 18:00:00,Southwest Minnesota State,Minnesota State,Northern Sun,Northern Sun,0,52,False,True,Schwan Regional Event Center
401328536,2021,10,regular,2021-11-06 18:00:00,Southern Nazarene,Southern Arkansas,Great American,Great American,10,31,False,True,Southern Nazarene University Football Stadium
401329466,2021,10,regular,2021-11-06 18:00:00,Western New Mexico,Central Washington,Lone Star,Great Northwest,29,54,False,False,Ben Altamirano Field
401329410,2021,10,regular,2021-11-06 18:00:00,Northeastern State,Fort Hays,Mid America,Mid America,6,64,False,True,Gable Field at Doc Wadley Stadium
401329055,2021,10,regular,2021-11-06 18:00:00,Chadron State,Western Oregon,Rocky Mountain,Great Northwest,45,7,False,False,Elliott Field at Don Beebe Stadium
401328675,2021,10,regular,2021-11-06 18:00:00,Alabama A&M,Mississippi Valley State,SWAC,SWAC,42,14,False,True,Louis Crews Stadium
401328326,2021,10,regular,2021-11-06 18:00:00,South Carolina State,Howard,MEAC,MEAC,15,12,False,True,Oliver C. Dawson Stadium
401328531,2021,10,regular,2021-11-06 18:00:00,Valparaiso,Presbyterian,Pioneer,Pioneer,65,55,False,True,Brown Field
401328224,2021,10,regular,2021-11-06 18:00:00,Richmond,Towson,CAA,CAA,28,17,False,True,E. Claiborne Robins Stadium
401328558,2021,10,regular,2021-11-06 18:00:00,Western Carolina,Furman,Southern,Southern,43,42,False,True,E. J. Whitmire Stadium
401328073,2021,10,regular,2021-11-06 18:00:00,Northern Colorado,Montana,Big Sky,Big Sky,0,35,False,True,Nottingham Field
401328189,2021,10,regular,2021-11-06 18:00:00,Elon,Villanova,CAA,CAA,0,35,False,True,Rhodes Stadium
401328307,2021,10,regular,2021-11-06 18:00:00,North Carolina Central,Norfolk State,MEAC,MEAC,38,36,False,True,O'Kelly-Riddick Stadium
401328424,2021,10,regular,2021-11-06 18:00:00,Murray State,Tennessee Tech,OVC,OVC,32,27,False,True,Roy Stewart Stadium
401328002,2021,10,regular,2021-11-06 18:00:00,Jacksonville State,Abilene Christian,AWC,Western Athletic,40,25,False,True,AmFirst Stadium
401328670,2021,10,regular,2021-11-06 18:00:00,Jackson State,Texas Southern,SWAC,SWAC,41,21,False,True,Mississippi Veterans Memorial Stadium
401329149,2021,10,regular,2021-11-06 18:05:00,Minnesota Duluth,Augustana (SD),Northern Sun,Northern Sun,41,15,False,True,James S. Malosky Stadium
401329383,2021,10,regular,2021-11-06 19:00:00,Central Oklahoma,Nebraska Kearney,Mid America,Mid America,22,37,False,True,Wantland Stadium
401328987,2021,10,regular,2021-11-06 19:00:00,Valdosta State,North Greenville,Gulf South,Gulf South,31,21,False,True,Bazemore-Hyder Stadium
401328402,2021,10,regular,2021-11-06 19:00:00,Oklahoma Baptist,Henderson State,Great American,Great American,34,36,False,True,Crain Family Stadium
401309889,2021,10,regular,2021-11-06 19:00:00,Arizona,California,Pac-12,Pac-12,10,3,False,True,Arizona Stadium
401329460,2021,10,regular,2021-11-06 19:00:00,Missouri Southern State,Northwest Missouri State,Mid America,Mid America,7,49,False,True,Fred G. Hughes Stadium
401329131,2021,10,regular,2021-11-06 19:00:00,University of Mary,Minot State,Northern Sun,Northern Sun,49,31,False,True,MDU Resources Community Bowl
401301035,2021,10,regular,2021-11-06 19:00:00,East Carolina,Temple,American Athletic,American Athletic,45,3,False,True,Dowdy-Ficklen Stadium
401282252,2021,10,regular,2021-11-06 19:00:00,Southern Miss,North Texas,Conference USA,Conference USA,14,38,False,True,M. M. Roberts Stadium
401328396,2021,10,regular,2021-11-06 19:00:00,Harding,Southwestern Oklahoma State,Great American,Great American,55,7,False,True,First Security Stadium
401329032,2021,10,regular,2021-11-06 19:00:00,Adams State,Fort Lewis,Rocky Mountain,Rocky Mountain,37,14,False,True,Rex Stadium
401329018,2021,10,regular,2021-11-06 19:00:00,Delta State,Mississippi College,Gulf South,Gulf South,24,21,False,True,Parker Field at McCool Stadium
401330255,2021,10,regular,2021-11-06 19:00:00,UT Permian Basin,Texas A&M-Kingsville,Lone Star,Lone Star,22,29,False,True,Ratliff Stadium
401329303,2021,10,regular,2021-11-06 19:00:00,Colorado Mesa,Black Hills State,Rocky Mountain,Rocky Mountain,52,9,False,True,Ralph Stocker Stadium
401328317,2021,10,regular,2021-11-06 19:00:00,Arkansas Monticello,East Central,Great American,Great American,10,35,False,True,Convoy Leslie Cotton Boll Stadium
401309635,2021,10,regular,2021-11-06 19:00:00,Texas State,UL Monroe,Sun Belt,Sun Belt,27,19,False,True,Bobcat Stadium (TX)
401328285,2021,10,regular,2021-11-06 19:00:00,Arkansas Tech,Northwestern (OK),Great American,Great American,56,21,False,True,Thone Stadium at Buerkle Field
401330265,2021,10,regular,2021-11-06 19:00:00,Western Colorado,Lincoln (CA),Rocky Mountain,,72,6,False,False,Mountaineer Bowl
401328638,2021,10,regular,2021-11-06 19:00:00,Arkansas-Pine Bluff,Grambling,SWAC,SWAC,33,26,False,True,Golden Lion Stadium
401328093,2021,10,regular,2021-11-06 19:00:00,Weber State,Portland State,Big Sky,Big Sky,18,30,False,True,Stewart Stadium
401328369,2021,10,regular,2021-11-06 19:00:00,South Dakota State,North Dakota State,MVFC,MVFC,27,19,False,True,Dana J. Dykhouse Stadium
401328552,2021,10,regular,2021-11-06 19:00:00,Samford,The Citadel,Southern,Southern,35,14,False,True,Seibert Stadium
401328604,2021,10,regular,2021-11-06 19:00:00,Incarnate Word,SE Louisiana,Southland,Southland,55,52,False,True,Gayle and Tom Benson Stadium
401328431,2021,10,regular,2021-11-06 19:00:00,UT Martin,Tennessee State,OVC,OVC,41,20,False,True,Graham Stadium
401328410,2021,10,regular,2021-11-06 19:00:00,Austin Peay,Eastern Illinois,OVC,OVC,42,26,False,True,Governors Stadium
401328622,2021,10,regular,2021-11-06 19:00:00,Prairie View A&M,Alabama State,SWAC,SWAC,24,20,False,True,Panther Stadium
401328115,2021,10,regular,2021-11-06 19:30:00,James Madison,Campbell,CAA,Big South,51,14,False,False,Bridgeforth Stadium
401282787,2021,10,regular,2021-11-06 19:30:00,Purdue,Michigan State,Big Ten,Big Ten,40,29,False,True,Ross-Ade Stadium
401310736,2021,10,regular,2021-11-06 19:30:00,Wyoming,Colorado State,Mountain West,Mountain West,31,17,False,True,War Memorial Stadium
401309914,2021,10,regular,2021-11-06 19:30:00,BYU,Idaho State,FBS Independents,Big Sky,59,14,False,False,LaVell Edwards Stadium
401282251,2021,10,regular,2021-11-06 19:30:00,Western Kentucky,Middle Tennessee,Conference USA,Conference USA,48,21,False,True,Houchens Industries-L.T. Smith Stadium
401282768,2021,10,regular,2021-11-06 19:30:00,Maryland,Penn State,Big Ten,Big Ten,14,31,False,True,SECU Stadium
401286303,2021,10,regular,2021-11-06 19:30:00,Massachusetts,Rhode Island,FBS Independents,CAA,22,35,False,False,Warren McGuirk Alumni Stadium
401282710,2021,10,regular,2021-11-06 19:30:00,Notre Dame,Navy,FBS Independents,American Athletic,34,6,False,False,Notre Dame Stadium
401282824,2021,10,regular,2021-11-06 19:30:00,Rutgers,Wisconsin,Big Ten,Big Ten,3,52,False,True,SHI Stadium
401309636,2021,10,regular,2021-11-06 19:30:00,Troy,South Alabama,Sun Belt,Sun Belt,31,24,False,True,Veterans Memorial Stadium (AL)
401287936,2021,10,regular,2021-11-06 19:30:00,TCU,Baylor,Big 12,Big 12,30,28,False,True,Amon G. Carter Stadium
401301037,2021,10,regular,2021-11-06 19:30:00,Cincinnati,Tulsa,American Athletic,American Athletic,28,20,False,True,Nippert Stadium
401282247,2021,10,regular,2021-11-06 19:30:00,Charlotte,Rice,Conference USA,Conference USA,31,24,False,True,Jerry Richardson Stadium
401287937,2021,10,regular,2021-11-06 19:30:00,West Virginia,Oklahoma State,Big 12,Big 12,3,24,False,True,Milan Puskar Stadium
401282126,2021,10,regular,2021-11-06 19:30:00,Texas A&M,Auburn,SEC,SEC,20,3,False,True,Kyle Field
401301036,2021,10,regular,2021-11-06 20:00:00,UCF,Tulane,American Athletic,American Athletic,14,10,False,True,FBC Mortgage Stadium
401282121,2021,10,regular,2021-11-06 20:00:00,Arkansas,Mississippi State,SEC,SEC,31,28,False,True,Razorback Stadium
401310738,2021,10,regular,2021-11-06 20:00:00,New Mexico State,Utah State,FBS Independents,Mountain West,13,35,False,False,Aggie Memorial Stadium
401329324,2021,10,regular,2021-11-06 20:00:00,CSU Pueblo,Colorado School of Mines,Rocky Mountain,Rocky Mountain,12,28,False,True,Neta and Eddie DeRose ThunderBowl
401328582,2021,10,regular,2021-11-06 20:00:00,Northwestern State,Houston Christian,Southland,Southland,28,24,False,True,Harry Turpin Stadium
401282679,2021,10,regular,2021-11-06 20:00:00,Florida State,NC State,ACC,ACC,14,28,False,True,Doak Campbell Stadium
401329696,2021,10,regular,2021-11-06 20:00:00,Barton,Lenoir Rhyne,Independent DII,South Atlantic,20,56,False,False,Electric Supply Company Field
401328524,2021,10,regular,2021-11-06 20:00:00,San Diego,Morehead State,Pioneer,Pioneer,10,3,False,True,Torero Stadium
401328054,2021,10,regular,2021-11-06 20:00:00,Idaho,Southern Utah,Big Sky,Big Sky,42,24,False,True,Kibbie Dome
401328045,2021,10,regular,2021-11-06 20:00:00,Eastern Washington,Montana State,Big Sky,Big Sky,20,23,False,True,Roos Field
401328079,2021,10,regular,2021-11-06 20:00:00,Northern Arizona,UC Davis,Big Sky,Big Sky,24,40,False,True,Walkup Skydome
401328953,2021,10,regular,2021-11-06 21:00:00,Savannah State,Edward Waters,SIAC,SIAC,24,0,False,False,Ted Wright Stadium
401329100,2021,10,regular,2021-11-06 21:00:00,Angelo State,East Texas A&M,Lone Star,Lone Star,30,3,False,True,LeGrand Stadium at 1st Community Credit Union Field
401327974,2021,10,regular,2021-11-06 21:00:00,Central Arkansas,Texas Wesleyan,AWC,,63,3,False,False,Estes Stadium
401327994,2021,10,regular,2021-11-06 21:00:00,Stephen F. Austin,Eastern Kentucky,Western Athletic,AWC,31,17,False,True,Homer Bryce Stadium
401282249,2021,10,regular,2021-11-06 22:00:00,Florida Atlantic,Marshall,Conference USA,Conference USA,13,28,False,True,FAU Stadium
401309634,2021,10,regular,2021-11-06 22:00:00,Georgia Southern,Coastal Carolina,Sun Belt,Sun Belt,8,28,False,True,Allen E. Paulson Stadium
401282120,2021,10,regular,2021-11-06 23:00:00,Alabama,LSU,SEC,SEC,20,14,False,True,Bryant-Denny Stadium
401328009,2021,10,regular,2021-11-06 23:00:00,Tarleton State,Lamar,Western Athletic,Western Athletic,42,21,False,True,"Memorial Stadium (Stephenville, TX)"
401310735,2021,10,regular,2021-11-06 23:00:00,Fresno State,Boise State,Mountain West,Mountain West,14,40,False,True,Valley Children's Stadium
401282757,2021,10,regular,2021-11-06 23:00:00,Northwestern,Iowa,Big Ten,Big Ten,12,17,False,True,Ryan Field
401282123,2021,10,regular,2021-11-06 23:00:00,Kentucky,Tennessee,SEC,SEC,42,45,False,True,Kroger Field
401282248,2021,10,regular,2021-11-06 23:00:00,Florida International,Old Dominion,Conference USA,Conference USA,24,47,False,True,FIU Stadium
401309891,2021,10,regular,2021-11-06 23:00:00,Colorado,Oregon State,Pac-12,Pac-12,37,34,False,True,Folsom Field
401328662,2021,10,regular,2021-11-06 23:00:00,Southern,Florida A&M,SWAC,SWAC,17,29,False,True,Ace W. Mumford Stadium
401310737,2021,10,regular,2021-11-06 23:00:00,New Mexico,UNLV,Mountain West,Mountain West,17,31,False,True,University Stadium (NM)
401329111,2021,10,regular,2021-11-06 23:00:00,West Texas,Midwestern State,Lone Star,Lone Star,15,12,False,True,Buffalo Stadium
401282680,2021,10,regular,2021-11-06 23:30:00,Louisville,Clemson,ACC,ACC,24,30,False,True,L&N Federal Credit Union Stadium
401301038,2021,10,regular,2021-11-06 23:30:00,South Florida,Houston,American Athletic,American Athletic,42,54,False,True,Raymond James Stadium
401309890,2021,10,regular,2021-11-06 23:30:00,Washington,Oregon,Pac-12,Pac-12,16,26,False,True,Husky Stadium
401282727,2021,10,regular,2021-11-06 23:30:00,Michigan,Indiana,Big Ten,Big Ten,29,7,False,True,Michigan Stadium
401287934,2021,10,regular,2021-11-06 23:30:00,Iowa State,Texas,Big 12,Big 12,30,7,False,True,Jack Trice Stadium
401282125,2021,10,regular,2021-11-06 23:30:00,South Carolina,Florida,SEC,SEC,40,17,False,True,Williams-Brice Stadium
401328035,2021,10,regular,2021-11-07 01:00:00,Sacramento State,Cal Poly,Big Sky,Big Sky,41,9,False,True,Hornet Stadium
401310740,2021,10,regular,2021-11-07 02:00:00,Nevada,San José State,Mountain West,Mountain West,27,24,False,True,Mackay Stadium
401282253,2021,10,regular,2021-11-07 02:15:00,UTEP,UTSA,Conference USA,Conference USA,23,44,False,True,Sun Bowl
401309892,2021,10,regular,2021-11-07 02:30:00,Arizona State,USC,Pac-12,Pac-12,31,16,False,True,Mountain America Stadium
401310739,2021,10,regular,2021-11-07 03:00:00,Hawai'i,San Diego State,Mountain West,Mountain West,10,17,False,True,Clarence T.C. Ching Athletics Complex
401309584,2021,11,regular,2021-11-10 00:00:00,Western Michigan,Akron,Mid-American,Mid-American,45,40,False,True,Waldo Stadium
401308840,2021,11,regular,2021-11-10 00:00:00,Miami (OH),Buffalo,Mid-American,Mid-American,45,18,False,True,Yager Stadium
401309583,2021,11,regular,2021-11-10 01:00:00,Eastern Michigan,Ohio,Mid-American,Mid-American,26,34,False,True,Rynearson Stadium
401309587,2021,11,regular,2021-11-11 00:00:00,Northern Illinois,Ball State,Mid-American,Mid-American,30,29,False,True,Huskie Stadium
401309585,2021,11,regular,2021-11-11 00:00:00,Bowling Green,Toledo,Mid-American,Mid-American,17,49,False,True,Doyt L. Perry Stadium
401309586,2021,11,regular,2021-11-11 01:00:00,Central Michigan,Kent State,Mid-American,Mid-American,54,30,False,True,Kelly/Shorts Stadium
401282683,2021,11,regular,2021-11-12 00:30:00,Pittsburgh,North Carolina,ACC,ACC,30,23,False,True,Acrisure Stadium
401301040,2021,11,regular,2021-11-12 23:00:00,South Florida,Cincinnati,American Athletic,American Athletic,28,45,False,True,Raymond James Stadium
401341943,2021,11,regular,2021-11-13 00:00:00,Fairmont State,Wheeling,Mountain East,Mountain East,29,14,False,True,Duvall-Rosier Field
401310742,2021,11,regular,2021-11-13 02:00:00,Boise State,Wyoming,Mountain West,Mountain West,23,13,False,True,Albertsons Stadium
401337826,2021,11,regular,2021-11-13 17:00:00,Dayton,Davidson,Pioneer,Pioneer,38,29,False,True,Welcome Stadium
401328645,2021,11,regular,2021-11-13 17:00:00,Grambling,Bethune-Cookman,SWAC,SWAC,14,31,False,True,Eddie Robinson Stadium
401287938,2021,11,regular,2021-11-13 17:00:00,Baylor,Oklahoma,Big 12,Big 12,27,14,False,True,McLane Stadium
401282127,2021,11,regular,2021-11-13 17:00:00,Alabama,New Mexico State,SEC,FBS Independents,59,3,False,False,Bryant-Denny Stadium
401282129,2021,11,regular,2021-11-13 17:00:00,Florida,Samford,SEC,Southern,70,52,False,False,Ben Hill Griffin Stadium
401332297,2021,11,regular,2021-11-13 17:00:00,Duquesne,Central Connecticut,NEC,NEC,31,27,False,True,Arthur J. Rooney Athletic Field
401286304,2021,11,regular,2021-11-13 17:00:00,Massachusetts,Maine,FBS Independents,CAA,10,35,False,False,Warren McGuirk Alumni Stadium
401310254,2021,11,regular,2021-11-13 17:00:00,Army,Bucknell,FBS Independents,Patriot,63,10,False,False,Michie Stadium
401387494,2021,11,regular,2021-11-13 17:00:00,Shepherd,Clarion,Pennsylvania State Athletic,Pennsylvania State Athletic,55,0,False,True,Ram Stadium (WV)
401282806,2021,11,regular,2021-11-13 17:00:00,Wisconsin,Northwestern,Big Ten,Big Ten,35,7,False,True,Camp Randall Stadium
401282128,2021,11,regular,2021-11-13 17:00:00,Auburn,Mississippi State,SEC,SEC,34,43,False,True,Jordan-Hare Stadium
401282780,2021,11,regular,2021-11-13 17:00:00,Penn State,Michigan,Big Ten,Big Ten,17,21,False,True,Beaver Stadium
401332304,2021,11,regular,2021-11-13 17:00:00,Sacred Heart,Wagner,NEC,NEC,27,0,False,True,Campus Field
401329331,2021,11,regular,2021-11-13 17:00:00,Saint Francis,Merrimack,NEC,NEC,22,6,False,True,DeGol Field
401344443,2021,11,regular,2021-11-13 17:00:00,Bentley,Assumption,Northeast 10,Northeast 10,48,23,False,True,Bentley University Football Stadium
401329209,2021,11,regular,2021-11-13 17:00:00,West Chester,IU Pennsylvania,Pennsylvania State Athletic,Pennsylvania State Athletic,24,31,False,True,John A. Farrell Stadium
401347697,2021,11,regular,2021-11-13 17:00:00,American International,Pace,Northeast 10,Northeast 10,14,7,False,True,Ronald J. Abdow Field
401282684,2021,11,regular,2021-11-13 17:00:00,Clemson,UConn,ACC,FBS Independents,44,7,False,False,"Memorial Stadium (Clemson, SC)"
401328370,2021,11,regular,2021-11-13 17:00:00,Youngstown State,North Dakota State,MVFC,MVFC,17,49,False,True,Stambaugh Stadium
401387493,2021,11,regular,2021-11-13 17:00:00,Kutztown,Slippery Rock,Pennsylvania State Athletic,Pennsylvania State Athletic,38,32,False,True,Andre Reed Stadium
401287939,2021,11,regular,2021-11-13 17:00:00,Kansas State,West Virginia,Big 12,Big 12,34,17,False,True,Bill Snyder Family Stadium
401329440,2021,11,regular,2021-11-13 17:00:00,Notre Dame College,Alderson-Broaddus,Mountain East,Mountain East,72,7,False,True,Mueller Field
401329178,2021,11,regular,2021-11-13 17:00:00,Minot State,Concordia St. Paul,Northern Sun,Northern Sun,28,20,False,True,Herb Parker Stadium
401282728,2021,11,regular,2021-11-13 17:00:00,Indiana,Rutgers,Big Ten,Big Ten,3,38,False,True,"Memorial Stadium (Bloomington, IN)"
401282687,2021,11,regular,2021-11-13 17:00:00,Louisville,Syracuse,ACC,ACC,41,3,False,True,L&N Federal Credit Union Stadium
401328158,2021,11,regular,2021-11-13 17:00:00,Monmouth,Robert Morris,Big South,Big South,44,7,False,True,Kessler Stadium
401329455,2021,11,regular,2021-11-13 17:00:00,West Texas,Bethel Col,Lone Star,,52,9,False,False,Buffalo Stadium
401328274,2021,11,regular,2021-11-13 17:00:00,Harvard,Pennsylvania,Ivy,Ivy,23,7,False,True,Harvard Stadium
401341946,2021,11,regular,2021-11-13 17:00:00,West Virginia State,Charleston (WV),Mountain East,Mountain East,13,38,False,True,Dickerson Stadium
401329486,2021,11,regular,2021-11-13 17:00:00,Findlay,Tiffin,Great Midwest Athletic,Great Midwest Athletic,26,21,False,True,Donnell Stadium
401301043,2021,11,regular,2021-11-13 17:00:00,Temple,Houston,American Athletic,American Athletic,8,37,False,True,Lincoln Financial Field
401301041,2021,11,regular,2021-11-13 17:00:00,SMU,UCF,American Athletic,American Athletic,55,28,False,True,Gerald J. Ford Stadium
401329189,2021,11,regular,2021-11-13 17:00:00,Bloomsburg,California (PA),Pennsylvania State Athletic,Pennsylvania State Athletic,9,24,False,True,Robert B. Redman Stadium
401328505,2021,11,regular,2021-11-13 17:00:00,Butler,Valparaiso,Pioneer,Pioneer,3,47,False,True,Butler Bowl
401301042,2021,11,regular,2021-11-13 17:00:00,Memphis,East Carolina,American Athletic,American Athletic,29,30,False,True,Simmons Bank Liberty Stadium
401328999,2021,11,regular,2021-11-13 17:00:00,North Greenville,Shorter,Gulf South,Gulf South,56,0,False,True,Younts Stadium
401329429,2021,11,regular,2021-11-13 17:00:00,Millersville,Edinboro,Pennsylvania State Athletic,Pennsylvania State Athletic,21,42,False,True,Chryst Field at Biemesderfer Stadium
401328484,2021,11,regular,2021-11-13 17:00:00,Lehigh,Georgetown,Patriot,Patriot,23,9,False,True,Goodman Stadium
401328476,2021,11,regular,2021-11-13 17:30:00,Lafayette,Colgate,Patriot,Patriot,13,20,False,True,Fisher Field
401329019,2021,11,regular,2021-11-13 18:00:00,West Georgia,Delta State,Gulf South,Gulf South,44,7,False,True,University Stadium (GA)
401328491,2021,11,regular,2021-11-13 18:00:00,Fordham,Holy Cross,Patriot,Patriot,24,52,False,True,Jack Coffey Field
401329371,2021,11,regular,2021-11-13 18:00:00,Shippensburg,Mercyhurst,Pennsylvania State Athletic,Pennsylvania State Athletic,17,13,False,True,Seth Grove Stadium
401332318,2021,11,regular,2021-11-13 18:00:00,Drake,St. Thomas (MN),Pioneer,Pioneer,14,21,False,True,Drake Stadium
401329490,2021,11,regular,2021-11-13 18:00:00,Nebraska Kearney,Northeastern State,Mid America,Mid America,56,10,False,True,Ron & Carol Cope Stadium at Foster Field
401328322,2021,11,regular,2021-11-13 18:00:00,Howard,North Carolina Central,MEAC,MEAC,27,45,False,True,William H. Greene Stadium
401328209,2021,11,regular,2021-11-13 18:00:00,Rhode Island,New Hampshire,CAA,CAA,28,3,False,True,Meade Stadium
401328344,2021,11,regular,2021-11-13 18:00:00,Indiana State,Southern Illinois,MVFC,MVFC,21,47,False,True,Memorial Stadium
401328229,2021,11,regular,2021-11-13 18:00:00,Villanova,Stony Brook,CAA,CAA,33,14,False,True,Villanova Stadium
401339817,2021,11,regular,2021-11-13 18:00:00,Bryant,Long Island University,NEC,NEC,52,7,False,True,Bulldog Stadium
401328295,2021,11,regular,2021-11-13 18:00:00,Delaware State,Norfolk State,MEAC,MEAC,28,26,False,True,Alumni Stadium
401329356,2021,11,regular,2021-11-13 18:00:00,Lock Haven,Seton Hill,Pennsylvania State Athletic,Pennsylvania State Athletic,7,59,False,True,Hubert Jack Stadium
401328116,2021,11,regular,2021-11-13 18:00:00,Campbell,Hampton,Big South,Big South,21,28,False,True,Barker-Lane Stadium
401344146,2021,11,regular,2021-11-13 18:00:00,Princeton,Yale,Ivy,Ivy,35,20,False,True,Princeton University Stadium
401347705,2021,11,regular,2021-11-13 18:00:00,Southern Connecticut State,Stonehill,Northeast 10,Northeast 10,6,42,False,True,Jess Dow Field
401328932,2021,11,regular,2021-11-13 18:00:00,Franklin Pierce,New Haven,Northeast 10,Northeast 10,20,34,False,True,Sodexo Field
401341494,2021,11,regular,2021-11-13 18:00:00,Erskine,Kentucky State,Independent DII,SIAC,17,41,False,False,J.W. Babb Stadium
401328525,2021,11,regular,2021-11-13 18:00:00,Morehead State,Stetson,Pioneer,Pioneer,36,35,False,True,Jayne Stadium
401329007,2021,11,regular,2021-11-13 18:00:00,West Alabama,Mississippi College,Gulf South,Gulf South,24,28,False,True,Tiger Stadium (AL)
401329480,2021,11,regular,2021-11-13 18:00:00,Lake Erie,Walsh,Great Midwest Athletic,Great Midwest Athletic,7,24,False,True,Jack Britt Memorial Stadium
401328934,2021,11,regular,2021-11-13 18:00:00,Ferris State,Wayne State (MI),GLIAC,GLIAC,35,13,False,True,Top Taggart Field
401328520,2021,11,regular,2021-11-13 18:00:00,Presbyterian,Marist,Pioneer,Pioneer,32,57,False,True,Bailey Memorial Stadium
401328712,2021,11,regular,2021-11-13 18:00:00,Truman State,Indianapolis,Great Lakes,Great Lakes,10,13,False,True,Stokes Stadium
401328246,2021,11,regular,2021-11-13 18:00:00,Columbia,Brown,Ivy,Ivy,23,17,False,True,Lawrence A. Wien Stadium
401327995,2021,11,regular,2021-11-13 18:00:00,Sam Houston,Eastern Kentucky,AWC,AWC,42,28,False,True,Elliott T. Bowers Stadium
401328167,2021,11,regular,2021-11-13 18:00:00,UAlbany,Morgan State,CAA,MEAC,41,14,False,False,Bob Ford Field
401328722,2021,11,regular,2021-11-13 18:00:00,Kentucky Wesleyan,Ashland,Great Midwest Athletic,Great Midwest Athletic,0,17,False,True,Steele Stadium
401388831,2021,11,regular,2021-11-13 18:00:00,Bowie State,Fayetteville State,CIAA,CIAA,17,7,False,True,Bulldogs Stadium
401328972,2021,11,regular,2021-11-13 18:00:00,Northern Michigan,Northwood,GLIAC,GLIAC,34,26,False,True,Superior Dome
401328959,2021,11,regular,2021-11-13 18:00:00,Michigan Tech,Saginaw Valley State,GLIAC,GLIAC,21,20,False,True,Sherman Field
401329697,2021,11,regular,2021-11-13 18:00:00,Lenoir Rhyne,Catawba,South Atlantic,South Atlantic,56,3,False,True,Helen and Leonard Moretz Stadium
401332018,2021,11,regular,2021-11-13 18:00:00,Hillsdale,Ohio Dominican,Great Midwest Athletic,Great Midwest Athletic,21,17,False,True,"Frank ""Muddy"" Waters Stadium"
401337874,2021,11,regular,2021-11-13 18:00:00,Frostburg State,West Liberty,Mountain East,Mountain East,56,3,False,True,Bobcat Stadium (MD)
401328732,2021,11,regular,2021-11-13 18:00:00,Grand Valley State,Davenport,GLIAC,GLIAC,42,0,False,True,Lubbers Stadium
401334767,2021,11,regular,2021-11-13 18:00:00,Concord,UNC Pembroke,Mountain East,Mountain East,28,25,False,True,Callaghan Stadium
401329393,2021,11,regular,2021-11-13 18:00:00,West Virginia Wesleyan,Glenville State,Mountain East,Mountain East,13,43,False,True,Cebe Ross Field
401329047,2021,11,regular,2021-11-13 18:00:00,Minnesota St Moorhead,Wayne State (NE),Northern Sun,Northern Sun,21,24,False,True,Scheels Field at Nemzek Stadium
401329663,2021,11,regular,2021-11-13 18:05:00,East Stroudsburg,Gannon,Pennsylvania State Athletic,Pennsylvania State Athletic,10,13,False,True,Eiler-Martin Stadium
401328125,2021,11,regular,2021-11-13 18:30:00,Gardner-Webb,Charleston Southern,Big South,Big South,24,32,False,True,Ernest W. Spangler Stadium
401386511,2021,11,regular,2021-11-13 18:30:00,Allen,Edward Waters,SIAC,SIAC,34,51,False,False,W.C. Hawkins Stadium
401329650,2021,11,regular,2021-11-13 18:30:00,Tusculum,Carson Newman,South Atlantic,South Atlantic,48,13,False,True,Pioneer Field (TN)
401328155,2021,11,regular,2021-11-13 18:30:00,South Carolina State,North Carolina A&T,MEAC,Big South,17,27,False,False,Oliver C. Dawson Stadium
401328256,2021,11,regular,2021-11-13 18:30:00,Dartmouth,Cornell,Ivy,Ivy,41,7,False,True,Memorial Field
401328559,2021,11,regular,2021-11-13 19:00:00,Furman,VMI,Southern,Southern,37,31,False,True,Paladin Stadium
401328027,2021,11,regular,2021-11-13 19:00:00,Abilene Christian,Tarleton State,Western Athletic,Western Athletic,29,3,False,True,Wildcat Stadium (TX)
401328623,2021,11,regular,2021-11-13 19:00:00,Mississippi Valley State,Alabama State,SWAC,SWAC,44,31,False,True,Rice-Totten Field
401328573,2021,11,regular,2021-11-13 19:00:00,Western Carolina,East Tennessee State,Southern,Southern,35,56,False,True,E. J. Whitmire Stadium
401328190,2021,11,regular,2021-11-13 19:00:00,Towson,Elon,CAA,CAA,14,37,False,True,Johnny Unitas Stadium
401328181,2021,11,regular,2021-11-13 19:00:00,Richmond,Delaware,CAA,CAA,51,27,False,True,E. Claiborne Robins Stadium
401328553,2021,11,regular,2021-11-13 19:00:00,The Citadel,Wofford,Southern,Southern,45,44,False,True,Johnson Hagood Stadium
401309639,2021,11,regular,2021-11-13 19:00:00,Coastal Carolina,Georgia State,Sun Belt,Sun Belt,40,42,False,True,Brooks Stadium (SC)
401328425,2021,11,regular,2021-11-13 19:00:00,Murray State,Southeast Missouri State,OVC,OVC,28,10,False,True,Roy Stewart Stadium
401328379,2021,11,regular,2021-11-13 19:00:00,South Dakota,South Dakota State,MVFC,MVFC,23,20,False,True,DakotaDome
401282259,2021,11,regular,2021-11-13 19:00:00,Rice,Western Kentucky,Conference USA,Conference USA,21,42,False,True,Rice Stadium
401329112,2021,11,regular,2021-11-13 19:00:00,Midwestern State,UT Permian Basin,Lone Star,Lone Star,36,30,False,True,"Memorial Stadium (Wichita Falls, TX)"
401329150,2021,11,regular,2021-11-13 19:00:00,Augustana (SD),Southwest Minnesota State,Northern Sun,Northern Sun,55,0,False,True,Kirkeby-Over Stadium
401328688,2021,11,regular,2021-11-13 19:00:00,Southwest Baptist,Missouri S&T,Great Lakes,Great Lakes,41,42,False,True,Plaster Sports Complex
401332009,2021,11,regular,2021-11-13 19:00:00,William Jewell,Quincy,Great Lakes,Great Lakes,17,51,False,True,Greene Stadium
401328615,2021,11,regular,2021-11-13 19:00:00,Lindenwood,McKendree,Great Lakes Valley,Great Lakes,45,30,False,True,Hunter Stadium
401329507,2021,11,regular,2021-11-13 19:00:00,Sioux Falls,Upper Iowa,Northern Sun,Northern Sun,42,21,False,True,Bob Young Field
401309896,2021,11,regular,2021-11-13 19:00:00,Arizona,Utah,Pac-12,Pac-12,29,38,False,True,Arizona Stadium
401329318,2021,11,regular,2021-11-13 19:00:00,South Dakota Mines,Colorado Mesa,Rocky Mountain,Rocky Mountain,10,13,False,True,O'Harra Stadium
401329132,2021,11,regular,2021-11-13 19:00:00,Bemidji State,University of Mary,Northern Sun,Northern Sun,62,40,False,True,Chet Anderson Stadium
401328403,2021,11,regular,2021-11-13 19:00:00,Ouachita Baptist,Henderson State,Great American,Great American,31,28,False,True,Cliff Harris Stadium
401329642,2021,11,regular,2021-11-13 19:00:00,UVA Wise,Barton,South Atlantic,Independent DII,24,36,False,False,Carl Smith Stadium
401329033,2021,11,regular,2021-11-13 19:00:00,Colorado School of Mines,Adams State,Rocky Mountain,Rocky Mountain,63,0,False,True,Marv Kay Stadium at Campbell Field
401329067,2021,11,regular,2021-11-13 19:00:00,Winona State,Minnesota State,Northern Sun,Northern Sun,18,16,False,True,Altra Federal Credit Union Stadium
401329461,2021,11,regular,2021-11-13 19:00:00,Washburn,Missouri Southern State,Mid America,Mid America,38,28,False,True,Yager Stadium at Moore Bowl
401329449,2021,11,regular,2021-11-13 19:00:00,Lincoln (MO),Missouri Western,Mid America,Mid America,12,41,False,True,Dwight T. Reed Stadium
401329350,2021,11,regular,2021-11-13 19:00:00,Central Missouri,Central Oklahoma,Mid America,Mid America,30,29,False,True,Audrey J. Walton Stadium at Vernon Kennedy Field
401329411,2021,11,regular,2021-11-13 19:00:00,Fort Hays,Pittsburg State,Mid America,Mid America,24,34,False,True,Lewis Field Stadium
401329076,2021,11,regular,2021-11-13 19:05:00,Minnesota Duluth,Northern State,Northern Sun,Northern Sun,49,35,False,True,James S. Malosky Stadium
401329403,2021,11,regular,2021-11-13 19:30:00,Northwest Missouri State,Emporia State,Mid America,Mid America,35,7,False,True,Bearcat Stadium
401309637,2021,11,regular,2021-11-13 19:30:00,App State,South Alabama,Sun Belt,Sun Belt,31,7,False,True,Kidd Brewer Stadium
401328462,2021,11,regular,2021-11-13 19:30:00,Tennessee Tech,UT Martin,OVC,OVC,3,42,False,True,Tucker Stadium
401328543,2021,11,regular,2021-11-13 20:00:00,Mercer,Chattanooga,Southern,Southern,10,6,False,True,Five Star Stadium at the Moye Complex
401309640,2021,11,regular,2021-11-13 20:00:00,Texas State,Georgia Southern,Sun Belt,Sun Belt,30,38,False,True,Bobcat Stadium (TX)
401328632,2021,11,regular,2021-11-13 20:00:00,Alcorn State,Prairie View A&M,SWAC,SWAC,31,29,False,True,Jack Spinks Stadium
401329336,2021,11,regular,2021-11-13 20:00:00,Western Colorado,CSU Pueblo,Rocky Mountain,Rocky Mountain,14,7,False,True,Mountaineer Bowl
401328074,2021,11,regular,2021-11-13 20:00:00,Northern Arizona,Montana,Big Sky,Big Sky,3,30,False,True,Walkup Skydome
401328142,2021,11,regular,2021-11-13 20:00:00,North Alabama,Kennesaw State,Big South,Big South,24,28,False,True,Braly Municipal Stadium
401328470,2021,11,regular,2021-11-13 20:00:00,Southern Nazarene,Oklahoma Baptist,Great American,Great American,14,42,False,True,Southern Nazarene University Football Stadium
401329659,2021,11,regular,2021-11-13 20:00:00,Wingate,Mars Hill,South Atlantic,South Atlantic,26,19,False,True,Irwin Belk Stadium
401329304,2021,11,regular,2021-11-13 20:00:00,Black Hills State,Chadron State,Rocky Mountain,Rocky Mountain,6,57,False,True,Lyle Hare Stadium
401328335,2021,11,regular,2021-11-13 20:00:00,North Dakota,Illinois State,MVFC,MVFC,14,7,False,True,Alerus Center
401328055,2021,11,regular,2021-11-13 20:00:00,Montana State,Idaho,Big Sky,Big Sky,20,13,False,True,Bobcat Stadium
401328693,2021,11,regular,2021-11-13 20:00:00,Texas Southern,Alabama A&M,SWAC,SWAC,49,52,False,True,BBVA Compass Stadium
401328411,2021,11,regular,2021-11-13 20:00:00,Tennessee State,Austin Peay,OVC,OVC,7,36,False,True,Nissan Stadium
401328583,2021,11,regular,2021-11-13 20:00:00,Houston Christian,McNeese,Southland,Southland,3,44,False,True,Husky Stadium
401328359,2021,11,regular,2021-11-13 20:00:00,Missouri State,Northern Iowa,MVFC,MVFC,34,27,False,True,Plaster Sports Complex
401328639,2021,11,regular,2021-11-13 20:00:00,Arkansas-Pine Bluff,Florida A&M,SWAC,SWAC,7,37,False,True,Golden Lion Stadium
401328353,2021,11,regular,2021-11-13 20:00:00,Southeastern Oklahoma State,East Central,Great American,Great American,28,30,False,True,Paul Laird Field
401328286,2021,11,regular,2021-11-13 20:00:00,Arkansas Tech,Harding,Great American,Great American,0,31,False,True,Thone Stadium at Buerkle Field
401328318,2021,11,regular,2021-11-13 20:00:00,Southern Arkansas,Arkansas Monticello,Great American,Great American,37,73,False,True,Wilkins Stadium
401282255,2021,11,regular,2021-11-13 20:30:00,Middle Tennessee,Florida International,Conference USA,Conference USA,50,10,False,True,"Johnny ""Red"" Floyd Stadium"
401282254,2021,11,regular,2021-11-13 20:30:00,Louisiana Tech,Charlotte,Conference USA,Conference USA,42,32,False,True,Joe Aillet Stadium
401287942,2021,11,regular,2021-11-13 20:30:00,Texas Tech,Iowa State,Big 12,Big 12,41,38,False,True,Jones AT&T Stadium
401282812,2021,11,regular,2021-11-13 20:30:00,Ohio State,Purdue,Big Ten,Big Ten,59,31,False,True,Ohio Stadium
401282133,2021,11,regular,2021-11-13 20:30:00,Tennessee,Georgia,SEC,SEC,17,41,False,True,Neyland Stadium
401282686,2021,11,regular,2021-11-13 20:30:00,Georgia Tech,Boston College,ACC,ACC,30,41,False,True,Bobby Dodd Stadium
401282762,2021,11,regular,2021-11-13 20:30:00,Iowa,Minnesota,Big Ten,Big Ten,27,22,False,True,Kinnick Stadium
401309641,2021,11,regular,2021-11-13 20:30:00,Troy,Louisiana,Sun Belt,Sun Belt,21,35,False,True,Veterans Memorial Stadium (AL)
401282256,2021,11,regular,2021-11-13 20:30:00,Old Dominion,Florida Atlantic,Conference USA,Conference USA,30,16,False,True,S.B. Ballard Stadium
401282257,2021,11,regular,2021-11-13 20:30:00,Marshall,UAB,Conference USA,Conference USA,14,21,False,True,Joan C. Edwards Stadium
401282689,2021,11,regular,2021-11-13 20:30:00,Virginia Tech,Duke,ACC,ACC,48,17,False,True,Lane Stadium
401328197,2021,11,regular,2021-11-13 20:30:00,William & Mary,James Madison,CAA,CAA,22,32,False,True,Zable Stadium
401282685,2021,11,regular,2021-11-13 20:30:00,Florida State,Miami,ACC,ACC,31,28,False,True,Doak Campbell Stadium
401282260,2021,11,regular,2021-11-13 20:30:00,UTSA,Southern Miss,Conference USA,Conference USA,27,17,False,True,Alamodome
401282258,2021,11,regular,2021-11-13 21:00:00,North Texas,UTEP,Conference USA,Conference USA,20,17,False,True,DATCU Stadium
401331757,2021,11,regular,2021-11-13 21:00:00,Limestone,Newberry,South Atlantic,South Atlantic,7,42,False,True,The Reservation
401328098,2021,11,regular,2021-11-13 21:00:00,Southern Utah,Weber State,Big Sky,Big Sky,0,62,False,True,Eccles Coliseum
401328457,2021,11,regular,2021-11-13 21:00:00,Northwestern (OK),Southwestern Oklahoma State,Great American,Great American,31,28,False,True,Ranger Field
401328597,2021,11,regular,2021-11-13 21:00:00,Nicholls,Incarnate Word,Southland,Southland,23,27,False,True,Manning Field at John L. Guidry Stadium
401301044,2021,11,regular,2021-11-13 21:00:00,Tulane,Tulsa,American Athletic,American Athletic,13,20,False,True,Yulman Stadium
401282132,2021,11,regular,2021-11-13 21:00:00,Missouri,South Carolina,SEC,SEC,31,28,False,True,Memorial Stadium
401310745,2021,11,regular,2021-11-13 21:00:00,UNLV,Hawai'i,Mountain West,Mountain West,27,13,False,True,Allegiant Stadium
401282771,2021,11,regular,2021-11-13 21:00:00,Michigan State,Maryland,Big Ten,Big Ten,40,21,False,True,Spartan Stadium
401332021,2021,11,regular,2021-11-13 21:00:00,Central Washington,Simon Fraser,Great Northwest,Great Northwest,70,0,False,True,Tomlinson Stadium
401368010,2021,11,regular,2021-11-13 21:05:00,Western Oregon,Lincoln (CA),Great Northwest,,55,16,False,False,McArthur Field
401327975,2021,11,regular,2021-11-13 22:00:00,Central Arkansas,Stephen F. Austin,AWC,Western Athletic,14,27,False,True,Estes Stadium
401328988,2021,11,regular,2021-11-13 22:00:00,West Florida,Valdosta State,Gulf South,Gulf South,61,42,False,True,Blue Wahoos Stadium
401329159,2021,11,regular,2021-11-13 22:00:00,East Texas A&M,Eastern New Mexico,Lone Star,Lone Star,30,10,False,True,Memorial Stadium (Commerce TX)
401328003,2021,11,regular,2021-11-13 22:00:00,Lamar,Jacksonville State,Western Athletic,AWC,7,38,False,True,Provost Umphrey Stadium
401309638,2021,11,regular,2021-11-13 22:00:00,UL Monroe,Arkansas State,Sun Belt,Sun Belt,24,27,False,True,Malone Stadium
401309894,2021,11,regular,2021-11-13 22:30:00,Oregon State,Stanford,Pac-12,Pac-12,35,14,False,True,Reser Stadium
401309897,2021,11,regular,2021-11-14 00:00:00,Washington,Arizona State,Pac-12,Pac-12,30,35,False,True,Husky Stadium
401282131,2021,11,regular,2021-11-14 00:00:00,Ole Miss,Texas A&M,SEC,SEC,29,19,False,True,Vaught-Hemingway Stadium
401310741,2021,11,regular,2021-11-14 00:00:00,Colorado State,Air Force,Mountain West,Mountain West,21,35,False,True,Canvas Stadium
401310743,2021,11,regular,2021-11-14 00:00:00,Fresno State,New Mexico,Mountain West,Mountain West,34,7,False,True,Valley Children's Stadium
401328600,2021,11,regular,2021-11-14 00:00:00,SE Louisiana,Northwestern State,Southland,Southland,56,28,False,True,Strawberry Stadium
401328671,2021,11,regular,2021-11-14 00:00:00,Southern,Jackson State,SWAC,SWAC,17,21,False,True,Ace W. Mumford Stadium
401282134,2021,11,regular,2021-11-14 00:00:00,Vanderbilt,Kentucky,SEC,SEC,17,34,False,True,FirstBank Stadium
401282690,2021,11,regular,2021-11-14 00:30:00,Wake Forest,NC State,ACC,ACC,45,42,False,True,Allegacy Federal Credit Union Stadium
401282688,2021,11,regular,2021-11-14 00:30:00,Virginia,Notre Dame,ACC,FBS Independents,3,28,False,True,Scott Stadium
401287941,2021,11,regular,2021-11-14 00:30:00,Texas,Kansas,Big 12,Big 12,56,57,False,True,DKR-Texas Memorial Stadium
401282130,2021,11,regular,2021-11-14 00:30:00,LSU,Arkansas,SEC,SEC,13,16,False,True,Tiger Stadium (LA)
401329101,2021,11,regular,2021-11-14 01:00:00,Texas A&M-Kingsville,Angelo State,Lone Star,Lone Star,19,58,False,True,Javelina Stadium
401287940,2021,11,regular,2021-11-14 01:00:00,Oklahoma State,TCU,Big 12,Big 12,63,17,False,True,Boone Pickens Stadium
401328046,2021,11,regular,2021-11-14 01:00:00,UC Davis,Eastern Washington,Big Sky,Big Sky,20,38,False,True,Aggie Stadium
401328036,2021,11,regular,2021-11-14 01:05:00,Cal Poly,Idaho State,Big Sky,Big Sky,32,29,False,True,Alex G. Spanos Stadium
401328094,2021,11,regular,2021-11-14 02:00:00,Sacramento State,Portland State,Big Sky,Big Sky,49,20,False,True,Hornet Stadium
401327986,2021,11,regular,2021-11-14 02:00:00,Utah Tech,Fort Lewis,Western Athletic,Rocky Mountain,62,21,False,False,Greater Zion Stadium
401309898,2021,11,regular,2021-11-14 02:00:00,UCLA,Colorado,Pac-12,Pac-12,44,20,False,True,Rose Bowl
401309895,2021,11,regular,2021-11-14 03:30:00,Oregon,Washington State,Pac-12,Pac-12,38,24,False,True,Autzen Stadium
401310746,2021,11,regular,2021-11-14 03:30:00,San Diego State,Nevada,Mountain West,Mountain West,23,21,False,True,StubHub Center
401310744,2021,11,regular,2021-11-14 03:30:00,San José State,Utah State,Mountain West,Mountain West,17,48,False,True,CEFCU Stadium
401309589,2021,12,regular,2021-11-17 00:00:00,Ohio,Toledo,Mid-American,Mid-American,23,35,False,True,Peden Stadium
401309588,2021,12,regular,2021-11-17 00:30:00,Eastern Michigan,Western Michigan,Mid-American,Mid-American,22,21,False,True,Rynearson Stadium
401308841,2021,12,regular,2021-11-17 01:00:00,Miami (OH),Bowling Green,Mid-American,Mid-American,34,7,False,True,Yager Stadium
401309591,2021,12,regular,2021-11-18 00:00:00,Ball State,Central Michigan,Mid-American,Mid-American,17,37,False,True,Scheumann Stadium
401309590,2021,12,regular,2021-11-18 00:00:00,Buffalo,Northern Illinois,Mid-American,Mid-American,27,33,False,True,UB Stadium
401328598,2021,12,regular,2021-11-19 00:00:00,SE Louisiana,Nicholls,Southland,Southland,42,45,False,True,Strawberry Stadium
401282691,2021,12,regular,2021-11-19 00:30:00,Duke,Louisville,ACC,ACC,22,62,False,True,Wallace Wade Stadium
401282264,2021,12,regular,2021-11-20 01:00:00,Louisiana Tech,Southern Miss,Conference USA,Conference USA,19,35,False,True,Joe Aillet Stadium
401301045,2021,12,regular,2021-11-20 02:00:00,Houston,Memphis,American Athletic,American Athletic,31,13,False,True,TDECU Stadium
401309899,2021,12,regular,2021-11-20 02:00:00,Washington State,Arizona,Pac-12,Pac-12,44,18,False,True,Gesa Field
401310747,2021,12,regular,2021-11-20 02:00:00,Nevada,Air Force,Mountain West,Mountain West,39,41,False,True,Mackay Stadium
401310751,2021,12,regular,2021-11-20 04:30:00,UNLV,San Diego State,Mountain West,Mountain West,20,28,False,True,Allegiant Stadium
401282263,2021,12,regular,2021-11-20 17:00:00,Western Kentucky,Florida Atlantic,Conference USA,Conference USA,52,17,False,True,Houchens Industries-L.T. Smith Stadium
401282137,2021,12,regular,2021-11-20 17:00:00,Kentucky,New Mexico State,SEC,FBS Independents,56,16,False,False,Kroger Field
401282693,2021,12,regular,2021-11-20 17:00:00,Clemson,Wake Forest,ACC,ACC,48,27,False,True,"Memorial Stadium (Clemson, SC)"
401282786,2021,12,regular,2021-11-20 17:00:00,Ohio State,Michigan State,Big Ten,Big Ten,56,7,False,True,Ohio Stadium
401344147,2021,12,regular,2021-11-20 17:00:00,Yale,Harvard,Ivy,Ivy,31,34,False,True,Yale Bowl
401286305,2021,12,regular,2021-11-20 17:00:00,Army,Massachusetts,FBS Independents,FBS Independents,33,17,False,False,Michie Stadium
401282818,2021,12,regular,2021-11-20 17:00:00,Penn State,Rutgers,Big Ten,Big Ten,28,0,False,True,Beaver Stadium
401387856,2021,12,regular,2021-11-20 17:00:00,Notre Dame College,Slippery Rock,Mountain East,Pennsylvania State Athletic,33,25,False,False,Mueller Field
401387854,2021,12,regular,2021-11-20 17:00:00,Shepherd,Findlay,Pennsylvania State Athletic,Great Midwest Athletic,38,31,False,False,Ram Stadium (WV)
401282808,2021,12,regular,2021-11-20 17:00:00,Northwestern,Purdue,Big Ten,Big Ten,14,32,True,True,Wrigley Field
401282692,2021,12,regular,2021-11-20 17:00:00,Boston College,Florida State,ACC,ACC,23,26,False,True,"Alumni Stadium (Chestnut Hill, MA)"
401282136,2021,12,regular,2021-11-20 17:00:00,Georgia,Charleston Southern,SEC,Big South,56,7,False,False,Sanford Stadium
401328477,2021,12,regular,2021-11-20 17:00:00,Colgate,Fordham,Patriot,Patriot,45,31,False,True,Andy Kerr Stadium
401332309,2021,12,regular,2021-11-20 17:00:00,Central Connecticut,Saint Francis,NEC,NEC,24,21,False,True,Arute Field
401309592,2021,12,regular,2021-11-20 17:00:00,Akron,Kent State,Mid-American,Mid-American,0,38,False,True,InfoCision Stadium
401335303,2021,12,regular,2021-11-20 17:00:00,Lehigh,Lafayette,Patriot,Patriot,17,10,False,True,Goodman Stadium
401332305,2021,12,regular,2021-11-20 17:00:00,Long Island University,Sacred Heart,NEC,NEC,14,38,False,True,Bethpage Federal Credit Union Stadium
401328506,2021,12,regular,2021-11-20 17:00:00,Marist,Butler,Pioneer,Pioneer,21,28,False,True,Leonidoff Field
401282140,2021,12,regular,2021-11-20 17:00:00,Mississippi State,Tennessee State,SEC,OVC,55,10,False,False,Davis Wade Stadium
401328303,2021,12,regular,2021-11-20 17:00:00,Morgan State,Georgetown,MEAC,Patriot,28,21,False,False,Hughes Stadium
401287947,2021,12,regular,2021-11-20 17:00:00,West Virginia,Texas,Big 12,Big 12,31,23,False,True,Milan Puskar Stadium
401282144,2021,12,regular,2021-11-20 17:00:00,Texas A&M,Prairie View A&M,SEC,SWAC,52,3,False,False,Kyle Field
401328268,2021,12,regular,2021-11-20 17:00:00,Brown,Dartmouth,Ivy,Ivy,31,52,False,True,Brown Stadium
401287944,2021,12,regular,2021-11-20 17:00:00,Oklahoma,Iowa State,Big 12,Big 12,28,21,False,True,"Memorial Stadium (Norman, OK)"
401328117,2021,12,regular,2021-11-20 17:00:00,Robert Morris,Campbell,Big South,Big South,20,17,False,True,Joe Walton Stadium
401282696,2021,12,regular,2021-11-20 17:00:00,North Carolina,Wofford,ACC,Southern,34,14,False,False,Kenan Stadium
401301048,2021,12,regular,2021-11-20 17:00:00,Tulane,South Florida,American Athletic,American Athletic,45,14,False,True,Yulman Stadium
401332298,2021,12,regular,2021-11-20 17:00:00,Wagner,Duquesne,NEC,NEC,0,44,False,True,Wagner College Stadium
401328570,2021,12,regular,2021-11-20 17:30:00,VMI,Western Carolina,Southern,Southern,24,52,False,True,Alumni Memorial Field
401328247,2021,12,regular,2021-11-20 18:00:00,Cornell,Columbia,Ivy,Ivy,26,34,False,True,Schoellkopf Field
401328182,2021,12,regular,2021-11-20 18:00:00,Delaware,Villanova,CAA,CAA,13,21,False,True,Delaware Stadium
401328137,2021,12,regular,2021-11-20 18:00:00,Hampton,North Alabama,Big South,Big South,27,35,False,True,Armstrong Stadium
401328695,2021,12,regular,2021-11-20 18:00:00,East Tennessee State,Mercer,Southern,Southern,38,35,False,True,William B. Greene Jr. Stadium
401328168,2021,12,regular,2021-11-20 18:00:00,Stony Brook,UAlbany,CAA,CAA,36,14,False,True,Kenneth P. LaValle Stadium
401328131,2021,12,regular,2021-11-20 18:00:00,North Carolina A&T,Gardner-Webb,Big South,Big South,27,35,False,True,Aggie Stadium
401387859,2021,12,regular,2021-11-20 18:00:00,Albany State,West Georgia,SIAC,Gulf South,7,23,False,False,Albany State University Coliseum
401334823,2021,12,regular,2021-11-20 18:00:00,Stetson,San Diego,Pioneer,Pioneer,16,41,False,True,Spec Martin Municipal Stadium
401328336,2021,12,regular,2021-11-20 18:00:00,Illinois State,Indiana State,MVFC,MVFC,10,15,False,True,Hancock Stadium
401332319,2021,12,regular,2021-11-20 18:00:00,Davidson,Drake,Pioneer,Pioneer,45,14,False,True,Richardson Stadium
401387860,2021,12,regular,2021-11-20 18:00:00,Bowie State,Lenoir Rhyne,CIAA,South Atlantic,31,10,False,False,Bulldogs Stadium
401329332,2021,12,regular,2021-11-20 18:00:00,Merrimack,Bryant,NEC,NEC,14,58,False,True,Duane Stadium
401328143,2021,12,regular,2021-11-20 18:00:00,Kennesaw State,Monmouth,Big South,Big South,49,17,False,True,Fifth Third Stadium
401387850,2021,12,regular,2021-11-20 18:00:00,Grand Valley State,Lindenwood,GLIAC,Great Lakes Valley,20,3,False,False,Lubbers Stadium
401328275,2021,12,regular,2021-11-20 18:00:00,Pennsylvania,Princeton,Ivy,Ivy,14,34,False,True,Franklin Field
401387851,2021,12,regular,2021-11-20 18:00:00,Augustana (SD),Bemidji State,Northern Sun,Northern Sun,24,28,False,True,Kirkeby-Over Stadium
401328203,2021,12,regular,2021-11-20 18:00:00,New Hampshire,Maine,CAA,CAA,20,33,False,True,Wildcat Stadium
401328593,2021,12,regular,2021-11-20 18:00:00,McNeese,Northwestern State,Southland,Southland,20,24,False,True,Cowboy Stadium
401387861,2021,12,regular,2021-11-20 18:00:00,West Florida,Newberry,Gulf South,South Atlantic,30,33,False,False,Blue Wahoos Stadium
401387852,2021,12,regular,2021-11-20 18:00:00,New Haven,Bentley,Northeast 10,Northeast 10,38,13,False,True,Ralph F. DellaCamera Stadium
401328419,2021,12,regular,2021-11-20 18:00:00,Eastern Illinois,Murray State,OVC,OVC,13,20,False,True,O'Brien Stadium
401328560,2021,12,regular,2021-11-20 18:00:00,Samford,Furman,Southern,Southern,34,41,False,True,Seibert Stadium
401328492,2021,12,regular,2021-11-20 18:00:00,Bucknell,Holy Cross,Patriot,Patriot,6,45,False,True,Christy Mathewson-Memorial Stadium
401309644,2021,12,regular,2021-11-20 18:00:00,Coastal Carolina,Texas State,Sun Belt,Sun Belt,35,21,False,True,Brooks Stadium (SC)
401341488,2021,12,regular,2021-11-20 18:00:00,Howard,Virginia Lynchburg,MEAC,,56,6,False,False,William H. Greene Stadium
401328386,2021,12,regular,2021-11-20 18:00:00,Southern Illinois,Youngstown State,MVFC,MVFC,18,35,False,True,Saluki Stadium
401328544,2021,12,regular,2021-11-20 18:30:00,Chattanooga,The Citadel,Southern,Southern,21,24,False,True,Finley Stadium
401328014,2021,12,regular,2021-11-20 19:00:00,Abilene Christian,Sam Houston,Western Athletic,AWC,9,35,False,True,Wildcat Stadium (TX)
401329467,2021,12,regular,2021-11-20 19:00:00,Western New Mexico,New Mexico Highlands,Lone Star,Rocky Mountain,28,31,False,False,Ben Altamirano Field
401328377,2021,12,regular,2021-11-20 19:00:00,Northern Iowa,Western Illinois,MVFC,MVFC,41,3,False,True,UNI-Dome
401328296,2021,12,regular,2021-11-20 19:00:00,North Carolina Central,Delaware State,MEAC,MEAC,34,28,False,True,O'Kelly-Riddick Stadium
401328308,2021,12,regular,2021-11-20 19:00:00,Norfolk State,South Carolina State,MEAC,MEAC,21,31,False,True,"William Dick"""" Price Stadium"""""
401328633,2021,12,regular,2021-11-20 19:00:00,Jackson State,Alcorn State,SWAC,SWAC,24,10,False,True,Mississippi Veterans Memorial Stadium
401328640,2021,12,regular,2021-11-20 19:00:00,Alabama A&M,Arkansas-Pine Bluff,SWAC,SWAC,52,24,False,True,Louis Crews Stadium
401332324,2021,12,regular,2021-11-20 19:00:00,St. Thomas (MN),Presbyterian,Pioneer,Pioneer,54,15,False,True,O'Shaughnessy Stadium
401328198,2021,12,regular,2021-11-20 19:00:00,James Madison,Towson,CAA,CAA,56,10,False,True,Bridgeforth Stadium
401328069,2021,12,regular,2021-11-20 19:00:00,Montana,Montana State,Big Sky,Big Sky,29,10,False,True,Washington-Grizzly Stadium
401327996,2021,12,regular,2021-11-20 19:00:00,Eastern Kentucky,Jacksonville State,AWC,AWC,39,31,False,True,Roy Kidd Stadium
401328191,2021,12,regular,2021-11-20 19:00:00,Elon,Rhode Island,CAA,CAA,43,28,False,True,Rhodes Stadium
401332314,2021,12,regular,2021-11-20 19:00:00,Southeast Missouri State,UT Martin,OVC,OVC,31,14,False,True,Houck Field
401328526,2021,12,regular,2021-11-20 19:00:00,Valparaiso,Morehead State,Pioneer,Pioneer,38,51,False,True,Brown Field
401387853,2021,12,regular,2021-11-20 19:00:00,Harding,Washburn,Great American,Mid America,30,14,False,False,First Security Stadium
401282721,2021,12,regular,2021-11-20 19:00:00,Iowa,Illinois,Big Ten,Big Ten,33,23,False,True,Kinnick Stadium
401309643,2021,12,regular,2021-11-20 19:00:00,Georgia State,Arkansas State,Sun Belt,Sun Belt,28,20,False,True,Center Parc Stadium
401387857,2021,12,regular,2021-11-20 19:00:00,Northwest Missouri State,Central Washington,Mid America,Great Northwest,50,21,False,False,Bearcat Stadium
401387855,2021,12,regular,2021-11-20 19:00:00,Angelo State,Minnesota Duluth,Lone Star,Northern Sun,48,14,False,False,LeGrand Stadium at 1st Community Credit Union Field
401282697,2021,12,regular,2021-11-20 19:30:00,Notre Dame,Georgia Tech,FBS Independents,ACC,55,0,False,True,Notre Dame Stadium
401328584,2021,12,regular,2021-11-20 20:00:00,Houston Christian,Incarnate Word,Southland,Southland,14,55,False,True,Husky Stadium
401328056,2021,12,regular,2021-11-20 20:00:00,Idaho State,Idaho,Big Sky,Big Sky,0,14,False,True,Holt Arena
401328366,2021,12,regular,2021-11-20 20:00:00,South Dakota State,North Dakota,MVFC,MVFC,24,21,False,True,Dana J. Dykhouse Stadium
401328412,2021,12,regular,2021-11-20 20:00:00,Austin Peay,Tennessee Tech,OVC,OVC,48,20,False,True,Governors Stadium
401309903,2021,12,regular,2021-11-20 20:00:00,Colorado,Washington,Pac-12,Pac-12,20,17,False,True,Folsom Field
401328624,2021,12,regular,2021-11-20 20:00:00,Alabama State,Texas Southern,SWAC,SWAC,24,21,False,True,Hornet Stadium
401328084,2021,12,regular,2021-11-20 20:00:00,Weber State,Northern Colorado,Big Sky,Big Sky,48,17,False,True,Stewart Stadium
401387858,2021,12,regular,2021-11-20 20:00:00,Western Colorado,Nebraska Kearney,Rocky Mountain,Mid America,24,31,False,False,Mountaineer Bowl
401328646,2021,12,regular,2021-11-20 20:30:00,Florida A&M,Bethune-Cookman,SWAC,SWAC,46,21,False,True,Camping World Stadium
401282732,2021,12,regular,2021-11-20 20:30:00,Indiana,Minnesota,Big Ten,Big Ten,14,35,False,True,"Memorial Stadium (Bloomington, IN)"
401301046,2021,12,regular,2021-11-20 20:30:00,Cincinnati,SMU,American Athletic,American Athletic,48,14,False,True,Nippert Stadium
401301047,2021,12,regular,2021-11-20 20:30:00,Navy,East Carolina,American Athletic,American Athletic,35,38,False,True,Navy-Marine Corps Memorial Stadium
401309642,2021,12,regular,2021-11-20 20:30:00,Troy,App State,Sun Belt,Sun Belt,7,45,False,True,Veterans Memorial Stadium (AL)
401282698,2021,12,regular,2021-11-20 20:30:00,Pittsburgh,Virginia,ACC,ACC,48,38,False,True,Acrisure Stadium
401328225,2021,12,regular,2021-11-20 20:30:00,William & Mary,Richmond,CAA,CAA,17,20,False,True,Zable Stadium
401328371,2021,12,regular,2021-11-20 20:30:00,North Dakota State,South Dakota,MVFC,MVFC,52,24,False,True,Fargodome
401282261,2021,12,regular,2021-11-20 20:30:00,Charlotte,Marshall,Conference USA,Conference USA,28,49,False,True,Jerry Richardson Stadium
401282267,2021,12,regular,2021-11-20 20:30:00,UTSA,UAB,Conference USA,Conference USA,34,31,False,True,Alamodome
401282770,2021,12,regular,2021-11-20 20:30:00,Maryland,Michigan,Big Ten,Big Ten,18,59,False,True,SECU Stadium
401282265,2021,12,regular,2021-11-20 20:30:00,Middle Tennessee,Old Dominion,Conference USA,Conference USA,17,24,False,True,"Johnny ""Red"" Floyd Stadium"
401282803,2021,12,regular,2021-11-20 20:30:00,Wisconsin,Nebraska,Big Ten,Big Ten,35,28,False,True,Camp Randall Stadium
401282135,2021,12,regular,2021-11-20 20:30:00,Alabama,Arkansas,SEC,SEC,42,35,False,True,Bryant-Denny Stadium
401282695,2021,12,regular,2021-11-20 21:00:00,NC State,Syracuse,ACC,ACC,41,17,False,True,Carter-Finley Stadium
401286298,2021,12,regular,2021-11-20 21:00:00,Liberty,Louisiana,FBS Independents,Sun Belt,14,42,False,False,Williams Stadium (VA)
401282141,2021,12,regular,2021-11-20 21:00:00,Missouri,Florida,SEC,SEC,24,23,False,True,Memorial Stadium
401328097,2021,12,regular,2021-11-20 21:00:00,UC Davis,Sacramento State,Big Sky,Big Sky,7,27,False,True,Aggie Stadium
401282266,2021,12,regular,2021-11-20 21:00:00,UTEP,Rice,Conference USA,Conference USA,38,28,False,True,Sun Bowl
401286293,2021,12,regular,2021-11-20 21:00:00,UCF,UConn,American Athletic,FBS Independents,49,17,False,False,FBC Mortgage Stadium
401309904,2021,12,regular,2021-11-20 21:00:00,USC,UCLA,Pac-12,Pac-12,33,62,False,True,Los Angeles Memorial Coliseum
401301049,2021,12,regular,2021-11-20 21:00:00,Tulsa,Temple,American Athletic,American Athletic,44,10,False,True,Chapman Stadium
401287945,2021,12,regular,2021-11-20 21:00:00,TCU,Kansas,Big 12,Big 12,31,28,False,True,Amon G. Carter Stadium
401309645,2021,12,regular,2021-11-20 21:00:00,Georgia Southern,BYU,Sun Belt,FBS Independents,17,34,False,False,Allen E. Paulson Stadium
401328010,2021,12,regular,2021-11-20 22:00:00,Lamar,Stephen F. Austin,Western Athletic,Western Athletic,6,42,False,True,Provost Umphrey Stadium
401328047,2021,12,regular,2021-11-20 22:05:00,Portland State,Eastern Washington,Big Sky,Big Sky,28,42,False,True,Hillsboro Stadium
401287943,2021,12,regular,2021-11-20 22:30:00,Kansas State,Baylor,Big 12,Big 12,10,20,False,True,Bill Snyder Family Stadium
401282262,2021,12,regular,2021-11-21 00:00:00,Florida International,North Texas,Conference USA,Conference USA,7,49,False,True,FIU Stadium
401282142,2021,12,regular,2021-11-21 00:00:00,South Carolina,Auburn,SEC,SEC,21,17,False,True,Williams-Brice Stadium
401327976,2021,12,regular,2021-11-21 00:00:00,Tarleton State,Central Arkansas,Western Athletic,AWC,24,3,False,True,"Memorial Stadium (Stephenville, TX)"
401309900,2021,12,regular,2021-11-21 00:00:00,Stanford,California,Pac-12,Pac-12,11,41,False,True,Stanford Stadium
401282143,2021,12,regular,2021-11-21 00:30:00,Tennessee,South Alabama,SEC,Sun Belt,60,14,False,False,Neyland Stadium
401309901,2021,12,regular,2021-11-21 00:30:00,Utah,Oregon,Pac-12,Pac-12,38,7,False,True,Rice-Eccles Stadium
401282694,2021,12,regular,2021-11-21 00:30:00,Miami,Virginia Tech,ACC,ACC,38,26,False,True,Hard Rock Stadium
401282139,2021,12,regular,2021-11-21 00:30:00,Ole Miss,Vanderbilt,SEC,SEC,31,17,False,True,Vaught-Hemingway Stadium
401310750,2021,12,regular,2021-11-21 01:00:00,Utah State,Wyoming,Mountain West,Mountain West,17,44,False,True,Maverik Stadium
401287946,2021,12,regular,2021-11-21 01:00:00,Texas Tech,Oklahoma State,Big 12,Big 12,0,23,False,True,Jones AT&T Stadium
401328037,2021,12,regular,2021-11-21 01:05:00,Cal Poly,Northern Arizona,Big Sky,Big Sky,21,45,False,True,Alex G. Spanos Stadium
401310748,2021,12,regular,2021-11-21 02:00:00,Boise State,New Mexico,Mountain West,Mountain West,37,0,False,True,Albertsons Stadium
401282138,2021,12,regular,2021-11-21 02:00:00,LSU,UL Monroe,SEC,Sun Belt,27,14,False,False,Tiger Stadium (LA)
401327987,2021,12,regular,2021-11-21 02:00:00,Utah Tech,Missouri State,Western Athletic,MVFC,24,55,False,False,Greater Zion Stadium
401309902,2021,12,regular,2021-11-21 03:30:00,Oregon State,Arizona State,Pac-12,Pac-12,24,10,False,True,Reser Stadium
401310749,2021,12,regular,2021-11-21 04:00:00,Hawai'i,Colorado State,Mountain West,Mountain West,50,45,False,True,Clarence T.C. Ching Athletics Complex
401309593,2021,13,regular,2021-11-24 00:00:00,Ball State,Buffalo,Mid-American,Mid-American,20,3,False,True,Scheumann Stadium
401309594,2021,13,regular,2021-11-24 00:00:00,Northern Illinois,Western Michigan,Mid-American,Mid-American,21,42,False,True,Huskie Stadium
401328625,2021,13,regular,2021-11-25 20:00:00,Alabama State,Tuskegee,SWAC,SIAC,43,9,False,False,Hornet Stadium
401310757,2021,13,regular,2021-11-25 20:30:00,San José State,Fresno State,Mountain West,Mountain West,9,40,False,True,CEFCU Stadium
401282151,2021,13,regular,2021-11-26 00:30:00,Mississippi State,Ole Miss,SEC,SEC,21,31,False,True,Davis Wade Stadium
401310753,2021,13,regular,2021-11-26 17:00:00,San Diego State,Boise State,Mountain West,Mountain West,27,16,False,True,StubHub Center
401309595,2021,13,regular,2021-11-26 17:00:00,Central Michigan,Eastern Michigan,Mid-American,Mid-American,31,10,False,True,Kelly/Shorts Stadium
401309596,2021,13,regular,2021-11-26 17:00:00,Bowling Green,Ohio,Mid-American,Mid-American,21,10,False,True,Doyt L. Perry Stadium
401287952,2021,13,regular,2021-11-26 17:00:00,Texas,Kansas State,Big 12,Big 12,22,17,False,True,DKR-Texas Memorial Stadium
401310755,2021,13,regular,2021-11-26 18:00:00,New Mexico,Utah State,Mountain West,Mountain West,10,35,False,True,University Stadium (NM)
401282761,2021,13,regular,2021-11-26 18:30:00,Nebraska,Iowa,Big Ten,Big Ten,21,28,False,True,"Memorial Stadium (Lincoln, NE)"
401282274,2021,13,regular,2021-11-26 19:00:00,UAB,UTEP,Conference USA,Conference USA,42,25,False,True,Protective Stadium
401309648,2021,13,regular,2021-11-26 20:30:00,South Alabama,Coastal Carolina,Sun Belt,Sun Belt,21,27,False,True,Hancock Whitney Stadium
401301051,2021,13,regular,2021-11-26 20:30:00,East Carolina,Cincinnati,American Athletic,American Athletic,13,35,False,True,Dowdy-Ficklen Stadium
401282145,2021,13,regular,2021-11-26 20:30:00,Arkansas,Missouri,SEC,SEC,34,17,False,True,War Memorial Stadium (AR)
401310752,2021,13,regular,2021-11-26 20:30:00,Air Force,UNLV,Mountain West,Mountain West,48,14,False,True,Falcon Stadium
401301050,2021,13,regular,2021-11-26 20:30:00,UCF,South Florida,American Athletic,American Athletic,17,13,False,True,FBC Mortgage Stadium
401309906,2021,13,regular,2021-11-26 21:00:00,Utah,Colorado,Pac-12,Pac-12,28,13,False,True,Rice-Eccles Stadium
401287949,2021,13,regular,2021-11-26 21:30:00,Iowa State,TCU,Big 12,Big 12,48,14,False,True,Jack Trice Stadium
401282699,2021,13,regular,2021-11-27 00:00:00,NC State,North Carolina,ACC,ACC,34,30,False,True,Carter-Finley Stadium
401309905,2021,13,regular,2021-11-27 01:00:00,Washington,Washington State,Pac-12,Pac-12,13,40,False,True,Husky Stadium
401301052,2021,13,regular,2021-11-27 17:00:00,UConn,Houston,FBS Independents,American Athletic,17,45,False,False,Pratt & Whitney Stadium
401282700,2021,13,regular,2021-11-27 17:00:00,Boston College,Wake Forest,ACC,ACC,10,41,False,True,"Alumni Stadium (Chestnut Hill, MA)"
401309597,2021,13,regular,2021-11-27 17:00:00,Toledo,Akron,Mid-American,Mid-American,49,14,False,True,Glass Bowl
401282766,2021,13,regular,2021-11-27 17:00:00,Rutgers,Maryland,Big Ten,Big Ten,16,40,False,True,SHI Stadium
401287948,2021,13,regular,2021-11-27 17:00:00,Baylor,Texas Tech,Big 12,Big 12,27,24,False,True,McLane Stadium
401282781,2021,13,regular,2021-11-27 17:00:00,Michigan,Ohio State,Big Ten,Big Ten,42,27,False,True,Michigan Stadium
401308842,2021,13,regular,2021-11-27 17:00:00,Kent State,Miami (OH),Mid-American,Mid-American,48,47,False,True,Dix Stadium
401286299,2021,13,regular,2021-11-27 17:00:00,Liberty,Army,FBS Independents,FBS Independents,16,31,False,False,Williams Stadium (VA)
401301054,2021,13,regular,2021-11-27 17:00:00,Temple,Navy,American Athletic,American Athletic,14,38,False,True,Lincoln Financial Field
401282148,2021,13,regular,2021-11-27 17:00:00,Georgia Tech,Georgia,ACC,SEC,0,45,False,False,Bobby Dodd Stadium
401389032,2021,13,regular,2021-11-27 17:00:00,Holy Cross,Sacred Heart,Patriot,NEC,13,10,False,False,Fitton Field
401282147,2021,13,regular,2021-11-27 17:00:00,Florida,Florida State,SEC,ACC,24,21,False,False,Ben Hill Griffin Stadium
401282701,2021,13,regular,2021-11-27 17:30:00,Duke,Miami,ACC,ACC,10,47,False,True,Wallace Wade Stadium
401282271,2021,13,regular,2021-11-27 18:00:00,Rice,Louisiana Tech,Conference USA,Conference USA,35,31,False,True,Rice Stadium
401388893,2021,13,regular,2021-11-27 18:00:00,Bowie State,Newberry,CIAA,South Atlantic,13,10,False,False,Bulldogs Stadium
401388892,2021,13,regular,2021-11-27 18:00:00,Shepherd,Notre Dame College,Pennsylvania State Athletic,Mountain East,38,34,False,False,Ram Stadium (WV)
401388894,2021,13,regular,2021-11-27 18:00:00,Ferris State,Grand Valley State,GLIAC,GLIAC,54,20,False,True,Top Taggart Field
401388891,2021,13,regular,2021-11-27 18:00:00,Valdosta State,West Georgia,Gulf South,Gulf South,66,35,False,True,Bazemore-Hyder Stadium
401388890,2021,13,regular,2021-11-27 18:00:00,Kutztown,New Haven,Pennsylvania State Athletic,Northeast 10,10,7,False,False,Andre Reed Stadium
401388897,2021,13,regular,2021-11-27 19:00:00,Angelo State,Nebraska Kearney,Lone Star,Mid America,20,7,False,False,LeGrand Stadium at 1st Community Credit Union Field
401388896,2021,13,regular,2021-11-27 19:00:00,Harding,Northwest Missouri State,Great American,Mid America,9,28,False,False,First Security Stadium
401389036,2021,13,regular,2021-11-27 19:00:00,Kennesaw State,Davidson,Big South,Pioneer,48,21,False,False,Fifth Third Stadium
401309647,2021,13,regular,2021-11-27 19:00:00,Arkansas State,Texas State,Sun Belt,Sun Belt,22,24,False,True,Centennial Bank Stadium
401282273,2021,13,regular,2021-11-27 19:00:00,North Texas,UTSA,Conference USA,Conference USA,45,23,False,True,DATCU Stadium
401282268,2021,13,regular,2021-11-27 19:00:00,Old Dominion,Charlotte,Conference USA,Conference USA,56,34,False,True,S.B. Ballard Stadium
401309649,2021,13,regular,2021-11-27 19:00:00,Georgia State,Troy,Sun Belt,Sun Belt,37,10,False,True,Center Parc Stadium
401309646,2021,13,regular,2021-11-27 19:30:00,App State,Georgia Southern,Sun Belt,Sun Belt,27,3,False,True,Kidd Brewer Stadium
401310756,2021,13,regular,2021-11-27 20:00:00,Wyoming,Hawai'i,Mountain West,Mountain West,14,38,False,True,War Memorial Stadium
401286306,2021,13,regular,2021-11-27 20:00:00,New Mexico State,Massachusetts,FBS Independents,FBS Independents,44,27,False,False,Aggie Memorial Stadium
401388895,2021,13,regular,2021-11-27 20:00:00,Colorado School of Mines,Bemidji State,Rocky Mountain,Northern Sun,55,6,False,False,Marv Kay Stadium at Campbell Field
401389033,2021,13,regular,2021-11-27 20:00:00,South Dakota State,UC Davis,MVFC,Big Sky,56,24,False,False,Dana J. Dykhouse Stadium
401389030,2021,13,regular,2021-11-27 20:00:00,Incarnate Word,Stephen F. Austin,Southland,Western Athletic,35,28,False,False,Gayle and Tom Benson Stadium
401282269,2021,13,regular,2021-11-27 20:00:00,Southern Miss,Florida International,Conference USA,Conference USA,37,17,False,True,M. M. Roberts Stadium
401328676,2021,13,regular,2021-11-27 20:00:00,Prairie View A&M,Mississippi Valley State,SWAC,SWAC,19,24,False,True,Panther Stadium
401282785,2021,13,regular,2021-11-27 20:30:00,Michigan State,Penn State,Big Ten,Big Ten,30,27,False,True,Spartan Stadium
401282753,2021,13,regular,2021-11-27 20:30:00,Purdue,Indiana,Big Ten,Big Ten,44,7,False,True,Ross-Ade Stadium
401282146,2021,13,regular,2021-11-27 20:30:00,Auburn,Alabama,SEC,SEC,22,24,False,True,Jordan-Hare Stadium
401282722,2021,13,regular,2021-11-27 20:30:00,Illinois,Northwestern,Big Ten,Big Ten,47,14,False,True,"Memorial Stadium (Champaign, IL)"
401282272,2021,13,regular,2021-11-27 20:30:00,Marshall,Western Kentucky,Conference USA,Conference USA,21,53,False,True,Joan C. Edwards Stadium
401309908,2021,13,regular,2021-11-27 20:30:00,Oregon,Oregon State,Pac-12,Pac-12,38,29,False,True,Autzen Stadium
401282153,2021,13,regular,2021-11-27 20:45:00,Tennessee,Vanderbilt,SEC,SEC,45,21,False,True,Neyland Stadium
401282703,2021,13,regular,2021-11-27 20:45:00,Virginia,Virginia Tech,ACC,ACC,24,29,False,True,Scott Stadium
401301055,2021,13,regular,2021-11-27 21:00:00,SMU,Tulsa,American Athletic,American Athletic,31,34,False,True,Gerald J. Ford Stadium
401309650,2021,13,regular,2021-11-27 21:00:00,Louisiana,UL Monroe,Sun Belt,Sun Belt,21,16,False,True,Cajun Field
401282794,2021,13,regular,2021-11-27 21:00:00,Minnesota,Wisconsin,Big Ten,Big Ten,23,13,False,True,Huntington Bank Stadium
401389031,2021,13,regular,2021-11-27 21:00:00,Missouri State,UT Martin,MVFC,OVC,31,32,False,False,Plaster Sports Complex
401309909,2021,13,regular,2021-11-27 21:00:00,Arizona State,Arizona,Pac-12,Pac-12,38,15,False,True,Mountain America Stadium
401389035,2021,13,regular,2021-11-27 21:00:00,Eastern Washington,Northern Iowa,Big Sky,MVFC,19,9,False,False,Roos Field
401328666,2021,13,regular,2021-11-27 22:00:00,Grambling,Southern,SWAC,SWAC,29,26,True,True,Caesars Superdome
401389037,2021,13,regular,2021-11-27 23:00:00,South Dakota,Southern Illinois,MVFC,MVFC,10,22,False,True,DakotaDome
401282270,2021,13,regular,2021-11-28 00:00:00,Florida Atlantic,Middle Tennessee,Conference USA,Conference USA,17,27,False,True,FAU Stadium
401282150,2021,13,regular,2021-11-28 00:00:00,LSU,Texas A&M,SEC,SEC,27,24,False,True,Tiger Stadium (LA)
401389034,2021,13,regular,2021-11-28 00:00:00,SE Louisiana,Florida A&M,Southland,SWAC,38,14,False,False,Strawberry Stadium
401287950,2021,13,regular,2021-11-28 00:00:00,Kansas,West Virginia,Big 12,Big 12,28,34,False,True,Memorial Stadium
401282152,2021,13,regular,2021-11-28 00:30:00,South Carolina,Clemson,SEC,ACC,0,30,False,False,Williams-Brice Stadium
401287951,2021,13,regular,2021-11-28 00:30:00,Oklahoma State,Oklahoma,Big 12,Big 12,37,33,False,True,Boone Pickens Stadium
401282702,2021,13,regular,2021-11-28 00:30:00,Syracuse,Pittsburgh,ACC,ACC,14,31,False,True,JMA Wireless Dome
401301053,2021,13,regular,2021-11-28 00:30:00,Memphis,Tulane,American Athletic,American Athletic,33,28,False,True,Simmons Bank Liberty Stadium
401282149,2021,13,regular,2021-11-28 00:30:00,Louisville,Kentucky,ACC,SEC,21,52,False,False,L&N Federal Credit Union Stadium
401282711,2021,13,regular,2021-11-28 01:00:00,Stanford,Notre Dame,Pac-12,FBS Independents,14,45,False,False,Stanford Stadium
401310754,2021,13,regular,2021-11-28 02:00:00,Colorado State,Nevada,Mountain West,Mountain West,10,52,False,True,Canvas Stadium
401309907,2021,13,regular,2021-11-28 03:30:00,UCLA,California,Pac-12,Pac-12,42,14,False,True,Rose Bowl
401309910,2021,13,regular,2021-11-28 03:30:00,USC,BYU,Pac-12,FBS Independents,31,35,False,False,Los Angeles Memorial Coliseum
401282156,2021,14,regular,2021-12-04 00:00:00,UTSA,Western Kentucky,Conference USA,Conference USA,49,41,False,True,Alamodome
401389821,2021,14,regular,2021-12-04 00:00:00,Villanova,Holy Cross,CAA,Patriot,21,16,False,False,Villanova Stadium
401331159,2021,14,regular,2021-12-04 01:00:00,Utah,Oregon,Pac-12,Pac-12,38,10,True,True,Allegiant Stadium
401389822,2021,14,regular,2021-12-04 02:00:00,Montana,Eastern Washington,Big Sky,Big Sky,57,41,False,True,Washington-Grizzly Stadium
401287953,2021,14,regular,2021-12-04 17:00:00,Oklahoma State,Baylor,Big 12,Big 12,16,21,True,True,AT&T Stadium
401331160,2021,14,regular,2021-12-04 17:00:00,Northern Illinois,Kent State,Mid-American,Mid-American,41,23,True,True,Ford Field
401389824,2021,14,regular,2021-12-04 17:05:00,Kutztown,Shepherd,Pennsylvania State Athletic,Pennsylvania State Athletic,28,30,False,True,Andre Reed Stadium
401389826,2021,14,regular,2021-12-04 18:00:00,Ferris State,Northwest Missouri State,GLIAC,Mid America,41,20,False,False,Top Taggart Field
401389825,2021,14,regular,2021-12-04 18:00:00,Valdosta State,Bowie State,Gulf South,CIAA,41,17,False,False,Bazemore-Hyder Stadium
401389820,2021,14,regular,2021-12-04 19:00:00,East Tennessee State,Kennesaw State,Southern,Big South,32,31,False,False,William B. Greene Jr. Stadium
401389827,2021,14,regular,2021-12-04 19:05:00,Colorado School of Mines,Angelo State,Rocky Mountain,Lone Star,34,26,False,False,Marv Kay Stadium at Campbell Field
401389818,2021,14,regular,2021-12-04 20:00:00,Sam Houston,Incarnate Word,AWC,Southland,49,42,False,False,Elliott T. Bowers Stadium
401310676,2021,14,regular,2021-12-04 20:00:00,San Diego State,Utah State,Mountain West,Mountain West,13,46,False,True,StubHub Center
401331161,2021,14,regular,2021-12-04 20:30:00,Louisiana,App State,Sun Belt,Sun Belt,24,16,False,True,Cajun Field
401389850,2021,14,regular,2021-12-04 20:30:00,North Dakota State,Southern Illinois,MVFC,MVFC,38,7,False,True,Fargodome
401331162,2021,14,regular,2021-12-04 21:00:00,Cincinnati,Houston,American Athletic,American Athletic,35,20,False,True,Nippert Stadium
401282154,2021,14,regular,2021-12-04 21:00:00,Alabama,Georgia,SEC,SEC,41,24,True,True,Mercedes-Benz Stadium
401389819,2021,14,regular,2021-12-04 21:00:00,Montana State,UT Martin,Big Sky,OVC,26,7,False,False,Bobcat Stadium
401388990,2021,14,regular,2021-12-04 21:10:00,Jackson State,Prairie View A&M,SWAC,SWAC,27,10,False,True,Mississippi Veterans Memorial Stadium
401331447,2021,14,regular,2021-12-05 01:00:00,Iowa,Michigan,Big Ten,Big Ten,3,42,True,True,Lucas Oil Stadium
401331163,2021,14,regular,2021-12-05 01:00:00,Wake Forest,Pittsburgh,ACC,ACC,21,45,True,True,Bank of America Stadium
401389823,2021,14,regular,2021-12-05 02:00:00,Sacramento State,South Dakota State,Big Sky,MVFC,19,24,False,False,Hornet Stadium
401387250,2021,14,regular,2021-12-05 04:00:00,California,USC,Pac-12,Pac-12,24,14,False,True,California Memorial Stadium
401391050,2021,15,regular,2021-12-11 17:00:00,Valdosta State,Colorado School of Mines,Gulf South,Rocky Mountain,34,31,False,False,Bazemore-Hyder Stadium
401391131,2021,15,regular,2021-12-11 17:00:00,North Dakota State,East Tennessee State,MVFC,Southern,27,3,False,False,Fargodome
401391133,2021,15,regular,2021-12-11 19:00:00,Villanova,South Dakota State,CAA,MVFC,21,35,False,False,Villanova Stadium
401301056,2021,15,regular,2021-12-11 20:00:00,Army,Navy,FBS Independents,American Athletic,13,17,False,False,MetLife Stadium
401391051,2021,15,regular,2021-12-11 20:30:00,Ferris State,Shepherd,GLIAC,Pennsylvania State Athletic,55,7,False,False,Top Taggart Field
401391132,2021,15,regular,2021-12-12 01:30:00,Sam Houston,Montana State,AWC,Big Sky,19,42,False,False,Elliott T. Bowers Stadium
