id,season,week,season_type,start_date,home_team,away_team,home_conference,away_conference,home_points,away_points,neutral_site,conference_game,venue
401128622,2019,1,regular,2019-08-24 16:00:00,Colgate,Villanova,Patriot,CAA,14,34,False,False,Andy Kerr Stadium
401127303,2019,1,regular,2019-08-24 19:00:00,Samford,Youngstown State,Southern,MVFC,22,45,True,False,Cramton Bowl
401110723,2019,1,regular,2019-08-24 23:00:00,Florida,Miami,SEC,ACC,24,20,True,False,Camping World Stadium
401114164,2019,1,regular,2019-08-25 02:30:00,Hawai'i,Arizona,Mountain West,Pac-12,45,38,False,False,Aloha Stadium
401128597,2019,1,regular,2019-08-29 22:00:00,Morehead State,Union College,Pioneer,,44,7,False,False,Jayne Stadium
401127042,2019,1,regular,2019-08-29 23:00:00,Richmond,Jacksonville,CAA,Pioneer,38,19,False,False,E. Claiborne Robins Stadium
401119254,2019,1,regular,2019-08-29 23:00:00,Bowling Green,Morgan State,Mid-American,MEAC,46,3,False,False,Doyt L. Perry Stadium
401127043,2019,1,regular,2019-08-29 23:00:00,Stony Brook,Bryant,CAA,NEC,35,10,False,False,Kenneth P. LaValle Stadium
401128370,2019,1,regular,2019-08-29 23:00:00,Murray State,Pikeville,OVC,,59,20,False,False,Roy Stewart Stadium
401117855,2019,1,regular,2019-08-29 23:00:00,UConn,Wagner,American Athletic,NEC,24,21,False,False,Pratt & Whitney Stadium
401128490,2019,1,regular,2019-08-29 23:00:00,Chattanooga,Eastern Illinois,Southern,OVC,24,10,False,False,Finley Stadium
401117854,2019,1,regular,2019-08-29 23:00:00,Cincinnati,UCLA,American Athletic,Pac-12,24,14,False,False,Nippert Stadium
401127039,2019,1,regular,2019-08-29 23:00:00,Delaware,Delaware State,CAA,MEAC,31,13,False,False,Delaware Stadium
401128354,2019,1,regular,2019-08-29 23:00:00,Eastern Kentucky,Valparaiso,OVC,Pioneer,53,7,False,False,Roy Kidd Stadium
401119255,2019,1,regular,2019-08-29 23:00:00,Buffalo,Robert Morris,Mid-American,NEC,38,10,False,False,UB Stadium
401117853,2019,1,regular,2019-08-29 23:30:00,UCF,Florida A&M,American Athletic,MEAC,62,0,False,False,FBC Mortgage Stadium
401135910,2019,1,regular,2019-08-29 23:30:00,Charlotte,Gardner-Webb,Conference USA,Big South,49,28,False,False,Jerry Richardson Stadium
401114246,2019,1,regular,2019-08-29 23:30:00,Western Kentucky,Central Arkansas,Conference USA,Southland,28,35,False,False,Houchens Industries-L.T. Smith Stadium
401128724,2019,1,regular,2019-08-29 23:30:00,UT Martin,Northwestern State,OVC,Southland,42,20,False,False,Graham Stadium
401127297,2019,1,regular,2019-08-29 23:30:00,Southeast Missouri State,Southern Illinois,OVC,MVFC,44,26,False,False,Houck Stadium
401114236,2019,1,regular,2019-08-30 00:00:00,Tulane,Florida International,American Athletic,Conference USA,42,14,False,False,Yulman Stadium
401114237,2019,1,regular,2019-08-30 00:00:00,UAB,Alabama State,Conference USA,SWAC,24,19,False,False,Legion Field
401128362,2019,1,regular,2019-08-30 00:00:00,SE Louisiana,Jacksonville State,Southland,OVC,35,14,False,False,Strawberry Stadium
401127029,2019,1,regular,2019-08-30 00:00:00,North Alabama,Western Illinois,Big South,MVFC,26,17,False,False,Braly Municipal Stadium
401128709,2019,1,regular,2019-08-30 00:00:00,Lamar,Bethel University Tennessee,Southland,,65,16,False,False,Provost Umphrey Stadium
401111653,2019,1,regular,2019-08-30 00:00:00,Clemson,Georgia Tech,ACC,ACC,52,14,False,True,"Memorial Stadium (Clemson, SC)"
401127240,2019,1,regular,2019-08-30 00:00:00,Austin Peay,North Carolina Central,OVC,MEAC,41,10,False,False,Governors Stadium
401110731,2019,1,regular,2019-08-30 00:30:00,Texas A&M,Texas State,SEC,Sun Belt,41,7,False,False,Kyle Field
401119253,2019,1,regular,2019-08-30 00:50:00,Central Michigan,UAlbany,Mid-American,CAA,38,21,False,False,Kelly/Shorts Stadium
401126954,2019,1,regular,2019-08-30 01:00:00,Northern Arizona,Missouri State,Big Sky,MVFC,37,23,False,False,Walkup Skydome
401112229,2019,1,regular,2019-08-30 01:00:00,Minnesota,South Dakota State,Big Ten,MVFC,28,21,False,False,Huntington Bank Stadium
401114153,2019,1,regular,2019-08-30 02:00:00,Arizona State,Kent State,Pac-12,Mid-American,30,7,False,False,Mountain America Stadium
401117493,2019,1,regular,2019-08-30 02:00:00,San José State,Northern Colorado,Mountain West,Big Sky,35,18,False,False,CEFCU Stadium
401114223,2019,1,regular,2019-08-30 02:15:00,BYU,Utah,FBS Independents,Pac-12,12,30,False,False,LaVell Edwards Stadium
401127040,2019,1,regular,2019-08-30 22:00:00,Maine,Sacred Heart,CAA,NEC,42,14,False,False,Alfond Stadium
401114238,2019,1,regular,2019-08-30 22:00:00,Army,Rice,FBS Independents,Conference USA,14,7,False,False,Michie Stadium
401112212,2019,1,regular,2019-08-30 23:00:00,Michigan State,Tulsa,Big Ten,American Athletic,28,7,False,False,Spartan Stadium
401112264,2019,1,regular,2019-08-30 23:15:00,Rutgers,Massachusetts,Big Ten,FBS Independents,48,21,False,False,High Point Solutions Stadium
401117856,2019,1,regular,2019-08-30 23:55:00,South Florida,Wisconsin,American Athletic,Big Ten,0,49,False,False,Raymond James Stadium
401112430,2019,1,regular,2019-08-31 00:00:00,Wake Forest,Utah State,ACC,Mountain West,38,35,False,False,Allegacy Federal Credit Union Stadium
401112262,2019,1,regular,2019-08-31 01:30:00,Nevada,Purdue,Mountain West,Big Ten,34,31,False,False,Mackay Stadium
401114184,2019,1,regular,2019-08-31 02:00:00,Colorado,Colorado State,Pac-12,Mountain West,52,31,True,False,Sports Authority Field at Mile High
401112122,2019,1,regular,2019-08-31 02:30:00,Oregon State,Oklahoma State,Pac-12,Big 12,36,52,False,False,Reser Stadium
401112085,2019,1,regular,2019-08-31 16:00:00,Iowa State,Northern Iowa,Big 12,MVFC,29,26,False,False,Jack Trice Stadium
401110726,2019,1,regular,2019-08-31 16:00:00,Memphis,Ole Miss,American Athletic,SEC,15,10,False,False,Simmons Bank Liberty Stadium
401112238,2019,1,regular,2019-08-31 16:00:00,Nebraska,South Alabama,Big Ten,Sun Belt,35,21,False,False,"Memorial Stadium (Lincoln, NE)"
401112157,2019,1,regular,2019-08-31 16:00:00,Ball State,Indiana,Mid-American,Big Ten,24,34,True,False,Lucas Oil Stadium
401112431,2019,1,regular,2019-08-31 16:00:00,Florida State,Boise State,ACC,Mountain West,31,36,False,False,Doak Campbell Stadium
401110727,2019,1,regular,2019-08-31 16:00:00,Louisiana,Mississippi State,Sun Belt,SEC,28,38,True,False,Caesars Superdome
401112145,2019,1,regular,2019-08-31 16:00:00,Illinois,Akron,Big Ten,Mid-American,42,3,False,False,"Memorial Stadium (Champaign, IL)"
401112201,2019,1,regular,2019-08-31 16:00:00,Maryland,Howard,Big Ten,MEAC,79,0,False,False,SECU Stadium
401112251,2019,1,regular,2019-08-31 16:00:00,Ohio State,Florida Atlantic,Big Ten,Conference USA,45,21,False,False,Ohio Stadium
401112096,2019,1,regular,2019-08-31 16:00:00,Kansas,Indiana State,Big 12,MVFC,24,17,False,False,Memorial Stadium
401112432,2019,1,regular,2019-08-31 16:00:00,NC State,East Carolina,ACC,American Athletic,34,6,False,False,Carter-Finley Stadium
401110724,2019,1,regular,2019-08-31 16:00:00,Kentucky,Toledo,SEC,Mid-American,38,24,False,False,Kroger Field
401128648,2019,1,regular,2019-08-31 16:30:00,Lehigh,Saint Francis,Patriot,NEC,13,14,False,False,Goodman Stadium
401126996,2019,1,regular,2019-08-31 17:00:00,Furman,Charleston Southern,Southern,Big South,46,13,False,False,Paladin Stadium
401128564,2019,1,regular,2019-08-31 17:00:00,Davidson,Georgetown,Pioneer,Patriot,27,20,False,False,Richardson Stadium
401119259,2019,1,regular,2019-08-31 18:00:00,Ohio,Rhode Island,Mid-American,CAA,41,20,False,False,Peden Stadium
401112143,2019,1,regular,2019-08-31 18:00:00,West Virginia,James Madison,Big 12,CAA,20,13,False,False,Milan Puskar Stadium
401136278,2019,1,regular,2019-08-31 19:00:00,Merrimack,Virginia Lynchburg,NEC,,45,14,False,False,Duane Stadium
401127044,2019,1,regular,2019-08-31 19:00:00,The Citadel,Towson,Southern,CAA,21,28,False,False,Johnson Hagood Stadium
401117859,2019,1,regular,2019-08-31 19:00:00,Temple,Bucknell,American Athletic,Patriot,56,12,False,False,Lincoln Financial Field
401126937,2019,1,regular,2019-08-31 19:00:00,South Dakota,Montana,MVFC,Big Sky,17,31,False,False,DakotaDome
401114233,2019,1,regular,2019-08-31 19:00:00,Washington,Eastern Washington,Pac-12,Big Sky,47,14,False,False,Husky Stadium
401110730,2019,1,regular,2019-08-31 19:30:00,Tennessee,Georgia State,SEC,Sun Belt,30,38,False,False,Neyland Stadium
401110720,2019,1,regular,2019-08-31 19:30:00,Alabama,Duke,SEC,ACC,42,3,True,False,Mercedes-Benz Stadium
401117494,2019,1,regular,2019-08-31 19:30:00,Air Force,Colgate,Mountain West,Patriot,48,7,False,False,Falcon Stadium
401121934,2019,1,regular,2019-08-31 19:30:00,App State,East Tennessee State,Sun Belt,Southern,42,7,False,False,Kidd Brewer Stadium
401110729,2019,1,regular,2019-08-31 19:30:00,North Carolina,South Carolina,ACC,SEC,24,20,True,False,Bank of America Stadium
401112257,2019,1,regular,2019-08-31 19:30:00,Penn State,Idaho,Big Ten,Big Sky,79,7,False,False,Beaver Stadium
401117857,2019,1,regular,2019-08-31 19:30:00,Navy,Holy Cross,American Athletic,Patriot,45,7,False,False,Navy-Marine Corps Memorial Stadium
401119256,2019,1,regular,2019-08-31 19:30:00,Coastal Carolina,Eastern Michigan,Sun Belt,Mid-American,23,30,False,False,Brooks Stadium (SC)
401127277,2019,1,regular,2019-08-31 20:00:00,North Dakota State,Butler,MVFC,Pioneer,57,10,False,False,Target Field
401112139,2019,1,regular,2019-08-31 20:00:00,Texas Tech,Montana State,Big 12,Big Sky,45,10,False,False,Jones AT&T Stadium
401110721,2019,1,regular,2019-08-31 20:00:00,Arkansas,Portland State,SEC,Big Sky,20,13,False,False,Razorback Stadium
401112435,2019,1,regular,2019-08-31 20:00:00,Boston College,Virginia Tech,ACC,ACC,35,28,False,True,"Alumni Stadium (Chestnut Hill, MA)"
401112245,2019,1,regular,2019-08-31 20:00:00,Stanford,Northwestern,Pac-12,Big Ten,17,7,False,False,Stanford Stadium
401127201,2019,1,regular,2019-08-31 21:00:00,North Dakota,Drake,FCS Independents,Pioneer,47,7,False,False,Alerus Center
401126901,2019,1,regular,2019-08-31 21:00:00,Cal Poly,San Diego,Big Sky,Pioneer,52,34,False,False,Alex G. Spanos Stadium
401121935,2019,1,regular,2019-08-31 22:00:00,Troy,Campbell,Sun Belt,Big South,43,14,False,False,Veterans Memorial Stadium (AL)
401127245,2019,1,regular,2019-08-31 22:00:00,South Carolina State,Wofford,MEAC,Southern,28,13,False,False,Oliver C. Dawson Stadium
401128520,2019,1,regular,2019-08-31 22:00:00,Western Carolina,Mercer,Southern,Southern,27,49,False,True,E. J. Whitmire Stadium
401114245,2019,1,regular,2019-08-31 22:00:00,UTSA,Incarnate Word,Conference USA,Southland,35,7,False,False,Alamodome
401112434,2019,1,regular,2019-08-31 22:00:00,Liberty,Syracuse,FBS Independents,ACC,0,24,False,False,Williams Stadium (VA)
401127041,2019,1,regular,2019-08-31 22:00:00,North Carolina A&T,Elon,MEAC,CAA,24,21,False,False,Aggie Stadium
401127045,2019,1,regular,2019-08-31 22:00:00,William & Mary,Lafayette,CAA,Patriot,30,17,False,False,Zable Stadium
401117495,2019,1,regular,2019-08-31 22:00:00,New Mexico,Sam Houston,Mountain West,Southland,39,31,False,False,University Stadium (NM)
401130355,2019,1,regular,2019-08-31 22:00:00,Fordham,Central Connecticut,Patriot,NEC,23,26,False,False,Coffey Field
401127034,2019,1,regular,2019-08-31 22:00:00,Hampton,Elizabeth City State,Big South,CIAA,65,7,False,False,Armstrong Stadium
401128942,2019,1,regular,2019-08-31 22:00:00,Kennesaw State,Point University,Big South,,59,0,False,False,Fifth Third Stadium
401128481,2019,1,regular,2019-08-31 22:30:00,Texas Southern,Prairie View A&M,SWAC,SWAC,23,44,False,True,BBVA Compass Stadium
401114174,2019,1,regular,2019-08-31 22:30:00,California,UC Davis,Pac-12,Big Sky,27,13,False,False,California Memorial Stadium
401114240,2019,1,regular,2019-08-31 22:30:00,Marshall,VMI,Conference USA,Southern,56,17,False,False,Joan C. Edwards Stadium
401112106,2019,1,regular,2019-08-31 23:00:00,Kansas State,Nicholls,Big 12,Southland,49,14,False,False,Bill Snyder Family Stadium
401128388,2019,1,regular,2019-08-31 23:00:00,Tennessee Tech,Samford,OVC,Southern,59,58,False,False,Tucker Stadium
401114243,2019,1,regular,2019-08-31 23:00:00,Southern Miss,Alcorn State,Conference USA,SWAC,38,10,False,False,M. M. Roberts Stadium
401128486,2019,1,regular,2019-08-31 23:00:00,McNeese,Southern,Southland,SWAC,34,28,False,False,Cowboy Stadium
401128382,2019,1,regular,2019-08-31 23:00:00,Tennessee State,Mississippi Valley State,OVC,SWAC,26,20,False,False,Nissan Stadium
401119258,2019,1,regular,2019-08-31 23:00:00,Western Michigan,Monmouth,Mid-American,Big South,48,13,False,False,Waldo Stadium
401117858,2019,1,regular,2019-08-31 23:00:00,Arkansas State,SMU,Sun Belt,American Athletic,30,37,False,False,Centennial Bank Stadium
401119257,2019,1,regular,2019-08-31 23:00:00,Northern Illinois,Illinois State,Mid-American,MVFC,24,10,False,False,Huskie Stadium
401114242,2019,1,regular,2019-08-31 23:00:00,Old Dominion,Norfolk State,Conference USA,MEAC,24,21,False,False,S.B. Ballard Stadium
401112073,2019,1,regular,2019-08-31 23:00:00,Baylor,Stephen F. Austin,Big 12,Southland,56,17,False,False,McLane Stadium
401112433,2019,1,regular,2019-08-31 23:30:00,Pittsburgh,Virginia,ACC,ACC,14,30,False,True,Acrisure Stadium
401110728,2019,1,regular,2019-08-31 23:30:00,Wyoming,Missouri,Mountain West,SEC,37,31,False,False,War Memorial Stadium
401114241,2019,1,regular,2019-08-31 23:30:00,North Texas,Abilene Christian,Conference USA,Southland,51,31,False,False,DATCU Stadium
401110725,2019,1,regular,2019-08-31 23:30:00,LSU,Georgia Southern,SEC,Sun Belt,55,3,False,False,Tiger Stadium (LA)
401110722,2019,1,regular,2019-08-31 23:30:00,Auburn,Oregon,SEC,Pac-12,27,21,True,False,AT&T Stadium
401112222,2019,1,regular,2019-08-31 23:30:00,Michigan,Middle Tennessee,Big Ten,Conference USA,40,21,False,False,Michigan Stadium
401112191,2019,1,regular,2019-08-31 23:30:00,Iowa,Miami (OH),Big Ten,Mid-American,38,14,False,False,Kinnick Stadium
401110732,2019,1,regular,2019-08-31 23:30:00,Vanderbilt,Georgia,SEC,SEC,6,30,False,True,FirstBank Stadium
401112135,2019,1,regular,2019-09-01 00:00:00,Texas,Louisiana Tech,Big 12,Conference USA,45,14,False,False,DKR-Texas Memorial Stadium
401112129,2019,1,regular,2019-09-01 00:00:00,TCU,Arkansas-Pine Bluff,Big 12,SWAC,39,7,False,False,Amon G. Carter Stadium
401128468,2019,1,regular,2019-09-01 00:00:00,UL Monroe,Grambling,Sun Belt,SWAC,31,9,False,False,Malone Stadium
401114244,2019,1,regular,2019-09-01 00:00:00,UTEP,Houston Christian,Conference USA,Southland,36,34,False,False,Sun Bowl
401117496,2019,1,regular,2019-09-01 01:00:00,San Diego State,Weber State,Mountain West,Big Sky,6,0,False,False,Qualcomm Stadium
401126970,2019,1,regular,2019-09-01 01:00:00,Sacramento State,Southern Oregon,Big Sky,,77,19,False,False,Hornet Stadium
401117497,2019,1,regular,2019-09-01 02:00:00,UNLV,Southern Utah,Mountain West,Big Sky,56,23,False,False,Sam Boyd Stadium
401114228,2019,1,regular,2019-09-01 02:00:00,Washington State,New Mexico State,Pac-12,FBS Independents,58,7,False,False,Gesa Field
401114218,2019,1,regular,2019-09-01 02:30:00,USC,Fresno State,Pac-12,Mountain West,31,23,False,False,Los Angeles Memorial Coliseum
401127204,2019,1,regular,2019-09-01 19:00:00,Jackson State,Bethune-Cookman,SWAC,MEAC,15,36,False,False,Center Parc Stadium
401128433,2019,1,regular,2019-09-01 19:30:00,Alabama A&M,Morehouse,SWAC,SIAC,35,30,False,False,Tom Benson Hall of Fame Stadium
401112114,2019,1,regular,2019-09-01 23:30:00,Oklahoma,Houston,Big 12,American Athletic,49,31,False,False,"Memorial Stadium (Norman, OK)"
401112436,2019,1,regular,2019-09-03 00:00:00,Louisville,Notre Dame,ACC,FBS Independents,17,35,False,False,L&N Federal Credit Union Stadium
401126929,2019,2,regular,2019-09-06 00:35:00,Idaho State,Western Colorado,Big Sky,Rocky Mountain,38,13,False,False,Holt Arena
401112447,2019,2,regular,2019-09-07 00:00:00,Rice,Wake Forest,Conference USA,ACC,21,41,False,False,Rice Stadium
401112437,2019,2,regular,2019-09-07 00:00:00,Virginia,William & Mary,ACC,CAA,52,17,False,False,Scott Stadium
401114251,2019,2,regular,2019-09-07 01:00:00,Boise State,Marshall,Mountain West,Conference USA,14,7,False,False,Albertsons Stadium
401114154,2019,2,regular,2019-09-07 02:00:00,Arizona State,Sacramento State,Pac-12,Big Sky,19,7,False,False,Mountain America Stadium
401112445,2019,2,regular,2019-09-07 15:00:00,Pittsburgh,Ohio,ACC,Mid-American,20,10,False,False,Acrisure Stadium
401110785,2019,2,regular,2019-09-07 16:00:00,Purdue,Vanderbilt,Big Ten,SEC,42,24,False,False,Ross-Ade Stadium
401112446,2019,2,regular,2019-09-07 16:00:00,Virginia Tech,Old Dominion,ACC,Conference USA,31,17,False,False,Lane Stadium
401114254,2019,2,regular,2019-09-07 16:00:00,Akron,UAB,Mid-American,Conference USA,20,31,False,False,InfoCision Stadium
401110782,2019,2,regular,2019-09-07 16:00:00,South Carolina,Charleston Southern,SEC,Big South,72,10,False,False,Williams-Brice Stadium
401117862,2019,2,regular,2019-09-07 16:00:00,Memphis,Southern,American Athletic,SWAC,55,24,False,False,Simmons Bank Liberty Stadium
401119261,2019,2,regular,2019-09-07 16:00:00,Kent State,Kennesaw State,Mid-American,Big South,26,23,False,False,Dix Stadium
401112107,2019,2,regular,2019-09-07 16:00:00,Kansas State,Bowling Green,Big 12,Mid-American,52,0,False,False,Bill Snyder Family Stadium
401112252,2019,2,regular,2019-09-07 16:00:00,Ohio State,Cincinnati,Big Ten,American Athletic,42,0,False,False,Ohio Stadium
401112192,2019,2,regular,2019-09-07 16:00:00,Iowa,Rutgers,Big Ten,Big Ten,30,0,False,True,Kinnick Stadium
401110781,2019,2,regular,2019-09-07 16:00:00,Missouri,West Virginia,SEC,Big 12,38,7,False,False,Memorial Stadium
401112223,2019,2,regular,2019-09-07 16:00:00,Michigan,Army,Big Ten,FBS Independents,24,21,False,False,Michigan Stadium
401112202,2019,2,regular,2019-09-07 16:00:00,Maryland,Syracuse,Big Ten,ACC,63,20,False,False,SECU Stadium
401112444,2019,2,regular,2019-09-07 16:30:00,NC State,Western Carolina,ACC,Southern,41,0,False,False,Carter-Finley Stadium
401128590,2019,2,regular,2019-09-07 16:30:00,Georgetown,Marist,Patriot,Pioneer,43,3,False,False,Cooper Field
401132279,2019,2,regular,2019-09-07 17:00:00,Robert Morris,Kentucky State,NEC,SIAC,7,13,False,False,Joe Walton Stadium
401127268,2019,2,regular,2019-09-07 17:00:00,Indiana State,Dayton,MVFC,Pioneer,35,42,False,False,Memorial Stadium
401127014,2019,2,regular,2019-09-07 17:00:00,Monmouth,Lafayette,Big South,Patriot,24,21,False,False,Kessler Stadium
401114224,2019,2,regular,2019-09-07 17:00:00,Utah,Northern Illinois,Pac-12,Mid-American,35,17,False,False,Rice-Eccles Stadium
401127050,2019,2,regular,2019-09-07 17:00:00,Holy Cross,New Hampshire,Patriot,CAA,13,10,False,False,Fitton Field
401128527,2019,2,regular,2019-09-07 17:30:00,VMI,Mars Hill,Southern,South Atlantic,63,21,False,False,Alumni Memorial Field
401127048,2019,2,regular,2019-09-07 18:00:00,Elon,The Citadel,CAA,Southern,35,28,False,False,Rhodes Stadium
401165357,2019,2,regular,2019-09-07 18:00:00,Presbyterian,Mercer,Big South,Southern,7,45,False,False,Bailey Memorial Stadium
401119260,2019,2,regular,2019-09-07 18:00:00,Ball State,Fordham,Mid-American,Patriot,57,29,False,False,Scheumann Stadium
401112441,2019,2,regular,2019-09-07 18:00:00,Georgia Tech,South Florida,ACC,American Athletic,14,10,False,False,Bobby Dodd Stadium
401127304,2019,2,regular,2019-09-07 18:00:00,Youngstown State,Howard,MVFC,MEAC,54,28,False,False,Stambaugh Stadium
401119262,2019,2,regular,2019-09-07 18:30:00,Miami (OH),Tennessee Tech,Mid-American,OVC,48,17,False,False,Yager Stadium
401127428,2019,2,regular,2019-09-07 19:00:00,Austin Peay,Central Arkansas,OVC,Southland,16,24,False,False,Governors Stadium
401112268,2019,2,regular,2019-09-07 19:30:00,Wisconsin,Central Michigan,Big Ten,Mid-American,61,0,False,False,Camp Randall Stadium
401112146,2019,2,regular,2019-09-07 19:30:00,UConn,Illinois,American Athletic,Big Ten,23,31,False,False,Pratt & Whitney Stadium
401112438,2019,2,regular,2019-09-07 19:30:00,Boston College,Richmond,ACC,CAA,45,13,False,False,"Alumni Stadium (Chestnut Hill, MA)"
401112239,2019,2,regular,2019-09-07 19:30:00,Colorado,Nebraska,Pac-12,Big Ten,34,31,False,False,Folsom Field
401110784,2019,2,regular,2019-09-07 19:30:00,Clemson,Texas A&M,ACC,SEC,24,10,False,False,"Memorial Stadium (Clemson, SC)"
401114247,2019,2,regular,2019-09-07 19:30:00,App State,Charlotte,Sun Belt,Conference USA,56,41,False,False,Kidd Brewer Stadium
401114354,2019,2,regular,2019-09-07 19:30:00,Massachusetts,Southern Illinois,FBS Independents,MVFC,20,45,False,False,Warren McGuirk Alumni Stadium
401114250,2019,2,regular,2019-09-07 19:30:00,Louisiana Tech,Grambling,Conference USA,SWAC,20,14,False,False,Joe Aillet Stadium
401112158,2019,2,regular,2019-09-07 19:30:00,Indiana,Eastern Illinois,Big Ten,OVC,52,0,False,False,"Memorial Stadium (Bloomington, IN)"
401110780,2019,2,regular,2019-09-07 19:30:00,Mississippi State,Southern Miss,SEC,Conference USA,38,15,False,False,Davis Wade Stadium
401127202,2019,2,regular,2019-09-07 19:30:00,North Dakota State,North Dakota,MVFC,FCS Independents,38,7,False,False,Fargodome
401133586,2019,2,regular,2019-09-07 20:00:00,Duquesne,Walsh,NEC,Great Midwest Athletic,44,3,False,False,Arthur J. Rooney Athletic Field
401110776,2019,2,regular,2019-09-07 20:00:00,Georgia,Murray State,SEC,OVC,63,17,False,False,Sanford Stadium
401110773,2019,2,regular,2019-09-07 20:00:00,Alabama,New Mexico State,SEC,FBS Independents,62,10,False,False,Bryant-Denny Stadium
401135473,2019,2,regular,2019-09-07 20:00:00,South Carolina State,Lane College,MEAC,SIAC,34,0,False,False,Oliver C. Dawson Stadium
401117498,2019,2,regular,2019-09-07 20:00:00,Colorado State,Western Illinois,Mountain West,MVFC,38,13,False,False,Canvas Stadium
401112074,2019,2,regular,2019-09-07 20:00:00,Baylor,UTSA,Big 12,Conference USA,63,14,False,False,McLane Stadium
401126911,2019,2,regular,2019-09-07 20:05:00,Eastern Washington,Lindenwood,Big Sky,Great Lakes Valley,59,31,False,False,Roos Field
401114214,2019,2,regular,2019-09-07 20:15:00,UCLA,San Diego State,Pac-12,Mountain West,14,23,False,False,Rose Bowl
401126979,2019,2,regular,2019-09-07 21:00:00,San Diego,UC Davis,Pioneer,Big Sky,35,38,False,False,Torero Stadium
401112440,2019,2,regular,2019-09-07 21:00:00,Florida State,UL Monroe,ACC,Sun Belt,45,44,False,False,Doak Campbell Stadium
401126973,2019,2,regular,2019-09-07 21:00:00,Northern Iowa,Southern Utah,MVFC,Big Sky,34,14,False,False,UNI-Dome
401114229,2019,2,regular,2019-09-07 21:00:00,Washington State,Northern Colorado,Pac-12,Big Sky,59,17,False,False,Gesa Field
401126966,2019,2,regular,2019-09-07 21:05:00,Portland State,Simon Fraser,Big Sky,Great Northwest,70,7,False,False,Hillsboro Stadium
401112439,2019,2,regular,2019-09-07 22:00:00,Duke,North Carolina A&T,ACC,MEAC,45,13,False,False,Wallace Wade Stadium
401128614,2019,2,regular,2019-09-07 22:00:00,Sacred Heart,Bucknell,NEC,Patriot,30,10,False,False,Campus Field
401128553,2019,2,regular,2019-09-07 22:00:00,Butler,Indiana Wesleyan,Pioneer,,30,27,False,False,Butler Bowl
401127051,2019,2,regular,2019-09-07 22:00:00,Villanova,Lehigh,CAA,Patriot,38,10,False,False,Villanova Stadium
401126986,2019,2,regular,2019-09-07 22:00:00,Campbell,Shaw,Big South,CIAA,38,14,False,False,Barker-Lane Stadium
401136279,2019,2,regular,2019-09-07 22:00:00,Central Connecticut,Merrimack,NEC,NEC,40,37,False,False,Arute Field
401132247,2019,2,regular,2019-09-07 22:00:00,Stetson,Louisiana Christian,Pioneer,American Southwest,58,13,False,False,Spec Martin Municipal Stadium
401128444,2019,2,regular,2019-09-07 22:00:00,Alabama State,Tuskegee,SWAC,SIAC,38,31,False,False,Hornet Stadium
401128565,2019,2,regular,2019-09-07 22:00:00,Davidson,Virginia Lynchburg,Pioneer,,45,7,False,False,Richardson Stadium
401117860,2019,2,regular,2019-09-07 22:00:00,East Carolina,Gardner-Webb,American Athletic,Big South,48,9,False,False,Dowdy-Ficklen Stadium
401127229,2019,2,regular,2019-09-07 22:00:00,Norfolk State,Virginia State,MEAC,CIAA,44,21,False,False,"William Dick"""" Price Stadium"""""
401127049,2019,2,regular,2019-09-07 22:00:00,James Madison,Saint Francis,CAA,NEC,44,7,False,False,Bridgeforth Stadium
401127035,2019,2,regular,2019-09-07 22:00:00,Hampton,Virginia Union,Big South,CIAA,17,36,False,False,Armstrong Stadium
401127134,2019,2,regular,2019-09-07 22:00:00,Towson,North Carolina Central,CAA,MEAC,42,3,False,False,Johnny Unitas Stadium
401133640,2019,2,regular,2019-09-07 22:00:00,Wagner,East Stroudsburg,NEC,Pennsylvania State Athletic,14,24,False,False,Wagner College Stadium
401121936,2019,2,regular,2019-09-07 22:00:00,Georgia Southern,Maine,Sun Belt,CAA,26,18,False,False,Allen E. Paulson Stadium
401128452,2019,2,regular,2019-09-07 23:00:00,Alcorn State,Mississippi College,SWAC,Gulf South,45,7,False,False,Jack Spinks Stadium
401127047,2019,2,regular,2019-09-07 23:00:00,UAlbany,Bryant,CAA,NEC,45,3,False,False,Bob Ford Field
401127293,2019,2,regular,2019-09-07 23:00:00,South Dakota State,Long Island University,MVFC,NEC,38,3,False,False,Dana J. Dykhouse Stadium
401112115,2019,2,regular,2019-09-07 23:00:00,Oklahoma,South Dakota,Big 12,MVFC,70,14,False,False,"Memorial Stadium (Norman, OK)"
401128434,2019,2,regular,2019-09-07 23:00:00,Alabama A&M,Arkansas-Pine Bluff,SWAC,SWAC,34,52,False,True,Louis Crews Stadium
401121938,2019,2,regular,2019-09-07 23:00:00,South Alabama,Jackson State,Sun Belt,SWAC,37,14,False,False,Ladd Peebles Stadium
401110783,2019,2,regular,2019-09-07 23:00:00,Tennessee,BYU,SEC,FBS Independents,26,29,False,False,Neyland Stadium
401128363,2019,2,regular,2019-09-07 23:00:00,Jacksonville State,Chattanooga,OVC,Southern,41,20,False,False,AmFirst Stadium
401128693,2019,2,regular,2019-09-07 23:00:00,Houston Christian,Texas Wesleyan,Southland,,58,13,False,False,Husky Stadium
401112442,2019,2,regular,2019-09-07 23:00:00,Louisville,Eastern Kentucky,ACC,OVC,42,0,False,False,L&N Federal Credit Union Stadium
401128702,2019,2,regular,2019-09-07 23:00:00,Incarnate Word,Texas Southern,Southland,SWAC,63,44,False,False,Gayle and Tom Benson Stadium
401114253,2019,2,regular,2019-09-07 23:00:00,SMU,North Texas,American Athletic,Conference USA,49,27,False,False,Gerald J. Ford Stadium
401114249,2019,2,regular,2019-09-07 23:00:00,Florida Atlantic,UCF,Conference USA,American Athletic,14,48,False,False,FAU Stadium
401112123,2019,2,regular,2019-09-07 23:00:00,Oklahoma State,McNeese,Big 12,Southland,56,14,False,False,Boone Pickens Stadium
401128725,2019,2,regular,2019-09-07 23:00:00,Northwestern State,Midwestern State,Southland,Lone Star,7,33,False,False,Harry Turpin Stadium
401117500,2019,2,regular,2019-09-07 23:00:00,Texas State,Wyoming,Sun Belt,Mountain West,14,23,False,False,Bobcat Stadium (TX)
401131357,2019,2,regular,2019-09-07 23:00:00,Drake,Truman State,Pioneer,Great Lakes,7,10,False,False,Drake Stadium
401128478,2019,2,regular,2019-09-07 23:00:00,Lamar,Mississippi Valley State,Southland,SWAC,23,20,False,False,Provost Umphrey Stadium
401114248,2019,2,regular,2019-09-07 23:00:00,Florida International,Western Kentucky,Conference USA,Conference USA,14,20,False,True,FIU Stadium
401114252,2019,2,regular,2019-09-07 23:00:00,Middle Tennessee,Tennessee State,Conference USA,OVC,45,26,False,False,"Johnny ""Red"" Floyd Stadium"
401127046,2019,2,regular,2019-09-07 23:00:00,Rhode Island,Delaware,CAA,CAA,36,44,False,True,Meade Stadium
401128659,2019,2,regular,2019-09-07 23:00:00,Abilene Christian,Phoenix,Southland,,66,14,False,False,Wildcat Stadium (TX)
401128729,2019,2,regular,2019-09-07 23:00:00,Sam Houston,Oklahoma Panhandle,Southland,Independent DII,77,0,False,False,Elliott T. Bowers Stadium
401112097,2019,2,regular,2019-09-07 23:00:00,Kansas,Coastal Carolina,Big 12,Sun Belt,7,12,False,False,Memorial Stadium
401121937,2019,2,regular,2019-09-07 23:00:00,Georgia State,Furman,Sun Belt,Southern,48,42,False,False,Center Parc Stadium
401128733,2019,2,regular,2019-09-07 23:00:00,Stephen F. Austin,Tarleton State,Southland,Lone Star,26,37,False,False,Homer Bryce Stadium
401112213,2019,2,regular,2019-09-07 23:30:00,Michigan State,Western Michigan,Big Ten,Mid-American,51,17,False,False,Spartan Stadium
401127259,2019,2,regular,2019-09-07 23:30:00,Illinois State,Morehead State,MVFC,Pioneer,42,14,False,False,Hancock Stadium
401110779,2019,2,regular,2019-09-07 23:30:00,Ole Miss,Arkansas,SEC,SEC,31,17,False,True,Vaught-Hemingway Stadium
401110777,2019,2,regular,2019-09-07 23:30:00,Kentucky,Eastern Michigan,SEC,Mid-American,38,17,False,False,Kroger Field
401110774,2019,2,regular,2019-09-07 23:30:00,Auburn,Tulane,SEC,American Athletic,24,6,False,False,Jordan-Hare Stadium
401110778,2019,2,regular,2019-09-07 23:30:00,Texas,LSU,Big 12,SEC,38,45,False,False,DKR-Texas Memorial Stadium
401128506,2019,2,regular,2019-09-07 23:30:00,East Tennessee State,Shorter,Southern,Gulf South,48,10,False,False,William B. Greene Jr. Stadium
401114347,2019,2,regular,2019-09-07 23:30:00,Louisiana,Liberty,Sun Belt,FBS Independents,35,14,False,False,Cajun Field
401117499,2019,2,regular,2019-09-07 23:30:00,Utah State,Stony Brook,Mountain West,CAA,62,7,False,False,Maverik Stadium
401110775,2019,2,regular,2019-09-07 23:30:00,Florida,UT Martin,SEC,OVC,45,0,False,False,Ben Hill Griffin Stadium
401114193,2019,2,regular,2019-09-07 23:30:00,Oregon,Nevada,Pac-12,Mountain West,77,6,False,False,Autzen Stadium
401112258,2019,2,regular,2019-09-07 23:30:00,Penn State,Buffalo,Big Ten,Mid-American,45,13,False,False,Beaver Stadium
401126902,2019,2,regular,2019-09-08 00:00:00,Weber State,Cal Poly,Big Sky,Big Sky,41,24,False,True,Stewart Stadium
401112140,2019,2,regular,2019-09-08 00:00:00,Texas Tech,UTEP,Big 12,Conference USA,38,3,False,False,Jones AT&T Stadium
401112443,2019,2,regular,2019-09-08 00:00:00,North Carolina,Miami,ACC,ACC,28,25,False,True,Kenan Stadium
401117861,2019,2,regular,2019-09-08 00:00:00,Houston,Prairie View A&M,American Athletic,SWAC,37,17,False,False,TDECU Stadium
401126945,2019,2,regular,2019-09-08 00:00:00,Montana State,Southeast Missouri State,Big Sky,OVC,38,17,False,False,Bobcat Stadium
401126921,2019,2,regular,2019-09-08 01:00:00,Idaho,Central Washington,Big Sky,Great Northwest,41,31,False,False,Kibbie Dome
401117501,2019,2,regular,2019-09-08 01:00:00,San José State,Tulsa,Mountain West,American Athletic,16,34,False,False,CEFCU Stadium
401126938,2019,2,regular,2019-09-08 01:00:00,Montana,North Alabama,Big Sky,Big South,61,17,False,False,Washington-Grizzly Stadium
401117502,2019,2,regular,2019-09-08 02:00:00,UNLV,Arkansas State,Mountain West,Sun Belt,17,43,False,False,Sam Boyd Stadium
401114175,2019,2,regular,2019-09-08 02:30:00,Washington,California,Pac-12,Pac-12,19,20,False,True,Husky Stadium
401114207,2019,2,regular,2019-09-08 02:30:00,USC,Stanford,Pac-12,Pac-12,45,20,False,True,Los Angeles Memorial Coliseum
401112230,2019,2,regular,2019-09-08 02:30:00,Fresno State,Minnesota,Mountain West,Big Ten,35,38,False,False,Valley Children's Stadium
401114165,2019,2,regular,2019-09-08 02:45:00,Arizona,Northern Arizona,Pac-12,Big Sky,65,41,False,False,Arizona Stadium
401114200,2019,2,regular,2019-09-08 03:59:00,Hawai'i,Oregon State,Mountain West,Pac-12,31,28,False,False,Aloha Stadium
401112448,2019,3,regular,2019-09-13 22:00:00,Wake Forest,North Carolina,ACC,ACC,24,18,False,False,Allegacy Federal Credit Union Stadium
401112098,2019,3,regular,2019-09-13 23:30:00,Boston College,Kansas,ACC,Big 12,24,48,False,False,"Alumni Stadium (Chestnut Hill, MA)"
401114230,2019,3,regular,2019-09-14 01:15:00,Houston,Washington State,American Athletic,Pac-12,24,31,True,False,NRG Stadium
401112259,2019,3,regular,2019-09-14 16:00:00,Penn State,Pittsburgh,Big Ten,ACC,17,10,False,False,Beaver Stadium
401136280,2019,3,regular,2019-09-14 16:00:00,Saint Francis,Merrimack,NEC,NEC,42,14,False,False,DeGol Field
401110795,2019,3,regular,2019-09-14 16:00:00,Tennessee,Chattanooga,SEC,Southern,45,0,False,False,Neyland Stadium
401112144,2019,3,regular,2019-09-14 16:00:00,West Virginia,NC State,Big 12,ACC,44,27,False,False,Milan Puskar Stadium
401110788,2019,3,regular,2019-09-14 16:00:00,Georgia,Arkansas State,SEC,Sun Belt,55,0,False,False,Sanford Stadium
401110792,2019,3,regular,2019-09-14 16:00:00,Mississippi State,Kansas State,SEC,Big 12,24,31,False,False,Davis Wade Stadium
401112147,2019,3,regular,2019-09-14 16:00:00,Illinois,Eastern Michigan,Big Ten,Mid-American,31,34,False,False,"Memorial Stadium (Champaign, IL)"
401112203,2019,3,regular,2019-09-14 16:00:00,Temple,Maryland,American Athletic,Big Ten,20,17,False,False,Lincoln Financial Field
401112159,2019,3,regular,2019-09-14 16:00:00,Indiana,Ohio State,Big Ten,Big Ten,10,51,False,True,"Memorial Stadium (Bloomington, IN)"
401112455,2019,3,regular,2019-09-14 16:00:00,Virginia Tech,Furman,ACC,Southern,24,17,False,False,Lane Stadium
401128630,2019,3,regular,2019-09-14 16:00:00,Georgetown,Catholic,Patriot,NEWMAC,69,0,False,False,Cooper Field
401117863,2019,3,regular,2019-09-14 16:00:00,Cincinnati,Miami (OH),American Athletic,Mid-American,35,13,False,False,Nippert Stadium
401128591,2019,3,regular,2019-09-14 16:00:00,Marist,Stetson,Pioneer,Pioneer,26,23,False,True,Leonidoff Field
401128643,2019,3,regular,2019-09-14 16:30:00,Lafayette,Sacred Heart,Patriot,NEC,40,56,False,False,Fisher Field
401112452,2019,3,regular,2019-09-14 16:30:00,Georgia Tech,The Citadel,ACC,Southern,24,27,False,False,Bobby Dodd Stadium
401127269,2019,3,regular,2019-09-14 17:00:00,Indiana State,Eastern Kentucky,MVFC,OVC,19,7,False,False,Memorial Stadium
401127055,2019,3,regular,2019-09-14 17:00:00,Delaware,North Dakota State,CAA,MVFC,22,47,False,False,Delaware Stadium
401127417,2019,3,regular,2019-09-14 17:00:00,Bryant,Fordham,NEC,Patriot,14,29,False,False,Bulldog Stadium
401127015,2019,3,regular,2019-09-14 17:00:00,Monmouth,UAlbany,Big South,CAA,38,35,False,False,Kessler Stadium
401114185,2019,3,regular,2019-09-14 17:00:00,Colorado,Air Force,Pac-12,Mountain West,23,30,False,False,Folsom Field
401127305,2019,3,regular,2019-09-14 18:00:00,Youngstown State,Duquesne,MVFC,NEC,34,14,False,False,Stambaugh Stadium
401121939,2019,3,regular,2019-09-14 18:00:00,Coastal Carolina,Norfolk State,Sun Belt,MEAC,46,7,False,False,Brooks Stadium (SC)
401127294,2019,3,regular,2019-09-14 18:00:00,South Dakota State,Drake,MVFC,Pioneer,38,10,False,False,Dana J. Dykhouse Stadium
401128610,2019,3,regular,2019-09-14 18:00:00,Valparaiso,Central Connecticut,Pioneer,NEC,13,42,False,False,Brown Field
401114257,2019,3,regular,2019-09-14 18:00:00,Ball State,Florida Atlantic,Mid-American,Conference USA,31,41,False,False,Scheumann Stadium
401114336,2019,3,regular,2019-09-14 18:30:00,Notre Dame,New Mexico,FBS Independents,Mountain West,66,14,False,False,Notre Dame Stadium
401119263,2019,3,regular,2019-09-14 19:00:00,Central Michigan,Akron,Mid-American,Mid-American,45,24,False,True,Kelly/Shorts Stadium
401127288,2019,3,regular,2019-09-14 19:00:00,South Dakota,Houston Christian,MVFC,Southland,52,53,False,False,DakotaDome
401128574,2019,3,regular,2019-09-14 19:00:00,Robert Morris,Dayton,NEC,Pioneer,31,34,False,False,Joe Walton Stadium
401127260,2019,3,regular,2019-09-14 19:00:00,Eastern Illinois,Illinois State,OVC,MVFC,3,21,False,False,O'Brien Stadium
401114219,2019,3,regular,2019-09-14 19:30:00,BYU,USC,FBS Independents,Pac-12,30,27,False,False,LaVell Edwards Stadium
401117864,2019,3,regular,2019-09-14 19:30:00,Navy,East Carolina,American Athletic,American Athletic,42,10,False,True,Navy-Marine Corps Memorial Stadium
401112231,2019,3,regular,2019-09-14 19:30:00,Minnesota,Georgia Southern,Big Ten,Sun Belt,35,32,False,False,Huntington Bank Stadium
401110794,2019,3,regular,2019-09-14 19:30:00,South Carolina,Alabama,SEC,SEC,23,47,False,True,Williams-Brice Stadium
401112124,2019,3,regular,2019-09-14 19:30:00,Tulsa,Oklahoma State,American Athletic,Big 12,21,40,False,False,Chapman Stadium
401114261,2019,3,regular,2019-09-14 19:30:00,UTSA,Army,Conference USA,FBS Independents,13,31,False,False,Alamodome
401112246,2019,3,regular,2019-09-14 19:30:00,Northwestern,UNLV,Big Ten,Mountain West,30,14,False,False,Ryan Field
401128531,2019,3,regular,2019-09-14 19:30:00,Western Carolina,North Greenville,Southern,Gulf South,20,17,False,False,E. J. Whitmire Stadium
401114208,2019,3,regular,2019-09-14 19:30:00,UCF,Stanford,American Athletic,Pac-12,45,27,False,False,FBC Mortgage Stadium
401117865,2019,3,regular,2019-09-14 19:30:00,South Alabama,Memphis,Sun Belt,American Athletic,6,42,False,False,Ladd Peebles Stadium
401112086,2019,3,regular,2019-09-14 20:00:00,Iowa State,Iowa,Big 12,Big Ten,17,18,False,False,Jack Trice Stadium
401110791,2019,3,regular,2019-09-14 20:00:00,Ole Miss,SE Louisiana,SEC,Southland,40,29,False,False,Vaught-Hemingway Stadium
401127413,2019,3,regular,2019-09-14 20:00:00,Delaware State,Lincoln (PA),MEAC,CIAA,58,12,False,False,Alumni Stadium
401110786,2019,3,regular,2019-09-14 20:00:00,Arkansas,Colorado State,SEC,Mountain West,55,34,False,False,Razorback Stadium
401112453,2019,3,regular,2019-09-14 20:00:00,Western Kentucky,Louisville,Conference USA,ACC,21,38,True,False,Nissan Stadium
401128598,2019,3,regular,2019-09-14 20:00:00,Morehead State,Kentucky Christian,Pioneer,,73,34,False,False,Jayne Stadium
401112454,2019,3,regular,2019-09-14 20:00:00,Miami,Bethune-Cookman,ACC,MEAC,63,0,False,False,Hard Rock Stadium
401127056,2019,3,regular,2019-09-14 20:00:00,James Madison,Morgan State,CAA,MEAC,63,12,False,False,Bridgeforth Stadium
401126912,2019,3,regular,2019-09-14 20:00:00,Jacksonville State,Eastern Washington,OVC,Big Sky,49,45,False,False,AmFirst Stadium
401112214,2019,3,regular,2019-09-14 20:00:00,Michigan State,Arizona State,Big Ten,Pac-12,7,10,False,False,Spartan Stadium
401126946,2019,3,regular,2019-09-14 20:00:00,Western Illinois,Montana State,MVFC,Big Sky,14,23,False,False,Hanson Field
401114176,2019,3,regular,2019-09-14 20:15:00,California,North Texas,Pac-12,Conference USA,23,17,False,False,California Memorial Stadium
401114225,2019,3,regular,2019-09-14 20:15:00,Utah,Idaho State,Pac-12,Big Sky,31,0,False,False,Rice-Eccles Stadium
401114201,2019,3,regular,2019-09-14 20:15:00,Oregon State,Cal Poly,Pac-12,Big Sky,45,7,False,False,Reser Stadium
401127036,2019,3,regular,2019-09-14 20:30:00,Howard,Hampton,MEAC,Big South,20,41,False,False,Soldier Field
401117504,2019,3,regular,2019-09-14 21:00:00,Wyoming,Idaho,Mountain West,Big Sky,21,16,False,False,War Memorial Stadium
401114258,2019,3,regular,2019-09-14 21:00:00,Bowling Green,Louisiana Tech,Mid-American,Conference USA,7,35,False,False,Doyt L. Perry Stadium
401127203,2019,3,regular,2019-09-14 21:00:00,North Dakota,Sam Houston,FCS Independents,Southland,27,23,False,False,Alerus Center
401128445,2019,3,regular,2019-09-14 22:00:00,Alabama State,Kennesaw State,SWAC,Big South,7,42,False,False,Hornet Stadium
401117866,2019,3,regular,2019-09-14 22:00:00,South Florida,South Carolina State,American Athletic,MEAC,55,16,False,False,Raymond James Stadium
401127006,2019,3,regular,2019-09-14 22:00:00,Gardner-Webb,North Carolina Central,Big South,MEAC,21,12,False,False,Ernest W. Spangler Stadium
401114260,2019,3,regular,2019-09-14 22:00:00,Troy,Southern Miss,Sun Belt,Conference USA,42,47,False,False,Veterans Memorial Stadium (AL)
401127058,2019,3,regular,2019-09-14 22:00:00,Bucknell,Villanova,Patriot,CAA,10,45,False,False,Christy Mathewson-Memorial Stadium
401128554,2019,3,regular,2019-09-14 22:00:00,Butler,Taylor,Pioneer,,14,17,False,False,Butler Bowl
401127053,2019,3,regular,2019-09-14 22:00:00,Richmond,Elon,CAA,CAA,20,42,False,True,E. Claiborne Robins Stadium
401127057,2019,3,regular,2019-09-14 22:00:00,Stony Brook,Wagner,CAA,NEC,26,10,False,False,Kenneth P. LaValle Stadium
401128524,2019,3,regular,2019-09-14 22:00:00,Wofford,Samford,Southern,Southern,14,21,False,True,Gibbs Stadium
401114348,2019,3,regular,2019-09-14 22:00:00,Liberty,Buffalo,FBS Independents,Mid-American,35,17,False,False,Williams Stadium (VA)
401126997,2019,3,regular,2019-09-14 22:00:00,Charleston Southern,North Carolina A&T,Big South,MEAC,21,27,False,False,Buccaneer Field
401114255,2019,3,regular,2019-09-14 22:00:00,Charlotte,Massachusetts,Conference USA,FBS Independents,52,17,False,False,Jerry Richardson Stadium
401127215,2019,3,regular,2019-09-14 22:00:00,Florida A&M,Fort Valley State,MEAC,SIAC,57,20,False,False,Bragg Memorial Stadium
401127059,2019,3,regular,2019-09-14 22:00:00,William & Mary,Colgate,CAA,Patriot,38,10,False,False,Zable Stadium
401114259,2019,3,regular,2019-09-14 22:30:00,Marshall,Ohio,Conference USA,Mid-American,33,31,False,False,Joan C. Edwards Stadium
401110789,2019,3,regular,2019-09-14 23:00:00,Kentucky,Florida,SEC,SEC,21,29,False,True,Kroger Field
401114256,2019,3,regular,2019-09-14 23:00:00,Florida International,New Hampshire,Conference USA,CAA,30,17,False,False,FIU Stadium
401127298,2019,3,regular,2019-09-14 23:00:00,Southern Illinois,UT Martin,MVFC,OVC,28,14,False,False,Saluki Stadium
401117505,2019,3,regular,2019-09-14 23:00:00,Nevada,Weber State,Mountain West,Big Sky,19,13,False,False,Mackay Stadium
401119265,2019,3,regular,2019-09-14 23:00:00,Toledo,Murray State,Mid-American,OVC,45,0,False,False,Glass Bowl
401119264,2019,3,regular,2019-09-14 23:00:00,Western Michigan,Georgia State,Mid-American,Sun Belt,57,10,False,False,Waldo Stadium
401128566,2019,3,regular,2019-09-14 23:00:00,Davidson,West Virginia Wesleyan,Pioneer,Mountain East,41,0,False,False,Richardson Stadium
401128383,2019,3,regular,2019-09-14 23:00:00,Jackson State,Tennessee State,SWAC,OVC,49,44,False,False,Simmons Bank Liberty Stadium
401128389,2019,3,regular,2019-09-14 23:00:00,Tennessee Tech,UVA Wise,OVC,South Atlantic,31,14,False,False,Tucker Stadium
401127030,2019,3,regular,2019-09-14 23:00:00,North Alabama,Alabama A&M,Big South,SWAC,24,31,False,False,Braly Municipal Stadium
401128660,2019,3,regular,2019-09-14 23:00:00,Central Arkansas,Abilene Christian,Southland,Southland,31,30,False,True,Estes Stadium
401126955,2019,3,regular,2019-09-14 23:00:00,Northern Arizona,Western New Mexico,Big Sky,Lone Star,55,21,False,False,Walkup Skydome
401128460,2019,3,regular,2019-09-14 23:00:00,Arkansas-Pine Bluff,Langston,SWAC,,53,15,False,False,Golden Lion Stadium
401128487,2019,3,regular,2019-09-14 23:00:00,Southern,Edward Waters,SWAC,SIAC,61,0,False,False,Ace W. Mumford Stadium
401110796,2019,3,regular,2019-09-14 23:00:00,Texas A&M,Lamar,SEC,Southland,62,3,False,False,Kyle Field
401128453,2019,3,regular,2019-09-14 23:00:00,McNeese,Alcorn State,Southland,SWAC,17,14,False,False,Cowboy Stadium
401128482,2019,3,regular,2019-09-14 23:00:00,Prairie View A&M,Nicholls,SWAC,Southland,35,42,False,False,Panther Stadium
401127429,2019,3,regular,2019-09-14 23:00:00,Mercer,Austin Peay,Southern,OVC,34,48,False,False,Five Star Stadium at the Moye Complex
401117867,2019,3,regular,2019-09-14 23:00:00,SMU,Texas State,American Athletic,Sun Belt,47,17,False,False,Gerald J. Ford Stadium
401127022,2019,3,regular,2019-09-14 23:00:00,Presbyterian,Jacksonville,Big South,Pioneer,20,30,False,False,Bailey Memorial Stadium
401110787,2019,3,regular,2019-09-14 23:00:00,Auburn,Kent State,SEC,Mid-American,55,16,False,False,Jordan-Hare Stadium
401112450,2019,3,regular,2019-09-14 23:00:00,Middle Tennessee,Duke,Conference USA,ACC,18,41,False,False,"Johnny ""Red"" Floyd Stadium"
401127054,2019,3,regular,2019-09-14 23:00:00,Maine,Towson,CAA,CAA,23,45,False,True,Alfond Stadium
401110790,2019,3,regular,2019-09-14 23:30:00,LSU,Northwestern State,SEC,Southland,65,14,False,False,Tiger Stadium (LA)
401121940,2019,3,regular,2019-09-14 23:30:00,Louisiana,Texas Southern,Sun Belt,SWAC,77,6,False,False,Cajun Field
401112449,2019,3,regular,2019-09-14 23:30:00,Syracuse,Clemson,ACC,ACC,6,41,False,True,JMA Wireless Dome
401112451,2019,3,regular,2019-09-14 23:30:00,Virginia,Florida State,ACC,ACC,31,24,False,True,Scott Stadium
401110793,2019,3,regular,2019-09-14 23:30:00,Missouri,Southeast Missouri State,SEC,OVC,50,0,False,False,Memorial Stadium
401114234,2019,3,regular,2019-09-14 23:30:00,Washington,Hawai'i,Pac-12,Mountain West,52,20,False,False,Husky Stadium
401112130,2019,3,regular,2019-09-14 23:30:00,Purdue,TCU,Big Ten,Big 12,13,34,False,False,Ross-Ade Stadium
401114339,2019,3,regular,2019-09-15 00:00:00,New Mexico State,San Diego State,FBS Independents,Mountain West,10,31,False,False,Aggie Memorial Stadium
401112116,2019,3,regular,2019-09-15 00:00:00,UCLA,Oklahoma,Pac-12,Big 12,14,48,False,False,Rose Bowl
401112240,2019,3,regular,2019-09-15 00:00:00,Nebraska,Northern Illinois,Big Ten,Mid-American,44,8,False,False,"Memorial Stadium (Lincoln, NE)"
401112136,2019,3,regular,2019-09-15 00:00:00,Rice,Texas,Conference USA,Big 12,13,48,True,False,NRG Stadium
401117868,2019,3,regular,2019-09-15 00:00:00,Tulane,Missouri State,American Athletic,MVFC,58,6,False,False,Yulman Stadium
401126974,2019,3,regular,2019-09-15 00:05:00,Southern Utah,Stephen F. Austin,Big Sky,Southland,45,38,False,False,Eccles Coliseum
401128507,2019,3,regular,2019-09-15 00:50:00,East Tennessee State,VMI,Southern,Southern,24,31,False,True,William B. Greene Jr. Stadium
401126962,2019,3,regular,2019-09-15 01:00:00,Sacramento State,Northern Colorado,Big Sky,Big Sky,50,0,False,True,Hornet Stadium
401126980,2019,3,regular,2019-09-15 02:00:00,UC Davis,Lehigh,Big Sky,Patriot,41,13,False,False,Aggie Stadium
401117503,2019,3,regular,2019-09-15 02:15:00,Boise State,Portland State,Mountain West,Big Sky,45,10,False,False,Albertsons Stadium
401112141,2019,3,regular,2019-09-15 02:30:00,Arizona,Texas Tech,Pac-12,Big 12,28,14,False,False,Arizona Stadium
401114194,2019,3,regular,2019-09-15 02:45:00,Oregon,Montana,Pac-12,Big Sky,35,3,False,False,Autzen Stadium
401117869,2019,4,regular,2019-09-20 00:00:00,Tulane,Houston,American Athletic,American Athletic,38,31,False,True,Yulman Stadium
401114262,2019,4,regular,2019-09-21 00:00:00,Louisiana Tech,Florida International,Conference USA,Conference USA,43,31,False,True,Joe Aillet Stadium
401117506,2019,4,regular,2019-09-21 01:00:00,Boise State,Air Force,Mountain West,Mountain West,30,19,False,True,Albertsons Stadium
401114220,2019,4,regular,2019-09-21 01:00:00,USC,Utah,Pac-12,Pac-12,30,23,False,True,Los Angeles Memorial Coliseum
401114327,2019,4,regular,2019-09-21 16:00:00,Army,Morgan State,FBS Independents,MEAC,52,21,False,False,Michie Stadium
401110801,2019,4,regular,2019-09-21 16:00:00,Ole Miss,California,SEC,Pac-12,20,28,False,False,Vaught-Hemingway Stadium
401112215,2019,4,regular,2019-09-21 16:00:00,Northwestern,Michigan State,Big Ten,Big Ten,10,31,False,True,Ryan Field
401112265,2019,4,regular,2019-09-21 16:00:00,Rutgers,Boston College,Big Ten,ACC,16,30,False,False,High Point Solutions Stadium
401112160,2019,4,regular,2019-09-21 16:00:00,Indiana,UConn,Big Ten,American Athletic,38,3,False,False,"Memorial Stadium (Bloomington, IN)"
401110797,2019,4,regular,2019-09-21 16:00:00,Alabama,Southern Miss,SEC,Conference USA,49,7,False,False,Bryant-Denny Stadium
401127065,2019,4,regular,2019-09-21 16:00:00,Colgate,Maine,Patriot,CAA,21,35,False,False,Andy Kerr Stadium
401110805,2019,4,regular,2019-09-21 16:00:00,Vanderbilt,LSU,SEC,SEC,38,66,False,True,FirstBank Stadium
401112087,2019,4,regular,2019-09-21 16:00:00,Iowa State,UL Monroe,Big 12,Sun Belt,72,20,False,False,Jack Trice Stadium
401112464,2019,4,regular,2019-09-21 16:00:00,Wake Forest,Elon,ACC,CAA,49,7,False,False,Allegacy Federal Credit Union Stadium
401128592,2019,4,regular,2019-09-21 16:00:00,Marist,Cornell,Pioneer,Ivy,7,21,False,False,Leonidoff Field
401110799,2019,4,regular,2019-09-21 16:00:00,Florida,Tennessee,SEC,SEC,34,3,False,True,Ben Hill Griffin Stadium
401112224,2019,4,regular,2019-09-21 16:00:00,Wisconsin,Michigan,Big Ten,Big Ten,35,14,False,True,Camp Randall Stadium
401112462,2019,4,regular,2019-09-21 16:00:00,Syracuse,Western Michigan,ACC,Mid-American,52,33,False,False,JMA Wireless Dome
401114355,2019,4,regular,2019-09-21 17:00:00,Massachusetts,Coastal Carolina,FBS Independents,Sun Belt,28,62,False,False,Warren McGuirk Alumni Stadium
401127023,2019,4,regular,2019-09-21 17:00:00,Presbyterian,Eastern Kentucky,Big South,OVC,10,35,False,False,Bailey Memorial Stadium
401128575,2019,4,regular,2019-09-21 17:00:00,Dayton,Duquesne,Pioneer,NEC,31,35,False,False,Welcome Stadium
401128514,2019,4,regular,2019-09-21 17:00:00,Furman,Mercer,Southern,Southern,45,10,False,True,Paladin Stadium
401128946,2019,4,regular,2019-09-21 17:00:00,Saint Francis,Columbia,NEC,Ivy,14,31,False,False,DeGol Field
401128637,2019,4,regular,2019-09-21 17:00:00,Yale,Holy Cross,Ivy,Patriot,23,10,False,False,Yale Bowl
401128583,2019,4,regular,2019-09-21 17:00:00,Jacksonville,Dartmouth,Pioneer,Ivy,6,35,False,False,D. B. Milne Field
401127270,2019,4,regular,2019-09-21 17:00:00,Indiana State,Eastern Illinois,MVFC,OVC,16,6,False,False,Memorial Stadium
401136281,2019,4,regular,2019-09-21 17:00:00,Merrimack,Mayville State,NEC,,76,7,False,False,Duane Stadium
401136614,2019,4,regular,2019-09-21 17:00:00,Long Island University,Sacred Heart,NEC,NEC,10,34,False,True,Bethpage Federal Credit Union Stadium
401127063,2019,4,regular,2019-09-21 17:00:00,Delaware,Pennsylvania,CAA,Ivy,28,27,False,False,Delaware Stadium
401128528,2019,4,regular,2019-09-21 17:30:00,VMI,Robert Morris,Southern,NEC,21,31,False,False,Alumni Memorial Field
401119268,2019,4,regular,2019-09-21 18:00:00,Ohio,Louisiana,Mid-American,Sun Belt,25,45,False,False,Peden Stadium
401127414,2019,4,regular,2019-09-21 18:00:00,Delaware State,Howard,MEAC,MEAC,9,24,False,True,Alumni Stadium
401128377,2019,4,regular,2019-09-21 18:00:00,Southeast Missouri State,West Virginia State,OVC,Mountain East,56,10,False,False,Houck Stadium
401127418,2019,4,regular,2019-09-21 18:00:00,Bryant,Brown,NEC,Ivy,30,35,False,False,Bulldog Stadium
401119267,2019,4,regular,2019-09-21 19:00:00,Eastern Michigan,Central Connecticut,Mid-American,NEC,34,29,False,False,Rynearson Stadium
401126913,2019,4,regular,2019-09-21 19:00:00,Idaho,Eastern Washington,Big Sky,Big Sky,35,27,False,True,Kibbie Dome
401127250,2019,4,regular,2019-09-21 19:00:00,Missouri State,Kennesaw State,MVFC,Big South,24,35,False,False,Plaster Sports Complex
401126939,2019,4,regular,2019-09-21 19:00:00,Montana,Monmouth,Big Sky,Big South,47,27,False,False,Washington-Grizzly Stadium
401126947,2019,4,regular,2019-09-21 19:00:00,Montana State,Norfolk State,Big Sky,MEAC,56,21,False,False,Bobcat Stadium
401128384,2019,4,regular,2019-09-21 19:00:00,Tennessee State,Arkansas-Pine Bluff,OVC,SWAC,31,37,False,False,Hale Stadium
401119269,2019,4,regular,2019-09-21 19:00:00,Akron,Troy,Mid-American,Sun Belt,7,35,False,False,InfoCision Stadium
401117870,2019,4,regular,2019-09-21 19:30:00,Buffalo,Temple,Mid-American,American Athletic,38,22,False,False,UB Stadium
401119266,2019,4,regular,2019-09-21 19:30:00,Kent State,Bowling Green,Mid-American,Mid-American,62,20,False,True,Dix Stadium
401112461,2019,4,regular,2019-09-21 19:30:00,Pittsburgh,UCF,ACC,American Athletic,35,34,False,False,Acrisure Stadium
401126981,2019,4,regular,2019-09-21 19:30:00,North Dakota State,UC Davis,MVFC,Big Sky,27,16,False,False,Fargodome
401110804,2019,4,regular,2019-09-21 19:30:00,Texas A&M,Auburn,SEC,SEC,20,28,False,True,Kyle Field
401117509,2019,4,regular,2019-09-21 19:30:00,Tulsa,Wyoming,American Athletic,Mountain West,24,21,False,False,Chapman Stadium
401112131,2019,4,regular,2019-09-21 19:30:00,TCU,SMU,Big 12,American Athletic,38,41,False,False,Amon G. Carter Stadium
401114265,2019,4,regular,2019-09-21 19:30:00,UAB,South Alabama,Conference USA,Sun Belt,35,3,False,False,Legion Field
401114235,2019,4,regular,2019-09-21 19:30:00,BYU,Washington,FBS Independents,Pac-12,19,45,False,False,LaVell Edwards Stadium
401112253,2019,4,regular,2019-09-21 19:30:00,Ohio State,Miami (OH),Big Ten,Mid-American,76,5,False,False,Ohio Stadium
401112459,2019,4,regular,2019-09-21 19:30:00,North Carolina,App State,ACC,Sun Belt,31,34,False,False,Kenan Stadium
401112457,2019,4,regular,2019-09-21 19:30:00,Florida State,Louisville,ACC,ACC,35,24,False,True,Doak Campbell Stadium
401127062,2019,4,regular,2019-09-21 19:30:00,UAlbany,Lafayette,CAA,Patriot,36,7,False,False,Bob Ford Field
401127241,2019,4,regular,2019-09-21 20:00:00,North Carolina Central,Elizabeth City State,MEAC,CIAA,45,7,False,False,O'Kelly-Riddick Stadium
401126963,2019,4,regular,2019-09-21 20:00:00,Northern Colorado,South Dakota,Big Sky,MVFC,6,14,False,False,Nottingham Field
401110802,2019,4,regular,2019-09-21 20:00:00,Mississippi State,Kentucky,SEC,SEC,28,13,False,True,Davis Wade Stadium
401127064,2019,4,regular,2019-09-21 20:00:00,Chattanooga,James Madison,Southern,CAA,14,37,False,False,Finley Stadium
401128611,2019,4,regular,2019-09-21 20:00:00,Truman State,Valparaiso,Great Lakes,Pioneer,38,7,False,False,Stokes Stadium
401127301,2019,4,regular,2019-09-21 20:00:00,Western Illinois,Tennessee Tech,MVFC,OVC,24,38,False,False,Hanson Field
401112458,2019,4,regular,2019-09-21 20:00:00,Miami,Central Michigan,ACC,Mid-American,17,12,False,False,Hard Rock Stadium
401128603,2019,4,regular,2019-09-21 20:00:00,San Diego,Harvard,Pioneer,Ivy,31,23,False,False,Torero Stadium
401110803,2019,4,regular,2019-09-21 20:00:00,Missouri,South Carolina,SEC,SEC,34,14,False,True,Memorial Stadium
401114340,2019,4,regular,2019-09-21 20:30:00,New Mexico,New Mexico State,Mountain West,FBS Independents,55,52,False,False,University Stadium (NM)
401112099,2019,4,regular,2019-09-21 20:30:00,Kansas,West Virginia,Big 12,Big 12,24,29,False,True,Memorial Stadium
401126930,2019,4,regular,2019-09-21 21:00:00,Northern Iowa,Idaho State,MVFC,Big Sky,13,6,False,False,UNI-Dome
401128555,2019,4,regular,2019-09-21 21:00:00,Princeton,Butler,Ivy,Pioneer,49,7,False,False,Princeton University Stadium
401126967,2019,4,regular,2019-09-21 21:05:00,Portland State,Eastern Oregon,Big Sky,,59,9,False,False,Hillsboro Stadium
401127216,2019,4,regular,2019-09-21 22:00:00,Florida A&M,Southern,MEAC,SWAC,27,21,False,False,Bragg Memorial Stadium
401128446,2019,4,regular,2019-09-21 22:00:00,Alabama State,Grambling,SWAC,SWAC,23,20,False,True,Hornet Stadium
401126987,2019,4,regular,2019-09-21 22:00:00,Campbell,Davidson,Big South,Pioneer,31,29,False,False,Barker-Lane Stadium
401128607,2019,4,regular,2019-09-21 22:00:00,Stetson,Western New England,Pioneer,Commonwealth Coast,59,28,False,False,Spec Martin Municipal Stadium
401127007,2019,4,regular,2019-09-21 22:00:00,Wofford,Gardner-Webb,Southern,Big South,49,10,False,False,Gibbs Stadium
401128454,2019,4,regular,2019-09-21 22:00:00,Alcorn State,Prairie View A&M,SWAC,SWAC,45,41,False,True,Jack Spinks Stadium
401114349,2019,4,regular,2019-09-21 22:00:00,Liberty,Hampton,FBS Independents,Big South,62,27,False,False,Williams Stadium (VA)
401127060,2019,4,regular,2019-09-21 22:00:00,New Hampshire,Rhode Island,CAA,CAA,27,24,False,True,Wildcat Stadium
401126998,2019,4,regular,2019-09-21 22:00:00,The Citadel,Charleston Southern,Southern,Big South,22,13,False,False,Johnson Hagood Stadium
401116697,2019,4,regular,2019-09-21 22:00:00,East Carolina,William & Mary,American Athletic,CAA,19,7,False,False,Dowdy-Ficklen Stadium
401127061,2019,4,regular,2019-09-21 22:00:00,Towson,Villanova,CAA,CAA,45,52,False,True,Johnny Unitas Stadium
401127066,2019,4,regular,2019-09-21 22:00:00,Stony Brook,Fordham,CAA,Patriot,45,10,False,False,Kenneth P. LaValle Stadium
401114263,2019,4,regular,2019-09-21 22:00:00,Florida Atlantic,Wagner,Conference USA,NEC,42,7,False,False,FAU Stadium
401128720,2019,4,regular,2019-09-21 23:00:00,Stephen F. Austin,Nicholls,Southland,Southland,30,48,False,True,Homer Bryce Stadium
401127206,2019,4,regular,2019-09-21 23:00:00,Mississippi Valley State,Bethune-Cookman,SWAC,MEAC,6,22,False,False,Rice-Totten Field
401128703,2019,4,regular,2019-09-21 23:00:00,Sam Houston,Incarnate Word,Southland,Southland,45,6,False,True,Elliott T. Bowers Stadium
401112460,2019,4,regular,2019-09-21 23:00:00,NC State,Ball State,ACC,Mid-American,34,23,False,False,Carter-Finley Stadium
401128694,2019,4,regular,2019-09-21 23:00:00,Houston Christian,Northwestern State,Southland,Southland,48,21,False,True,Husky Stadium
401128371,2019,4,regular,2019-09-21 23:00:00,Murray State,Morehead State,OVC,Pioneer,59,7,False,False,Roy Stewart Stadium
401128435,2019,4,regular,2019-09-21 23:00:00,Samford,Alabama A&M,Southern,SWAC,55,21,False,False,Seibert Stadium
401121942,2019,4,regular,2019-09-21 23:00:00,Texas State,Georgia State,Sun Belt,Sun Belt,37,34,False,True,Bobcat Stadium (TX)
401112463,2019,4,regular,2019-09-21 23:00:00,Virginia,Old Dominion,ACC,Conference USA,28,17,False,False,Scott Stadium
401128661,2019,4,regular,2019-09-21 23:00:00,Abilene Christian,McNeese,Southland,Southland,17,10,False,True,Wildcat Stadium (TX)
401127031,2019,4,regular,2019-09-21 23:00:00,Jacksonville State,North Alabama,OVC,Big South,30,12,False,False,AmFirst Stadium
401126975,2019,4,regular,2019-09-21 23:00:00,South Dakota State,Southern Utah,MVFC,Big Sky,43,7,False,False,Dana J. Dykhouse Stadium
401114195,2019,4,regular,2019-09-21 23:00:00,Stanford,Oregon,Pac-12,Pac-12,6,21,False,True,Stanford Stadium
401112075,2019,4,regular,2019-09-21 23:00:00,Rice,Baylor,Conference USA,Big 12,13,21,False,False,Rice Stadium
401121941,2019,4,regular,2019-09-21 23:00:00,Arkansas State,Southern Illinois,Sun Belt,MVFC,41,28,False,False,Centennial Bank Stadium
401112456,2019,4,regular,2019-09-21 23:30:00,Clemson,Charlotte,ACC,Conference USA,52,10,False,False,"Memorial Stadium (Clemson, SC)"
401110798,2019,4,regular,2019-09-21 23:30:00,Arkansas,San José State,SEC,Mountain West,24,31,False,False,Razorback Stadium
401127430,2019,4,regular,2019-09-21 23:30:00,East Tennessee State,Austin Peay,Southern,OVC,20,14,False,False,William B. Greene Jr. Stadium
401114264,2019,4,regular,2019-09-21 23:30:00,North Texas,UTSA,Conference USA,Conference USA,45,3,False,True,DATCU Stadium
401126956,2019,4,regular,2019-09-21 23:30:00,Illinois State,Northern Arizona,MVFC,Big Sky,40,27,False,False,Hancock Stadium
401112125,2019,4,regular,2019-09-21 23:30:00,Texas,Oklahoma State,Big 12,Big 12,36,30,False,True,DKR-Texas Memorial Stadium
401112148,2019,4,regular,2019-09-22 00:00:00,Illinois,Nebraska,Big Ten,Big Ten,38,42,False,True,"Memorial Stadium (Champaign, IL)"
401110800,2019,4,regular,2019-09-22 00:00:00,Georgia,Notre Dame,SEC,FBS Independents,23,17,False,False,Sanford Stadium
401114266,2019,4,regular,2019-09-22 00:00:00,UTEP,Nevada,Conference USA,Mountain West,21,37,False,False,Sun Bowl
401128710,2019,4,regular,2019-09-22 00:00:00,SE Louisiana,Lamar,Southland,Southland,45,34,False,True,Strawberry Stadium
401117510,2019,4,regular,2019-09-22 02:00:00,Fresno State,Sacramento State,Mountain West,Big Sky,34,20,False,False,Valley Children's Stadium
401114155,2019,4,regular,2019-09-22 02:00:00,Arizona State,Colorado,Pac-12,Pac-12,31,34,False,True,Mountain America Stadium
401117507,2019,4,regular,2019-09-22 02:15:00,Colorado State,Toledo,Mountain West,Mid-American,35,41,False,False,Canvas Stadium
401117508,2019,4,regular,2019-09-22 02:30:00,San Diego State,Utah State,Mountain West,Mountain West,17,23,False,True,Qualcomm Stadium
401114215,2019,4,regular,2019-09-22 02:30:00,Washington State,UCLA,Pac-12,Pac-12,63,67,False,True,Gesa Field
401117511,2019,4,regular,2019-09-22 03:59:00,Hawai'i,Central Arkansas,Mountain West,Southland,35,16,False,False,Aloha Stadium
401127235,2019,5,regular,2019-09-26 23:30:00,North Carolina A&T,Delaware State,MEAC,MEAC,37,0,False,True,Aggie Stadium
401117871,2019,5,regular,2019-09-27 00:00:00,Memphis,Navy,American Athletic,American Athletic,35,23,False,True,Simmons Bank Liberty Stadium
401128652,2019,5,regular,2019-09-27 23:00:00,Harvard,Brown,Ivy,Ivy,42,7,False,True,Harvard Stadium
401112465,2019,5,regular,2019-09-27 23:00:00,Virginia Tech,Duke,ACC,ACC,10,45,False,True,Lane Stadium
401117512,2019,5,regular,2019-09-28 00:00:00,Air Force,San José State,Mountain West,Mountain West,41,24,False,True,Falcon Stadium
401112204,2019,5,regular,2019-09-28 00:00:00,Maryland,Penn State,Big Ten,Big Ten,0,59,False,True,SECU Stadium
401114156,2019,5,regular,2019-09-28 02:30:00,California,Arizona State,Pac-12,Pac-12,17,24,False,True,California Memorial Stadium
401119270,2019,5,regular,2019-09-28 16:00:00,Miami (OH),Buffalo,Mid-American,Mid-American,34,20,False,True,Yager Stadium
401136617,2019,5,regular,2019-09-28 16:00:00,Wagner,Long Island University,NEC,NEC,24,14,False,True,Wagner College Stadium
401112471,2019,5,regular,2019-09-28 16:00:00,Syracuse,Holy Cross,ACC,Patriot,41,3,False,False,JMA Wireless Dome
401112117,2019,5,regular,2019-09-28 16:00:00,Oklahoma,Texas Tech,Big 12,Big 12,55,16,False,True,"Memorial Stadium (Norman, OK)"
401112100,2019,5,regular,2019-09-28 16:00:00,TCU,Kansas,Big 12,Big 12,51,14,False,True,Amon G. Carter Stadium
401112247,2019,5,regular,2019-09-28 16:00:00,Wisconsin,Northwestern,Big Ten,Big Ten,24,15,False,True,Camp Randall Stadium
401112225,2019,5,regular,2019-09-28 16:00:00,Michigan,Rutgers,Big Ten,Big Ten,52,0,False,True,Michigan Stadium
401110807,2019,5,regular,2019-09-28 16:00:00,Arkansas,Texas A&M,SEC,SEC,27,31,True,True,AT&T Stadium
401119271,2019,5,regular,2019-09-28 16:00:00,Western Michigan,Central Michigan,Mid-American,Mid-American,31,15,False,True,Waldo Stadium
401110811,2019,5,regular,2019-09-28 16:00:00,Vanderbilt,Northern Illinois,SEC,Mid-American,24,18,False,False,FirstBank Stadium
401112193,2019,5,regular,2019-09-28 16:00:00,Iowa,Middle Tennessee,Big Ten,Conference USA,48,3,False,False,Kinnick Stadium
401117213,2019,5,regular,2019-09-28 16:00:00,Toledo,BYU,Mid-American,FBS Independents,28,21,False,False,Glass Bowl
401112470,2019,5,regular,2019-09-28 16:30:00,Pittsburgh,Delaware,ACC,CAA,17,14,False,False,Acrisure Stadium
401128649,2019,5,regular,2019-09-28 16:30:00,Lehigh,Merrimack,Patriot,NEC,10,3,False,False,Goodman Stadium
401127207,2019,5,regular,2019-09-28 17:00:00,Howard,Bethune-Cookman,MEAC,MEAC,29,37,False,True,William H. Greene Stadium
401128951,2019,5,regular,2019-09-28 17:00:00,Yale,Cornell,Ivy,Ivy,27,16,False,True,Yale Bowl
401128508,2019,5,regular,2019-09-28 17:00:00,Furman,East Tennessee State,Southern,Southern,17,10,False,True,Paladin Stadium
401127419,2019,5,regular,2019-09-28 17:00:00,Bryant,Saint Francis,NEC,NEC,6,16,False,True,Bulldog Stadium
401128593,2019,5,regular,2019-09-28 17:00:00,Marist,Drake,Pioneer,Pioneer,17,41,False,True,Leonidoff Field
401128608,2019,5,regular,2019-09-28 17:00:00,Stetson,North Carolina Wesleyan,Pioneer,USA South,55,21,False,False,Spec Martin Municipal Stadium
401128584,2019,5,regular,2019-09-28 17:00:00,Jacksonville,Ave Maria University,Pioneer,,42,28,False,False,D. B. Milne Field
401128631,2019,5,regular,2019-09-28 17:00:00,Columbia,Georgetown,Ivy,Patriot,10,24,False,False,Lawrence A. Wien Stadium
401127072,2019,5,regular,2019-09-28 17:00:00,Fordham,Richmond,Patriot,CAA,23,16,False,False,Coffey Field
401127071,2019,5,regular,2019-09-28 17:00:00,New Hampshire,Duquesne,CAA,NEC,23,6,False,False,Wildcat Stadium
401128529,2019,5,regular,2019-09-28 17:30:00,VMI,Wofford,Southern,Southern,36,51,False,True,Alumni Memorial Field
401127068,2019,5,regular,2019-09-28 18:00:00,Elon,James Madison,CAA,CAA,10,45,False,True,Rhodes Stadium
401128612,2019,5,regular,2019-09-28 18:00:00,Valparaiso,Charleston (WV),Pioneer,Mountain East,13,19,False,False,Brown Field
401127431,2019,5,regular,2019-09-28 19:00:00,Austin Peay,Jacksonville State,OVC,OVC,52,33,False,True,Governors Stadium
401126948,2019,5,regular,2019-09-28 19:00:00,Montana State,Northern Arizona,Big Sky,Big Sky,49,31,False,True,Bobcat Stadium
401126922,2019,5,regular,2019-09-28 19:00:00,Northern Colorado,Idaho,Big Sky,Big Sky,27,24,False,True,Nottingham Field
401128474,2019,5,regular,2019-09-28 19:00:00,Jackson State,Kentucky State,SWAC,SIAC,25,33,True,False,Lucas Oil Stadium
401128499,2019,5,regular,2019-09-28 19:00:00,Samford,The Citadel,Southern,Southern,61,55,False,True,Seibert Stadium
401112161,2019,5,regular,2019-09-28 19:30:00,Michigan State,Indiana,Big Ten,Big Ten,40,31,False,True,Spartan Stadium
401114221,2019,5,regular,2019-09-28 19:30:00,Washington,USC,Pac-12,Pac-12,28,14,False,True,Husky Stadium
401128615,2019,5,regular,2019-09-28 19:30:00,Bucknell,Princeton,Patriot,Ivy,23,56,False,False,Christy Mathewson-Memorial Stadium
401112472,2019,5,regular,2019-09-28 19:30:00,Notre Dame,Virginia,FBS Independents,ACC,35,20,False,False,Notre Dame Stadium
401112076,2019,5,regular,2019-09-28 19:30:00,Baylor,Iowa State,Big 12,Big 12,23,21,False,True,McLane Stadium
401114356,2019,5,regular,2019-09-28 19:30:00,Massachusetts,Akron,FBS Independents,Mid-American,37,29,False,False,Warren McGuirk Alumni Stadium
401112232,2019,5,regular,2019-09-28 19:30:00,Purdue,Minnesota,Big Ten,Big Ten,31,38,False,True,Ross-Ade Stadium
401112469,2019,5,regular,2019-09-28 19:30:00,Temple,Georgia Tech,American Athletic,ACC,24,2,False,False,Lincoln Financial Field
401110806,2019,5,regular,2019-09-28 19:30:00,Alabama,Ole Miss,SEC,SEC,59,31,False,True,Bryant-Denny Stadium
401127067,2019,5,regular,2019-09-28 19:30:00,UAlbany,William & Mary,CAA,CAA,39,31,False,True,Bob Ford Field
401114267,2019,5,regular,2019-09-28 19:30:00,Charlotte,Florida Atlantic,Conference USA,Conference USA,27,45,False,True,Jerry Richardson Stadium
401128644,2019,5,regular,2019-09-28 19:30:00,Lafayette,Pennsylvania,Patriot,Ivy,24,28,False,False,Fisher Field
401112467,2019,5,regular,2019-09-28 19:30:00,North Carolina,Clemson,ACC,ACC,20,21,False,True,Kenan Stadium
401127069,2019,5,regular,2019-09-28 19:30:00,Villanova,Maine,CAA,CAA,33,17,False,True,Villanova Stadium
401121943,2019,5,regular,2019-09-28 19:30:00,App State,Coastal Carolina,Sun Belt,Sun Belt,56,37,False,True,Kidd Brewer Stadium
401112466,2019,5,regular,2019-09-28 19:30:00,Boston College,Wake Forest,ACC,ACC,24,27,False,True,"Alumni Stadium (Chestnut Hill, MA)"
401127024,2019,5,regular,2019-09-28 20:00:00,North Alabama,Presbyterian,Big South,Big South,41,21,False,True,Braly Municipal Stadium
401128491,2019,5,regular,2019-09-28 20:00:00,Chattanooga,Western Carolina,Southern,Southern,60,36,False,True,Finley Stadium
401127217,2019,5,regular,2019-09-28 20:00:00,Norfolk State,Florida A&M,MEAC,MEAC,28,30,False,True,"William Dick"""" Price Stadium"""""
401117873,2019,5,regular,2019-09-28 20:00:00,South Florida,SMU,American Athletic,American Athletic,21,48,False,True,Raymond James Stadium
401126940,2019,5,regular,2019-09-28 20:00:00,UC Davis,Montana,Big Sky,Big Sky,20,45,False,True,Aggie Stadium
401110809,2019,5,regular,2019-09-28 20:00:00,Florida,Towson,SEC,CAA,38,0,False,False,Ben Hill Griffin Stadium
401114269,2019,5,regular,2019-09-28 21:00:00,Marshall,Cincinnati,Conference USA,American Athletic,14,52,False,False,Joan C. Edwards Stadium
401128469,2019,5,regular,2019-09-28 21:00:00,Prairie View A&M,Grambling,SWAC,SWAC,42,36,False,True,Cotton Bowl
401126914,2019,5,regular,2019-09-28 21:00:00,Eastern Washington,North Dakota,Big Sky,FCS Independents,35,20,False,False,Roos Field
401128390,2019,5,regular,2019-09-28 21:00:00,Eastern Illinois,Tennessee Tech,OVC,OVC,29,40,False,True,O'Brien Stadium
401126931,2019,5,regular,2019-09-28 21:05:00,Idaho State,Portland State,Big Sky,Big Sky,51,24,False,True,Holt Arena
401128943,2019,5,regular,2019-09-28 22:00:00,Kennesaw State,Reinhardt,Big South,,31,7,False,False,Fifth Third Stadium
401121944,2019,5,regular,2019-09-28 22:00:00,Troy,Arkansas State,Sun Belt,Sun Belt,43,50,False,True,Veterans Memorial Stadium (AL)
401128623,2019,5,regular,2019-09-28 22:00:00,Dartmouth,Colgate,Ivy,Patriot,38,3,False,False,Memorial Field
401114350,2019,5,regular,2019-09-28 22:00:00,Liberty,New Mexico,FBS Independents,Mountain West,17,10,False,False,Williams Stadium (VA)
401128355,2019,5,regular,2019-09-28 22:00:00,Eastern Kentucky,Tennessee State,OVC,OVC,42,16,False,True,Roy Kidd Stadium
401127306,2019,5,regular,2019-09-28 22:00:00,Youngstown State,Robert Morris,MVFC,NEC,45,10,False,False,Stambaugh Stadium
401127223,2019,5,regular,2019-09-28 22:00:00,Morgan State,North Carolina Central,MEAC,MEAC,17,27,False,True,Hughes Stadium
401121945,2019,5,regular,2019-09-28 22:00:00,Georgia Southern,Louisiana,Sun Belt,Sun Belt,24,37,False,True,Allen E. Paulson Stadium
401114271,2019,5,regular,2019-09-28 22:00:00,Old Dominion,East Carolina,Conference USA,American Athletic,21,24,False,False,S.B. Ballard Stadium
401128455,2019,5,regular,2019-09-28 23:00:00,Alcorn State,Mississippi Valley State,SWAC,SWAC,45,19,False,True,Jack Spinks Stadium
401128711,2019,5,regular,2019-09-28 23:00:00,Lamar,Stephen F. Austin,Southland,Southland,17,24,False,True,Provost Umphrey Stadium
401127070,2019,5,regular,2019-09-28 23:00:00,Rhode Island,Stony Brook,CAA,CAA,27,31,False,True,Meade Stadium
401128436,2019,5,regular,2019-09-28 23:00:00,Alabama A&M,Central State,SWAC,SIAC,63,20,False,False,Ladd Peebles Stadium
401126988,2019,5,regular,2019-09-28 23:00:00,Mercer,Campbell,Southern,Big South,27,34,False,False,Five Star Stadium at the Moye Complex
401128372,2019,5,regular,2019-09-28 23:00:00,UT Martin,Murray State,OVC,OVC,40,7,False,True,Graham Stadium
401128461,2019,5,regular,2019-09-28 23:00:00,Arkansas-Pine Bluff,Southern,SWAC,SWAC,7,31,False,True,Golden Lion Stadium
401117872,2019,5,regular,2019-09-28 23:00:00,UCF,UConn,American Athletic,American Athletic,56,21,False,True,FBC Mortgage Stadium
401114273,2019,5,regular,2019-09-28 23:00:00,Western Kentucky,UAB,Conference USA,Conference USA,20,13,False,True,Houchens Industries-L.T. Smith Stadium
401112108,2019,5,regular,2019-09-28 23:00:00,Oklahoma State,Kansas State,Big 12,Big 12,26,13,False,True,Boone Pickens Stadium
401121947,2019,5,regular,2019-09-28 23:00:00,Texas State,Nicholls,Sun Belt,Southland,24,3,False,False,Bobcat Stadium (TX)
401128695,2019,5,regular,2019-09-28 23:00:00,Houston Christian,Texas Southern,Southland,SWAC,68,31,False,False,Husky Stadium
401121946,2019,5,regular,2019-09-28 23:00:00,UL Monroe,South Alabama,Sun Belt,Sun Belt,30,17,False,True,Malone Stadium
401128662,2019,5,regular,2019-09-28 23:00:00,Incarnate Word,Abilene Christian,Southland,Southland,31,24,False,True,Gayle and Tom Benson Stadium
401128726,2019,5,regular,2019-09-28 23:00:00,Northwestern State,SE Louisiana,Southland,Southland,27,44,False,True,Harry Turpin Stadium
401128715,2019,5,regular,2019-09-28 23:00:00,McNeese,Sam Houston,Southland,Southland,17,28,False,True,Cowboy Stadium
401110808,2019,5,regular,2019-09-28 23:00:00,Auburn,Mississippi State,SEC,SEC,56,23,False,True,Jordan-Hare Stadium
401114202,2019,5,regular,2019-09-28 23:00:00,Oregon State,Stanford,Pac-12,Pac-12,28,31,False,True,Reser Stadium
401114268,2019,5,regular,2019-09-28 23:00:00,Rice,Louisiana Tech,Conference USA,Conference USA,20,23,False,True,Rice Stadium
401114272,2019,5,regular,2019-09-28 23:00:00,Southern Miss,UTEP,Conference USA,Conference USA,31,13,False,True,M. M. Roberts Stadium
401110810,2019,5,regular,2019-09-28 23:30:00,South Carolina,Kentucky,SEC,SEC,24,7,False,True,Williams-Brice Stadium
401117513,2019,5,regular,2019-09-28 23:30:00,Utah State,Colorado State,Mountain West,Mountain West,34,24,False,True,Maverik Stadium
401112241,2019,5,regular,2019-09-28 23:30:00,Nebraska,Ohio State,Big Ten,Big Ten,7,48,False,True,"Memorial Stadium (Lincoln, NE)"
401112468,2019,5,regular,2019-09-28 23:30:00,Florida State,NC State,ACC,ACC,31,13,False,True,Doak Campbell Stadium
401114341,2019,5,regular,2019-09-29 00:00:00,New Mexico State,Fresno State,FBS Independents,Mountain West,17,30,False,False,Aggie Memorial Stadium
401126984,2019,5,regular,2019-09-29 00:00:00,Weber State,Northern Iowa,Big Sky,MVFC,29,17,False,False,Stewart Stadium
401117514,2019,5,regular,2019-09-29 00:00:00,Wyoming,UNLV,Mountain West,Mountain West,53,17,False,True,War Memorial Stadium
401114270,2019,5,regular,2019-09-29 00:00:00,North Texas,Houston,Conference USA,American Athletic,25,46,False,False,DATCU Stadium
401126903,2019,5,regular,2019-09-29 00:05:00,Southern Utah,Cal Poly,Big Sky,Big Sky,21,24,False,True,Eccles Coliseum
401114226,2019,5,regular,2019-09-29 02:00:00,Utah,Washington State,Pac-12,Pac-12,38,13,False,True,Rice-Eccles Stadium
401114166,2019,5,regular,2019-09-29 02:30:00,Arizona,UCLA,Pac-12,Pac-12,20,17,False,True,Arizona Stadium
401117515,2019,5,regular,2019-09-29 02:30:00,Nevada,Hawai'i,Mountain West,Mountain West,3,54,False,True,Mackay Stadium
401121948,2019,6,regular,2019-10-03 23:30:00,South Alabama,Georgia Southern,Sun Belt,Sun Belt,17,20,False,True,Ladd Peebles Stadium
401117874,2019,6,regular,2019-10-04 00:00:00,East Carolina,Temple,American Athletic,American Athletic,17,27,False,True,Dowdy-Ficklen Stadium
401128689,2019,6,regular,2019-10-04 23:00:00,Pennsylvania,Dartmouth,Ivy,Ivy,15,28,False,True,Franklin Field
401117875,2019,6,regular,2019-10-05 00:00:00,Cincinnati,UCF,American Athletic,American Athletic,27,24,False,True,Nippert Stadium
401117519,2019,6,regular,2019-10-05 02:00:00,San José State,New Mexico,Mountain West,Mountain West,32,21,False,True,CEFCU Stadium
401112205,2019,6,regular,2019-10-05 16:00:00,Rutgers,Maryland,Big Ten,Big Ten,7,48,False,True,High Point Solutions Stadium
401114328,2019,6,regular,2019-10-05 16:00:00,Army,Tulane,FBS Independents,American Athletic,33,42,False,False,Michie Stadium
401117876,2019,6,regular,2019-10-05 16:00:00,UConn,South Florida,American Athletic,American Athletic,22,48,False,True,Pratt & Whitney Stadium
401112269,2019,6,regular,2019-10-05 16:00:00,Wisconsin,Kent State,Big Ten,Mid-American,48,0,False,False,Camp Randall Stadium
401112101,2019,6,regular,2019-10-05 16:00:00,Kansas,Oklahoma,Big 12,Big 12,20,45,False,True,Memorial Stadium
401112126,2019,6,regular,2019-10-05 16:00:00,Texas Tech,Oklahoma State,Big 12,Big 12,45,35,False,True,Jones AT&T Stadium
401110813,2019,6,regular,2019-10-05 16:00:00,LSU,Utah State,SEC,Mountain West,42,6,False,False,Tiger Stadium (LA)
401136599,2019,6,regular,2019-10-05 16:00:00,Duquesne,Long Island University,NEC,NEC,21,14,False,True,Arthur J. Rooney Athletic Field
401128576,2019,6,regular,2019-10-05 16:00:00,Dayton,Jacksonville,Pioneer,Pioneer,56,28,False,True,Welcome Stadium
401128556,2019,6,regular,2019-10-05 16:00:00,Stetson,Butler,Pioneer,Pioneer,30,27,False,True,Spec Martin Municipal Stadium
401112260,2019,6,regular,2019-10-05 16:00:00,Penn State,Purdue,Big Ten,Big Ten,35,7,False,True,Beaver Stadium
401112194,2019,6,regular,2019-10-05 16:00:00,Michigan,Iowa,Big Ten,Big Ten,10,3,False,True,Michigan Stadium
401127077,2019,6,regular,2019-10-05 16:30:00,Brown,Rhode Island,Ivy,CAA,28,31,False,False,Brown Stadium
401112473,2019,6,regular,2019-10-05 16:30:00,Louisville,Boston College,ACC,ACC,41,39,False,True,L&N Federal Credit Union Stadium
401126989,2019,6,regular,2019-10-05 17:00:00,Campbell,Presbyterian,Big South,Big South,28,14,False,True,Barker-Lane Stadium
401128675,2019,6,regular,2019-10-05 17:00:00,Harvard,Howard,Ivy,MEAC,62,17,False,False,Harvard Stadium
401130356,2019,6,regular,2019-10-05 17:00:00,Yale,Fordham,Ivy,Patriot,48,24,False,False,Yale Bowl
401127420,2019,6,regular,2019-10-05 17:00:00,Merrimack,Bryant,NEC,NEC,17,24,False,False,Duane Stadium
401127261,2019,6,regular,2019-10-05 17:00:00,Illinois State,North Dakota State,MVFC,MVFC,3,37,False,True,Hancock Stadium
401128669,2019,6,regular,2019-10-05 17:00:00,Princeton,Columbia,Ivy,Ivy,21,10,False,True,Princeton University Stadium
401128567,2019,6,regular,2019-10-05 17:00:00,Morehead State,Davidson,Pioneer,Pioneer,31,42,False,True,Jayne Stadium
401128624,2019,6,regular,2019-10-05 17:00:00,Colgate,Lehigh,Patriot,Patriot,14,21,False,True,Andy Kerr Stadium
401127218,2019,6,regular,2019-10-05 18:00:00,Florida A&M,North Carolina Central,MEAC,MEAC,28,21,False,True,Bragg Memorial Stadium
401136593,2019,6,regular,2019-10-05 18:00:00,Sacred Heart,Central Connecticut,NEC,NEC,3,28,False,True,Campus Field
401126982,2019,6,regular,2019-10-05 18:00:00,North Dakota,UC Davis,FCS Independents,Big Sky,38,36,False,False,Alerus Center
401128616,2019,6,regular,2019-10-05 18:00:00,Bucknell,Holy Cross,Patriot,Patriot,14,21,False,True,Christy Mathewson-Memorial Stadium
401127032,2019,6,regular,2019-10-05 18:00:00,Hampton,North Alabama,Big South,Big South,40,34,False,True,Armstrong Stadium
401128373,2019,6,regular,2019-10-05 18:00:00,Murray State,Eastern Illinois,OVC,OVC,24,17,False,True,Roy Stewart Stadium
401112088,2019,6,regular,2019-10-05 18:00:00,Iowa State,TCU,Big 12,Big 12,49,24,False,True,Jack Trice Stadium
401128500,2019,6,regular,2019-10-05 18:00:00,The Citadel,VMI,Southern,Southern,21,34,False,True,Johnson Hagood Stadium
401127075,2019,6,regular,2019-10-05 18:00:00,Richmond,UAlbany,CAA,CAA,23,20,False,True,E. Claiborne Robins Stadium
401127230,2019,6,regular,2019-10-05 18:00:00,Norfolk State,North Carolina A&T,MEAC,MEAC,19,58,False,True,"William Dick"""" Price Stadium"""""
401128437,2019,6,regular,2019-10-05 19:00:00,Alabama A&M,Texas Southern,SWAC,SWAC,35,28,False,True,Louis Crews Stadium
401128515,2019,6,regular,2019-10-05 19:00:00,Samford,Furman,Southern,Southern,14,58,False,True,Seibert Stadium
401126932,2019,6,regular,2019-10-05 19:00:00,Montana,Idaho State,Big Sky,Big Sky,59,20,False,True,Washington-Grizzly Stadium
401127295,2019,6,regular,2019-10-05 19:00:00,South Dakota State,Southern Illinois,MVFC,MVFC,28,10,False,True,Dana J. Dykhouse Stadium
401119273,2019,6,regular,2019-10-05 19:00:00,Central Michigan,Eastern Michigan,Mid-American,Mid-American,42,16,False,True,Kelly/Shorts Stadium
401128356,2019,6,regular,2019-10-05 19:00:00,Eastern Kentucky,UT Martin,OVC,OVC,28,38,False,True,Roy Kidd Stadium
401128613,2019,6,regular,2019-10-05 19:00:00,Drake,Valparaiso,Pioneer,Pioneer,35,6,False,True,Drake Stadium
401127271,2019,6,regular,2019-10-05 19:00:00,South Dakota,Indiana State,MVFC,MVFC,38,0,False,True,DakotaDome
401128632,2019,6,regular,2019-10-05 19:00:00,Cornell,Georgetown,Ivy,Patriot,8,14,False,False,Schoellkopf Field
401128447,2019,6,regular,2019-10-05 19:25:00,Alabama State,Alcorn State,SWAC,SWAC,7,35,False,True,Hornet Stadium
401112137,2019,6,regular,2019-10-05 19:30:00,West Virginia,Texas,Big 12,Big 12,31,42,False,True,Milan Puskar Stadium
401112077,2019,6,regular,2019-10-05 19:30:00,Kansas State,Baylor,Big 12,Big 12,12,31,False,True,Bill Snyder Family Stadium
401114337,2019,6,regular,2019-10-05 19:30:00,Notre Dame,Bowling Green,FBS Independents,Mid-American,52,0,False,False,Notre Dame Stadium
401112149,2019,6,regular,2019-10-05 19:30:00,Minnesota,Illinois,Big Ten,Big Ten,40,17,False,True,Huntington Bank Stadium
401121949,2019,6,regular,2019-10-05 19:30:00,Georgia State,Arkansas State,Sun Belt,Sun Belt,52,38,False,True,Center Parc Stadium
401119272,2019,6,regular,2019-10-05 19:30:00,Northern Illinois,Ball State,Mid-American,Mid-American,20,27,False,True,Huskie Stadium
401119275,2019,6,regular,2019-10-05 19:30:00,Toledo,Western Michigan,Mid-American,Mid-American,31,24,False,True,Glass Bowl
401112476,2019,6,regular,2019-10-05 19:30:00,Miami,Virginia Tech,ACC,ACC,35,42,False,True,Hard Rock Stadium
401127008,2019,6,regular,2019-10-05 19:30:00,Western Carolina,Gardner-Webb,Southern,Big South,21,24,False,False,E. J. Whitmire Stadium
401127074,2019,6,regular,2019-10-05 19:30:00,William & Mary,Villanova,CAA,CAA,28,35,False,True,Zable Stadium
401114275,2019,6,regular,2019-10-05 19:30:00,Middle Tennessee,Marshall,Conference USA,Conference USA,24,13,False,True,"Johnny ""Red"" Floyd Stadium"
401128509,2019,6,regular,2019-10-05 19:30:00,East Tennessee State,Wofford,Southern,Southern,17,35,False,True,William B. Greene Jr. Stadium
401119274,2019,6,regular,2019-10-05 19:30:00,Buffalo,Ohio,Mid-American,Mid-American,20,21,False,True,UB Stadium
401117516,2019,6,regular,2019-10-05 19:30:00,Navy,Air Force,American Athletic,Mountain West,34,25,False,False,Navy-Marine Corps Memorial Stadium
401110812,2019,6,regular,2019-10-05 19:30:00,Florida,Auburn,SEC,SEC,24,13,False,True,Ben Hill Griffin Stadium
401127076,2019,6,regular,2019-10-05 19:30:00,New Hampshire,Elon,CAA,CAA,26,10,False,True,Wildcat Stadium
401117877,2019,6,regular,2019-10-05 19:45:00,UL Monroe,Memphis,Sun Belt,American Athletic,33,52,False,False,Malone Stadium
401112242,2019,6,regular,2019-10-05 20:00:00,Nebraska,Northwestern,Big Ten,Big Ten,13,10,False,True,"Memorial Stadium (Lincoln, NE)"
401127251,2019,6,regular,2019-10-05 20:00:00,Western Illinois,Missouri State,MVFC,MVFC,31,37,False,True,Hanson Field
401110815,2019,6,regular,2019-10-05 20:00:00,Missouri,Troy,SEC,Sun Belt,42,10,False,False,Memorial Stadium
401128730,2019,6,regular,2019-10-05 20:00:00,Stephen F. Austin,Sam Houston,Southland,Southland,20,31,False,True,NRG Stadium
401128479,2019,6,regular,2019-10-05 20:00:00,Mississippi Valley State,Virginia Lynchburg,SWAC,,31,23,False,False,Rice-Totten Field
401128492,2019,6,regular,2019-10-05 20:00:00,Mercer,Chattanooga,Southern,Southern,17,34,False,True,Five Star Stadium at the Moye Complex
401128462,2019,6,regular,2019-10-05 20:00:00,Arkansas-Pine Bluff,Lane College,SWAC,SIAC,45,38,False,False,Golden Lion Stadium
401112475,2019,6,regular,2019-10-05 20:00:00,Georgia Tech,North Carolina,ACC,ACC,22,38,False,True,Bobby Dodd Stadium
401127208,2019,6,regular,2019-10-05 20:00:00,Bethune-Cookman,Morgan State,MEAC,MEAC,31,20,False,True,Municipal Stadium
401128681,2019,6,regular,2019-10-05 20:00:00,Nicholls,Central Arkansas,Southland,Southland,34,14,False,True,Manning Field at John L. Guidry Stadium
401114167,2019,6,regular,2019-10-05 20:30:00,Colorado,Arizona,Pac-12,Pac-12,30,35,False,True,Folsom Field
401127284,2019,6,regular,2019-10-05 21:00:00,Northern Iowa,Youngstown State,MVFC,MVFC,21,14,False,True,UNI-Dome
401128716,2019,6,regular,2019-10-05 21:00:00,McNeese,SE Louisiana,Southland,Southland,38,34,False,True,Cowboy Stadium
401126923,2019,6,regular,2019-10-05 21:00:00,Idaho,Weber State,Big Sky,Big Sky,35,41,False,True,Kibbie Dome
401128594,2019,6,regular,2019-10-05 21:00:00,San Diego,Marist,Pioneer,Pioneer,31,7,False,True,Torero Stadium
401126968,2019,6,regular,2019-10-05 21:05:00,Portland State,Southern Utah,Big Sky,Big Sky,52,31,False,True,Hillsboro Stadium
401126999,2019,6,regular,2019-10-05 22:00:00,Charleston Southern,Savannah State,Big South,SIAC,24,19,False,False,Buccaneer Field
401127073,2019,6,regular,2019-10-05 22:00:00,Stony Brook,James Madison,CAA,CAA,38,45,False,True,Kenneth P. LaValle Stadium
401114276,2019,6,regular,2019-10-05 22:00:00,Old Dominion,Western Kentucky,Conference USA,Conference USA,3,20,False,True,S.B. Ballard Stadium
401127016,2019,6,regular,2019-10-05 22:00:00,Wagner,Monmouth,NEC,Big South,14,16,False,False,Wagner College Stadium
401128696,2019,6,regular,2019-10-05 23:00:00,Houston Christian,Incarnate Word,Southland,Southland,36,38,False,True,Husky Stadium
401128663,2019,6,regular,2019-10-05 23:00:00,Lamar,Abilene Christian,Southland,Southland,27,24,False,True,Provost Umphrey Stadium
401114277,2019,6,regular,2019-10-05 23:00:00,UAB,Rice,Conference USA,Conference USA,35,20,False,True,Legion Field
401126957,2019,6,regular,2019-10-05 23:00:00,Northern Arizona,Northern Colorado,Big Sky,Big Sky,41,23,False,True,Walkup Skydome
401128470,2019,6,regular,2019-10-05 23:00:00,Jackson State,Grambling,SWAC,SWAC,21,44,False,True,Mississippi Veterans Memorial Stadium
401128378,2019,6,regular,2019-10-05 23:00:00,Southeast Missouri State,Tennessee Tech,OVC,OVC,43,37,False,True,Houck Stadium
401114274,2019,6,regular,2019-10-05 23:00:00,Florida International,Massachusetts,Conference USA,FBS Independents,44,0,False,False,FIU Stadium
401110816,2019,6,regular,2019-10-05 23:00:00,Tennessee,Georgia,SEC,SEC,14,43,False,True,Neyland Stadium
401127248,2019,6,regular,2019-10-05 23:00:00,Delaware State,South Carolina State,MEAC,MEAC,24,38,False,True,Alumni Stadium
401128364,2019,6,regular,2019-10-05 23:00:00,Jacksonville State,Tennessee State,OVC,OVC,31,23,False,True,AmFirst Stadium
401112216,2019,6,regular,2019-10-05 23:30:00,Ohio State,Michigan State,Big Ten,Big Ten,34,10,False,True,Ohio Stadium
401110814,2019,6,regular,2019-10-05 23:30:00,Ole Miss,Vanderbilt,SEC,SEC,31,6,False,True,Vaught-Hemingway Stadium
401117878,2019,6,regular,2019-10-05 23:30:00,SMU,Tulsa,American Athletic,American Athletic,43,37,False,True,Gerald J. Ford Stadium
401114278,2019,6,regular,2019-10-06 00:00:00,UTEP,UTSA,Conference USA,Conference USA,16,26,False,True,Sun Bowl
401126904,2019,6,regular,2019-10-06 00:00:00,Cal Poly,Montana State,Big Sky,Big Sky,28,34,False,True,Alex G. Spanos Stadium
401114342,2019,6,regular,2019-10-06 00:00:00,New Mexico State,Liberty,FBS Independents,FBS Independents,13,20,False,False,Aggie Memorial Stadium
401112474,2019,6,regular,2019-10-06 00:00:00,Duke,Pittsburgh,ACC,ACC,30,33,False,True,Wallace Wade Stadium
401114177,2019,6,regular,2019-10-06 00:00:00,Oregon,California,Pac-12,Pac-12,17,7,False,True,Autzen Stadium
401126915,2019,6,regular,2019-10-06 01:00:00,Sacramento State,Eastern Washington,Big Sky,Big Sky,48,27,False,True,Hornet Stadium
401114203,2019,6,regular,2019-10-06 01:00:00,UCLA,Oregon State,Pac-12,Pac-12,31,48,False,True,Rose Bowl
401117518,2019,6,regular,2019-10-06 02:00:00,Colorado State,San Diego State,Mountain West,Mountain West,10,24,False,True,Canvas Stadium
401117517,2019,6,regular,2019-10-06 02:30:00,UNLV,Boise State,Mountain West,Mountain West,13,38,False,True,Sam Boyd Stadium
401114209,2019,6,regular,2019-10-06 02:30:00,Stanford,Washington,Pac-12,Pac-12,23,13,False,True,Stanford Stadium
401121950,2019,7,regular,2019-10-10 00:00:00,Louisiana,App State,Sun Belt,Sun Belt,7,17,False,True,Cajun Field
401127209,2019,7,regular,2019-10-10 22:00:00,North Carolina Central,Bethune-Cookman,MEAC,MEAC,13,27,False,True,O'Kelly-Riddick Stadium
401112477,2019,7,regular,2019-10-11 00:00:00,NC State,Syracuse,ACC,ACC,16,10,False,True,Carter-Finley Stadium
401121951,2019,7,regular,2019-10-11 01:15:00,Texas State,UL Monroe,Sun Belt,Sun Belt,14,24,False,True,Bobcat Stadium (TX)
401128645,2019,7,regular,2019-10-11 23:00:00,Princeton,Lafayette,Ivy,Patriot,28,3,False,False,Princeton University Stadium
401112478,2019,7,regular,2019-10-12 00:00:00,Miami,Virginia,ACC,ACC,17,9,False,True,Hard Rock Stadium
401117522,2019,7,regular,2019-10-12 00:00:00,New Mexico,Colorado State,Mountain West,Mountain West,21,35,False,True,University Stadium (NM)
401114186,2019,7,regular,2019-10-12 02:00:00,Oregon,Colorado,Pac-12,Pac-12,45,3,False,True,Autzen Stadium
401136604,2019,7,regular,2019-10-12 16:00:00,Saint Francis,Robert Morris,NEC,NEC,17,20,False,True,DeGol Field
401112118,2019,7,regular,2019-10-12 16:00:00,Texas,Oklahoma,Big 12,Big 12,27,34,True,True,Cotton Bowl
401117881,2019,7,regular,2019-10-12 16:00:00,Temple,Memphis,American Athletic,American Athletic,30,28,False,True,Lincoln Financial Field
401112206,2019,7,regular,2019-10-12 16:00:00,Purdue,Maryland,Big Ten,Big Ten,40,14,False,True,Ross-Ade Stadium
401112162,2019,7,regular,2019-10-12 16:00:00,Indiana,Rutgers,Big Ten,Big Ten,35,0,False,True,"Memorial Stadium (Bloomington, IN)"
401119280,2019,7,regular,2019-10-12 16:00:00,Bowling Green,Toledo,Mid-American,Mid-American,20,7,False,True,Doyt L. Perry Stadium
401110817,2019,7,regular,2019-10-12 16:00:00,Georgia,South Carolina,SEC,SEC,17,20,False,True,Sanford Stadium
401119278,2019,7,regular,2019-10-12 16:00:00,Western Michigan,Miami (OH),Mid-American,Mid-American,38,16,False,True,Waldo Stadium
401112150,2019,7,regular,2019-10-12 16:00:00,Illinois,Michigan,Big Ten,Big Ten,25,42,False,True,"Memorial Stadium (Champaign, IL)"
401110821,2019,7,regular,2019-10-12 16:00:00,Tennessee,Mississippi State,SEC,SEC,20,10,False,True,Neyland Stadium
401127081,2019,7,regular,2019-10-12 16:00:00,Maine,Richmond,CAA,CAA,17,24,False,True,Alfond Stadium
401128638,2019,7,regular,2019-10-12 16:30:00,Brown,Holy Cross,Ivy,Patriot,31,47,False,False,Brown Stadium
401112480,2019,7,regular,2019-10-12 16:30:00,Duke,Georgia Tech,ACC,ACC,41,23,False,True,Wallace Wade Stadium
401128947,2019,7,regular,2019-10-12 17:00:00,Columbia,Central Connecticut,Ivy,NEC,14,24,False,False,Lawrence A. Wien Stadium
401128365,2019,7,regular,2019-10-12 17:00:00,Eastern Illinois,Jacksonville State,OVC,OVC,20,28,False,True,O'Brien Stadium
401127231,2019,7,regular,2019-10-12 17:00:00,Howard,Norfolk State,MEAC,MEAC,21,49,False,True,William H. Greene Stadium
401128585,2019,7,regular,2019-10-12 17:00:00,Jacksonville,Morehead State,Pioneer,Pioneer,22,30,False,True,D. B. Milne Field
401128617,2019,7,regular,2019-10-12 17:00:00,Colgate,Bucknell,Patriot,Patriot,14,32,False,True,Andy Kerr Stadium
401127272,2019,7,regular,2019-10-12 17:00:00,Indiana State,Western Illinois,MVFC,MVFC,20,10,False,True,Memorial Stadium
401128557,2019,7,regular,2019-10-12 17:00:00,Butler,Drake,Pioneer,Pioneer,7,42,False,True,Butler Bowl
401128568,2019,7,regular,2019-10-12 17:00:00,Davidson,San Diego,Pioneer,Pioneer,17,37,False,True,Richardson Stadium
401127017,2019,7,regular,2019-10-12 17:00:00,Monmouth,Presbyterian,Big South,Big South,45,0,False,True,Kessler Stadium
401136609,2019,7,regular,2019-10-12 17:00:00,Pennsylvania,Sacred Heart,Ivy,NEC,38,24,False,False,Franklin Field
401127421,2019,7,regular,2019-10-12 17:00:00,Bryant,Long Island University,NEC,NEC,27,22,False,True,Bulldog Stadium
401128676,2019,7,regular,2019-10-12 17:00:00,Harvard,Cornell,Ivy,Ivy,35,22,False,True,Harvard Stadium
401127224,2019,7,regular,2019-10-12 17:00:00,Morgan State,Delaware State,MEAC,MEAC,34,3,False,True,Hughes Stadium
401128690,2019,7,regular,2019-10-12 17:30:00,Dartmouth,Yale,Ivy,Ivy,42,10,False,True,Memorial Field
401127009,2019,7,regular,2019-10-12 17:30:00,Gardner-Webb,Hampton,Big South,Big South,35,27,False,True,Ernest W. Spangler Stadium
401127080,2019,7,regular,2019-10-12 17:30:00,James Madison,Villanova,CAA,CAA,38,24,False,True,Bridgeforth Stadium
401128525,2019,7,regular,2019-10-12 17:30:00,VMI,Samford,Southern,Southern,48,41,False,True,Alumni Memorial Field
401119276,2019,7,regular,2019-10-12 18:00:00,Eastern Michigan,Ball State,Mid-American,Mid-American,23,29,False,True,Rynearson Stadium
401128577,2019,7,regular,2019-10-12 18:00:00,Valparaiso,Dayton,Pioneer,Pioneer,28,41,False,True,Brown Field
401128501,2019,7,regular,2019-10-12 18:00:00,The Citadel,Western Carolina,Southern,Southern,35,17,False,True,Johnson Hagood Stadium
401128633,2019,7,regular,2019-10-12 18:00:00,Georgetown,Fordham,Patriot,Patriot,27,30,False,True,Cooper Field
401127079,2019,7,regular,2019-10-12 18:00:00,Elon,Delaware,CAA,CAA,42,7,False,True,Rhodes Stadium
401127219,2019,7,regular,2019-10-12 18:00:00,South Carolina State,Florida A&M,MEAC,MEAC,38,42,False,True,Oliver C. Dawson Stadium
401128463,2019,7,regular,2019-10-12 18:00:00,Arkansas-Pine Bluff,Mississippi Valley State,SWAC,SWAC,38,6,False,True,Golden Lion Stadium
401127278,2019,7,regular,2019-10-12 18:00:00,North Dakota State,Northern Iowa,MVFC,MVFC,46,14,False,True,Fargodome
401114283,2019,7,regular,2019-10-12 18:30:00,Marshall,Old Dominion,Conference USA,Conference USA,31,17,False,True,Joan C. Edwards Stadium
401128945,2019,7,regular,2019-10-12 19:00:00,Texas Southern,Missouri S&T,SWAC,Great Lakes,20,23,False,False,Alexander Durley Sports Complex
401128374,2019,7,regular,2019-10-12 19:00:00,Tennessee State,Murray State,OVC,OVC,17,31,False,True,Hale Stadium
401128448,2019,7,regular,2019-10-12 19:00:00,Jackson State,Alabama State,SWAC,SWAC,16,31,False,True,Mississippi Veterans Memorial Stadium
401128456,2019,7,regular,2019-10-12 19:00:00,Alcorn State,Savannah State,SWAC,SIAC,42,17,False,False,Jack Spinks Stadium
401127432,2019,7,regular,2019-10-12 19:00:00,Austin Peay,Southeast Missouri State,OVC,OVC,28,24,False,True,Governors Stadium
401128712,2019,7,regular,2019-10-12 19:00:00,Sam Houston,Lamar,Southland,Southland,17,20,False,True,Elliott T. Bowers Stadium
401127000,2019,7,regular,2019-10-12 19:00:00,Kennesaw State,Charleston Southern,Big South,Big South,45,23,False,True,Fifth Third Stadium
401128438,2019,7,regular,2019-10-12 19:00:00,Grambling,Alabama A&M,SWAC,SWAC,23,10,False,True,Eddie Robinson Stadium
401127252,2019,7,regular,2019-10-12 19:00:00,Missouri State,South Dakota,MVFC,MVFC,10,45,False,True,Plaster Sports Complex
401114343,2019,7,regular,2019-10-12 19:00:00,Central Michigan,New Mexico State,Mid-American,FBS Independents,42,28,False,False,Kelly/Shorts Stadium
401126933,2019,7,regular,2019-10-12 19:05:00,Idaho State,North Dakota,Big Sky,FCS Independents,55,20,False,False,Holt Arena
401119279,2019,7,regular,2019-10-12 19:30:00,Ohio,Northern Illinois,Mid-American,Mid-American,36,39,False,True,Peden Stadium
401114157,2019,7,regular,2019-10-12 19:30:00,Arizona State,Washington State,Pac-12,Pac-12,38,34,False,True,Mountain America Stadium
401117214,2019,7,regular,2019-10-12 19:30:00,South Florida,BYU,American Athletic,FBS Independents,27,23,False,False,Raymond James Stadium
401112479,2019,7,regular,2019-10-12 19:30:00,Clemson,Florida State,ACC,ACC,45,14,False,True,"Memorial Stadium (Clemson, SC)"
401112217,2019,7,regular,2019-10-12 19:30:00,Wisconsin,Michigan State,Big Ten,Big Ten,38,0,False,True,Camp Randall Stadium
401110822,2019,7,regular,2019-10-12 19:30:00,Texas A&M,Alabama,SEC,SEC,28,47,False,True,Kyle Field
401117879,2019,7,regular,2019-10-12 19:30:00,Houston,Cincinnati,American Athletic,American Athletic,23,38,False,True,TDECU Stadium
401119277,2019,7,regular,2019-10-12 19:30:00,Akron,Kent State,Mid-American,Mid-American,3,26,False,True,InfoCision Stadium
401117880,2019,7,regular,2019-10-12 19:45:00,Tulane,UConn,American Athletic,American Athletic,49,7,False,True,Yulman Stadium
401112078,2019,7,regular,2019-10-12 20:00:00,Baylor,Texas Tech,Big 12,Big 12,33,30,False,True,McLane Stadium
401127078,2019,7,regular,2019-10-12 20:00:00,Towson,UAlbany,CAA,CAA,21,38,False,True,Johnny Unitas Stadium
401126949,2019,7,regular,2019-10-12 20:00:00,Montana State,Sacramento State,Big Sky,Big Sky,21,34,False,True,Bobcat Stadium
401110823,2019,7,regular,2019-10-12 20:00:00,Vanderbilt,UNLV,SEC,Mountain West,10,34,False,False,FirstBank Stadium
401112482,2019,7,regular,2019-10-12 20:00:00,Virginia Tech,Rhode Island,ACC,CAA,34,17,False,False,Lane Stadium
401112089,2019,7,regular,2019-10-12 20:00:00,West Virginia,Iowa State,Big 12,Big 12,14,38,False,True,Milan Puskar Stadium
401114280,2019,7,regular,2019-10-12 20:00:00,Florida Atlantic,Middle Tennessee,Conference USA,Conference USA,28,13,False,True,FAU Stadium
401128721,2019,7,regular,2019-10-12 20:00:00,Nicholls,Northwestern State,Southland,Southland,45,35,False,True,Manning Field at John L. Guidry Stadium
401117524,2019,7,regular,2019-10-12 20:00:00,Nevada,San José State,Mountain West,Mountain West,41,38,False,True,Mackay Stadium
401126916,2019,7,regular,2019-10-12 20:05:00,Eastern Washington,Northern Colorado,Big Sky,Big Sky,54,21,False,True,Roos Field
401128704,2019,7,regular,2019-10-12 21:00:00,SE Louisiana,Incarnate Word,Southland,Southland,21,27,False,True,Strawberry Stadium
401128682,2019,7,regular,2019-10-12 21:00:00,Central Arkansas,McNeese,Southland,Southland,40,31,False,True,Estes Stadium
401121952,2019,7,regular,2019-10-12 21:00:00,Coastal Carolina,Georgia State,Sun Belt,Sun Belt,21,31,False,True,Brooks Stadium (SC)
401126924,2019,7,regular,2019-10-12 21:05:00,Portland State,Idaho,Big Sky,Big Sky,24,0,False,True,Hillsboro Stadium
401127082,2019,7,regular,2019-10-12 22:00:00,Stony Brook,New Hampshire,CAA,CAA,14,20,False,True,Kenneth P. LaValle Stadium
401114284,2019,7,regular,2019-10-12 22:00:00,UTSA,UAB,Conference USA,Conference USA,14,33,False,True,Alamodome
401127296,2019,7,regular,2019-10-12 22:00:00,Youngstown State,South Dakota State,MVFC,MVFC,28,38,False,True,Stambaugh Stadium
401114279,2019,7,regular,2019-10-12 23:00:00,Florida International,Charlotte,Conference USA,Conference USA,48,23,False,True,FIU Stadium
401114282,2019,7,regular,2019-10-12 23:00:00,Southern Miss,North Texas,Conference USA,Conference USA,45,27,False,True,M. M. Roberts Stadium
401117520,2019,7,regular,2019-10-12 23:00:00,Air Force,Fresno State,Mountain West,Mountain West,43,24,False,True,Falcon Stadium
401128483,2019,7,regular,2019-10-12 23:00:00,Southern,Prairie View A&M,SWAC,SWAC,34,28,False,True,Ace W. Mumford Stadium
401128664,2019,7,regular,2019-10-12 23:00:00,Abilene Christian,Houston Christian,Southland,Southland,45,20,False,True,Wildcat Stadium (TX)
401128391,2019,7,regular,2019-10-12 23:00:00,Tennessee Tech,UT Martin,OVC,OVC,14,55,False,True,Tucker Stadium
401114281,2019,7,regular,2019-10-12 23:00:00,Louisiana Tech,Massachusetts,Conference USA,FBS Independents,69,21,False,False,Joe Aillet Stadium
401110820,2019,7,regular,2019-10-12 23:00:00,Missouri,Ole Miss,SEC,SEC,38,27,False,True,Memorial Stadium
401114285,2019,7,regular,2019-10-12 23:00:00,Western Kentucky,Army,Conference USA,FBS Independents,17,8,False,False,Houchens Industries-L.T. Smith Stadium
401127262,2019,7,regular,2019-10-12 23:00:00,Southern Illinois,Illinois State,MVFC,MVFC,7,21,False,True,Saluki Stadium
401126905,2019,7,regular,2019-10-12 23:05:00,UC Davis,Cal Poly,Big Sky,Big Sky,48,24,False,True,Aggie Stadium
401114222,2019,7,regular,2019-10-12 23:30:00,Notre Dame,USC,FBS Independents,Pac-12,30,27,False,False,Notre Dame Stadium
401112195,2019,7,regular,2019-10-12 23:30:00,Iowa,Penn State,Big Ten,Big Ten,12,17,False,True,Kinnick Stadium
401110818,2019,7,regular,2019-10-12 23:30:00,Kentucky,Arkansas,SEC,SEC,24,20,False,True,Kroger Field
401112233,2019,7,regular,2019-10-12 23:30:00,Minnesota,Nebraska,Big Ten,Big Ten,34,7,False,True,Huntington Bank Stadium
401112481,2019,7,regular,2019-10-12 23:30:00,Wake Forest,Louisville,ACC,ACC,59,62,False,True,Allegacy Federal Credit Union Stadium
401117882,2019,7,regular,2019-10-12 23:30:00,Tulsa,Navy,American Athletic,American Athletic,17,45,False,True,Chapman Stadium
401126976,2019,7,regular,2019-10-13 00:00:00,Weber State,Southern Utah,Big Sky,Big Sky,29,14,False,True,Stewart Stadium
401110819,2019,7,regular,2019-10-13 00:00:00,LSU,Florida,SEC,SEC,42,28,False,True,Tiger Stadium (LA)
401114204,2019,7,regular,2019-10-13 00:00:00,Oregon State,Utah,Pac-12,Pac-12,7,52,False,True,Reser Stadium
401117521,2019,7,regular,2019-10-13 02:15:00,Boise State,Hawai'i,Mountain West,Mountain West,59,37,False,True,Albertsons Stadium
401117523,2019,7,regular,2019-10-13 02:30:00,San Diego State,Wyoming,Mountain West,Mountain West,26,22,False,True,Qualcomm Stadium
401114168,2019,7,regular,2019-10-13 03:00:00,Arizona,Washington,Pac-12,Pac-12,27,51,False,True,Arizona Stadium
401121953,2019,8,regular,2019-10-17 00:00:00,Troy,South Alabama,Sun Belt,Sun Belt,37,13,False,True,Veterans Memorial Stadium (AL)
401128493,2019,8,regular,2019-10-17 23:00:00,Chattanooga,East Tennessee State,Southern,Southern,16,13,False,True,Finley Stadium
401121954,2019,8,regular,2019-10-17 23:30:00,Arkansas State,Louisiana,Sun Belt,Sun Belt,20,37,False,True,Centennial Bank Stadium
401114210,2019,8,regular,2019-10-18 01:00:00,Stanford,UCLA,Pac-12,Pac-12,16,34,False,True,Stanford Stadium
401114288,2019,8,regular,2019-10-18 22:30:00,Florida Atlantic,Marshall,Conference USA,Conference USA,31,36,False,True,FAU Stadium
401112483,2019,8,regular,2019-10-18 23:00:00,Syracuse,Pittsburgh,ACC,ACC,20,27,False,True,JMA Wireless Dome
401112248,2019,8,regular,2019-10-19 00:30:00,Northwestern,Ohio State,Big Ten,Big Ten,3,52,False,True,Ryan Field
401117528,2019,8,regular,2019-10-19 02:00:00,Fresno State,UNLV,Mountain West,Mountain West,56,27,False,True,Valley Children's Stadium
401127225,2019,8,regular,2019-10-19 14:30:00,South Carolina State,Morgan State,MEAC,MEAC,24,10,False,True,Oliver C. Dawson Stadium
401128634,2019,8,regular,2019-10-19 16:00:00,Georgetown,Lafayette,Patriot,Patriot,14,10,False,True,Cooper Field
401110825,2019,8,regular,2019-10-19 16:00:00,Arkansas,Auburn,SEC,SEC,10,51,False,True,Razorback Stadium
401136605,2019,8,regular,2019-10-19 16:00:00,Wagner,Robert Morris,NEC,NEC,13,21,False,True,Wagner College Stadium
401112484,2019,8,regular,2019-10-19 16:00:00,Boston College,NC State,ACC,ACC,45,24,False,True,"Alumni Stadium (Chestnut Hill, MA)"
401136600,2019,8,regular,2019-10-19 16:00:00,Sacred Heart,Duquesne,NEC,NEC,6,20,False,True,Campus Field
401112090,2019,8,regular,2019-10-19 16:00:00,Texas Tech,Iowa State,Big 12,Big 12,24,34,False,True,Jones AT&T Stadium
401128595,2019,8,regular,2019-10-19 16:00:00,Marist,Dartmouth,Pioneer,Ivy,7,49,False,False,Leonidoff Field
401112151,2019,8,regular,2019-10-19 16:00:00,Illinois,Wisconsin,Big Ten,Big Ten,24,23,False,True,"Memorial Stadium (Champaign, IL)"
401112485,2019,8,regular,2019-10-19 16:00:00,Louisville,Clemson,ACC,ACC,10,45,False,True,L&N Federal Credit Union Stadium
401119283,2019,8,regular,2019-10-19 16:00:00,Ohio,Kent State,Mid-American,Mid-American,45,38,False,True,Peden Stadium
401112119,2019,8,regular,2019-10-19 16:00:00,Oklahoma,West Virginia,Big 12,Big 12,52,14,False,True,"Memorial Stadium (Norman, OK)"
401110829,2019,8,regular,2019-10-19 16:00:00,South Carolina,Florida,SEC,SEC,27,38,False,True,Williams-Brice Stadium
401112488,2019,8,regular,2019-10-19 16:00:00,Miami,Georgia Tech,ACC,ACC,21,28,False,True,Hard Rock Stadium
401112196,2019,8,regular,2019-10-19 16:00:00,Iowa,Purdue,Big Ten,Big Ten,26,20,False,True,Kinnick Stadium
401117886,2019,8,regular,2019-10-19 16:00:00,UConn,Houston,American Athletic,American Athletic,17,24,False,True,Pratt & Whitney Stadium
401128653,2019,8,regular,2019-10-19 16:30:00,Brown,Princeton,Ivy,Ivy,22,65,False,True,Brown Stadium
401136612,2019,8,regular,2019-10-19 17:00:00,Long Island University,Saint Francis,NEC,NEC,0,30,False,True,Bethpage Federal Credit Union Stadium
401127422,2019,8,regular,2019-10-19 17:00:00,Central Connecticut,Bryant,NEC,NEC,52,14,False,True,Arute Field
401128639,2019,8,regular,2019-10-19 17:00:00,Holy Cross,Harvard,Patriot,Ivy,21,31,False,False,Fitton Field
401128502,2019,8,regular,2019-10-19 17:00:00,Furman,The Citadel,Southern,Southern,10,27,False,True,Paladin Stadium
401128650,2019,8,regular,2019-10-19 17:00:00,Fordham,Lehigh,Patriot,Patriot,27,30,False,True,Coffey Field
401127273,2019,8,regular,2019-10-19 17:00:00,Indiana State,South Dakota State,MVFC,MVFC,23,42,False,True,Memorial Stadium
401127083,2019,8,regular,2019-10-19 17:00:00,Delaware,New Hampshire,CAA,CAA,16,10,False,True,Delaware Stadium
401127010,2019,8,regular,2019-10-19 17:00:00,Monmouth,Gardner-Webb,Big South,Big South,49,28,False,True,Kessler Stadium
401128569,2019,8,regular,2019-10-19 17:00:00,Jacksonville,Davidson,Pioneer,Pioneer,19,49,False,True,D. B. Milne Field
401128625,2019,8,regular,2019-10-19 17:30:00,Cornell,Colgate,Ivy,Patriot,20,21,False,False,Schoellkopf Field
401128532,2019,8,regular,2019-10-19 17:30:00,Wofford,Western Carolina,Southern,Southern,59,7,False,True,Gibbs Stadium
401128948,2019,8,regular,2019-10-19 17:30:00,Columbia,Pennsylvania,Ivy,Ivy,44,6,False,True,Lawrence A. Wien Stadium
401119282,2019,8,regular,2019-10-19 18:00:00,Bowling Green,Central Michigan,Mid-American,Mid-American,20,38,False,True,Doyt L. Perry Stadium
401127263,2019,8,regular,2019-10-19 18:00:00,Western Illinois,Illinois State,MVFC,MVFC,14,28,False,True,Hanson Field
401127415,2019,8,regular,2019-10-19 18:00:00,Delaware State,Merrimack,MEAC,NEC,21,30,False,False,Alumni Stadium
401128558,2019,8,regular,2019-10-19 18:00:00,Morehead State,Butler,Pioneer,Pioneer,31,20,False,True,Jayne Stadium
401119285,2019,8,regular,2019-10-19 18:00:00,Ball State,Toledo,Mid-American,Mid-American,52,14,False,True,Scheumann Stadium
401119284,2019,8,regular,2019-10-19 18:30:00,Miami (OH),Northern Illinois,Mid-American,Mid-American,27,24,False,True,Yager Stadium
401127025,2019,8,regular,2019-10-19 18:30:00,Presbyterian,Kennesaw State,Big South,Big South,10,55,False,True,Bailey Memorial Stadium
401112109,2019,8,regular,2019-10-19 18:30:00,Kansas State,TCU,Big 12,Big 12,24,17,False,True,Bill Snyder Family Stadium
401114178,2019,8,regular,2019-10-19 18:30:00,California,Oregon State,Pac-12,Pac-12,17,21,False,True,California Memorial Stadium
401128488,2019,8,regular,2019-10-19 19:00:00,Texas Southern,Southern,SWAC,SWAC,21,28,False,True,Cotton Bowl
401117526,2019,8,regular,2019-10-19 19:00:00,Wyoming,New Mexico,Mountain West,Mountain West,23,10,False,True,War Memorial Stadium
401128475,2019,8,regular,2019-10-19 19:00:00,Mississippi Valley State,Jackson State,SWAC,SWAC,28,31,False,True,Rice-Totten Field
401128944,2019,8,regular,2019-10-19 19:00:00,UT Martin,Eastern Illinois,OVC,OVC,27,18,False,True,Graham Stadium
401126964,2019,8,regular,2019-10-19 19:00:00,Northern Colorado,Portland State,Big Sky,Big Sky,30,38,False,True,Nottingham Field
401128357,2019,8,regular,2019-10-19 19:00:00,Murray State,Eastern Kentucky,OVC,OVC,27,34,False,True,Roy Stewart Stadium
401128484,2019,8,regular,2019-10-19 19:00:00,Prairie View A&M,Virginia Lynchburg,SWAC,,51,0,False,False,Panther Stadium
401127299,2019,8,regular,2019-10-19 19:00:00,Southern Illinois,Youngstown State,MVFC,MVFC,35,10,False,True,Saluki Stadium
401128722,2019,8,regular,2019-10-19 19:00:00,Sam Houston,Nicholls,Southland,Southland,17,0,False,True,Elliott T. Bowers Stadium
401128521,2019,8,regular,2019-10-19 19:00:00,Mercer,VMI,Southern,Southern,34,27,False,True,Five Star Stadium at the Moye Complex
401121956,2019,8,regular,2019-10-19 19:00:00,Georgia Southern,Coastal Carolina,Sun Belt,Sun Belt,30,27,False,True,Allen E. Paulson Stadium
401127084,2019,8,regular,2019-10-19 19:30:00,UAlbany,Rhode Island,CAA,CAA,35,28,False,True,Bob Ford Field
401112163,2019,8,regular,2019-10-19 19:30:00,Maryland,Indiana,Big Ten,Big Ten,28,34,False,True,SECU Stadium
401117885,2019,8,regular,2019-10-19 19:30:00,Cincinnati,Tulsa,American Athletic,American Athletic,24,13,False,True,Nippert Stadium
401119281,2019,8,regular,2019-10-19 19:30:00,Akron,Buffalo,Mid-American,Mid-American,0,21,False,True,InfoCision Stadium
401112489,2019,8,regular,2019-10-19 19:30:00,Virginia Tech,North Carolina,ACC,ACC,43,41,False,True,Lane Stadium
401121955,2019,8,regular,2019-10-19 19:30:00,App State,UL Monroe,Sun Belt,Sun Belt,52,7,False,True,Kidd Brewer Stadium
401127085,2019,8,regular,2019-10-19 19:30:00,William & Mary,James Madison,CAA,CAA,10,38,False,True,Zable Stadium
401114196,2019,8,regular,2019-10-19 19:30:00,Washington,Oregon,Pac-12,Pac-12,31,35,False,True,Husky Stadium
401114289,2019,8,regular,2019-10-19 19:30:00,Louisiana Tech,Southern Miss,Conference USA,Conference USA,45,30,False,True,Joe Aillet Stadium
401110828,2019,8,regular,2019-10-19 19:30:00,Mississippi State,LSU,SEC,SEC,13,36,False,True,Davis Wade Stadium
401117883,2019,8,regular,2019-10-19 19:30:00,Navy,South Florida,American Athletic,American Athletic,35,3,False,True,Navy-Marine Corps Memorial Stadium
401127253,2019,8,regular,2019-10-19 19:30:00,North Dakota State,Missouri State,MVFC,MVFC,22,0,False,True,Fargodome
401117887,2019,8,regular,2019-10-19 19:30:00,SMU,Temple,American Athletic,American Athletic,45,21,False,True,Gerald J. Ford Stadium
401112234,2019,8,regular,2019-10-19 19:30:00,Rutgers,Minnesota,Big Ten,Big Ten,7,42,False,True,High Point Solutions Stadium
401112486,2019,8,regular,2019-10-19 19:30:00,Virginia,Duke,ACC,ACC,48,14,False,True,Scott Stadium
401127087,2019,8,regular,2019-10-19 20:00:00,Towson,Bucknell,CAA,Patriot,56,7,False,False,Johnny Unitas Stadium
401126990,2019,8,regular,2019-10-19 20:00:00,Campbell,Hampton,Big South,Big South,31,16,False,True,Barker-Lane Stadium
401114286,2019,8,regular,2019-10-19 20:00:00,Western Kentucky,Charlotte,Conference USA,Conference USA,30,14,False,True,Houchens Industries-L.T. Smith Stadium
401114291,2019,8,regular,2019-10-19 20:00:00,UAB,Old Dominion,Conference USA,Conference USA,38,14,False,True,Legion Field
401110830,2019,8,regular,2019-10-19 20:00:00,Vanderbilt,Missouri,SEC,SEC,21,14,False,True,FirstBank Stadium
401128578,2019,8,regular,2019-10-19 20:00:00,Stetson,Dayton,Pioneer,Pioneer,38,21,False,True,Spec Martin Municipal Stadium
401128366,2019,8,regular,2019-10-19 20:00:00,Jacksonville State,Southeast Missouri State,OVC,OVC,21,24,False,True,AmFirst Stadium
401128665,2019,8,regular,2019-10-19 20:00:00,Abilene Christian,Stephen F. Austin,Southland,Southland,31,24,False,True,Wildcat Stadium (TX)
401126958,2019,8,regular,2019-10-19 20:00:00,Weber State,Northern Arizona,Big Sky,Big Sky,51,28,False,True,Stewart Stadium
401114290,2019,8,regular,2019-10-19 20:00:00,North Texas,Middle Tennessee,Conference USA,Conference USA,33,30,False,True,DATCU Stadium
401112079,2019,8,regular,2019-10-19 20:00:00,Oklahoma State,Baylor,Big 12,Big 12,27,45,False,True,Boone Pickens Stadium
401128697,2019,8,regular,2019-10-19 21:00:00,McNeese,Houston Christian,Southland,Southland,42,27,False,True,Cowboy Stadium
401127285,2019,8,regular,2019-10-19 21:00:00,Northern Iowa,South Dakota,MVFC,MVFC,42,27,False,True,UNI-Dome
401128705,2019,8,regular,2019-10-19 21:00:00,Incarnate Word,Lamar,Southland,Southland,35,17,False,True,Gayle and Tom Benson Stadium
401128604,2019,8,regular,2019-10-19 21:00:00,San Diego,Valparaiso,Pioneer,Pioneer,42,17,False,True,Torero Stadium
401126925,2019,8,regular,2019-10-19 21:30:00,Idaho,Idaho State,Big Sky,Big Sky,45,21,False,True,Kibbie Dome
401127433,2019,8,regular,2019-10-19 21:30:00,Tennessee State,Austin Peay,OVC,OVC,26,24,False,True,Nissan Stadium
401110826,2019,8,regular,2019-10-19 22:00:00,Georgia,Kentucky,SEC,SEC,21,0,False,True,Sanford Stadium
401114158,2019,8,regular,2019-10-19 22:00:00,Utah,Arizona State,Pac-12,Pac-12,21,3,False,True,Rice-Eccles Stadium
401114292,2019,8,regular,2019-10-19 22:00:00,UTSA,Rice,Conference USA,Conference USA,31,27,False,True,Alamodome
401127086,2019,8,regular,2019-10-19 22:00:00,Richmond,Yale,CAA,Ivy,27,28,False,False,E. Claiborne Robins Stadium
401114351,2019,8,regular,2019-10-19 22:00:00,Liberty,Maine,FBS Independents,CAA,59,44,False,False,Williams Stadium (VA)
401114329,2019,8,regular,2019-10-19 23:00:00,Georgia State,Army,Sun Belt,FBS Independents,28,21,False,False,Center Parc Stadium
401127210,2019,8,regular,2019-10-19 23:00:00,Bethune-Cookman,Norfolk State,MEAC,MEAC,35,22,False,True,Municipal Stadium
401117884,2019,8,regular,2019-10-19 23:00:00,UCF,East Carolina,American Athletic,American Athletic,41,28,False,True,FBC Mortgage Stadium
401128683,2019,8,regular,2019-10-19 23:00:00,Northwestern State,Central Arkansas,Southland,Southland,30,31,False,True,Harry Turpin Stadium
401117529,2019,8,regular,2019-10-19 23:00:00,San José State,San Diego State,Mountain West,Mountain West,17,27,False,True,CEFCU Stadium
401127001,2019,8,regular,2019-10-19 23:00:00,North Alabama,Charleston Southern,Big South,Big South,20,25,False,True,Braly Municipal Stadium
401117888,2019,8,regular,2019-10-19 23:00:00,Memphis,Tulane,American Athletic,American Athletic,47,17,False,True,Simmons Bank Liberty Stadium
401114187,2019,8,regular,2019-10-19 23:00:00,Washington State,Colorado,Pac-12,Pac-12,41,10,False,True,Gesa Field
401112102,2019,8,regular,2019-10-19 23:00:00,Texas,Kansas,Big 12,Big 12,50,48,False,True,DKR-Texas Memorial Stadium
401114287,2019,8,regular,2019-10-19 23:00:00,Florida International,UTEP,Conference USA,Conference USA,32,17,False,True,FIU Stadium
401119286,2019,8,regular,2019-10-19 23:00:00,Eastern Michigan,Western Michigan,Mid-American,Mid-American,34,27,False,True,Rynearson Stadium
401110827,2019,8,regular,2019-10-19 23:30:00,Ole Miss,Texas A&M,SEC,SEC,17,24,False,True,Vaught-Hemingway Stadium
401112487,2019,8,regular,2019-10-19 23:30:00,Wake Forest,Florida State,ACC,ACC,22,20,False,True,Allegacy Federal Credit Union Stadium
401112226,2019,8,regular,2019-10-19 23:30:00,Penn State,Michigan,Big Ten,Big Ten,28,21,False,True,Beaver Stadium
401126977,2019,8,regular,2019-10-20 00:05:00,Southern Utah,UC Davis,Big Sky,Big Sky,25,33,False,True,Eccles Coliseum
401126906,2019,8,regular,2019-10-20 00:05:00,Cal Poly,North Dakota,Big Sky,FCS Independents,26,30,False,False,Alex G. Spanos Stadium
401110824,2019,8,regular,2019-10-20 01:00:00,Alabama,Tennessee,SEC,SEC,35,13,False,True,Bryant-Denny Stadium
401126941,2019,8,regular,2019-10-20 01:00:00,Sacramento State,Montana,Big Sky,Big Sky,49,22,False,True,Hornet Stadium
401114169,2019,8,regular,2019-10-20 01:30:00,USC,Arizona,Pac-12,Pac-12,41,14,False,True,Los Angeles Memorial Coliseum
401117215,2019,8,regular,2019-10-20 02:15:00,BYU,Boise State,FBS Independents,Mountain West,28,25,False,False,LaVell Edwards Stadium
401117527,2019,8,regular,2019-10-20 02:15:00,Utah State,Nevada,Mountain West,Mountain West,36,10,False,True,Maverik Stadium
401117525,2019,8,regular,2019-10-20 03:00:00,Hawai'i,Air Force,Mountain West,Mountain West,26,56,False,True,Aloha Stadium
401180853,2019,9,regular,2019-10-20 18:00:00,Florida A&M,North Carolina A&T,MEAC,MEAC,34,31,False,True,Bragg Memorial Stadium
401117889,2019,9,regular,2019-10-24 23:30:00,Houston,SMU,American Athletic,American Athletic,31,34,False,True,TDECU Stadium
401128476,2019,9,regular,2019-10-24 23:30:00,Prairie View A&M,Jackson State,SWAC,SWAC,35,38,False,True,Panther Stadium
401128691,2019,9,regular,2019-10-25 22:00:00,Dartmouth,Columbia,Ivy,Ivy,59,24,False,True,Memorial Field
401114188,2019,9,regular,2019-10-26 01:00:00,Colorado,USC,Pac-12,Pac-12,31,35,False,True,Folsom Field
401136610,2019,9,regular,2019-10-26 16:00:00,Saint Francis,Sacred Heart,NEC,NEC,33,36,False,True,DeGol Field
401112197,2019,9,regular,2019-10-26 16:00:00,Northwestern,Iowa,Big Ten,Big Ten,0,20,False,True,Ryan Field
401121957,2019,9,regular,2019-10-26 16:00:00,South Alabama,App State,Sun Belt,Sun Belt,3,30,False,True,Ladd Peebles Stadium
401112494,2019,9,regular,2019-10-26 16:00:00,Pittsburgh,Miami,ACC,ACC,12,16,False,True,Acrisure Stadium
401127423,2019,9,regular,2019-10-26 16:00:00,Robert Morris,Bryant,NEC,NEC,24,20,False,True,Joe Walton Stadium
401112254,2019,9,regular,2019-10-26 16:00:00,Ohio State,Wisconsin,Big Ten,Big Ten,38,7,False,True,Ohio Stadium
401136594,2019,9,regular,2019-10-26 16:00:00,Central Connecticut,Long Island University,NEC,NEC,28,0,False,True,Arute Field
401136835,2019,9,regular,2019-10-26 16:00:00,Yale,Pennsylvania,Ivy,Ivy,46,41,False,True,Yale Bowl
401112266,2019,9,regular,2019-10-26 16:00:00,Rutgers,Liberty,Big Ten,FBS Independents,44,34,False,False,High Point Solutions Stadium
401112110,2019,9,regular,2019-10-26 16:00:00,Kansas State,Oklahoma,Big 12,Big 12,48,41,False,True,Bill Snyder Family Stadium
401128579,2019,9,regular,2019-10-26 16:00:00,Dayton,San Diego,Pioneer,Pioneer,38,50,False,True,Welcome Stadium
401114330,2019,9,regular,2019-10-26 16:00:00,Army,San José State,FBS Independents,Mountain West,29,34,False,False,Michie Stadium
401119288,2019,9,regular,2019-10-26 16:00:00,Western Michigan,Bowling Green,Mid-American,Mid-American,49,10,False,True,Waldo Stadium
401112152,2019,9,regular,2019-10-26 16:00:00,Purdue,Illinois,Big Ten,Big Ten,6,24,False,True,Ross-Ade Stadium
401110835,2019,9,regular,2019-10-26 16:00:00,Texas A&M,Mississippi State,SEC,SEC,49,30,False,True,Kyle Field
401128635,2019,9,regular,2019-10-26 16:30:00,Lehigh,Georgetown,Patriot,Patriot,27,24,False,True,Goodman Stadium
401126950,2019,9,regular,2019-10-26 17:00:00,North Dakota,Montana State,FCS Independents,Big Sky,16,12,False,False,Alerus Center
401127091,2019,9,regular,2019-10-26 17:00:00,Maine,William & Mary,CAA,CAA,34,25,False,True,Alfond Stadium
401128626,2019,9,regular,2019-10-26 17:00:00,Holy Cross,Colgate,Patriot,Patriot,31,10,False,True,Fitton Field
401128559,2019,9,regular,2019-10-26 17:00:00,Butler,Jacksonville,Pioneer,Pioneer,24,14,False,True,Butler Bowl
401128570,2019,9,regular,2019-10-26 17:00:00,Davidson,Marist,Pioneer,Pioneer,21,27,False,True,Richardson Stadium
401114298,2019,9,regular,2019-10-26 17:00:00,Rice,Southern Miss,Conference USA,Conference USA,6,20,False,True,Rice Stadium
401127237,2019,9,regular,2019-10-26 17:00:00,North Carolina A&T,Howard,MEAC,MEAC,64,6,False,True,Aggie Stadium
401136601,2019,9,regular,2019-10-26 17:00:00,Duquesne,Wagner,NEC,NEC,28,24,False,True,Arthur J. Rooney Athletic Field
401127089,2019,9,regular,2019-10-26 17:00:00,Rhode Island,Elon,CAA,CAA,13,38,False,True,Meade Stadium
401128511,2019,9,regular,2019-10-26 17:00:00,Samford,East Tennessee State,Southern,Southern,24,17,False,True,Seibert Stadium
401128670,2019,9,regular,2019-10-26 17:00:00,Princeton,Harvard,Ivy,Ivy,30,24,False,True,Princeton University Stadium
401128609,2019,9,regular,2019-10-26 17:00:00,Valparaiso,Stetson,Pioneer,Pioneer,19,10,False,True,Brown Field
401127088,2019,9,regular,2019-10-26 17:00:00,Delaware,Richmond,CAA,CAA,25,35,False,True,Delaware Stadium
401127026,2019,9,regular,2019-10-26 17:00:00,Merrimack,Presbyterian,NEC,Big South,24,21,False,False,Duane Stadium
401126991,2019,9,regular,2019-10-26 17:30:00,Gardner-Webb,Campbell,Big South,Big South,47,49,False,True,Ernest W. Spangler Stadium
401128654,2019,9,regular,2019-10-26 17:30:00,Cornell,Brown,Ivy,Ivy,37,35,False,True,Schoellkopf Field
401128494,2019,9,regular,2019-10-26 17:30:00,Wofford,Chattanooga,Southern,Southern,35,34,False,True,Gibbs Stadium
401127242,2019,9,regular,2019-10-26 18:00:00,North Carolina Central,Delaware State,MEAC,MEAC,30,23,False,True,O'Kelly-Riddick Stadium
401127037,2019,9,regular,2019-10-26 18:00:00,Hampton,Virginia Lynchburg,Big South,,56,6,False,False,Armstrong Stadium
401119292,2019,9,regular,2019-10-26 18:00:00,Ball State,Ohio,Mid-American,Mid-American,21,34,False,True,Scheumann Stadium
401128503,2019,9,regular,2019-10-26 18:00:00,The Citadel,Mercer,Southern,Southern,35,24,False,True,Johnson Hagood Stadium
401117533,2019,9,regular,2019-10-26 18:00:00,Wyoming,Nevada,Mountain West,Mountain West,31,3,False,True,War Memorial Stadium
401126917,2019,9,regular,2019-10-26 18:00:00,Montana,Eastern Washington,Big Sky,Big Sky,34,17,False,True,Washington-Grizzly Stadium
401127302,2019,9,regular,2019-10-26 18:00:00,Youngstown State,Western Illinois,MVFC,MVFC,59,14,False,True,Stambaugh Stadium
401128379,2019,9,regular,2019-10-26 18:00:00,Southeast Missouri State,UT Martin,OVC,OVC,17,10,False,True,Houck Stadium
401128599,2019,9,regular,2019-10-26 18:00:00,Drake,Morehead State,Pioneer,Pioneer,36,17,False,True,Drake Stadium
401127434,2019,9,regular,2019-10-26 18:30:00,Tennessee Tech,Austin Peay,OVC,OVC,21,58,False,True,Tucker Stadium
401114297,2019,9,regular,2019-10-26 18:30:00,Marshall,Western Kentucky,Conference USA,Conference USA,26,23,False,True,Joan C. Edwards Stadium
401128358,2019,9,regular,2019-10-26 19:00:00,Eastern Illinois,Eastern Kentucky,OVC,OVC,6,33,False,True,O'Brien Stadium
401128457,2019,9,regular,2019-10-26 19:00:00,Alcorn State,Southern,SWAC,SWAC,27,13,False,True,Jack Spinks Stadium
401128480,2019,9,regular,2019-10-26 19:00:00,Mississippi Valley State,Texas Southern,SWAC,SWAC,35,14,False,True,Rice-Totten Field
401127279,2019,9,regular,2019-10-26 19:00:00,South Dakota State,North Dakota State,MVFC,MVFC,16,23,False,True,Dana J. Dykhouse Stadium
401114344,2019,9,regular,2019-10-26 19:00:00,Georgia Southern,New Mexico State,Sun Belt,FBS Independents,41,7,False,False,Allen E. Paulson Stadium
401128698,2019,9,regular,2019-10-26 19:00:00,Houston Christian,SE Louisiana,Southland,Southland,13,52,False,True,Husky Stadium
401127033,2019,9,regular,2019-10-26 19:00:00,Kennesaw State,North Alabama,Big South,Big South,41,17,False,True,Fifth Third Stadium
401127254,2019,9,regular,2019-10-26 19:00:00,Missouri State,Northern Iowa,MVFC,MVFC,6,29,False,True,Plaster Sports Complex
401127264,2019,9,regular,2019-10-26 19:00:00,Illinois State,Indiana State,MVFC,MVFC,24,7,False,True,Hancock Stadium
401127220,2019,9,regular,2019-10-26 19:00:00,Morgan State,Florida A&M,MEAC,MEAC,12,24,False,True,Hughes Stadium
401114170,2019,9,regular,2019-10-26 19:30:00,Stanford,Arizona,Pac-12,Pac-12,41,31,False,True,Stanford Stadium
401117890,2019,9,regular,2019-10-26 19:30:00,Navy,Tulane,American Athletic,American Athletic,41,38,False,True,Navy-Marine Corps Memorial Stadium
401119289,2019,9,regular,2019-10-26 19:30:00,Buffalo,Central Michigan,Mid-American,Mid-American,43,20,False,True,UB Stadium
401127090,2019,9,regular,2019-10-26 19:30:00,James Madison,Towson,CAA,CAA,27,10,False,True,Bridgeforth Stadium
401112132,2019,9,regular,2019-10-26 19:30:00,TCU,Texas,Big 12,Big 12,37,27,False,True,Amon G. Carter Stadium
401119291,2019,9,regular,2019-10-26 19:30:00,Kent State,Miami (OH),Mid-American,Mid-American,16,23,False,True,Dix Stadium
401114293,2019,9,regular,2019-10-26 19:30:00,Charlotte,North Texas,Conference USA,Conference USA,39,38,False,True,Jerry Richardson Stadium
401112164,2019,9,regular,2019-10-26 19:30:00,Nebraska,Indiana,Big Ten,Big Ten,31,38,False,True,"Memorial Stadium (Lincoln, NE)"
401127092,2019,9,regular,2019-10-26 19:30:00,Villanova,Stony Brook,CAA,CAA,35,36,False,True,Villanova Stadium
401128618,2019,9,regular,2019-10-26 19:30:00,Lafayette,Bucknell,Patriot,Patriot,21,17,False,True,Fisher Field
401112492,2019,9,regular,2019-10-26 19:30:00,Florida State,Syracuse,ACC,ACC,35,17,False,True,Doak Campbell Stadium
401114294,2019,9,regular,2019-10-26 19:30:00,Middle Tennessee,Florida International,Conference USA,Conference USA,50,17,False,True,"Johnny ""Red"" Floyd Stadium"
401119290,2019,9,regular,2019-10-26 19:30:00,Toledo,Eastern Michigan,Mid-American,Mid-American,37,34,False,True,Glass Bowl
401112493,2019,9,regular,2019-10-26 19:30:00,Louisville,Virginia,ACC,ACC,28,21,False,True,L&N Federal Credit Union Stadium
401128516,2019,9,regular,2019-10-26 19:30:00,Western Carolina,Furman,Southern,Southern,7,28,False,True,E. J. Whitmire Stadium
401112207,2019,9,regular,2019-10-26 19:30:00,Minnesota,Maryland,Big Ten,Big Ten,52,10,False,True,Huntington Bank Stadium
401112218,2019,9,regular,2019-10-26 19:30:00,Michigan State,Penn State,Big Ten,Big Ten,7,28,False,True,Spartan Stadium
401114295,2019,9,regular,2019-10-26 19:30:00,Old Dominion,Florida Atlantic,Conference USA,Conference USA,3,41,False,True,S.B. Ballard Stadium
401128439,2019,9,regular,2019-10-26 19:30:00,Alabama State,Alabama A&M,SWAC,SWAC,41,43,False,True,Legion Field
401114357,2019,9,regular,2019-10-26 19:30:00,Massachusetts,UConn,FBS Independents,American Athletic,35,56,False,False,Warren McGuirk Alumni Stadium
401112091,2019,9,regular,2019-10-26 19:30:00,Iowa State,Oklahoma State,Big 12,Big 12,27,34,False,True,Jack Trice Stadium
401110833,2019,9,regular,2019-10-26 19:30:00,LSU,Auburn,SEC,SEC,23,20,False,True,Tiger Stadium (LA)
401119287,2019,9,regular,2019-10-26 19:30:00,Northern Illinois,Akron,Mid-American,Mid-American,49,0,False,True,Huskie Stadium
401117892,2019,9,regular,2019-10-26 19:45:00,East Carolina,South Florida,American Athletic,American Athletic,20,45,False,True,Dowdy-Ficklen Stadium
401128367,2019,9,regular,2019-10-26 20:00:00,Jacksonville State,Murray State,OVC,OVC,14,12,False,True,AmFirst Stadium
401128717,2019,9,regular,2019-10-26 20:00:00,Stephen F. Austin,McNeese,Southland,Southland,10,33,False,True,Homer Bryce Stadium
401128464,2019,9,regular,2019-10-26 20:00:00,Arkansas-Pine Bluff,Grambling,SWAC,SWAC,33,39,False,True,Golden Lion Stadium
401117532,2019,9,regular,2019-10-26 20:00:00,New Mexico,Hawai'i,Mountain West,Mountain West,31,45,False,True,University Stadium (NM)
401127211,2019,9,regular,2019-10-26 20:00:00,Bethune-Cookman,South Carolina State,MEAC,MEAC,19,27,False,True,Municipal Stadium
401128666,2019,9,regular,2019-10-26 20:00:00,Nicholls,Abilene Christian,Southland,Southland,31,37,False,True,Manning Field at John L. Guidry Stadium
401110834,2019,9,regular,2019-10-26 20:00:00,Tennessee,South Carolina,SEC,SEC,41,21,False,True,Neyland Stadium
401112491,2019,9,regular,2019-10-26 20:00:00,North Carolina,Duke,ACC,ACC,20,17,False,True,Kenan Stadium
401126934,2019,9,regular,2019-10-26 20:05:00,Southern Utah,Idaho State,Big Sky,Big Sky,59,34,False,True,Eccles Coliseum
401127289,2019,9,regular,2019-10-26 21:00:00,South Dakota,Southern Illinois,MVFC,MVFC,28,48,False,True,DakotaDome
401128706,2019,9,regular,2019-10-26 21:00:00,Incarnate Word,Northwestern State,Southland,Southland,41,44,False,True,Gayle and Tom Benson Stadium
401127002,2019,9,regular,2019-10-26 22:00:00,Charleston Southern,Monmouth,Big South,Big South,13,35,False,True,Buccaneer Field
401121958,2019,9,regular,2019-10-26 23:00:00,Arkansas State,Texas State,Sun Belt,Sun Belt,38,14,False,True,Centennial Bank Stadium
401110831,2019,9,regular,2019-10-26 23:00:00,Alabama,Arkansas,SEC,SEC,48,7,False,True,Bryant-Denny Stadium
401117891,2019,9,regular,2019-10-26 23:00:00,Temple,UCF,American Athletic,American Athletic,21,63,False,True,Lincoln Financial Field
401112103,2019,9,regular,2019-10-26 23:00:00,Kansas,Texas Tech,Big 12,Big 12,37,34,False,True,Memorial Stadium
401117893,2019,9,regular,2019-10-26 23:00:00,Tulsa,Memphis,American Athletic,American Athletic,41,42,False,True,Chapman Stadium
401126959,2019,9,regular,2019-10-26 23:00:00,Northern Arizona,Portland State,Big Sky,Big Sky,31,29,False,True,Walkup Skydome
401128684,2019,9,regular,2019-10-26 23:00:00,Central Arkansas,Sam Houston,Southland,Southland,29,25,False,True,Estes Stadium
401121959,2019,9,regular,2019-10-26 23:00:00,Georgia State,Troy,Sun Belt,Sun Belt,52,33,False,True,Center Parc Stadium
401126983,2019,9,regular,2019-10-26 23:00:00,UC Davis,Weber State,Big Sky,Big Sky,20,36,False,True,Aggie Stadium
401114159,2019,9,regular,2019-10-26 23:30:00,UCLA,Arizona State,Pac-12,Pac-12,42,32,False,True,Rose Bowl
401112227,2019,9,regular,2019-10-26 23:30:00,Michigan,Notre Dame,Big Ten,FBS Independents,45,14,False,False,Michigan Stadium
401112490,2019,9,regular,2019-10-26 23:30:00,Clemson,Boston College,ACC,ACC,59,7,False,True,"Memorial Stadium (Clemson, SC)"
401117531,2019,9,regular,2019-10-26 23:30:00,Fresno State,Colorado State,Mountain West,Mountain West,31,41,False,True,Valley Children's Stadium
401110832,2019,9,regular,2019-10-26 23:30:00,Kentucky,Missouri,SEC,SEC,29,7,False,True,Kroger Field
401114296,2019,9,regular,2019-10-27 00:00:00,UTEP,Louisiana Tech,Conference USA,Conference USA,21,42,False,True,Sun Bowl
401126907,2019,9,regular,2019-10-27 00:00:00,Cal Poly,Sacramento State,Big Sky,Big Sky,14,38,False,True,Alex G. Spanos Stadium
401114179,2019,9,regular,2019-10-27 02:00:00,Utah,California,Pac-12,Pac-12,35,0,False,True,Rice-Eccles Stadium
401117530,2019,9,regular,2019-10-27 02:15:00,Air Force,Utah State,Mountain West,Mountain West,31,7,False,True,Falcon Stadium
401117534,2019,9,regular,2019-10-27 02:30:00,UNLV,San Diego State,Mountain West,Mountain West,17,20,False,True,Sam Boyd Stadium
401114197,2019,9,regular,2019-10-27 02:30:00,Oregon,Washington State,Pac-12,Pac-12,37,35,False,True,Autzen Stadium
401121960,2019,10,regular,2019-11-01 00:00:00,App State,Georgia Southern,Sun Belt,Sun Belt,21,24,False,True,Kidd Brewer Stadium
401112080,2019,10,regular,2019-11-01 00:00:00,Baylor,West Virginia,Big 12,Big 12,17,14,False,True,McLane Stadium
401128671,2019,10,regular,2019-11-01 22:00:00,Cornell,Princeton,Ivy,Ivy,7,21,False,True,Schoellkopf Field
401117894,2019,10,regular,2019-11-02 00:00:00,UConn,Navy,American Athletic,American Athletic,10,56,False,True,Pratt & Whitney Stadium
401112500,2019,10,regular,2019-11-02 16:00:00,Wake Forest,NC State,ACC,ACC,44,10,False,True,Allegacy Federal Credit Union Stadium
401110841,2019,10,regular,2019-11-02 16:00:00,Texas A&M,UTSA,SEC,Conference USA,45,14,False,False,Kyle Field
401112495,2019,10,regular,2019-11-02 16:00:00,Syracuse,Boston College,ACC,ACC,27,58,False,True,JMA Wireless Dome
401117895,2019,10,regular,2019-11-02 16:00:00,UCF,Houston,American Athletic,American Athletic,44,29,False,True,FBC Mortgage Stadium
401119295,2019,10,regular,2019-11-02 16:00:00,Central Michigan,Northern Illinois,Mid-American,Mid-American,48,10,False,True,Kelly/Shorts Stadium
401136602,2019,10,regular,2019-11-02 16:00:00,Duquesne,Saint Francis,NEC,NEC,30,21,False,True,Arthur J. Rooney Athletic Field
401112208,2019,10,regular,2019-11-02 16:00:00,Maryland,Michigan,Big Ten,Big Ten,7,38,False,True,SECU Stadium
401114352,2019,10,regular,2019-11-02 16:00:00,Massachusetts,Liberty,FBS Independents,FBS Independents,21,63,False,False,Warren McGuirk Alumni Stadium
401119294,2019,10,regular,2019-11-02 16:00:00,Eastern Michigan,Buffalo,Mid-American,Mid-American,14,43,False,True,Rynearson Stadium
401114300,2019,10,regular,2019-11-02 16:00:00,Florida International,Old Dominion,Conference USA,Conference USA,24,17,False,True,FIU Stadium
401136595,2019,10,regular,2019-11-02 16:00:00,Wagner,Central Connecticut,NEC,NEC,13,27,False,True,Wagner College Stadium
401112243,2019,10,regular,2019-11-02 16:00:00,Purdue,Nebraska,Big Ten,Big Ten,31,27,False,True,Ross-Ade Stadium
401128627,2019,10,regular,2019-11-02 16:00:00,Georgetown,Colgate,Patriot,Patriot,14,24,False,True,Cooper Field
401128949,2019,10,regular,2019-11-02 16:00:00,Yale,Columbia,Ivy,Ivy,45,10,False,True,Yale Bowl
401136606,2019,10,regular,2019-11-02 16:00:00,Robert Morris,Long Island University,NEC,NEC,28,17,False,True,Joe Walton Stadium
401128560,2019,10,regular,2019-11-02 16:00:00,Marist,Butler,Pioneer,Pioneer,37,27,False,True,Leonidoff Field
401128646,2019,10,regular,2019-11-02 16:30:00,Lafayette,Fordham,Patriot,Patriot,38,34,False,True,Fisher Field
401128640,2019,10,regular,2019-11-02 16:30:00,Lehigh,Holy Cross,Patriot,Patriot,17,24,False,True,Goodman Stadium
401127274,2019,10,regular,2019-11-02 17:00:00,Indiana State,Southern Illinois,MVFC,MVFC,14,23,False,True,Memorial Stadium
401128655,2019,10,regular,2019-11-02 17:00:00,Pennsylvania,Brown,Ivy,Ivy,38,36,False,True,Franklin Field
401128586,2019,10,regular,2019-11-02 17:00:00,Jacksonville,Stetson,Pioneer,Pioneer,24,27,False,True,D. B. Milne Field
401128677,2019,10,regular,2019-11-02 17:00:00,Harvard,Dartmouth,Ivy,Ivy,6,9,False,True,Harvard Stadium
401127265,2019,10,regular,2019-11-02 17:00:00,Illinois State,Northern Iowa,MVFC,MVFC,10,27,False,True,Hancock Stadium
401127435,2019,10,regular,2019-11-02 17:00:00,Eastern Kentucky,Austin Peay,OVC,OVC,21,28,False,True,Roy Kidd Stadium
401127027,2019,10,regular,2019-11-02 17:00:00,Hampton,Presbyterian,Big South,Big South,40,17,False,True,Armstrong Stadium
401128580,2019,10,regular,2019-11-02 17:00:00,Morehead State,Dayton,Pioneer,Pioneer,35,49,False,True,Jayne Stadium
401136282,2019,10,regular,2019-11-02 17:00:00,Rhode Island,Merrimack,CAA,NEC,42,14,False,False,Meade Stadium
401128571,2019,10,regular,2019-11-02 17:00:00,Davidson,Valparaiso,Pioneer,Pioneer,27,21,False,True,Richardson Stadium
401127243,2019,10,regular,2019-11-02 17:00:00,Howard,North Carolina Central,MEAC,MEAC,6,28,False,True,William H. Greene Stadium
401127094,2019,10,regular,2019-11-02 17:00:00,New Hampshire,Villanova,CAA,CAA,28,20,False,True,Wildcat Stadium
401127424,2019,10,regular,2019-11-02 17:00:00,Bryant,Sacred Heart,NEC,NEC,17,24,False,True,Bulldog Stadium
401127003,2019,10,regular,2019-11-02 17:30:00,Gardner-Webb,Charleston Southern,Big South,Big South,27,30,False,True,Ernest W. Spangler Stadium
401128530,2019,10,regular,2019-11-02 17:30:00,VMI,Western Carolina,Southern,Southern,35,43,False,True,Alumni Memorial Field
401127238,2019,10,regular,2019-11-02 17:30:00,South Carolina State,North Carolina A&T,MEAC,MEAC,20,22,False,True,Oliver C. Dawson Stadium
401119293,2019,10,regular,2019-11-02 18:00:00,Bowling Green,Akron,Mid-American,Mid-American,35,6,False,True,Doyt L. Perry Stadium
401126951,2019,10,regular,2019-11-02 18:00:00,Montana State,Southern Utah,Big Sky,Big Sky,42,7,False,True,Bobcat Stadium
401127226,2019,10,regular,2019-11-02 18:00:00,Norfolk State,Morgan State,MEAC,MEAC,48,0,False,True,"William Dick"""" Price Stadium"""""
401127018,2019,10,regular,2019-11-02 18:00:00,Kennesaw State,Monmouth,Big South,Big South,21,45,False,True,Fifth Third Stadium
401127093,2019,10,regular,2019-11-02 18:00:00,Elon,William & Mary,CAA,CAA,29,31,False,True,Rhodes Stadium
401128375,2019,10,regular,2019-11-02 18:00:00,Murray State,Tennessee Tech,OVC,OVC,7,17,False,True,Roy Stewart Stadium
401127290,2019,10,regular,2019-11-02 18:00:00,Western Illinois,South Dakota,MVFC,MVFC,38,34,False,True,Hanson Field
401127097,2019,10,regular,2019-11-02 18:00:00,Towson,Delaware,CAA,CAA,31,24,False,True,Johnny Unitas Stadium
401128495,2019,10,regular,2019-11-02 18:00:00,Chattanooga,Furman,Southern,Southern,20,35,False,True,Finley Stadium
401128449,2019,10,regular,2019-11-02 18:00:00,Mississippi Valley State,Alabama State,SWAC,SWAC,0,27,False,True,Rice-Totten Field
401126992,2019,10,regular,2019-11-02 18:30:00,North Alabama,Campbell,Big South,Big South,25,24,False,True,Braly Municipal Stadium
401112501,2019,10,regular,2019-11-02 18:30:00,Notre Dame,Virginia Tech,FBS Independents,ACC,21,20,False,False,Notre Dame Stadium
401128380,2019,10,regular,2019-11-02 19:00:00,Tennessee State,Southeast Missouri State,OVC,OVC,13,32,False,True,Hale Stadium
401127255,2019,10,regular,2019-11-02 19:00:00,Missouri State,South Dakota State,MVFC,MVFC,14,35,False,True,Plaster Sports Complex
401128471,2019,10,regular,2019-11-02 19:00:00,Grambling,Texas Southern,SWAC,SWAC,55,20,False,True,Eddie Robinson Stadium
401121962,2019,10,regular,2019-11-02 19:00:00,Coastal Carolina,Troy,Sun Belt,Sun Belt,36,35,False,True,Brooks Stadium (SC)
401128368,2019,10,regular,2019-11-02 19:00:00,UT Martin,Jacksonville State,OVC,OVC,22,17,False,True,Graham Stadium
401127095,2019,10,regular,2019-11-02 19:00:00,Richmond,Stony Brook,CAA,CAA,30,10,False,True,E. Claiborne Robins Stadium
401117538,2019,10,regular,2019-11-02 19:30:00,Colorado State,UNLV,Mountain West,Mountain West,37,17,False,True,Canvas Stadium
401114302,2019,10,regular,2019-11-02 19:30:00,Rice,Marshall,Conference USA,Conference USA,7,20,False,True,Rice Stadium
401128504,2019,10,regular,2019-11-02 19:30:00,East Tennessee State,The Citadel,Southern,Southern,27,31,False,True,William B. Greene Jr. Stadium
401114331,2019,10,regular,2019-11-02 19:30:00,Air Force,Army,Mountain West,FBS Independents,17,13,False,False,Falcon Stadium
401110838,2019,10,regular,2019-11-02 19:30:00,Florida,Georgia,SEC,SEC,17,24,True,True,EverBank Stadium
401121961,2019,10,regular,2019-11-02 19:30:00,UL Monroe,Arkansas State,Sun Belt,Sun Belt,41,48,False,True,Malone Stadium
401112497,2019,10,regular,2019-11-02 19:30:00,Florida State,Miami,ACC,ACC,10,27,False,True,Doak Campbell Stadium
401112104,2019,10,regular,2019-11-02 19:30:00,Kansas,Kansas State,Big 12,Big 12,10,38,False,True,Memorial Stadium
401114299,2019,10,regular,2019-11-02 19:30:00,Charlotte,Middle Tennessee,Conference USA,Conference USA,34,20,False,True,Jerry Richardson Stadium
401112153,2019,10,regular,2019-11-02 19:30:00,Illinois,Rutgers,Big Ten,Big Ten,38,10,False,True,"Memorial Stadium (Champaign, IL)"
401127096,2019,10,regular,2019-11-02 19:30:00,UAlbany,Maine,CAA,CAA,31,47,False,True,Bob Ford Field
401114303,2019,10,regular,2019-11-02 19:30:00,North Texas,UTEP,Conference USA,Conference USA,52,26,False,True,DATCU Stadium
401112127,2019,10,regular,2019-11-02 19:30:00,Oklahoma State,TCU,Big 12,Big 12,34,27,False,True,Boone Pickens Stadium
401127221,2019,10,regular,2019-11-02 20:00:00,Florida A&M,Delaware State,MEAC,MEAC,52,30,False,True,Bragg Memorial Stadium
401114301,2019,10,regular,2019-11-02 20:00:00,Western Kentucky,Florida Atlantic,Conference USA,Conference USA,24,35,False,True,Houchens Industries-L.T. Smith Stadium
401112496,2019,10,regular,2019-11-02 20:00:00,Clemson,Wofford,ACC,Southern,59,14,False,False,"Memorial Stadium (Clemson, SC)"
401110836,2019,10,regular,2019-11-02 20:00:00,Arkansas,Mississippi State,SEC,SEC,24,54,False,True,Razorback Stadium
401112498,2019,10,regular,2019-11-02 20:00:00,Georgia Tech,Pittsburgh,ACC,ACC,10,20,False,True,Bobby Dodd Stadium
401128685,2019,10,regular,2019-11-02 20:00:00,Lamar,Central Arkansas,Southland,Southland,17,45,False,True,Provost Umphrey Stadium
401114227,2019,10,regular,2019-11-02 20:00:00,Washington,Utah,Pac-12,Pac-12,28,33,False,True,Husky Stadium
401117898,2019,10,regular,2019-11-02 20:00:00,Tulane,Tulsa,American Athletic,American Athletic,38,26,False,True,Yulman Stadium
401126918,2019,10,regular,2019-11-02 20:05:00,Eastern Washington,Northern Arizona,Big Sky,Big Sky,66,38,False,True,Roos Field
401126935,2019,10,regular,2019-11-02 20:30:00,Idaho State,Northern Colorado,Big Sky,Big Sky,20,26,False,True,Holt Arena
401114171,2019,10,regular,2019-11-02 20:30:00,Arizona,Oregon State,Pac-12,Pac-12,38,56,False,True,Arizona Stadium
401126908,2019,10,regular,2019-11-02 21:00:00,Idaho,Cal Poly,Big Sky,Big Sky,21,9,False,True,Kibbie Dome
401128440,2019,10,regular,2019-11-02 21:00:00,Southern,Alabama A&M,SWAC,SWAC,35,31,False,True,Ace W. Mumford Stadium
401128605,2019,10,regular,2019-11-02 21:00:00,San Diego,Drake,Pioneer,Pioneer,49,7,False,True,Torero Stadium
401128707,2019,10,regular,2019-11-02 21:00:00,Incarnate Word,Nicholls,Southland,Southland,23,27,False,True,Gayle and Tom Benson Stadium
401128731,2019,10,regular,2019-11-02 21:00:00,SE Louisiana,Stephen F. Austin,Southland,Southland,47,30,False,True,Strawberry Stadium
401121963,2019,10,regular,2019-11-02 21:00:00,Louisiana,Texas State,Sun Belt,Sun Belt,31,3,False,True,Cajun Field
401128718,2019,10,regular,2019-11-02 21:00:00,McNeese,Northwestern State,Southland,Southland,30,20,False,True,Cowboy Stadium
401126942,2019,10,regular,2019-11-02 21:05:00,Portland State,Montana,Big Sky,Big Sky,23,38,False,True,Hillsboro Stadium
401127280,2019,10,regular,2019-11-02 22:00:00,Youngstown State,North Dakota State,MVFC,MVFC,17,56,False,True,Stambaugh Stadium
401117896,2019,10,regular,2019-11-02 23:00:00,East Carolina,Cincinnati,American Athletic,American Athletic,43,46,False,True,Dowdy-Ficklen Stadium
401128522,2019,10,regular,2019-11-02 23:00:00,Mercer,Samford,Southern,Southern,36,33,False,True,Five Star Stadium at the Moye Complex
401110837,2019,10,regular,2019-11-02 23:00:00,Auburn,Ole Miss,SEC,SEC,20,14,False,True,Jordan-Hare Stadium
401128465,2019,10,regular,2019-11-02 23:00:00,Jackson State,Arkansas-Pine Bluff,SWAC,SWAC,21,12,False,True,Mississippi Veterans Memorial Stadium
401110840,2019,10,regular,2019-11-02 23:00:00,Tennessee,UAB,SEC,Conference USA,30,7,False,False,Neyland Stadium
401112165,2019,10,regular,2019-11-02 23:00:00,Indiana,Northwestern,Big Ten,Big Ten,34,3,False,True,"Memorial Stadium (Bloomington, IN)"
401112499,2019,10,regular,2019-11-02 23:30:00,North Carolina,Virginia,ACC,ACC,31,38,False,True,Kenan Stadium
401110839,2019,10,regular,2019-11-02 23:30:00,South Carolina,Vanderbilt,SEC,SEC,24,7,False,True,Williams-Brice Stadium
401117897,2019,10,regular,2019-11-02 23:30:00,Memphis,SMU,American Athletic,American Athletic,54,48,False,True,Simmons Bank Liberty Stadium
401114198,2019,10,regular,2019-11-03 00:00:00,USC,Oregon,Pac-12,Pac-12,24,56,False,True,Los Angeles Memorial Coliseum
401114189,2019,10,regular,2019-11-03 01:00:00,UCLA,Colorado,Pac-12,Pac-12,31,14,False,True,Rose Bowl
401126971,2019,10,regular,2019-11-03 01:00:00,Sacramento State,Weber State,Big Sky,Big Sky,17,36,False,True,Hornet Stadium
401117216,2019,10,regular,2019-11-03 02:00:00,Utah State,BYU,Mountain West,FBS Independents,14,42,False,False,Maverik Stadium
401117536,2019,10,regular,2019-11-03 02:30:00,Nevada,New Mexico,Mountain West,Mountain West,21,10,False,True,Mackay Stadium
401117535,2019,10,regular,2019-11-03 02:30:00,San José State,Boise State,Mountain West,Mountain West,42,52,False,True,CEFCU Stadium
401117537,2019,10,regular,2019-11-03 03:59:00,Hawai'i,Fresno State,Mountain West,Mountain West,38,41,False,True,Aloha Stadium
401119297,2019,11,regular,2019-11-06 00:00:00,Toledo,Kent State,Mid-American,Mid-American,35,33,False,True,Glass Bowl
401119296,2019,11,regular,2019-11-06 01:00:00,Western Michigan,Ball State,Mid-American,Mid-American,35,31,False,True,Waldo Stadium
401119298,2019,11,regular,2019-11-07 01:00:00,Ohio,Miami (OH),Mid-American,Mid-American,21,24,False,True,Peden Stadium
401121964,2019,11,regular,2019-11-08 00:30:00,Coastal Carolina,Louisiana,Sun Belt,Sun Belt,7,48,False,True,Brooks Stadium (SC)
401117899,2019,11,regular,2019-11-08 01:00:00,South Florida,Temple,American Athletic,American Athletic,7,17,False,True,Raymond James Stadium
401117900,2019,11,regular,2019-11-09 00:00:00,Tulsa,UCF,American Athletic,American Athletic,34,31,False,True,Chapman Stadium
401114205,2019,11,regular,2019-11-09 03:30:00,Oregon State,Washington,Pac-12,Pac-12,7,19,False,True,Reser Stadium
401112249,2019,11,regular,2019-11-09 17:00:00,Northwestern,Purdue,Big Ten,Big Ten,22,24,False,True,Ryan Field
401128561,2019,11,regular,2019-11-09 17:00:00,Butler,Davidson,Pioneer,Pioneer,10,52,False,True,Butler Bowl
401114332,2019,11,regular,2019-11-09 17:00:00,Army,Massachusetts,FBS Independents,FBS Independents,63,7,False,False,Michie Stadium
401112081,2019,11,regular,2019-11-09 17:00:00,TCU,Baylor,Big 12,Big 12,23,29,False,True,Amon G. Carter Stadium
401127019,2019,11,regular,2019-11-09 17:00:00,Monmouth,North Alabama,Big South,Big South,49,38,False,True,Kessler Stadium
401117902,2019,11,regular,2019-11-09 17:00:00,SMU,East Carolina,American Athletic,American Athletic,59,51,False,True,Gerald J. Ford Stadium
401110844,2019,11,regular,2019-11-09 17:00:00,Florida,Vanderbilt,SEC,SEC,56,0,False,True,Ben Hill Griffin Stadium
401112235,2019,11,regular,2019-11-09 17:00:00,Minnesota,Penn State,Big Ten,Big Ten,31,26,False,True,Huntington Bank Stadium
401128641,2019,11,regular,2019-11-09 17:00:00,Holy Cross,Lafayette,Patriot,Patriot,20,23,False,True,Fitton Field
401112502,2019,11,regular,2019-11-09 17:00:00,Boston College,Florida State,ACC,ACC,31,38,False,True,"Alumni Stadium (Chestnut Hill, MA)"
401112142,2019,11,regular,2019-11-09 17:00:00,West Virginia,Texas Tech,Big 12,Big 12,17,38,False,True,Milan Puskar Stadium
401136596,2019,11,regular,2019-11-09 17:00:00,Central Connecticut,Saint Francis,NEC,NEC,38,31,False,True,Arute Field
401128606,2019,11,regular,2019-11-09 17:00:00,Stetson,San Diego,Pioneer,Pioneer,7,51,False,True,Spec Martin Municipal Stadium
401110843,2019,11,regular,2019-11-09 17:00:00,Arkansas,Western Kentucky,SEC,Conference USA,19,45,False,False,Razorback Stadium
401136611,2019,11,regular,2019-11-09 17:00:00,Sacred Heart,Wagner,NEC,NEC,41,7,False,True,Campus Field
401112209,2019,11,regular,2019-11-09 17:00:00,Ohio State,Maryland,Big Ten,Big Ten,73,14,False,True,Ohio Stadium
401128656,2019,11,regular,2019-11-09 17:30:00,Brown,Yale,Ivy,Ivy,35,59,False,True,Brown Stadium
401112504,2019,11,regular,2019-11-09 17:30:00,Virginia,Georgia Tech,ACC,ACC,33,28,False,True,Scott Stadium
401128628,2019,11,regular,2019-11-09 18:00:00,Colgate,Fordham,Patriot,Patriot,24,13,False,True,Andy Kerr Stadium
401128619,2019,11,regular,2019-11-09 18:00:00,Bucknell,Lehigh,Patriot,Patriot,20,10,False,True,Christy Mathewson-Memorial Stadium
401126993,2019,11,regular,2019-11-09 18:00:00,Campbell,Kennesaw State,Big South,Big South,35,38,False,True,Barker-Lane Stadium
401128678,2019,11,regular,2019-11-09 18:00:00,Columbia,Harvard,Ivy,Ivy,17,10,False,True,Lawrence A. Wien Stadium
401127103,2019,11,regular,2019-11-09 18:00:00,William & Mary,Rhode Island,CAA,CAA,55,19,False,True,Zable Stadium
401127098,2019,11,regular,2019-11-09 18:00:00,Villanova,Richmond,CAA,CAA,35,28,False,True,Villanova Stadium
401127100,2019,11,regular,2019-11-09 18:00:00,Delaware,UAlbany,CAA,CAA,17,21,False,True,Delaware Stadium
401128581,2019,11,regular,2019-11-09 18:00:00,Dayton,Marist,Pioneer,Pioneer,59,35,False,True,Welcome Stadium
401136603,2019,11,regular,2019-11-09 18:00:00,Robert Morris,Duquesne,NEC,NEC,41,21,False,True,Joe Walton Stadium
401127011,2019,11,regular,2019-11-09 18:00:00,Presbyterian,Gardner-Webb,Big South,Big South,24,14,False,True,Bailey Memorial Stadium
401128517,2019,11,regular,2019-11-09 18:00:00,Furman,VMI,Southern,Southern,60,21,False,True,Paladin Stadium
401127227,2019,11,regular,2019-11-09 18:00:00,Morgan State,North Carolina A&T,MEAC,MEAC,22,16,False,True,Hughes Stadium
401127249,2019,11,regular,2019-11-09 18:30:00,South Carolina State,Howard,MEAC,MEAC,62,21,False,True,Oliver C. Dawson Stadium
401128952,2019,11,regular,2019-11-09 18:30:00,Pennsylvania,Cornell,Ivy,Ivy,21,20,False,True,Franklin Field
401127212,2019,11,regular,2019-11-09 19:00:00,Delaware State,Bethune-Cookman,MEAC,MEAC,16,13,False,True,Alumni Stadium
401114307,2019,11,regular,2019-11-09 19:00:00,Old Dominion,UTSA,Conference USA,Conference USA,23,24,False,True,S.B. Ballard Stadium
401128441,2019,11,regular,2019-11-09 19:00:00,Alabama A&M,Jackson State,SWAC,SWAC,48,43,False,True,Louis Crews Stadium
401128587,2019,11,regular,2019-11-09 19:00:00,Drake,Jacksonville,Pioneer,Pioneer,28,14,False,True,Drake Stadium
401127101,2019,11,regular,2019-11-09 19:00:00,Elon,Maine,CAA,CAA,17,31,False,True,Rhodes Stadium
401127232,2019,11,regular,2019-11-09 19:00:00,North Carolina Central,Norfolk State,MEAC,MEAC,21,38,False,True,O'Kelly-Riddick Stadium
401126952,2019,11,regular,2019-11-09 19:00:00,Northern Colorado,Montana State,Big Sky,Big Sky,14,45,False,True,Nottingham Field
401128359,2019,11,regular,2019-11-09 19:00:00,Southeast Missouri State,Eastern Kentucky,OVC,OVC,38,31,False,True,Houck Stadium
401127099,2019,11,regular,2019-11-09 19:00:00,Stony Brook,Towson,CAA,CAA,14,31,False,True,Kenneth P. LaValle Stadium
401128600,2019,11,regular,2019-11-09 19:00:00,Valparaiso,Morehead State,Pioneer,Pioneer,21,27,False,True,Brown Field
401128369,2019,11,regular,2019-11-09 19:30:00,Tennessee Tech,Jacksonville State,OVC,OVC,37,27,False,True,Tucker Stadium
401128450,2019,11,regular,2019-11-09 20:00:00,Texas Southern,Alabama State,SWAC,SWAC,21,27,False,True,BBVA Compass Stadium
401121967,2019,11,regular,2019-11-09 20:00:00,Texas State,South Alabama,Sun Belt,Sun Belt,30,28,False,True,Bobcat Stadium (TX)
401128458,2019,11,regular,2019-11-09 20:00:00,Grambling,Alcorn State,SWAC,SWAC,19,16,False,True,Eddie Robinson Stadium
401128523,2019,11,regular,2019-11-09 20:00:00,Mercer,Wofford,Southern,Southern,7,41,False,True,Five Star Stadium at the Moye Complex
401128496,2019,11,regular,2019-11-09 20:00:00,Samford,Chattanooga,Southern,Southern,27,35,False,True,Seibert Stadium
401127266,2019,11,regular,2019-11-09 20:00:00,South Dakota State,Illinois State,MVFC,MVFC,18,27,False,True,Dana J. Dykhouse Stadium
401127256,2019,11,regular,2019-11-09 20:00:00,Southern Illinois,Missouri State,MVFC,MVFC,37,14,False,True,Saluki Stadium
401128385,2019,11,regular,2019-11-09 20:00:00,Tennessee State,Eastern Illinois,OVC,OVC,38,49,False,True,Hale Stadium
401128466,2019,11,regular,2019-11-09 20:00:00,Prairie View A&M,Arkansas-Pine Bluff,SWAC,SWAC,37,20,False,True,Panther Stadium
401127291,2019,11,regular,2019-11-09 20:00:00,South Dakota,Youngstown State,MVFC,MVFC,56,21,False,True,DakotaDome
401114304,2019,11,regular,2019-11-09 20:00:00,UTEP,Charlotte,Conference USA,Conference USA,21,28,False,True,Sun Bowl
401114190,2019,11,regular,2019-11-09 20:00:00,Colorado,Stanford,Pac-12,Pac-12,16,13,False,True,Folsom Field
401126926,2019,11,regular,2019-11-09 20:10:00,Montana,Idaho,Big Sky,Big Sky,42,17,False,True,Washington-Grizzly Stadium
401117901,2019,11,regular,2019-11-09 20:30:00,Cincinnati,UConn,American Athletic,American Athletic,48,3,False,True,Nippert Stadium
401110842,2019,11,regular,2019-11-09 20:30:00,Alabama,LSU,SEC,SEC,41,46,False,True,Bryant-Denny Stadium
401127281,2019,11,regular,2019-11-09 20:30:00,North Dakota State,Western Illinois,MVFC,MVFC,57,21,False,True,Fargodome
401128672,2019,11,regular,2019-11-09 20:30:00,Dartmouth,Princeton,Ivy,Ivy,27,10,False,True,Yankee Stadium
401114308,2019,11,regular,2019-11-09 20:30:00,Southern Miss,UAB,Conference USA,Conference USA,37,2,False,True,M. M. Roberts Stadium
401128512,2019,11,regular,2019-11-09 20:30:00,Western Carolina,East Tennessee State,Southern,Southern,23,20,False,True,E. J. Whitmire Stadium
401121965,2019,11,regular,2019-11-09 20:30:00,Troy,Georgia Southern,Sun Belt,Sun Belt,49,28,False,True,Veterans Memorial Stadium (AL)
401112505,2019,11,regular,2019-11-09 20:30:00,Miami,Louisville,ACC,ACC,52,27,False,True,Hard Rock Stadium
401114160,2019,11,regular,2019-11-09 20:30:00,Arizona State,USC,Pac-12,Pac-12,26,31,False,True,Mountain America Stadium
401112154,2019,11,regular,2019-11-09 20:30:00,Michigan State,Illinois,Big Ten,Big Ten,34,37,False,True,Spartan Stadium
401112506,2019,11,regular,2019-11-09 20:30:00,Virginia Tech,Wake Forest,ACC,ACC,36,17,False,True,Lane Stadium
401112111,2019,11,regular,2019-11-09 20:30:00,Texas,Kansas State,Big 12,Big 12,27,24,False,True,DKR-Texas Memorial Stadium
401127102,2019,11,regular,2019-11-09 20:30:00,James Madison,New Hampshire,CAA,CAA,54,16,False,True,Bridgeforth Stadium
401114306,2019,11,regular,2019-11-09 21:00:00,Louisiana Tech,North Texas,Conference USA,Conference USA,52,17,False,True,Joe Aillet Stadium
401126960,2019,11,regular,2019-11-09 21:00:00,Northern Arizona,Sacramento State,Big Sky,Big Sky,34,38,False,True,Walkup Skydome
401112198,2019,11,regular,2019-11-09 21:00:00,Wisconsin,Iowa,Big Ten,Big Ten,24,22,False,True,Camp Randall Stadium
401128667,2019,11,regular,2019-11-09 21:00:00,Abilene Christian,Sam Houston,Southland,Southland,10,24,False,True,Wildcat Stadium (TX)
401110847,2019,11,regular,2019-11-09 21:00:00,Ole Miss,New Mexico State,SEC,FBS Independents,41,3,False,False,Vaught-Hemingway Stadium
401128686,2019,11,regular,2019-11-09 21:00:00,Central Arkansas,SE Louisiana,Southland,Southland,0,34,False,True,Estes Stadium
401126985,2019,11,regular,2019-11-09 21:00:00,Weber State,North Dakota,Big Sky,FCS Independents,30,27,False,False,Stewart Stadium
401128699,2019,11,regular,2019-11-09 21:00:00,Nicholls,Houston Christian,Southland,Southland,48,27,False,True,Manning Field at John L. Guidry Stadium
401127436,2019,11,regular,2019-11-09 21:00:00,Austin Peay,UT Martin,OVC,OVC,38,24,False,True,Governors Stadium
401126919,2019,11,regular,2019-11-09 21:30:00,Idaho State,Eastern Washington,Big Sky,Big Sky,5,48,False,True,Holt Arena
401128708,2019,11,regular,2019-11-09 22:00:00,Stephen F. Austin,Incarnate Word,Southland,Southland,31,24,False,True,Homer Bryce Stadium
401121966,2019,11,regular,2019-11-09 22:00:00,UL Monroe,Georgia State,Sun Belt,Sun Belt,45,31,False,True,Malone Stadium
401127275,2019,11,regular,2019-11-09 22:00:00,Northern Iowa,Indiana State,MVFC,MVFC,17,9,False,True,UNI-Dome
401128489,2019,11,regular,2019-11-09 22:00:00,Southern,Virginia Lynchburg,SWAC,,58,7,False,False,Ace W. Mumford Stadium
401126969,2019,11,regular,2019-11-09 22:05:00,Portland State,UC Davis,Big Sky,Big Sky,28,45,False,True,Hillsboro Stadium
401127004,2019,11,regular,2019-11-09 23:00:00,Charleston Southern,Hampton,Big South,Big South,27,20,False,True,Buccaneer Field
401114305,2019,11,regular,2019-11-09 23:00:00,Florida Atlantic,Florida International,Conference USA,Conference USA,37,7,False,True,FAU Stadium
401110848,2019,11,regular,2019-11-10 00:00:00,South Carolina,App State,SEC,Sun Belt,15,20,False,False,Williams-Brice Stadium
401114180,2019,11,regular,2019-11-10 00:00:00,California,Washington State,Pac-12,Pac-12,33,20,False,True,California Memorial Stadium
401117540,2019,11,regular,2019-11-10 00:00:00,Fresno State,Utah State,Mountain West,Mountain West,35,37,False,True,Valley Children's Stadium
401110845,2019,11,regular,2019-11-10 00:00:00,Georgia,Missouri,SEC,SEC,27,0,False,True,Sanford Stadium
401112503,2019,11,regular,2019-11-10 00:30:00,NC State,Clemson,ACC,ACC,10,55,False,True,Carter-Finley Stadium
401110846,2019,11,regular,2019-11-10 00:30:00,Kentucky,Tennessee,SEC,SEC,13,17,False,True,Kroger Field
401128713,2019,11,regular,2019-11-10 00:30:00,Northwestern State,Lamar,Southland,Southland,34,13,False,True,Harry Turpin Stadium
401111654,2019,11,regular,2019-11-10 00:30:00,Duke,Notre Dame,ACC,FBS Independents,7,38,False,False,Wallace Wade Stadium
401114353,2019,11,regular,2019-11-10 00:30:00,BYU,Liberty,FBS Independents,FBS Independents,31,24,False,False,LaVell Edwards Stadium
401112092,2019,11,regular,2019-11-10 01:00:00,Oklahoma,Iowa State,Big 12,Big 12,42,41,False,True,"Memorial Stadium (Norman, OK)"
401117541,2019,11,regular,2019-11-10 03:15:00,Boise State,Wyoming,Mountain West,Mountain West,20,17,False,True,Albertsons Stadium
401117542,2019,11,regular,2019-11-10 03:30:00,San Diego State,Nevada,Mountain West,Mountain West,13,17,False,True,Qualcomm Stadium
401117543,2019,11,regular,2019-11-10 04:00:00,Hawai'i,San José State,Mountain West,Mountain West,42,40,False,True,Aloha Stadium
401119299,2019,12,regular,2019-11-12 23:00:00,Akron,Eastern Michigan,Mid-American,Mid-American,14,42,False,True,InfoCision Stadium
401119300,2019,12,regular,2019-11-12 23:30:00,Ohio,Western Michigan,Mid-American,Mid-American,34,37,False,True,Peden Stadium
401119302,2019,12,regular,2019-11-14 01:00:00,Toledo,Northern Illinois,Mid-American,Mid-American,28,31,False,True,Glass Bowl
401119301,2019,12,regular,2019-11-14 01:00:00,Miami (OH),Bowling Green,Mid-American,Mid-American,44,3,False,True,Yager Stadium
401119303,2019,12,regular,2019-11-15 00:00:00,Kent State,Buffalo,Mid-American,Mid-American,30,27,False,True,Dix Stadium
401112507,2019,12,regular,2019-11-15 01:00:00,Pittsburgh,North Carolina,ACC,ACC,34,27,False,True,Acrisure Stadium
401136615,2019,12,regular,2019-11-16 00:00:00,Villanova,Long Island University,CAA,NEC,35,7,False,False,Villanova Stadium
401114309,2019,12,regular,2019-11-16 00:00:00,Marshall,Louisiana Tech,Conference USA,Conference USA,31,10,False,True,Joan C. Edwards Stadium
401117547,2019,12,regular,2019-11-16 02:30:00,San Diego State,Fresno State,Mountain West,Mountain West,17,7,False,True,Qualcomm Stadium
401128679,2019,12,regular,2019-11-16 17:00:00,Harvard,Pennsylvania,Ivy,Ivy,20,24,False,True,Harvard Stadium
401128588,2019,12,regular,2019-11-16 17:00:00,Marist,Jacksonville,Pioneer,Pioneer,45,52,False,True,Leonidoff Field
401112219,2019,12,regular,2019-11-16 17:00:00,Michigan,Michigan State,Big Ten,Big Ten,44,10,False,True,Michigan Stadium
401128562,2019,12,regular,2019-11-16 17:00:00,Butler,Valparaiso,Pioneer,Pioneer,24,21,False,True,Butler Bowl
401114333,2019,12,regular,2019-11-16 17:00:00,Army,VMI,FBS Independents,Southern,47,6,False,False,Michie Stadium
401112244,2019,12,regular,2019-11-16 17:00:00,Nebraska,Wisconsin,Big Ten,Big Ten,21,37,False,True,"Memorial Stadium (Lincoln, NE)"
401136613,2019,12,regular,2019-11-16 17:00:00,Saint Francis,Wagner,NEC,NEC,42,8,False,True,DeGol Field
401110852,2019,12,regular,2019-11-16 17:00:00,Missouri,Florida,SEC,SEC,6,23,False,True,Memorial Stadium
401110851,2019,12,regular,2019-11-16 17:00:00,Mississippi State,Alabama,SEC,SEC,7,38,False,True,Davis Wade Stadium
401112510,2019,12,regular,2019-11-16 17:00:00,Florida State,Alabama State,ACC,SWAC,49,12,False,False,Doak Campbell Stadium
401112166,2019,12,regular,2019-11-16 17:00:00,Penn State,Indiana,Big Ten,Big Ten,34,27,False,True,Beaver Stadium
401127105,2019,12,regular,2019-11-16 17:00:00,Maine,Rhode Island,CAA,CAA,34,30,False,True,Alfond Stadium
401136597,2019,12,regular,2019-11-16 17:00:00,Central Connecticut,Robert Morris,NEC,NEC,49,28,False,True,Arute Field
401112133,2019,12,regular,2019-11-16 17:00:00,Texas Tech,TCU,Big 12,Big 12,31,33,False,True,Jones AT&T Stadium
401128572,2019,12,regular,2019-11-16 17:00:00,Stetson,Davidson,Pioneer,Pioneer,14,42,False,True,Spec Martin Municipal Stadium
401112250,2019,12,regular,2019-11-16 17:00:00,Northwestern,Massachusetts,Big Ten,FBS Independents,45,6,False,False,Ryan Field
401117905,2019,12,regular,2019-11-16 17:00:00,Temple,Tulane,American Athletic,American Athletic,29,21,False,True,Lincoln Financial Field
401128651,2019,12,regular,2019-11-16 17:00:00,Sacred Heart,Lehigh,NEC,Patriot,13,6,False,False,Campus Field
401112105,2019,12,regular,2019-11-16 17:00:00,Oklahoma State,Kansas,Big 12,Big 12,31,13,False,True,Boone Pickens Stadium
401128629,2019,12,regular,2019-11-16 17:30:00,Lafayette,Colgate,Patriot,Patriot,0,16,False,True,Fisher Field
401133684,2019,12,regular,2019-11-16 18:00:00,Merrimack,Franklin Pierce,NEC,Northeast 10,57,0,False,False,Duane Stadium
401152635,2019,12,regular,2019-11-16 18:00:00,Morgan State,Virginia Lynchburg,MEAC,,59,26,False,False,Hughes Stadium
401128513,2019,12,regular,2019-11-16 18:00:00,East Tennessee State,Mercer,Southern,Southern,38,33,False,True,William B. Greene Jr. Stadium
401128381,2019,12,regular,2019-11-16 18:00:00,Eastern Illinois,Southeast Missouri State,OVC,OVC,12,26,False,True,O'Brien Stadium
401128360,2019,12,regular,2019-11-16 18:00:00,Eastern Kentucky,Tennessee Tech,OVC,OVC,22,10,False,True,Roy Kidd Stadium
401127213,2019,12,regular,2019-11-16 18:00:00,North Carolina A&T,Bethune-Cookman,MEAC,MEAC,47,17,False,True,Aggie Stadium
401128642,2019,12,regular,2019-11-16 18:00:00,Fordham,Holy Cross,Patriot,Patriot,27,49,False,True,Coffey Field
401126994,2019,12,regular,2019-11-16 18:00:00,Campbell,Monmouth,Big South,Big South,10,47,False,True,Barker-Lane Stadium
401127038,2019,12,regular,2019-11-16 18:00:00,Hampton,Kennesaw State,Big South,Big South,7,50,False,True,Armstrong Stadium
401127257,2019,12,regular,2019-11-16 18:00:00,Illinois State,Missouri State,MVFC,MVFC,17,12,False,True,Hancock Stadium
401127106,2019,12,regular,2019-11-16 18:00:00,William & Mary,Towson,CAA,CAA,10,31,False,True,Zable Stadium
401127108,2019,12,regular,2019-11-16 18:00:00,Delaware,Stony Brook,CAA,CAA,17,10,False,True,Delaware Stadium
401128620,2019,12,regular,2019-11-16 18:00:00,Bucknell,Georgetown,Patriot,Patriot,20,17,False,True,Christy Mathewson-Memorial Stadium
401127437,2019,12,regular,2019-11-16 18:00:00,Murray State,Austin Peay,OVC,OVC,7,42,False,True,Roy Stewart Stadium
401127425,2019,12,regular,2019-11-16 18:00:00,Bryant,Duquesne,NEC,NEC,20,16,False,True,Bulldog Stadium
401114312,2019,12,regular,2019-11-16 18:00:00,UAB,UTEP,Conference USA,Conference USA,37,10,False,True,Legion Field
401127276,2019,12,regular,2019-11-16 18:00:00,Indiana State,Youngstown State,MVFC,MVFC,24,17,False,True,Memorial Stadium
401128727,2019,12,regular,2019-11-16 18:00:00,Sam Houston,Northwestern State,Southland,Southland,28,31,False,True,Elliott T. Bowers Stadium
401128657,2019,12,regular,2019-11-16 18:00:00,Columbia,Brown,Ivy,Ivy,24,48,False,True,Lawrence A. Wien Stadium
401127107,2019,12,regular,2019-11-16 18:00:00,UAlbany,New Hampshire,CAA,CAA,24,17,False,True,Bob Ford Field
401128673,2019,12,regular,2019-11-16 18:00:00,Princeton,Yale,Ivy,Ivy,14,51,False,True,Princeton University Stadium
401127005,2019,12,regular,2019-11-16 18:00:00,Presbyterian,Charleston Southern,Big South,Big South,7,27,False,True,Bailey Memorial Stadium
401128518,2019,12,regular,2019-11-16 18:30:00,Wofford,Furman,Southern,Southern,24,7,False,True,Gibbs Stadium
401128692,2019,12,regular,2019-11-16 18:30:00,Dartmouth,Cornell,Ivy,Ivy,17,20,False,True,Memorial Field
401127012,2019,12,regular,2019-11-16 18:30:00,Gardner-Webb,North Alabama,Big South,Big South,30,34,False,True,Ernest W. Spangler Stadium
401128497,2019,12,regular,2019-11-16 19:00:00,Chattanooga,The Citadel,Southern,Southern,34,33,False,True,Finley Stadium
401127233,2019,12,regular,2019-11-16 19:00:00,Delaware State,Norfolk State,MEAC,MEAC,17,33,False,True,Alumni Stadium
401128582,2019,12,regular,2019-11-16 19:00:00,Drake,Dayton,Pioneer,Pioneer,29,46,False,True,Drake Stadium
401126965,2019,12,regular,2019-11-16 19:00:00,North Dakota,Northern Colorado,FCS Independents,Big Sky,45,38,False,False,Alerus Center
401127244,2019,12,regular,2019-11-16 19:00:00,North Carolina Central,South Carolina State,MEAC,MEAC,0,24,False,True,O'Kelly-Riddick Stadium
401128526,2019,12,regular,2019-11-16 19:00:00,Western Carolina,Samford,Southern,Southern,13,31,False,True,E. J. Whitmire Stadium
401128472,2019,12,regular,2019-11-16 19:00:00,Mississippi Valley State,Grambling,SWAC,SWAC,0,40,False,True,Rice-Totten Field
401128668,2019,12,regular,2019-11-16 19:00:00,Abilene Christian,SE Louisiana,Southland,Southland,14,35,False,True,Wildcat Stadium (TX)
401127300,2019,12,regular,2019-11-16 19:00:00,Western Illinois,Southern Illinois,MVFC,MVFC,21,45,False,True,Hanson Field
401114338,2019,12,regular,2019-11-16 19:30:00,Notre Dame,Navy,FBS Independents,American Athletic,52,20,False,False,Notre Dame Stadium
401128700,2019,12,regular,2019-11-16 20:00:00,Houston Christian,Lamar,Southland,Southland,31,26,False,True,Husky Stadium
401128477,2019,12,regular,2019-11-16 20:00:00,Jackson State,Southern,SWAC,SWAC,34,40,False,True,Mississippi Veterans Memorial Stadium
401121969,2019,12,regular,2019-11-16 20:00:00,Arkansas State,Coastal Carolina,Sun Belt,Sun Belt,28,27,False,True,Centennial Bank Stadium
401128442,2019,12,regular,2019-11-16 20:00:00,Alcorn State,Alabama A&M,SWAC,SWAC,34,28,False,True,Jack Spinks Stadium
401128485,2019,12,regular,2019-11-16 20:00:00,Prairie View A&M,Edward Waters,SWAC,SIAC,41,14,False,False,Panther Stadium
401121972,2019,12,regular,2019-11-16 20:00:00,Texas State,Troy,Sun Belt,Sun Belt,27,63,False,True,Bobcat Stadium (TX)
401121970,2019,12,regular,2019-11-16 20:00:00,Georgia Southern,UL Monroe,Sun Belt,Sun Belt,51,29,False,True,Allen E. Paulson Stadium
401117217,2019,12,regular,2019-11-16 20:00:00,BYU,Idaho State,FBS Independents,Big Sky,42,10,False,False,LaVell Edwards Stadium
401127286,2019,12,regular,2019-11-16 20:00:00,South Dakota State,Northern Iowa,MVFC,MVFC,38,7,False,True,Dana J. Dykhouse Stadium
401126943,2019,12,regular,2019-11-16 20:00:00,Montana,Weber State,Big Sky,Big Sky,35,16,False,True,Washington-Grizzly Stadium
401128386,2019,12,regular,2019-11-16 20:00:00,UT Martin,Tennessee State,OVC,OVC,28,17,False,True,Graham Stadium
401117904,2019,12,regular,2019-11-16 20:30:00,Houston,Memphis,American Athletic,American Athletic,27,45,False,True,TDECU Stadium
401119304,2019,12,regular,2019-11-16 20:30:00,Ball State,Central Michigan,Mid-American,Mid-American,44,45,False,True,Scheumann Stadium
401112511,2019,12,regular,2019-11-16 20:30:00,Georgia Tech,Virginia Tech,ACC,ACC,0,45,False,True,Bobby Dodd Stadium
401112255,2019,12,regular,2019-11-16 20:30:00,Rutgers,Ohio State,Big Ten,Big Ten,21,56,False,True,High Point Solutions Stadium
401112093,2019,12,regular,2019-11-16 20:30:00,Iowa State,Texas,Big 12,Big 12,23,21,False,True,Jack Trice Stadium
401127104,2019,12,regular,2019-11-16 20:30:00,James Madison,Richmond,CAA,CAA,48,6,False,True,Bridgeforth Stadium
401110854,2019,12,regular,2019-11-16 20:30:00,Vanderbilt,Kentucky,SEC,SEC,14,38,False,True,FirstBank Stadium
401110849,2019,12,regular,2019-11-16 20:30:00,Auburn,Georgia,SEC,SEC,14,21,False,True,Jordan-Hare Stadium
401112112,2019,12,regular,2019-11-16 20:30:00,Kansas State,West Virginia,Big 12,Big 12,20,24,False,True,Bill Snyder Family Stadium
401112508,2019,12,regular,2019-11-16 20:30:00,Clemson,Wake Forest,ACC,ACC,52,3,False,True,"Memorial Stadium (Clemson, SC)"
401127282,2019,12,regular,2019-11-16 20:30:00,North Dakota State,South Dakota,MVFC,MVFC,49,14,False,True,Fargodome
401112509,2019,12,regular,2019-11-16 21:00:00,Duke,Syracuse,ACC,ACC,6,49,False,True,Wallace Wade Stadium
401117548,2019,12,regular,2019-11-16 21:00:00,UNLV,Hawai'i,Mountain West,Mountain West,7,21,False,True,Sam Boyd Stadium
401112199,2019,12,regular,2019-11-16 21:00:00,Iowa,Minnesota,Big Ten,Big Ten,23,19,False,True,Kinnick Stadium
401117546,2019,12,regular,2019-11-16 21:00:00,Utah State,Wyoming,Mountain West,Mountain West,26,21,False,True,Maverik Stadium
401127222,2019,12,regular,2019-11-16 21:00:00,Florida A&M,Howard,MEAC,MEAC,39,7,False,True,Bragg Memorial Stadium
401128719,2019,12,regular,2019-11-16 21:00:00,Nicholls,McNeese,Southland,Southland,34,20,False,True,Manning Field at John L. Guidry Stadium
401126961,2019,12,regular,2019-11-16 21:00:00,Southern Utah,Northern Arizona,Big Sky,Big Sky,31,30,False,True,Eccles Coliseum
401128687,2019,12,regular,2019-11-16 21:00:00,Central Arkansas,Stephen F. Austin,Southland,Southland,30,7,False,True,Estes Stadium
401114345,2019,12,regular,2019-11-16 21:00:00,New Mexico State,Incarnate Word,FBS Independents,Southland,41,28,False,False,Aggie Memorial Stadium
401114310,2019,12,regular,2019-11-16 21:30:00,Middle Tennessee,Rice,Conference USA,Conference USA,28,31,False,True,"Johnny ""Red"" Floyd Stadium"
401114231,2019,12,regular,2019-11-16 21:30:00,Washington State,Stanford,Pac-12,Pac-12,49,22,False,True,Gesa Field
401128601,2019,12,regular,2019-11-16 22:00:00,San Diego,Morehead State,Pioneer,Pioneer,52,20,False,True,Torero Stadium
401126927,2019,12,regular,2019-11-16 22:00:00,Idaho,Sacramento State,Big Sky,Big Sky,7,31,False,True,Kibbie Dome
401121971,2019,12,regular,2019-11-16 22:00:00,South Alabama,Louisiana,Sun Belt,Sun Belt,27,37,False,True,Ladd Peebles Stadium
401114311,2019,12,regular,2019-11-16 23:00:00,UTSA,Southern Miss,Conference USA,Conference USA,17,36,False,True,Alamodome
401110850,2019,12,regular,2019-11-17 00:00:00,Ole Miss,LSU,SEC,SEC,37,58,False,True,Vaught-Hemingway Stadium
401117903,2019,12,regular,2019-11-17 00:00:00,South Florida,Cincinnati,American Athletic,American Athletic,17,20,False,True,Raymond James Stadium
401117544,2019,12,regular,2019-11-17 00:00:00,Colorado State,Air Force,Mountain West,Mountain West,21,38,False,True,Canvas Stadium
401126953,2019,12,regular,2019-11-17 00:00:00,UC Davis,Montana State,Big Sky,Big Sky,17,27,False,True,Aggie Stadium
401110853,2019,12,regular,2019-11-17 00:30:00,Texas A&M,South Carolina,SEC,SEC,30,6,False,True,Kyle Field
401121968,2019,12,regular,2019-11-17 00:30:00,Georgia State,App State,Sun Belt,Sun Belt,27,56,False,True,Center Parc Stadium
401112082,2019,12,regular,2019-11-17 00:30:00,Baylor,Oklahoma,Big 12,Big 12,31,34,False,True,McLane Stadium
401114161,2019,12,regular,2019-11-17 00:30:00,Oregon State,Arizona State,Pac-12,Pac-12,35,34,False,True,Reser Stadium
401112512,2019,12,regular,2019-11-17 00:30:00,NC State,Louisville,ACC,ACC,20,34,False,True,Carter-Finley Stadium
401114216,2019,12,regular,2019-11-17 01:00:00,Utah,UCLA,Pac-12,Pac-12,49,3,False,True,Rice-Eccles Stadium
401126909,2019,12,regular,2019-11-17 01:00:00,Cal Poly,Eastern Washington,Big Sky,Big Sky,41,42,False,True,Alex G. Spanos Stadium
401117545,2019,12,regular,2019-11-17 03:15:00,Boise State,New Mexico,Mountain West,Mountain West,42,9,False,True,Albertsons Stadium
401114172,2019,12,regular,2019-11-17 03:30:00,Oregon,Arizona,Pac-12,Pac-12,34,6,False,True,Autzen Stadium
401114181,2019,12,regular,2019-11-17 04:00:00,California,USC,Pac-12,Pac-12,17,41,False,True,California Memorial Stadium
401127020,2019,12,regular,2019-11-23 17:00:00,Monmouth,Hampton,Big South,Big South,48,13,False,True,Kessler Stadium
401127013,2019,12,regular,2019-11-23 19:00:00,Kennesaw State,Gardner-Webb,Big South,Big South,42,14,False,True,Fifth Third Stadium
401126995,2019,12,regular,2019-11-23 20:30:00,Charleston Southern,Campbell,Big South,Big South,41,31,False,True,Buccaneer Field
401119306,2019,13,regular,2019-11-20 00:30:00,Bowling Green,Ohio,Mid-American,Mid-American,24,66,False,True,Doyt L. Perry Stadium
401119305,2019,13,regular,2019-11-20 00:30:00,Northern Illinois,Eastern Michigan,Mid-American,Mid-American,17,45,False,True,Huskie Stadium
401119307,2019,13,regular,2019-11-21 00:30:00,Miami (OH),Akron,Mid-American,Mid-American,20,17,False,True,Yager Stadium
401119308,2019,13,regular,2019-11-21 00:30:00,Buffalo,Toledo,Mid-American,Mid-American,49,30,False,True,UB Stadium
401128723,2019,13,regular,2019-11-22 00:00:00,SE Louisiana,Nicholls,Southland,Southland,27,28,False,True,Strawberry Stadium
401128728,2019,13,regular,2019-11-22 00:00:00,Northwestern State,Stephen F. Austin,Southland,Southland,20,32,False,True,Harry Turpin Stadium
401112513,2019,13,regular,2019-11-22 01:00:00,Georgia Tech,NC State,ACC,ACC,28,26,False,True,Bobby Dodd Stadium
401128688,2019,13,regular,2019-11-23 00:30:00,Incarnate Word,Central Arkansas,Southland,Southland,35,52,False,True,Gayle and Tom Benson Stadium
401117550,2019,13,regular,2019-11-23 02:30:00,Wyoming,Colorado State,Mountain West,Mountain West,17,7,False,True,War Memorial Stadium
401128589,2019,13,regular,2019-11-23 17:00:00,Jacksonville,San Diego,Pioneer,Pioneer,28,47,True,True,D. B. Milne Field
401128505,2019,13,regular,2019-11-23 17:00:00,The Citadel,Wofford,Southern,Southern,11,31,False,True,Johnson Hagood Stadium
401110855,2019,13,regular,2019-11-23 17:00:00,Alabama,Western Carolina,SEC,Southern,66,3,False,False,Bryant-Denny Stadium
401127426,2019,13,regular,2019-11-23 17:00:00,Wagner,Bryant,NEC,NEC,10,14,False,True,Wagner College Stadium
401119309,2019,13,regular,2019-11-23 17:00:00,Kent State,Ball State,Mid-American,Mid-American,41,38,False,True,Dix Stadium
401112236,2019,13,regular,2019-11-23 17:00:00,Northwestern,Minnesota,Big Ten,Big Ten,22,38,False,True,Ryan Field
401114358,2019,13,regular,2019-11-23 17:00:00,Massachusetts,BYU,FBS Independents,FBS Independents,24,56,False,False,Warren McGuirk Alumni Stadium
401127114,2019,13,regular,2019-11-23 17:00:00,Richmond,William & Mary,CAA,CAA,15,21,False,True,E. Claiborne Robins Stadium
401112520,2019,13,regular,2019-11-23 17:00:00,Virginia,Liberty,ACC,FBS Independents,55,27,False,False,Scott Stadium
401117906,2019,13,regular,2019-11-23 17:00:00,Tulane,UCF,American Athletic,American Athletic,31,34,False,True,Yulman Stadium
401128636,2019,13,regular,2019-11-23 17:00:00,Holy Cross,Georgetown,Patriot,Patriot,24,0,False,True,Fitton Field
401112128,2019,13,regular,2019-11-23 17:00:00,West Virginia,Oklahoma State,Big 12,Big 12,13,20,False,True,Milan Puskar Stadium
401136616,2019,13,regular,2019-11-23 17:00:00,Long Island University,Merrimack,NEC,NEC,10,24,False,False,Bethpage Federal Credit Union Stadium
401112094,2019,13,regular,2019-11-23 17:00:00,Iowa State,Kansas,Big 12,Big 12,41,31,False,True,Jack Trice Stadium
401136598,2019,13,regular,2019-11-23 17:00:00,Duquesne,Central Connecticut,NEC,NEC,10,43,False,True,Arthur J. Rooney Athletic Field
401110856,2019,13,regular,2019-11-23 17:00:00,Auburn,Samford,SEC,Southern,52,0,False,False,Jordan-Hare Stadium
401112220,2019,13,regular,2019-11-23 17:00:00,Rutgers,Michigan State,Big Ten,Big Ten,0,27,False,True,High Point Solutions Stadium
401136607,2019,13,regular,2019-11-23 17:00:00,Robert Morris,Sacred Heart,NEC,NEC,16,14,False,True,Joe Walton Stadium
401127267,2019,13,regular,2019-11-23 17:00:00,Youngstown State,Illinois State,MVFC,MVFC,21,3,False,True,Stambaugh Stadium
401112155,2019,13,regular,2019-11-23 17:00:00,Iowa,Illinois,Big Ten,Big Ten,19,10,False,True,Kinnick Stadium
401128658,2019,13,regular,2019-11-23 17:00:00,Brown,Dartmouth,Ivy,Ivy,23,29,False,True,Brown Stadium
401127112,2019,13,regular,2019-11-23 17:00:00,Rhode Island,James Madison,CAA,CAA,21,55,False,True,Meade Stadium
401128680,2019,13,regular,2019-11-23 17:00:00,Yale,Harvard,Ivy,Ivy,50,43,False,True,Yale Bowl
401112256,2019,13,regular,2019-11-23 17:00:00,Ohio State,Penn State,Big Ten,Big Ten,28,17,False,True,Ohio Stadium
401117908,2019,13,regular,2019-11-23 17:00:00,UConn,East Carolina,American Athletic,American Athletic,24,31,False,True,Pratt & Whitney Stadium
401128647,2019,13,regular,2019-11-23 17:30:00,Lehigh,Lafayette,Patriot,Patriot,16,17,False,True,Goodman Stadium
401128701,2019,13,regular,2019-11-23 18:00:00,Sam Houston,Houston Christian,Southland,Southland,37,14,False,True,Elliott T. Bowers Stadium
401128621,2019,13,regular,2019-11-23 18:00:00,Fordham,Bucknell,Patriot,Patriot,31,14,True,True,Coffey Field
401127234,2019,13,regular,2019-11-23 18:00:00,Norfolk State,South Carolina State,MEAC,MEAC,17,20,False,True,"William Dick"""" Price Stadium"""""
401127239,2019,13,regular,2019-11-23 18:00:00,North Carolina A&T,North Carolina Central,MEAC,MEAC,54,0,False,True,Aggie Stadium
401127110,2019,13,regular,2019-11-23 18:00:00,Villanova,Delaware,CAA,CAA,55,33,False,True,Villanova Stadium
401127228,2019,13,regular,2019-11-23 18:00:00,Howard,Morgan State,MEAC,MEAC,20,15,False,True,William H. Greene Stadium
401128674,2019,13,regular,2019-11-23 18:00:00,Pennsylvania,Princeton,Ivy,Ivy,7,28,False,True,Franklin Field
401128519,2019,13,regular,2019-11-23 18:00:00,Furman,Point University,Southern,,64,7,False,False,Paladin Stadium
401127113,2019,13,regular,2019-11-23 18:00:00,New Hampshire,Maine,CAA,CAA,28,10,False,True,Wildcat Stadium
401128602,2019,13,regular,2019-11-23 18:00:00,Morehead State,Stetson,Pioneer,Pioneer,16,31,False,True,Jayne Stadium
401128498,2019,13,regular,2019-11-23 18:00:00,VMI,Chattanooga,Southern,Southern,31,24,False,True,Alumni Memorial Field
401128563,2019,13,regular,2019-11-23 18:00:00,Dayton,Butler,Pioneer,Pioneer,51,38,False,True,Welcome Stadium
401128573,2019,13,regular,2019-11-23 18:00:00,Davidson,Drake,Pioneer,Pioneer,28,31,False,True,Richardson Stadium
401128950,2019,13,regular,2019-11-23 18:30:00,Cornell,Columbia,Ivy,Ivy,35,9,False,True,Schoellkopf Field
401128443,2019,13,regular,2019-11-23 19:00:00,Alabama A&M,Mississippi Valley State,SWAC,SWAC,30,13,False,True,Louis Crews Stadium
401121976,2019,13,regular,2019-11-23 19:00:00,Georgia State,South Alabama,Sun Belt,Sun Belt,28,15,False,True,Center Parc Stadium
401126944,2019,13,regular,2019-11-23 19:00:00,Montana State,Montana,Big Sky,Big Sky,48,14,False,True,Bobcat Stadium
401127109,2019,13,regular,2019-11-23 19:00:00,Stony Brook,UAlbany,CAA,CAA,26,31,False,True,Kenneth P. LaValle Stadium
401127416,2019,13,regular,2019-11-23 19:00:00,Delaware State,Saint Francis,MEAC,NEC,21,35,False,False,Alumni Stadium
401183793,2019,13,regular,2019-11-23 19:00:00,New Mexico,Air Force,Mountain West,Mountain West,22,44,False,True,University Stadium (NM)
401126978,2019,13,regular,2019-11-23 19:00:00,North Dakota,Southern Utah,FCS Independents,Big Sky,36,18,False,False,Alerus Center
401127111,2019,13,regular,2019-11-23 19:00:00,Towson,Elon,CAA,CAA,23,25,False,True,Johnny Unitas Stadium
401127287,2019,13,regular,2019-11-23 19:00:00,Northern Iowa,Western Illinois,MVFC,MVFC,38,7,False,True,UNI-Dome
401128376,2019,13,regular,2019-11-23 19:00:00,Southeast Missouri State,Murray State,OVC,OVC,31,24,True,True,Houck Stadium
401128596,2019,13,regular,2019-11-23 19:00:00,Valparaiso,Marist,Pioneer,Pioneer,14,26,False,True,Brown Field
401128361,2019,13,regular,2019-11-23 19:00:00,Jacksonville State,Eastern Kentucky,OVC,OVC,23,29,False,True,AmFirst Stadium
401126910,2019,13,regular,2019-11-23 19:05:00,Northern Colorado,Cal Poly,Big Sky,Big Sky,21,28,False,True,Nottingham Field
401121973,2019,13,regular,2019-11-23 19:30:00,App State,Texas State,Sun Belt,Sun Belt,35,13,False,True,Kidd Brewer Stadium
401112514,2019,13,regular,2019-11-23 19:30:00,Notre Dame,Boston College,FBS Independents,ACC,40,7,False,False,Notre Dame Stadium
401128387,2019,13,regular,2019-11-23 19:30:00,Tennessee Tech,Tennessee State,OVC,OVC,27,37,False,True,Tucker Stadium
401127258,2019,13,regular,2019-11-23 20:00:00,Missouri State,Indiana State,MVFC,MVFC,24,51,False,True,Plaster Sports Complex
401127292,2019,13,regular,2019-11-23 20:00:00,South Dakota,South Dakota State,MVFC,MVFC,24,21,False,True,DakotaDome
401127438,2019,13,regular,2019-11-23 20:00:00,Austin Peay,Eastern Illinois,OVC,OVC,35,7,False,True,Governors Stadium
401121974,2019,13,regular,2019-11-23 20:00:00,Arkansas State,Georgia Southern,Sun Belt,Sun Belt,38,33,False,True,Centennial Bank Stadium
401128459,2019,13,regular,2019-11-23 20:00:00,Jackson State,Alcorn State,SWAC,SWAC,6,41,False,True,Mississippi Veterans Memorial Stadium
401127283,2019,13,regular,2019-11-23 20:00:00,Southern Illinois,North Dakota State,MVFC,MVFC,7,21,False,True,Saluki Stadium
401112210,2019,13,regular,2019-11-23 20:30:00,Maryland,Nebraska,Big Ten,Big Ten,7,54,False,True,SECU Stadium
401117911,2019,13,regular,2019-11-23 20:30:00,Navy,SMU,American Athletic,American Athletic,35,28,False,True,Navy-Marine Corps Memorial Stadium
401114313,2019,13,regular,2019-11-23 20:30:00,Charlotte,Marshall,Conference USA,Conference USA,24,13,False,True,Jerry Richardson Stadium
401114315,2019,13,regular,2019-11-23 20:30:00,UAB,Louisiana Tech,Conference USA,Conference USA,20,14,False,True,Legion Field
401127214,2019,13,regular,2019-11-23 20:30:00,Bethune-Cookman,Florida A&M,MEAC,MEAC,31,27,True,True,Camping World Stadium
401112519,2019,13,regular,2019-11-23 20:30:00,Virginia Tech,Pittsburgh,ACC,ACC,28,0,False,True,Lane Stadium
401114318,2019,13,regular,2019-11-23 20:30:00,Southern Miss,Western Kentucky,Conference USA,Conference USA,10,28,False,True,M. M. Roberts Stadium
401114317,2019,13,regular,2019-11-23 20:30:00,Rice,North Texas,Conference USA,Conference USA,20,14,False,True,Rice Stadium
401112083,2019,13,regular,2019-11-23 20:30:00,Baylor,Texas,Big 12,Big 12,24,10,False,True,McLane Stadium
401110862,2019,13,regular,2019-11-23 20:30:00,Vanderbilt,East Tennessee State,SEC,Southern,38,0,False,False,FirstBank Stadium
401112518,2019,13,regular,2019-11-23 20:30:00,North Carolina,Mercer,ACC,Southern,56,7,False,False,Kenan Stadium
401110858,2019,13,regular,2019-11-23 20:30:00,Kentucky,UT Martin,SEC,OVC,50,7,False,False,Kroger Field
401112167,2019,13,regular,2019-11-23 20:30:00,Indiana,Michigan,Big Ten,Big Ten,14,39,False,True,"Memorial Stadium (Bloomington, IN)"
401110857,2019,13,regular,2019-11-23 20:30:00,Georgia,Texas A&M,SEC,SEC,19,13,False,True,Sanford Stadium
401114217,2019,13,regular,2019-11-23 20:30:00,USC,UCLA,Pac-12,Pac-12,52,35,False,True,Los Angeles Memorial Coliseum
401128714,2019,13,regular,2019-11-23 21:00:00,Lamar,McNeese,Southland,Southland,3,27,False,True,Provost Umphrey Stadium
401128467,2019,13,regular,2019-11-23 21:00:00,Arkansas-Pine Bluff,Texas Southern,SWAC,SWAC,45,13,False,True,Golden Lion Stadium
401126936,2019,13,regular,2019-11-23 21:00:00,Weber State,Idaho State,Big Sky,Big Sky,38,10,False,True,Stewart Stadium
401112516,2019,13,regular,2019-11-23 21:00:00,Louisville,Syracuse,ACC,ACC,56,34,False,True,L&N Federal Credit Union Stadium
401114182,2019,13,regular,2019-11-23 21:00:00,Stanford,California,Pac-12,Pac-12,20,24,False,True,Stanford Stadium
401112263,2019,13,regular,2019-11-23 21:00:00,Wisconsin,Purdue,Big Ten,Big Ten,45,24,False,True,Camp Randall Stadium
401117909,2019,13,regular,2019-11-23 21:00:00,South Florida,Memphis,American Athletic,American Athletic,10,49,False,True,Raymond James Stadium
401126928,2019,13,regular,2019-11-23 21:00:00,Northern Arizona,Idaho,Big Sky,Big Sky,53,60,False,True,Walkup Skydome
401117553,2019,13,regular,2019-11-23 21:00:00,UNLV,San José State,Mountain West,Mountain West,38,35,False,True,Sam Boyd Stadium
401114319,2019,13,regular,2019-11-23 21:00:00,New Mexico State,UTEP,FBS Independents,Conference USA,44,35,False,False,Aggie Memorial Stadium
401126920,2019,13,regular,2019-11-23 21:05:00,Eastern Washington,Portland State,Big Sky,Big Sky,53,46,False,True,Roos Field
401114316,2019,13,regular,2019-11-23 21:30:00,Middle Tennessee,Old Dominion,Conference USA,Conference USA,38,17,False,True,"Johnny ""Red"" Floyd Stadium"
401121975,2019,13,regular,2019-11-23 22:00:00,UL Monroe,Coastal Carolina,Sun Belt,Sun Belt,45,42,False,True,Malone Stadium
401126972,2019,13,regular,2019-11-23 22:00:00,Sacramento State,UC Davis,Big Sky,Big Sky,27,17,False,True,Hornet Stadium
401121977,2019,13,regular,2019-11-23 22:00:00,Louisiana,Troy,Sun Belt,Sun Belt,53,3,False,True,Cajun Field
401114314,2019,13,regular,2019-11-23 23:00:00,UTSA,Florida Atlantic,Conference USA,Conference USA,26,40,False,True,Alamodome
401112517,2019,13,regular,2019-11-24 00:00:00,Florida International,Miami,Conference USA,ACC,30,24,False,False,FIU Stadium
401117907,2019,13,regular,2019-11-24 00:00:00,Cincinnati,Temple,American Athletic,American Athletic,15,13,False,True,Nippert Stadium
401110859,2019,13,regular,2019-11-24 00:00:00,LSU,Arkansas,SEC,SEC,56,20,False,True,Tiger Stadium (LA)
401112113,2019,13,regular,2019-11-24 00:00:00,Texas Tech,Kansas State,Big 12,Big 12,27,30,False,True,Jones AT&T Stadium
401110861,2019,13,regular,2019-11-24 00:30:00,Missouri,Tennessee,SEC,SEC,20,24,False,True,Memorial Stadium
401117910,2019,13,regular,2019-11-24 00:30:00,Tulsa,Houston,American Athletic,American Athletic,14,24,False,True,Chapman Stadium
401112515,2019,13,regular,2019-11-24 00:30:00,Wake Forest,Duke,ACC,ACC,39,27,False,True,Allegacy Federal Credit Union Stadium
401110860,2019,13,regular,2019-11-24 00:30:00,Mississippi State,Abilene Christian,SEC,Southland,45,7,False,False,Davis Wade Stadium
401114162,2019,13,regular,2019-11-24 00:30:00,Arizona State,Oregon,Pac-12,Pac-12,31,28,False,True,Mountain America Stadium
401112120,2019,13,regular,2019-11-24 01:00:00,Oklahoma,TCU,Big 12,Big 12,28,24,False,True,"Memorial Stadium (Norman, OK)"
401114206,2019,13,regular,2019-11-24 02:00:00,Washington State,Oregon State,Pac-12,Pac-12,54,53,False,True,Gesa Field
401114191,2019,13,regular,2019-11-24 03:00:00,Colorado,Washington,Pac-12,Pac-12,20,14,False,True,Folsom Field
401114173,2019,13,regular,2019-11-24 03:00:00,Arizona,Utah,Pac-12,Pac-12,7,35,False,True,Arizona Stadium
401117551,2019,13,regular,2019-11-24 03:30:00,Fresno State,Nevada,Mountain West,Mountain West,28,35,False,True,Valley Children's Stadium
401117549,2019,13,regular,2019-11-24 03:30:00,Utah State,Boise State,Mountain West,Mountain West,21,56,False,True,Maverik Stadium
401117552,2019,13,regular,2019-11-24 04:00:00,Hawai'i,San Diego State,Mountain West,Mountain West,14,11,False,True,Aloha Stadium
401119310,2019,14,regular,2019-11-26 23:00:00,Akron,Ohio,Mid-American,Mid-American,3,52,False,True,InfoCision Stadium
401119311,2019,14,regular,2019-11-27 00:00:00,Northern Illinois,Western Michigan,Mid-American,Mid-American,17,14,False,True,Huskie Stadium
401128451,2019,14,regular,2019-11-28 20:00:00,Alabama State,Prairie View A&M,SWAC,SWAC,17,20,False,True,Hornet Stadium
401110863,2019,14,regular,2019-11-29 00:30:00,Mississippi State,Ole Miss,SEC,SEC,21,20,False,True,Davis Wade Stadium
401119314,2019,14,regular,2019-11-29 17:00:00,Ball State,Miami (OH),Mid-American,Mid-American,41,27,False,True,Scheumann Stadium
401119312,2019,14,regular,2019-11-29 17:00:00,Buffalo,Bowling Green,Mid-American,Mid-American,49,7,False,True,UB Stadium
401112138,2019,14,regular,2019-11-29 17:00:00,Texas,Texas Tech,Big 12,Big 12,49,24,False,True,DKR-Texas Memorial Stadium
401119315,2019,14,regular,2019-11-29 17:00:00,Central Michigan,Toledo,Mid-American,Mid-American,49,7,False,True,Kelly/Shorts Stadium
401112521,2019,14,regular,2019-11-29 17:00:00,Virginia,Virginia Tech,ACC,ACC,39,30,False,True,Scott Stadium
401119313,2019,14,regular,2019-11-29 17:00:00,Eastern Michigan,Kent State,Mid-American,Mid-American,26,34,False,True,Rynearson Stadium
401110864,2019,14,regular,2019-11-29 19:30:00,Arkansas,Missouri,SEC,SEC,14,24,False,True,War Memorial Stadium (AR)
401112200,2019,14,regular,2019-11-29 19:30:00,Nebraska,Iowa,Big Ten,Big Ten,24,27,False,True,"Memorial Stadium (Lincoln, NE)"
401117913,2019,14,regular,2019-11-29 20:30:00,Memphis,Cincinnati,American Athletic,American Athletic,34,24,False,True,Simmons Bank Liberty Stadium
401117554,2019,14,regular,2019-11-29 20:30:00,Colorado State,Boise State,Mountain West,Mountain West,24,31,False,True,Canvas Stadium
401114232,2019,14,regular,2019-11-29 21:00:00,Washington,Washington State,Pac-12,Pac-12,31,13,False,True,Husky Stadium
401112134,2019,14,regular,2019-11-29 21:15:00,TCU,West Virginia,Big 12,Big 12,17,20,False,True,Amon G. Carter Stadium
401121979,2019,14,regular,2019-11-29 22:00:00,South Alabama,Arkansas State,Sun Belt,Sun Belt,34,30,False,True,Ladd Peebles Stadium
401121978,2019,14,regular,2019-11-29 23:00:00,Troy,App State,Sun Belt,Sun Belt,13,48,False,True,Veterans Memorial Stadium (AL)
401117912,2019,14,regular,2019-11-30 01:00:00,UCF,South Florida,American Athletic,American Athletic,34,7,False,True,FBC Mortgage Stadium
401110868,2019,14,regular,2019-11-30 17:00:00,Kentucky,Louisville,SEC,ACC,45,13,False,False,Kroger Field
401117915,2019,14,regular,2019-11-30 17:00:00,East Carolina,Tulsa,American Athletic,American Athletic,24,49,False,True,Dowdy-Ficklen Stadium
401110870,2019,14,regular,2019-11-30 17:00:00,South Carolina,Clemson,SEC,ACC,3,38,False,False,Williams-Brice Stadium
401112228,2019,14,regular,2019-11-30 17:00:00,Michigan,Ohio State,Big Ten,Big Ten,27,56,False,True,Michigan Stadium
401114321,2019,14,regular,2019-11-30 17:00:00,Marshall,Florida International,Conference USA,Conference USA,30,27,False,True,Joan C. Edwards Stadium
401186000,2019,14,regular,2019-11-30 17:00:00,Monmouth,Holy Cross,Big South,Patriot,44,27,False,False,Kessler Stadium
401121980,2019,14,regular,2019-11-30 17:00:00,Coastal Carolina,Texas State,Sun Belt,Sun Belt,24,21,False,True,Brooks Stadium (SC)
401112168,2019,14,regular,2019-11-30 17:00:00,Purdue,Indiana,Big Ten,Big Ten,41,44,False,True,Ross-Ade Stadium
401112156,2019,14,regular,2019-11-30 17:00:00,Illinois,Northwestern,Big Ten,Big Ten,10,29,False,True,"Memorial Stadium (Champaign, IL)"
401110867,2019,14,regular,2019-11-30 17:00:00,Georgia Tech,Georgia,ACC,SEC,7,52,False,False,Bobby Dodd Stadium
401112525,2019,14,regular,2019-11-30 17:30:00,Syracuse,Wake Forest,ACC,ACC,39,30,False,True,JMA Wireless Dome
401185995,2019,14,regular,2019-11-30 18:00:00,UAlbany,Central Connecticut,CAA,NEC,42,14,False,False,Bob Ford Field
401185996,2019,14,regular,2019-11-30 18:00:00,Austin Peay,Furman,OVC,Southern,42,6,False,False,Governors Stadium
401117556,2019,14,regular,2019-11-30 19:00:00,Air Force,Wyoming,Mountain West,Mountain West,20,6,False,True,Falcon Stadium
401114320,2019,14,regular,2019-11-30 19:00:00,Old Dominion,Charlotte,Conference USA,Conference USA,22,38,False,True,S.B. Ballard Stadium
401185999,2019,14,regular,2019-11-30 19:00:00,Northern Iowa,San Diego,MVFC,Pioneer,17,3,False,False,UNI-Dome
401114346,2019,14,regular,2019-11-30 19:00:00,Liberty,New Mexico State,FBS Independents,FBS Independents,49,28,False,False,Williams Stadium (VA)
401185994,2019,14,regular,2019-11-30 19:00:00,Southeast Missouri State,Illinois State,OVC,MVFC,6,24,False,False,Houck Stadium
401114324,2019,14,regular,2019-11-30 19:00:00,Western Kentucky,Middle Tennessee,Conference USA,Conference USA,31,26,False,True,Houchens Industries-L.T. Smith Stadium
401117558,2019,14,regular,2019-11-30 20:00:00,Nevada,UNLV,Mountain West,Mountain West,30,33,False,True,Mackay Stadium
401114326,2019,14,regular,2019-11-30 20:00:00,UTEP,Rice,Conference USA,Conference USA,16,30,False,True,Sun Bowl
401112237,2019,14,regular,2019-11-30 20:30:00,Minnesota,Wisconsin,Big Ten,Big Ten,17,38,False,True,Huntington Bank Stadium
401112221,2019,14,regular,2019-11-30 20:30:00,Michigan State,Maryland,Big Ten,Big Ten,19,16,False,True,Spartan Stadium
401114323,2019,14,regular,2019-11-30 20:30:00,Louisiana Tech,UTSA,Conference USA,Conference USA,41,27,False,True,Joe Aillet Stadium
401112084,2019,14,regular,2019-11-30 20:30:00,Kansas,Baylor,Big 12,Big 12,6,61,False,True,Memorial Stadium
401112523,2019,14,regular,2019-11-30 20:30:00,Duke,Miami,ACC,ACC,27,17,False,True,Wallace Wade Stadium
401114322,2019,14,regular,2019-11-30 20:30:00,Florida Atlantic,Southern Miss,Conference USA,Conference USA,34,17,False,True,FAU Stadium
401110865,2019,14,regular,2019-11-30 20:30:00,Auburn,Alabama,SEC,SEC,48,45,False,True,Jordan-Hare Stadium
401117914,2019,14,regular,2019-11-30 20:30:00,Temple,UConn,American Athletic,American Athletic,49,17,False,True,Lincoln Financial Field
401112261,2019,14,regular,2019-11-30 20:30:00,Penn State,Rutgers,Big Ten,Big Ten,27,6,False,True,Beaver Stadium
401112522,2019,14,regular,2019-11-30 20:30:00,Pittsburgh,Boston College,ACC,ACC,19,26,False,True,Acrisure Stadium
401185997,2019,14,regular,2019-11-30 21:00:00,Wofford,Kennesaw State,Southern,Big South,21,28,False,False,Gibbs Stadium
401185998,2019,14,regular,2019-11-30 21:00:00,SE Louisiana,Villanova,Southland,CAA,45,44,False,False,Strawberry Stadium
401117917,2019,14,regular,2019-11-30 21:00:00,SMU,Tulane,American Athletic,American Athletic,37,20,False,True,Gerald J. Ford Stadium
401110871,2019,14,regular,2019-11-30 21:00:00,Tennessee,Vanderbilt,SEC,SEC,28,10,False,True,Neyland Stadium
401114325,2019,14,regular,2019-11-30 21:00:00,North Texas,UAB,Conference USA,Conference USA,21,26,False,True,DATCU Stadium
401114199,2019,14,regular,2019-11-30 21:00:00,Oregon,Oregon State,Pac-12,Pac-12,24,10,False,True,Autzen Stadium
401185993,2019,14,regular,2019-11-30 21:00:00,Nicholls,North Dakota,Southland,FCS Independents,24,6,False,False,Manning Field at John L. Guidry Stadium
401117555,2019,14,regular,2019-11-30 21:00:00,New Mexico,Utah State,Mountain West,Mountain West,25,38,False,True,University Stadium (NM)
401114212,2019,14,regular,2019-11-30 21:00:00,Stanford,Notre Dame,Pac-12,FBS Independents,24,45,False,False,Stanford Stadium
401128473,2019,14,regular,2019-11-30 22:00:00,Grambling,Southern,SWAC,SWAC,28,30,True,True,Caesars Superdome
401121981,2019,14,regular,2019-11-30 23:00:00,Georgia Southern,Georgia State,Sun Belt,Sun Belt,38,10,False,True,Allen E. Paulson Stadium
401112095,2019,14,regular,2019-12-01 00:00:00,Kansas State,Iowa State,Big 12,Big 12,27,17,False,True,Bill Snyder Family Stadium
401117916,2019,14,regular,2019-12-01 00:00:00,Houston,Navy,American Athletic,American Athletic,41,56,False,True,TDECU Stadium
401110869,2019,14,regular,2019-12-01 00:00:00,LSU,Texas A&M,SEC,SEC,50,7,False,True,Tiger Stadium (LA)
401112524,2019,14,regular,2019-12-01 00:00:00,NC State,North Carolina,ACC,ACC,10,41,False,True,Carter-Finley Stadium
401110866,2019,14,regular,2019-12-01 00:30:00,Florida,Florida State,SEC,ACC,40,17,False,False,Ben Hill Griffin Stadium
401114192,2019,14,regular,2019-12-01 00:30:00,Utah,Colorado,Pac-12,Pac-12,45,15,False,True,Rice-Eccles Stadium
401121982,2019,14,regular,2019-12-01 00:30:00,Louisiana,UL Monroe,Sun Belt,Sun Belt,31,30,False,True,Cajun Field
401112121,2019,14,regular,2019-12-01 01:00:00,Oklahoma State,Oklahoma,Big 12,Big 12,16,34,False,True,Boone Pickens Stadium
401117218,2019,14,regular,2019-12-01 02:00:00,San Diego State,BYU,Mountain West,FBS Independents,13,3,False,False,Qualcomm Stadium
401114163,2019,14,regular,2019-12-01 03:00:00,Arizona State,Arizona,Pac-12,Pac-12,24,14,False,True,Mountain America Stadium
401114183,2019,14,regular,2019-12-01 03:30:00,UCLA,California,Pac-12,Pac-12,18,28,False,True,Rose Bowl
401117557,2019,14,regular,2019-12-01 03:30:00,San José State,Fresno State,Mountain West,Mountain West,17,16,False,True,CEFCU Stadium
401114334,2019,14,regular,2019-12-01 04:59:00,Hawai'i,Army,Mountain West,FBS Independents,52,31,False,False,Aloha Stadium
401132973,2019,15,regular,2019-12-07 01:00:00,Oregon,Utah,Pac-12,Pac-12,37,15,True,True,Levi's Stadium
401132974,2019,15,regular,2019-12-07 17:00:00,Oklahoma,Baylor,Big 12,Big 12,30,23,True,True,AT&T Stadium
401132982,2019,15,regular,2019-12-07 17:00:00,Central Michigan,Miami (OH),Mid-American,Mid-American,21,26,True,True,Ford Field
401132984,2019,15,regular,2019-12-07 17:00:00,App State,Louisiana,Sun Belt,Sun Belt,45,38,False,True,Kidd Brewer Stadium
401187253,2019,15,regular,2019-12-07 18:00:00,James Madison,Monmouth,CAA,Big South,66,21,False,False,Bridgeforth Stadium
401132980,2019,15,regular,2019-12-07 18:30:00,Florida Atlantic,UAB,Conference USA,Conference USA,49,6,False,True,FAU Stadium
401187277,2019,15,regular,2019-12-07 19:00:00,South Dakota State,Northern Iowa,MVFC,MVFC,10,13,False,True,Dana J. Dykhouse Stadium
401187276,2019,15,regular,2019-12-07 20:00:00,Central Arkansas,Illinois State,Southland,MVFC,14,24,False,False,Estes Stadium
401187316,2019,15,regular,2019-12-07 20:00:00,Montana,SE Louisiana,Big Sky,Southland,73,28,False,False,Washington-Grizzly Stadium
401187252,2019,15,regular,2019-12-07 20:00:00,Montana State,UAlbany,Big Sky,CAA,47,21,False,False,Bobcat Stadium
401187315,2019,15,regular,2019-12-07 20:00:00,Weber State,Kennesaw State,Big Sky,Big South,26,20,False,False,Stewart Stadium
401187313,2019,15,regular,2019-12-07 20:30:00,North Dakota State,Nicholls,MVFC,Southland,37,13,False,False,Fargodome
401132976,2019,15,regular,2019-12-07 20:30:00,Memphis,Cincinnati,American Athletic,American Athletic,29,24,False,True,Simmons Bank Liberty Stadium
401132979,2019,15,regular,2019-12-07 21:00:00,Boise State,Hawai'i,Mountain West,Mountain West,31,10,False,True,Albertsons Stadium
401132981,2019,15,regular,2019-12-07 21:00:00,LSU,Georgia,SEC,SEC,37,10,True,True,Mercedes-Benz Stadium
401187336,2019,15,regular,2019-12-07 21:00:00,Alcorn State,Southern,SWAC,SWAC,39,24,False,True,Jack Spinks Stadium
401132975,2019,15,regular,2019-12-08 00:30:00,Clemson,Virginia,ACC,ACC,62,17,True,True,Bank of America Stadium
401132983,2019,15,regular,2019-12-08 01:00:00,Wisconsin,Ohio State,Big Ten,Big Ten,21,34,True,True,Lucas Oil Stadium
401187314,2019,15,regular,2019-12-08 02:00:00,Sacramento State,Austin Peay,Big Sky,OVC,28,42,False,False,Hornet Stadium
401114335,2019,15,regular,2019-12-14 20:00:00,Navy,Army,American Athletic,FBS Independents,31,7,True,False,Lincoln Financial Field
401188397,2019,16,regular,2019-12-14 00:00:00,James Madison,Northern Iowa,CAA,MVFC,17,0,False,False,Bridgeforth Stadium
401188398,2019,16,regular,2019-12-14 01:00:00,Montana State,Austin Peay,Big Sky,OVC,24,10,False,False,Bobcat Stadium
401188399,2019,16,regular,2019-12-14 03:00:00,Weber State,Montana,Big Sky,Big Sky,17,10,False,True,Stewart Stadium
401188396,2019,16,regular,2019-12-14 17:00:00,North Dakota State,Illinois State,MVFC,MVFC,9,3,False,True,Fargodome
