player_name,team,season,week,completions,attempts,passing_yards,passing_tds,interceptions,passing_epa,qb_epa_per_att,qb_comp_pct,qb_ypa,qb_td_int_ratio,qb_epa_per_att_4w,qb_comp_pct_4w,qb_ypa_4w,qb_td_int_ratio_4w,qb_epa_per_att_8w,qb_comp_pct_8w,qb_ypa_8w,qb_td_int_ratio_8w
J.Dobbs,ARI,2023,1,21,30,132,0,0,-9.239667566276069,-0.30798891887586893,0.7,4.4,1.0,,,,,,,,
J.Dobbs,ARI,2023,2,21,31,228,1,0,7.4308851843492665,0.239705973688686,0.6774193548387096,7.354838709677419,2.0,,,,,,,,
J.Dobbs,ARI,2023,3,17,21,189,1,0,3.6136314062201795,0.17207768601048473,0.8095238095238095,9.0,2.0,-0.03414147259359146,0.6887096774193548,5.877419354838709,1.5,-0.03414147259359146,0.6887096774193548,5.877419354838709,1.5
J.Dobbs,ARI,2023,4,28,41,265,2,0,3.8983110031806874,0.09508075617513871,0.6829268292682927,6.463414634146342,3.0,0.034598246941100606,0.7289810547875063,6.918279569892473,1.6666666666666667,0.034598246941100606,0.7289810547875063,6.918279569892473,1.6666666666666667
J.Dobbs,ARI,2023,5,15,32,166,2,2,-15.65153375652153,-0.4891104298912978,0.46875,5.1875,1.0,0.049718874249610134,0.717467498407703,6.80456333595594,2.0,0.049718874249610134,0.717467498407703,6.80456333595594,2.0
J.Dobbs,ARI,2023,6,21,41,235,0,1,-17.462166118847428,-0.4259064907035958,0.5121951219512195,5.7317073170731705,0.5,0.004438496495752897,0.6596549984077029,7.001438335955941,2.0,-0.058046986578571456,0.6677239987261624,6.481150668764752,1.8
J.Dobbs,ARI,2023,7,19,33,146,0,0,-12.358147968825682,-0.374489332388657,0.5757575757575758,4.424242424242424,1.0,-0.16196461960231756,0.6183489401858304,6.595655487804878,1.625,-0.11935690393274219,0.6418025192636719,6.356243443482822,1.5833333333333333
J.Dobbs,ARI,2023,8,25,37,208,2,2,-9.691719452253775,-0.26193836357442635,0.6756756756756757,5.621621621621622,1.0,-0.29860637420210295,0.559907381744272,5.451716093865484,1.375,-0.15580439371215857,0.6323675273342296,6.080243297877051,1.5
C.Tune,ARI,2023,9,11,20,58,0,2,-32.76908288651612,-1.6384541443258058,0.55,2.9,0.3333333333333333,-0.38786115413949424,0.5580945933461178,5.241267840734304,0.875,-0.16907113994494205,0.6377810458769103,6.022915588345122,1.4375
K.Murray,ARI,2023,10,19,32,249,0,1,-6.457303714336204,-0.20179074107300637,0.59375,7.78125,0.5,-0.6751970827481213,0.5784070933461177,4.669392840734304,0.7083333333333334,-0.3353792931261842,0.6190310458769104,5.835415588345122,1.3541666666666667
K.Murray,ARI,2023,11,20,30,214,1,1,-6.826709361931806,-0.2275569787310602,0.6666666666666666,7.133333333333334,1.0,-0.6191681453404738,0.5987958128583128,5.181778511466011,0.7083333333333334,-0.3905663824713957,0.6085723765220717,5.888716999635444,1.1666666666666667
K.Murray,ARI,2023,12,27,45,256,1,0,-14.264040873352766,-0.3169786860745059,0.6,5.688888888888889,2.0,-0.5824350569260747,0.6215230855855856,5.859051238738738,0.7083333333333333,-0.44052071556408884,0.5907152336649287,5.655383666302112,1.0416666666666667
K.Murray,ARI,2023,13,13,23,145,1,0,1.1446906625345359,0.049769159240631994,0.5652173913043478,6.304347826086956,2.0,-0.5961951375510945,0.6026041666666666,5.875868055555555,0.9583333333333333,-0.4920281458452944,0.5803493800063922,5.55856794814493,0.9166666666666666
K.Murray,ARI,2023,15,26,39,211,1,2,-7.3551650622131515,-0.18859397595418337,0.6666666666666666,5.410256410256411,0.6666666666666666,-0.17413931165948512,0.6064085144927536,6.726955012077295,1.375,-0.42466819720380317,0.5924078039194357,5.698173926405799,1.0416666666666665
K.Murray,ARI,2023,16,24,38,230,2,0,-6.721867545639856,-0.17689125120104884,0.631578947368421,6.052631578947368,3.0,-0.17084012037977936,0.6246376811594203,6.134206614641397,1.4166666666666665,-0.3950041328601266,0.6117167470088665,5.657992563053704,1.0625
K.Murray,ARI,2023,17,25,31,232,3,1,9.116396065266414,0.29407729242794883,0.8064516129032258,7.483870967741935,2.0,-0.15817368849727653,0.6158657513348589,5.864031176044906,1.9166666666666665,-0.3703043727116756,0.6186944184602222,5.861541207391822,1.3125
K.Murray,ARI,2023,18,22,30,262,1,0,14.697530754196652,0.4899176918065551,0.7333333333333333,8.733333333333333,2.0,-0.005409693871662832,0.6674786545606652,6.312776695758167,1.9166666666666665,-0.30080241571137867,0.635041410613666,6.094322375656861,1.4375
K.Murray,ARI,2024,1,21,31,162,1,0,-1.184849735212116,-0.038220959200390835,0.6774193548387096,5.225806451612903,2.0,0.10462743926981793,0.7095076400679117,6.920023072569761,1.9166666666666665,-0.034755936194833595,0.6579580772803326,6.823489042323528,1.6458333333333333
K.Murray,ARI,2024,2,17,21,266,3,0,18.101088591167418,0.8619565995794009,0.8095238095238095,12.666666666666666,4.0,0.14222069345826607,0.7121958121109224,6.873910582908885,2.25,-0.014309713460756653,0.6684167466351713,6.504058598775141,1.8333333333333333
K.Murray,ARI,2024,3,21,34,207,1,1,-5.631904723752118,-0.16564425658094464,0.6176470588235294,6.088235294117647,1.0,0.4019326561533785,0.7566820276497696,8.52741935483871,2.5,0.12187948382805097,0.6862738894923143,7.195725265441808,2.208333333333333
K.Murray,ARI,2024,4,16,22,142,1,0,-0.43325262336293235,-0.01969330106195147,0.7272727272727273,6.454545454545454,2.0,0.2870022689011551,0.7094808891298455,8.178510436432637,2.25,0.14079628751474613,0.6884797718452553,7.245643566095402,2.083333333333333
K.Murray,ARI,2024,5,19,30,195,1,1,-1.8273485221899803,-0.06091161740633268,0.6333333333333333,6.5,1.0,0.15959952068402847,0.707965737614694,7.6088134667356675,2.25,0.13211347997692321,0.7087366888413028,7.264418269652714,2.083333333333333
K.Murray,ARI,2024,6,22,32,214,1,0,7.708929887737185,0.24090405899178702,0.6875,6.6875,2.0,0.153926856132543,0.6969442322383499,7.9273618538324415,2.0,0.14807377479540457,0.7045700221746362,7.400636218370662,2.125
K.Murray,ARI,2024,7,14,26,145,1,1,-0.3420845066430047,-0.013157096409346335,0.5384615384615384,5.576923076923077,1.0,-0.0013362790143604392,0.6664382798573975,6.432570187165775,1.5,0.20029818856950904,0.7115601537535835,7.479994771002242,2.0
K.Murray,ARI,2024,8,26,36,307,2,0,18.33353970605348,0.5092649918348189,0.7222222222222222,8.527777777777779,3.0,0.036785511028539136,0.6466418997668997,6.3047421328671325,1.5,0.16189388996484713,0.6780613944483727,7.241626284649885,1.875
K.Murray,ARI,2024,9,13,20,154,0,0,-1.3238325496493528,-0.06619162748246764,0.65,7.7,1.0,0.16902508425273172,0.6453792735042735,6.823050213675214,1.75,0.1643123024683801,0.6766725055594837,7.215931840205441,2.0
K.Murray,ARI,2024,10,22,24,266,1,0,17.980556081592596,0.7491898367330249,0.9166666666666666,11.083333333333334,2.0,0.16770508173369797,0.6495459401709403,7.123050213675214,1.75,0.1608159689331205,0.6732450862046451,7.525206033753828,1.875
K.Murray,ARI,2024,12,24,37,285,0,1,-5.312439965478136,-0.1435794585264361,0.6486486486486487,7.702702702702703,0.5,0.2947765261690074,0.7068376068376069,8.222008547008548,1.75,0.1467201235773235,0.6866379433475022,7.327289367087161,1.625
K.Murray,ARI,2024,13,31,45,260,1,2,0.9122893956137923,0.020273097680306496,0.6888888888888889,5.777777777777778,0.6666666666666666,0.262170935639735,0.7343843843843844,8.753453453453455,1.625,0.14947822333413707,0.6905131420756421,7.529097793160294,1.5625
K.Murray,ARI,2024,14,25,38,259,2,2,-4.43118470647484,-0.11661012385460107,0.6578947368421053,6.815789473684211,1.0,0.13992296210110688,0.726051051051051,8.065953453453453,1.0416666666666667,0.15447402317691933,0.6857151622776623,7.444501833564335,1.3958333333333333
K.Murray,ARI,2024,15,23,30,224,0,0,11.530686542323311,0.3843562180774437,0.7666666666666667,7.466666666666667,1.0,0.12731833800807354,0.7280247352615774,7.844900821874507,1.0416666666666667,0.1475117098708858,0.6887853377162588,7.48397551777486,1.3958333333333333
K.Murray,ARI,2024,16,20,32,202,1,1,1.339832786799806,0.04186977458749394,0.625,6.3125,1.0,0.03610993334417825,0.6905247352615773,6.940734155207839,0.7916666666666666,0.16544322975659287,0.6986811710495922,7.581371351108194,1.2708333333333333
K.Murray,ARI,2024,17,33,48,321,1,2,2.2234945211197354,0.04632280252332782,0.6875,6.6875,0.6666666666666666,0.08247224162266076,0.6846125730994153,6.593183479532164,0.9166666666666666,0.1723215886311979,0.7094984787418999,7.673318466492809,1.2708333333333333
K.Murray,ARI,2024,18,25,35,242,4,0,8.010847701248606,0.22888136289281732,0.7142857142857143,6.914285714285715,5.0,0.0889846678334161,0.684265350877193,6.820614035087719,0.9166666666666666,0.11445381496726151,0.7051582009641221,7.443283744270587,0.9791666666666666
K.Murray,ARI,2025,1,21,29,163,2,0,1.5247993258601382,0.05257928709862546,0.7241379310344828,5.620689655172414,3.0,0.1753575395202707,0.6983630952380953,6.845238095238096,1.9166666666666665,0.15133793876417212,0.7131939152498363,7.345069458556301,1.4791666666666665
K.Murray,ARI,2025,2,17,25,220,1,1,6.139767758614543,0.24559071034458171,0.68,8.8,1.0,0.09241330677556614,0.6877309113300494,6.383743842364532,2.4166666666666665,0.06426162005987221,0.6891278232958133,6.6622389987861865,1.6041666666666665
K.Murray,ARI,2025,3,22,35,159,1,0,-0.6186131590061501,-0.017674661685890002,0.6285714285714286,4.542857142857143,2.0,0.14334354071483807,0.7014809113300493,7.005618842364532,2.4166666666666665,0.11290789116874943,0.6930467422147323,6.799401160948348,1.6666666666666665
K.Murray,ARI,2025,4,27,41,200,2,2,-3.3043997842296657,-0.08059511668852844,0.6585365853658537,4.878048780487805,1.0,0.12734417466253362,0.6867487684729064,6.469458128078818,2.75,0.10816442124797487,0.6855070596750497,6.645036081583269,1.8333333333333335
K.Murray,ARI,2025,5,23,31,220,0,0,1.979036984499544,0.06383990272579174,0.7419354838709677,7.096774193548387,1.0,0.04997505476719718,0.6728114862429413,5.96039889462934,1.7499999999999998,0.11266629714373395,0.6855872907405183,6.402818494933718,1.8333333333333335
J.Brissett,ARI,2025,6,27,44,320,2,1,6.258094309852431,0.1422294161330098,0.6136363636363636,7.2727272727272725,1.5,0.05279020867398875,0.6772608744520625,6.329420029223334,1.2499999999999998,0.07260175772477745,0.6824958928910558,6.356581935793933,1.8333333333333335
J.Brissett,ARI,2025,7,25,36,279,2,0,1.0358332606710152,0.02877314612975042,0.6944444444444444,7.75,3.0,0.026949885121095765,0.6606699653611534,5.947601847405152,1.3749999999999998,0.08514671291796694,0.6810754383456014,6.4766103448848416,1.8958333333333335
J.Brissett,ARI,2025,9,21,31,261,2,0,7.010368498253448,0.22614091929849833,0.6774193548387096,8.419354838709678,3.0,0.03856183707500587,0.6771382193294073,6.749387561690867,1.6249999999999998,0.08295300586876976,0.6819434939011569,6.6094228448848416,2.1875
J.Brissett,ARI,2025,10,22,44,258,2,0,-11.871959152092924,-0.26981725345665736,0.5,5.863636363636363,3.0,0.11524584607176257,0.6818589116976215,7.634714076246334,2.125,0.0826104504194799,0.6773351989702813,6.797556485437838,1.9375
J.Brissett,ARI,2025,11,47,57,452,2,2,9.212935896495567,0.16163045432448364,0.8245614035087719,7.9298245614035086,1.0,0.0318315570261503,0.6213750407298795,7.326429618768328,2.625,0.04231088285006954,0.6493179575909709,6.827924823995831,1.9375
J.Brissett,ARI,2025,12,33,49,317,1,0,-8.52208694641657,-0.17392014176360346,0.673469387755102,6.469387755102041,2.0,0.036681816574018755,0.6741063006979815,7.490703940937387,2.5,0.03181585084755728,0.6673881330295675,6.71915289417127,1.9375
J.Brissett,ARI,2025,13,29,40,301,2,1,5.769273175322185,0.14423182938305462,0.725,7.525,1.5,-0.013991505399319714,0.668862536525646,7.170550879712897,2.25,0.012285165837843098,0.6730003779275266,6.959969220701882,1.9375
J.Brissett,ARI,2025,14,25,44,271,2,1,-3.2885501382786293,-0.07473977586996884,0.5681818181818182,6.159090909090909,1.5,-0.034468777878180645,0.6807576978159685,6.946962170035478,1.8749999999999998,0.04038853409679098,0.6813083047567949,7.290838123140906,2.0
J.Brissett,ARI,2025,15,27,40,249,3,1,-1.7912137348465622,-0.04478034337116406,0.675,6.225,2.0,0.014300591518491484,0.697803152361423,7.020825806399115,1.4999999999999998,0.023066074272320908,0.6595890965456512,7.173627712583722,2.0625
J.Brissett,ARI,2025,16,16,31,203,1,1,-2.3956815187122373,-0.07728004899071733,0.5161290322580645,6.548387096774194,1.0,-0.03730210790542044,0.6604128014842301,6.594619666048238,1.7499999999999998,-0.0003101456657008221,0.6672595510911058,7.042661803492813,2.125
J.Brissett,ARI,2025,17,21,37,212,2,0,-0.7665200301562436,-0.020716757571790367,0.5675675675675675,5.72972972972973,3.0,-0.01314208471219891,0.6210777126099707,6.614369501466276,1.4999999999999998,-0.01356679505575929,0.6449701245678082,6.892460190589587,1.875
J.Brissett,ARI,2025,18,22,31,243,2,1,-3.086792809573715,-0.0995739615991521,0.7096774193548387,7.838709677419355,1.5,-0.05437923145091016,0.5817196045018626,6.165551933898708,1.8749999999999998,-0.04442400466454538,0.6312386511589155,6.556257051967093,1.875
D.Ridder,ATL,2023,1,15,18,115,1,0,-4.450449751486303,-0.24724720841590575,0.8333333333333334,6.388888888888889,2.0,,,,,,,,
D.Ridder,ATL,2023,2,19,32,237,1,1,3.1194444414007774,0.09748263879377429,0.59375,7.40625,1.0,,,,,,,,
D.Ridder,ATL,2023,3,21,38,201,0,0,-14.69095040827284,-0.3866039581124432,0.5526315789473685,5.2894736842105265,1.0,-0.07488228481106574,0.7135416666666667,6.897569444444445,1.5,-0.07488228481106574,0.7135416666666667,6.897569444444445,1.5
D.Ridder,ATL,2023,4,19,31,191,1,2,-19.31930863641901,-0.6232035044006132,0.6129032258064516,6.161290322580645,0.6666666666666666,-0.17878950924485823,0.6599049707602339,6.361537524366472,1.3333333333333333,-0.17878950924485823,0.6599049707602339,6.361537524366472,1.3333333333333333
D.Ridder,ATL,2023,5,28,37,329,1,0,15.174646988207343,0.41012559427587414,0.7567567567567568,8.891891891891891,2.0,-0.289893008033797,0.6481545345217884,6.311475723920015,1.1666666666666667,-0.289893008033797,0.6481545345217884,6.311475723920015,1.1666666666666667
D.Ridder,ATL,2023,6,28,47,307,2,3,-8.266498811313207,-0.1758829534321959,0.5957446808510638,6.531914893617022,0.75,-0.125549807360852,0.6290103903776442,6.937226474670766,1.1666666666666665,-0.14988928757186276,0.669874978968782,6.827558957514389,1.3333333333333333
D.Ridder,ATL,2023,7,19,25,250,0,0,7.05915386592294,0.2823661546369176,0.76,10.0,1.0,-0.19389120541734456,0.6295090605904101,6.718642698075021,1.1041666666666665,-0.15422156521525163,0.6575199292824957,6.778284946864829,1.236111111111111
T.Heinicke,ATL,2023,8,12,21,175,1,0,6.048243212197201,0.28801158153320006,0.5714285714285714,8.333333333333334,2.0,-0.026648677230004345,0.681351165853568,7.896274277022389,1.1041666666666665,-0.09185189095065602,0.6721599393849963,7.238529954455568,1.2023809523809523
T.Heinicke,ATL,2023,9,21,38,268,1,1,-1.4887448844313336,-0.039177496958719304,0.5526315789473685,7.052631578947368,1.0,0.20115509425344896,0.6709825022590981,8.439285029710561,1.4375,-0.044368956890174,0.6595685183904432,7.375380376815288,1.3020833333333333
T.Heinicke,ATL,2023,10,8,15,55,1,0,-7.530447752532551,-0.5020298501688367,0.5333333333333333,3.6666666666666665,2.0,0.0888293214448006,0.6199512078067508,7.979469951474431,1.1875,-0.018360242958025692,0.6244807990921977,7.458348213072599,1.1770833333333333
D.Ridder,ATL,2023,12,13,21,168,1,2,-2.746315741154831,-0.13077694005499194,0.6190476190476191,8.0,0.6666666666666666,0.00729259726064041,0.6043483709273183,7.2631578947368425,1.5,-0.09329930407835207,0.6169287157588643,6.990900296405932,1.3020833333333333
D.Ridder,ATL,2023,13,12,27,121,1,0,-3.778801962090527,-0.13995562822557506,0.4444444444444444,4.481481481481482,2.0,-0.09599317641233698,0.5691102756892231,6.7631578947368425,1.4166666666666667,-0.06132092682117067,0.6252307207713955,7.329716085879616,1.2604166666666667
D.Ridder,ATL,2023,14,26,40,347,1,1,-2.3703185247805267,-0.05925796311951317,0.65,8.675,1.0,-0.20298497885203076,0.5373642439431913,5.800194931773879,1.4166666666666665,-0.0009149422992908961,0.6041733731011447,7.11973998074222,1.4270833333333335
D.Ridder,ATL,2023,15,12,20,152,1,1,3.120557009911863,0.15602785049559315,0.6,7.6,1.0,-0.20800509539222922,0.5617063492063492,6.205787037037037,1.4166666666666665,-0.05958788697371431,0.59082877850655,7.092628494255734,1.3020833333333335
T.Heinicke,ATL,2023,16,23,33,229,1,0,7.642198999814564,0.2315817878731686,0.696969696969697,6.9393939393939394,2.0,-0.04349067022612177,0.5783730158730159,7.18912037037037,1.1666666666666665,-0.018099036482740683,0.5913606934001671,7.226139132553606,1.3333333333333335
T.Heinicke,ATL,2023,17,10,29,163,1,3,-6.314528683457766,-0.2177423683950954,0.3448275862068966,5.620689655172414,0.5,0.047099011755918366,0.5978535353535354,6.923968855218855,1.5,-0.024447082328209305,0.5834819055213792,6.843563374977849,1.4583333333333335
D.Ridder,ATL,2023,18,22,30,291,2,1,6.867769799828688,0.2289256599942896,0.7333333333333333,9.7,1.5,0.027652326713538282,0.5729493207941484,7.208770898641588,1.125,-0.08766632606924624,0.5551567823686698,6.504482915207734,1.2708333333333335
K.Cousins,ATL,2024,1,16,26,155,1,2,-11.084852608804018,-0.42634048495400073,0.6153846153846154,5.961538461538462,0.6666666666666666,0.09969823249198898,0.5937826541274818,7.465020898641588,1.25,-0.054153431450120124,0.5777445016669155,6.835403967839312,1.3333333333333335
K.Cousins,ATL,2024,2,20,29,241,2,0,9.083101339781052,0.3132103910269328,0.6896551724137931,8.310344827586206,3.0,-0.045893851370409494,0.5976288079736356,7.055405514026203,1.1666666666666667,-0.04469226079826562,0.5880009119233257,7.1222629421982875,1.1666666666666667
K.Cousins,ATL,2024,3,20,29,230,1,1,2.7967293687774433,0.09643894375094632,0.6896551724137931,7.931034482758621,1.0,-0.025486700581968447,0.5958001768346597,7.3981432360742705,1.4166666666666665,0.010806155586974977,0.5968268560940975,7.161056045646563,1.4583333333333333
K.Cousins,ATL,2024,4,21,35,238,0,1,-1.0691966593920248,-0.03054847598262928,0.6,6.8,0.5,0.053058627454541984,0.6820070733863837,7.975729442970822,1.5416666666666665,0.04035547708404015,0.6274781970902661,7.592250170806206,1.3333333333333335
K.Cousins,ATL,2024,5,42,58,509,4,1,21.91405089160002,0.3778284636482762,0.7241379310344828,8.775862068965518,2.5,-0.01180990653968773,0.6486737400530505,7.2507294429708224,1.2916666666666665,0.043944162976150634,0.6212281970902661,7.357875170806205,1.2708333333333335
K.Cousins,ATL,2024,6,19,30,225,1,0,12.311614662975456,0.4103871554325152,0.6333333333333333,7.5,2.0,0.18923233061088152,0.6758620689655173,7.9543103448275865,1.75,0.07166923962023602,0.6367454384695764,7.504857929426894,1.4583333333333335
K.Cousins,ATL,2024,7,24,35,232,1,2,-9.430239478007437,-0.26943541365735535,0.6857142857142857,6.628571428571429,0.6666666666666666,0.2135265217122771,0.6617816091954023,7.751724137931035,1.5,0.09401991056515434,0.628790893015031,7.574933687002652,1.4583333333333335
K.Cousins,ATL,2024,8,23,29,276,4,0,15.142078965669498,0.5221406539886033,0.7931034482758621,9.517241379310345,5.0,0.12205793236020168,0.6607963875205254,7.426108374384237,1.4166666666666665,0.08755827990737185,0.6714017304534545,7.700918908677529,1.4791666666666667
K.Cousins,ATL,2024,9,19,24,222,3,0,8.401332029723562,0.3500555012384818,0.7916666666666666,9.25,4.0,0.2602302148530098,0.709072249589491,8.105418719211823,2.5416666666666665,0.12421015415666106,0.6788729948212706,7.678074081091323,1.9166666666666665
K.Cousins,ATL,2024,10,23,38,306,0,1,-1.245446489061938,-0.032774907606893104,0.6052631578947368,8.052631578947368,0.5,0.25328697425056124,0.725954433497537,8.223953201970444,2.9166666666666665,0.22125965243072138,0.7009082512315271,8.089131773399014,2.333333333333333
K.Cousins,ATL,2024,11,18,27,173,0,1,-7.255009045154473,-0.26870403870942494,0.6666666666666666,6.407407407407407,0.5,0.14249645849070916,0.7189368896378878,8.362111096707286,2.5416666666666665,0.17801149010149314,0.6903592494166451,8.05691761731916,2.020833333333333
K.Cousins,ATL,2024,13,24,39,245,0,4,-11.633553486629031,-0.29829624324689824,0.6153846153846154,6.282051282051282,0.2,0.14267930222769173,0.714174984875983,8.30682009141628,2.5,0.13236861729394672,0.6874856861982542,7.866464232900259,1.9583333333333333
K.Cousins,ATL,2024,14,23,37,344,0,2,0.7157764172624463,0.019345308574660713,0.6216216216216216,9.297297297297296,0.3333333333333333,-0.062429922081183656,0.6697452766531714,7.498022567101515,1.3,0.0989001463859131,0.6894087631213311,7.801720643156669,1.9208333333333332
K.Cousins,ATL,2024,15,11,17,112,1,1,-7.511997886550209,-0.44188222862060056,0.6470588235294118,6.588235294117647,1.0,-0.14510747024713894,0.62723401539191,7.5098468914258385,0.3833333333333333,0.05408975200171117,0.6765942244447236,7.866900046698141,1.65
M.Penix,ATL,2024,16,18,27,202,0,1,6.547739793670731,0.2425088812470641,0.6666666666666666,7.481481481481482,0.5,-0.2473843005005658,0.6376829318005789,7.143747820218408,0.5083333333333333,-0.0524439210049283,0.6783099107192333,7.752929458462847,1.525
M.Penix,ATL,2024,17,19,35,223,1,1,-0.6429523978219969,-0.01837006850919991,0.5428571428571428,6.371428571428571,1.0,-0.11958107051144351,0.6376829318005789,7.412266338736927,0.5083333333333333,0.011549115858124133,0.6759289583382809,7.859543215076603,1.5041666666666667
M.Penix,ATL,2024,18,21,38,312,2,1,5.46687908328048,0.14386523903369683,0.5526315789473685,8.210526315789474,1.5,-0.049599526827018944,0.6195510636687107,7.434610661081249,0.7083333333333333,-0.05601472445410127,0.644648170160941,7.466316614091382,1.0041666666666667
M.Penix,ATL,2025,1,27,42,298,1,0,9.624095207309598,0.22914512398356185,0.6428571428571429,7.095238095238095,2.0,-0.018469544212259915,0.6023035530001475,7.162917915704293,1.0,-0.0817885072296994,0.6147687841960288,7.336382403565065,0.6916666666666667
M.Penix,ATL,2025,2,13,21,135,0,0,-3.2441715903873147,-0.154484361447015,0.6190476190476191,6.428571428571429,1.0,0.1492872939387807,0.6012531328320803,7.2896686159844055,1.25,-0.049048503280892525,0.6194680323163295,7.216708218101407,0.8791666666666667
M.Penix,ATL,2025,3,18,36,172,0,2,-18.804658700747623,-0.5223516305763228,0.5,4.777777777777778,0.3333333333333333,0.05003898326526092,0.5893483709273183,7.026441102756892,1.375,-0.034771043623091274,0.6135156513639486,7.219353720746909,0.9416666666666667
M.Penix,ATL,2025,4,20,26,313,2,1,18.287676299231038,0.7033721653550399,0.7692307692307693,12.038461538461538,1.5,-0.07595640725151981,0.5786340852130326,6.628028404344194,1.2083333333333333,-0.06277796703926936,0.5990925744408716,7.031319532712722,0.9583333333333333
M.Penix,ATL,2025,6,20,32,250,1,0,-0.41926983085160874,-0.013102182214112773,0.625,7.8125,2.0,0.06392032432881595,0.6327838827838828,7.58501221001221,1.2083333333333333,0.02272539005827806,0.6175437178920151,7.373965062858252,1.1041666666666667
M.Penix,ATL,2025,7,21,38,241,1,0,-6.737357140441047,-0.17729887211686965,0.5526315789473685,6.342105263157895,2.0,0.0033584977793972987,0.6283195970695972,7.7643276862026855,1.2083333333333333,0.07632289585908904,0.6147863649508387,7.5269981510935455,1.2291666666666667
K.Cousins,ATL,2025,8,21,31,173,0,0,-5.867928963794839,-0.18928803109015607,0.6774193548387096,5.580645161290323,1.0,-0.002345129888066365,0.6117155870445344,7.742711144849302,1.4583333333333333,0.02384692668859731,0.6005319789859264,7.384576123803098,1.4166666666666667
M.Penix,ATL,2025,9,22,37,221,3,0,3.742431711216262,0.10114680300584493,0.5945945945945946,5.972972972972973,4.0,0.08092076998347532,0.6560704257542118,7.9434279907274385,1.625,0.0024821813659777897,0.6173522554836222,7.285728197535816,1.4166666666666667
M.Penix,ATL,2025,10,12,28,177,1,0,-8.050063597610325,-0.2875022713432259,0.42857142857142855,6.321428571428571,2.0,-0.06963557060382342,0.6124113820951682,6.427055849355297,2.25,-0.0028576231375036978,0.6225976324395255,7.006034029683754,1.7291666666666665
M.Penix,ATL,2025,11,13,16,175,0,0,10.741212317137979,0.6713257698211237,0.8125,10.9375,1.0,-0.1382355928861017,0.5633042392380253,6.054287992212441,2.25,-0.06743854755335217,0.5958119181538112,6.909307839207563,1.7291666666666665
K.Cousins,ATL,2025,12,16,23,199,2,1,-3.414532629392794,-0.14845794040838234,0.6956521739130435,8.652173913043478,1.5,0.07392056759839663,0.6282713445011832,7.203136676422967,2.0,0.035787718855165164,0.6199934657728589,7.472923910636135,1.7291666666666665
K.Cousins,ATL,2025,13,21,33,234,1,0,5.853858310111897,0.17738964576096658,0.6363636363636364,7.090909090909091,2.0,0.08412809026884006,0.6328295492697666,7.971018864361255,2.125,0.08252443012615773,0.6444499875119893,7.957223427544347,1.875
K.Cousins,ATL,2025,14,15,30,162,0,2,-15.373345657525775,-0.5124448552508591,0.5,5.4,0.3333333333333333,0.10318880095762048,0.643271809712027,8.250502893845285,1.625,0.016776615176898556,0.6278415959035976,7.338779371600292,1.9375
K.Cousins,ATL,2025,15,30,44,373,3,0,17.24538291011718,0.3919405206844813,0.6818181818181818,8.477272727272727,4.0,0.046953154980712175,0.6611289525691699,8.020145750988142,1.2083333333333333,-0.04564121895269474,0.6122165959035977,7.037216871600291,1.7291666666666665
K.Cousins,ATL,2025,16,21,35,197,2,1,8.094143539450123,0.2312612439842892,0.6,5.628571428571429,1.5,-0.022893157303448416,0.6284584980237153,7.405088932806324,1.9583333333333333,0.02551370514747413,0.6283649212624492,7.304112804614645,1.9791666666666665
K.Cousins,ATL,2025,17,13,20,126,1,0,4.9234958693196536,0.24617479346598267,0.65,6.3,2.0,0.07203663879471947,0.6045454545454545,6.649188311688312,1.9583333333333333,0.0780823645317798,0.6186875019076107,7.310103588024784,2.0416666666666665
K.Cousins,ATL,2025,18,18,32,180,1,1,-5.5532181065601005,-0.17353806583000314,0.5625,5.625,1.0,0.0892329257209735,0.6079545454545454,6.451461038961039,1.9583333333333333,0.096210863339297,0.6256131775832863,7.350981966403162,1.7916666666666665
L.Jackson,BAL,2023,1,17,22,169,0,1,-4.415662565714761,-0.2007119348052164,0.7727272727272727,7.681818181818182,0.5,,,,,,,,
L.Jackson,BAL,2023,2,24,33,237,2,0,12.392853365532094,0.3755410110767301,0.7272727272727273,7.181818181818182,3.0,,,,,,,,
L.Jackson,BAL,2023,3,22,31,202,0,0,-7.2513471138071,-0.23391442302603546,0.7096774193548387,6.516129032258065,1.0,0.08741453813575685,0.75,7.431818181818182,1.75,0.08741453813575685,0.75,7.431818181818182,1.75
L.Jackson,BAL,2023,4,15,19,186,2,0,6.872492622467689,0.3617101380246152,0.7894736842105263,9.789473684210526,3.0,-0.01969511558484059,0.7365591397849464,7.126588465298142,1.5,-0.01969511558484059,0.7365591397849464,7.126588465298142,1.5
L.Jackson,BAL,2023,5,22,38,236,0,1,-13.225236594514607,-0.3480325419609107,0.5789473684210527,6.2105263157894735,0.5,0.07565619781752336,0.7497877758913413,7.792309770026239,1.875,0.07565619781752336,0.7497877758913413,7.792309770026239,1.875
L.Jackson,BAL,2023,6,21,30,223,1,1,5.846638061230958,0.19488793537436525,0.7,7.433333333333334,1.0,0.03882604602859979,0.7013427998147862,7.424486803519061,1.875,-0.009081550138163452,0.7156196943972836,7.475953079178886,1.6
L.Jackson,BAL,2023,7,21,27,357,3,0,25.262835674511734,0.9356605805374717,0.7777777777777778,13.222222222222221,4.0,-0.006337222896991422,0.6945246179966045,7.487365591397849,1.375,0.024913364113924665,0.7130164119977364,7.4688497882046265,1.5
L.Jackson,BAL,2023,8,18,27,157,1,0,-4.98437022745088,-0.18460630472040296,0.6666666666666666,5.814814814814815,2.0,0.28605652799388537,0.7115497076023392,9.163888888888888,2.125,0.15502010931728852,0.7222680356805994,8.290760135921426,1.8571428571428572
L.Jackson,BAL,2023,9,21,26,187,0,0,-3.1819175304861713,-0.12238144348023736,0.8076923076923077,7.1923076923076925,1.0,0.1494774173076308,0.6808479532163743,8.17022417153996,1.875,0.11256680756257709,0.7153178645538578,7.9812669707831,1.875
L.Jackson,BAL,2023,10,13,23,223,1,2,-5.893444059215654,-0.2562366982267676,0.5652173913043478,9.695652173913043,0.6666666666666666,0.20589019192779914,0.7380341880341881,8.415669515669515,2.0,0.12235811897819947,0.7196884939244872,7.920078159594289,1.9375
L.Jackson,BAL,2023,11,16,26,264,2,0,8.243131167493246,0.31704350644204793,0.6153846153846154,10.153846153846153,3.0,0.09310903352751596,0.704338535860275,8.981249225814443,1.9166666666666667,0.04338590531526226,0.6994315769284397,8.234307408606146,1.6458333333333333
L.Jackson,BAL,2023,12,18,32,177,1,0,-3.558443205733816,-0.11120135017918174,0.5625,5.53125,2.0,-0.06154523499633999,0.6637402452619844,8.214155208720426,1.6666666666666665,0.11225564649877269,0.6876449764321617,8.689022048804656,1.8958333333333333
L.Jackson,BAL,2023,14,24,43,316,3,1,12.612825902449341,0.29332153261510097,0.5581395348837209,7.348837209302325,2.0,-0.04319399636103469,0.6376985785953178,8.143264005016722,1.6666666666666665,0.05314171047329806,0.659273265905846,8.15674408827834,1.7708333333333333
L.Jackson,BAL,2023,15,14,24,171,1,1,-3.565044596736317,-0.1485435248640132,0.5833333333333334,7.125,1.0,0.060731747662799894,0.575310385393171,8.182396384265381,1.9166666666666665,0.13331096979529952,0.6566722867136795,8.299032949967447,1.9583333333333333
L.Jackson,BAL,2023,16,23,35,252,2,0,4.920349201298974,0.14058140575139924,0.6571428571428571,7.2,3.0,0.08765504100348848,0.5798393709004175,7.539733340787119,2.0,0.09038203726550222,0.6420889533803462,8.260491283300782,1.9583333333333333
L.Jackson,BAL,2023,17,18,21,321,5,0,28.995928248681594,1.3807584880324568,0.8571428571428571,15.285714285714286,6.0,0.043539515830826325,0.5902789313399779,6.801271802325582,2.0,-0.009002859582756838,0.6270095883009811,7.507713505523004,1.8333333333333333
T.Huntley,BAL,2023,18,15,28,146,1,0,-4.674275439687568,-0.16693840856027028,0.5357142857142857,5.214285714285714,2.0,0.41652947538373597,0.6639396456256922,9.239887873754153,3.0,0.18666773951135063,0.6508191121105049,8.691575939385437,2.333333333333333
L.Jackson,BAL,2024,1,26,41,273,1,0,-2.4911596045670317,-0.060759990355293454,0.6341463414634146,6.658536585365853,2.0,0.3014644900898931,0.6583333333333333,8.70625,3.0,0.1810981188763465,0.6168218593632522,8.44432319213269,2.458333333333333
L.Jackson,BAL,2024,2,21,34,247,1,1,0.9536016024697049,0.02804710595499132,0.6176470588235294,7.264705882352941,1.0,0.3234103737170731,0.6710365853658536,8.589634146341464,3.25,0.2055327073602808,0.6254379781331355,8.064683743564292,2.625
L.Jackson,BAL,2024,3,12,15,182,1,0,10.670858654775657,0.7113905769850438,0.8,12.133333333333333,2.0,0.2952767987679711,0.6611626357860217,8.605810616929698,2.75,0.1694081572993987,0.6257207835629999,7.70354120962764,2.375
L.Jackson,BAL,2024,4,13,18,156,2,0,9.182408976193983,0.5101338320107769,0.7222222222222222,8.666666666666666,3.0,0.12793482100611786,0.6468769215003074,7.81771537883446,1.75,0.2722321481949269,0.6554082835629998,8.528801626294307,2.375
L.Jackson,BAL,2024,5,26,42,348,4,0,21.248209867206043,0.505909758743001,0.6190476190476191,8.285714285714286,5.0,0.29720288114887966,0.6935039056272916,8.680810616929698,2.0,0.2993336856193864,0.6759186194803125,8.69353030846485,2.5
L.Jackson,BAL,2024,6,20,26,323,1,1,11.001631377484559,0.4231396683647907,0.7692307692307693,12.423076923076923,1.0,0.43887031842345325,0.6897292250233427,9.087605042016808,2.75,0.38114034607026315,0.6803829051945981,8.838619594179136,3.0
L.Jackson,BAL,2024,7,17,22,281,5,0,25.117043778405517,1.1416838081093417,0.7727272727272727,12.772727272727273,6.0,0.5376434590259032,0.7276251526251526,10.377197802197802,2.75,0.4164601288969371,0.6943938942055872,9.49150420956375,2.75
L.Jackson,BAL,2024,8,23,38,289,2,0,7.565711848542278,0.1990976802247968,0.6052631578947368,7.605263157894737,3.0,0.6452167668069776,0.7208069708069709,10.537046287046287,3.75,0.3865757939065477,0.6838419461536391,9.177380832940374,2.75
L.Jackson,BAL,2024,9,16,19,280,3,0,19.339015614314043,1.0178429270691602,0.8421052631578947,14.736842105263158,4.0,0.5674577288604825,0.6915672047250995,10.271695409853306,3.75,0.43233030500468106,0.6925355551761955,9.476253013391503,2.875
L.Jackson,BAL,2024,10,25,33,290,4,0,19.659902315499494,0.5957546156211968,0.7575757575757576,8.787878787878787,5.0,0.6954410209420223,0.7473316157526684,11.884477364740523,3.5,0.5671556696827378,0.7185304203880055,10.486041203378663,3.125
L.Jackson,BAL,2024,11,16,33,207,1,1,-2.438620983949903,-0.0738976055742395,0.48484848484848486,6.2727272727272725,1.0,0.7385947577561239,0.7444178628389155,10.975677830940988,4.5,0.6381191083910135,0.736021507732034,10.676437816569395,3.625
L.Jackson,BAL,2024,12,16,22,177,2,0,8.123395734776407,0.36924526067165486,0.7272727272727273,8.045454545454545,3.0,0.4346994043352286,0.6724481658692185,9.350677830940988,3.25,0.5399580855711031,0.6966275683380947,9.943862058993638,3.5
L.Jackson,BAL,2024,13,23,36,237,2,0,-0.9726886269649853,-0.027019128526805145,0.6388888888888888,6.583333333333333,3.0,0.4772362994469431,0.7029505582137161,9.46072567783094,3.25,0.5223470141537129,0.6972588814694077,9.866210543842122,3.5
L.Jackson,BAL,2024,15,21,25,290,5,0,24.62604583549546,0.9850418334198184,0.84,11.6,6.0,0.21602078554795176,0.6521464646464646,7.422348484848484,3.0,0.4557309032449871,0.6997390401995666,9.653412924794504,3.25
L.Jackson,BAL,2024,16,15,23,207,3,1,7.082269471813374,0.30792475964405974,0.6521739130434783,9.0,2.0,0.31334258999760717,0.6727525252525253,8.125378787878788,3.25,0.5259686738768655,0.7085851940457204,9.55052830940989,3.875
L.Jackson,BAL,2024,17,10,15,168,2,0,8.4326372798062,0.5621758186537467,0.6666666666666666,11.2,3.0,0.408798181302182,0.7145838823012736,8.807196969696971,3.5,0.42174879281870525,0.693516024085246,9.07893740031898,3.375
L.Jackson,BAL,2024,18,16,32,217,2,0,5.178348514717072,0.1618233910849085,0.5,6.78125,3.0,0.4570308207977049,0.6994323671497584,9.595833333333333,3.5,0.46713356012232404,0.7011914626817373,9.528279505582137,3.375
L.Jackson,BAL,2025,1,14,19,209,2,0,8.798420577786704,0.4630747672519318,0.7368421052631579,11.0,3.0,0.5042414507006334,0.6647101449275363,9.6453125,3.5,0.36013111812429255,0.6584283047870004,8.533830492424244,3.25
L.Jackson,BAL,2025,2,19,29,225,4,0,9.342703126255497,0.3221621767674309,0.6551724137931034,7.758620689655173,5.0,0.37374968415866167,0.6389206712433256,9.4953125,2.75,0.3435461370781344,0.6558365982479255,8.810345643939394,3.0
L.Jackson,BAL,2025,3,21,27,288,3,0,11.022880831304771,0.4082548456038804,0.7777777777777778,10.666666666666666,4.0,0.3773090384395045,0.639670296430732,9.184967672413793,3.5,0.39305360987084326,0.6771270893660029,8.99608232105538,3.5
L.Jackson,BAL,2025,4,14,20,147,1,1,-5.220177533155578,-0.2610088766577789,0.7,7.35,1.0,0.3388287951770379,0.6674480742085098,9.05163433908046,3.75,0.39792980798737143,0.6834402206791341,9.323733836206896,3.625
C.Rush,BAL,2025,5,14,20,179,0,3,-7.8949564919229065,-0.3947478245961453,0.7,8.95,0.25,0.23312072824136607,0.7174480742085098,9.19382183908046,3.25,0.3686810894709997,0.691079109568023,9.41956716954023,3.375
C.Rush,BAL,2025,6,11,19,72,0,1,-5.103429209696493,-0.268601537352447,0.5789473684210527,3.789473684210526,0.5,0.018665080279346782,0.7082375478927203,8.681321839080459,2.5625,0.19620738221900424,0.673579109568023,9.088317169540229,2.65625
T.Huntley,BAL,2025,8,17,22,186,1,0,5.315543281004171,0.24161560368200777,0.7727272727272727,8.454545454545455,2.0,-0.1290258482506227,0.6891812865497076,7.689035087719297,1.4375,0.12414159509444089,0.6644257914902197,8.437001380066546,2.46875
L.Jackson,BAL,2025,9,18,23,204,4,0,10.401708490913734,0.45224819525711885,0.782608695652174,8.869565217391305,5.0,-0.17068565873109084,0.6879186602870813,7.1360047846889945,0.9375,0.08407156822297353,0.6776833672477955,8.093819561884727,2.34375
L.Jackson,BAL,2025,10,17,29,176,1,0,-1.3897965507582741,-0.047924018991664624,0.5862068965517241,6.068965517241379,2.0,0.007628609247633561,0.7085708342001248,7.51589608903682,1.9375,0.12037466874449981,0.7130094542043173,8.354858964058641,2.59375
L.Jackson,BAL,2025,11,14,25,193,0,2,-12.848054744788678,-0.5139221897915471,0.56,7.72,0.3333333333333333,0.09433456064875373,0.6801225583380559,6.7956374683471665,2.375,0.05649982046405026,0.694180053115388,7.738479653713813,2.46875
L.Jackson,BAL,2025,12,13,23,153,0,0,-0.07102452922358271,-0.0030880230097209875,0.5652173913043478,6.6521739130434785,1.0,0.033004397538978714,0.6753857162327928,7.778269047294534,2.3333333333333335,-0.048010725355821994,0.6822835013912502,7.733652067506916,1.8854166666666667
L.Jackson,BAL,2025,13,17,32,246,0,1,-11.811996963922866,-0.36912490512258955,0.53125,7.6875,0.5,-0.028171509133953488,0.6235082458770614,7.327676161919041,2.0833333333333335,-0.09942858393252217,0.6557134530820714,7.231840473304017,1.5104166666666667
L.Jackson,BAL,2025,14,19,35,219,1,1,-5.129352546305684,-0.14655292989444813,0.5428571428571428,6.257142857142857,1.0,-0.23351478422888058,0.560668571964018,7.032159857571214,0.9583333333333333,-0.11294308749062351,0.6346197030820714,7.274027973304017,1.4479166666666667
L.Jackson,BAL,2025,15,8,12,150,2,1,0.07061650075562653,0.005884708396302211,0.6666666666666666,12.5,1.5,-0.25817201195457645,0.5498311335403727,7.079204192546584,0.7083333333333333,-0.08191872565291136,0.6149768459392142,6.937420830446875,1.5416666666666667
T.Huntley,BAL,2025,16,9,10,65,0,0,1.1404313051656885,0.11404313051656885,0.9,6.5,1.0,-0.12822028740761413,0.5764978002070393,8.274204192546584,1.0,-0.0476079449343177,0.625941758219916,8.02623661992056,1.6666666666666667
T.Huntley,BAL,2025,17,16,20,107,1,0,6.459272869196532,0.3229636434598266,0.8,5.35,2.0,-0.09893749902604165,0.6601934523809524,8.236160714285713,1.0,-0.06355450407999758,0.6418508491290069,7.781918438102378,1.5416666666666667
L.Jackson,BAL,2025,18,11,18,238,3,1,8.699688167113292,0.4833160092840718,0.6111111111111112,13.222222222222221,2.0,0.07408463811956238,0.7273809523809525,7.6517857142857135,1.375,-0.0797150730546591,0.6440247621724853,7.341972785928465,1.1666666666666667
J.Allen,BUF,2023,1,29,41,236,1,3,-1.4093970255351735,-0.03437553720817496,0.7073170731707317,5.7560975609756095,0.5,,,,,,,,
J.Allen,BUF,2023,2,31,37,274,3,0,13.21760739837191,0.35723263238843,0.8378378378378378,7.405405405405405,4.0,,,,,,,,
J.Allen,BUF,2023,3,20,32,218,1,1,5.211040452186173,0.1628450141308179,0.625,6.8125,1.0,0.16142854759012754,0.7725774555042848,6.580751483190507,2.25,0.16142854759012754,0.7725774555042848,6.580751483190507,2.25
J.Allen,BUF,2023,4,21,25,320,4,0,22.19731426213972,0.8878925704855888,0.84,12.8,5.0,0.16190070310369098,0.7233849703361899,6.658000988793671,1.8333333333333333,0.16190070310369098,0.7233849703361899,6.658000988793671,1.8333333333333333
J.Allen,BUF,2023,5,27,40,359,2,1,13.9983127423767,0.34995781855941754,0.675,8.975,1.5,0.34339866994916546,0.7525387277521424,8.193500741595255,2.625,0.34339866994916546,0.7525387277521424,8.193500741595255,2.625
J.Allen,BUF,2023,6,19,30,169,2,1,1.2013992320389688,0.04004664106796563,0.6333333333333333,5.633333333333334,1.5,0.43948200889106354,0.7444594594594593,8.99822635135135,2.875,0.34471049967121586,0.7370309822017139,8.349800593276203,2.4
J.Allen,BUF,2023,7,27,41,265,2,1,8.579465328659799,0.20925525191853167,0.6585365853658537,6.463414634146342,1.5,0.3601855110609474,0.6933333333333334,8.555208333333333,2.25,0.29393318990400746,0.7197480407236504,7.897056049952391,2.25
J.Allen,BUF,2023,8,31,40,324,2,1,1.8202115608550784,0.04550528902137696,0.775,8.1,1.5,0.3717880705078759,0.7017174796747967,8.46793699186992,2.375,0.2818363416203681,0.7110035471011081,7.69225013340867,2.142857142857143
J.Allen,BUF,2023,9,26,38,258,1,1,4.649652031051859,0.12235926397504893,0.6842105263157895,6.7894736842105265,1.0,0.16119125014182295,0.6854674796747968,7.292936991869919,1.5,0.2522949600454942,0.7190031037134695,7.743218866732587,2.0625
J.Allen,BUF,2023,10,15,26,177,1,2,-3.9883880485575647,-0.1533995403291371,0.5769230769230769,6.8076923076923075,0.6666666666666666,0.1042916114957308,0.6877701112537442,6.74655541292255,1.375,0.2718868101933972,0.7161147853566018,7.87239088213695,2.125
J.Allen,BUF,2023,11,20,32,275,3,1,12.000879541489958,0.3750274856715612,0.625,8.59375,2.0,0.05593006614645511,0.6736675471511799,7.040145156512294,1.1666666666666667,0.20805778860370128,0.6835004402422568,7.797676744922814,1.7083333333333333
J.Allen,BUF,2023,12,29,51,339,2,1,7.660534720481227,0.15020656314669073,0.5686274509803921,6.647058823529412,1.5,0.09737312458471249,0.6652834008097166,7.572728997975709,1.2916666666666665,0.2345805975462942,0.6835004402422568,8.020332994922814,1.8333333333333333
J.Allen,BUF,2023,14,23,42,233,1,1,-2.0088587999831455,-0.04782997142817013,0.5476190476190477,5.5476190476190474,1.0,0.12354844311604093,0.6136902635548146,7.209493703858062,1.2916666666666665,0.14236984662893193,0.6495788716148057,7.25121534786399,1.3958333333333333
J.Allen,BUF,2023,15,7,15,94,1,0,-0.4609956982137855,-0.0307330465475857,0.4666666666666667,6.266666666666667,2.0,0.08100113426523617,0.5795423938806292,6.899030044710192,1.2916666666666665,0.09264637288048348,0.6336562525671866,6.822792728816371,1.3333333333333333
J.Allen,BUF,2023,16,15,21,237,1,1,10.033300907642115,0.4777762336972436,0.7142857142857143,11.285714285714286,1.0,0.11166775771062402,0.5519782913165265,6.7637736344537815,1.625,0.08379891192853957,0.6128229192338533,6.901959395483038,1.3958333333333333
J.Allen,BUF,2023,17,15,30,169,0,1,-4.945098244781253,-0.1648366081593751,0.5,5.633333333333334,0.5,0.13735494471704462,0.5742997198879551,7.436764705882354,1.375,0.11736403465087855,0.6197915603488359,7.50474685192903,1.3333333333333333
J.Allen,BUF,2023,18,30,38,359,2,2,3.935817859484814,0.10357415419696879,0.7894736842105263,9.447368421052632,1.0,0.05859415189052817,0.5571428571428572,7.183333333333334,1.125,0.09107129750328455,0.5854165603488359,7.196413518595697,1.2083333333333333
J.Allen,BUF,2024,1,18,23,232,2,0,9.161098091100992,0.39830861265656486,0.782608695652174,10.08695652173913,3.0,0.0964451832968129,0.6176065162907268,8.158270676691728,1.125,0.08872315878102453,0.598574455085678,7.528650360700961,1.2083333333333333
J.Allen,BUF,2024,2,13,19,139,1,0,11.151412883304674,0.5869164675423513,0.6842105263157895,7.315789473684211,2.0,0.20370559809785055,0.6965920235371037,9.113343140459845,1.375,0.1576866779042373,0.6242851574268151,7.938558387456814,1.5
J.Allen,BUF,2024,3,23,30,263,4,0,22.415535229197282,0.7471845076399094,0.7666666666666667,8.766666666666667,5.0,0.23099065655912748,0.6890732265446224,8.120861937452327,1.625,0.18417280063808605,0.6316864732162888,7.77881332166734,1.5
J.Allen,BUF,2024,4,16,29,180,0,0,-7.575484683290668,-0.2612236097686437,0.5517241379310345,6.206896551724138,1.0,0.45899593550894857,0.7557398932112891,8.90419527078566,2.75,0.2587950436997384,0.6564413751770732,8.043764302059497,1.9375
J.Allen,BUF,2024,5,9,30,131,1,0,-5.131946196880337,-0.17106487322934458,0.3,4.366666666666666,2.0,0.3677964945175455,0.6963025066414161,8.094077303453536,2.75,0.23212083890717916,0.6569545114660714,8.126173990072633,1.9375
J.Allen,BUF,2024,6,19,25,215,2,0,10.847876160386026,0.43391504641544104,0.76,8.6,3.0,0.22545312304606815,0.5756503327283726,6.66400483968542,2.5,0.2145793605719593,0.6361211781327382,7.888673990072633,1.9375
J.Allen,BUF,2024,7,21,33,323,2,0,12.851946564213348,0.38945292618828325,0.6363636363636364,9.787878787878787,3.0,0.18720276776434056,0.5945977011494253,6.985057471264367,2.75,0.209096712161734,0.641835463847024,7.552959704358347,2.1875
J.Allen,BUF,2024,8,24,34,283,2,1,12.495397780473018,0.367511699425677,0.7058823529411765,8.323529411764707,1.5,0.09776987240143402,0.5620219435736677,7.240360501567398,2.25,0.2783829039551913,0.6588809183924784,8.07227788617653,2.5
J.Allen,BUF,2024,9,25,39,235,3,1,8.926417083654227,0.22888248932446736,0.6410256410256411,6.0256410256410255,2.0,0.2549536997000142,0.6005614973262032,7.76951871657754,2.375,0.3113750971087798,0.6484320019838097,7.931798010015539,2.5625
J.Allen,BUF,2024,10,22,37,280,0,2,-6.463513292489639,-0.17468954844566592,0.5945945945945946,7.5675675675675675,0.3333333333333333,0.35494054033846717,0.6858179075826135,8.18426230632113,2.375,0.2901968316922676,0.6307341201554931,7.424133573003275,2.4375
J.Allen,BUF,2024,11,27,40,262,1,1,5.961758687028341,0.14904396717570853,0.675,6.55,1.0,0.20278939162319043,0.6444665562312621,7.9261541982130215,1.7083333333333333,0.19499607969376548,0.6195321286903438,7.455605834738694,2.2291666666666665
J.Allen,BUF,2024,13,13,17,148,2,0,7.459330769866938,0.43878416293334926,0.7647058823529411,8.705882352941176,3.0,0.14268715187004677,0.6541256471403532,7.116684501243325,1.2083333333333333,0.12022851213574037,0.6080737953570104,7.178522501405362,1.7291666666666667
J.Allen,BUF,2024,14,22,37,342,3,0,16.823644940159284,0.4546931064907914,0.5945945945945946,9.243243243243244,4.0,0.16050526774696483,0.6688315294932943,7.212272736537442,1.5833333333333333,0.20772948372348948,0.6346965134097488,7.490895726557491,1.9791666666666665
J.Allen,BUF,2024,15,23,34,362,2,0,19.885844467490543,0.5848777784556042,0.6764705882352942,10.647058823529411,3.0,0.21695792203854583,0.6572237678855326,8.016673290937996,2.083333333333333,0.28594923118850646,0.6715208377340731,8.100467798629563,2.2291666666666665
J.Allen,BUF,2024,16,16,29,154,1,1,1.5287619842515856,0.052715930491433985,0.5517241379310345,5.310344827586207,1.0,0.40684975376386334,0.6776927662957075,8.786546104928458,2.75,0.3048195726935269,0.6610796612634848,8.35635015157074,2.2291666666666665
J.Allen,BUF,2024,17,16,27,182,2,0,9.769992327399844,0.3618515676814757,0.5925925925925926,6.7407407407407405,3.0,0.3827677445927947,0.6468738007784661,8.47663231182501,2.75,0.2627274482314207,0.6504997239594096,7.796658406534167,1.9791666666666665
M.Trubisky,BUF,2024,18,15,21,101,1,0,4.540342380214272,0.21620678001020344,0.7142857142857143,4.809523809523809,2.0,0.36353459577982633,0.603845478338379,7.9853469087749005,2.75,0.26201993176339555,0.6363385039158366,7.598809822656171,2.1666666666666665
J.Allen,BUF,2025,1,33,46,394,2,0,14.233714385272462,0.3094285735928796,0.717391304347826,8.565217391304348,3.0,0.3039130141596793,0.6337682582611588,6.8769170503450425,2.25,0.26043546809911255,0.6454960130733457,7.446795170641519,2.1666666666666665
J.Allen,BUF,2025,2,14,25,148,0,0,-2.247475089648096,-0.08989900358592384,0.56,5.92,1.0,0.23505071294399818,0.6439984372892918,6.356456692288776,2.25,0.3209502333539308,0.6608456017924996,7.571501398608618,2.5
J.Allen,BUF,2025,3,22,28,213,3,0,10.64952215948613,0.3803400771245046,0.7857142857142857,7.607142857142857,4.0,0.19939697942465873,0.6460674028065332,6.508870485392224,2.25,0.2910823620087267,0.6464706017924997,7.4927513986086165,2.5
J.Allen,BUF,2025,4,16,22,209,2,1,4.917184796040829,0.22350839982003767,0.7272727272727273,9.5,1.5,0.20401910678541596,0.6943478260869564,6.725471014492753,2.5,0.28377685128262115,0.6490966522126678,7.355408961633827,2.625
J.Allen,BUF,2025,5,22,31,253,2,1,10.645898245595461,0.34341607243856326,0.7096774193548387,8.161290322580646,1.5,0.20584451173787452,0.6975945793337097,7.898090062111801,2.375,0.2548787629487769,0.6656814187974343,7.387503556228422,2.3125
J.Allen,BUF,2025,6,15,26,180,2,2,-7.167852376616793,-0.27568662986987663,0.5769230769230769,6.923076923076923,1.0,0.21434138644929546,0.6956661080854629,7.797108294930876,2.0,0.2246960496966468,0.6698322726873773,7.076782493609826,2.125
J.Allen,BUF,2025,8,12,19,163,1,0,7.693339027595142,0.4049125803997443,0.631578947368421,8.578947368421053,2.0,0.16789447987830722,0.6998968773162322,8.047877525700105,2.0,0.18364572965148296,0.6729821400613827,7.278374005546166,2.125
J.Allen,BUF,2025,9,23,26,273,1,0,9.603388036164688,0.3693610783140265,0.8846153846153846,10.5,2.0,0.17403760569711715,0.6613630427297661,8.290828653519656,1.5,0.18902835624126657,0.6778554344083613,7.508149834006204,2.0
J.Allen,BUF,2025,10,28,40,306,2,1,4.186331392542459,0.10465828481356147,0.7,7.65,1.5,0.21050077532061434,0.7006987070654302,8.540828653519656,1.625,0.20817264352924444,0.6991466431995701,8.219459357815728,2.0
J.Allen,BUF,2025,11,19,30,317,3,2,12.440862808616592,0.4146954269538864,0.6333333333333333,10.566666666666666,1.3333333333333333,0.1508113284143639,0.6982793522267206,8.413006072874493,1.625,0.18257635743182968,0.6969727301560917,8.105057183902685,1.8125
J.Allen,BUF,2025,12,24,34,253,0,2,-7.277763720803338,-0.21405187414127466,0.7058823529411765,7.4411764705882355,0.3333333333333333,0.32340684262030467,0.7123819163292847,9.32390350877193,1.7083333333333333,0.24565066124930593,0.7061393968227584,8.685890517236018,1.8541666666666667
J.Allen,BUF,2025,13,15,23,123,1,1,5.398728491622023,0.23472732572269667,0.6521739130434783,5.3478260869565215,1.0,0.16866572898504995,0.7309577677224737,9.039460784313725,1.2916666666666667,0.17135166734108354,0.6961604052261198,8.66514471891669,1.3958333333333333
J.Allen,BUF,2025,14,22,28,251,3,0,16.701261836904568,0.5964736370323059,0.7857142857142857,8.964285714285714,4.0,0.13500729083721746,0.6728473998294969,7.751417306052856,1.0416666666666665,0.1727540330789159,0.6867730534474636,8.146122979786256,1.3333333333333335
J.Allen,BUF,2025,15,19,28,193,3,0,9.454444676433923,0.3376587384440687,0.6785714285714286,6.892857142857143,4.0,0.2579611288919036,0.6942759712580684,8.079988734624285,1.6666666666666665,0.20438622865313377,0.6962776617423946,8.24649740374939,1.6458333333333335
J.Allen,BUF,2025,16,12,19,130,0,0,-8.47162467874642,-0.4458749830919168,0.631578947368421,6.842105263157895,1.0,0.23870195676444914,0.7055854950675923,7.161536353671903,2.333333333333333,0.2810543996923769,0.7089837056984385,8.242719931221917,2.0208333333333335
J.Allen,BUF,2025,17,23,35,262,0,0,-9.433623532924567,-0.2695321009407019,0.6571428571428571,7.485714285714286,1.0,0.18074617952678856,0.6870096436744033,7.011768551814318,2.5,0.17470595425591925,0.7089837056984385,8.025614668064021,1.8958333333333335
M.Trubisky,BUF,2025,18,22,29,259,4,0,22.484979077882834,0.7753441061338908,0.7586206896551724,8.931034482758621,5.0,0.05468132286093895,0.6882518796992482,7.54624060150376,2.5,0.09484430684907821,0.6805496397643725,7.648828953778307,1.7708333333333335
B.Young,CAR,2023,1,20,38,146,1,2,-10.528563417818297,-0.2770674583636394,0.5263157894736842,3.8421052631578947,0.6666666666666666,,,,,,,,
B.Young,CAR,2023,2,22,33,153,1,0,-11.274377782403372,-0.34164781158798097,0.6666666666666666,4.636363636363637,2.0,,,,,,,,
A.Dalton,CAR,2023,3,34,58,361,2,0,4.548329591227218,0.0784194757108141,0.5862068965517241,6.224137931034483,3.0,-0.30935763497581015,0.5964912280701754,4.239234449760765,1.3333333333333333,-0.30935763497581015,0.5964912280701754,4.239234449760765,1.3333333333333333
B.Young,CAR,2023,4,25,32,204,0,0,-13.02082383805393,-0.4069007449391853,0.78125,6.375,1.0,-0.18009859808026873,0.593063117564025,4.900868943518671,1.8888888888888886,-0.18009859808026873,0.593063117564025,4.900868943518671,1.8888888888888886
B.Young,CAR,2023,5,25,41,247,3,2,-0.011282131300904386,-0.0002751739341683996,0.6097560975609756,6.024390243902439,1.3333333333333333,-0.2367991347949979,0.6401098381730187,5.269401707639004,1.6666666666666665,-0.2367991347949979,0.6401098381730187,5.269401707639004,1.6666666666666665
B.Young,CAR,2023,6,23,38,217,1,0,-10.966093807958625,-0.2885814159989112,0.6052631578947368,5.7105263157894735,2.0,-0.16760106368763017,0.6609699151948416,5.81497295282514,1.8333333333333333,-0.189494342622832,0.6340390900506101,5.4203994148916905,1.6
B.Young,CAR,2023,8,22,31,235,1,0,-0.3340692363736806,-0.010776426979796147,0.7096774193548387,7.580645161290323,2.0,-0.15433446479036272,0.6456190380018592,6.083513622681599,1.8333333333333335,-0.20600885485217854,0.6292431013579646,5.468753898374654,1.6666666666666667
B.Young,CAR,2023,9,24,39,173,1,3,-24.652827640945322,-0.6321237856652646,0.6153846153846154,4.435897435897436,0.5,-0.17663344046301527,0.6764866687026377,6.422640430245559,1.5833333333333335,-0.17811850801326676,0.6407337182146609,5.770452650219751,1.7142857142857142
B.Young,CAR,2023,10,21,38,185,0,0,-8.250408326359667,-0.2171160085884123,0.5526315789473685,4.868421052631579,1.0,-0.2329392006445351,0.6350203225487916,5.937864789219918,1.4583333333333335,-0.23486916771976651,0.6375650803609052,5.60363324842946,1.5625
B.Young,CAR,2023,11,16,29,123,1,1,-18.73243090448309,-0.6459458932580375,0.5517241379310345,4.241379310344827,1.0,-0.28714940930809607,0.6207391928953898,5.648872491402203,1.375,-0.22737523649786312,0.6408545540451157,5.731922722113671,1.6041666666666667
B.Young,CAR,2023,12,18,31,194,0,0,-4.867258823719059,-0.1570083491522277,0.5806451612903226,6.258064516129032,1.0,-0.3764905286228777,0.6073544379044643,5.2815857400410415,1.125,-0.2654124967066202,0.6264867379531617,5.68254968136132,1.4791666666666667
B.Young,CAR,2023,13,15,31,178,0,1,-5.070967915060464,-0.1635796101632408,0.4838709677419355,5.741935483870968,0.5,-0.41304850916598557,0.5750963733883352,4.950940578750719,0.875,-0.2948409748145004,0.6257915210454865,5.686790504498139,1.2291666666666667
B.Young,CAR,2023,14,13,36,137,0,0,-31.291697221108052,-0.8692138116974459,0.3611111111111111,3.8055555555555554,1.0,-0.29591246529047954,0.5422179614776652,5.277450090744101,0.875,-0.2644258329675074,0.5886191420132284,5.60765743998201,1.1666666666666667
B.Young,CAR,2023,15,18,24,167,0,0,-3.88388326859889,-0.16182846952495375,0.75,6.958333333333333,1.0,-0.458936916067738,0.4943378445186009,5.011733716475096,0.875,-0.37304316268791704,0.5575385187069954,5.3303031039386495,1.125
B.Young,CAR,2023,16,23,36,312,2,0,10.878574913417077,0.3021826364838077,0.6388888888888888,8.666666666666666,3.0,-0.33790756013446704,0.5439068100358423,5.690972222222222,0.875,-0.35719904437867234,0.5756306239701533,5.4862789811316315,1.0
B.Young,CAR,2023,17,19,32,112,0,1,-21.465144071611576,-0.6707857522378617,0.59375,3.5,0.5,-0.2231098137254582,0.5584677419354839,6.293122759856631,1.375,-0.31807916144572185,0.5667820576619096,5.6220316693036745,1.125
B.Young,CAR,2023,18,11,18,94,0,0,-5.80218840235935,-0.322343800131075,0.6111111111111112,5.222222222222222,1.0,-0.34991134924411343,0.5859375,5.732638888888889,1.375,-0.3229119072672965,0.5640777307388326,5.505044489816496,1.125
B.Young,CAR,2024,1,13,30,161,0,2,-17.846270702655513,-0.5948756900885172,0.43333333333333335,5.366666666666666,0.3333333333333333,-0.2131938463525207,0.6484375,6.086805555555555,1.375,-0.3360653812101293,0.5713876722593005,5.5492696360153255,1.125
B.Young,CAR,2024,2,18,26,84,0,1,-22.052850578564293,-0.8481865607140112,0.6923076923076923,3.230769230769231,0.5,-0.32145565149341154,0.5692708333333334,5.688888888888888,1.2083333333333333,-0.3296816058139393,0.5565888216845878,5.689930555555556,1.0416666666666667
A.Dalton,CAR,2024,3,26,37,319,3,0,12.354778816505888,0.33391294098664565,0.7027027027027027,8.621621621621621,4.0,-0.6090479507928663,0.5826255341880342,4.32991452991453,0.5833333333333333,-0.41607888225916223,0.570546638061759,5.31151864488558,0.9791666666666666
A.Dalton,CAR,2024,4,25,40,220,2,1,3.0990683737667073,0.07747670934416769,0.625,5.5,1.5,-0.35787327748673947,0.6098637098637099,5.610319935319935,1.4583333333333333,-0.3538923133654264,0.5979006049318549,5.6714794121044125,1.4166666666666665
A.Dalton,CAR,2024,5,18,28,136,0,1,-12.502870778195833,-0.44653109922127976,0.6428571428571429,4.857142857142857,0.5,-0.25791815011792874,0.6133359320859321,5.6797643797643795,1.5833333333333333,-0.23555599823522472,0.6308867160429661,5.883284967659968,1.4791666666666665
A.Dalton,CAR,2024,6,26,38,221,2,2,-4.906794649207466,-0.12912617497914383,0.6842105263157895,5.815789473684211,1.0,-0.22083200240111941,0.6657168844668846,5.552383427383427,1.625,-0.27114382694726546,0.6174938589001089,5.620636158136159,1.4166666666666665
A.Dalton,CAR,2024,7,11,16,93,0,2,-16.466049265989568,-1.029128079124348,0.6875,5.8125,0.3333333333333333,-0.04106690596740257,0.6636925929689088,6.198638488112172,1.75,-0.3250574283801344,0.6231590635784714,5.264276509013351,1.1666666666666665
B.Young,CAR,2024,8,24,37,224,2,2,-2.8013703132164665,-0.0757127111680126,0.6486486486486487,6.054054054054054,1.0,-0.381827160995151,0.6598919172932332,5.496358082706767,0.8333333333333334,-0.3698502192409452,0.6348778135784714,5.553339009013351,1.1458333333333333
B.Young,CAR,2024,9,16,26,171,1,1,-0.559003095669398,-0.021500119064207616,0.6153846153846154,6.576923076923077,1.0,-0.4201245161231961,0.6658040794553953,5.634871596220281,0.7083333333333333,-0.3390213331205624,0.6395700057706637,5.65731798799233,1.1458333333333333
B.Young,CAR,2024,10,15,25,126,1,0,-2.38272735218328,-0.0953090940873312,0.6,5.04,2.0,-0.313866771083928,0.6589359475872635,6.064816651165335,0.8333333333333333,-0.26734938674252373,0.6623264160270739,5.808600039274381,1.2291666666666665
B.Young,CAR,2024,12,21,35,263,1,0,6.348971300737508,0.18139918002107167,0.6,7.514285714285714,2.0,-0.3054125008609749,0.6378833160083159,5.870869282744283,1.0833333333333333,-0.17323970341418873,0.6507879544886125,6.034753885428228,1.4166666666666665
B.Young,CAR,2024,13,26,46,298,1,0,4.518333094965044,0.09822463249924009,0.5652173913043478,6.478260869565218,2.0,-0.0027806860746199397,0.616008316008316,6.296315711315712,1.5,-0.19230392353488548,0.6379501166507745,5.896336897011239,1.1666666666666665
B.Young,CAR,2024,14,19,34,191,1,1,2.7833363889949396,0.0818628349704394,0.5588235294117647,5.617647058823529,1.0,0.04070364984219323,0.5951505016722407,6.402367415193502,1.75,-0.18971043314050143,0.630477290563818,6.018619505706891,1.2291666666666665
B.Young,CAR,2024,15,19,28,219,1,2,-10.285111122066155,-0.3673253972166484,0.6785714285714286,7.821428571428571,0.6666666666666666,0.066544388350855,0.5810102301790281,6.162548410668615,1.75,-0.12366119136653653,0.6199730888831458,6.113682530916975,1.2916666666666665
B.Young,CAR,2024,16,17,26,158,2,0,1.0898572438312986,0.04191758630120379,0.6538461538461539,6.076923076923077,3.0,-0.0014596874314743158,0.6006530873218853,6.857905553525758,1.4166666666666665,-0.1534360941462246,0.6192682016651007,6.36438741813502,1.2499999999999998
B.Young,CAR,2024,17,15,28,203,2,0,-2.502133105487451,-0.08936189662455182,0.5357142857142857,7.25,3.0,-0.036330085861441284,0.6141146257834237,6.498564894185098,1.6666666666666665,-0.019555385968030622,0.6150614708958699,6.397440302750405,1.5833333333333333
B.Young,CAR,2024,18,25,34,251,3,0,20.03909871125128,0.589385256213273,0.7352941176470589,7.382352941176471,4.0,-0.08322671814238927,0.6067388493859083,6.691499676793795,1.9166666666666665,-0.021261534150098023,0.6009446755290745,6.546933545993649,1.8333333333333333
B.Young,CAR,2025,1,18,35,154,1,2,-15.40268957134174,-0.4400768448954783,0.5142857142857142,4.4,0.6666666666666666,0.043653887168319125,0.6508564964447318,7.13267614738203,2.6666666666666665,0.05509913775958705,0.61593336331188,6.6476122790253225,2.208333333333333
B.Young,CAR,2025,2,35,55,328,3,1,3.2342329092731377,0.058804234714057046,0.6363636363636364,5.963636363636364,2.0,0.02546602524861165,0.6097850678733032,6.277319004524887,2.6666666666666665,0.012003168908568652,0.6052190775975942,6.567612279025322,2.0416666666666665
B.Young,CAR,2025,3,16,24,121,0,0,-2.4837949486153077,-0.10349145619230449,0.6666666666666666,5.041666666666667,1.0,0.029687687351824962,0.6054144385026738,6.248997326203209,2.4166666666666665,-0.003321199254808168,0.6097645321430488,6.3737811101941535,2.0416666666666665
B.Young,CAR,2025,4,18,30,150,1,0,-8.936443562660584,-0.2978814520886861,0.6,5.0,2.0,0.026155297459886796,0.638152533740769,5.6969139928698755,1.9166666666666665,-0.02853571034125124,0.6224456915633386,6.194206834831835,1.9166666666666665
B.Young,CAR,2025,5,19,30,198,2,1,-1.3048395836655962,-0.04349465278885321,0.6333333333333333,6.6,1.5,-0.19566137961560298,0.6043290043290043,5.101325757575758,1.4166666666666665,-0.07600374622364192,0.627592750386868,6.117000952478894,2.0416666666666665
B.Young,CAR,2025,6,17,25,199,3,1,2.201376390146385,0.08805505560585541,0.68,7.96,2.0,-0.09651583158894671,0.634090909090909,5.651325757575758,1.625,-0.03552490317016753,0.6219379884821061,5.964322381050323,2.145833333333333
B.Young,CAR,2025,7,15,25,138,1,0,0.10843127592712465,0.0043372510370849856,0.6,5.52,2.0,-0.08920312636599712,0.645,6.150416666666667,1.625,-0.029757719507086073,0.6252072192513369,6.199706996434937,2.020833333333333
A.Dalton,CAR,2025,8,16,24,175,0,1,-12.860889769130974,-0.535870407047124,0.6666666666666666,7.291666666666667,0.5,-0.06224594955864974,0.6283333333333333,6.27,1.875,-0.01804532604938147,0.6332429335370512,5.983456996434938,1.895833333333333
B.Young,CAR,2025,9,11,20,102,0,1,-3.305482862138888,-0.16527414310694438,0.55,5.1,0.5,-0.1217431882982592,0.645,6.8429166666666665,1.5,-0.1587022839569311,0.6246645021645021,5.972121212121212,1.458333333333333
B.Young,CAR,2025,10,17,25,124,0,1,-11.497875926079399,-0.45991503704317593,0.68,4.96,0.5,-0.15218806087778197,0.6241666666666666,6.4679166666666665,1.25,-0.12435194623336435,0.6291287878787879,6.059621212121212,1.4374999999999998
B.Young,CAR,2025,11,31,45,448,3,0,14.242022988657277,0.3164893997479395,0.6888888888888889,9.955555555555556,4.0,-0.2891805840400398,0.6241666666666666,5.7179166666666665,0.875,-0.18919185520301848,0.6345833333333333,5.934166666666667,1.2499999999999998
B.Young,CAR,2025,12,18,29,169,1,2,-9.992723701494928,-0.34457667936189407,0.6206896551724138,5.827586206896552,0.6666666666666666,-0.2111425468623262,0.6463888888888889,6.826805555555556,1.375,-0.13669424821048798,0.6373611111111112,6.548402777777778,1.6249999999999998
B.Young,CAR,2025,13,15,20,206,3,0,14.25771617126884,0.712885808563442,0.75,10.3,4.0,-0.16331911494101872,0.6348946360153257,6.4607854406130265,1.4166666666666667,-0.14253115161963897,0.6399473180076628,6.651851053639847,1.458333333333333
B.Young,CAR,2025,15,15,24,163,1,0,7.697387703885038,0.3207244876618766,0.625,6.791666666666667,2.0,0.056220872976577865,0.6848946360153256,7.760785440613027,2.2916666666666665,-0.047983593950602074,0.6545306513409962,7.114351053639846,1.770833333333333
B.Young,CAR,2025,16,21,32,191,2,0,3.869500598785282,0.12092189371204007,0.65625,5.96875,3.0,0.251380754152841,0.6711446360153257,8.218702107279693,2.6666666666666665,-0.018899914943599418,0.6476556513409961,6.968309386973179,1.770833333333333
B.Young,CAR,2025,17,14,24,54,0,1,-21.083584432897624,-0.8784826847040677,0.5833333333333334,2.25,0.5,0.20248887764386614,0.6629849137931034,7.222000718390805,2.4166666666666665,-0.004326834609230036,0.6546869013409962,7.02440313697318,1.895833333333333
B.Young,CAR,2025,18,24,35,266,2,1,6.423850143753606,0.18353857553581732,0.6857142857142857,7.6,1.5,0.06901237630832274,0.6536458333333334,6.327604166666667,2.375,-0.047153369316348004,0.6442702346743295,6.394194803639847,1.895833333333333
J.Fields,CHI,2023,1,24,37,216,1,1,-11.945732079244236,-0.3228576237633577,0.6486486486486487,5.837837837837838,1.0,,,,,,,,
J.Fields,CHI,2023,2,16,29,211,1,2,-8.620328064332805,-0.29725269187354497,0.5517241379310345,7.275862068965517,0.6666666666666666,,,,,,,,
J.Fields,CHI,2023,3,11,22,99,1,1,-13.247832806431688,-0.6021742184741676,0.5,4.5,1.0,-0.31005515781845133,0.6001863932898416,6.556849953401677,0.8333333333333333,-0.31005515781845133,0.6001863932898416,6.556849953401677,0.8333333333333333
J.Fields,CHI,2023,4,28,35,335,4,1,7.1422850987291895,0.2040652885351197,0.8,9.571428571428571,2.5,-0.4074281780370234,0.5667909288598943,5.871233302267785,0.8888888888888888,-0.4074281780370234,0.5667909288598943,5.871233302267785,0.8888888888888888
J.Fields,CHI,2023,5,15,29,282,4,0,11.508823994980299,0.39685599982690684,0.5172413793103449,9.724137931034482,5.0,-0.25455481139398767,0.6250931966449208,6.796282119557981,1.2916666666666665,-0.25455481139398767,0.6250931966449208,6.796282119557981,1.2916666666666665
T.Bagent,CHI,2023,6,10,14,83,0,1,-16.589481437113136,-1.1849629597937954,0.7142857142857143,5.928571428571429,0.5,-0.07462640549642152,0.5922413793103448,7.767857142857142,2.2916666666666665,-0.12427264914980876,0.6035228331780056,7.381853281853282,2.033333333333333
T.Bagent,CHI,2023,7,21,29,162,1,0,5.508855066349271,0.1899605195292852,0.7241379310344828,5.586206896551724,2.0,-0.29655397247648413,0.6328817733990149,7.431034482758621,2.25,-0.30105436759047316,0.6219833133626237,7.13963963963964,1.7777777777777777
T.Bagent,CHI,2023,8,25,37,232,0,2,-9.57190470393095,-0.25870012713326895,0.6756756756756757,6.27027027027027,0.3333333333333333,-0.09852028797562093,0.6889162561576355,7.702586206896552,2.5,-0.230909383716222,0.6365768301728894,6.917720676341366,1.8095238095238095
T.Bagent,CHI,2023,9,18,30,220,2,3,-3.6926080370794896,-0.12308693456931633,0.6,7.333333333333333,0.75,-0.2142116418927181,0.6578351750765544,6.877296631606977,1.9583333333333333,-0.23438322664335287,0.6414641858607376,6.8367893755824785,1.625
T.Bagent,CHI,2023,10,20,33,162,0,0,-2.019608180303595,-0.061200247887987724,0.6060606060606061,4.909090909090909,1.0,-0.34419737549177387,0.6785248302489681,6.279595482181689,0.8958333333333333,-0.2094118904940977,0.6353831047796565,7.023726312519416,1.59375
J.Fields,CHI,2023,11,16,23,169,1,0,4.194769059140295,0.1823812634408824,0.6956521739130435,7.3478260869565215,2.0,-0.06325669751532198,0.6514685531926911,6.024725352311559,1.0208333333333333,-0.17990533499590305,0.642175163295853,6.727879917535089,1.6354166666666667
J.Fields,CHI,2023,12,27,37,217,0,0,-5.58729195784216,-0.1510078907524908,0.7297297297297297,5.864864864864865,1.0,-0.06515151153742268,0.6443471139123313,6.465130149912758,1.0208333333333333,-0.08183589975652181,0.6666316850349834,7.083858178404655,1.7604166666666667
J.Fields,CHI,2023,14,19,33,223,1,0,1.9988508168047563,0.0605712368728714,0.5757575757575758,6.757575757575758,2.0,-0.03822845244222814,0.6578606274258447,6.363778798561407,1.1875,-0.12622004716747312,0.6578479012511995,6.6205377150841915,1.5729166666666667
J.Fields,CHI,2023,15,19,40,166,1,2,-15.480020451794951,-0.3870005112948738,0.475,4.15,0.6666666666666666,0.007686090418318792,0.6518000213652388,6.219839404622014,1.5,-0.16825564253672753,0.6651624258071035,6.249717443401851,1.1979166666666667
J.Fields,CHI,2023,16,15,27,170,1,1,-3.621005084270454,-0.13411129941742422,0.5555555555555556,6.296296296296297,1.0,-0.07376397543340273,0.6190348698500872,6.030066677349286,1.4166666666666665,-0.06851033647436233,0.6352517115213892,6.027396014830423,1.21875
J.Fields,CHI,2023,17,20,32,268,1,0,5.367985639412293,0.16774955123163415,0.625,8.375,2.0,-0.1528871161479794,0.5840107152607152,5.767184229684229,1.1666666666666665,-0.10901931384270101,0.6141789145865233,6.1161571897984945,1.09375
J.Fields,CHI,2023,18,11,16,148,0,0,-1.293238689303349,-0.08082741808145931,0.6875,9.25,1.0,-0.07319775565194815,0.5578282828282828,6.3947180134680135,1.4166666666666665,-0.055713104047088124,0.6078444551270639,6.37924840601471,1.3020833333333333
C.Williams,CHI,2024,1,14,29,93,0,0,-12.146704188691032,-0.41885186857555284,0.4827586206896552,3.206896551724138,1.0,-0.10854741939053082,0.585763888888889,7.017824074074074,1.1666666666666665,-0.050430664486106,0.6187819551270639,6.618831739348044,1.3333333333333333
C.Williams,CHI,2024,2,23,37,174,0,2,-21.561364475864146,-0.5827395804287607,0.6216216216216216,4.702702702702703,0.3333333333333333,-0.11651025871070059,0.5877035440613027,6.782048212005109,1.25,-0.09513711707205164,0.603369206955695,6.406057444677198,1.3333333333333333
C.Williams,CHI,2024,3,33,52,363,2,2,-7.584547264846884,-0.14585667817013237,0.6346153846153846,6.980769230769231,1.0,-0.2286673289635347,0.6042200605778192,6.38364981360671,1.0833333333333333,-0.19077722255575702,0.5941153879192673,6.07541702164547,1.125
C.Williams,CHI,2024,4,17,23,157,1,0,2.083515190295674,0.09058761696937713,0.7391304347826086,6.826086956521739,2.0,-0.30706888631397633,0.6066239067316653,6.035092121299018,0.8333333333333333,-0.1901333209829622,0.5822260947799741,6.2149050673835164,1.125
C.Williams,CHI,2024,5,20,29,304,2,0,14.142914184585294,0.48768669602018255,0.6896551724137931,10.482758620689655,3.0,-0.2642151275512672,0.6195315154273175,5.429113860429453,1.0833333333333333,-0.186381273470899,0.6026477021581031,6.223468967251764,1.125
C.Williams,CHI,2024,6,23,29,226,4,1,14.273044016386848,0.4921739315995465,0.7931034482758621,7.793103448275862,2.5,-0.03758048640233336,0.671255653358352,7.248079377670832,1.5833333333333333,-0.07704537255651697,0.6294795987098274,7.01506379483797,1.4166666666666667
C.Williams,CHI,2024,8,10,24,131,0,0,-8.284721263815182,-0.3451967193256326,0.4166666666666667,5.458333333333333,1.0,0.23114789160474344,0.7141261100219121,8.020679564064121,2.125,0.0012402813206043722,0.6591730852998657,7.202164688835415,1.6041666666666665
C.Williams,CHI,2024,9,22,41,217,0,0,-10.911949551074533,-0.26614511100181787,0.5365853658536586,5.2926829268292686,1.0,0.18131288131586837,0.6596389305347327,7.6400705897051475,2.125,-0.06287800249905398,0.6331314186331989,6.837581355502082,1.4791666666666665
C.Williams,CHI,2024,10,16,30,120,0,0,-22.357460956134336,-0.7452486985378112,0.5333333333333333,4.0,1.0,0.09212969932306964,0.6090026633024952,7.25671958228203,1.875,-0.08604271411409879,0.6142670893649063,6.342916721355742,1.4791666666666665
C.Williams,CHI,2024,11,23,31,231,0,0,3.1933444820275354,0.10301111232346888,0.7419354838709677,7.451612903225806,1.0,-0.2161041493164288,0.5699222035323802,5.636029927109616,1.375,-0.12684231785938108,0.6205889284453661,6.442054652390224,1.4791666666666665
C.Williams,CHI,2024,12,32,47,340,2,0,4.46716838487772,0.09504613584846212,0.6808510638297872,7.23404255319149,3.0,-0.31339485413544815,0.5571302124311566,5.550657290847102,1.0,-0.04112348126535239,0.6356281612265344,6.785668427455612,1.5625
C.Williams,CHI,2024,13,20,39,256,3,0,-1.3095037273159251,-0.03357701864912629,0.5128205128205128,6.564102564102564,4.0,-0.2033341403419245,0.6231763117219367,5.9945845958116415,1.5,-0.011010629513028078,0.6414076211283347,6.817327592758394,1.8125
C.Williams,CHI,2024,14,17,23,134,2,0,-7.522400229834486,-0.3270608795580211,0.7391304347826086,5.826086956521739,3.0,-0.1451921172537516,0.6172350984636503,6.312439505129965,2.25,-0.026531208965341006,0.6131188808830728,6.7845795437059975,2.0625
C.Williams,CHI,2024,15,18,31,191,1,0,-4.348173730299496,-0.14026366871933857,0.5806451612903226,6.161290322580645,2.0,-0.040645162508804095,0.6686843738259691,6.7689612442603995,2.75,-0.12837465591261646,0.6193032886791746,6.202495585685008,2.0625
C.Williams,CHI,2024,16,26,40,334,2,0,16.46451891196193,0.4116129727990483,0.65,8.35,3.0,-0.10146385776950595,0.6283617931808078,6.446380599099109,3.0,-0.20742935595247708,0.5927460028059822,5.998518944973106,2.0
C.Williams,CHI,2024,17,16,28,122,0,1,-10.22574662037193,-0.36520523644185465,0.5714285714285714,4.357142857142857,0.5,-0.022322148531859404,0.620649027223361,6.725369960801237,3.0,-0.11282814443689199,0.6219126694726489,6.359977278306439,2.25
C.Williams,CHI,2024,18,21,29,148,1,0,4.353223582685189,0.1501111580236272,0.7241379310344828,5.103448275862069,2.0,-0.1052292029800415,0.6353010418753757,6.17363003406131,2.125,-0.12521066011689658,0.6262680701695129,6.243034769595638,2.1875
C.Williams,CHI,2025,1,21,35,210,1,0,-6.988247807139811,-0.19966422306113746,0.6,6.0,2.0,0.014063806415370576,0.6315529159383442,5.992970363896393,1.875,-0.01329067804671678,0.6501186448821566,6.380965804078396,2.3125
C.Williams,CHI,2025,2,19,30,207,2,1,-0.9654794219241012,-0.03218264739747004,0.6333333333333333,6.9,1.5,-0.0007863321700791459,0.6363916256157636,5.952647783251232,1.875,-0.051125094969792576,0.6323767093982857,6.1995141911751706,2.4375
C.Williams,CHI,2025,3,19,28,298,4,0,17.979574728623284,0.642127668879403,0.6785714285714286,10.642857142857142,5.0,-0.11173523721920872,0.6322249589490969,5.590147783251232,1.5,-0.06702869287553409,0.6264369930862289,6.157758872026234,2.25
C.Williams,CHI,2025,4,22,37,212,1,1,-1.120958017301945,-0.0302961626297823,0.5945945945945946,5.72972972972973,1.0,0.1400979891111057,0.6590106732348111,7.161576354679803,2.625,0.017434393065532072,0.6471558575550934,6.667603194370557,2.375
C.Williams,CHI,2025,6,17,29,252,1,0,3.275814118387534,0.11295910753060462,0.5862068965517241,8.689655172413794,2.0,0.09499615894775332,0.6266248391248391,7.318146718146719,2.375,0.054529982681561916,0.6290888775315917,6.655558541021556,2.125
C.Williams,CHI,2025,7,15,26,172,0,1,2.149814817582892,0.0826851852916497,0.5769230769230769,6.615384615384615,0.5,0.17315199159568884,0.6231765632627702,7.990560511250167,2.375,0.0861828297128048,0.6297840944392668,6.9716041472507,2.125
C.Williams,CHI,2025,8,25,38,285,0,1,1.0999335164201207,0.028945618853161072,0.6578947368421053,7.5,0.5,0.20186894976796876,0.6090739991602061,7.91940666509632,2.125,0.045066856274379986,0.6206494790546515,6.754777224173776,1.8125
C.Williams,CHI,2025,9,20,34,280,3,0,14.034130709070613,0.4127685502667827,0.5882352941176471,8.235294117647058,4.0,0.0485734372614083,0.6039048262278752,7.133692379382035,1.0,0.09433571318625696,0.6314577497313433,7.1476343670309195,1.8125
C.Williams,CHI,2025,10,20,36,220,1,0,-6.061366754207314,-0.16837129872798096,0.5555555555555556,6.111111111111111,2.0,0.15933961548554956,0.6023150011086383,7.760083476361366,1.75,0.1271678872166514,0.6144699201167387,7.539115097254043,2.0625
C.Williams,CHI,2025,11,16,32,193,0,0,-0.9484717985872968,-0.029639743705853025,0.5,6.03125,1.0,0.08900701392090318,0.5946521658595962,7.115447461035696,1.75,0.13107950275829594,0.6089143645611832,7.553003986142931,2.0625
C.Williams,CHI,2025,12,19,35,239,3,0,0.5364274792325929,0.015326499406645513,0.5428571428571428,6.828571428571428,4.0,0.060925781671527485,0.575421396628827,6.969413807189543,1.875,0.13139736571974805,0.5922476978945165,7.444410236142931,2.0
C.Williams,CHI,2025,13,17,36,154,1,1,-6.028513783271149,-0.16745871620197636,0.4722222222222222,4.277777777777778,1.0,0.057521001809898595,0.5466619981325864,6.8015566643323995,2.75,0.053047219535653396,0.5752834121802308,6.967624521857217,1.875
C.Williams,CHI,2025,14,19,35,186,2,1,-0.17887377711148567,-0.005110679346042447,0.5428571428571428,5.314285714285714,1.5,-0.08753581480729117,0.5176587301587301,5.812177579365079,2.0,0.035901900339129135,0.5599868656336842,6.7861305278632225,1.875
C.Williams,CHI,2025,15,17,28,242,2,0,3.2869350548322878,0.1173905376725817,0.6071428571428571,8.642857142857142,3.0,-0.04672065996180655,0.5144841269841269,5.61297123015873,1.875,0.02114317697954825,0.5545681464218616,6.364209345597214,1.8125
C.Williams,CHI,2025,16,19,34,250,2,0,5.730147249812788,0.16853374264155258,0.5588235294117647,7.352941176470588,3.0,-0.009963089617197864,0.5412698412698412,6.265873015873015,2.375,0.02548134602716475,0.5583456189493341,6.6176434115312786,2.125
C.Williams,CHI,2025,17,25,42,330,2,0,17.85968087814908,0.42523049709878763,0.5952380952380952,7.857142857142857,3.0,0.028338721191528898,0.5452614379084967,6.396965452847805,2.125,0.04292986150071369,0.5459617180205416,6.599261058590102,2.4375
C.Williams,CHI,2025,18,20,33,212,2,1,-1.4431514345777687,-0.04373186165387178,0.6060606060606061,6.424242424242424,1.5,0.1765110245167199,0.5760154061624649,7.291806722689075,2.625,0.0444876048547143,0.5468370681605976,6.551992151027077,2.3125
J.Burrow,CIN,2023,1,14,31,82,0,0,-18.635626889657797,-0.6011492545050902,0.45161290322580644,2.6451612903225805,1.0,,,,,,,,
J.Burrow,CIN,2023,2,27,41,222,2,1,1.572308320844988,0.03834898343524361,0.6585365853658537,5.414634146341464,1.5,,,,,,,,
J.Burrow,CIN,2023,3,26,49,259,0,1,-6.3870241614940735,-0.130347431867226,0.5306122448979592,5.285714285714286,0.5,-0.28140013553492327,0.55507474429583,4.029897718332022,1.25,-0.28140013553492327,0.55507474429583,4.029897718332022,1.25
J.Burrow,CIN,2023,4,20,30,165,0,0,-8.805660734302364,-0.29352202447674547,0.6666666666666666,5.5,1.0,-0.2310492343123575,0.5469205778298731,4.4485032407927765,1.0,-0.2310492343123575,0.5469205778298731,4.4485032407927765,1.0
J.Burrow,CIN,2023,5,36,46,317,3,1,9.498447030530683,0.20648797892458007,0.782608695652174,6.891304347826087,2.0,-0.24666743185345452,0.5768571000390715,4.711377430594583,1.0,-0.24666743185345452,0.5768571000390715,4.711377430594583,1.0
J.Burrow,CIN,2023,6,24,35,185,2,1,-3.312432660459075,-0.09464093315597356,0.6857142857142857,5.285714285714286,1.5,-0.04475812349603695,0.6596060481456634,5.772913194970459,1.25,-0.15603634969784758,0.618007419161692,5.147362814040884,1.2
J.Burrow,CIN,2023,8,28,32,283,3,0,13.392601461227597,0.4185187956633624,0.875,8.84375,4.0,-0.07800560264384124,0.6664004732327714,5.740683229813664,1.25,-0.1458037802742019,0.6292918969204576,5.170421392653117,1.25
J.Burrow,CIN,2023,9,31,44,348,2,0,12.65865346840559,0.28769666973649066,0.7045454545454546,7.909090909090909,3.0,0.05921095423880586,0.7524974120082816,6.630192158385093,2.125,-0.06518626942597845,0.6643930545032494,5.695182622274101,1.6428571428571428
J.Burrow,CIN,2023,10,27,40,347,2,2,3.1982571250112413,0.07995642812528103,0.675,8.675,1.0,0.2045156277921149,0.7619671089779786,7.23246488565782,2.625,-0.021075902030669807,0.6694121045085251,5.971921158126201,1.8125
J.Burrow,CIN,2023,11,11,17,101,1,0,2.9155140989400716,0.171500829349416,0.6470588235294118,5.9411764705882355,2.0,0.17288274009229013,0.7350649350649352,7.678388798701299,2.375,0.06406230829812659,0.6973354916052993,6.725650996835879,1.8125
J.Browning,CIN,2023,12,19,26,227,1,1,-2.747910093474186,-0.10568884974900715,0.7307692307692307,8.73076923076923,1.0,0.23941818071863752,0.7254010695187166,7.842254344919787,2.5,0.08070628903739814,0.695900771375744,6.791468787366725,1.875
J.Browning,CIN,2023,13,32,37,354,1,0,19.50506688831062,0.527163969954341,0.8648648648648649,9.567567567567568,2.0,0.10836626936554514,0.6893433772110242,7.814009152612094,1.75,0.0837886118021755,0.720920394609653,7.222100655498593,1.9375
J.Browning,CIN,2023,14,18,24,275,2,1,7.979605776898097,0.33248357403742074,0.75,11.458333333333334,1.5,0.16823309442000772,0.7294232297908769,8.228628317231259,1.5,0.18637436110606131,0.7456951693844278,7.730546601444539,2.0625
J.Browning,CIN,2023,15,29,42,324,2,1,10.253093997918768,0.24412128566473257,0.6904761904761905,7.714285714285714,1.5,0.23136488089804264,0.748173229790877,8.924461650564592,1.625,0.2021238104951664,0.7416190824279061,8.301425224632945,2.0
J.Browning,CIN,2023,16,28,42,335,1,3,-7.586249561096868,-0.18062498954992542,0.6666666666666666,7.976190476190476,0.5,0.24951999497687177,0.7590275715275715,9.367738961488962,1.5,0.24446908784775465,0.7422143205231441,8.604996653204374,2.0
J.Browning,CIN,2023,17,19,33,197,1,0,0.0672544692590038,0.002038014219969812,0.5757575757575758,5.96969696969697,2.0,0.23078596002664223,0.7430019305019305,9.179094272844273,1.375,0.16957611469609368,0.7161726538564774,8.496551712728184,1.5625
J.Browning,CIN,2023,18,18,24,156,3,1,2.503222872829731,0.10430095303457214,0.75,6.5,2.0,0.09950447109304943,0.6707251082251082,8.279626623376624,1.375,0.13386878275652858,0.7000741690079926,8.254127470303942,1.4375
J.Burrow,CIN,2024,1,21,29,164,0,0,-4.170614777700862,-0.1438143026793401,0.7241379310344828,5.655172413793103,1.0,0.04245881584233727,0.6707251082251082,7.04004329004329,1.5,0.13691184837018996,0.7094491690079925,7.982252470303941,1.5625
J.Burrow,CIN,2024,2,23,36,258,2,0,3.9209349206325026,0.10891485890645841,0.6388888888888888,7.166666666666667,3.0,-0.05452508124368089,0.6791405433646813,6.5252649649201375,1.375,0.09749745686659544,0.7190840574461265,7.94650196320455,1.4375
J.Burrow,CIN,2024,3,29,38,324,3,0,16.027962973015352,0.4217884992898777,0.7631578947368421,8.526315789473685,4.0,0.017859880870415068,0.6721960989202369,6.322884012539185,2.0,0.12432292044852865,0.7075990147110838,7.750989142691729,1.6875
J.Burrow,CIN,2024,4,22,31,232,2,1,8.988195129815722,0.2899417783811523,0.7096774193548387,7.483870967741935,1.5,0.12279750213789205,0.7190461786650535,6.962038717483364,2.5,0.11115098661547074,0.6948856434450809,7.620832670429994,1.9375
J.Burrow,CIN,2024,5,30,39,392,5,1,23.61106959625613,0.6054120409296443,0.7692307692307693,10.051282051282051,3.0,0.1692077084745371,0.7089655335037632,7.208006459418848,2.375,0.10583326215843718,0.6898453208644357,7.124024874731069,1.9375
J.Burrow,CIN,2024,6,19,28,208,0,0,-0.5126924400629438,-0.018310444287962278,0.6785714285714286,7.428571428571429,1.0,0.35651429437678317,0.7202387430528348,8.307033868791084,2.875,0.15099460656655117,0.699689643208758,7.416149416855611,2.125
J.Burrow,CIN,2024,7,15,25,181,2,0,-1.7718636580975726,-0.0708745463239029,0.6,7.24,3.0,0.324707968578178,0.7301593779734697,8.372510059267276,2.375,0.17128392472429654,0.7011777384468533,7.347697035903231,2.1875
J.Burrow,CIN,2024,8,26,37,234,1,1,6.644946539542049,0.17959314971735268,0.7027027027027027,6.324324324324325,1.0,0.20154220717473287,0.6893699042892591,8.050931111898855,2.125,0.16216985465631245,0.7042080414771563,7.506484914691109,2.3125
J.Burrow,CIN,2024,9,27,39,251,5,1,7.016673185370065,0.1799146970607709,0.6923076923076923,6.435897435897436,3.0,0.17395505000878295,0.6876262251262252,7.761044451044452,2.0,0.17158137924166,0.6982958793149942,7.48452545523165,2.1875
J.Burrow,CIN,2024,10,34,56,428,4,0,12.234198317994132,0.21846782710703808,0.6071428571428571,7.642857142857143,5.0,0.0675807140415646,0.6683954558954559,6.857198297198297,2.0,0.2120475042091739,0.6943170994741453,7.582116082994691,2.4375
J.Burrow,CIN,2024,11,28,50,356,3,0,6.436153140921303,0.12872306281842605,0.56,7.12,4.0,0.1267752818903147,0.6505383130383131,6.910769725769726,3.0,0.22574162523424637,0.6903488455058915,7.6416398925185005,2.6875
J.Burrow,CIN,2024,13,28,38,309,3,1,-1.1944501415327764,-0.03143289846138885,0.7368421052631579,8.131578947368421,2.0,0.17667468417589693,0.6405383130383131,6.880769725769726,3.25,0.18910844567531487,0.6649541086637861,7.46585041883429,2.6875
J.Burrow,CIN,2024,14,33,44,369,3,1,10.575287454100463,0.2403474421386469,0.75,8.386363636363637,2.0,0.12391817213121156,0.6490731636784268,7.332583381530751,3.5,0.14893661106999725,0.668349694402326,7.546813916287601,2.75
J.Burrow,CIN,2024,15,26,37,271,3,2,7.05975479294267,0.19080418359304513,0.7027027027027027,7.324324324324325,1.3333333333333333,0.13902635840068053,0.6634962406015038,7.8201999316473,3.25,0.10330353622112257,0.6659458482484798,7.338699114422798,2.625
J.Burrow,CIN,2024,16,23,30,252,3,0,3.0536766554126022,0.10178922184708675,0.7666666666666667,8.4,4.0,0.13211044752218232,0.6873862019914652,7.740566727014096,2.3333333333333335,0.1294428647062485,0.668962257514889,7.325668226391911,2.6666666666666665
J.Burrow,CIN,2024,17,39,49,412,3,0,18.63396873320934,0.3802850761879457,0.7959183673469388,8.408163265306122,4.0,0.12537698727934748,0.7390528686581318,8.060566727014095,2.333333333333333,0.15102583572762218,0.6897955908482225,7.47066822639191,2.7916666666666665
J.Burrow,CIN,2024,18,37,46,277,1,1,-1.4262449973626097,-0.03100532602962195,0.8043478260869565,6.021739130434782,1.0,0.22830648094168113,0.7538219341790771,8.129712806498521,2.833333333333333,0.17611232653644632,0.7014475489287519,7.731148094014635,3.1666666666666665
J.Burrow,CIN,2025,1,14,23,113,1,0,-0.3315927372285721,-0.014417075531677048,0.6086956521739131,4.913043478260869,2.0,0.16046828889961393,0.7674088907008162,7.538556680016307,2.583333333333333,0.1497473236501472,0.71545256565116,7.679378305831804,2.9166666666666665
J.Browning,CIN,2025,2,21,32,241,2,3,-2.0213017329473897,-0.06316567915460593,0.65625,7.53125,0.75,0.10916297411843336,0.7439071280686188,6.935736468500443,2.75,0.12063671082030784,0.715646665030042,7.338151597757269,2.5416666666666665
J.Browning,CIN,2025,3,19,27,140,1,2,-18.071667482451062,-0.6693210178685578,0.7037037037037037,5.185185185185185,0.6666666666666666,0.0679242488680102,0.7163029614019522,6.718548968500444,1.9375,0.09665061807367883,0.727677915030042,7.389557847757269,2.1354166666666665
J.Browning,CIN,2025,4,14,25,125,0,0,-10.354677599800777,-0.41418710399203107,0.56,5.0,1.0,-0.1944772746461157,0.6932492954911434,5.912804448470209,1.1041666666666667,0.016914603147782717,0.7235356148351102,7.021258627484365,1.96875
J.Browning,CIN,2025,5,26,40,251,3,3,-8.766111446794405,-0.21915278616986011,0.65,6.275,1.0,-0.290272719136718,0.6321623389694042,5.657369665861514,1.1041666666666667,-0.06490221511855203,0.6997856148351103,6.597963172938911,1.84375
J.Flacco,CIN,2025,6,29,45,219,2,0,6.496397113490076,0.14436438029977947,0.6444444444444445,4.866666666666666,3.0,-0.34145664679626375,0.642488425925926,5.997858796296296,0.8541666666666666,-0.11614683633891518,0.6931977769972724,6.46679763239837,1.8020833333333333
J.Flacco,CIN,2025,7,31,47,342,3,0,15.144058558264483,0.3222140118779677,0.6595744680851063,7.276595744680851,4.0,-0.2895741319326674,0.6395370370370371,5.331712962962962,1.4166666666666665,-0.1108249415323286,0.6779199992194945,6.025130965731703,1.6770833333333335
J.Flacco,CIN,2025,8,21,34,223,2,0,3.1859004099274553,0.09370295323316045,0.6176470588235294,6.5588235294117645,3.0,-0.04169037449603599,0.6285047281323878,5.85456560283688,2.25,-0.11808382457107586,0.6608770118117656,5.883685025653544,1.6770833333333335
J.Flacco,CIN,2025,9,31,47,470,4,2,16.731745319796122,0.3559945812722579,0.6595744680851063,10.0,1.6666666666666667,0.08528213981026189,0.6429164928382701,6.24427148518982,2.75,-0.10249528966322805,0.6375394159038371,5.950820575525667,1.9270833333333335
J.Flacco,CIN,2025,11,23,40,199,1,1,-9.329388562074028,-0.2332347140518507,0.575,4.975,1.0,0.2290689816707914,0.6453101098595467,7.175521485189821,2.9166666666666665,-0.056193832562736176,0.6438992678927363,6.586690140743059,1.8854166666666667
J.Flacco,CIN,2025,12,19,37,183,1,1,-14.464443949752756,-0.39093091756088527,0.5135135135135135,4.945945945945946,1.0,0.13466920808288385,0.6279489987484356,7.202604818523153,2.4166666666666665,-0.07745246192489177,0.6337430178927362,6.267158890743058,1.9166666666666665
J.Burrow,CIN,2025,13,24,46,261,2,0,6.142689269761428,0.13353672325568322,0.5217391304347826,5.673913043478261,3.0,-0.0436170242768294,0.5914337601055373,6.6199423688394265,1.6666666666666665,-0.0426536993864327,0.6099692441189626,6.237253985838153,1.9583333333333333
J.Burrow,CIN,2025,14,25,36,284,4,2,8.175821986326017,0.2271061662868338,0.6944444444444444,7.888888888888889,1.6666666666666667,-0.03365858177119871,0.5674567780083506,6.398714747356052,1.6666666666666665,0.025811779019531585,0.6051866354233103,6.3214931162729355,2.208333333333333
J.Burrow,CIN,2025,15,25,39,225,0,2,-13.749246517487336,-0.3525447824996753,0.6410256410256411,5.769230769230769,0.3333333333333333,-0.06588068551755474,0.5761742720981852,5.870936969578274,1.6666666666666665,0.08159414807661833,0.610742190978866,6.523229227384047,2.2916666666666665
J.Burrow,CIN,2025,16,25,32,309,4,0,20.577636317057937,0.6430511349080605,0.78125,9.65625,5.0,-0.09570820262951088,0.5926806823545954,6.069494661885965,1.5,0.01948050272668647,0.6103148405515155,6.63604974020456,1.9583333333333333
J.Burrow,CIN,2025,17,24,31,305,2,0,19.040834557091934,0.6142204695836108,0.7741935483870968,9.838709677419354,3.0,0.16278731048772557,0.6596148039762171,7.247070675399479,2.5,0.059585143105448074,0.6255242820408773,6.933506522119454,2.083333333333333
J.Burrow,CIN,2025,18,29,39,236,3,1,-3.44213337778626,-0.0882598301996477,0.7435897435897436,6.051282051282051,2.0,0.28295824706970746,0.7227284084642956,8.288269833884753,2.5,0.12464983264925436,0.6450925932363231,7.343492290620402,2.083333333333333
D.Watson,CLE,2023,1,16,29,154,1,1,-10.871305896014098,-0.37487261710393444,0.5517241379310345,5.310344827586207,1.0,,,,,,,,
D.Watson,CLE,2023,2,22,40,235,1,1,-15.953177403144817,-0.39882943507862045,0.55,5.875,1.0,,,,,,,,
D.Watson,CLE,2023,3,27,33,289,2,0,12.508116518452686,0.37903383389250567,0.8181818181818182,8.757575757575758,3.0,-0.3868510260912774,0.5508620689655173,5.592672413793103,1.0,-0.3868510260912774,0.5508620689655173,5.592672413793103,1.0
D.Thompson-Robinson,CLE,2023,4,19,36,121,0,3,-27.36171850353747,-0.7600477362093742,0.5277777777777778,3.361111111111111,0.25,-0.13155607276334974,0.6399686520376177,6.647640195053988,1.6666666666666667,-0.13155607276334974,0.6399686520376177,6.647640195053988,1.6666666666666667
P.Walker,CLE,2023,6,18,34,192,0,2,-14.264403022690109,-0.4195412653732385,0.5294117647058824,5.647058823529412,0.3333333333333333,-0.28867898862485586,0.6119209334726576,5.826007924068269,1.3125,-0.28867898862485586,0.6119209334726576,5.826007924068269,1.3125
P.Walker,CLE,2023,7,15,32,178,0,1,-3.330076914637668,-0.10406490358242712,0.46875,5.5625,0.5,-0.29984615069218185,0.6063428401663696,5.91018642305407,1.1458333333333333,-0.31485144397453235,0.5954190997193025,5.790218103960497,1.1166666666666667
P.Walker,CLE,2023,8,15,31,248,1,2,-5.688340737857574,-0.18349486251153466,0.4838709677419355,8.0,0.6666666666666666,-0.22615501781813352,0.5860303401663696,5.83206142305407,1.0208333333333333,-0.2797203539091815,0.5743075830994188,5.752265086633749,1.0138888888888888
D.Watson,CLE,2023,9,19,30,219,2,0,1.4342772680909022,0.04780924226969674,0.6333333333333333,7.3,3.0,-0.3667871919191436,0.5024526275563989,5.642667483660131,0.4375,-0.2659738551380891,0.5613880666197784,6.0733700742574985,0.9642857142857143
D.Watson,CLE,2023,10,20,34,213,1,1,-0.1923484141191314,-0.005657306297621512,0.5882352941176471,6.264705882352941,1.0,-0.16482294729937585,0.5288415164452878,6.627389705882353,1.125,-0.22675096796211586,0.5703812249589727,6.226698814975311,1.21875
D.Thompson-Robinson,CLE,2023,11,24,43,165,0,1,-9.681774268266912,-0.22515754112248632,0.5581395348837209,3.8372093023255816,0.5,-0.06135195753047161,0.543547398798229,6.781801470588235,1.2916666666666667,-0.18059905411132673,0.5749451194822992,6.345993946821153,1.21875
D.Thompson-Robinson,CLE,2023,12,14,29,134,1,0,-0.9488359401899856,-0.0327184806962064,0.4827586206896552,4.620689655172414,2.0,-0.09162511691548642,0.5658947825191593,6.3504787961696305,1.2916666666666667,-0.15889006736681,0.5759625613427644,6.091270109611851,1.15625
J.Flacco,CLE,2023,13,23,44,254,2,1,-7.791563930410868,-0.17708099841842884,0.5227272727272727,5.7727272727272725,1.5,-0.05393102146165434,0.5656166957560892,5.505651209962734,1.625,-0.21035910669039898,0.534034661656244,5.574159346811433,1.03125
J.Flacco,CLE,2023,14,26,45,311,3,1,-1.6544217481042307,-0.03676492773564957,0.5777777777777777,6.911111111111111,2.0,-0.11015358163368574,0.537965180604574,5.123833028144552,1.25,-0.1374882644665308,0.5334033485249309,5.875611367013453,1.1875
J.Flacco,CLE,2023,15,28,44,374,2,3,-17.392163456001864,-0.39527644218186053,0.6363636363636364,8.5,0.75,-0.11793048699319275,0.5353508015196067,5.285434335334095,1.5,-0.0896412222618322,0.5394491001589178,6.033617902961165,1.3958333333333333
J.Flacco,CLE,2023,16,27,42,368,3,2,20.08598806466046,0.47823781106334423,0.6428571428571429,8.761904761904763,1.3333333333333333,-0.1604602122580363,0.5549068268895855,6.451132009752699,1.5625,-0.1260426645867614,0.5604008047043724,6.400805402961165,1.4270833333333333
J.Flacco,CLE,2023,17,19,29,309,3,1,6.1975739089539275,0.21370944513634232,0.6551724137931034,10.655172413793103,2.0,-0.03272113931814864,0.5949314574314575,7.486435786435787,1.3958333333333333,-0.04332608038990151,0.5802740765937733,6.49604349819926,1.5104166666666667
J.Driskel,CLE,2023,18,13,26,166,2,2,-10.957208045409061,-0.4214310786695793,0.5,6.384615384615385,1.0,0.06497647157054415,0.6280427426979152,8.707047071702245,1.5208333333333333,-0.02258855503157081,0.5830039616512445,6.915440049923398,1.3854166666666667
D.Watson,CLE,2024,1,24,45,169,1,2,-23.115656479087193,-0.5136812550908265,0.5333333333333333,3.7555555555555555,0.6666666666666666,-0.03119006616293829,0.6085982982534707,8.575423140078312,1.2708333333333333,-0.07456027657806553,0.5719745498865386,6.930428737706204,1.3854166666666667
D.Watson,CLE,2024,2,22,34,186,0,0,1.245954113845745,0.03664570923075721,0.6470588235294118,5.470588235294118,1.0,-0.060791269390179786,0.5828407224958949,7.389312028967201,1.25,-0.11062574082410806,0.5688737746927401,6.92022201935995,1.40625
D.Watson,CLE,2024,3,21,37,196,2,0,-19.51902969374708,-0.5275413430742454,0.5675675675675675,5.297297297297297,3.0,-0.17118929484832654,0.5838911426639621,6.566482897314541,1.1666666666666667,-0.10195521708323761,0.5894113000477098,7.026459341875163,1.28125
D.Watson,CLE,2024,4,24,32,176,1,1,-6.92235081968829,-0.21632346311525907,0.75,5.5,1.0,-0.3565019919009735,0.5619899311075782,5.2270141181905885,1.4166666666666665,-0.14576276016521467,0.5950163369027467,6.967030594946416,1.46875
D.Watson,CLE,2024,5,15,28,125,1,0,-15.072190076718874,-0.5382925027399598,0.5357142857142857,4.464285714285714,2.0,-0.30522508801239345,0.6244899311075782,5.005860272036743,1.4166666666666665,-0.16820757708766587,0.6165441146805244,6.790641706057527,1.34375
D.Watson,CLE,2024,6,16,23,168,0,0,1.5159850724068884,0.0659123944524734,0.6956521739130435,7.304347826086956,1.0,-0.31137789992467674,0.6250851692028163,5.183042811719282,1.75,-0.18608458465742828,0.6039629458493556,6.286177420343242,1.5
D.Thompson-Robinson,CLE,2024,7,11,24,82,0,2,-19.31839746661717,-0.8049332277757154,0.4583333333333333,3.4166666666666665,0.3333333333333333,-0.3040612286192477,0.6372335067987241,5.641482709417492,1.75,-0.23762526173378715,0.6105623247313432,6.103982803366016,1.4583333333333333
J.Winston,CLE,2024,8,27,41,334,3,0,11.899560420864818,0.29023318099670287,0.6585365853658537,8.146341463414634,4.0,-0.3734091997946152,0.6099249482401656,5.171325051759834,1.0833333333333333,-0.36495559584779436,0.5859574396738719,5.199169584975212,1.25
J.Winston,CLE,2024,9,26,46,235,1,3,-20.964322289520815,-0.4557461367287134,0.5652173913043478,5.108695652173913,0.5,-0.24677003876662468,0.587059094581629,5.832910417613492,1.8333333333333335,-0.2759975633895091,0.6057745128446036,5.419385344825118,1.625
J.Winston,CLE,2024,11,30,46,395,2,0,9.083588935415392,0.19746932468294331,0.6521739130434783,8.58695652173913,3.0,-0.2261334472638131,0.5944348709791446,5.994012902085542,1.4583333333333335,-0.2687556735942449,0.6097600200909804,5.588527856902412,1.6041666666666667
J.Winston,CLE,2024,12,18,27,219,0,1,-0.7570856122181285,-0.028040207859930687,0.6666666666666666,8.11111111111111,0.5,-0.19324421470619563,0.5835653057617533,6.314665075998587,1.9583333333333335,-0.24865272166272168,0.6103994062802387,5.978073892708039,1.8541666666666667
J.Winston,CLE,2024,13,34,58,497,4,3,-2.3392808535594822,-0.040332428509646245,0.5862068965517241,8.568965517241379,1.25,0.0009790402727505535,0.6356486390950866,7.4882761871096974,2.0,-0.18621507976093232,0.6227867936676261,6.329800619434765,1.5416666666666667
J.Winston,CLE,2024,14,24,41,212,2,2,-10.037393141880234,-0.24481446687512765,0.5853658536585366,5.170731707317073,1.0,-0.08166236210383672,0.6175662168915542,7.593932200566384,1.3125000000000002,-0.16421620043523072,0.6023126557365917,6.713421309089938,1.5729166666666667
J.Winston,CLE,2024,15,16,25,146,0,3,-20.197631082264706,-0.8079052432905882,0.64,5.84,0.25,-0.028929444640440283,0.6226033324801015,7.609441214352174,1.4375000000000002,-0.1275314459521267,0.608519101729623,6.801727058218858,1.4479166666666667
D.Thompson-Robinson,CLE,2024,16,20,34,157,0,2,-17.84603051986778,-0.5248832505843465,0.5882352941176471,4.617647058823529,0.3333333333333333,-0.28027308663382317,0.6195598542192318,6.9227020839173905,0.7500000000000002,-0.2367586506700094,0.6015625799904925,6.618683579957988,1.3541666666666667
D.Thompson-Robinson,CLE,2024,17,24,47,170,0,1,-25.161638461693656,-0.5353540098232693,0.5106382978723404,3.617021276595745,0.5,-0.40448384731492715,0.5999520110819769,6.049336070845495,0.7083333333333336,-0.2017524035210883,0.6178003250885318,6.768806128977596,1.3541666666666665
B.Zappe,CLE,2024,18,16,31,170,1,2,-16.848805408400583,-0.5435098518838898,0.5161290322580645,5.483870967741935,0.6666666666666666,-0.5282392426433329,0.581059861412131,4.8113500106840865,0.5208333333333336,-0.30495080237358485,0.5993130391518426,6.2026411056252355,0.9166666666666666
J.Flacco,CLE,2025,1,31,45,290,1,2,-1.8421275162300694,-0.04093616702733487,0.6888888888888889,6.444444444444445,0.6666666666666666,-0.6029130888955234,0.563750656062013,4.889634825790302,0.4375000000000002,-0.3159212667679819,0.5931769942710572,6.249538020071238,0.9375
J.Flacco,CLE,2025,2,25,45,199,1,1,-26.738699900731607,-0.594193331127369,0.5555555555555556,4.4222222222222225,1.0,-0.4111708198297101,0.5759728782842352,5.040745936901413,0.5416666666666669,-0.34572195323176663,0.5977663662517335,5.981724010409402,0.6458333333333334
J.Flacco,CLE,2025,3,21,36,142,0,1,-8.7097985782642,-0.24193884939622778,0.5833333333333334,3.9444444444444446,0.5,-0.4284983399654657,0.5678029436437123,4.9918897277510865,0.7083333333333335,-0.41649109364019643,0.5838774773628446,5.520612899298292,0.7083333333333333
J.Flacco,CLE,2025,4,16,34,184,0,2,-19.947237710560973,-0.5866834620753227,0.47058823529411764,5.411764705882353,0.3333333333333333,-0.35514454985870536,0.5859767025089606,5.0737455197132615,0.7083333333333335,-0.4416918962510191,0.5835182819605458,4.9425477651986744,0.6145833333333333
D.Gabriel,CLE,2025,5,19,33,190,2,0,-2.2798502849765976,-0.06908637227201811,0.5757575757575758,5.757575757575758,3.0,-0.36593795240656357,0.5745915032679739,5.055718954248366,0.6250000000000002,-0.4844255206510435,0.5691710796649935,4.9726768900193346,0.53125
D.Gabriel,CLE,2025,6,29,52,221,0,0,-13.877616212263888,-0.2668772348512286,0.5576923076923077,4.25,1.0,-0.37297550371773436,0.5463086749851456,4.884001782531195,1.2083333333333335,-0.39207316177372226,0.5611407766346904,4.962373859716304,0.875
D.Gabriel,CLE,2025,7,13,18,116,0,0,0.8498010866597445,0.047211171481096915,0.7222222222222222,6.444444444444445,1.0,-0.2911464796486993,0.5468428630193336,4.840946226975639,1.2083333333333335,-0.3598224098070825,0.557322903331523,4.916417977363363,0.9583333333333334
D.Gabriel,CLE,2025,8,21,35,156,2,2,-19.84580293446636,-0.5670229409847531,0.6,4.457142857142857,1.0,-0.2188589744293681,0.5815650852415558,5.465946226975639,1.3333333333333335,-0.2870017621440367,0.5837708938752582,5.26984587334445,1.0208333333333335
D.Gabriel,CLE,2025,10,17,32,167,2,0,-7.389529405771441,-0.23092279393035753,0.53125,5.21875,3.0,-0.2139438441567257,0.6139180264180264,5.227290764790764,1.5000000000000002,-0.28994089828164465,0.5942547648430002,5.141504859519565,1.0625
S.Sanders,CLE,2025,11,4,16,47,0,1,-14.408387282746844,-0.9005242051716777,0.25,2.9375,0.5,-0.2544029495713106,0.6027911324786325,5.0925843253968255,1.5,-0.3136892266445225,0.5745499037318891,4.98829305396401,1.3541666666666667
S.Sanders,CLE,2025,12,11,20,209,1,1,1.9820752221727345,0.09910376110863672,0.55,10.45,1.0,-0.41281469215142286,0.5258680555555555,4.7644593253968255,1.375,-0.3519805859000611,0.5363554592874447,4.802702776186232,1.2916666666666667
S.Sanders,CLE,2025,13,16,25,149,1,0,-3.9443025094806217,-0.15777210037922487,0.64,5.96,2.0,-0.3998415447445379,0.4828125,5.765848214285715,1.375,-0.30935025958695306,0.5321887926207779,5.615897220630677,1.3541666666666667
S.Sanders,CLE,2025,14,23,42,364,3,1,6.886805881192169,0.16397156859981354,0.5476190476190477,8.666666666666666,2.0,-0.2975288345931558,0.4928125,6.1415625,1.625,-0.2557363393749408,0.5533652632090132,5.6844266323953825,1.5625
S.Sanders,CLE,2025,15,18,35,177,0,3,-22.947253412075973,-0.6556358117735992,0.5142857142857142,5.057142857142857,0.25,-0.19880524396061305,0.49690476190476196,7.003541666666666,1.375,-0.22660409676596183,0.5498479471916972,6.048062996031746,1.4375
S.Sanders,CLE,2025,16,20,29,157,1,2,-11.66789667433574,-0.4023412646322669,0.6896551724137931,5.413793103448276,0.6666666666666666,-0.13758314561109342,0.5629761904761905,7.533452380952381,1.3125,-0.27519891888125814,0.544422123015873,6.148955853174603,1.34375
S.Sanders,CLE,2025,17,17,23,186,1,2,-5.503952378665726,-0.23930227733329246,0.7391304347826086,8.08695652173913,0.6666666666666666,-0.2629444020463193,0.5978899835796387,6.27440065681445,1.2291666666666667,-0.3313929733954286,0.5403512417898194,6.020124435550082,1.3020833333333333
S.Sanders,CLE,2025,18,11,22,111,0,0,-9.697163290788161,-0.44078014958128003,0.5,5.045454545454546,1.0,-0.28332694628483623,0.6226725922752909,6.806139787249233,0.8958333333333335,-0.29042789043899603,0.5577425461376455,6.473851143624616,1.2604166666666667
D.Prescott,DAL,2023,1,13,24,143,0,0,4.17848433913809,0.17410351413075376,0.5416666666666666,5.958333333333333,1.0,,,,,,,,
D.Prescott,DAL,2023,2,31,38,255,2,0,10.077872056186449,0.2652071593733276,0.8157894736842105,6.7105263157894735,3.0,,,,,,,,
D.Prescott,DAL,2023,3,25,40,249,1,1,-3.659614854047325,-0.09149037135118313,0.625,6.225,1.0,0.2196553367520407,0.6787280701754386,6.334429824561403,2.0,0.2196553367520407,0.6787280701754386,6.334429824561403,2.0
D.Prescott,DAL,2023,4,28,34,261,1,0,3.933240894897108,0.11568355573226788,0.8235294117647058,7.676470588235294,2.0,0.11594010071763276,0.6608187134502924,6.297953216374268,1.6666666666666667,0.11594010071763276,0.6608187134502924,6.297953216374268,1.6666666666666667
D.Prescott,DAL,2023,5,14,24,153,1,3,-12.18878598313313,-0.5078660826305471,0.5833333333333334,6.375,0.5,0.11587596447129153,0.7014963880288958,6.642582559339525,1.75,0.11587596447129153,0.7014963880288958,6.642582559339525,1.75
D.Prescott,DAL,2023,6,21,30,272,1,0,6.778182700220884,0.22593942334069614,0.7,9.066666666666666,2.0,-0.054616434719033685,0.7119130546955624,6.746749226006192,1.625,-0.008872444949076196,0.6778637770897833,6.58906604747162,1.5
D.Prescott,DAL,2023,8,25,31,304,4,1,11.593556129590606,0.373985681599697,0.8064516129032258,9.806451612903226,2.5,-0.06443336872719155,0.6829656862745098,7.3357843137254894,1.375,0.030262866432552524,0.6815531475748194,7.001999484004128,1.5833333333333333
D.Prescott,DAL,2023,9,29,44,374,3,0,12.918436241445182,0.2936008236692087,0.6590909090909091,8.5,4.0,0.05193564451052846,0.7283285895003162,8.231147216951296,1.75,0.07936612574214459,0.6993957854788775,7.402635502418285,1.7142857142857142
D.Prescott,DAL,2023,10,26,35,404,4,1,16.128327141632326,0.4608093469037807,0.7428571428571429,11.542857142857143,2.5,0.09641496149476367,0.6872189638318671,8.437029569892474,2.25,0.1061454629830276,0.6943576759303813,7.539806064615999,2.0
D.Prescott,DAL,2023,11,25,38,189,2,0,7.6395618677019,0.20104110178162896,0.6578947368421053,4.973684210526316,3.0,0.33858381887834565,0.7270999162128194,9.72899385560676,2.75,0.14198369207965597,0.7195064854541908,8.237871540806475,2.1875
D.Prescott,DAL,2023,12,22,32,331,4,0,19.24523962637558,0.6014137383242368,0.6875,10.34375,5.0,0.33235923848857885,0.7165736004233457,8.705748241571671,3.0,0.13396293488069363,0.6997696433489278,8.02076627764858,2.1875
D.Prescott,DAL,2023,13,29,41,299,3,0,14.823497584657995,0.3615487215770243,0.7073170731707317,7.2926829268292686,4.0,0.3892162526697138,0.6868356971975393,8.840072838345865,3.625,0.22057594859012114,0.7075821433489278,8.53561002764858,2.6875
D.Prescott,DAL,2023,14,24,39,271,2,0,-0.054984303969386916,-0.001409853947932998,0.6153846153846154,6.948717948717949,3.0,0.4062032271466677,0.6988922382174949,8.538243570053183,3.625,0.2513090943207157,0.693055601024681,8.487636569972828,2.9375
D.Prescott,DAL,2023,15,21,34,134,0,1,-12.449003155246528,-0.36614715162489786,0.6176470588235294,3.9411764705882355,0.5,0.29064842693373927,0.6670241063493632,7.389708771518383,3.75,0.31461612290604246,0.6970620112810912,8.559351313562571,3.25
D.Prescott,DAL,2023,16,20,32,253,2,0,8.432478624566755,0.2635149570177111,0.625,7.90625,3.0,0.14885136358210757,0.6569621868447191,7.131581836533863,3.125,0.24060530103534322,0.6867678936340325,7.918665039052767,3.0625
D.Prescott,DAL,2023,17,26,38,345,2,1,11.299152896313498,0.2973461288503552,0.6842105263157895,9.078947368421053,1.5,0.06437666825547614,0.6413371868447191,6.522206836533863,2.625,0.226796460462595,0.6640864420211292,7.681139837439863,3.125
D.Prescott,DAL,2023,18,31,36,279,4,1,22.099422981782563,0.6138728606050712,0.8611111111111112,7.75,2.5,0.04832602007380887,0.6355605501309836,6.968772946931809,2.0,0.22726462361023828,0.6672263941742393,7.753508258492495,2.8125
D.Prescott,DAL,2024,1,19,32,179,1,0,-6.667337795562192,-0.2083543061113185,0.59375,5.59375,2.0,0.20214669871205992,0.6969921740626075,7.169093459752322,1.875,0.2463975628228996,0.6820081402059852,7.279401115635352,2.8125
D.Prescott,DAL,2024,2,27,39,293,1,2,-8.375609993114207,-0.21475923059267196,0.6923076923076923,7.512820512820513,0.6666666666666666,0.24159491009045475,0.6910179093567251,7.582236842105264,2.25,0.19522313683628117,0.6739900481007222,7.356909339319563,2.6875
D.Prescott,DAL,2024,3,28,51,379,2,0,6.197160795382595,0.12151295677220773,0.5490196078431373,7.431372549019608,3.0,0.122026363187859,0.7078448324336483,7.4838794703103915,1.6666666666666667,0.09320151572166757,0.6745910096391837,7.0030431534221265,2.1458333333333335
D.Prescott,DAL,2024,4,22,27,221,2,0,10.9522814873646,0.4056400550875778,0.8148148148148148,8.185185185185185,3.0,0.07806807016832212,0.6740471028154852,7.071985765460029,2.0416666666666665,0.0631970451210655,0.6548038264732343,7.02037935619592,2.0208333333333335
D.Prescott,DAL,2024,5,29,42,352,2,2,10.677303028626843,0.2542215006815915,0.6904761904761905,8.380952380952381,1.0,0.026009868788948773,0.6624730287414111,7.180782061756326,2.1666666666666665,0.11407828375050436,0.6797326014020093,7.174937760754324,2.0208333333333335
D.Prescott,DAL,2024,6,17,33,178,0,2,-19.51792664152954,-0.5914523224705922,0.5151515151515151,5.393939393939394,0.3333333333333333,0.14165382048717629,0.6866545763604588,7.877582656994422,1.9166666666666665,0.1916243652888155,0.6888362428585919,7.729909749549842,2.0833333333333335
D.Prescott,DAL,2024,8,25,38,243,2,2,0.9261805765831248,0.02437317306797697,0.6578947368421053,6.394736842105263,1.0,0.0474805475176962,0.6423655320714143,7.347862377274142,1.8333333333333333,0.08475345535277759,0.6751051822525314,7.415870923792267,1.75
C.Rush,DAL,2024,9,13,25,115,1,0,1.4293847701484337,0.057175390805937344,0.52,4.6,2.0,0.023195601591638505,0.6695843143211564,7.088703450545556,1.3333333333333335,0.05063183587998032,0.6718157085683207,7.080344608002793,1.6875
C.Rush,DAL,2024,10,13,23,45,0,0,-16.95471364547289,-0.7371614628466474,0.5652173913043478,1.9565217391304348,1.0,-0.06392056447877159,0.5958806106174528,6.19240715424926,1.0833333333333333,-0.018955347844911413,0.629176819679432,6.686594608002793,1.625
C.Rush,DAL,2024,11,32,55,354,1,1,-13.679566236527164,-0.2487193861186757,0.5818181818181818,6.4363636363636365,1.0,-0.31176630536083133,0.564565910824492,4.586299493793773,1.0833333333333333,-0.08505624243682752,0.6256102435924754,6.231941075394097,1.5
C.Rush,DAL,2024,12,24,32,247,2,0,8.539612328004344,0.26686288525013574,0.75,7.71875,3.0,-0.2260830712728522,0.5812325774911588,4.846905554399834,1.25,-0.08930126187757799,0.6117990547812866,6.097383965836988,1.5416666666666667
C.Rush,DAL,2024,13,21,36,195,1,0,-2.71940301306588,-0.07553897258516334,0.5833333333333334,5.416666666666667,2.0,-0.1654606432273125,0.6042588932806324,5.177908843873517,1.75,-0.07113252081783698,0.6369216038008945,6.133306147209536,1.5416666666666667
C.Rush,DAL,2024,14,16,31,183,2,1,-5.963565976259552,-0.19237309600837266,0.5161290322580645,5.903225806451613,1.5,-0.19863923407508766,0.6200922266139657,5.382075510540184,1.75,-0.13127989927692962,0.6079864186157092,5.787241332394722,1.4166666666666667
C.Rush,DAL,2024,15,18,29,214,3,0,11.534104936718766,0.3977277564385781,0.6206896551724138,7.379310344827586,4.0,-0.06244214236551898,0.607820136852395,6.368751527370479,1.875,-0.18710422386317516,0.5861930238384435,5.477525510582126,1.4791666666666667
C.Rush,DAL,2024,16,26,35,292,1,0,9.25454558860563,0.26441558824587513,0.7428571428571429,8.342857142857143,2.0,0.09916964327379446,0.6175380051909529,6.604488204486466,2.625,-0.06345671399952885,0.5993852913410559,5.7256968794431495,1.9375
C.Rush,DAL,2024,17,15,28,147,1,2,-8.82291461349399,-0.3151040933390711,0.5357142857142857,5.25,0.6666666666666666,0.09855781902272932,0.6157522909052386,6.760514990200753,2.375,-0.03345141210229158,0.6100055920929356,5.969211917037136,2.0625
T.Lance,DAL,2024,18,20,34,244,0,0,-2.5586524666536583,-0.07525448431334289,0.5882352941176471,7.176470588235294,1.0,0.03866653883425239,0.6038475290004768,6.718848323534086,2.0416666666666665,-0.07998634762041763,0.6119698778072212,6.0504619170371345,1.8958333333333333
D.Prescott,DAL,2025,1,21,34,188,0,0,1.6543752712656965,0.048658096213696954,0.6176470588235294,5.529411764705882,1.0,0.06794619175800984,0.6218740944653723,7.037159518980006,1.9166666666666665,0.0027520246962454316,0.6148471156588836,6.702955523175243,1.8958333333333333
D.Prescott,DAL,2025,2,38,52,361,2,1,10.098487662582055,0.1942016858188857,0.7307692307692307,6.9423076923076925,1.5,-0.019321223298210455,0.6211134453781513,6.574684873949581,1.1666666666666665,0.03992420998779201,0.6193257252845521,6.589586539218024,1.8958333333333333
D.Prescott,DAL,2025,3,31,40,251,1,2,-1.8964848527670273,-0.04741212131917568,0.775,6.275,0.6666666666666666,-0.036874698904957814,0.6180914673561733,6.224547511312217,1.0416666666666665,0.030841560058885758,0.616921879130706,6.492531250756485,1.7083333333333333
D.Prescott,DAL,2025,4,31,40,319,3,0,22.430883390743485,0.5607720847685871,0.775,7.975,4.0,0.030048294100016033,0.6779128959276018,6.480797511312217,1.0416666666666667,0.034357416467134215,0.6408802124640393,6.599822917423151,1.5416666666666667
D.Prescott,DAL,2025,5,18,29,237,4,0,11.848729786221256,0.4085768891800433,0.6206896551724138,8.172413793103448,5.0,0.18905493637049853,0.72460407239819,6.680429864253394,1.7916666666666665,0.1285005640642542,0.6732390834317812,6.8587946916167,1.8541666666666665
D.Prescott,DAL,2025,6,25,34,261,3,0,17.745348571297626,0.5219220168028713,0.7352941176470589,7.676470588235294,4.0,0.2790346346120851,0.7253647214854111,7.341180371352785,2.7916666666666665,0.12985670565693735,0.6732390834317812,6.957932622651183,1.9791666666666665
D.Prescott,DAL,2025,7,21,30,264,3,0,7.193154708318104,0.23977182361060348,0.7,8.8,4.0,0.36096471735808155,0.7264959432048681,7.5247210953346855,3.4166666666666665,0.16204500922656184,0.6722937052805207,6.874634303323451,2.2291666666666665
D.Prescott,DAL,2025,8,19,31,188,0,2,-4.384394332819756,-0.14143207525225018,0.6129032258064516,6.064516129032258,0.3333333333333333,0.4327607035905263,0.7077459432048682,8.155971095334685,4.25,0.2314044988452712,0.692829419566235,7.318384303323452,2.645833333333333
D.Prescott,DAL,2025,9,24,39,250,1,1,-4.5026787937891255,-0.11545330240484937,0.6153846153846154,6.410256410256411,1.0,0.257209663585317,0.6672217496564811,7.678350127592751,3.3333333333333335,0.2231322999779078,0.6959129110273357,7.1793899959230725,2.5625
D.Prescott,DAL,2025,11,25,33,268,4,0,8.562692845276407,0.25947554076595175,0.7575757575757576,8.121212121212121,5.0,0.1262021156890938,0.6658954897095315,7.237810781880992,2.333333333333333,0.20261837515058947,0.6956301055974713,7.289495576616888,2.5625
D.Prescott,DAL,2025,12,23,36,354,2,1,4.564077011044182,0.12677991697344948,0.6388888888888888,9.833333333333334,1.5,0.06059049667986392,0.6714658996917062,7.348996165125198,2.583333333333333,0.21077760701897275,0.6989809214482872,7.436858630229942,3.0
D.Prescott,DAL,2025,13,27,39,320,2,1,15.606953173174933,0.4001782864916649,0.6923076923076923,8.205128205128204,1.5,0.03234252002057542,0.6561881219139283,7.607329498458531,1.958333333333333,0.2325516118055509,0.6819670325593983,7.881650296896608,3.104166666666667
D.Prescott,DAL,2025,14,31,47,376,1,2,1.000718959986418,0.021291892765668466,0.6595744680851063,8.0,0.6666666666666666,0.16774511045655421,0.6760392385392385,8.142482517482518,2.25,0.2124773870209356,0.6716304940978598,7.910416322537634,2.791666666666667
D.Prescott,DAL,2025,15,23,38,294,0,0,0.9589329863363227,0.025235078587797968,0.6052631578947368,7.7368421052631575,1.0,0.20193140924918368,0.6870867017143613,8.539918414918414,2.1666666666666665,0.16406676246913876,0.6764910957119463,7.888864598399703,2.25
D.Prescott,DAL,2025,16,21,30,244,2,0,12.773347127090965,0.42577823756969885,0.7,8.133333333333333,3.0,0.14337129370464521,0.6490085517941061,8.443825910931174,1.1666666666666665,0.10198089519225459,0.6602372257429061,7.896411038028186,1.875
D.Prescott,DAL,2025,17,19,37,307,2,0,11.738209206610886,0.3172488974759699,0.5135135135135135,8.297297297297296,3.0,0.21812087385370754,0.6642863295718838,8.018825910931174,1.5416666666666665,0.12523169693714153,0.6602372257429061,7.8130777046948525,1.75
J.Milton,DAL,2025,18,7,13,73,0,1,-5.205264354322248,-0.4004049503324806,0.5384615384615384,5.615384615384615,0.5,0.1973885265997838,0.6195877848733391,8.041868183973445,1.9166666666666665,0.18256681852816903,0.6478135117062888,8.092175350727981,2.0833333333333335
R.Wilson,DEN,2023,1,27,34,177,2,0,2.355538343570046,0.06928053951676605,0.7941176470588235,5.205882352941177,3.0,,,,,,,,
R.Wilson,DEN,2023,2,18,32,308,3,1,2.3995051103927842,0.07498453469977451,0.5625,9.625,2.0,,,,,,,,
R.Wilson,DEN,2023,3,23,38,306,1,1,2.2087187350008812,0.0581241772368653,0.6052631578947368,8.052631578947368,1.0,0.07213253710827028,0.6783088235294117,7.415441176470589,2.5,0.07213253710827028,0.6783088235294117,7.415441176470589,2.5
R.Wilson,DEN,2023,4,21,28,223,3,0,14.21806286516332,0.5077879594701186,0.75,7.964285714285714,4.0,0.06746308381780196,0.6539602683178535,7.627837977296181,2.0,0.06746308381780196,0.6539602683178535,7.627837977296181,2.0
R.Wilson,DEN,2023,5,20,31,196,2,0,-10.412276005515249,-0.3358798711456532,0.6451612903225806,6.32258064516129,3.0,0.17754430273088112,0.6779702012383901,7.711949911543565,2.5,0.17754430273088112,0.6779702012383901,7.711949911543565,2.5
R.Wilson,DEN,2023,6,13,22,95,1,2,-18.298592432925943,-0.8317542014966338,0.5909090909090909,4.318181818181818,0.6666666666666666,0.07625420006527628,0.6407311120543294,7.991124484598593,2.5,0.07485946795557423,0.6714084190552282,7.4340760582671095,2.6
R.Wilson,DEN,2023,7,20,29,194,1,0,4.095713499630485,0.14123149998725812,0.6896551724137931,6.689655172413793,2.0,-0.1504304839838258,0.6478333847816021,6.6644199391440475,2.1666666666666665,-0.07624281028646045,0.6579918643642053,6.914760351586228,2.2777777777777777
R.Wilson,DEN,2023,8,12,19,114,3,0,-4.8447875870412584,-0.25498882037059256,0.631578947368421,6.0,4.0,-0.12965365329622758,0.6689313884113661,6.323675837510654,2.4166666666666665,-0.045175051675929216,0.662515194085575,6.882602468847309,2.238095238095238
R.Wilson,DEN,2023,10,24,29,193,2,0,5.758063172628668,0.19855390250443683,0.8275862068965517,6.655172413793103,3.0,-0.32034784825640533,0.6393261252534714,5.8326044089392255,2.4166666666666665,-0.07140177276276213,0.6586481632459308,6.772277160241395,2.458333333333333
R.Wilson,DEN,2023,11,27,35,259,1,0,1.4860982910168274,0.04245995117190936,0.7714285714285715,7.4,2.0,-0.18673940484388285,0.6849323543969642,5.915752351097178,2.4166666666666665,-0.055242602389303286,0.6628317332256468,6.953438417847886,2.458333333333333
R.Wilson,DEN,2023,12,13,22,134,1,0,4.45424141373951,0.20246551880634137,0.5909090909090909,6.090909090909091,2.0,0.03181413332325295,0.7300622245268342,6.686206896551724,2.75,-0.05930817533028643,0.6889478046542182,6.675313417847886,2.458333333333333
R.Wilson,DEN,2023,13,15,26,186,1,3,-14.968118985611403,-0.575696884061977,0.5769230769230769,7.153846153846154,0.5,0.04712263802802375,0.7053757041506589,6.536520376175549,2.75,-0.04126550763410192,0.6871535462810124,6.430098106843102,2.583333333333333
R.Wilson,DEN,2023,14,21,33,224,2,1,-2.21562039923466,-0.06714001209802,0.6363636363636364,6.787878787878788,1.5,-0.03305437789482238,0.6917117365393227,6.824981914637087,1.875,-0.17670111307561387,0.665518930896397,6.328793161788156,2.145833333333333
R.Wilson,DEN,2023,15,18,32,223,1,0,-2.3929814262664877,-0.07478066957082774,0.5625,6.96875,2.0,-0.09947785654543659,0.6439060939060939,6.858158508158509,1.5,-0.1431086306946597,0.6644192241515291,6.386955429627844,1.9583333333333333
R.Wilson,DEN,2023,16,25,37,238,2,0,0.9792378812834741,0.026465888683337137,0.6756756756756757,6.4324324324324325,3.0,-0.12878801173112087,0.591673951048951,6.750346008158509,1.5,-0.04848693920393396,0.6608680877878927,6.718276452355116,2.125
J.Stidham,DEN,2023,17,20,32,224,1,0,4.700232412085761,0.14688226287768003,0.625,7.0,2.0,-0.17278791926187193,0.6128655972405972,6.8357268435393435,1.75,-0.06283264061692409,0.659120650695628,6.686123609857447,2.25
J.Stidham,DEN,2023,18,20,34,272,1,1,0.3531887839199044,0.010387905409408952,0.5882352941176471,8.0,1.0,0.007856867473042359,0.624884828009828,6.797265305077805,2.125,-0.01259875521089001,0.6582982822745753,6.811123609857447,2.0
B.Nix,DEN,2024,1,26,42,138,0,2,-18.2777050810312,-0.43518345431026667,0.6190476190476191,3.2857142857142856,0.3333333333333333,0.027238846849899596,0.6128527424483307,7.100295608108108,2.0,-0.0361195048477685,0.6283794181772123,6.979227058133308,1.75
B.Nix,DEN,2024,2,20,35,246,0,2,-8.624825167329671,-0.24642357620941918,0.5714285714285714,7.0285714285714285,0.3333333333333333,-0.06286184933496014,0.6269896472102354,6.179536679536679,1.5833333333333333,-0.0958249305330405,0.6093317991295932,6.4649413438475944,1.5416666666666667
B.Nix,DEN,2024,3,25,36,216,0,0,2.115855223944337,0.05877375622067603,0.6944444444444444,6.0,1.0,-0.1310842155581492,0.6009278711484594,6.328571428571428,0.9166666666666666,-0.15193606741001056,0.6068967341945283,6.582149136055386,1.3333333333333333
B.Nix,DEN,2024,4,12,25,60,1,0,-12.965077901084442,-0.5186031160433777,0.48,2.4,2.0,-0.15311134222240022,0.6182889822595705,6.078571428571428,0.6666666666666666,-0.07262723737467894,0.6215869051346993,6.437918366824617,1.3958333333333333
B.Nix,DEN,2024,5,19,27,206,2,0,2.485561309820992,0.09205782628966637,0.7037037037037037,7.62962962962963,3.0,-0.28535909758559685,0.5912301587301587,4.678571428571429,0.9166666666666666,-0.12906012536784867,0.6020414505892447,5.889433518339768,1.4583333333333333
B.Nix,DEN,2024,6,19,33,216,2,1,-3.4612769858357497,-0.10488718138896211,0.5757575757575758,6.545454545454546,1.5,-0.15354877743561363,0.6123941798941799,5.764550264550264,1.5833333333333333,-0.10820531338528688,0.6196919135522077,5.972043472043472,1.5833333333333333
B.Nix,DEN,2024,7,16,26,164,0,0,1.1637442958891078,0.04475939599573491,0.6153846153846154,6.3076923076923075,1.0,-0.11816467873049936,0.613476430976431,5.643771043771044,1.875,-0.12462444714432429,0.6072021510624452,5.986171236171236,1.3958333333333333
B.Nix,DEN,2024,8,28,37,284,3,0,13.637262063537491,0.36857465036587816,0.7567567567567568,7.675675675675675,4.0,-0.12166826878673463,0.5937114737114737,5.720694120694121,1.875,-0.13738980550456745,0.6060002279855221,5.899632774632774,1.2708333333333333
B.Nix,DEN,2024,9,19,33,223,0,1,-11.442227866370207,-0.3467341777687941,0.5757575757575758,6.757575757575758,0.5,0.10012617281557934,0.6629006629006629,7.039613039613039,2.375,-0.09261646238500879,0.6270654108154108,5.859092234092234,1.6458333333333333
B.Nix,DEN,2024,10,22,30,215,2,0,7.696348666215701,0.25654495554052337,0.7333333333333333,7.166666666666667,3.0,-0.009571828199035778,0.630914130914131,6.821599571599572,1.75,-0.08156030281732471,0.6216541554041555,6.293074918074918,1.6666666666666665
B.Nix,DEN,2024,11,28,33,307,4,0,22.721408265677212,0.6885275232023398,0.8484848484848485,9.303030303030303,5.0,0.08078620603333558,0.6703080703080704,6.976902601902602,2.125,-0.01868923634858189,0.6418922506422506,6.310336822836823,2.0
B.Nix,DEN,2024,12,25,42,273,2,0,8.337529324486804,0.19851260296397152,0.5952380952380952,6.5,3.0,0.24172823783498681,0.7285831285831286,7.7257371007371,3.125,0.06002998452412608,0.6611473011473011,6.723215610715611,2.5
B.Nix,DEN,2024,13,18,35,294,1,2,3.2978693580282132,0.0942248388008061,0.5142857142857142,8.4,0.6666666666666666,0.19921272598451015,0.6882034632034632,7.431818181818182,2.875,0.14966944940004473,0.6755520630520631,7.23571561071561,2.625
B.Nix,DEN,2024,15,20,33,130,3,3,-14.825610202783174,-0.44926091523585376,0.6060606060606061,3.9393939393939394,1.0,0.3094524801269102,0.6728354978354978,7.842424242424242,2.9166666666666665,0.14994032596393722,0.6518748143748144,7.332011907011907,2.3333333333333335
B.Nix,DEN,2024,16,29,40,263,2,0,7.127936665068483,0.17819841662671207,0.725,6.575,3.0,0.13300101243281592,0.641017316017316,7.03560606060606,2.4166666666666665,0.10689360923307575,0.6556626931626931,7.006254331254331,2.2708333333333335
B.Nix,DEN,2024,17,24,31,219,3,1,9.496485496653737,0.3063382418275399,0.7741935483870968,7.064516129032258,2.0,0.0054187357889090085,0.6101461038961038,6.353598484848485,1.9166666666666665,0.1235734868119479,0.6693646162396163,7.039667792792793,2.5208333333333335
B.Nix,DEN,2024,18,26,29,321,4,0,25.95772983400812,0.8950941322071766,0.896551724137931,11.068965517241379,5.0,0.0323751455048011,0.6548849671833543,6.49472751710655,1.6666666666666665,0.1157939357446556,0.6715442151934088,6.963272849462365,2.2708333333333335
B.Nix,DEN,2025,1,25,40,176,1,2,-7.6557667409744266,-0.19139416852436067,0.625,4.4,0.6666666666666666,0.23259246885639373,0.7504514696464084,7.1619688964168935,2.75,0.27102247449165195,0.7116434837409531,7.502196569420569,2.833333333333333
B.Nix,DEN,2025,2,22,30,206,3,1,8.345343489918493,0.27817811633061645,0.7333333333333333,6.866666666666666,2.0,0.297059155534267,0.755186318131257,7.27712041156841,2.6666666666666665,0.21503008398354143,0.6981018170742865,7.156363236087235,2.5416666666666665
B.Nix,DEN,2025,3,14,25,153,1,0,-1.5255322747893847,-0.06102129099157539,0.56,6.12,2.0,0.3220540804602431,0.7572696514645902,7.350037078235076,2.4166666666666665,0.16373640812457602,0.6837078776803471,6.85181778154178,2.1666666666666665
B.Nix,DEN,2025,4,29,42,326,2,1,13.279796198068652,0.3161856237635393,0.6904761904761905,7.761904761904762,1.5,0.23021419725546427,0.703721264367816,7.113908045977011,2.4166666666666665,0.13129467138013265,0.6793031157755851,6.804317781541781,2.0416666666666665
B.Nix,DEN,2025,5,24,39,242,1,0,4.242067022660045,0.10877094929897552,0.6153846153846154,6.205128205128205,2.0,0.08548707014455495,0.6522023809523809,6.287142857142857,1.5416666666666665,0.1590397695004743,0.7013269252993947,6.724555876779875,2.1458333333333335
B.Nix,DEN,2025,6,19,30,174,1,0,5.107167024033728,0.17023890080112428,0.6333333333333333,5.8,2.0,0.16052834960038898,0.6497985347985348,6.738424908424909,1.8749999999999996,0.22879375256732795,0.702492426464896,7.007772659996659,2.2708333333333335
B.Nix,DEN,2025,7,27,50,279,2,0,-1.4068489084650624,-0.028136978169301247,0.54,5.58,3.0,0.13354354571801597,0.6247985347985348,6.471758241758242,1.8749999999999996,0.22779881308912947,0.6910340931315625,6.9108976599966585,2.1458333333333335
B.Nix,DEN,2025,8,19,29,247,4,1,14.092828136220142,0.4859595909041428,0.6551724137931034,8.517241379310345,2.5,0.1417646239235845,0.6197985347985348,6.3367582417582415,2.1249999999999996,0.18598941058952434,0.6617598995831754,6.725333143867626,2.2708333333333335
B.Nix,DEN,2025,9,18,37,173,2,1,-3.500159671231928,-0.09459891003329535,0.4864864864864865,4.675675675675675,1.5,0.18420811570873535,0.6109725906277631,6.525592396109637,2.3749999999999996,0.13484759292664514,0.631587485790072,6.406367626626247,1.9583333333333333
B.Nix,DEN,2025,10,16,28,150,1,2,-6.544006506850952,-0.2337145181018197,0.5714285714285714,5.357142857142857,0.6666666666666666,0.13336565087566765,0.5787480584032308,6.143229263746505,2.2499999999999996,0.1469470002380283,0.6142732966008828,6.440827086085706,2.0625
B.Nix,DEN,2025,11,24,37,295,0,0,5.053020263566832,0.136568115231536,0.6486486486486487,7.972972972972973,1.0,0.03237729614993165,0.5632718679270403,6.032514978032219,1.9166666666666663,0.08296042093397378,0.5940352013627875,6.2521366098952305,1.8958333333333335
B.Nix,DEN,2025,13,29,45,321,1,1,9.88027036314034,0.2195615636253409,0.6444444444444445,7.133333333333334,1.0,0.07355356950014097,0.5904340300892026,6.630758221275462,1.4166666666666665,0.1076590967118627,0.6051162824438687,6.483758231516852,1.7708333333333335
B.Nix,DEN,2025,14,31,38,212,0,0,5.895924786257751,0.15515591542783555,0.8157894736842105,5.578947368421052,1.0,0.006954062680440493,0.5877520377520378,6.28478120978121,1.0416666666666665,0.09558108919458791,0.5993623141899004,6.4051868029454235,1.7083333333333335
B.Nix,DEN,2025,15,23,34,302,4,0,20.588175864482764,0.605534584249493,0.6764705882352942,8.882352941176471,5.0,0.06939276904572322,0.6700777845514687,6.510599132967553,0.9166666666666664,0.10137920996069541,0.6244129214773497,6.326914198357029,1.5833333333333335
B.Nix,DEN,2025,16,28,47,352,1,1,0.28978906611595145,0.00616572481097769,0.5957446808510638,7.48936170212766,1.0,0.2792050446335514,0.6963382887531495,7.391901653975958,1.9999999999999998,0.1557911703917415,0.6298050783400949,6.712208316004088,1.9583333333333335
B.Nix,DEN,2025,17,26,38,182,1,1,2.9315951828450646,0.07714724165381749,0.6842105263157895,4.7894736842105265,1.0,0.24660444702841183,0.6831122968037532,7.27099883626463,1.9999999999999998,0.16007900826427637,0.6367731634464779,6.950878528770046,1.7083333333333335
B.Nix,DEN,2025,18,14,23,141,0,0,-5.750905688056726,-0.2500393777415968,0.6086956521739131,6.130434782608695,1.0,0.21100086653553096,0.6930538172715894,6.685033923983927,1.9999999999999998,0.1089774646079857,0.6404029275118137,6.484907566882568,1.5208333333333335
J.Goff,DET,2023,1,22,35,253,1,0,6.543756803672295,0.18696448010492273,0.6285714285714286,7.228571428571429,2.0,,,,,,,,
J.Goff,DET,2023,2,28,35,323,3,1,8.152201352508701,0.23292003864310576,0.8,9.228571428571428,2.0,,,,,,,,
J.Goff,DET,2023,3,22,33,243,1,1,2.7206899089548573,0.0824451487562078,0.6666666666666666,7.363636363636363,1.0,0.20994225937401423,0.7142857142857143,8.228571428571428,2.0,0.20994225937401423,0.7142857142857143,8.228571428571428,2.0
J.Goff,DET,2023,4,19,28,210,1,1,2.4591233149722904,0.0878258326775818,0.6785714285714286,7.5,1.0,0.16744322250141208,0.6984126984126985,7.94025974025974,1.6666666666666667,0.16744322250141208,0.6984126984126985,7.94025974025974,1.6666666666666667
J.Goff,DET,2023,5,20,28,236,3,0,5.771698093274608,0.20613207475980744,0.7142857142857143,8.428571428571429,4.0,0.14753887504545452,0.6934523809523809,7.830194805194805,1.5,0.14753887504545452,0.6934523809523809,7.830194805194805,1.5
J.Goff,DET,2023,6,30,44,353,2,0,17.925803287663015,0.40740462017415946,0.6818181818181818,8.022727272727273,3.0,0.1523307737091757,0.7148809523809524,8.130194805194805,2.0,0.1592575149883251,0.6976190476190476,7.9498701298701295,2.0
J.Goff,DET,2023,7,33,53,284,0,1,-13.326357203666586,-0.2514407019559733,0.6226415094339622,5.3584905660377355,0.5,0.19595191909193913,0.6853354978354977,7.828733766233766,2.25,0.20061536585263084,0.6949855699855699,7.9620129870129865,2.1666666666666665
J.Goff,DET,2023,8,26,37,272,1,1,2.3991140622339024,0.06484092060091629,0.7027027027027027,7.351351351351352,1.0,0.11248045641389386,0.6743292085273217,7.327447316834109,2.125,0.1360359275942588,0.6846507041924832,7.590081212587951,1.9285714285714286
J.Goff,DET,2023,10,23,33,333,2,0,14.826729859458283,0.44929484422600857,0.696969696969697,10.090909090909092,3.0,0.10673422839472746,0.6803620270601403,7.290285154671947,2.125,0.127136551720091,0.6869072040062606,7.560239979933376,1.8125
J.Goff,DET,2023,11,23,35,236,2,3,-1.092054559397977,-0.031201558839942196,0.6571428571428571,6.742857142857143,0.75,0.16752492076127776,0.676033022731136,7.705869570256363,1.875,0.15992784723522674,0.6954569875560441,7.918032187725585,1.9375
J.Goff,DET,2023,12,29,44,332,2,0,-4.387493225352839,-0.09971575512165542,0.6590909090909091,7.545454545454546,3.0,0.05787337600775233,0.6698641915623048,7.3859020377888305,1.3125,0.12691264754984571,0.6775998446989013,7.607317902011299,1.78125
J.Goff,DET,2023,13,16,25,213,2,0,7.492438044373312,0.2996975217749325,0.64,8.52,3.0,0.0958046127163318,0.6789765414765415,7.932643032643034,1.9375,0.10414253456511283,0.6766528750019316,7.630045174738571,2.03125
J.Goff,DET,2023,14,20,35,161,1,2,-6.335564998094924,-0.1810161428027121,0.5714285714285714,4.6,0.6666666666666666,0.15451876300983586,0.6633008658008659,8.224805194805196,2.4375,0.13062649570228166,0.6718314464305031,7.757545174738571,2.28125
J.Goff,DET,2023,15,24,34,278,5,0,15.231727600214072,0.44799198824159037,0.7058823529411765,8.176470588235293,6.0,-0.0030589837473443265,0.6319155844155844,6.852077922077922,1.8541666666666667,0.08223296850696672,0.6539743035733602,7.278973746167143,1.8645833333333333
J.Goff,DET,2023,16,30,40,257,1,0,14.274304325256997,0.3568576081314249,0.75,6.425,2.0,0.11673940302303881,0.6441004583651643,7.210481283422459,3.166666666666667,0.08730638951539559,0.6569823249637345,7.298191660605646,2.2395833333333335
J.Goff,DET,2023,17,19,34,271,1,2,-2.5879641929907327,-0.07611659391149214,0.5588235294117647,7.970588235294118,0.6666666666666666,0.2308827438363089,0.666827731092437,6.930367647058824,2.916666666666667,0.16334367827632038,0.6729021362844892,7.431505339850928,2.4270833333333335
J.Goff,DET,2023,18,23,32,320,2,0,10.87409844600108,0.33981557643753374,0.71875,10.0,3.0,0.13692921491470275,0.6465336134453781,6.793014705882353,2.3333333333333335,0.1457239889622693,0.654917239623122,7.5089099503437735,2.3854166666666665
J.Goff,DET,2024,1,18,28,217,1,1,-4.808456408365052,-0.17173058601303756,0.6428571428571429,7.75,1.0,0.2671371447247642,0.6833639705882353,8.143014705882353,2.916666666666667,0.13203908048870994,0.6576397775019098,7.497546313980138,2.3854166666666665
J.Goff,DET,2024,2,34,55,307,0,2,-13.66827437686424,-0.24851407957934982,0.6181818181818182,5.581818181818182,0.3333333333333333,0.1122065011611072,0.6676076680672269,8.036397058823528,1.6666666666666665,0.11447295209207302,0.6558540632161957,7.623439171122994,2.4166666666666665
J.Goff,DET,2024,3,18,23,199,2,1,5.869152297440451,0.25518053467132396,0.782608695652174,8.652173913043478,1.5,-0.039136420766586466,0.6346531226126815,7.8256016042780745,1.25,0.09587316153486124,0.6507404268525593,7.377984625668448,2.0833333333333335
J.Goff,DET,2024,4,18,18,292,2,0,17.89840751833981,0.9943559732411005,1.0,16.22222222222222,3.0,0.04368786137911756,0.6905994141727838,7.995998023715416,1.4583333333333333,0.09030853814691017,0.6685665138090809,7.394506364798884,1.8958333333333333
J.Goff,DET,2024,6,18,25,315,3,0,19.55894776486755,0.782357910594702,0.72,12.6,4.0,0.20732296058000924,0.7609119141727838,9.551553579270971,1.4583333333333335,0.23723005265238675,0.7221379423805095,8.847284142576662,2.1875
J.Goff,DET,2024,7,22,25,280,2,0,14.917896740080323,0.5967158696032129,0.88,11.2,3.0,0.4458450847319441,0.7801976284584979,10.764053579270971,2.2083333333333335,0.27902579294652574,0.7239026482628624,9.40022531904725,1.9375
J.Goff,DET,2024,8,12,15,85,3,0,-3.5498791379890235,-0.23665860919926823,0.8,5.666666666666667,4.0,0.6571525720275848,0.8456521739130434,12.168599033816426,2.875,0.3090080756304992,0.7401526482628624,9.99710031904725,2.0625
J.Goff,DET,2024,9,18,22,145,1,0,5.942980538421371,0.27013547901915325,0.8181818181818182,6.590909090909091,2.0,0.5341927860599367,0.85,11.422222222222222,3.5,0.2889403237195272,0.770299707086392,9.709110122968818,2.4791666666666665
J.Goff,DET,2024,10,15,30,240,2,5,-1.8688213077679268,-0.062294043592264224,0.5,8.0,0.5,0.35313766250445,0.8045454545454546,9.014393939393939,3.25,0.2802303115422296,0.7827286843591191,9.282973759332457,2.3541666666666665
J.Goff,DET,2024,11,24,29,412,4,0,32.976435910502914,1.1371184796725142,0.8275862068965517,14.206896551724139,5.0,0.14197467395770838,0.7495454545454546,7.864393939393938,2.375,0.29390987934482626,0.7648715415019762,9.314223759332457,2.2916666666666665
J.Goff,DET,2024,12,26,36,269,0,0,9.311170491704349,0.25864362476956526,0.7222222222222222,7.472222222222222,1.0,0.27707532647503375,0.7364420062695924,8.616118077324975,2.875,0.4671139492513093,0.791047090091318,10.392358555570699,2.875
J.Goff,DET,2024,13,21,34,221,2,0,7.128169895617159,0.20965205575344584,0.6176470588235294,6.5,3.0,0.4009008849672421,0.7169975618251481,9.067506966213863,2.125,0.46754683551358944,0.783498780912574,10.244864594218043,2.8125
J.Goff,DET,2024,14,32,41,283,3,1,11.84859770108892,0.2889901878314371,0.7804878048780488,6.902439024390244,2.0,0.3857800291508153,0.6668638719855758,9.04477969348659,2.375,0.3694588458276326,0.7357046632655152,9.029586816440265,2.8125
J.Goff,DET,2024,15,38,59,494,5,0,27.99841333107237,0.474549378492752,0.6440677966101694,8.372881355932204,6.0,0.47360108700674064,0.736985823205088,8.770389449584151,2.75,0.30778788048222455,0.7432656388752713,8.317391694489045,2.5625
J.Goff,DET,2024,16,23,32,336,3,0,15.490683310386071,0.4840838534495647,0.71875,10.5,4.0,0.30795881171180006,0.6911062206334925,7.311885650636168,3.0,0.2925170690934169,0.7137741134515425,7.964001863980571,2.9375
J.Goff,DET,2024,17,26,34,303,3,0,21.921108355249476,0.6447384810367494,0.7647058823529411,8.911764705882353,4.0,0.36431886888179993,0.6902381650779369,8.068830095080612,3.75,0.38260987692452103,0.7036178634515424,8.568168530647238,2.9375
J.Goff,DET,2024,18,27,33,231,1,2,1.5881570649833985,0.04812597166616359,0.8181818181818182,7.0,0.6666666666666666,0.4730904752026258,0.7270028709602898,8.6717712715512,4.0,0.42943525217672057,0.6969333714729329,8.858275482518895,3.1875
J.Goff,DET,2025,1,31,39,225,1,1,1.3743778578947285,0.03524045789473663,0.7948717948717948,5.769230769230769,1.0,0.4128744211613074,0.7364263742862323,8.696161515453639,3.666666666666667,0.443237754084024,0.7367060987456602,8.733275482518895,3.2083333333333335
J.Goff,DET,2025,2,23,28,334,5,0,24.103420304085986,0.8608364394316423,0.8214285714285714,11.928571428571429,6.0,0.30304719101180355,0.7741273738516385,8.04524886877828,2.416666666666667,0.3055030013618018,0.7326167972425656,7.678567259707224,2.7083333333333335
J.Goff,DET,2025,3,20,28,202,1,0,14.249866356456977,0.508923798444892,0.7142857142857143,7.214285714285714,2.0,0.397235337507323,0.7997970167087813,8.402391725921138,2.916666666666667,0.3807771031945615,0.7450175908933592,8.235610910500874,3.3333333333333335
J.Goff,DET,2025,4,16,27,168,2,1,-1.0221093465403952,-0.03785590172371834,0.5925925925925926,6.222222222222222,1.5,0.36328166685935864,0.7871919746919747,7.978021978021978,2.416666666666667,0.4181860710309922,0.7570974228261322,8.32489662478659,3.2083333333333335
J.Goff,DET,2025,5,19,23,258,3,0,11.639841439959127,0.5060800626069186,0.8260869565217391,11.217391304347826,4.0,0.3417861985118882,0.7307946682946682,7.7835775335775335,2.6250000000000004,0.37733030983659777,0.7336105212904502,8.239869524515587,3.1458333333333335
J.Goff,DET,2025,6,23,29,203,2,0,6.713151381118223,0.23148797865924908,0.7931034482758621,7.0,3.0,0.45949609968993366,0.7385984587071543,9.145617667356799,3.3750000000000004,0.3812716453508686,0.7563629162793964,8.59543326806754,2.8958333333333335
J.Goff,DET,2025,7,20,29,241,1,1,-8.635040956975383,-0.2977600329991511,0.6896551724137931,8.310344827586206,1.0,0.3021589844968353,0.7315171779189771,7.913474810213941,2.6250000000000004,0.34969716100207915,0.7656570973138792,8.15793326806754,2.7708333333333335
J.Goff,DET,2025,9,25,37,284,2,0,4.1288096063833954,0.11158944882117285,0.6756756756756757,7.675675675675675,3.0,0.10048802663582457,0.7253595424509968,8.187489588539064,2.3750000000000004,0.23188484674759158,0.7562757585714857,8.08275578328052,2.3958333333333335
J.Goff,DET,2025,10,25,33,320,3,0,25.34362703664474,0.7679886980801437,0.7575757575757576,9.696969696969697,4.0,0.13784936427204736,0.7461303132217676,8.550852951902428,2.7500000000000004,0.23981778139196777,0.7384624907582179,8.16721524273998,2.6875
J.Goff,DET,2025,11,14,37,255,1,1,-14.263226809680678,-0.38549261647785615,0.3783783783783784,6.891891891891892,1.0,0.20332652314035363,0.7290025134852721,8.170747550057895,2.7500000000000004,0.3314113114151437,0.7338004860962133,8.658182608707346,3.0625
J.Goff,DET,2025,12,28,42,279,2,1,-6.8733894155409985,-0.16365212894145234,0.6666666666666666,6.642857142857143,1.5,0.04908137435607732,0.6253212460109012,8.143720523030867,2.2500000000000004,0.1756201794264563,0.6784192119649392,8.028597666622405,2.4375
J.Goff,DET,2025,13,20,26,256,2,0,9.494504789796594,0.36517326114602283,0.7692307692307693,9.846153846153847,3.0,0.08260835037050202,0.6195741195741196,7.726848601848602,2.3750000000000004,0.09154818850316329,0.6724668310125581,7.957169095193833,2.375
J.Goff,DET,2025,14,25,34,309,1,0,12.198009743105478,0.3587649924442788,0.7352941176470589,9.088235294117647,2.0,0.1460043034517145,0.642962892962893,8.269468144468146,2.3750000000000004,0.14192683386188093,0.6945466030923303,8.410160548185285,2.5625
J.Goff,DET,2025,15,25,41,338,3,0,12.801599703498884,0.31223413910972886,0.6097560975609756,8.24390243902439,4.0,0.043698377042748274,0.6373924829807183,8.117284543755133,1.8750000000000004,0.12351245009155096,0.6831974982329952,8.144016046906513,2.3125
J.Goff,DET,2025,16,34,54,364,3,0,10.851801495123159,0.20095928694672516,0.6296296296296297,6.7407407407407405,4.0,0.21813006593964454,0.6952369127763676,8.455287180538257,2.6250000000000004,0.13360572014786093,0.6602790793936344,8.299503851784563,2.4375
J.Goff,DET,2025,17,18,29,197,1,2,-7.942518796557058,-0.2738799585019675,0.6206896551724138,6.793103448275862,0.6666666666666666,0.3092829199116889,0.6859776535171084,8.479758080009155,3.2500000000000004,0.19594563514109548,0.6527758865456139,8.103303340928878,2.8125
J.Goff,DET,2025,18,27,42,331,1,1,12.297426850869888,0.292795877401664,0.6428571428571429,7.880952380952381,1.0,0.1495196149996913,0.6488423750025195,7.71649548053966,2.666666666666667,0.1477619592257029,0.6459026339827062,7.992981812503902,2.5208333333333335
J.Love,GB,2023,1,15,27,245,3,0,17.795653510178614,0.6590982781547635,0.5555555555555556,9.074074074074074,4.0,,,,,,,,
J.Love,GB,2023,2,14,25,151,3,0,2.6311388129449607,0.10524555251779842,0.56,6.04,4.0,,,,,,,,
J.Love,GB,2023,3,22,44,259,1,1,-1.9114087828989983,-0.04344110870224996,0.5,5.886363636363637,1.0,0.382171915336281,0.5577777777777778,7.557037037037038,4.0,0.382171915336281,0.5577777777777778,7.557037037037038,4.0
J.Love,GB,2023,4,23,36,246,1,2,-11.64017984635067,-0.32333832906529636,0.6388888888888888,6.833333333333333,0.6666666666666666,0.24030090732343734,0.5385185185185185,7.000145903479237,3.0,0.24030090732343734,0.5385185185185185,7.000145903479237,3.0
J.Love,GB,2023,5,16,30,182,0,3,-14.767112767702137,-0.4922370922567379,0.5333333333333333,6.066666666666666,0.25,0.0993910982262539,0.5636111111111111,6.958442760942761,2.4166666666666665,0.0993910982262539,0.5636111111111111,6.958442760942761,2.4166666666666665
J.Love,GB,2023,7,21,31,180,2,1,7.5664805464003715,0.24408001762581844,0.6774193548387096,5.806451612903226,1.5,-0.18844274437662145,0.5580555555555555,6.206590909090909,1.4791666666666667,-0.018934539870344456,0.5575555555555556,6.780087542087543,1.9833333333333332
J.Love,GB,2023,8,24,41,229,1,1,-7.905982737080194,-0.1928288472458584,0.5853658536585366,5.585365853658536,1.0,-0.15373412809961645,0.5874103942652329,6.148203812316716,0.8541666666666666,0.02490121971234936,0.5775328554360812,6.617814887223489,1.9027777777777777
J.Love,GB,2023,9,20,26,228,1,0,8.078893333065578,0.3107266666563684,0.7692307692307693,8.76923076923077,2.0,-0.19108106273551856,0.6087518576798671,6.07295436664044,0.8541666666666666,-0.006203075567394606,0.5786518551821462,6.470322168142782,1.7738095238095237
J.Love,GB,2023,10,21,40,289,2,2,5.195348850801602,0.12988372127004005,0.525,7.225,1.0,-0.03256481380510236,0.6413373277653371,6.5569287256147994,1.1875,0.03341314221057577,0.6024742194382242,6.75768574327878,1.8020833333333333
J.Love,GB,2023,11,27,40,322,2,0,10.750950282512573,0.2687737570628143,0.675,8.05,3.0,0.12296538957659213,0.6392539944320039,6.846512058948132,1.375,-0.03273867740001466,0.5986547749937797,6.526551484019521,1.4270833333333333
J.Love,GB,2023,12,22,32,268,3,0,12.759378605006113,0.398730581406441,0.6875,8.375,4.0,0.1291388244358411,0.6386491557223265,7.407399155722327,1.75,-0.012297651831887677,0.6130297749937796,6.777801484019521,1.3020833333333333
J.Love,GB,2023,13,25,36,267,3,0,15.392143603934805,0.42755954455374456,0.6944444444444444,7.416666666666667,4.0,0.2770286815989159,0.6641826923076923,8.104807692307693,2.5,0.0429738094316987,0.6364672749937796,7.0888810294740665,1.6770833333333333
J.Love,GB,2023,14,25,39,218,1,1,-0.21791342134478953,-0.005587523624225372,0.6410256410256411,5.589743589743589,1.0,0.30623690107325996,0.6454861111111111,7.766666666666667,3.0,0.1368360436340788,0.6434117194382242,7.1617976961407335,2.09375
J.Love,GB,2023,15,29,39,284,2,0,3.926120546559818,0.1006697576040979,0.7435897435897436,7.282051282051282,3.0,0.2723690898496936,0.6744925213675215,7.357852564102565,3.0,0.1976672397131429,0.6568732578997627,7.102182311525348,2.1875
J.Love,GB,2023,16,17,28,219,2,0,11.282902940933512,0.40296081931905403,0.6071428571428571,7.821428571428571,3.0,0.23034308998501452,0.6916399572649572,7.165865384615384,3.0,0.1797409572104278,0.6651445564936419,7.286632270168855,2.375
J.Love,GB,2023,17,24,33,256,3,0,14.013365820699597,0.424647449112109,0.7272727272727273,7.757575757575758,4.0,0.2314006494631678,0.6715506715506715,7.027472527472527,2.75,0.2542146655310419,0.667866681929182,7.566140109890109,2.625
J.Love,GB,2023,18,27,32,316,2,0,15.073805185603186,0.47105641205009957,0.84375,9.875,3.0,0.2306726256027589,0.6797577422577423,7.112699800199801,2.75,0.26845476333800944,0.6626219266844268,7.439683233433233,2.875
J.Love,GB,2024,1,17,34,260,2,1,2.8112247676982656,0.08268308140289016,0.5,7.647058823529412,1.5,0.3498336095213401,0.730438832001332,8.184013902763903,3.25,0.31110134968551684,0.7024656766844267,7.770933233433233,3.125
M.Willis,GB,2024,2,12,14,122,1,0,8.98679386245334,0.6419138473180956,0.8571428571428571,8.714285714285714,2.0,0.3453369404710382,0.6695413961038961,8.275265788133435,2.875,0.2878400152280264,0.6805906766844267,7.72056558637441,2.9375
M.Willis,GB,2024,3,13,19,202,1,0,3.52078201780931,0.1853043167268058,0.6842105263157895,10.631578947368421,2.0,0.40507519747079856,0.7320413961038961,8.498480073847722,2.625,0.3182379234669832,0.7017960338272838,7.7629763006601245,2.6875
J.Love,GB,2024,4,32,54,389,4,3,-5.017132399455283,-0.09290985924917192,0.5925925925925926,7.203703703703703,1.25,0.34523941437447275,0.7212758458646616,9.216980871295888,2.125,0.2879560199886158,0.7005167940612019,8.164840335747844,2.4375
J.Love,GB,2024,5,15,26,224,2,1,-0.7490976510351732,-0.028811448116737432,0.5769230769230769,8.615384615384615,1.5,0.2042478465496549,0.6584864940128098,8.549156797221814,1.6875,0.2770407280354975,0.6944626630070708,8.366585349992858,2.46875
J.Love,GB,2024,6,22,32,258,4,1,14.854657110941345,0.464208034716917,0.6875,8.0625,2.5,0.17637421416974802,0.677717263243579,8.791238245185614,1.6875,0.2608555773203931,0.6736293296737376,8.533252016659524,2.28125
J.Love,GB,2024,7,24,33,220,3,2,-0.6216179161382076,-0.018836906549642655,0.7272727272727273,6.666666666666667,1.3333333333333333,0.13194776101945338,0.6353065489578648,8.628291816614185,1.8125,0.268511479245126,0.6836739725308805,8.563385945230953,2.21875
J.Love,GB,2024,8,14,22,196,0,1,2.8724852073680496,0.13056750942582043,0.6363636363636364,8.909090909090908,0.5,0.08091245520034125,0.6460720991970992,7.637063746438747,1.6458333333333333,0.213075934787407,0.6836739725308804,8.427022308867317,1.8854166666666667
J.Love,GB,2024,9,23,39,273,0,1,-3.0812762437268844,-0.07900708317248421,0.5897435897435898,7.0,0.5,0.13678179736908933,0.6570148601398602,8.063410547785548,1.4583333333333333,0.17051482195937212,0.6577506770763349,8.30628367250368,1.5729166666666667
J.Love,GB,2024,11,13,17,261,1,1,13.075745527574327,0.7691615016220192,0.7647058823529411,15.352941176470589,1.0,0.12423288860515264,0.6602199883449883,7.659564393939394,1.2083333333333333,0.15030355138745033,0.6689686257942836,8.225401319562504,1.4479166666666667
J.Love,GB,2024,12,13,23,163,2,0,6.631264539280345,0.288315849533928,0.5652173913043478,7.086956521739131,3.0,0.2004712553314282,0.6795214589332236,9.482174688057041,0.8333333333333333,0.16620950817544078,0.6574140039455442,9.055233252335613,1.3229166666666667
J.Love,GB,2024,13,21,28,274,2,0,12.667359238268414,0.4524056870810148,0.75,9.785714285714286,3.0,0.27725944435232086,0.6390076249411287,9.587247151825157,1.25,0.17908594977633105,0.6425398620691141,8.61215544913195,1.4479166666666665
J.Love,GB,2024,14,12,20,206,1,0,6.701136507617775,0.33505682538088877,0.6,10.3,2.0,0.35771898876611946,0.6674167158502197,9.806402995981001,1.875,0.2472503930676044,0.6622157879950399,8.934906771883274,1.6666666666666665
J.Love,GB,2024,15,20,27,229,2,0,10.782306672222292,0.3993446915637886,0.7407407407407407,8.481481481481481,3.0,0.4612349659044627,0.6699808184143222,10.631402995981002,2.25,0.2927339272548077,0.6651004033796553,9.145483694960198,1.7291666666666665
J.Love,GB,2024,16,16,28,182,1,0,3.255589010599448,0.11627103609283743,0.5714285714285714,6.5,2.0,0.36878076338990506,0.6639895330112721,8.913538072233726,2.75,0.2846260093606666,0.6717554959722478,9.197856380145383,1.7916666666666665
J.Love,GB,2024,17,19,30,185,1,0,0.7544746832186138,0.025149156107287126,0.6333333333333333,6.166666666666667,2.0,0.32576956002963237,0.665542328042328,8.766798941798942,2.5,0.30151450219097664,0.6522749764917284,9.17702304681205,1.875
M.Willis,GB,2024,18,10,13,136,0,0,-2.7617367076681907,-0.21244128520524544,0.7692307692307693,10.461538461538462,1.0,0.2189554272862005,0.6363756613756614,7.862037037037037,2.25,0.28833720802616,0.6518961886129405,8.834220016509018,2.0625
J.Love,GB,2025,1,16,22,188,2,0,10.06529425203067,0.45751337509230317,0.7272727272727273,8.545454545454545,3.0,0.08208089963966694,0.6786833536833536,7.902421652421652,2.0,0.2716579327720648,0.674332086048838,9.266912324201327,2.125
J.Love,GB,2025,2,19,31,292,2,0,6.662380209949733,0.21491549064353976,0.6129032258064516,9.419354838709678,3.0,0.09662307052179557,0.6753163503163504,7.9184149184149195,2.0,0.2327019169558503,0.6696529416638113,8.41597649532432,2.375
J.Love,GB,2025,3,18,25,183,1,1,-0.9422872209794448,-0.03769148883917779,0.72,7.32,1.0,0.12128418415947115,0.6856850139108204,8.648253628092338,2.25,0.2235268720945518,0.6756136709765742,8.70752628494564,2.375
J.Love,GB,2025,4,31,43,337,3,0,21.450974295086887,0.498859867327602,0.7209302325581395,7.837209302325581,4.0,0.10557402292285493,0.707351680577487,8.936586961425672,2.0,0.1622647251045277,0.6718636709765742,8.399311999231355,2.125
J.Love,GB,2025,6,19,26,259,1,1,7.356112143495093,0.28292739013442664,0.7307692307692307,9.961538461538462,1.0,0.28339931105606675,0.6952765464093296,8.28050467162245,2.75,0.18274010534786686,0.6869799500463416,8.091463162022052,2.375
J.Love,GB,2025,7,19,29,179,1,0,6.063561517960258,0.20908832820552614,0.6551724137931034,6.172413793103448,2.0,0.23975281481659766,0.6961506722834554,8.634525650643429,2.25,0.16818794266919662,0.6857335112999029,8.276470284529175,2.125
J.Love,GB,2025,8,29,37,360,3,0,22.352007517259448,0.6041083112772824,0.7837837837837838,9.72972972972973,4.0,0.23829602420709428,0.7067179692801184,7.822790389241873,2.0,0.1797901041832827,0.6962014915954694,8.235522008667106,2.125
J.Love,GB,2025,9,26,37,273,0,1,5.899998472000961,0.15945941816218814,0.7027027027027027,7.378378378378378,0.5,0.3987459742362093,0.7226639152260643,8.425222821674305,2.75,0.2521599985795321,0.7150077979017757,8.680904891549988,2.375
J.Love,GB,2025,10,20,36,176,0,0,-8.137690771834327,-0.22604696588428685,0.5555555555555556,4.888888888888889,1.0,0.3138958619448558,0.7181070327622052,8.310515090687504,1.875,0.2986475865004613,0.7066917895857674,8.295509881154977,2.3125
J.Love,GB,2025,11,13,24,174,2,0,10.40877283333987,0.43369886805582797,0.5416666666666666,7.25,3.0,0.18665227294017744,0.6743036139587864,7.042352697525112,1.875,0.21320254387838755,0.6852271431211209,7.838439174084271,2.0625
J.Love,GB,2025,12,14,21,139,0,0,5.490758609189893,0.2614646956757092,0.6666666666666666,6.619047619047619,1.0,0.2428049079027529,0.6459271771771773,7.3117492492492495,2.125,0.24055046605492358,0.6763225732286479,7.567269819245562,2.0625
J.Love,GB,2025,13,18,30,234,4,0,16.350408765736013,0.5450136255245338,0.6,7.8,5.0,0.15714400400235962,0.6166478978978979,6.534078721578721,1.375,0.27794498911928445,0.669655906561981,7.479650771626513,2.0625
J.Love,GB,2025,14,17,25,234,3,1,8.027323357702699,0.3210929343081079,0.68,9.36,2.0,0.25353255584294604,0.5909722222222222,6.639484126984127,2.5,0.2837142088939009,0.6545396274922137,7.474999608835816,2.1875
J.Love,GB,2025,15,24,40,276,1,2,-0.5307070007615726,-0.013267675019039315,0.6,6.9,0.6666666666666666,0.3903175308910447,0.6220833333333333,7.757261904761904,2.75,0.2884849019156111,0.6481934736460598,7.3998073011435075,2.3125
J.Love,GB,2025,16,8,13,77,0,0,0.09438085272701757,0.007260065594385967,0.6153846153846154,5.923076923076923,1.0,0.27857589512232794,0.6366666666666667,7.669761904761904,2.1666666666666665,0.2606904015125404,0.641296921921922,7.490755577005577,2.145833333333333
M.Willis,GB,2025,17,18,21,288,1,0,18.09736126777716,0.8617791079893886,0.8571428571428571,13.714285714285714,2.0,0.21502473760199708,0.6238461538461539,7.4957692307692305,2.1666666666666665,0.18608437080217838,0.6202470258720258,7.014923976173976,1.7708333333333333
C.Tune,GB,2025,18,6,11,34,0,0,-13.172015243500937,-1.1974559312273578,0.5454545454545454,3.090909090909091,1.0,0.29421610821821076,0.6881318681318681,8.974340659340658,1.4166666666666665,0.2738743320305784,0.6395520451770451,7.806912393162394,1.9583333333333335
C.Stroud,HOU,2023,1,28,44,242,0,0,-11.156192205151807,-0.2535498228443593,0.6363636363636364,5.5,1.0,,,,,,,,
C.Stroud,HOU,2023,2,30,47,384,2,0,7.303065555903382,0.1553843735298592,0.6382978723404256,8.170212765957446,3.0,,,,,,,,
C.Stroud,HOU,2023,3,20,30,280,2,0,14.348350209458214,0.47827834031527383,0.6666666666666666,9.333333333333334,3.0,-0.04908272465725004,0.637330754352031,6.835106382978723,2.0,-0.04908272465725004,0.637330754352031,6.835106382978723,2.0
C.Stroud,HOU,2023,4,16,30,306,2,0,9.840384931335983,0.32801283104453277,0.5333333333333333,10.2,3.0,0.1267042970002579,0.6471093917902428,7.667848699763593,2.3333333333333335,0.1267042970002579,0.6471093917902428,7.667848699763593,2.3333333333333335
C.Stroud,HOU,2023,5,20,35,249,1,0,3.2933569529967612,0.0940959129427646,0.5714285714285714,7.114285714285714,2.0,0.17703143051132664,0.6186653771760154,8.300886524822694,2.5,0.17703143051132664,0.6186653771760154,8.300886524822694,2.5
C.Stroud,HOU,2023,6,13,27,199,2,1,-0.315728024306809,-0.011693630529881816,0.48148148148148145,7.37037037037037,1.5,0.2639428644581076,0.6024316109422493,8.704457953394122,2.75,0.1604443269976142,0.6092180160265267,8.063566362715298,2.4
C.Stroud,HOU,2023,8,16,24,140,0,0,1.4899864267646334,0.06208276778185973,0.6666666666666666,5.833333333333333,1.0,0.22217336344317234,0.5632275132275132,8.504497354497355,2.375,0.1317546674096982,0.5879285936023525,7.948033697324477,2.25
C.Stroud,HOU,2023,9,30,42,470,5,0,27.471964593821205,0.6540943950909811,0.7142857142857143,11.19047619047619,6.0,0.11812447030981882,0.5632275132275132,7.629497354497354,1.875,0.12180153889143557,0.5991768897543973,7.6459336453257425,2.0714285714285716
C.Stroud,HOU,2023,10,23,39,356,1,1,5.137883713780642,0.1317406080456575,0.5897435897435898,9.128205128205128,1.0,0.1996448613214309,0.6084656084656085,7.8771164021164015,2.625,0.18833814591637876,0.613565492820812,8.089001463469549,2.5625
C.Stroud,HOU,2023,11,27,37,336,2,3,3.795734735649568,0.10258742528782616,0.7297297297297297,9.08108108108108,0.75,0.20905603509715412,0.6130443630443629,8.380596255596256,2.375,0.23649944977763088,0.6077379869933061,8.54252710449519,2.5625
C.Stroud,HOU,2023,12,26,36,304,2,0,0.7591409554233532,0.02108724876175981,0.7222222222222222,8.444444444444445,3.0,0.2376262990515811,0.675106425106425,8.808273933273933,2.1875,0.22989983124737673,0.6191669691669691,8.656385643885644,2.28125
C.Stroud,HOU,2023,13,16,27,274,1,0,0.30177717242855506,0.011176932312168706,0.5925925925925926,10.148148148148149,2.0,0.22737741929655614,0.688995313995314,9.461051711051711,2.6875,0.1727509448031875,0.6261114136114135,8.545274532774533,2.28125
C.Stroud,HOU,2023,14,10,23,91,0,0,-16.43346299935365,-0.7144983912762457,0.43478260869565216,3.9565217391304346,1.0,0.06664805360185304,0.6585720335720335,9.2004697004697,1.6875,0.13314645746164197,0.633518821018821,8.53879305129305,2.15625
C.Keenum,HOU,2023,15,23,36,229,1,1,-2.5340544037528776,-0.0703904001042466,0.6388888888888888,6.361111111111111,1.0,-0.14491169622862277,0.6198317883100493,7.907548853201027,1.6875,0.03207216943426569,0.6164380756772061,8.14407255439864,2.03125
D.Mills,HOU,2023,16,15,32,149,2,0,3.6321571189328097,0.1135049099666503,0.46875,4.65625,3.0,-0.18815615257664095,0.5971215780998389,7.227556360708535,1.75,0.024735073237470092,0.636114001603132,8.017915146991234,1.96875
C.Stroud,HOU,2023,17,24,32,213,1,0,4.086053234528455,0.12768916357901422,0.75,6.65625,2.0,-0.16505173727541833,0.5337535225442833,6.280507749597424,1.75,0.03116284101056891,0.6113744182697987,7.870779730324567,2.21875
C.Stroud,HOU,2023,18,20,26,264,2,0,12.062857357430085,0.4639560522088494,0.7692307692307693,10.153846153846153,3.0,-0.13592367945870695,0.5731053743961352,5.407533212560386,1.75,-0.03463781292842695,0.6158387039840844,7.304001456515044,1.71875
C.Stroud,HOU,2024,1,24,32,234,2,0,7.507696996312891,0.23461553113477784,0.75,7.3125,3.0,0.15868993141256682,0.6567174145299145,6.956864316239316,2.25,0.006889117591972041,0.6382746014199818,7.432206584720172,1.96875
C.Stroud,HOU,2024,2,23,36,260,1,0,1.608856120066673,0.0446904477796298,0.6388888888888888,7.222222222222222,2.0,0.23494141422232293,0.6844951923076923,7.194711538461538,2.75,0.023392630822840998,0.6408083852037656,7.211133949585037,2.25
C.Stroud,HOU,2024,3,20,31,215,1,2,-8.837021846909444,-0.2850652208680466,0.6451612903225806,6.935483870967742,0.6666666666666666,0.2177377986755678,0.7270299145299145,7.836204594017094,2.5,0.026343030700074748,0.630391718537099,7.058356171807259,2.125
C.Stroud,HOU,2024,4,27,40,345,2,0,14.305587934855184,0.3576396983713796,0.675,8.625,3.0,0.1145492025638026,0.7008202371105596,7.90601306175903,2.1666666666666665,-0.010687238447452164,0.6369628057533474,6.656773137159708,1.9583333333333333
C.Stroud,HOU,2024,5,28,38,331,1,1,6.2263078053876795,0.16385020540493894,0.7368421052631579,8.710526315789474,1.0,0.08797011410443516,0.6772625448028674,7.523801523297491,2.1666666666666665,0.123330022758501,0.666989979666391,7.240332919768404,2.2083333333333335
C.Stroud,HOU,2024,6,20,31,192,3,1,2.623923754506483,0.08464270175827365,0.6451612903225806,6.193548387096774,2.0,0.07027878267197543,0.6739730711186569,7.873308102244859,1.6666666666666665,0.15261009844714918,0.6792341317131746,7.534009820353199,2.2083333333333335
C.Stroud,HOU,2024,7,10,21,86,0,0,-11.363515555555596,-0.5411197883597902,0.47619047619047616,4.095238095238095,1.0,0.0802668461666364,0.6755411714770798,7.616139643463498,1.6666666666666665,0.14900232242110212,0.7012855430034972,7.726172118740296,2.0833333333333335
C.Stroud,HOU,2024,8,25,37,285,1,0,5.5037074731111515,0.14874885062462573,0.6756756756756757,7.702702702702703,2.0,0.016253204293700474,0.6332984679440536,6.906078199531086,1.75,0.06540120342875155,0.6670593525273067,7.406045630645058,1.9583333333333333
C.Stroud,HOU,2024,9,11,30,191,0,0,-13.43764722783453,-0.447921574261151,0.36666666666666664,6.366666666666666,1.0,-0.03596950764298798,0.6334673868629725,6.675503875206761,1.5,0.02600030323072361,0.65536496583292,7.099652699252126,1.8333333333333333
C.Stroud,HOU,2024,10,19,33,232,1,2,-5.874458842751671,-0.17801390432580821,0.5757575757575758,7.03030303030303,0.6666666666666666,-0.18891245255951045,0.5409235272138497,6.08953896292606,1.5,-0.059316834943767494,0.6074482991662533,6.98142353258546,1.5833333333333333
C.Stroud,HOU,2024,11,23,34,257,0,1,6.418011947523786,0.18876505728011134,0.6764705882352942,7.5588235294117645,0.5,-0.2545766040805309,0.5235725985725985,6.298727623727624,1.1666666666666665,-0.08715487895694725,0.5995568850248392,6.957433633595561,1.4166666666666667
C.Stroud,HOU,2024,12,20,33,247,2,2,-6.365417903699746,-0.19289145162726504,0.6060606060606061,7.484848484848484,1.0,-0.07210539267055552,0.573642626583803,7.164623982271041,1.0416666666666667,-0.0279260941884275,0.6034705472639285,7.035351090901063,1.3958333333333335
C.Stroud,HOU,2024,13,22,34,242,1,0,2.8301942070348893,0.08324100608926145,0.6470588235294118,7.117647058823529,2.0,-0.15751546823352822,0.5562388591800357,7.110160427807487,0.7916666666666666,-0.09674248793825808,0.5948531230215041,6.892832151507124,1.1458333333333335
C.Stroud,HOU,2024,15,18,26,131,2,0,-6.688229880207084,-0.25723961077719554,0.6923076923076923,5.038461538461538,3.0,-0.024724823145925102,0.626336898395722,7.297905525846702,1.0416666666666665,-0.10681863785271778,0.5836302128047859,6.693722244386381,1.2708333333333335
C.Stroud,HOU,2024,16,23,39,244,2,2,6.035946416850766,0.15476785684232736,0.5897435897435898,6.256410256410256,1.0,-0.04453124975877193,0.6554744275332511,6.799945152886329,1.625,-0.14955392691965141,0.5895235130529248,6.549336388306976,1.3958333333333335
C.Stroud,HOU,2024,17,17,31,185,0,1,-18.879973261326086,-0.609031395526648,0.5483870967741935,5.967741935483871,0.5,-0.053030549868217924,0.633792677910325,6.474341834635952,1.75,-0.06256797126938671,0.603717652247064,6.819482908453496,1.3958333333333335
D.Mills,HOU,2024,18,12,22,128,0,0,-3.762977971753571,-0.17104445326152595,0.5454545454545454,5.818181818181818,1.0,-0.15706553584306365,0.6193743005887219,6.095065197294798,1.625,-0.15729050203829592,0.5878065798843788,6.6026128125511425,1.2083333333333335
C.Stroud,HOU,2025,1,19,27,188,0,1,-4.065033344958763,-0.15055679055402824,0.7037037037037037,6.962962962962963,0.5,-0.2206369006807605,0.5939732310700052,5.770198887134371,1.375,-0.12268086191334279,0.6101550647328636,6.534052206490537,1.2083333333333335
C.Stroud,HOU,2025,2,13,24,207,1,0,-4.481482616525894,-0.18672844235524558,0.5416666666666666,8.625,2.0,-0.19396619562496867,0.5968222339190081,6.251324243259727,0.75,-0.1192487226918703,0.6261483307261296,6.525634698073028,1.1875
C.Stroud,HOU,2025,3,25,38,204,1,2,-4.190346033706602,-0.11027226404491057,0.6578947368421053,5.368421052631579,0.6666666666666666,-0.27934027042436194,0.5848030031497773,6.8434716791571635,1.0,-0.1661854101462899,0.6092978405300511,6.658906756896558,1.375
C.Stroud,HOU,2025,4,22,28,233,2,0,8.211450432493871,0.2932660868747811,0.7857142857142857,8.321428571428571,3.0,-0.15465048755392755,0.6121799131667552,6.69364145844409,1.0416666666666667,-0.15585801169849559,0.6157771068777386,6.394353327869444,1.3333333333333333
C.Stroud,HOU,2025,5,23,27,244,4,0,18.24793267996667,0.6758493585172841,0.8518518518518519,9.037037037037036,5.0,-0.03857285251985079,0.6722448482316903,7.319453146755778,1.5416666666666665,-0.12960487660030562,0.6331090396508477,6.544826016945075,1.4583333333333335
C.Stroud,HOU,2025,7,23,49,229,1,1,-13.52440370475038,-0.27600823887245673,0.46938775510204084,4.673469387755102,1.0,0.1680286847479773,0.7092818852687274,7.837971665274297,2.6666666666666665,-0.012968755438495683,0.6530520595938677,7.0446479542670115,1.7083333333333335
C.Stroud,HOU,2025,8,30,39,318,2,1,19.188032113091264,0.4920008234125965,0.7692307692307693,8.153846153846153,1.5,0.1457087356186745,0.6912121573775709,6.850089012213072,2.4166666666666665,-0.0668157674028437,0.6380075802636741,6.846780345685118,1.7083333333333335
D.Mills,HOU,2025,9,17,30,137,0,0,-5.678505135843193,-0.18928350452810644,0.5666666666666667,4.566666666666666,1.0,0.2962770074830513,0.7190461654747369,7.546445287516716,2.625,0.07081325996456186,0.665613039320746,7.120043372980403,1.8333333333333335
D.Mills,HOU,2025,10,27,45,292,2,1,0.7544076708290387,0.016764614907311973,0.6,6.488888888888889,1.5,0.17563960963232939,0.6642842607128322,6.607754811326239,2.125,0.0685333785562393,0.6682645544722613,6.963603979041009,1.8333333333333335
D.Mills,HOU,2025,11,26,41,274,1,0,-0.19297715448123487,-0.004706759865395972,0.6341463414634146,6.682926829268292,2.0,0.01086842372983635,0.6013212977498692,5.970717774289202,1.25,0.08944855423890682,0.6553015915092982,6.90434471978175,1.9583333333333335
D.Mills,HOU,2025,12,16,30,153,2,0,-6.352323018502744,-0.21174410061675814,0.5333333333333333,5.1,3.0,0.07869379348160153,0.6425109443402126,6.4730821346675,1.5,0.11220126455013803,0.6668615508588918,6.661585573440286,1.9583333333333335
C.Stroud,HOU,2025,13,22,35,276,0,1,7.595687960062666,0.21701965600179043,0.6285714285714286,7.885714285714286,0.5,-0.09724243752573712,0.5835365853658536,5.709620596205962,1.875,0.09951728497865708,0.6512913754202954,6.628032941861339,2.25
C.Stroud,HOU,2025,14,15,31,203,1,0,0.1888540767831728,0.006092066993005574,0.4838709677419355,6.548387096774194,2.0,0.004333352606737097,0.5990127758420442,6.539382500967867,1.75,0.08998648111953325,0.6316485182774382,6.573568656147053,1.9375
C.Stroud,HOU,2025,15,22,29,260,3,0,15.128921640948635,0.5216869531361599,0.7586206896551724,8.96551724137931,4.0,0.001665215628160497,0.569980517777528,6.554257052939192,1.875,0.006266819678998427,0.5856509077636987,6.262487413614197,1.5625
C.Stroud,HOU,2025,16,23,35,187,1,0,2.8858946117398543,0.08245413176399584,0.6571428571428571,5.3428571428571425,2.0,0.13326364387854947,0.6010991048254675,7.124904655966947,2.375,0.1059787186800755,0.62180502458284,6.798993395317224,1.9375
C.Stroud,HOU,2025,17,16,28,244,2,2,-4.726699392707863,-0.1688106925967094,0.5714285714285714,8.714285714285714,1.0,0.20681320197373795,0.6320514857778484,7.185618941681232,2.125,0.054785382224000416,0.6077940355718511,6.447619768943597,2.0
C.Stroud,HOU,2025,18,14,23,169,1,0,4.116059748357543,0.17895911949380622,0.6086956521739131,7.3478260869565215,2.0,0.110355614824113,0.6177657714921341,7.39276179882409,2.25,0.05734448371542505,0.6083892736670891,6.966072149895978,2.0
A.Richardson,IND,2023,1,24,37,223,1,1,-4.387141410610639,-0.1185713894759632,0.6486486486486487,6.027027027027027,1.0,,,,,,,,
G.Minshew,IND,2023,2,19,23,171,1,0,8.907145353119489,0.38726718926606474,0.8260869565217391,7.434782608695652,2.0,,,,,,,,
G.Minshew,IND,2023,3,27,44,227,1,0,-8.418345229189796,-0.19132602793613174,0.6136363636363636,5.159090909090909,2.0,0.13434789989505078,0.737367802585194,6.73090481786134,1.5,0.13434789989505078,0.737367802585194,6.73090481786134,1.5
A.Richardson,IND,2023,4,11,25,200,2,0,7.211916146276286,0.2884766458510514,0.44,8.0,3.0,0.025789923951323273,0.6961239896022505,6.206966848271196,1.6666666666666667,0.025789923951323273,0.6961239896022505,6.206966848271196,1.6666666666666667
G.Minshew,IND,2023,5,11,14,155,0,0,7.407801365479827,0.5291286689628448,0.7857142857142857,11.071428571428571,1.0,0.09146160442625531,0.6320929922016879,6.655225136203397,2.0,0.09146160442625531,0.6320929922016879,6.655225136203397,2.0
G.Minshew,IND,2023,6,33,55,329,1,3,-11.561452929262398,-0.21020823507749814,0.6,5.9818181818181815,0.5,0.25338661903595733,0.6663594014680971,7.916325522303783,2.0,0.1789950173335732,0.6628172509042074,7.5384658232484325,1.8
G.Minshew,IND,2023,7,15,23,305,2,1,0.7342462386582906,0.031923749506882204,0.6521739130434783,13.26086956521739,1.5,0.10401776295006658,0.6098376623376623,7.553084415584415,1.625,0.11412780859839466,0.6523477090868396,7.279024549676723,1.5833333333333333
G.Minshew,IND,2023,8,23,41,213,2,1,-2.0379720588497103,-0.04970663558170025,0.5609756097560976,5.195121951219512,1.5,0.1598302073108201,0.619472049689441,9.578529079616036,1.5,0.10238437158532145,0.6523228810806451,8.133573837611104,1.5714285714285714
G.Minshew,IND,2023,9,17,26,127,1,0,-1.0497175877787492,-0.04037375337610574,0.6538461538461539,4.884615384615385,2.0,0.07528438695263215,0.6497159521284654,8.877309567420914,1.125,0.08337299568944373,0.6409044721650766,7.766267351812155,1.5625
G.Minshew,IND,2023,10,18,28,194,0,1,2.4175481618581065,0.08634100578064666,0.6428571428571429,6.928571428571429,0.5,-0.0670912186321055,0.6167489191614324,7.330606270717617,1.375,0.09314770020192592,0.6415541603147649,7.623465896510701,1.6875
G.Minshew,IND,2023,12,24,41,251,0,1,-0.0971001128042519,-0.0023682954342500464,0.5853658536585366,6.121951219512195,0.5,0.007046091582430705,0.6274632048757182,7.567294582405929,1.375,0.05553192726624866,0.6186504336066903,7.560189498995172,1.5
G.Minshew,IND,2023,13,26,42,312,2,0,2.043761869994218,0.048660996904624235,0.6190476190476191,7.428571428571429,3.0,-0.0015269196528523575,0.6107611900294827,5.78256499597963,1.125,0.07915164382898386,0.6151166198594619,7.680547037797833,1.3125
G.Minshew,IND,2023,14,26,39,240,1,1,0.6185343260919751,0.01585985451517885,0.6666666666666666,6.153846153846154,1.0,0.023064988468728766,0.6252791923523631,6.34092736531761,1.5,0.04917468771068047,0.6374975722404143,7.609118466369262,1.3125
G.Minshew,IND,2023,15,18,28,215,3,0,-0.6965998019654951,-0.02487856435591054,0.6428571428571429,7.678571428571429,4.0,0.037123390441549914,0.6284843205574913,6.658235057625301,1.25,-0.014983914095277778,0.6226166198594619,6.99442066417146,1.3125
G.Minshew,IND,2023,16,20,37,201,0,1,-8.085402387826932,-0.21852438886018735,0.5405405405405406,5.4324324324324325,0.5,0.009318497907410614,0.6284843205574913,6.845735057625301,2.125,0.008182294744920672,0.6279737627166047,7.206514820015616,1.75
G.Minshew,IND,2023,17,15,23,224,1,0,11.492219796404243,0.49966173027844535,0.6521739130434783,9.73913043478261,2.0,-0.04472052544907371,0.6172779922779923,6.6733553608553615,2.125,-0.023123722550963025,0.6140195911537375,6.227960178417495,1.625
G.Minshew,IND,2023,18,13,24,141,0,0,-3.5127571244969955,-0.1463648801873748,0.5416666666666666,5.875,1.0,0.06802965789438156,0.625559565776957,7.250995112408156,1.875,0.04554732318155518,0.62541937906466,6.795961238862883,1.6875
A.Richardson,IND,2024,1,9,19,212,2,1,-3.033125795656815,-0.15963819977141133,0.47368421052631576,11.157894736842104,1.5,0.027473474218743146,0.5943095657769571,7.181283573946618,1.875,0.03229843233014655,0.6113969431672241,6.91975931578596,1.5625
A.Richardson,IND,2024,2,17,34,204,1,3,-8.040493547734384,-0.23648510434512893,0.5,6.0,0.5,-0.006216434635132051,0.5520163326942503,8.051114401014287,1.25,0.0015510316361392988,0.5902503266258708,7.448424729319794,1.6875
A.Richardson,IND,2024,3,10,20,167,0,2,-10.29302441625623,-0.5146512208128116,0.5,8.35,0.3333333333333333,-0.010706613506367445,0.5418811975591151,8.193006292906178,1.25,-0.02771356947772056,0.5795795949185537,7.43318082688077,1.6875
J.Flacco,IND,2024,4,16,26,168,2,0,7.757926788051728,0.2983817995404511,0.6153846153846154,6.461538461538462,3.0,-0.26428485127918167,0.5038377192982456,7.845723684210526,0.8333333333333334,-0.09812759669240004,0.5646986425376014,7.548359398309341,1.3541666666666667
J.Flacco,IND,2024,5,33,44,359,3,0,10.4048808673696,0.2364745651674909,0.75,8.159090909090908,4.0,-0.15309818134722522,0.5222672064777328,7.992358299595141,1.3333333333333335,-0.062812353564241,0.5582883861273449,7.58682093677088,1.6041666666666667
J.Flacco,IND,2024,6,22,38,189,2,1,1.5733930395443276,0.041405079988008624,0.5789473684210527,4.973684210526316,1.5,-0.054069990112499654,0.5913461538461539,7.242657342657343,1.9583333333333335,-0.030143212373815825,0.5716812432702021,7.646885871835814,1.6041666666666667
A.Richardson,IND,2024,7,10,24,129,0,0,-5.32929617855242,-0.22205400743968418,0.4166666666666667,5.375,1.0,0.01540255597078474,0.611082995951417,6.986078395288921,2.2083333333333335,0.002347971232208669,0.5764820967552662,7.58954234409755,1.7291666666666667
A.Richardson,IND,2024,8,10,32,175,1,1,-8.092272650386853,-0.25288352032458916,0.3125,5.46875,1.0,0.08855185931406659,0.5902496626180836,6.242328395288921,2.375,-0.08786649598255752,0.5470436909581646,7.044026039749724,1.6041666666666667
J.Flacco,IND,2024,9,16,27,179,0,1,-8.775372928424066,-0.3250138121638543,0.5925925925925926,6.62962962962963,0.5,-0.04926447065219347,0.5145285087719298,5.994131279904305,1.875,-0.10118132599970932,0.5183978576248314,6.993244789749724,1.6041666666666667
J.Flacco,IND,2024,10,26,35,272,2,3,-12.451161307303776,-0.355747465922965,0.7428571428571429,7.771428571428571,0.75,-0.18963656498502976,0.475176656920078,5.611765960038986,1.0,-0.12185327754876468,0.533261405383116,6.4272116513481645,1.4791666666666667
A.Richardson,IND,2024,11,20,30,272,1,0,8.690708180895307,0.2896902726965102,0.6666666666666666,9.066666666666666,2.0,-0.28892470146277316,0.5161541005291006,6.3112020502645505,0.8125,-0.1367610727459942,0.5636185482402588,6.648640222776736,1.5104166666666667
A.Richardson,IND,2024,12,11,28,172,0,0,-2.591627109820388,-0.09255811106501385,0.39285714285714285,6.142857142857143,1.0,-0.1609886314287246,0.5786541005291005,7.234118716931217,1.0625,-0.03621838605732897,0.5844518815735921,6.73822355611007,1.71875
A.Richardson,IND,2024,13,12,24,109,2,2,-1.4226152612539722,-0.05927563588558218,0.5,4.541666666666667,1.0,-0.12090727911383076,0.5987433862433862,7.402645502645503,1.0625,-0.0850858748830121,0.556635947507658,6.6983883912749045,1.46875
A.Richardson,IND,2024,15,17,38,172,0,2,-15.755782451023025,-0.41462585397429014,0.4473684210526316,4.526315789473684,0.3333333333333333,-0.05447273504426274,0.575595238095238,6.880654761904762,1.1875,-0.12205465001464623,0.525385947507658,6.246210360971874,1.09375
A.Richardson,IND,2024,16,7,11,131,1,1,2.424384397279937,0.22039858157090333,0.6363636363636364,11.909090909090908,1.0,-0.06919233205709402,0.5017230576441103,6.06937656641604,1.0833333333333333,-0.1790585167599336,0.5089385790866054,6.1902893083402954,0.9479166666666666
J.Flacco,IND,2024,17,26,38,330,2,2,7.237719444592963,0.19046630117349903,0.6842105263157895,8.68421052631579,1.0,-0.08651525483849576,0.4941473000683527,6.7799826270221,0.8333333333333333,-0.12375194313361014,0.5364007002987267,7.007050671976659,0.9479166666666667
J.Flacco,IND,2024,18,23,40,264,1,0,-3.695000031663909,-0.09237500079159773,0.575,6.6,2.0,-0.015759151778867525,0.5669856459330144,7.415320972886763,0.8333333333333333,-0.0683332154463491,0.5828645160882003,7.408983237766132,0.9479166666666667
D.Jones,IND,2025,1,22,29,272,1,0,12.997713351082982,0.44819701210630974,0.7586206896551724,9.379310344827585,2.0,-0.024033993005371408,0.5857356459330143,7.929904306220095,1.0833333333333333,-0.039253364024817036,0.5806654420141263,7.405279534062428,1.1354166666666667
D.Jones,IND,2025,2,23,34,316,1,0,10.95338626059685,0.32215841942931916,0.6764705882352942,9.294117647058824,2.0,0.19167172351477857,0.6635487130836496,9.14315294505857,1.5,0.06123969572884231,0.5826358853638799,7.606264755737305,1.2916666666666667
D.Jones,IND,2025,3,18,25,228,1,0,10.818640147236174,0.43274560588944694,0.72,9.12,2.0,0.21711168297938252,0.673575451051564,8.48940962955055,1.75,0.06529821407044342,0.5838613755599583,7.6346961282863255,1.2916666666666667
D.Jones,IND,2025,4,24,33,262,1,2,4.143268179661794,0.12555358120187254,0.7272727272727273,7.9393939393939394,0.6666666666666666,0.27768150915836953,0.6825228194726166,8.598356997971603,2.0,0.13096117868975105,0.6247542327028155,8.006838985429182,1.4166666666666667
D.Jones,IND,2025,5,20,29,212,2,0,12.359543740560534,0.4261911634676046,0.6896551724137931,7.310344827586207,3.0,0.3321636546567371,0.7205910012907984,8.933205482820087,1.6666666666666665,0.15406483082568287,0.6531633236119064,8.43155489452009,1.375
D.Jones,IND,2025,6,22,30,212,2,1,2.8482230268754942,0.09494076756251647,0.7333333333333333,7.066666666666666,1.5,0.32666219249706074,0.7033496219804536,8.415964103509742,1.9166666666666665,0.2591669580059197,0.6834491675320516,8.779558524284157,1.7083333333333333
D.Jones,IND,2025,7,23,34,288,2,0,14.861354353612416,0.4370986574591887,0.6764705882352942,8.470588235294118,3.0,0.2698577795303601,0.7175653082549635,7.859101358411703,1.7916666666666665,0.24348473125487136,0.6955703796532637,8.174255493981127,1.7708333333333333
D.Jones,IND,2025,8,21,29,272,3,0,13.842817138787023,0.4773385220271387,0.7241379310344828,9.379310344827585,4.0,0.2709460424227955,0.706682955313787,7.696748417235233,2.0416666666666665,0.2743137757905826,0.6946028873932018,8.147552707603417,2.0208333333333335
D.Jones,IND,2025,9,31,50,342,1,3,-16.25802781872842,-0.32516055637456837,0.62,6.84,0.5,0.35889227762911213,0.7058992562542259,8.056727518593645,2.875,0.3455279661429246,0.7132451287725121,8.494966500706866,2.2708333333333335
D.Jones,IND,2025,10,19,26,255,1,1,-2.113338494551453,-0.08128224979044049,0.7307692307692307,9.807692307692308,1.0,0.17105434766856886,0.6884854631507775,7.939141311697092,2.25,0.24885827008281486,0.6959175425656157,8.177552707603418,2.0833333333333335
D.Jones,IND,2025,12,19,31,181,2,0,1.4296765363172348,0.04611859794571725,0.6129032258064516,5.838709677419355,3.0,0.12699859333032962,0.6878444375097519,8.624397721953503,2.125,0.19842818643034488,0.7027048728823577,8.241749540182603,1.9583333333333333
D.Jones,IND,2025,13,14,27,201,2,0,0.6210259530715807,0.02300096122487336,0.5185185185185185,7.444444444444445,3.0,0.02925357845196175,0.6719525969025413,7.966428082484812,2.125,0.1500998104373787,0.6893177761081641,7.831588249860022,2.0833333333333335
R.Leonard,IND,2025,14,18,29,145,0,1,-4.22890140820367,-0.14582418648978174,0.6206896551724138,5.0,0.5,-0.08433081174860459,0.6205477437735502,7.482711607389026,1.875,0.13728073294025378,0.6632235000138881,7.769719562991336,2.375
P.Rivers,IND,2025,15,18,27,120,1,1,-2.533307095480697,-0.09382618872150729,0.6666666666666666,4.444444444444445,1.0,-0.039496719277407936,0.6207201575666537,7.022711607389027,1.875,0.06577881419558049,0.6546028103587156,7.48092645954306,2.0625
P.Rivers,IND,2025,16,23,35,277,2,1,2.88488870732986,0.082425391637996,0.6571428571428571,7.914285714285715,1.5,-0.04263270401017463,0.6046945165410126,5.681899641577061,1.875,0.04218294466007753,0.6462694770253823,7.153148681765281,2.0
P.Rivers,IND,2025,17,17,30,147,1,1,-11.547117179092474,-0.38490390596974916,0.5666666666666667,4.9,1.0,-0.03355600558710495,0.6157544243751141,6.200793650793651,1.5,-0.00215121356757156,0.6438535106388277,7.083610866639232,1.8125
R.Leonard,IND,2025,18,21,34,270,2,1,1.8524197171118078,0.05448293285622964,0.6176470588235294,7.9411764705882355,1.5,-0.13553222238576057,0.627791461412151,5.56468253968254,1.0,-0.10993151706718254,0.6241696025928506,6.523697073535783,1.4375
T.Lawrence,JAX,2023,1,24,32,241,2,1,-9.001866828126367,-0.281308338378949,0.75,7.53125,1.5,,,,,,,,
T.Lawrence,JAX,2023,2,22,41,216,0,0,-12.625911246076313,-0.30794905478234913,0.5365853658536586,5.2682926829268295,1.0,,,,,,,,
T.Lawrence,JAX,2023,3,27,40,279,1,1,2.2051360300596072,0.055128400751490184,0.675,6.975,1.0,-0.29462869658064905,0.6432926829268293,6.399771341463415,1.25,-0.29462869658064905,0.6432926829268293,6.399771341463415,1.25
T.Lawrence,JAX,2023,4,23,30,207,1,0,4.4045161920384786,0.14681720640128262,0.7666666666666667,6.9,2.0,-0.178042997469936,0.6538617886178862,6.591514227642276,1.1666666666666667,-0.178042997469936,0.6538617886178862,6.591514227642276,1.1666666666666667
T.Lawrence,JAX,2023,5,25,37,315,1,0,8.35737227689242,0.22587492640249784,0.6756756756756757,8.513513513513514,2.0,-0.09682794650213132,0.6820630081300814,6.668635670731708,1.375,-0.09682794650213132,0.6820630081300814,6.668635670731708,1.375
T.Lawrence,JAX,2023,6,20,30,181,2,1,-3.6709388580254894,-0.12236462860084965,0.6666666666666666,6.033333333333333,1.5,0.029967869693230384,0.6634819270490002,6.914201549110086,1.5,-0.03228737192120549,0.6807855416392001,7.0376112392880685,1.5
T.Lawrence,JAX,2023,7,20,29,204,1,0,4.5950666462427945,0.15845057400837223,0.6896551724137931,7.0344827586206895,2.0,0.07636397623860525,0.6960022522522522,7.105461711711712,1.625,-0.04730024803447952,0.6784323958104447,6.870231588295613,1.5
T.Lawrence,JAX,2023,8,24,32,292,1,1,7.139634887643097,0.22311359023884678,0.75,9.125,1.0,0.10219451955282577,0.6996660453557006,7.120332401366884,1.875,-0.017907273456929267,0.6800356496109229,6.8936960411991945,1.5714285714285714
T.Lawrence,JAX,2023,10,17,29,185,0,2,-17.344053464164666,-0.5980708091091265,0.5862068965517241,6.379310344827586,0.3333333333333333,0.12126861551221679,0.6954993786890338,7.6765824013668835,1.625,0.01222033450504274,0.6887811934095576,7.172609036049296,1.5
T.Lawrence,JAX,2023,11,24,32,262,2,0,16.51056056429875,0.5159550176343359,0.75,8.1875,3.0,-0.08471781836568928,0.673132183908046,7.143031609195402,1.2083333333333333,-0.027374974336229443,0.6683070554785231,7.028616579152744,1.3541666666666667
T.Lawrence,JAX,2023,12,23,38,364,1,1,12.490231914085662,0.32869031352857003,0.6052631578947368,9.578947368421053,1.0,0.0748620931931071,0.6939655172413792,7.681573275862069,1.5833333333333335,0.07561303471585619,0.6949838847468157,7.393517493786891,1.6041666666666667
T.Lawrence,JAX,2023,13,22,29,258,2,0,10.467320891881942,0.36094209972006697,0.7586206896551724,8.89655172413793,3.0,0.11742202807315655,0.6728675136116153,8.31768942831216,1.3333333333333335,0.10980827381299117,0.6862667794836579,7.719010914839522,1.6041666666666667
T.Lawrence,JAX,2023,14,28,50,257,3,3,-7.259173207261367,-0.14518346414522734,0.56,5.14,1.0,0.1518791554434616,0.6750226860254083,8.260577359346643,1.8333333333333335,0.13657388547783922,0.685261032357221,7.968579880356764,1.7291666666666667
T.Lawrence,JAX,2023,15,25,43,264,1,0,-12.136260574116172,-0.28223861800270167,0.5813953488372093,6.1395348837209305,2.0,0.26510099168443635,0.6684709618874773,7.950749773139746,2.0,0.09019158665937356,0.6708015728977617,7.546890691167574,1.6041666666666667
T.Lawrence,JAX,2023,16,17,29,211,1,2,-5.845182343913382,-0.20155801185908212,0.5862068965517241,7.275862068965517,0.6666666666666666,0.06555258277517698,0.6263197990967796,7.438758494069979,1.75,0.07020733798414207,0.6601426581690795,7.560165884966024,1.6666666666666667
C.Beathard,JAX,2023,17,17,24,178,0,0,5.191076907221023,0.2162948711342093,0.7083333333333334,7.416666666666667,1.0,-0.06700949857173606,0.6215557337610265,6.862987169206095,1.6666666666666667,0.02520626475071027,0.6472116236863209,7.590338298759127,1.5
T.Lawrence,JAX,2023,18,29,43,280,2,2,1.6498609748086892,0.03836885987927184,0.6744186046511628,6.511627906976744,1.0,-0.10317130571820046,0.6089838946805667,6.493015904838279,1.1666666666666665,0.024353924862630588,0.6420032903529875,7.376796632092461,1.5
T.Lawrence,JAX,2024,1,12,21,162,1,0,1.7065504872972965,0.08126430891891888,0.5714285714285714,7.714285714285714,2.0,-0.05728322471207567,0.6375885458433574,6.835922881582464,1.1666666666666665,0.10390888348618038,0.6530297538654174,7.393336327361105,1.5833333333333333
T.Lawrence,JAX,2024,2,14,30,220,0,0,-6.101343733119738,-0.20337812443732461,0.4666666666666667,7.333333333333333,1.0,0.033592507018329464,0.6350968514911979,7.22961058922366,1.1666666666666665,0.04957254489675325,0.6307083252939888,7.334184541646819,1.4583333333333333
T.Lawrence,JAX,2024,3,21,38,178,1,1,-16.08310560073347,-0.42323962107193347,0.5526315789473685,4.684210526315789,1.0,0.03313747887376883,0.6052117940199335,7.243978405315614,1.25,-0.016936009848983583,0.61338376389048,7.0534827872608545,1.4583333333333333
T.Lawrence,JAX,2024,4,18,33,169,2,0,-1.3805359188538404,-0.04183442178344971,0.5454545454545454,5.121212121212121,3.0,-0.12674614417776686,0.5662863554234423,6.560864370227895,1.25,-0.11495872494798363,0.5876351250520044,6.526940137533087,1.2083333333333333
T.Lawrence,JAX,2024,5,28,34,371,2,1,16.75668474577833,0.4928436689934803,0.8235294117647058,10.911764705882353,1.5,-0.14679696459344727,0.534045340624288,6.21326042378674,1.75,-0.10204009465276144,0.5858169432338227,6.524591652684602,1.4583333333333333
T.Lawrence,JAX,2024,6,23,35,234,2,1,8.484627317043744,0.24241792334410697,0.6571428571428571,6.685714285714286,1.5,-0.0439021245748069,0.5970705507083216,7.012630171685899,1.625,-0.005154808778238686,0.6160837010997597,7.12112038045478,1.3958333333333333
T.Lawrence,JAX,2024,7,15,20,193,1,0,11.188944673076191,0.5594472336538096,0.75,9.65,2.0,0.067546887370551,0.6446895983273692,6.850725409781137,1.75,0.05034218312215995,0.6249506961736514,7.047351907548376,1.5
T.Lawrence,JAX,2024,8,21,32,308,2,1,5.368962183812849,0.16778006824415154,0.65625,9.625,1.5,0.31321860105198673,0.694031703590527,8.09217277820219,2.0,0.09323622843710998,0.6301590295069848,7.326518574215043,1.625
T.Lawrence,JAX,2024,9,16,31,169,0,2,-8.785268068313366,-0.2833957441391408,0.5161290322580645,5.451612903225806,0.3333333333333333,0.36562222355888707,0.7217305672268908,9.21811974789916,1.625,0.10941262948271993,0.6278879539255894,7.71569008584295,1.6875
M.Jones,JAX,2024,10,14,22,111,0,2,-8.997734661330469,-0.4089879391513849,0.6363636363636364,5.045454545454546,0.3333333333333333,0.1715623702757318,0.6448804723502304,7.853081797235022,1.3333333333333333,0.06383012285046247,0.620975511529276,7.432855984460462,1.4791666666666667
M.Jones,JAX,2024,11,17,29,138,0,1,-11.868479111575368,-0.4092579003991506,0.5862068965517241,4.758620689655173,0.5,0.008710904651858808,0.6396856671554252,7.443016862170088,1.0416666666666667,0.038128896011204935,0.6421876327413972,7.146871135975613,1.3958333333333333
M.Jones,JAX,2024,13,20,32,235,2,0,14.264848442183288,0.44577651381822775,0.625,7.34375,3.0,-0.23346537886138125,0.5987373912933562,6.220172034583881,0.6666666666666666,0.03987661109530279,0.6463845474419417,7.156172406393035,1.3333333333333333
M.Jones,JAX,2024,14,23,31,220,0,2,5.344276756625681,0.17239602440728002,0.7419354838709677,7.096774193548387,0.3333333333333333,-0.16396626746786216,0.5909248912933562,5.649859534583881,1.0416666666666665,0.10082797804551247,0.6563277292601235,7.433989641241521,1.3333333333333333
M.Jones,JAX,2024,15,31,46,294,2,2,4.560388447221561,0.09913887928742524,0.6739130434782609,6.391304347826087,1.0,-0.05001832533125697,0.6473765041965821,6.061149857164526,1.0416666666666665,0.06077202247223744,0.6461284882734062,6.957115827199775,1.1875
M.Jones,JAX,2024,16,25,39,247,1,0,-5.377738477138337,-0.13789073018303427,0.6410256410256411,6.333333333333333,2.0,0.07701337927844557,0.6567638559752382,6.397612307757412,1.2083333333333333,0.04286214196515222,0.6482247615653316,6.92031458496375,1.125
M.Jones,JAX,2024,17,15,22,174,2,0,7.608072873527098,0.3458214942512317,0.6818181818181818,7.909090909090909,3.0,0.14485517183247468,0.6704685420937174,6.7912904686769515,1.5833333333333333,-0.044305103514453256,0.6346029666935368,6.505731251630417,1.125
M.Jones,JAX,2024,18,20,32,225,1,1,2.7283721243141477,0.08526162888481711,0.625,7.03125,1.0,0.11986641694072564,0.6846730875482628,6.932625695949679,1.5833333333333333,-0.02204992526356824,0.6377989894208095,6.29124261526678,1.3125
T.Lawrence,JAX,2025,1,19,31,178,1,1,1.3131129483738126,0.04235848220560686,0.6129032258064516,5.741935483870968,1.0,0.0980828180601099,0.655439216580521,6.916244647562582,1.75,0.024032246364426506,0.6514078603885515,6.488697252363554,1.3958333333333333
T.Lawrence,JAX,2025,2,24,42,271,3,2,5.005488552057198,0.11917829885850471,0.5714285714285714,6.4523809523809526,1.3333333333333333,0.08388771878965531,0.6401867621625686,6.7539024315738025,1.75,0.08045054903405048,0.6484753090689034,6.575757369665607,1.4791666666666667
T.Lawrence,JAX,2025,3,20,40,222,0,1,-9.546405788773784,-0.2386601447193446,0.5,5.55,0.5,0.14815497605004008,0.6227874947633012,6.783664336335708,1.5833333333333333,0.1465050739412574,0.6466280184285093,6.78747740250633,1.5833333333333335
T.Lawrence,JAX,2025,4,21,31,174,1,0,5.532238849337628,0.17845931772056864,0.6774193548387096,5.612903225806452,2.0,0.0020345663073959783,0.5773329493087558,6.19389160906298,0.9583333333333333,0.06095049162406086,0.6310030184285093,6.56325865250633,1.2708333333333335
T.Lawrence,JAX,2025,5,18,25,221,1,1,-0.7439143976450786,-0.029756575905803145,0.72,8.84,1.0,0.02533398851633386,0.5904377880184332,5.839304915514592,1.2083333333333333,0.06170840328822193,0.6229385022994771,6.377774781538587,1.4791666666666667
T.Lawrence,JAX,2025,6,27,42,258,2,0,-0.38684652255145546,-0.009210631489320368,0.6428571428571429,6.142857142857143,3.0,0.007305223988481358,0.6172119815668202,6.613821044546851,1.2083333333333333,0.04559647138906838,0.6286993718646944,6.683861738060327,1.4791666666666667
T.Lawrence,JAX,2025,7,23,48,296,1,0,-13.934148005980758,-0.2902947501245991,0.4791666666666667,6.166666666666667,2.0,-0.024792008598474913,0.6350691244239631,6.536440092165899,1.625,0.06168148372578262,0.6289283095936322,6.660052214250802,1.6041666666666665
T.Lawrence,JAX,2025,9,23,34,220,0,1,-0.7571493166335208,-0.02226909754804473,0.6764705882352942,6.470588235294118,0.5,-0.03770065994978854,0.6298607910906298,6.6906067588325655,2.0,-0.017833046821196227,0.6035968701996928,6.442249183947773,1.4791666666666665
T.Lawrence,JAX,2025,10,13,23,158,1,1,-7.292075384233066,-0.3170467558362203,0.5652173913043478,6.869565217391305,1.0,-0.08788276376694187,0.6296235994397759,6.9050280112044815,1.625,-0.031274387625303955,0.6100306937291046,6.372166463359537,1.4166666666666665
T.Lawrence,JAX,2025,11,14,22,153,1,1,2.3877489911101293,0.10853404505046042,0.6363636363636364,6.954545454545454,1.0,-0.15970530874954617,0.5909279472658628,6.412419315552308,1.625,-0.07620004238053235,0.6040699644163415,6.5131201800495795,1.4166666666666665
T.Lawrence,JAX,2025,12,18,30,256,3,3,-9.005758199020079,-0.30019193996733595,0.6,8.533333333333333,1.0,-0.130269139614601,0.5893045706424862,6.615341393474385,1.125,-0.07753057410653788,0.6121868475332247,6.5758907428201425,1.375
T.Lawrence,JAX,2025,13,16,27,229,2,0,4.863736678089481,0.1801383954847956,0.5925925925925926,8.481481481481481,3.0,-0.1327434370752852,0.6195129039758196,7.207008060141052,0.875,-0.0852220485125368,0.6246868475332247,6.948807409486809,1.4375
T.Lawrence,JAX,2025,14,17,30,244,2,0,11.446817514329236,0.3815605838109745,0.5666666666666667,8.133333333333333,3.0,-0.08214156381707509,0.5985434050651441,7.7097313716878935,1.5,-0.08501216379200843,0.61408350225246,7.307379691446188,1.5625
T.Lawrence,JAX,2025,15,20,32,330,5,0,23.76585617640673,0.7426830055127103,0.625,10.3125,6.0,0.09251027109472361,0.5989057239057239,8.025673400673401,2.0,-0.03359751882741122,0.5949168355857933,7.219046358112854,1.8125
T.Lawrence,JAX,2025,16,23,36,279,3,0,9.17898456061692,0.25497179335047,0.6388888888888888,7.75,4.0,0.25104751121028607,0.5960648148148148,8.865162037037038,3.25,0.06038918579784261,0.5926846927286504,7.740251715255711,2.1875
T.Lawrence,JAX,2025,17,23,37,263,0,1,6.407494063077719,0.17317551521831673,0.6216216216216216,7.108108108108108,0.5,0.3898384445397376,0.605787037037037,8.669328703703703,4.0,0.12854750373222626,0.6126499705064283,7.938168381922377,2.4375
T.Lawrence,JAX,2025,18,22,30,255,3,0,10.174540717827018,0.33915135726090057,0.7333333333333333,8.5,4.0,0.38809772447311786,0.6130442942942942,8.32598536036036,3.375,0.15297808032802143,0.6057938496797193,8.017858366024127,2.4375
P.Mahomes,KC,2023,1,21,39,226,2,1,-6.4536129623823655,-0.1654772554457017,0.5384615384615384,5.794871794871795,1.5,,,,,,,,
P.Mahomes,KC,2023,2,29,41,305,2,1,10.558776084871267,0.25753112402125045,0.7073170731707317,7.439024390243903,1.5,,,,,,,,
P.Mahomes,KC,2023,3,24,33,272,3,0,20.917330593607605,0.6338585028365941,0.7272727272727273,8.242424242424242,4.0,0.04602693428777438,0.6228893058161351,6.616948092557848,1.5,0.04602693428777438,0.6228893058161351,6.616948092557848,1.5
P.Mahomes,KC,2023,4,18,30,203,1,2,0.6326508337961019,0.02108836112653673,0.6,6.766666666666667,0.6666666666666666,0.24197079047071426,0.6576837796349991,7.158773475846647,2.3333333333333335,0.24197079047071426,0.6576837796349991,7.158773475846647,2.3333333333333335
P.Mahomes,KC,2023,5,31,41,281,2,0,14.760243160670512,0.36000593074806125,0.7560975609756098,6.853658536585366,3.0,0.1867501831346699,0.6432628347262493,7.060746773551651,1.9166666666666667,0.1867501831346699,0.6432628347262493,7.060746773551651,1.9166666666666667
P.Mahomes,KC,2023,6,30,40,306,1,1,4.571162276312816,0.1142790569078204,0.75,7.65,1.0,0.3181209796831106,0.6976718403547673,7.325443458980044,2.2916666666666665,0.22140133265734815,0.6658297799761215,7.019329126158394,2.1333333333333333
P.Mahomes,KC,2023,7,32,42,424,4,1,22.31995404173889,0.5314274771842593,0.7619047619047619,10.095238095238095,2.5,0.28230796290475313,0.7083425720620842,7.3781873614190685,2.1666666666666665,0.20354762003242688,0.6798581499801012,7.124440938465329,1.9444444444444444
P.Mahomes,KC,2023,8,24,38,240,0,2,-10.966318837583815,-0.28858733783115303,0.631578947368421,6.315789473684211,0.3333333333333333,0.2567002064916694,0.717000580720093,7.841390824622532,1.7916666666666665,0.25038759962554574,0.691579094540767,7.548840532290009,2.0238095238095237
P.Mahomes,KC,2023,9,20,30,185,2,0,1.3612226745462976,0.045374089151543257,0.6666666666666666,6.166666666666667,3.0,0.179281281752247,0.7248953175621982,7.7286715263769175,1.7083333333333333,0.18301573244345842,0.6840790761442237,7.394709149964284,1.8125
P.Mahomes,KC,2023,11,24,43,177,2,1,-8.02547696947013,-0.18663899929000302,0.5581395348837209,4.116279069767442,1.5,0.10062332135311747,0.7025375939849624,7.5569235588972425,1.7083333333333335,0.20937215051811403,0.7001047171698648,7.441183508938644,2.0
P.Mahomes,KC,2023,12,27,34,298,2,0,12.587395862261761,0.37021752536064007,0.7941176470588235,8.764705882352942,3.0,0.025393807303661614,0.6545724777058926,6.673493326339104,1.8333333333333335,0.15385088510420736,0.6814575248839885,7.025840343879086,2.0
P.Mahomes,KC,2023,13,21,33,210,1,1,3.9477347129723346,0.1196283246355253,0.6363636363636364,6.363636363636363,1.0,-0.014908680652243197,0.662625698994408,6.340860273117816,1.9583333333333335,0.12089576291971312,0.6898131398572505,7.091125548870174,1.875
P.Mahomes,KC,2023,14,25,43,271,1,1,-2.9969492363316514,-0.06969649386817794,0.5813953488372093,6.3023255813953485,1.0,0.08714523496442639,0.6638218712432119,6.352821995605853,2.125,0.13321325835833667,0.6943585944027051,7.040746760991386,1.9166666666666667
P.Mahomes,KC,2023,15,27,37,305,2,2,2.109378518108879,0.05701023021915889,0.7297297297297297,8.243243243243244,1.0,0.05837758920949608,0.6425040417858475,6.386736724288024,1.625,0.07950045528130678,0.672520817885405,6.971830141592634,1.6666666666666667
P.Mahomes,KC,2023,16,27,44,235,1,1,-14.331734661759542,-0.3257212423127169,0.6136363636363636,5.340909090909091,1.0,0.11928989658678656,0.6854015904973498,7.418477767656975,1.5,0.0723418519452241,0.6699870341016212,7.045985546998039,1.6666666666666667
P.Mahomes,KC,2023,17,21,29,245,1,0,-0.030240401020961483,-0.0010427724489986718,0.7241379310344828,8.448275862068966,2.0,-0.05469479533155268,0.6402812696417347,6.562528569796012,1.0,-0.034801737991897924,0.6514534843180714,6.451694421456914,1.4791666666666667
B.Gabbert,KC,2023,18,15,30,154,0,1,-9.437241707955698,-0.3145747235985233,0.5,5.133333333333334,0.5,-0.08486256960268368,0.6622248433094464,7.083688444404163,1.25,0.0011413326808713711,0.6630233572763291,6.718255220005009,1.6875
P.Mahomes,KC,2024,1,20,28,291,1,1,11.084406207205,0.3958716502573214,0.7142857142857143,10.392857142857142,1.0,-0.14608212703527002,0.6418760061001441,6.791440382388659,1.125,-0.043852268912886946,0.6421900239429958,6.589088553338342,1.375
P.Mahomes,KC,2024,2,18,25,151,2,2,-9.668457253713646,-0.3867382901485458,0.72,6.04,1.0,-0.06136677202572938,0.6380150022391402,7.328843857292133,1.125,0.028961562280528607,0.6617082963682449,7.373660812474554,1.3125
P.Mahomes,KC,2024,3,26,39,217,2,1,2.4128778593004543,0.06186866305898601,0.6666666666666666,5.564102564102564,1.5,-0.07662103398468662,0.6646059113300492,7.503616584564861,1.125,-0.06565791465811963,0.6524435904858921,7.0330725771804365,1.0625
P.Mahomes,KC,2024,4,19,29,245,1,1,-1.6064922553457284,-0.05539628466709408,0.6551724137931034,8.448275862068966,1.0,-0.06089317510769044,0.6502380952380953,6.78257326007326,1.0,-0.07287787235518704,0.6562314692737707,6.933130852238711,1.125
P.Mahomes,KC,2024,5,28,39,331,0,1,2.9501115496304946,0.0756438858879614,0.717948717948718,8.487179487179487,0.5,0.0039014346251668632,0.6890311986863711,7.611308892257168,1.125,-0.07109034620505156,0.6654536023932576,7.201374637322913,1.125
P.Mahomes,KC,2024,7,16,27,154,0,2,-5.723242367559578,-0.21197193953924365,0.5925925925925926,5.703703703703703,0.3333333333333333,-0.07615550646717315,0.689946949602122,7.1348894783377546,1.0,-0.06876113924645125,0.663980975920631,7.231866667814944,1.0625
P.Mahomes,KC,2024,8,27,38,262,2,1,10.576419986013887,0.27832684173720756,0.7105263157894737,6.894736842105263,1.5,-0.0324639188148476,0.6580950977502702,7.05081540426368,0.8333333333333334,-0.05454247639976709,0.6613505045401596,7.27721599441427,0.9791666666666666
P.Mahomes,KC,2024,9,34,44,291,3,0,16.1055098749386,0.36603431533951364,0.7727272727272727,6.613636363636363,4.0,0.02165062585470779,0.6690600100309719,7.383473973764355,0.8333333333333333,-0.019621274626491304,0.6596490526345336,7.0830236169188066,0.9166666666666666
P.Mahomes,KC,2024,10,28,42,266,1,0,3.8779830225843033,0.09233292910915007,0.6666666666666666,6.333333333333333,2.0,0.1270082758563597,0.6984487247645141,6.924814099156205,1.5833333333333333,0.0654548552407633,0.6937399617254426,7.268061495706686,1.3541666666666665
P.Mahomes,KC,2024,11,23,33,196,3,2,5.599778355506714,0.16969025319717315,0.696969696969697,5.9393939393939394,1.3333333333333333,0.13118053666165688,0.6856282119440014,6.386352560694665,1.9583333333333333,0.027512515097241896,0.6877875807730618,6.7606210195162095,1.4791666666666665
P.Mahomes,KC,2024,12,27,37,269,3,0,9.169239682292726,0.24781728871061423,0.7297297297297297,7.27027027027027,4.0,0.2265960848457611,0.7117224880382775,6.445275119617224,2.2083333333333335,0.09706608301545677,0.6849087928942738,6.748045261940453,1.5208333333333333
P.Mahomes,KC,2024,13,26,46,306,1,0,1.5744423760762751,0.0342270081755712,0.5652173913043478,6.6521739130434785,2.0,0.21896869658911275,0.7165233415233415,6.539158476658476,2.833333333333333,0.1203096612219103,0.6927916757771567,6.961316225211416,1.8333333333333333
P.Mahomes,KC,2024,14,24,37,210,1,0,0.6303111378696096,0.017035436158638097,0.6486486486486487,5.675675675675675,2.0,0.13601686979812713,0.6646458711676103,6.548792864010255,2.333333333333333,0.13151257282724343,0.6815472979660622,6.736803481583229,1.9583333333333333
P.Mahomes,KC,2024,15,19,38,159,2,0,-4.491240243252832,-0.1181905327171798,0.5,4.184210526315789,3.0,0.11719249656049915,0.6601413666631057,6.38437844959584,2.333333333333333,0.12418651661107803,0.6728847893035537,6.385365505145253,2.145833333333333
P.Mahomes,KC,2024,16,28,41,260,1,0,9.490251844529643,0.23146955718364984,0.6829268292682927,6.341463414634147,2.0,0.045222300081910916,0.6108989424206815,5.945582596326304,2.75,0.13590919246383604,0.6613107152294796,6.195428857971764,2.479166666666667
P.Mahomes,KC,2024,17,29,38,320,3,0,19.15145948427209,0.5039857759018972,0.7631578947368421,8.421052631578947,4.0,0.04113536720016982,0.5991982173053223,5.7133808824172725,2.25,0.1300520318946413,0.6578607794143319,6.126269679537875,2.541666666666667
C.Wentz,KC,2024,18,10,17,98,0,0,-8.78485758761084,-0.5167563286829906,0.5882352941176471,5.764705882352941,1.0,0.15857505913175132,0.6486833431634459,6.15560056205114,2.75,0.14729596446493926,0.6566646071655281,6.352196713030697,2.541666666666667
P.Mahomes,KC,2025,1,24,39,258,1,0,3.4485526789862906,0.08842442766631514,0.6153846153846154,6.615384615384615,2.0,0.025127117921344144,0.6335800045306955,6.177858113720457,2.5,0.07115980724092166,0.6468606855969006,6.281118281658149,2.416666666666667
P.Mahomes,KC,2025,2,16,29,187,1,1,-7.1535654113225045,-0.24667466935594842,0.5517241379310345,6.448275862068965,1.0,0.07678085801721789,0.6624261583768494,6.785651635987662,2.25,0.061001579049564415,0.6366625503987655,6.365617116156983,2.5
P.Mahomes,KC,2025,3,22,37,224,1,0,8.23080711069923,0.2224542462351143,0.5945945945945946,6.054054054054054,2.0,-0.04275519861768168,0.6296254855425347,6.812354747846367,2.0,-0.0008099157087559164,0.6144118514239285,6.26286781513182,2.125
P.Mahomes,KC,2025,4,25,37,270,4,0,16.188958369112918,0.4375394153814302,0.6756756756756757,7.297297297297297,5.0,-0.11313808103437739,0.5874846605069729,6.220605103465144,1.5,0.022718489048686973,0.6180840018352094,6.188102832758142,2.125
P.Mahomes,KC,2025,5,29,41,318,1,1,2.664317194139585,0.06498334619852646,0.7073170731707317,7.7560975609756095,1.0,0.1254358549817278,0.60934475589648,6.603752957201233,2.5,0.07528148645153598,0.6214623802135877,6.390805535460845,2.5
P.Mahomes,KC,2025,6,22,30,257,3,0,15.57258388680734,0.5190861295602447,0.7333333333333333,8.566666666666666,4.0,0.11957558461478063,0.6323278703430091,6.888931193598982,2.25,0.09817822131599928,0.6473770143599292,6.837291414793323,2.25
P.Mahomes,KC,2025,7,26,35,286,3,0,19.33917764713534,0.5525479327752955,0.7428571428571429,8.17142857142857,4.0,0.3110157843438289,0.6777301691935839,7.418528894748406,3.0,0.13413029286307362,0.6536778273680593,7.115441821297387,2.5
P.Mahomes,KC,2025,8,25,34,299,3,2,13.728703663044143,0.4037854018542395,0.7352941176470589,8.794117647058824,1.3333333333333333,0.3935392059788742,0.7147958062592209,7.947872524092036,3.5,0.14020056247224844,0.6511402333830969,7.084238813778589,2.5
P.Mahomes,KC,2025,9,15,34,250,0,1,-1.6827208378137617,-0.04949178934746358,0.4411764705882353,7.352941176470588,0.5,0.3851007025970765,0.7297004167520666,8.322077611532418,2.5833333333333335,0.25526827878940217,0.6695225863242734,7.462915284366826,2.5416666666666665
P.Mahomes,KC,2025,11,29,45,276,1,1,1.151241861704671,0.02558315248232602,0.6444444444444445,6.133333333333334,1.0,0.356481918710579,0.6631652661064426,8.221288515406162,2.4583333333333335,0.23802875166267984,0.6477465682247258,7.555109854502572,2.3541666666666665
P.Mahomes,KC,2025,12,29,46,352,0,1,8.500650892524233,0.18479675853313549,0.6304347826086957,7.6521739130434785,0.5,0.23310617444109935,0.6409430438842203,7.612955182072829,1.7083333333333333,0.27206097939246415,0.6593366065389021,7.515742038410618,2.3541666666666665
P.Mahomes,KC,2025,13,23,34,261,4,0,14.157640327583067,0.41640118610538435,0.6764705882352942,7.676470588235294,5.0,0.14116838088055936,0.6128374538221085,7.483141517476556,0.8333333333333333,0.26735379342971677,0.6638166300406647,7.715507020784296,2.1666666666666665
P.Mahomes,KC,2025,14,14,33,160,0,3,-22.3309291034004,-0.6766948213151637,0.42424242424242425,4.848484848484849,0.25,0.14432232694334557,0.5981315714691674,7.203729752770673,1.75,0.26471151477021104,0.6639159941106171,7.762903682151546,2.1666666666666665
P.Mahomes,KC,2025,15,16,28,189,0,1,-3.5684775030283937,-0.1274456251081569,0.5714285714285714,6.75,0.5,-0.012478431048579458,0.5938980598827147,6.577615670774239,1.6875,0.17200174383099978,0.6285316629945786,7.399452093090201,2.0729166666666665
C.Oladokun,KC,2025,16,11,16,111,0,0,-5.791025835023842,-0.36193911468899015,0.6875,6.9375,1.0,-0.05073562544620019,0.5756440916287464,6.731782337440905,1.5625,0.09118527449744959,0.6082935677564834,7.172368759756868,1.6354166666666665
C.Oladokun,KC,2025,17,13,22,66,1,0,-8.538842391839088,-0.38812919962904946,0.5909090909090909,3.0,2.0,-0.18741959375173162,0.5899103959765724,6.553113859180035,1.6875,-0.023125606435586102,0.6013739248993405,7.0181276883282955,1.2604166666666665
C.Oladokun,KC,2025,18,11,17,58,0,0,-15.793260905534135,-0.9290153473843609,0.6470588235294118,3.411764705882353,1.0,-0.38855219018534004,0.5685200216450217,5.383996212121212,0.9375,-0.12211493162099722,0.5833257965570945,6.293862982445942,1.34375
M.Stafford,LA,2023,1,24,38,334,0,0,20.67998153272862,0.5442100403349637,0.631578947368421,8.789473684210526,1.0,,,,,,,,
M.Stafford,LA,2023,2,34,55,307,1,2,-5.089192700477703,-0.09253077637232188,0.6181818181818182,5.581818181818182,0.6666666666666666,,,,,,,,
M.Stafford,LA,2023,3,18,33,269,1,2,-8.404790011332945,-0.25469060640402863,0.5454545454545454,8.151515151515152,0.6666666666666666,0.2258396319813209,0.6248803827751196,7.185645933014354,0.8333333333333333,0.2258396319813209,0.6248803827751196,7.185645933014354,0.8333333333333333
M.Stafford,LA,2023,4,27,40,319,1,1,11.37435107669372,0.284358776917343,0.675,7.975,1.0,0.06566288585287106,0.5984051036682615,7.507602339181287,0.7777777777777777,0.06566288585287106,0.5984051036682615,7.507602339181287,0.7777777777777777
M.Stafford,LA,2023,5,21,37,222,2,0,-2.536261009518057,-0.06854759485183938,0.5675675675675675,6.0,3.0,0.12033685861898905,0.6175538277511962,7.624451754385965,0.8333333333333333,0.12033685861898905,0.6175538277511962,7.624451754385965,0.8333333333333333
M.Stafford,LA,2023,6,15,24,226,1,0,3.271050272125505,0.13629376133856272,0.625,9.416666666666666,2.0,-0.032852550177711715,0.6015509828009828,6.927083333333334,1.3333333333333333,0.08255996792482337,0.6075565757144704,7.299561403508773,1.2666666666666666
M.Stafford,LA,2023,7,14,29,231,1,1,-2.537840504016092,-0.08751174151779628,0.4827586206896552,7.9655172413793105,1.0,0.024353584250009427,0.6032555282555283,7.885795454545454,1.6666666666666665,0.09151560016044658,0.610463813095392,7.652412280701754,1.3888888888888886
M.Stafford,LA,2023,8,13,22,162,1,1,-5.925713984668223,-0.26935063566673745,0.5909090909090909,7.363636363636363,1.0,0.06614830047156751,0.5875815470643057,7.839295977011495,1.75,0.06594026563498331,0.5922202141802868,7.697141560798548,1.3333333333333333
B.Rypien,LA,2023,9,13,28,130,0,1,-14.595850082733032,-0.5212803600976083,0.4642857142857143,4.642857142857143,0.5,-0.0722790526744526,0.5665588197915784,7.686455067920585,1.75,0.024028902972268222,0.5920563237713873,7.655453411153275,1.2916666666666665
M.Stafford,LA,2023,11,17,31,190,1,1,-4.574814941957867,-0.14757467554702797,0.5483870967741935,6.129032258064516,1.0,-0.18546224398589484,0.5407383564711151,7.347169353634871,1.125,-0.10915739708180328,0.5711446696360489,7.137126343484102,1.2291666666666665
M.Stafford,LA,2023,12,25,33,229,4,1,13.204231557474376,0.40012822901437506,0.7575757575757576,6.9393939393939394,2.5,-0.25642935320729243,0.5215851306646635,6.525260751484333,0.875,-0.11603788447864152,0.5624203294600958,7.205528103014894,1.2708333333333335
M.Stafford,LA,2023,13,22,37,279,3,0,5.319123742495321,0.14376010114852217,0.5945945945945946,7.54054054054054,4.0,-0.13451936057424965,0.590289414886189,6.268729925987991,1.25,-0.03418553005134106,0.5889354809752474,7.054012951499742,1.5
M.Stafford,LA,2023,14,23,41,294,3,0,5.60173018331353,0.13662756544667146,0.5609756097560976,7.170731707317073,4.0,-0.031241676370434734,0.591210790807565,6.312955970214034,2.0,-0.05176036452244367,0.5788848052995716,6.99970551906731,1.875
M.Stafford,LA,2023,15,25,33,258,2,0,7.874736452077675,0.23862837733568712,0.7575757575757576,7.818181818181818,3.0,0.13323530501563519,0.6153832646751608,6.944924611329017,2.875,-0.026113469485129815,0.578060810573138,7.146046982481945,2.0
M.Stafford,LA,2023,16,24,34,328,2,0,15.034519595255833,0.44219175280164214,0.7058823529411765,9.647058823529411,3.0,0.22978606823631398,0.6676804298755519,7.367212001358343,3.375,-0.013321642485489265,0.5946327802701077,6.9462363764213375,2.125
M.Stafford,LA,2023,17,24,34,317,1,2,0.8999966169358231,0.02647048873340656,0.7058823529411765,9.323529411764707,0.6666666666666666,0.24030194918313075,0.6547570787169066,8.04412822239221,3.5,0.05289129430444054,0.6225232468015479,7.1564290741901,2.375
C.Wentz,LA,2023,18,17,24,163,2,1,8.117853062212934,0.3382438775922056,0.7083333333333334,6.791666666666667,1.5,0.21097954607935185,0.682579018303552,8.489875440198253,2.6666666666666665,0.08986893485445853,0.6368949045555585,7.401415705206144,2.333333333333333
M.Stafford,LA,2024,1,34,49,317,1,1,4.536420907523806,0.092580018520894,0.6938775510204082,6.469387755102041,1.0,0.26138362411573535,0.719418449197861,8.39510918003565,2.0416666666666665,0.1973094645656853,0.667400856936511,7.670016895682334,2.458333333333333
M.Stafford,LA,2024,2,19,27,216,0,0,-11.159592631582587,-0.4133182456141699,0.7037037037037037,8.0,1.0,0.22487153441203708,0.7034938975590236,8.057910664265705,1.5416666666666665,0.22732880132417554,0.6855871637172877,7.712561332812025,2.458333333333333
M.Stafford,LA,2024,3,16,25,221,1,0,3.4081208365555797,0.13632483346222318,0.64,8.84,2.0,0.010994034808084072,0.7029492352496555,7.646145958383354,1.0416666666666665,0.12564799199560742,0.678853156983281,7.845137090387782,2.270833333333333
M.Stafford,LA,2024,4,20,29,224,0,1,-2.287625696541554,-0.07888364470832945,0.6896551724137931,7.724137931034483,0.5,0.038457620990288224,0.6864786470143613,7.525263605442177,1.375,0.12471858353482002,0.6845288326589566,8.007569522820214,2.020833333333333
M.Stafford,LA,2024,5,29,45,260,1,1,-8.955648682371248,-0.1990144151638055,0.6444444444444445,5.777777777777778,1.0,-0.06582425958484553,0.6818091067844763,7.758381421534131,1.125,0.09777968226544491,0.7006137779911686,8.076745300784891,1.5833333333333333
M.Stafford,LA,2024,7,14,23,154,0,1,-7.252890682794836,-0.3153430731649928,0.6086956521739131,6.695652173913044,0.5,-0.1387228680060204,0.6694508301404853,7.585478927203065,1.125,0.04307433320300834,0.6864723638497545,7.821694795734386,1.3333333333333335
M.Stafford,LA,2024,8,25,34,279,4,1,15.890277726517525,0.4673611096034566,0.7352941176470589,8.205882352941176,2.5,-0.11422907489372613,0.6456988172580377,7.259391970681326,1.0,-0.05161752004282103,0.6743240262538466,7.45276896453234,1.0208333333333333
M.Stafford,LA,2024,9,25,44,298,2,1,3.873418507520166,0.0880322388072765,0.5681818181818182,6.7727272727272725,1.5,-0.03147000585841776,0.6695223466698024,7.10086255891662,1.125,0.003493807565935224,0.6780004968420819,7.313063082179399,1.25
M.Stafford,LA,2024,10,32,46,293,0,1,-7.019565086298249,-0.15259924100648367,0.6956521739130435,6.369565217391305,0.5,0.01025896502048371,0.6391540081118087,6.863009894339817,1.375,-0.02778264728218091,0.6604815574481424,7.310695657936974,1.25
M.Stafford,LA,2024,11,18,27,295,4,0,16.001792662763,0.5926589875097407,0.6666666666666666,10.925925925925926,5.0,0.02186275855981417,0.6519559404789584,7.0109567542432,1.25,-0.05843005472310312,0.6607033853097218,7.298217840723132,1.1875
M.Stafford,LA,2024,12,24,36,243,2,0,4.1466381223260225,0.11518439228683396,0.6666666666666666,6.75,3.0,0.24886327372849754,0.6664486941021468,8.068525192246419,2.375,0.0673170994173857,0.6560737556800922,7.663958581463873,1.6875
M.Stafford,LA,2024,13,14,24,183,2,0,0.2989891153993085,0.01245787980830452,0.5833333333333334,7.625,3.0,0.16081909439934186,0.6492918313570487,7.7045546040111255,2.5,0.06467454427046204,0.6594070890134256,7.402708581463873,1.8125
M.Stafford,LA,2024,14,23,30,320,2,0,24.564090923832897,0.8188030307944298,0.7666666666666667,10.666666666666666,3.0,0.14192550464959888,0.6530797101449275,7.917622785829307,2.875,0.0760922348350413,0.6461168591283681,7.390316340084563,2.125
M.Stafford,LA,2024,15,16,27,160,0,0,-5.896531199318261,-0.21839004441919485,0.5925925925925926,5.925925925925926,1.0,0.38477607259982727,0.6708333333333333,8.991898148148147,3.5,0.20331941557982072,0.661394636906146,8.001427451195674,2.375
M.Stafford,LA,2024,16,14,19,110,1,1,3.1867796305471403,0.16772524371300737,0.7368421052631579,5.7894736842105265,1.0,0.18201381461759336,0.6523148148148148,7.741898148148148,2.5,0.21543854417304548,0.6593817544584809,7.905211670197284,2.4375
M.Stafford,LA,2024,17,17,32,189,0,0,-0.4822571154124071,-0.015070534856637723,0.53125,5.90625,1.0,0.1951490274741367,0.6698586744639377,7.50176656920078,2.0,0.17798406093673932,0.6595752529104932,7.603160586605952,2.25
J.Garoppolo,LA,2024,18,27,41,334,2,1,2.0776321841180367,0.05067395571019602,0.6585365853658537,8.146341463414634,1.5,0.18826692380790117,0.6568378411306043,7.07207906920078,1.5,0.16509621422875004,0.6549587756377659,7.494850927515043,2.1875
M.Stafford,LA,2025,1,21,29,245,1,0,6.090108856966253,0.2100037536884915,0.7241379310344828,8.448275862068966,2.0,-0.0037653449631572956,0.6298053208054011,6.441997768387771,1.125,0.190505363818335,0.6503193270693671,7.716947958267959,2.3125
M.Stafford,LA,2025,2,23,33,298,2,1,9.779970589626963,0.296362745140211,0.696969696969697,9.030303030303031,1.5,0.1033331045637643,0.6626916554158736,7.072585252423531,1.375,0.14267345959067884,0.6575032351153441,7.40724170028584,1.9375
M.Stafford,LA,2025,3,19,33,196,2,1,-2.479092506006727,-0.07512401533353717,0.5757575757575758,5.9393939393939394,1.5,0.1354924799205652,0.6527235533425084,7.882792588946657,1.5,0.165320753697351,0.661291113903223,7.692279579073719,1.75
M.Stafford,LA,2025,4,29,41,375,3,0,14.293764206603946,0.3486283952830231,0.7073170731707317,9.146341463414634,4.0,0.12047910980134033,0.6638504472819023,7.891078573795142,1.625,0.1543730168046208,0.6603441442062533,7.481578821497961,1.5625
M.Stafford,LA,2025,5,30,47,389,3,0,15.072453184221198,0.32069049328130206,0.6382978723404256,8.27659574468085,4.0,0.19496771969454713,0.6760455692331218,8.141078573795143,2.25,0.09560118736569492,0.6529254450192614,7.2915381710914575,1.6875
M.Stafford,LA,2025,6,17,26,181,1,0,0.9594451738590664,0.03690173745611794,0.6538461538461539,6.961538461538462,2.0,0.22263940459274972,0.6545855545596075,8.098158544448113,2.75,0.16298625457825705,0.6586386049877405,7.585371898435822,2.0625
M.Stafford,LA,2025,7,21,33,182,5,0,8.782921106321737,0.266149124433992,0.6363636363636364,5.515151515151516,6.0,0.15777415267172648,0.6438046687787218,7.580967402256971,2.875,0.14663331629614584,0.6482641110606151,7.731879995601815,2.1875
M.Stafford,LA,2025,9,24,32,281,4,0,11.838741028613722,0.3699606571441788,0.75,8.78125,5.0,0.24309243761360877,0.6589561839302369,7.4749067961963656,4.0,0.18178577370747456,0.6614033156060696,7.682992684995755,2.8125
M.Stafford,LA,2025,10,24,36,280,4,0,22.63015853331308,0.6286155148142522,0.6666666666666666,7.777777777777778,5.0,0.24842550307889769,0.6696269156375539,7.383633930342707,4.25,0.22169661138672242,0.6728362424353379,7.762356252068924,3.25
M.Stafford,LA,2025,11,15,28,130,2,0,-4.049926161009353,-0.14464022003604832,0.5357142857142857,4.642857142857143,3.0,0.3254067584621352,0.6767191142191142,7.2589294386169385,4.5,0.2740230815274425,0.6656523343893609,7.678543991532526,3.625
M.Stafford,LA,2025,12,25,35,273,3,0,8.219429925997625,0.23484085502850358,0.7142857142857143,7.8,4.0,0.2800212690890937,0.6471861471861471,6.679259108946609,4.75,0.2188977108804101,0.6454954079824344,7.13011325560179,3.8125
M.Stafford,LA,2025,13,18,28,243,2,2,-3.512069752730895,-0.12543106259753195,0.6428571428571429,8.678571428571429,1.0,0.2721942017377216,0.6666666666666666,7.25047123015873,4.25,0.25764331967566517,0.6628114252984518,7.3626890131775475,4.125
M.Stafford,LA,2025,14,22,31,281,3,0,15.409675605792277,0.497086309864267,0.7096774193548387,9.064516129032258,4.0,0.14834627180229387,0.6398809523809523,7.224801587301587,3.25,0.19838588744059582,0.6547539340092531,7.304217758822147,3.75
M.Stafford,LA,2025,15,24,38,368,2,1,8.236465174336454,0.21674908353516983,0.631578947368421,9.68421052631579,1.5,0.11546397056479757,0.6506336405529954,7.5464861751152075,3.0,0.2204353645134664,0.6636763773860548,7.402707806866073,3.75
M.Stafford,LA,2025,16,29,49,457,3,0,26.139787061895962,0.5334650420795094,0.5918367346938775,9.326530612244898,4.0,0.20581129645760213,0.6745998059665292,8.80682452097987,2.625,0.24291628277334792,0.6608929765763383,7.74304181496324,3.6875
M.Stafford,LA,2025,17,22,38,269,2,3,-2.7485058022918993,-0.07232910006031314,0.5789473684210527,7.078947368421052,0.75,0.2804673432203536,0.64398756106857,9.188457174041094,2.625,0.2763307724790376,0.6553271138676183,8.219464202099912,3.4375
M.Stafford,LA,2025,18,25,40,259,4,0,15.790981256604955,0.39477453141512386,0.625,6.475,5.0,0.29374283385465827,0.6280101174595475,8.7885511590035,2.5625,0.2210445528284761,0.63394553492025,8.006676373152544,2.90625
J.Herbert,LAC,2023,1,23,33,229,1,0,-1.2410654513043027,-0.03760804397891826,0.696969696969697,6.9393939393939394,2.0,,,,,,,,
J.Herbert,LAC,2023,2,27,41,305,2,0,10.31794210589466,0.2516571245340161,0.6585365853658537,7.439024390243903,3.0,,,,,,,,
J.Herbert,LAC,2023,3,40,47,405,3,0,21.501615730756065,0.45748118576076735,0.851063829787234,8.617021276595745,4.0,0.10702454027754893,0.6777531411677753,7.189209164818921,2.5,0.10702454027754893,0.6777531411677753,7.189209164818921,2.5
J.Herbert,LAC,2023,4,13,24,167,1,1,-3.676677308384192,-0.15319488784934135,0.5416666666666666,6.958333333333333,1.0,0.2238434221052884,0.735523370707595,7.665146535411196,3.0,0.2238434221052884,0.735523370707595,7.665146535411196,3.0
J.Herbert,LAC,2023,6,22,37,227,2,1,-0.20592430754743463,-0.0055655218256063415,0.5945945945945946,6.135135135135135,1.5,0.12958384461663097,0.6870591946973629,7.48844323489173,2.5,0.12958384461663097,0.6870591946973629,7.48844323489173,2.5
J.Herbert,LAC,2023,7,17,30,259,1,2,0.5402288636620126,0.018007628788733753,0.5666666666666667,8.633333333333333,0.6666666666666666,0.13759447515495896,0.6614654191035874,7.287378533827028,2.375,0.10255397132818352,0.6685662746768092,7.217781614940411,2.3
J.Herbert,LAC,2023,8,31,40,298,3,0,17.087563478392997,0.42718908695982494,0.775,7.45,4.0,0.07918210121863835,0.6384979394287905,7.585955769599386,1.7916666666666667,0.08846291423827522,0.6515830066751188,7.453706901339231,2.0277777777777777
J.Herbert,LAC,2023,9,16,30,136,0,0,-6.611584542193967,-0.22038615140646556,0.5333333333333333,4.533333333333333,1.0,0.07160907651840275,0.619481981981982,7.294200450450449,1.7916666666666665,0.13685236748421087,0.6692140057215303,7.453177344005056,2.3095238095238098
J.Herbert,LAC,2023,10,27,40,323,4,1,14.587980706253923,0.36469951765634806,0.675,8.075,2.5,0.0548112606291217,0.6173986486486487,6.68795045045045,1.7916666666666665,0.09219755262287632,0.6522289216730057,7.08819684267109,2.1458333333333335
J.Herbert,LAC,2023,11,21,36,260,2,0,5.060112854914548,0.140558690414293,0.5833333333333334,7.222222222222222,3.0,0.14737752049961028,0.6375,7.172916666666667,2.0416666666666665,0.1424859978272846,0.6494827095517937,7.230147600246848,2.2083333333333335
J.Herbert,LAC,2023,12,29,44,217,1,1,-11.907626775650716,-0.270627881264789,0.6590909090909091,4.931818181818182,1.0,0.1780152859060001,0.6416666666666667,6.820138888888889,2.625,0.12859869356231923,0.6400823030477286,7.203047329244138,2.2083333333333335
J.Herbert,LAC,2023,13,22,37,212,0,0,2.0078626550231666,0.05426655824386937,0.5945945945945946,5.72972972972973,1.0,0.0035610438498466235,0.612689393939394,6.190593434343435,1.875,0.03758506018412469,0.616085687960688,6.742396942396942,1.8333333333333335
E.Stick,LAC,2023,14,13,24,179,0,0,-6.7211686507216655,-0.2800486937800694,0.5416666666666666,7.458333333333333,1.0,0.07222422126243036,0.6280047092547093,6.4896925334425335,1.875,0.06351774094577603,0.622701678951679,6.588821491946492,1.8333333333333335
E.Stick,LAC,2023,15,23,32,257,3,1,-10.32050233357586,-0.3225156979242456,0.71875,8.03125,2.0,-0.08896283159667401,0.594671375921376,6.335525866775867,1.5,0.029207344451468144,0.616085687960688,6.754221266721267,1.7708333333333335
E.Stick,LAC,2023,16,23,33,215,0,0,-1.0849161199779078,-0.0328762460599366,0.696969696969697,6.515151515151516,1.0,-0.20473142868130867,0.6285255425880425,6.537782811220311,1.25,-0.013358071387654272,0.6350961046273547,6.6789608500546,1.9375
E.Stick,LAC,2023,17,24,38,220,0,0,-0.6990487659365119,-0.018396020156223998,0.631578947368421,5.7894736842105265,1.0,-0.14529351988009556,0.6379952395577395,6.933616144553644,1.25,-0.07086623801512446,0.6253423167485668,6.562104789448539,1.5625
E.Stick,LAC,2023,18,28,47,258,0,0,-15.186350245580389,-0.3231138350123487,0.5957446808510638,5.48936170212766,1.0,-0.16345916448011893,0.6472413277511961,6.948552133173844,1.25,-0.045617471608844266,0.6376230185029528,6.719122333308189,1.5625
J.Herbert,LAC,2024,1,17,26,144,1,0,-4.875879753395097,-0.1875338366690422,0.6538461538461539,5.538461538461538,2.0,-0.17422544978818874,0.6607608312972955,6.456309225372426,1.25,-0.13159414069243136,0.6277161036093356,6.395917546074146,1.375
J.Herbert,LAC,2024,2,14,20,130,2,1,1.4336512824779608,0.07168256412389803,0.7,6.5,1.5,-0.1404799844743879,0.6445348697588339,5.83311210998781,1.25,-0.17260570657784827,0.6365302061734383,6.185447460604061,1.25
J.Herbert,LAC,2024,3,12,18,125,1,0,1.5603604057269793,0.08668668920705441,0.6666666666666666,6.944444444444445,2.0,-0.11434028192842924,0.6452924455164096,5.829324231199931,1.375,-0.12981690090426237,0.6416438425370746,6.381470187876788,1.3125
J.Herbert,LAC,2024,4,16,27,179,1,0,-2.0499847903784856,-0.07592536260661058,0.5925925925925926,6.62962962962963,2.0,-0.08806960458760962,0.6540643753409711,6.118066921258411,1.625,-0.12576438453386427,0.6506528515460835,6.533309527216128,1.4375
J.Herbert,LAC,2024,6,21,34,237,1,0,8.115746300136228,0.238698420592242,0.6176470588235294,6.970588235294118,2.0,-0.026272486486175094,0.6532763532763532,6.403133903133903,1.875,-0.1002489681371819,0.6570185922868244,6.429721564253164,1.5625
J.Herbert,LAC,2024,7,27,39,349,0,0,13.250134193409988,0.3397470306002561,0.6923076923076923,8.948717948717949,1.0,0.08028557782914596,0.6442265795206972,6.761165577342048,1.875,-0.030097203322620954,0.6443807246397656,6.297138843664929,1.5625
J.Herbert,LAC,2024,8,20,32,279,2,0,2.1494329552558176,0.0671697798517443,0.625,8.71875,3.0,0.14730169444823546,0.6423035025976203,7.373345064521535,1.75,0.01648070625990313,0.643797974057015,6.6013346478607335,1.5625
J.Herbert,LAC,2024,9,18,27,282,2,0,1.3242007204249338,0.0490444711268494,0.6666666666666666,10.444444444444445,3.0,0.14242246710940792,0.6318868359309535,7.816921453410424,2.0,0.027176431260899168,0.6429756056359623,6.967494187334417,1.8125
J.Herbert,LAC,2024,10,14,18,164,1,0,9.668904586900211,0.5371613659389006,0.7777777777777778,9.11111111111111,2.0,0.17366492554277294,0.6504053544494721,8.770625157114127,2.25,0.07369621952829893,0.6518408538629127,7.5868795301240155,2.0625
J.Herbert,LAC,2024,11,17,36,297,2,0,1.9990993643142447,0.05553053789761791,0.4722222222222222,8.25,3.0,0.2482806618794376,0.6904380341880342,9.305755876068377,2.25,0.16428311985429178,0.6673323068543656,8.033460726705211,2.0625
J.Herbert,LAC,2024,12,21,36,218,0,0,-1.8392485675853767,-0.05109023798848269,0.5833333333333334,6.055555555555555,1.0,0.17722653870377802,0.6354166666666667,9.13107638888889,2.75,0.16226411657600676,0.6388600846321434,8.252210726705211,2.25
J.Herbert,LAC,2024,13,16,23,147,0,0,-5.198224682945748,-0.22600976882372817,0.6956521739130435,6.391304347826087,1.0,0.1476615342437213,0.625,8.465277777777779,2.25,0.14504200067656464,0.6284434179654768,8.1410996155941,2.125
J.Herbert,LAC,2024,14,21,30,213,1,0,8.155707047029864,0.2718569015676621,0.7,7.1,2.0,0.07889797425607692,0.6322463768115942,7.4519927536231885,1.75,0.1262814498994249,0.6413258656305332,8.111308955368658,2.0
J.Herbert,LAC,2024,15,21,33,195,2,1,-11.176209496916272,-0.33867301505806885,0.6363636363636364,5.909090909090909,1.5,0.012571858163267294,0.6128019323671497,6.949214975845411,1.75,0.13042626002135244,0.651619983277592,8.127485425956893,2.0
J.Herbert,LAC,2024,16,23,31,284,2,1,12.318311662806199,0.3973648923485871,0.7419354838709677,9.161290322580646,1.5,-0.0859790300756544,0.6538372859025032,6.363987703118138,1.375,0.04562375431406182,0.644626976284585,7.7475320460035135,2.0625
J.Herbert,LAC,2024,17,26,38,281,3,0,19.62700716635617,0.5165001885883203,0.6842105263157895,7.394736842105263,4.0,0.026134752508613038,0.693487823536912,7.14042139487441,1.5,0.08689814337616718,0.6592439117684559,7.8028495863260945,1.875
J.Herbert,LAC,2024,18,28,36,346,2,0,17.7409034601736,0.49280287389371114,0.7777777777777778,9.61111111111111,3.0,0.21176224186162515,0.6906274116375983,7.391279518444205,2.25,0.14533010805885105,0.6614368942245963,7.421636136033696,2.0
J.Herbert,LAC,2025,1,25,34,318,3,0,17.567262160454625,0.5166841811898419,0.7352941176470589,9.352941176470589,4.0,0.2669987349431374,0.7100718560820428,8.019057296221982,2.5,0.13978529655320235,0.6614368942245963,7.484136136033697,2.125
J.Herbert,LAC,2025,2,19,27,242,2,0,10.168125412291895,0.3765972374922924,0.7037037037037037,8.962962962962964,3.0,0.4808380340051151,0.7348044764028985,8.880019863066902,3.125,0.19742950196473036,0.6943208811527009,7.62200378309252,2.25
J.Herbert,LAC,2025,3,28,47,300,1,1,-2.3949824955743924,-0.050957074373923245,0.5957446808510638,6.382978723404255,1.0,0.4756461202910414,0.7252465313610824,8.830438023162483,3.5,0.2508904363998272,0.7093671774489971,7.985429709018446,2.5
J.Herbert,LAC,2025,4,23,41,203,1,2,-21.121796523494552,-0.5151657688657207,0.5609756097560976,4.951219512195122,0.6666666666666666,0.33378180455048057,0.703130069994901,8.57749849348723,2.75,0.2727720232060528,0.6968787408162497,7.984389005965717,2.5
J.Herbert,LAC,2025,5,22,29,166,1,1,-6.124441063523405,-0.21118762288011741,0.7586206896551724,5.724137931034483,1.0,0.0817896438606226,0.648929527989481,7.412525593758232,2.1666666666666665,0.17439418940188,0.6795006920357619,7.715791444990107,2.3333333333333335
J.Herbert,LAC,2025,6,29,38,264,2,0,12.641889955414864,0.33268131461618067,0.7631578947368421,6.947368421052632,3.0,-0.10017830715686724,0.6547611709915094,6.505324782399207,1.4166666666666665,0.19032986342412392,0.694782823697204,7.6926723227330545,2.2708333333333335
J.Herbert,LAC,2025,7,37,55,420,3,2,5.819126800481275,0.1058023054632959,0.6727272727272727,7.636363636363637,1.3333333333333333,-0.11115728787589518,0.669624718749794,6.001426146921623,1.4166666666666665,0.18224441620757315,0.6974356250554382,7.415932085042052,2.4583333333333335
J.Herbert,LAC,2025,8,18,25,227,3,1,11.607531543715911,0.46430126174863645,0.72,9.08,2.0,-0.0719674429165904,0.6888703667188463,6.314772375161469,1.5,0.13090718081694508,0.6960002183568736,7.44613543432435,2.125
J.Herbert,LAC,2025,9,19,29,250,2,1,1.8336171157623544,0.06322817640559843,0.6551724137931034,8.620689655172415,1.5,0.1728993147369989,0.7286264642798218,7.346967497112688,1.8333333333333333,0.12734447929881076,0.6887779961346514,7.37974654543546,2.0
J.Herbert,LAC,2025,10,20,33,220,1,0,-6.661067343007555,-0.20185052554568347,0.6060606060606061,6.666666666666667,2.0,0.24150326455842785,0.7027643953143046,8.07110542814717,1.9583333333333333,0.07066247870078031,0.6787627831529071,7.2882151052731885,1.6875
J.Herbert,LAC,2025,11,10,18,81,0,1,-14.244363311345335,-0.791353517296963,0.5555555555555556,4.5,0.5,0.10787030451796183,0.6634900731452456,8.00092998955068,1.7083333333333335,-0.0016434916789666715,0.6665573959475197,7.001178068236152,1.5625
J.Herbert,LAC,2025,13,15,20,151,2,1,7.317836725861905,0.36589183629309524,0.75,7.55,1.5,-0.1164186511721029,0.6341971438523162,7.216839080459771,1.5,-0.09419304704434664,0.6615337552855813,6.76580572781062,1.5
J.Herbert,LAC,2025,14,12,26,139,1,1,-15.577254686101282,-0.5991251802346647,0.46153846153846156,5.346153846153846,1.0,-0.14102100753598823,0.6416971438523162,6.83433908045977,1.375,0.01593915360050536,0.685161804066069,7.090653288786229,1.6041666666666667
J.Herbert,LAC,2025,15,19,29,210,1,1,0.4335792132866323,0.014951007354711459,0.6551724137931034,7.241379310344827,1.0,-0.306609346696054,0.5932886557886557,6.015705128205129,1.25,-0.03255304106881304,0.6480265255514801,7.04340527817615,1.6041666666666667
J.Herbert,LAC,2025,16,23,29,300,2,0,23.74632158860467,0.8188386754691265,0.7931034482758621,10.344827586206897,3.0,-0.25240896347095526,0.6055666077217802,6.159383289124668,1.0,-0.0722693294764967,0.6345283404335129,7.080156639337674,1.3541666666666667
J.Herbert,LAC,2025,17,21,32,236,1,1,-8.8967715913491,-0.2780241122296594,0.65625,7.375,1.0,0.1501390847205671,0.6649535809018567,7.6205901856763925,1.625,0.01686021677423212,0.6495753623770866,7.418714633068081,1.5625
T.Lance,LAC,2025,18,20,44,136,0,1,-31.4968801013859,-0.7158381841224069,0.45454545454545453,3.090909090909091,0.5,-0.010839902410121546,0.6415160809018567,7.576840185676392,1.5,-0.07593045497305485,0.6416066123770866,7.205589633068081,1.4375
J.Garoppolo,LV,2023,1,20,26,200,2,1,13.086084981785486,0.5033109608379033,0.7692307692307693,7.6923076923076925,1.5,,,,,,,,
J.Garoppolo,LV,2023,2,16,24,185,1,2,-2.0070985654510527,-0.08362910689379387,0.6666666666666666,7.708333333333333,0.6666666666666666,,,,,,,,
J.Garoppolo,LV,2023,3,28,44,324,2,3,-7.2994737805925425,-0.16589713137710324,0.6363636363636364,7.363636363636363,0.75,0.2098409269720547,0.717948717948718,7.700320512820513,1.0833333333333333,0.2098409269720547,0.717948717948718,7.700320512820513,1.0833333333333333
A.O'Connell,LV,2023,4,24,39,238,0,1,-11.765604441442477,-0.3016821651651917,0.6153846153846154,6.102564102564102,0.5,0.0845949075223354,0.6907536907536908,7.588092463092463,0.9722222222222222,0.0845949075223354,0.6907536907536908,7.588092463092463,0.9722222222222222
J.Garoppolo,LV,2023,5,22,31,208,1,1,-0.7268434750931592,-0.023446563712682552,0.7096774193548387,6.709677419354839,1.0,-0.011974360649546378,0.671911421911422,7.216710372960373,0.8541666666666666,-0.011974360649546378,0.671911421911422,7.216710372960373,0.8541666666666666
J.Garoppolo,LV,2023,6,14,22,162,1,1,5.130306091690607,0.23319573144048214,0.6363636363636364,7.363636363636363,1.0,-0.14366374178719282,0.6570230844424393,6.971052804722159,0.7291666666666666,-0.014268801262173614,0.6794646214001052,7.115303782239266,0.8833333333333332
B.Hoyer,LV,2023,7,17,32,129,0,2,-13.533031918403136,-0.422907247450098,0.53125,4.03125,0.3333333333333333,-0.06445753220362382,0.6494473268666817,6.884878562297917,0.8125,0.026975287521602345,0.672281123894027,7.1566925458054484,0.9027777777777777
J.Garoppolo,LV,2023,8,10,21,126,0,1,-24.156507637933828,-1.1503098875206585,0.47619047619047616,6.0,0.5,-0.1287100612218725,0.6231689177757727,6.051781971388826,0.7083333333333334,-0.03729364604578341,0.6521338204805947,6.710200753547527,0.8214285714285714
A.O'Connell,LV,2023,9,16,25,209,0,0,7.603048639668113,0.30412194558672456,0.64,8.36,1.0,-0.3408669918107392,0.5883703829772379,6.026140945747801,0.7083333333333334,-0.1764206762301428,0.6301409024443299,6.621425659354086,0.78125
A.O'Connell,LV,2023,10,16,27,153,1,1,-9.807394982754028,-0.36323685121311217,0.5925925925925926,5.666666666666667,1.0,-0.2589748644858874,0.5709510281385282,6.438721590909091,0.7083333333333333,-0.20131930313654017,0.6139870562904837,6.704887197815625,0.71875
A.O'Connell,LV,2023,11,24,41,271,1,3,-9.576633443971339,-0.2335764254627156,0.5853658536585366,6.609756097560975,0.5,-0.408083010149286,0.5600082671957671,6.014479166666667,0.7083333333333333,-0.23627027117645494,0.6047277970312244,6.449678864482292,0.7604166666666666
A.O'Connell,LV,2023,12,23,33,248,1,0,4.325248748179089,0.1310681438842148,0.696969696969697,7.515151515151516,2.0,-0.36075030465244046,0.5735372306104013,6.659105691056911,0.75,-0.2447301829371565,0.598353074193087,6.3554438312228685,0.7291666666666666
A.O'Connell,LV,2023,14,21,32,171,0,1,-19.20355119294254,-0.6001109747794544,0.65625,5.34375,0.5,-0.04040579680122204,0.6287320358052065,7.0378935698447895,1.125,-0.19063639430598067,0.6085512093912222,6.532017257796295,0.9166666666666666
A.O'Connell,LV,2023,15,20,34,248,4,0,10.630083312629722,0.31264950919499185,0.5882352941176471,7.294117647058823,5.0,-0.26646402689276677,0.6327945358052065,6.28383106984479,1.0,-0.26271944568932715,0.6018727819718673,6.36127633037694,0.8541666666666666
A.O'Connell,LV,2023,16,9,21,62,0,0,-12.96893692768682,-0.6175684251279437,0.42857142857142855,2.9523809523809526,1.0,-0.09749243679074078,0.6317052111864702,6.690693814942828,2.0,-0.25278772347001344,0.5958567391911187,6.3525864908047485,1.3541666666666665
A.O'Connell,LV,2023,17,30,47,299,2,0,8.476911331376785,0.1803598155612082,0.6382978723404256,6.361702127659575,3.0,-0.1934904367070478,0.5925066049146931,5.776350028647823,2.125,-0.27712037067974415,0.5830219177625473,6.217727859852367,1.4375
A.O'Connell,LV,2023,18,20,31,244,2,0,11.44188592725486,0.36909309442757615,0.6451612903225806,7.870967741935484,3.0,-0.18116751878779946,0.5778386487573753,5.487987681774838,2.375,-0.11078665779451084,0.6032853422812909,6.262940625809814,1.75
G.Minshew,LV,2024,1,25,33,257,1,1,-1.242704641111882,-0.03765771639732976,0.7575757575757576,7.787878787878788,1.0,0.06113349851395819,0.5750664713380205,6.119792117258708,3.0,-0.10266526418940437,0.6039305035716135,6.201811593551748,2.0
G.Minshew,LV,2024,2,30,38,276,1,1,-2.416132526708785,-0.06358243491338908,0.7894736842105263,7.2631578947368425,1.0,-0.026443307884122212,0.6174015872025481,6.2432324024637,2.0,-0.06196787233743159,0.624553399194509,6.466963108703264,2.0
G.Minshew,LV,2024,3,18,28,214,1,1,-4.296362854683731,-0.15344153052441897,0.6428571428571429,7.642857142857143,1.0,0.11205318966951644,0.7076271511123225,7.320926638052672,2.0,-0.04071862351876577,0.6500668780135078,6.548638333350247,2.0625
G.Minshew,LV,2024,4,14,24,130,0,0,-3.775178223637057,-0.15729909265154404,0.5833333333333334,5.416666666666667,1.0,0.02860285314810966,0.7087669687415019,7.641215391852064,1.5,-0.07628233281984499,0.6433028087494386,6.564601536813451,1.9375
A.O'Connell,LV,2024,5,10,20,94,0,1,-5.343939675774891,-0.26719698378874457,0.5,4.7,0.5,-0.1029951936216704,0.69330997949419,7.02764012303486,1.0,-0.0209308475538562,0.6341882254161052,6.573716120146784,2.0
A.O'Connell,LV,2024,6,27,40,227,1,1,-3.816641160883475,-0.09541602902208687,0.675,5.675,1.0,-0.1603800104695241,0.6289160401002506,6.255670426065164,0.875,-0.09341165917682326,0.6231588136513994,6.249451414264431,1.4375
G.Minshew,LV,2024,7,15,34,154,0,3,-23.165124470908477,-0.6813271903208376,0.4411764705882353,4.529411764705882,0.25,-0.16833840899669855,0.6002976190476191,5.8586309523809526,0.875,-0.028142609663591143,0.6539623850799707,6.589778795216812,1.4375
G.Minshew,LV,2024,8,24,30,209,2,0,6.04688261405246,0.20156275380174865,0.8,6.966666666666667,3.0,-0.3003098239458032,0.5498774509803922,5.080269607843137,0.6875,-0.13585348539884687,0.629322209860947,6.360742499847601,1.09375
G.Minshew,LV,2024,9,10,17,124,0,0,0.9504952851566486,0.0559114873621558,0.5882352941176471,7.294117647058823,1.0,-0.21059436233248002,0.6040441176470588,5.467769607843137,1.1875,-0.1567947779770753,0.6486770485706244,6.247704865438999,1.09375
G.Minshew,LV,2024,11,30,43,282,2,1,4.922723967598332,0.11448195273484492,0.6976744186046512,6.558139534883721,1.5,-0.12981724454475493,0.6261029411764706,6.116299019607843,1.3125,-0.14509862750713962,0.6275094906383607,6.185984722836503,1.09375
G.Minshew,LV,2024,12,25,42,230,1,1,-12.678815570449375,-0.3018765612011756,0.5952380952380952,5.476190476190476,1.0,-0.077342749105522,0.6317715458276334,6.337083903328773,1.4375,-0.12284057905111036,0.6160345824376262,6.097857427854863,1.15625
A.O'Connell,LV,2024,13,23,35,340,2,0,9.183151338189559,0.2623757525197017,0.6571428571428571,9.714285714285714,3.0,0.0175199081743935,0.6702869519900984,6.573778581199922,1.625,-0.14139495788570494,0.6100822014852453,5.827024094521529,1.15625
A.O'Connell,LV,2024,14,11,19,104,0,1,-7.580805402317426,-0.39898975801670666,0.5789473684210527,5.473684210526316,0.5,0.03272315785388176,0.6345726662758127,7.2606833431046836,1.625,-0.08893560223929922,0.6193083919614357,6.36422647547391,1.40625
D.Ridder,LV,2024,15,23,39,208,1,2,-7.515980119967116,-0.1927174389735158,0.5897435897435898,5.333333333333333,0.6666666666666666,-0.08100215349083385,0.632250684851664,6.805574983971557,1.5,-0.10540969901779448,0.6291768130140674,6.460937001789699,1.40625
A.O'Connell,LV,2024,16,24,38,257,0,0,-0.24109466473603913,-0.006344596440422083,0.631578947368421,6.7631578947368425,1.0,-0.15780200141792403,0.6052679776363987,6.49937343358396,1.2916666666666667,-0.1175723752617231,0.6185197617320161,6.418228668456367,1.3645833333333333
A.O'Connell,LV,2024,17,20,35,242,2,0,9.655957560468881,0.2758845017276823,0.5714285714285714,6.914285714285715,3.0,-0.08391901022773564,0.6143531906689801,6.821115288220552,1.2916666666666667,-0.03319955102667116,0.6423200713295393,6.6974469347102366,1.4583333333333333
A.O'Connell,LV,2024,18,24,34,214,2,1,-3.8717228206720593,-0.11387420060800174,0.7058823529411765,6.294117647058823,1.5,-0.08054182292574047,0.5929246192404087,6.121115288220551,1.2916666666666665,-0.023909332535929452,0.6137486427581107,6.690899315662617,1.4583333333333333
G.Smith,LV,2025,1,24,34,362,1,1,14.945327814546477,0.43956846513371994,0.7058823529411765,10.647058823529411,1.0,-0.009262933573564253,0.6246583653704397,6.326223647353679,1.5416666666666665,-0.04513254353219914,0.6284545251110518,6.565899315662618,1.5208333333333333
G.Smith,LV,2025,2,24,43,180,0,3,-23.067928140179568,-0.5364634451204551,0.5581395348837209,4.186046511627907,0.25,0.14880854245324468,0.6536930561698364,7.654655019902697,1.625,-0.00449672948233977,0.6294805169031176,7.077014226743328,1.4583333333333333
G.Smith,LV,2025,3,19,29,289,3,0,12.24070766654052,0.42209336781174206,0.6551724137931034,9.96551724137931,4.0,0.01627883028323643,0.6353332030486614,7.010377174125464,1.4375,-0.033820089972249695,0.6248431968588207,6.915746231173008,1.3645833333333333
G.Smith,LV,2025,4,14,21,117,2,3,-9.613629262534428,-0.45779186964449653,0.6666666666666666,5.571428571428571,0.75,0.052831046804251366,0.6562691636397944,7.773185055898862,1.6875,-0.013855388060744649,0.6245968914401016,6.9471501720597075,1.4895833333333333
G.Smith,LV,2025,5,25,36,228,0,2,-10.903446787652872,-0.30287352187924643,0.6944444444444444,6.333333333333333,0.3333333333333333,-0.03314837045487233,0.6464652420711668,7.5925127869913,1.5,-0.021205652014218382,0.6355618037208033,6.959368217172489,1.5208333333333333
G.Smith,LV,2025,6,17,23,174,1,1,0.5693263779394329,0.02475332077997534,0.7391304347826086,7.565217391304348,1.0,-0.21875886720811394,0.6436057649469838,6.5140814144422805,1.3333333333333333,-0.03497516237743471,0.6486494105584102,7.084368217172488,1.4791666666666667
G.Smith,LV,2025,7,10,16,67,0,0,-9.709725162945688,-0.6068578226841055,0.625,4.1875,1.0,-0.07845467573300634,0.6888534899217058,7.358874134361391,1.5208333333333333,-0.031087922724885038,0.6620933464851836,7.184625654243427,1.4791666666666667
G.Smith,LV,2025,9,29,39,284,4,1,11.396392546725169,0.2922151935057736,0.7435897435897436,7.282051282051282,2.5,-0.3356924733569682,0.68131038647343,5.914369824016563,0.7708333333333333,-0.1414307132763585,0.6687897750566122,6.843777439957713,1.2291666666666667
G.Smith,LV,2025,10,16,26,143,0,1,-16.31954670541179,-0.6276748732850688,0.6153846153846154,5.5,0.5,-0.14819070756940073,0.7005411557041992,6.34202550167224,1.2083333333333333,-0.09066953901213662,0.6735031988876831,6.96726914433177,1.3541666666666665
G.Smith,LV,2025,11,27,42,238,1,1,-14.232012563434278,-0.33885744198653045,0.6428571428571429,5.666666666666667,1.0,-0.2293910454208563,0.680776198439242,6.133692168338907,1.25,-0.22407495631448518,0.6621909816931129,6.323886791390594,1.2916666666666665
G.Smith,LV,2025,12,30,44,285,1,0,-20.258941511998373,-0.4604304889090539,0.6818181818181818,6.4772727272727275,2.0,-0.3202937361124828,0.6567078754578755,5.659054487179487,1.25,-0.19937420592274463,0.6727806826897906,6.508964310770439,1.3854166666666665
G.Smith,LV,2025,13,18,23,165,2,1,-2.135615331266308,-0.09285284048983948,0.782608695652174,7.173913043478261,1.5,-0.2836869026687199,0.6709124209124209,6.231497668997669,1.5,-0.3096896880128441,0.6761114036929254,6.072933746507116,1.1354166666666665
G.Smith,LV,2025,14,13,21,116,1,0,-2.6853824941790663,-0.1278753568656698,0.6190476190476191,5.523809523809524,2.0,-0.3799539111676231,0.6806671589280285,6.204463109354414,1.25,-0.264072309368512,0.6906041573161138,6.273244305513327,1.2291666666666665
K.Pickett,LV,2025,15,15,25,64,0,1,-16.72820816631429,-0.6691283266525716,0.6,2.56,0.5,-0.2550040320627734,0.6815829098437794,6.2104154903067945,1.625,-0.24219753874181493,0.6811795541415108,6.172053829322851,1.4375
G.Smith,LV,2025,16,16,23,201,2,1,1.660395369748585,0.07219110303254717,0.6956521739130435,8.73913043478261,1.5,-0.3375717532292837,0.6708686241294937,5.433748823640128,1.5,-0.3289327446708833,0.6637882497936846,5.546401655409808,1.375
G.Smith,LV,2025,17,20,28,176,1,2,-4.807327864756445,-0.17169028088415875,0.7142857142857143,6.285714285714286,0.6666666666666666,-0.2044163552438834,0.6743271221532092,5.999213250517599,1.375,-0.2440516289563017,0.672619771532815,6.115355459757634,1.4375
A.O'Connell,LV,2025,18,10,22,102,0,0,-5.86369217034538,-0.26653146228842634,0.45454545454545453,4.636363636363637,1.0,-0.22412571534246323,0.6572463768115941,5.777163561076605,1.1666666666666667,-0.30203981325504325,0.6689567678698113,5.990813335215509,1.2083333333333333
T.Tagovailoa,MIA,2023,1,28,45,466,3,1,27.078330696646354,0.6017406821476967,0.6222222222222222,10.355555555555556,2.0,,,,,,,,
T.Tagovailoa,MIA,2023,2,21,30,249,1,1,11.266563081514585,0.37555210271715284,0.7,8.3,1.0,,,,,,,,
T.Tagovailoa,MIA,2023,3,23,26,309,4,0,26.372212297806982,1.014315857607961,0.8846153846153846,11.884615384615385,5.0,0.4886463924324248,0.6611111111111111,9.32777777777778,1.5,0.4886463924324248,0.6611111111111111,9.32777777777778,1.5
T.Tagovailoa,MIA,2023,4,25,35,282,1,1,-4.43110618014168,-0.1266030337183337,0.7142857142857143,8.057142857142857,1.0,0.6638695474909369,0.7356125356125357,10.18005698005698,2.6666666666666665,0.6638695474909369,0.7356125356125357,10.18005698005698,2.6666666666666665
T.Tagovailoa,MIA,2023,5,22,30,308,2,2,-1.8441978553910436,-0.06147326184636812,0.7333333333333333,10.266666666666667,1.0,0.4662514021886192,0.7302808302808302,9.64932844932845,2.25,0.4662514021886192,0.7302808302808302,9.64932844932845,2.25
T.Tagovailoa,MIA,2023,6,21,31,262,3,0,16.12479107605759,0.5201545508405674,0.6774193548387096,8.451612903225806,4.0,0.300447916190103,0.758058608058608,9.627106227106228,2.0,0.36070646938162176,0.7308913308913308,9.772796092796094,2.0
T.Tagovailoa,MIA,2023,7,23,32,216,1,1,-3.8402599184064217,-0.12000812245020068,0.71875,6.75,1.0,0.3365985282209566,0.7524134467682854,9.665009452912678,2.75,0.3872811496247794,0.7219793348825606,9.552598894534379,2.3333333333333335
T.Tagovailoa,MIA,2023,8,30,45,324,3,1,12.581885234021849,0.27959744964493,0.6666666666666666,7.2,2.0,0.053017533206416216,0.7109471006144392,8.381355606758833,1.75,0.31481125361406787,0.7215180013279091,9.152227623886612,2.142857142857143
T.Tagovailoa,MIA,2023,9,21,34,193,1,0,0.5236871447996236,0.015402563082341872,0.6176470588235294,5.676470588235294,2.0,0.15456765404723216,0.6990423387096774,8.167069892473119,2.0,0.31040952811792566,0.7146615844952539,8.908199170900785,2.125
T.Tagovailoa,MIA,2023,11,28,39,325,2,1,4.769229019801378,0.12228792358465071,0.717948717948718,8.333333333333334,1.5,0.17378661027940964,0.6701207700822265,7.019520872865275,2.25,0.23711726323475632,0.7140896890704171,8.323313549985752,2.125
T.Tagovailoa,MIA,2023,12,21,30,243,1,2,4.45056448865949,0.14835214962198298,0.7,8.1,0.6666666666666666,0.07431995346543048,0.6802531108597285,6.989950980392157,1.625,0.20545924084319356,0.716333278814007,8.327480216652418,2.1875
T.Tagovailoa,MIA,2023,13,18,24,280,2,0,19.67799806176171,0.8199165859067379,0.75,11.666666666666666,3.0,0.14141002148347642,0.6755656108597285,7.3274509803921575,1.5416666666666667,0.0972137773449463,0.6932563557370839,7.854403293575494,1.6458333333333333
T.Tagovailoa,MIA,2023,14,23,33,240,0,0,-7.4380432093967865,-0.2253952487695996,0.696969696969697,7.2727272727272725,1.0,0.2764898055489284,0.6963989441930618,8.444117647058825,1.7916666666666665,0.21552872979808024,0.6977206414513696,8.305593769765972,1.8958333333333333
T.Tagovailoa,MIA,2023,15,21,24,224,1,0,9.223429321831443,0.3843095550763101,0.875,9.333333333333334,2.0,0.21629035258594304,0.7162296037296038,8.843181818181817,1.5416666666666665,0.1950384814326763,0.6931751869059151,7.931351345523546,1.8958333333333333
T.Tagovailoa,MIA,2023,16,24,37,293,1,0,7.294361547796323,0.19714490669719792,0.6486486486486487,7.918918918918919,2.0,0.28179576045885785,0.7554924242424242,9.093181818181819,1.6666666666666665,0.17805785696214413,0.7178727675510764,8.041566399286989,1.6458333333333333
T.Tagovailoa,MIA,2023,17,22,38,237,2,2,-1.3889396678963433,-0.036551043892009034,0.5789473684210527,6.2368421052631575,1.0,0.2939939497276616,0.7426545864045864,9.047911547911546,2.0,0.21770198560556897,0.7091100986321575,8.187681264151852,1.7708333333333333
T.Tagovailoa,MIA,2023,18,17,27,173,1,2,1.2538411483401433,0.04643856104963494,0.6296296296296297,6.407407407407407,0.6666666666666666,0.07987704227797485,0.6998914285098495,7.690455407560671,1.5,0.17818342391345157,0.6981451863514557,8.067286527309747,1.6458333333333333
T.Tagovailoa,MIA,2024,1,23,37,338,1,0,4.323552238676893,0.11685276320748358,0.6216216216216216,9.135135135135135,2.0,0.14783549473278348,0.6830564116748328,7.474125441230704,1.4166666666666665,0.18206292365936322,0.6996430077022182,8.158653629706262,1.4791666666666667
T.Tagovailoa,MIA,2024,2,17,25,145,1,3,-10.667231454283115,-0.42668925817132464,0.68,5.8,0.5,0.08097129676557685,0.6197118170802381,7.424575891681155,1.4166666666666665,0.18138352861221732,0.6876021206613312,8.258878854931487,1.5416666666666665
S.Thompson,MIA,2024,3,13,19,107,0,0,-9.774416790956188,-0.5144429889976941,0.6842105263157895,5.631578947368421,1.0,-0.07498724445155379,0.627549654918076,6.894846161951425,1.0416666666666665,0.10950335263805389,0.6851021206613312,7.971378854931486,1.5208333333333335
T.Huntley,MIA,2024,4,14,22,96,0,0,-11.76269284277302,-0.5346678564896827,0.6363636363636364,4.363636363636363,1.0,-0.19446023072797508,0.6538654443917602,6.743530372477741,1.0416666666666665,-0.0572915942250001,0.6768784364508049,7.216992890019206,1.2708333333333335
T.Huntley,MIA,2024,5,18,31,194,0,1,-3.4954294045830725,-0.11275578724461524,0.5806451612903226,6.258064516129032,0.5,-0.3397368351128045,0.6555489460752619,6.23258761153498,1.125,-0.0959506701900105,0.6693026788750472,6.853356526382842,1.2708333333333335
T.Boyle,MIA,2024,7,8,13,74,0,0,0.44980134774232283,0.03460010367248637,0.6153846153846154,5.6923076923076925,1.0,-0.3971389727258292,0.6453048309924372,5.513319956783454,0.75,-0.15808383798012615,0.6325083240363376,6.468947924232304,1.0833333333333335
T.Tagovailoa,MIA,2024,8,28,38,234,1,0,8.731976428380111,0.22978885337842397,0.7368421052631579,6.157894736842105,2.0,-0.2818166322648764,0.629150984838591,5.4863968798603775,0.875,-0.1784019383582151,0.6283503198783335,6.190621520905901,0.9583333333333334
T.Tagovailoa,MIA,2024,9,25,28,231,2,0,17.544328126894143,0.6265831473890765,0.8928571428571429,8.25,3.0,-0.09575867167084688,0.642308879575433,5.617975827228798,1.125,-0.14510945119941096,0.6480871619835966,6.18075309985327,1.0833333333333333
T.Tagovailoa,MIA,2024,10,20,28,207,1,1,-1.5312514591516704,-0.054687552112559656,0.7142857142857143,7.392857142857143,1.0,0.19455407929884294,0.7064322561988097,6.589566736319707,1.625,-0.07259137790698078,0.6809906011370357,6.411077173927344,1.375
T.Tagovailoa,MIA,2024,11,28,36,288,3,0,24.54144702075973,0.6817068616877703,0.7777777777777778,8.0,4.0,0.2090711380818568,0.7398423944476576,6.873264893001735,1.75,-0.09403391732198618,0.6925736127200474,6.1932924248925945,1.25
T.Tagovailoa,MIA,2024,12,29,40,317,4,0,13.061815574565571,0.3265453893641393,0.725,7.925,5.0,0.3708478275856778,0.7804406850459482,7.450187969924812,2.5,0.04451559766040066,0.7047958349422695,6.468292424892595,1.6875
T.Tagovailoa,MIA,2024,13,37,46,365,2,0,11.943116470511924,0.2596329667502592,0.8043478260869565,7.934782608695652,3.0,0.3950369615821066,0.7774801587301587,7.891964285714286,3.25,0.14963914495562983,0.7098945191527959,6.754970056471541,2.1875
T.Tagovailoa,MIA,2024,14,33,47,331,2,0,21.087730210394252,0.44867511085945216,0.7021276595744681,7.042553191489362,3.0,0.3032994164224023,0.7553528295376122,7.813159937888199,3.25,0.24892674786062258,0.7308925428682109,7.201363337103953,2.4375
T.Tagovailoa,MIA,2024,15,29,40,196,1,3,-8.854686274098757,-0.22136715685246894,0.725,4.9,0.5,0.4291400821654053,0.7523133158598005,7.7255839500462535,3.75,0.319105610123631,0.746077855153729,7.2994244215239945,2.75
T.Tagovailoa,MIA,2024,16,22,34,215,1,0,5.652358010653883,0.16624582384276126,0.6470588235294118,6.323529411764706,2.0,0.2033715775303455,0.7391188714153561,6.950583950046253,2.875,0.2871097025580116,0.7597797782306522,7.200385959985533,2.6875
T.Huntley,MIA,2024,17,22,26,225,1,0,5.347883499543543,0.20568782690552087,0.8461538461538461,8.653846153846153,2.0,0.16329668615000098,0.7196335772977092,6.55021630298743,2.125,0.27916682386605374,0.7485568680139338,7.221090294350858,2.6875
T.Huntley,MIA,2024,18,25,41,227,1,2,-6.921629176284158,-0.16882022381180872,0.6097560975609756,5.536585365853658,0.6666666666666666,0.1498104011888164,0.7300850823144315,6.729982189275055,1.875,0.2265549088056093,0.7427189559260219,7.271571063581627,2.5625
T.Tagovailoa,MIA,2025,1,14,23,114,1,2,-14.372576010195072,-0.6248946091389161,0.6086956521739131,4.956521739130435,0.6666666666666666,-0.004563432478998826,0.7069921918110583,6.353490232866129,1.2916666666666667,0.21228832484320317,0.7296527538354295,7.039537091456191,2.5208333333333335
T.Tagovailoa,MIA,2025,2,26,32,315,2,1,9.932129502697004,0.31037904695928137,0.8125,9.84375,1.5,-0.10544529555061063,0.6779161048545367,6.367620667648739,1.3333333333333333,0.04896314098986737,0.7085174881349464,6.659102308847496,2.1041666666666665
T.Tagovailoa,MIA,2025,3,22,34,146,2,1,0.14744083787081763,0.004336495231494636,0.6470588235294118,4.294117647058823,1.5,-0.0694119897714806,0.7192763989721838,7.247675814707561,1.2083333333333333,0.04694234818926013,0.7194549881349463,6.898946058847496,1.6666666666666667
T.Tagovailoa,MIA,2025,4,17,25,177,2,0,10.377943898333484,0.4151177559333394,0.68,7.08,3.0,-0.11974982268998717,0.6695026433160751,6.157743688010729,1.0833333333333333,0.015030289249414559,0.6997938628152534,6.443862938642892,1.4791666666666667
T.Tagovailoa,MIA,2025,5,27,36,256,3,0,11.485191292514582,0.31903309145873837,0.75,7.111111111111111,4.0,0.02623467224629987,0.6870636189258312,6.5435973465473145,1.6666666666666665,0.010835619883650463,0.6970279053684447,6.448543789706722,1.4791666666666665
T.Tagovailoa,MIA,2025,6,21,32,205,1,3,-0.03338861474947796,-0.0010433942109211863,0.65625,6.40625,0.5,0.26221659739571346,0.722389705882353,7.082244689542484,2.5,0.07838565092255137,0.7001529053684448,6.724932678595611,1.9166666666666665
T.Tagovailoa,MIA,2025,7,12,23,100,0,3,-23.489218928981693,-1.0212703882165954,0.5217391304347826,4.3478260869565215,0.25,0.18436098710316287,0.683327205882353,6.222869689542483,2.25,0.05747449866584107,0.7013018024272684,6.735272752125022,1.7291666666666665
T.Tagovailoa,MIA,2025,8,20,26,205,4,0,9.609911366660778,0.3696119756407992,0.7692307692307693,7.884615384615385,5.0,-0.07204073375885964,0.6519972826086957,6.236296799516908,1.9374999999999998,-0.09589527822442347,0.6607499629623854,6.197020243763819,1.5104166666666665
T.Tagovailoa,MIA,2025,9,25,40,261,0,1,3.5116250164788205,0.08779062541197051,0.625,6.525,0.5,-0.08341717883199468,0.674304974916388,6.437450645670754,2.4375,-0.02859125329284748,0.6806842969211097,6.490523996109035,2.0520833333333335
T.Tagovailoa,MIA,2025,10,15,21,173,2,2,9.007470136275515,0.4289271493464531,0.7142857142857143,8.238095238095237,1.0,-0.14122779534368668,0.643054974916388,6.290922867892977,1.5624999999999998,0.060494401026013354,0.6827223403993705,6.68658377871773,2.03125
T.Tagovailoa,MIA,2025,11,14,20,171,0,0,1.9614673138904752,0.09807336569452377,0.7,8.55,1.0,-0.03373515945434308,0.6575639034878166,6.7488841774167865,1.6874999999999998,0.07531291382440983,0.6704455546850848,6.485876933479634,1.96875
T.Tagovailoa,MIA,2025,13,12,23,157,0,1,-8.047162546331096,-0.3498766324491781,0.5217391304347826,6.826086956521739,0.5,0.24610077902343672,0.7021291208791208,7.799427655677656,1.8749999999999998,0.08703002263228847,0.6770632017439082,7.017862227597282,1.90625
T.Tagovailoa,MIA,2025,14,13,21,127,1,0,1.6633908300718758,0.0792090871462798,0.6190476190476191,6.0476190476190474,2.0,0.0662286270009424,0.6402562111801242,7.534795548654245,0.7499999999999998,-0.008594275915526223,0.6572805930482561,6.9861230971624995,1.59375
T.Tagovailoa,MIA,2025,15,22,28,253,2,1,2.64083932511881,0.09431569018281463,0.7857142857142857,9.035714285714286,1.5,0.06408324243451971,0.638768115942029,7.415450310559006,1.1249999999999998,-0.03857227645458354,0.6409115454292085,6.8531865892259916,1.34375
Q.Ewers,MIA,2025,16,20,30,260,0,2,4.669538128830027,0.1556512709610009,0.6666666666666666,8.666666666666666,0.3333333333333333,-0.0195696223563899,0.6566252587991718,7.614855072463769,1.2499999999999998,-0.026652390905366564,0.6570945811434942,7.181869624940278,1.46875
Q.Ewers,MIA,2025,17,14,22,172,2,0,4.75685915748536,0.2162208707947891,0.6363636363636364,7.818181818181818,3.0,-0.005175146039770616,0.6482919254658386,7.6440217391304355,1.083333333333333,0.12046281649183299,0.6752105231724796,7.721724697404046,1.4791666666666665
Q.Ewers,MIA,2025,18,16,23,137,1,1,-8.63801070458212,-0.37556568280791824,0.6956521739130435,5.956521739130435,1.0,0.1363492297712212,0.676948051948052,7.892045454545455,1.708333333333333,0.10128892838608172,0.6586021315640881,7.713420501599849,1.2291666666666667
K.Cousins,MIN,2023,1,33,44,344,2,1,0.32368977627827666,0.007356585824506288,0.75,7.818181818181818,1.5,,,,,,,,
K.Cousins,MIN,2023,2,31,44,364,4,0,17.481337210163474,0.39730311841280624,0.7045454545454546,8.272727272727273,5.0,,,,,,,,
K.Cousins,MIN,2023,3,32,50,367,3,1,1.4202402869707438,0.028404805739414875,0.64,7.34,2.0,0.20232985211865626,0.7272727272727273,8.045454545454547,3.25,0.20232985211865626,0.7272727272727273,8.045454545454547,3.25
K.Cousins,MIN,2023,4,12,19,139,2,2,-10.878062953648623,-0.5725296291394012,0.631578947368421,7.315789473684211,1.0,0.14435483665890914,0.6981818181818182,7.81030303030303,2.8333333333333335,0.14435483665890914,0.6981818181818182,7.81030303030303,2.8333333333333335
K.Cousins,MIN,2023,5,29,47,284,2,0,2.568145951075816,0.05464140321437906,0.6170212765957447,6.042553191489362,3.0,-0.03486627979066845,0.6815311004784689,7.6866746411483255,2.375,-0.03486627979066845,0.6815311004784689,7.6866746411483255,2.375
K.Cousins,MIN,2023,6,21,31,181,1,0,-6.169656257693803,-0.1990211696030259,0.6774193548387096,5.838709677419355,2.0,-0.023045075443200256,0.6482864196274051,7.242767484475211,2.75,-0.016964743189658946,0.6686291357019241,7.357850351216532,2.5
K.Cousins,MIN,2023,7,35,45,378,2,1,12.85741865847513,0.28572041463278064,0.7777777777777778,8.4,1.5,-0.1721261474471583,0.6415048947007188,6.634263085648231,2.0,-0.04730748092522011,0.6700941722247217,7.1046602389170035,2.4166666666666665
K.Cousins,MIN,2023,8,23,31,274,2,0,19.499932799483048,0.6290300903059047,0.7419354838709677,8.838709677419354,3.0,-0.10779724522381684,0.6759493391451632,6.899263085648231,1.875,0.00026793272592285603,0.6854775444465868,7.2897087762145745,2.2857142857142856
J.Dobbs,MIN,2023,9,20,30,158,2,0,-3.916575328276971,-0.1305525109425657,0.6666666666666666,5.266666666666667,3.0,0.19259268463750964,0.7035384732708,7.279993136582018,2.375,0.0788632024234206,0.6925347868746344,7.483333888865172,2.375
J.Dobbs,MIN,2023,10,23,34,268,1,0,8.31462603116892,0.24454782444614473,0.6764705882352942,7.882352941176471,2.0,0.14629420609827345,0.7159498207885304,7.086021505376344,2.375,0.0616245653275366,0.6821181202079678,7.164394494925777,2.5625
J.Dobbs,MIN,2023,11,20,32,221,1,1,1.061477755532914,0.03317117986040356,0.625,6.90625,1.0,0.2571864546105661,0.7157126291376766,7.596932321315623,2.375,0.04253015358170391,0.6786087619191976,7.115597703481927,2.1875
J.Dobbs,MIN,2023,12,22,32,185,1,4,-23.790539162216255,-0.743454348819258,0.6875,5.78125,0.4,0.19404914591747185,0.6775181846932321,7.223494821315622,2.25,0.043125950346827494,0.6767337619191977,7.061378953481928,2.0625
J.Dobbs,MIN,2023,14,10,23,63,0,0,-13.79923919798222,-0.5999669216514009,0.43478260869565216,2.739130434782609,1.0,-0.14907196386381882,0.6639093137254902,6.459129901960784,1.6,0.021760360386845395,0.683723893498145,6.869561519271401,1.9875
N.Mullens,MIN,2023,15,26,33,303,2,2,11.740158662526127,0.35576238371291297,0.7878787878787878,9.181818181818182,1.0,-0.2664255665410276,0.6059382992327366,5.82724584398977,1.1,-0.060065680221377094,0.6609440600106335,6.456633674683057,1.7375
N.Mullens,MIN,2023,16,22,36,411,2,4,5.6913213593070395,0.1580922599807511,0.6111111111111112,11.416666666666666,0.6,-0.23862192672433558,0.63379034914361,6.152112154150197,0.85,0.009282263943115265,0.6747514891406433,6.8745222377329105,1.6125
N.Mullens,MIN,2023,17,13,22,113,1,0,-4.1967074410640635,-0.1907594291392756,0.5909090909090909,5.136363636363637,2.0,-0.20739165669424867,0.6303181269213878,7.279716320816864,0.75,-0.0066712553883884265,0.6539181558073099,7.251605571066243,1.5
N.Mullens,MIN,2023,18,30,44,396,2,2,-2.6157523604154265,-0.059448917282168785,0.6818181818181818,9.0,1.0,-0.06921792677425306,0.6061703996486605,7.118494729907773,1.15,-0.10914494531903596,0.6350398566870754,6.788812315934279,1.375
S.Darnold,MIN,2024,1,19,24,208,2,1,9.554716408369131,0.3981131836820471,0.7916666666666666,8.666666666666666,1.5,0.06591157431805494,0.6679292929292929,8.683712121212121,1.15,-0.10025699611148635,0.6369337960810147,7.255478982600946,1.125
S.Darnold,MIN,2024,2,17,26,268,2,1,-1.314426920388104,-0.050554881553388616,0.6538461538461539,10.307692307692308,1.5,0.07649927431033848,0.6688762626262627,8.554924242424242,1.275,-0.08106132620699855,0.6513333058849363,7.35351819828722,1.0625
S.Darnold,MIN,2024,3,17,28,181,4,0,5.25261193368137,0.18759328334576322,0.6071428571428571,6.464285714285714,5.0,0.024337488926803555,0.6795600233100233,8.277680652680653,1.5,-0.09152708388372258,0.6549390751157056,7.778698486748759,1.125
S.Darnold,MIN,2024,4,20,28,275,3,1,8.12683829251762,0.29024422473277217,0.7142857142857143,9.821428571428571,2.0,0.11892566704806326,0.6836184648684649,8.609661172161172,2.25,0.02485387013690508,0.6448944322585627,7.8640779510344725,1.7
S.Darnold,MIN,2024,5,14,31,179,0,1,-12.029919572182564,-0.3880619216833085,0.45161290322580644,5.774193548387097,0.5,0.2063489525517985,0.6917353479853481,8.815018315018314,2.5,0.1361302634349267,0.6798323204573204,8.749365218115218,1.825
S.Darnold,MIN,2024,7,22,27,259,1,1,-0.7669991719308663,-0.028407376738180234,0.8148148148148148,9.592592592592593,1.0,0.009805176210459607,0.6067219071251329,8.091900035448424,2.25,0.04315222526039904,0.6377990848756978,8.323412138936332,1.7625
S.Darnold,MIN,2024,8,18,25,240,2,0,8.46824148462099,0.33872965938483957,0.72,9.6,3.0,0.0153420524142617,0.6469640723672981,7.913125106673494,2.125,0.019839770670532615,0.6632620478386608,8.095402879677073,1.8125
S.Darnold,MIN,2024,9,28,34,290,3,2,-6.185278175917383,-0.18191994635051126,0.8235294117647058,8.529411764705882,1.3333333333333333,0.05312614642403078,0.6751783580815838,8.697053678102066,1.625,0.08602590673604701,0.6793984114750243,8.653357425131619,1.9375
S.Darnold,MIN,2024,10,24,38,241,0,3,-2.4223577002886763,-0.06374625527075464,0.631578947368421,6.342105263157895,0.25,-0.06491489634679007,0.7024892824513318,8.374049476421394,1.4583333333333333,0.0707170281025042,0.6971123152183398,8.594533895719854,1.9791666666666667
S.Darnold,MIN,2024,11,20,32,246,2,0,7.44695669365934,0.23271739667685437,0.625,7.6875,3.0,0.016164020256348402,0.7474807934869854,8.516027405114093,1.3958333333333333,0.012984598233403984,0.6771013503060592,8.303963720281258,1.8229166666666667
S.Darnold,MIN,2024,12,22,34,330,2,0,10.175371037454047,0.29927561874864844,0.6470588235294118,9.705882352941176,3.0,0.08144521361010705,0.7000270897832817,8.039754256965944,1.8958333333333333,0.048393633012184356,0.67349558107529,7.97643968181972,2.0104166666666665
S.Darnold,MIN,2024,13,21,31,235,2,0,1.083707622930696,0.03495831041711922,0.6774193548387096,7.580645161290323,3.0,0.07158170345105927,0.6817917956656346,8.066224845201237,1.8958333333333333,0.062353924937545005,0.6784850768736093,8.381639261651653,1.7604166666666665
S.Darnold,MIN,2024,14,22,28,347,5,0,23.604845772602964,0.8430302061643916,0.7857142857142857,12.392857142857142,6.0,0.1258012676429669,0.6452642814341356,7.829033194347349,2.3125,0.030443185648088393,0.6738767819427337,8.101541335384372,1.8854166666666665
S.Darnold,MIN,2024,15,24,40,231,1,1,2.886450013064236,0.07216125032660589,0.6,5.775,1.0,0.3524953830017534,0.6837981160206018,9.341721164272162,3.75,0.1843297016290509,0.7156394547537935,8.928874284693126,2.5729166666666665
S.Darnold,MIN,2024,16,22,35,246,3,0,8.355436213514567,0.23872674895755905,0.6285714285714286,7.0285714285714285,4.0,0.3123563464141913,0.6775481160206018,8.863596164272161,3.25,0.19690078001214917,0.6887876029019417,8.451675210619053,2.5729166666666665
S.Darnold,MIN,2024,17,33,43,377,3,1,12.191306583659035,0.28351875775951246,0.7674418604651163,8.767441860465116,2.0,0.29721912896641894,0.672926267281106,8.194268433179724,3.5,0.1844004162087391,0.6773590314733703,8.130246639190482,2.6979166666666665
S.Darnold,MIN,2024,18,18,41,166,0,0,-24.812253738504936,-0.6051769204513399,0.43902439024390244,4.048780487804878,1.0,0.3593592408020173,0.6954318936877075,8.490967607973422,3.25,0.24258025422249208,0.6703480875609216,8.160000401160385,2.78125
J.McCarthy,MIN,2025,1,13,20,143,2,1,-9.816290898994502,-0.4908145449497251,0.65,7.15,1.5,-0.002692540851915587,0.6087594198201118,6.404948444210356,2.0,0.17490142107491893,0.6462787679203568,7.873334804241258,2.875
J.McCarthy,MIN,2025,2,11,21,158,0,2,-17.96655729044881,-0.8555503471642292,0.5238095238095238,7.523809523809524,0.3333333333333333,-0.14343648967099834,0.6212594198201118,6.748698444210355,2.125,0.08445992837159648,0.6494037679203568,7.806147304241258,2.6875
C.Wentz,MIN,2025,3,14,20,173,2,0,9.443549821281032,0.4721774910640516,0.7,8.65,3.0,-0.4170057637014454,0.5950689436296357,6.87250796801988,1.2083333333333333,-0.059893317367513216,0.6339976054553709,7.533388200599802,2.354166666666667
C.Wentz,MIN,2025,4,30,46,350,2,2,3.174312226501787,0.06900678753264755,0.6521739130434783,7.608695652173913,1.0,-0.3698410803753106,0.5782084785133565,6.8431475029036,1.4583333333333335,-0.005240919786646661,0.6368201861005321,7.667057555438512,2.354166666666667
C.Wentz,MIN,2025,5,25,34,236,1,0,8.69971042177006,0.25587383593441354,0.7352941176470589,6.9411764705882355,2.0,-0.20129515337931375,0.6314958592132506,7.733126293995859,1.4583333333333335,-0.10199384711561468,0.6201276395166812,7.069037369103108,1.7291666666666667
C.Wentz,MIN,2025,7,26,42,313,0,2,-2.276972435588653,-0.05421362941877745,0.6190476190476191,7.4523809523809526,0.3333333333333333,-0.014623058158279092,0.6528193886250152,7.680920411642918,1.5833333333333335,-0.07902977391463872,0.6370394042225634,7.214809427926637,1.8541666666666665
C.Wentz,MIN,2025,8,15,27,144,1,1,-12.73999706881145,-0.47185174328931295,0.5555555555555556,5.333333333333333,1.0,0.18571112127808384,0.676628912434539,7.663063268785775,1.5833333333333335,-0.1156473212116808,0.6358489280320874,7.2677856184028276,1.3958333333333333
J.McCarthy,MIN,2025,9,14,25,143,2,1,-7.4183446173490415,-0.29673378469396167,0.56,5.72,1.5,-0.050296187310257284,0.640517801323428,6.833896602119109,1.0833333333333333,-0.21006863384278399,0.6093631399183923,6.838522052511355,1.2708333333333335
J.McCarthy,MIN,2025,10,20,42,248,1,2,-9.892118250213404,-0.23552662500508104,0.47619047619047616,5.904761904761905,0.6666666666666666,-0.1417313303669096,0.6174743230625585,6.361722689075631,1.2083333333333333,-0.17151324187311168,0.6244850911379045,7.047424491535745,1.3333333333333335
J.McCarthy,MIN,2025,11,16,32,150,1,2,-13.061916102694454,-0.4081848782092017,0.5,4.6875,0.6666666666666666,-0.2645814456017832,0.5526984126984127,6.102619047619048,0.875,-0.13960225188003117,0.602758900661714,6.891769729630982,1.2291666666666667
J.McCarthy,MIN,2025,12,12,19,87,0,2,-16.463835103171725,-0.8665176370090382,0.631578947368421,4.578947368421052,0.3333333333333333,-0.3530742577993893,0.522936507936508,5.41139880952381,0.9583333333333333,-0.08368156826065275,0.5997827101855235,6.537231039154792,1.2708333333333335
M.Brosmer,MIN,2025,13,19,30,126,0,4,-29.14437764865579,-0.971479254955193,0.6333333333333333,4.2,0.2,-0.45174073122932057,0.5419423558897243,5.222802318295739,0.7916666666666666,-0.25101845926978894,0.5912300786065761,6.028349460207424,0.9375
J.McCarthy,MIN,2025,14,16,23,163,3,0,9.261102716423526,0.4026566398445011,0.6956521739130435,7.086956521739131,4.0,-0.6204270987946284,0.5602756892230576,4.842802318295739,0.4666666666666667,-0.38107921458076904,0.5888750061428081,5.602262503685685,0.8375
J.McCarthy,MIN,2025,15,15,24,250,2,1,12.018167156590202,0.5007569648579251,0.625,10.416666666666666,1.5,-0.4608812825822329,0.6151411136536995,5.138350972540046,1.3,-0.36273136409200807,0.5839197631760561,5.6204850100795465,1.0875
J.McCarthy,MIN,2025,16,9,14,108,0,1,-8.341475736894443,-0.5958196954924603,0.6428571428571429,7.714285714285714,0.5,-0.23364582181545118,0.6463911136536995,6.570642639206712,1.5083333333333333,-0.29336003980742026,0.5846638107951038,5.99102072436526,1.2333333333333334
M.Brosmer,MIN,2025,17,9,16,51,0,0,-17.56102286337363,-1.0975639289608519,0.5625,3.1875,1.0,-0.1659713364363067,0.6492106625258799,7.354477225672878,1.55,-0.3088560338328137,0.595576509207802,6.288639771984308,1.1708333333333334
J.McCarthy,MIN,2025,18,14,23,182,0,0,7.575353343418948,0.3293631888443021,0.6086956521739131,7.913043478260869,1.0,-0.1974925049377214,0.6315023291925466,7.101352225672878,1.75,-0.4089598018661749,0.5958890092078021,5.9720772719843085,1.1083333333333334
M.Jones,NE,2023,1,35,54,316,3,1,-7.607893661319278,-0.14088691965406072,0.6481481481481481,5.851851851851852,2.0,,,,,,,,
M.Jones,NE,2023,2,31,42,231,1,1,-2.3766230029077766,-0.05658626197399468,0.7380952380952381,5.5,1.0,,,,,,,,
M.Jones,NE,2023,3,15,29,201,1,0,5.437647214136642,0.18750507634953936,0.5172413793103449,6.931034482758621,2.0,-0.0987365908140277,0.6931216931216931,5.675925925925926,1.5,-0.0987365908140277,0.6931216931216931,5.675925925925926,1.5
M.Jones,NE,2023,4,12,21,150,0,2,-12.8416448108037,-0.6115068957525571,0.5714285714285714,7.142857142857143,0.3333333333333333,-0.0033227017595053496,0.6344949218512438,6.094295444870158,1.6666666666666667,-0.0033227017595053496,0.6344949218512438,6.094295444870158,1.6666666666666667
M.Jones,NE,2023,5,12,22,110,0,2,-18.67695368431602,-0.8489524401961828,0.5454545454545454,5.0,0.3333333333333333,-0.1553687502577683,0.6187283342455756,6.356435869366904,1.3333333333333333,-0.1553687502577683,0.6187283342455756,6.356435869366904,1.3333333333333333
M.Jones,NE,2023,6,24,33,200,0,1,-3.1864464957031884,-0.09655898471827844,0.7272727272727273,6.0606060606060606,0.5,-0.3323851303932988,0.593054933572175,6.143472906403941,0.9166666666666666,-0.2940854882454512,0.6040735764873696,6.085148695493523,1.1333333333333333
M.Jones,NE,2023,7,25,30,272,2,0,13.239483982002865,0.44131613273342885,0.8333333333333334,9.066666666666666,3.0,-0.3423783110793697,0.5903493058665472,6.283624421555457,0.7916666666666666,-0.26116440432425575,0.6246067682849292,6.081058256345613,1.027777777777778
M.Jones,NE,2023,8,19,29,161,2,1,-9.12733173041946,-0.31473557691101584,0.6551724137931034,5.551724137931035,1.5,-0.2789255469833974,0.6693722943722944,6.817532467532468,1.0416666666666665,-0.16081004188744366,0.6544248490061298,6.507573743534335,1.3095238095238095
M.Jones,NE,2023,9,24,44,220,1,1,-6.030163121383092,-0.1370491618496157,0.5454545454545454,5.0,1.0,-0.20473271727301207,0.6903082549634274,6.41974921630094,1.3333333333333333,-0.1800507337653902,0.6545182946045015,6.388092542833922,1.3333333333333333
M.Jones,NE,2023,10,15,20,170,0,1,-3.619902146221295,-0.18099510731106475,0.75,8.5,0.5,-0.02675689768637029,0.6903082549634274,6.41974921630094,1.5,-0.17957101403983455,0.6416815942678011,6.28161106135244,1.2083333333333333
M.Jones,NE,2023,12,12,21,89,0,2,-9.911773824656848,-0.4719892297455642,0.5714285714285714,4.238095238095238,0.3333333333333333,-0.04786592833456686,0.6959900731452455,7.0295977011494255,1.5,-0.1951221197069683,0.6431696895058965,6.65661106135244,1.1458333333333333
B.Zappe,NE,2023,13,13,25,141,0,0,-15.719805817992892,-0.6287922327197157,0.52,5.64,1.0,-0.27619226895431515,0.6305138826690551,5.822454844006567,0.8333333333333334,-0.27755890796885624,0.6499430885206747,6.319993655769518,0.9375
B.Zappe,NE,2023,14,19,28,240,3,1,1.2988814690033905,0.04638862389297823,0.6785714285714286,8.571428571428571,2.0,-0.35470643290649007,0.5967207792207792,5.8445238095238095,0.7083333333333333,-0.2797195750897511,0.6435145170921033,6.132136512912375,1.0208333333333333
B.Zappe,NE,2023,15,23,31,180,1,1,-12.918295838332739,-0.41671922059137867,0.7419354838709677,5.806451612903226,1.0,-0.30884698647084163,0.63,6.737380952380953,0.9583333333333333,-0.16780194207860594,0.6601541274817136,6.578565084340946,1.2291666666666665
B.Zappe,NE,2023,16,25,33,256,2,0,3.1802255394405154,0.09637047089213684,0.7575757575757576,7.757575757575758,3.0,-0.3677780147909201,0.6279838709677419,6.063993855606759,1.0833333333333333,-0.20782197156274348,0.6619869720564938,6.546795778378092,1.2916666666666665
B.Zappe,NE,2023,17,16,26,209,0,3,-12.082419550110458,-0.4647084442350176,0.6153846153846154,8.038461538461538,0.25,-0.22568808963149486,0.6745206675045385,6.943863985476889,1.75,-0.250940179292905,0.6525172750867967,6.383159414741728,1.2916666666666665
B.Zappe,NE,2023,18,12,30,88,0,2,-27.749018961736947,-0.924967298724565,0.4,2.933333333333333,0.3333333333333333,-0.18466714251032035,0.6983668213506924,7.543479370092273,1.5625,-0.2696867877084052,0.6475438002857358,6.694001589808042,1.1354166666666665
J.Brissett,NE,2024,1,15,24,121,0,0,-1.9693797345901767,-0.08205748894125736,0.625,5.041666666666667,1.0,-0.42750612316470615,0.6287239642078352,6.133955560568464,1.1458333333333333,-0.36817655481777384,0.6293619821039176,6.435668256474708,1.0520833333333333
J.Brissett,NE,2024,2,15,27,149,1,0,-0.17010632950141025,-0.006300234425978157,0.5555555555555556,5.518518518518518,2.0,-0.3438406902521758,0.5994900932400933,5.942759324009324,1.1458333333333333,-0.35580935252154794,0.6137369821039176,6.003376589808042,1.1145833333333333
J.Brissett,NE,2024,3,12,18,98,0,0,-10.965362024573018,-0.6091867791429455,0.6666666666666666,5.444444444444445,1.0,-0.36950836658170455,0.5489850427350428,5.382995014245014,0.8958333333333333,-0.2975982281065997,0.6117528551197906,6.163429499860951,1.3229166666666667
J.Brissett,NE,2024,4,19,32,168,1,1,-15.768360736456145,-0.49276127301425454,0.59375,5.25,1.0,-0.40562795030868654,0.5618055555555556,4.734490740740741,1.0833333333333333,-0.29514754640950336,0.6300861884531239,6.138985055416508,1.3229166666666667
J.Brissett,NE,2024,5,18,34,160,0,0,-8.80810501502878,-0.2590619122067288,0.5294117647058824,4.705882352941177,1.0,-0.29757644388110893,0.6102430555555556,5.313657407407407,1.2499999999999998,-0.3625412835229075,0.6194835098816953,5.723806483987936,1.1979166666666665
D.Maye,NE,2024,6,20,33,243,3,2,-9.781366722367238,-0.2964050521929466,0.6060606060606061,7.363636363636363,1.3333333333333333,-0.3418275496974768,0.5863459967320261,5.229711328976034,1.2499999999999998,-0.34283411997482627,0.5929180449860597,5.586235326492679,1.1979166666666665
D.Maye,NE,2024,7,26,37,276,2,0,6.863785661391786,0.18550772057815637,0.7027027027027027,7.45945945945946,3.0,-0.41435375413921893,0.5989722593582887,5.690990790255496,1.083333333333333,-0.39193106036046166,0.5739786510466658,5.536992902250255,0.9895833333333333
J.Brissett,NE,2024,8,15,24,132,0,0,2.7477063525104746,0.11448776468793644,0.625,5.5,1.0,-0.21568012920894344,0.6079812683672978,6.19474454400925,1.583333333333333,-0.3106540397588149,0.5848934119614266,5.464617642374995,1.3333333333333333
D.Maye,NE,2024,9,29,41,206,1,2,-11.390648086847749,-0.2778206850450671,0.7073170731707317,5.024390243902439,0.6666666666666666,-0.0638678697833957,0.6157937683672978,6.25724454400925,1.583333333333333,-0.18072215683225226,0.6130184119614266,5.785450975708329,1.4166666666666665
D.Maye,NE,2024,10,15,25,184,1,1,-1.334244070096117,-0.05336976280384467,0.6,7.36,1.0,-0.06855756299298027,0.6602700954835101,6.336871516749566,1.4999999999999998,-0.20519255634522848,0.6233080461077681,5.7832914228628,1.3749999999999998
D.Maye,NE,2024,11,29,39,282,2,1,11.093982242824096,0.28446108314933577,0.7435897435897436,7.230769230769231,1.5,-0.007798740645704787,0.6587549439683585,6.335962425840474,1.4166666666666665,-0.2110762473924618,0.6288636016633237,6.013476608047986,1.2499999999999998
D.Maye,NE,2024,12,22,37,222,1,1,-11.349172246365807,-0.3067343850369137,0.5945945945945946,6.0,1.0,0.016939599997090063,0.6689767041901188,6.278789868667917,1.0416666666666665,-0.09937026460592664,0.6384789862787082,6.236767206338583,1.3124999999999998
D.Maye,NE,2024,13,24,30,238,1,1,7.793953025479342,0.25979843418264476,0.8,7.933333333333334,1.0,-0.08836593743412247,0.6613753528387675,6.403789868667918,1.0416666666666665,-0.07611690360875903,0.6385845606030327,6.330517206338583,1.3124999999999998
D.Maye,NE,2024,15,19,23,202,1,1,3.4368945037442016,0.14943019581496528,0.8260869565217391,8.782608695652174,1.0,0.04603884237280549,0.6845460845460846,7.131025641025641,1.125,-0.01125936031008734,0.6724080900147973,6.7339485788876035,1.3124999999999998
D.Maye,NE,2024,16,22,36,261,2,1,4.18428439006675,0.11623012194629861,0.6111111111111112,7.25,1.5,0.09673883202750798,0.7410678236765194,7.486677814938685,1.125,0.04447004569090164,0.699911383822439,6.911320120389579,1.2708333333333333
D.Maye,NE,2024,17,12,22,117,1,0,-15.040431668050587,-0.6836559849113903,0.5454545454545454,5.318181818181818,2.0,0.05468109172674869,0.7079481655568612,7.491485507246377,1.125,0.035810345861919425,0.68846243487349,6.8851376879571475,1.0833333333333333
J.Milton,NE,2024,18,22,29,241,1,0,11.790716131760057,0.40657641833655367,0.7586206896551724,8.310344827586206,2.0,-0.03954930824187047,0.6956631532718489,7.321030961791832,1.375,-0.06395762283799641,0.6785192530553082,6.862410415229875,1.2083333333333333
D.Maye,NE,2025,1,30,46,287,1,1,-0.32563244291394744,-0.0070789661503032055,0.6521739130434783,6.239130434782608,1.0,-0.002854812203393245,0.6853183256856421,7.41528383535505,1.625,0.02159201508470618,0.6849322051158633,7.273154738190345,1.3749999999999998
D.Maye,NE,2025,2,19,23,230,2,0,14.990500148140681,0.6517608760061165,0.8260869565217391,10.0,3.0,-0.041982102694710366,0.6418400648160768,6.779414270137658,1.625,0.027378364666398862,0.6914539442462981,7.133046042538171,1.3749999999999998
D.Maye,NE,2025,3,28,37,268,2,1,1.4129189930099528,0.03818699981107981,0.7567567567567568,7.243243243243243,1.5,0.09190058582024412,0.6955840261687338,7.466914270137658,2.0,0.07329083877349646,0.7017660958627975,7.479199888692017,1.5625
D.Maye,NE,2025,4,14,17,203,2,0,19.27563390720752,1.1338608180710306,0.8235294117647058,11.941176470588236,3.0,0.27236133200086166,0.7484095789942866,7.9481796264030145,1.875,0.11640601187949565,0.7220363661330678,7.634605294097423,1.625
D.Maye,NE,2025,5,22,30,273,0,0,9.731839577931728,0.32439465259772426,0.7333333333333333,9.1,1.0,0.4541824319344809,0.76463675952167,8.85588753715352,2.125,0.22566380986554385,0.724977542603656,8.135585686254284,1.875
D.Maye,NE,2025,6,18,26,261,3,0,17.406637246674592,0.6694860479490228,0.6923076923076923,10.038461538461538,4.0,0.5370508366214878,0.7849266145941338,9.571104928457869,2.125,0.24753436696338876,0.7133833397051053,8.175259599297764,1.875
D.Maye,NE,2025,7,21,23,222,2,0,9.747935889102667,0.4238232995262029,0.9130434782608695,9.652173913043478,3.0,0.5414821296072143,0.751481798540622,9.580720313073254,2.375,0.31669135771372925,0.723532912354678,8.523817291605456,2.1875
D.Maye,NE,2025,8,18,24,282,3,1,6.421182738901681,0.26754928078757007,0.75,11.75,2.0,0.6378912045359951,0.7905534789166503,10.182952980523313,2.75,0.45512626826842845,0.7694815289554684,9.065566303463163,2.3125
D.Maye,NE,2025,9,19,29,259,2,1,0.42372684842472275,0.014611270635335268,0.6551724137931034,8.931034482758621,1.5,0.42131332021512996,0.7721711259754738,10.135158862876255,2.5,0.4377478760748055,0.7684039427485718,9.495523200014887,2.3125
D.Maye,NE,2025,10,16,31,270,2,1,6.266848459315952,0.2021564019134178,0.5161290322580645,8.709677419354838,1.5,0.34386747472453266,0.7526308960904162,10.092917483565909,2.625,0.4404591556730103,0.768778755342275,9.832011206011888,2.375
D.Maye,NE,2025,11,25,34,281,1,0,12.246038138652798,0.3601775923133176,0.7352941176470589,8.264705882352942,2.0,0.22703506321563144,0.7085862310780093,9.760721453789234,2.0,0.3842585964114229,0.7300340148093157,9.670720883431244,2.1875
D.Maye,NE,2025,12,22,35,294,1,1,6.7743000405394485,0.19355142972969852,0.6285714285714286,8.4,1.0,0.2111236364124101,0.6641488909245566,9.4138544461166,1.75,0.42450742047420265,0.7273511849206035,9.798403713319956,2.25
D.Maye,NE,2025,13,24,31,282,2,0,11.539165703912136,0.37223115173910115,0.7741935483870968,9.096774193548388,3.0,0.1926241736479422,0.6337917480674138,8.5763544461166,1.5,0.3069687469315362,0.7029814370214439,9.355756654496428,2.0
D.Maye,NE,2025,15,14,23,155,0,1,-3.4051079509954434,-0.1480481717824106,0.6086956521739131,6.739130434782608,0.5,0.28202914392388373,0.6635470317159122,8.617789373814041,1.875,0.3129483093242083,0.7080889639031642,9.355353428689977,2.25
D.Maye,NE,2025,16,31,44,380,2,1,15.801430786356933,0.3591234269626576,0.7045454545454546,8.636363636363637,1.5,0.19447800049992658,0.6866886866948744,8.125152627670984,1.625,0.2107565318577791,0.6976374588864418,8.94293704073011,1.8125
D.Maye,NE,2025,17,19,21,256,5,0,29.20305700111203,1.3906217619577157,0.9047619047619048,12.19047619047619,6.0,0.1942144591622616,0.6790015209194733,8.218067066173658,1.5,0.20266904778733597,0.671575205922015,8.81596075614513,1.625
D.Maye,NE,2025,18,14,18,191,1,0,8.704066870734533,0.48355927059636294,0.7777777777777778,10.61111111111111,2.0,0.4934820422192659,0.7480491399670923,9.165686113792706,2.75,0.3430531079336041,0.6909204440172532,8.871020279954653,2.125
D.Carr,NO,2023,1,23,33,305,1,1,3.6704846313371933,0.11122680701021798,0.696969696969697,9.242424242424242,1.0,,,,,,,,
D.Carr,NO,2023,2,21,36,228,0,1,-2.1891075282538184,-0.06080854245149495,0.5833333333333334,6.333333333333333,0.5,,,,,,,,
D.Carr,NO,2023,3,13,18,103,1,0,0.07446693118935999,0.004137051732742221,0.7222222222222222,5.722222222222222,2.0,0.025209132279361512,0.6401515151515151,7.787878787878787,0.75,0.025209132279361512,0.6401515151515151,7.787878787878787,0.75
D.Carr,NO,2023,4,23,37,127,0,0,-12.751911281074792,-0.3446462508398592,0.6216216216216216,3.4324324324324325,1.0,0.018185105430488416,0.6675084175084175,7.0993265993265995,1.1666666666666667,0.018185105430488416,0.6675084175084175,7.0993265993265995,1.1666666666666667
D.Carr,NO,2023,5,18,26,183,2,0,3.4477739772610976,0.13260669143311915,0.6923076923076923,7.038461538461538,3.0,-0.07252273363709849,0.6560367185367185,6.182603057603058,1.125,-0.07252273363709849,0.6560367185367185,6.182603057603058,1.125
D.Carr,NO,2023,6,32,50,353,1,1,5.213855274451472,0.10427710548902944,0.64,7.06,1.0,-0.0671777625313732,0.6548712173712173,5.631612381612381,1.625,-0.03149684862305496,0.6632909132909133,6.353774753774753,1.5
D.Carr,NO,2023,7,33,55,301,1,1,-15.79771141964793,-0.2872311167208715,0.6,5.472727272727273,1.0,-0.025906350546242102,0.669037884037884,5.813279048279048,1.75,-0.008867856271040897,0.6594090944090945,6.471478961478962,1.4166666666666667
D.Carr,NO,2023,8,19,27,310,2,0,13.525134789408185,0.500930918126229,0.7037037037037037,11.481481481481481,3.0,-0.09874839265964552,0.6384823284823284,5.750905310905312,1.5,-0.0486340363353024,0.6509220809220809,6.328800148800148,1.3571428571428572
D.Carr,NO,2023,9,25,34,211,2,0,2.713006294238157,0.0797943027717105,0.7352941176470589,6.205882352941177,3.0,0.11264589958187654,0.659002849002849,7.763167573167573,2.0,0.02006158297238901,0.6575197837697838,6.972885315385315,1.5625
J.Winston,NO,2023,10,13,25,122,2,2,-4.560712916892953,-0.18242851667571813,0.52,4.88,1.0,0.09944280241652438,0.6697494553376906,7.5550227767874825,2.0,0.016132519942575578,0.662310336354454,6.593317579199932,1.8125
D.Carr,NO,2023,12,24,38,304,0,1,-1.2685188326217418,-0.033382074542677415,0.631578947368421,8.0,0.5,0.027766396875337496,0.6397494553376907,7.010022776787483,2.0,0.0009300231645476796,0.6543936696877873,6.411650912533265,1.875
D.Carr,NO,2023,13,17,22,226,1,1,7.331379322044086,0.3332445146383675,0.7727272727272727,10.272727272727273,1.0,0.091228657419886,0.647644192179796,7.641840958605664,1.875,-0.003759867619879774,0.6430632603310622,6.696373134755487,1.6875
D.Carr,NO,2023,14,18,26,119,2,1,-9.563635846828337,-0.367832147954936,0.6923076923076923,4.576923076923077,1.5,0.049307056547920614,0.6649000844356882,7.3396524064171125,1.375,0.08097647806489858,0.6619514667192685,7.551409989792343,1.6875
D.Carr,NO,2023,15,23,28,218,3,0,9.947751399060019,0.35527683568071494,0.8214285714285714,7.785714285714286,4.0,-0.06259955613374102,0.6541534781008466,6.932412587412587,1.0,0.018421623141391667,0.6619514667192686,7.243717682100035,1.5
D.Carr,NO,2023,16,27,40,319,3,1,1.758674705968704,0.0439668676492176,0.675,7.975,2.0,0.07182678195536725,0.7295106209579894,7.658841158841159,1.75,0.049796589415352366,0.68463003814784,7.334431967814321,1.875
D.Carr,NO,2023,17,24,32,197,2,0,9.247694994742734,0.2889904685857104,0.75,6.15625,3.0,0.09116401750334101,0.7403658841158841,7.652591158841159,2.125,0.09119633746161349,0.69400503814784,7.647216058723412,2.0
D.Carr,NO,2023,18,22,28,264,4,0,14.978746151984353,0.534955219713727,0.7857142857142857,9.428571428571429,5.0,0.08010050599017672,0.734684065934066,6.62347184065934,2.625,0.06470378126904867,0.699792075184877,6.981562123538227,2.0
D.Carr,NO,2024,1,19,23,200,3,0,8.547130642507241,0.3716143757611844,0.8260869565217391,8.695652173913043,4.0,0.3057973479073425,0.7580357142857143,7.836383928571429,3.5,0.12159889588680073,0.7060945961932803,7.384398257992007,2.25
D.Carr,NO,2024,2,11,16,243,2,1,14.025829735968728,0.8766143584980455,0.6875,15.1875,1.5,0.3098817329274598,0.7592003105590063,8.063868400621118,3.5,0.19085425744141354,0.7443554657584978,7.861354779731139,2.625
D.Carr,NO,2024,3,14,25,142,1,1,0.5845496743514783,0.023381986974059132,0.56,5.68,1.0,0.5180436056396668,0.7623253105590062,9.86699340062112,3.375,0.3046038115715039,0.7513455973374451,8.759792279731139,2.75
D.Carr,NO,2024,4,28,36,239,0,1,-0.10868627467999437,-0.003019063185555399,0.7777777777777778,6.638888888888889,0.5,0.45164148523675396,0.7148253105590062,9.747930900621117,2.875,0.2658709956134654,0.7247546882465361,8.18570137064023,2.75
D.Carr,NO,2024,5,18,28,165,2,1,-0.035403914691414684,-0.0012644255246933816,0.6428571428571429,5.892857142857143,1.5,0.3171479145119334,0.7128411835748792,9.050510265700483,1.75,0.311472631209638,0.7354384489302968,8.443447097135955,2.625
S.Rattler,NO,2024,6,22,40,243,1,2,-13.846393132651176,-0.3461598283162794,0.55,6.075,0.6666666666666666,0.22392821419046396,0.6670337301587301,8.349811507936508,1.125,0.26690497355896187,0.7131170203588683,8.206839954278813,2.3125
S.Rattler,NO,2024,7,25,35,172,0,0,-28.09436148347516,-0.8026960423850046,0.7142857142857143,4.914285714285715,1.0,-0.08176533251311727,0.6326587301587302,6.0716865079365085,0.9166666666666666,0.21813913656327477,0.6974920203588683,7.969339954278813,2.1458333333333335
S.Rattler,NO,2024,8,12,24,156,0,0,-5.947728378915212,-0.24782201578813381,0.5,6.5,1.0,-0.2882848398528832,0.6712301587301588,5.880257936507936,0.9166666666666666,0.08167832269193541,0.6930277346445826,7.814094418564527,1.8958333333333333
D.Carr,NO,2024,9,18,31,236,1,0,3.4029601311669277,0.10977290745699766,0.5806451612903226,7.612903225806452,2.0,-0.3494855780035278,0.6017857142857144,5.845535714285715,1.0416666666666665,-0.0161688317457972,0.6573134489302968,7.448022989993099,1.3958333333333333
D.Carr,NO,2024,10,16,25,269,2,0,6.222857016431701,0.24891428065726803,0.64,10.76,3.0,-0.3217262447581051,0.5862327188940093,6.275547235023042,1.1666666666666665,-0.04889901528382054,0.6266332245263697,7.312679371479775,1.1458333333333333
D.Carr,NO,2024,11,21,27,248,2,0,12.270167347975075,0.45445064251759537,0.7777777777777778,9.185185185185185,3.0,-0.17295771751471817,0.6087327188940093,7.446797235023041,1.75,-0.12736152501391773,0.6206957245263698,6.759241871479775,1.3333333333333333
D.Carr,NO,2024,13,24,37,184,1,0,-1.6041287415243692,-0.04335483085200998,0.6486486486486487,4.972972972972973,2.0,0.14132895371093182,0.6246057347670251,8.51452210274791,2.25,-0.07347794307097567,0.6479179467485919,7.197390019627923,1.5833333333333333
D.Carr,NO,2024,14,20,31,219,1,1,4.264099495653646,0.13755159663398858,0.6451612903225806,7.064516129032258,1.0,0.19244574994496277,0.6617678969291872,8.132765345991153,2.5,-0.0785199140292825,0.6317768056074508,6.989150530138434,1.7708333333333333
S.Rattler,NO,2024,15,10,21,135,1,0,6.288206324315005,0.2994383963959526,0.47619047619047616,6.428571428571429,2.0,0.1993904222392105,0.6778969291872519,7.995668571797603,2.25,-0.06116791125944727,0.6320648240406305,7.135607903410323,1.7083333333333333
S.Rattler,NO,2024,16,15,30,153,0,1,-17.423240505042486,-0.5807746835014161,0.5,5.1,0.5,0.21202145117388166,0.6369445482348708,6.912811428940461,2.0,0.01953186682958174,0.62283863356444,7.179804331981751,1.875
S.Rattler,NO,2024,17,20,36,218,1,2,-15.643320484186072,-0.43453668011627977,0.5555555555555556,6.055555555555555,0.6666666666666666,-0.04678488033087125,0.5675001037904264,5.891515132644165,1.375,0.047272036690030286,0.5960529192787257,7.203018617696038,1.8125
S.Rattler,NO,2024,18,26,42,240,1,0,-1.0724893337699646,-0.0255354603278563,0.6190476190476191,5.714285714285714,2.0,-0.1445803426469387,0.5442268305171531,6.1621607782898105,1.0416666666666667,0.023932703649012052,0.6029973637231701,7.147463062140481,1.7708333333333335
S.Rattler,NO,2025,1,27,46,214,0,0,-3.9408611252955135,-0.08567089402816333,0.5869565217391305,4.6521739130434785,1.0,-0.18535210688739992,0.5376984126984127,5.824603174603174,1.2916666666666665,0.00701915767590531,0.6077976709428323,6.910135873200389,1.7708333333333335
S.Rattler,NO,2025,2,25,34,207,3,0,-2.823341653949246,-0.08303946041027194,0.7352941176470589,6.088235294117647,4.0,-0.2816294294934289,0.5653899240855762,5.380503795721187,1.0416666666666665,-0.03480398915977361,0.6011672361602235,6.146657612330824,1.5208333333333335
S.Rattler,NO,2025,3,28,39,218,1,1,1.4428194655963993,0.036995370912728184,0.717948717948718,5.589743589743589,1.0,-0.15719562372064286,0.6242134534973409,5.6275626192505985,1.9166666666666665,-0.10199025202575704,0.5958567786438836,5.759538875947382,1.6458333333333335
S.Rattler,NO,2025,4,18,27,126,1,0,-8.409940210783478,-0.3114792670660548,0.6666666666666666,4.666666666666667,2.0,-0.03931261096339088,0.6648117440956316,5.511109627797607,1.9999999999999998,-0.09194647680516475,0.6045192873063924,5.836635203043709,1.5208333333333335
S.Rattler,NO,2025,5,21,31,225,1,0,7.479521064558307,0.24127487305026799,0.6774193548387096,7.258064516129032,2.0,-0.1107985626479405,0.6767165060003935,5.249204865892845,2.0,-0.14807533476767018,0.6072074593494031,5.53690402024801,1.6458333333333335
S.Rattler,NO,2025,6,20,26,227,0,0,3.9048227529301185,0.15018549049731225,0.7692307692307693,8.73076923076923,1.0,-0.029062120878332674,0.6993322142752882,5.900677516664234,2.25,-0.15534577518588075,0.6323610691804322,5.64059065619271,1.6458333333333335
S.Rattler,NO,2025,7,20,32,233,2,3,-12.238946060688937,-0.3824670643965293,0.625,7.28125,0.75,0.02924411684856338,0.7078163771712158,6.561311000827129,1.5,-0.0639757534360397,0.6660149153342785,6.094436810038864,1.7083333333333335
T.Shough,NO,2025,8,17,30,128,0,1,-15.057858266751282,-0.5019286088917094,0.5666666666666667,4.266666666666667,0.5,-0.07562149197875098,0.6845791976840364,6.9841876033912325,1.4375,-0.05746705147107089,0.6746954708898341,6.24764861559442,1.71875
T.Shough,NO,2025,9,15,24,176,1,1,-0.0887682109605521,-0.0036986754566896707,0.625,7.333333333333333,1.0,-0.12323382743516464,0.6595791976840364,6.884187603391232,1.0625,-0.11701619504155253,0.6681478518422149,6.066696234642039,1.53125
T.Shough,NO,2025,10,19,27,282,2,0,11.777017397178302,0.4361858295251223,0.7037037037037037,10.444444444444445,3.0,-0.18447721456190405,0.6464743589743589,6.903004807692307,0.8125,-0.10676966772011832,0.6729032866248237,6.40184116217827,1.53125
T.Shough,NO,2025,12,30,43,243,0,1,-10.291987417184494,-0.2393485445856859,0.6976744186046512,5.651162790697675,0.5,-0.11297712980495153,0.6300925925925926,7.331423611111111,1.3125,-0.04186650647819404,0.6689544848819042,6.946367305969121,1.40625
T.Shough,NO,2025,13,26,38,239,2,1,-11.173747508184139,-0.29404598705747736,0.6842105263157895,6.2894736842105265,1.5,-0.0771974998522407,0.6482611972437554,6.92390180878553,1.25,-0.0764094959154958,0.6664201974638959,6.95404470608838,1.34375
T.Shough,NO,2025,14,13,20,144,0,1,1.7832198767634715,0.08916099383817358,0.65,7.2,0.5,-0.025226844393682696,0.677647162156036,7.429603563171495,1.5,-0.07423033591442363,0.6686131799200362,7.156895583281363,1.28125
T.Shough,NO,2025,15,24,32,272,1,0,8.612198973488773,0.26913121792152417,0.75,8.5,2.0,-0.002011927069966883,0.683897162156036,7.396270229838161,1.375,-0.09324457081593543,0.6651857605651976,7.149637518765235,1.09375
T.Shough,NO,2025,16,32,49,308,1,0,2.715971924839229,0.055427998466106715,0.6530612244897959,6.285714285714286,2.0,-0.043775579970866424,0.6954712362301101,6.910159118727051,1.125,-0.07837635488790895,0.6627819144113514,7.12079136491908,1.21875
T.Shough,NO,2025,17,22,27,333,2,0,18.168133304804506,0.6728938261038706,0.8148148148148148,12.333333333333334,3.0,0.029918555792081733,0.6843179377013964,7.068796992481203,1.5,-0.023639472030079444,0.6662895674725758,6.996349400633366,1.375
T.Shough,NO,2025,18,23,35,259,1,1,-2.610019976324868,-0.07457199932356766,0.6571428571428571,7.4,1.0,0.2716535090824187,0.7169690098261526,8.579761904761906,1.875,0.12321333234436806,0.6973080859910944,8.0046827339667,1.6875
D.Jones,NYG,2023,1,15,28,104,0,2,-22.697970342473127,-0.8106417979454689,0.5357142857142857,3.7142857142857144,0.3333333333333333,,,,,,,,
D.Jones,NYG,2023,2,26,37,321,2,1,8.180348059220705,0.2210904880870461,0.7027027027027027,8.675675675675675,1.5,,,,,,,,
D.Jones,NYG,2023,3,22,32,137,0,1,-9.130832609500471,-0.2853385190468897,0.6875,4.28125,0.5,-0.2947756549292114,0.6192084942084942,6.1949806949806945,0.9166666666666666,-0.2947756549292114,0.6192084942084942,6.1949806949806945,0.9166666666666666
D.Jones,NYG,2023,4,27,34,203,0,2,-29.01369021102904,-0.8533438297361482,0.7941176470588235,5.970588235294118,0.3333333333333333,-0.2916299429684375,0.6419723294723295,5.557070463320464,0.7777777777777777,-0.2916299429684375,0.6419723294723295,5.557070463320464,0.7777777777777777
D.Jones,NYG,2023,5,14,20,119,0,0,-4.5957046443267755,-0.2297852322163388,0.7,5.95,1.0,-0.4320584146603652,0.680008658868953,5.660449906313877,0.6666666666666666,-0.4320584146603652,0.680008658868953,5.660449906313877,0.6666666666666666
T.Taylor,NYG,2023,6,24,36,200,0,0,-2.130479126713199,-0.0591799757420333,0.6666666666666666,5.555555555555555,1.0,-0.28684427322808265,0.7210800874403815,6.219378477742448,0.8333333333333333,-0.3916037781715599,0.6840069270951623,5.718359925051102,0.7333333333333333
T.Taylor,NYG,2023,7,18,29,279,2,0,4.930734614199577,0.17002533152412333,0.6206896551724138,9.620689655172415,3.0,-0.3569118891853525,0.7120710784313726,5.439348447712419,0.7083333333333333,-0.33619981109997216,0.6811168836904131,5.69122586346851,0.7777777777777777
T.DeVito,NYG,2023,9,15,20,175,1,2,-14.882968198391609,-0.7441484099195804,0.75,8.75,0.6666666666666666,-0.24307092654259924,0.695368492224476,6.774208361505522,1.3333333333333333,-0.2638819335822442,0.6724844224735561,6.252577833711925,1.0952380952380951
T.DeVito,NYG,2023,10,14,27,86,2,1,-11.907895865544461,-0.44103318020535043,0.5185185185185185,3.185185185185185,1.5,-0.2157720715884573,0.6843390804597701,7.469061302681993,1.4166666666666667,-0.3239152431244112,0.6821738696643616,6.564755604497934,1.0416666666666667
T.DeVito,NYG,2023,11,18,26,246,3,0,3.808219777303748,0.14646999143475953,0.6923076923076923,9.461538461538462,4.0,-0.2685840585857102,0.6389687100893997,6.777857598978288,1.5416666666666665,-0.27771416590689646,0.6800243987648906,6.498618038360369,1.1875
T.DeVito,NYG,2023,12,17,25,191,1,0,-1.824021166448882,-0.07296084665795527,0.68,7.64,2.0,-0.217171566791512,0.6453789664996561,7.754353325474016,2.2916666666666665,-0.28704172798843225,0.6787250224655144,6.596850886593217,1.5
T.DeVito,NYG,2023,14,17,21,158,1,0,5.1811854265103605,0.2467231155481124,0.8095238095238095,7.523809523809524,2.0,-0.2779181113370317,0.6602065527065527,7.259180911680912,2.0416666666666665,-0.26049451893981546,0.6777875224655143,7.016694636593217,1.6875
T.DeVito,NYG,2023,15,20,34,177,0,0,-14.636729936639313,-0.4304920569599798,0.5882352941176471,5.205882352941177,1.0,-0.03020022997010844,0.6750875050875051,6.952633292633292,2.375,-0.12298615077928285,0.6797132927736377,7.210847297657643,1.8958333333333335
T.DeVito,NYG,2023,16,9,16,55,0,0,-6.6646924380415005,-0.4165432773775938,0.5625,3.4375,1.0,-0.02756494915876577,0.6925166989872873,7.457807584572291,2.25,-0.14807450387223797,0.6657427045383435,7.11783259177529,1.8958333333333335
T.Taylor,NYG,2023,17,27,41,319,1,1,-3.008729279968789,-0.07338364097484851,0.6585365853658537,7.780487804878049,1.0,-0.1683182663618541,0.6600647759103642,5.951797969187675,1.4999999999999998,-0.19274491657668305,0.6527218712050101,6.853075647330845,1.8958333333333335
T.Taylor,NYG,2023,18,23,32,297,1,1,9.55054857267519,0.2984546428960997,0.71875,9.28125,1.0,-0.16842396494107742,0.6546989222518276,5.986919920407187,1.25,-0.22317103813905453,0.6574527374791901,6.62305041604405,1.6458333333333335
D.Jones,NYG,2024,1,22,42,186,0,2,-22.593837722959112,-0.5379485172133122,0.5238095238095238,4.428571428571429,0.3333333333333333,-0.15549108310408058,0.6320054698708751,6.426280039454807,1.0,-0.0928456565370945,0.6535464874791901,6.68945666604405,1.6875
D.Jones,NYG,2024,2,16,28,178,2,0,6.824964155646972,0.24374871984453472,0.5714285714285714,6.357142857142857,3.0,-0.1823551981674137,0.6158990272938444,6.23195230836237,0.8333333333333333,-0.10496007366308974,0.6542078631405659,6.84487994646733,1.5416666666666665
D.Jones,NYG,2024,3,24,34,236,2,0,9.847737785661593,0.28963934663710567,0.7058823529411765,6.9411764705882355,3.0,-0.017282198861881565,0.6181311701509873,6.9618630226480835,1.3333333333333333,-0.09280023261186784,0.6390979730306757,6.456830495917879,1.4166666666666665
D.Jones,NYG,2024,4,29,40,281,0,1,4.439631956087324,0.11099079890218311,0.725,7.025,0.5,0.07347354804110698,0.6299676120448179,6.75203518907563,1.8333333333333333,-0.04747520844998522,0.6423332671483228,6.369477554741409,1.5416666666666665
D.Jones,NYG,2024,5,23,34,257,2,0,7.590214311905704,0.2232415974089913,0.6764705882352942,7.5588235294117645,3.0,0.026607587042627834,0.6315301120448179,6.187972689075631,1.7083333333333333,-0.06444174803072639,0.6317677909578465,6.307126364265218,1.3541666666666665
D.Jones,NYG,2024,6,22,41,205,0,1,-15.264951391741082,-0.37231588760344103,0.5365853658536586,5.0,0.5,0.2169051156982037,0.6696953781512605,6.970535714285714,2.375,0.017274958765395004,0.6427972027225525,6.601244011324042,1.6041666666666665
D.Jones,NYG,2024,7,14,21,99,0,0,-15.508858284447342,-0.7385170611641592,0.6666666666666666,4.714285714285714,1.0,0.06288896383620976,0.6609845767575324,6.6312500000000005,1.75,0.022803382487164098,0.6395578734542597,6.796556511324042,1.5416666666666665
D.Jones,NYG,2024,8,24,38,264,0,1,-1.2034438480466063,-0.0316695749485949,0.631578947368421,6.947368421052632,0.5,-0.19415013811410645,0.6511806551889049,6.0745273109243705,1.25,-0.060338295036499734,0.6405741336168614,6.41328125,1.5416666666666665
D.Jones,NYG,2024,9,20,26,174,2,0,-1.9680125192096456,-0.07569278920037098,0.7692307692307693,6.6923076923076925,3.0,-0.22981523157680095,0.6278253920310101,6.0551194161875275,1.25,-0.10160382226708656,0.6296777520379141,6.1215460526315795,1.4791666666666665
D.Jones,NYG,2024,10,22,37,190,0,2,-10.280256786709723,-0.27784477801918167,0.5945945945945946,5.135135135135135,0.3333333333333333,-0.30454882822914153,0.6510154372798789,5.83849045691151,1.25,-0.04382185626546891,0.6603554077155697,6.404513085598611,1.8125
T.DeVito,NYG,2024,12,21,31,189,0,0,-6.280943510704674,-0.20261108099047334,0.6774193548387096,6.096774193548387,1.0,-0.2809310508330767,0.6655177444651129,5.872274240695293,1.2083333333333333,-0.10902104349843347,0.6632511606113226,6.251762120347647,1.4791666666666667
D.Lock,NYG,2024,13,21,32,178,0,1,-20.77091952393162,-0.6490912351228632,0.65625,5.5625,0.5,-0.14695455578965522,0.6682059165081237,6.217896360510962,1.2083333333333333,-0.17055234695188085,0.6596932858485142,6.146211835717665,1.2291666666666667
D.Lock,NYG,2024,14,21,49,227,0,1,-11.091491396981029,-0.22635696728532712,0.42857142857142855,4.63265306122449,0.5,-0.3013099708332223,0.6743736796660184,5.871679255247804,1.2083333333333333,-0.26556260120501163,0.6510995358485142,5.963399335717666,1.2291666666666667
T.Boyle,NYG,2024,15,12,24,123,1,1,-7.389704616158269,-0.3079043590065946,0.5,5.125,1.0,-0.3389760153544613,0.5892088445011832,5.356765597477002,0.5833333333333333,-0.3217624217918014,0.620112140890531,5.597628027194257,0.9166666666666667
D.Lock,NYG,2024,16,22,39,210,1,2,-21.454953689244576,-0.5501270176729378,0.5641025641025641,5.384615384615385,0.6666666666666666,-0.34649091060131454,0.5655601958525345,5.35423181369322,0.7499999999999999,-0.3137109807171956,0.6155389701588238,5.613253027194257,0.9791666666666667
D.Lock,NYG,2024,17,17,23,309,4,0,27.63103197995224,1.2013492165196626,0.7391304347826086,13.434782608695652,5.0,-0.43336989477193066,0.5372309981684982,5.176192111459969,0.6666666666666665,-0.29016222528079294,0.6027184573383109,5.697044235985466,0.9375
D.Lock,NYG,2024,18,22,29,138,1,1,-8.675329102245367,-0.2991492793877713,0.7586206896551724,4.758620689655173,1.0,0.029240218138700813,0.5579511068641503,7.144262763633882,1.7916666666666665,-0.13603487634726075,0.6161623932650844,6.507971009440843,1.5
R.Wilson,NYG,2025,1,17,37,168,0,0,-11.39383654077999,-0.3079415281291889,0.4594594594594595,4.54054054054054,1.0,0.011042140113089738,0.6404634221350862,7.1757546707415525,1.9166666666666665,-0.1639669376206858,0.6148361333181347,6.266260134109278,1.25
R.Wilson,NYG,2025,2,30,41,450,3,1,17.073441614049575,0.41642540522072136,0.7317073170731707,10.975609756097562,2.0,0.011032847832441156,0.6303282869999511,7.029639805876688,1.9166666666666665,-0.16772903138443668,0.5979442414262428,6.191935809784954,1.3333333333333333
R.Wilson,NYG,2025,3,18,32,160,0,2,-14.808334934932645,-0.46276046671664517,0.5625,5.0,0.3333333333333333,0.25267095355585595,0.6722294752426028,8.427388398747231,2.25,-0.09034947060803736,0.6047302367055505,6.8017902551036,1.4583333333333333
J.Dart,NYG,2025,4,13,20,111,1,0,-4.536941834476309,-0.22684709172381545,0.65,5.55,2.0,-0.163356467253221,0.6280718665469507,6.318692746573319,1.083333333333333,-0.06705812455726011,0.5930114867055505,6.731477755103601,1.4375
J.Dart,NYG,2025,5,26,40,202,2,2,-12.648555137915537,-0.3162138784478884,0.65,5.05,1.0,-0.14528092033723206,0.6009166941331575,6.516537574159525,1.333333333333333,-0.06711939011207116,0.6206900581341219,6.846146122450539,1.625
J.Dart,NYG,2025,6,17,25,195,1,0,7.53858233615756,0.30154329344630243,0.68,7.8,2.0,-0.14734900791690692,0.6485518292682927,6.64390243902439,1.333333333333333,-0.06815808004223288,0.639440058134122,6.836771122450539,1.625
J.Dart,NYG,2025,7,15,33,283,3,1,8.377084178893828,0.2538510357240554,0.45454545454545453,8.575757575757576,2.0,-0.17606953586051166,0.635625,5.85,1.333333333333333,0.03830070884767215,0.6539272376213014,7.1386941993736155,1.7916666666666667
J.Dart,NYG,2025,8,14,24,193,1,0,3.372110629519341,0.14050460956330588,0.5833333333333334,8.041666666666666,2.0,0.0030833397496634884,0.6086363636363636,6.743939393939394,1.75,-0.08013656375177877,0.618354115091657,6.531316070256356,1.4166666666666667
J.Dart,NYG,2025,9,24,33,191,2,0,1.7102711593444475,0.05182639876801356,0.7272727272727273,5.787878787878788,3.0,0.09492126507144383,0.591969696969697,7.366856060606061,1.75,-0.025179827632894117,0.5964431955514273,6.941696817382793,1.5416666666666667
J.Dart,NYG,2025,10,19,29,242,0,0,3.4402063399511795,0.11862780482590274,0.6551724137931034,8.344827586206897,1.0,0.1869313343754193,0.6112878787878788,7.551325757575758,2.25,0.01979116322925619,0.6299198540280857,7.097614098300074,1.7916666666666665
J.Winston,NYG,2025,11,19,29,201,0,1,6.399802807543892,0.220682855432548,0.6551724137931034,6.931034482758621,0.5,0.1412024622203194,0.6050809822361547,7.687532654127482,2.0,-0.017433536820096136,0.6203529911180774,6.768766327063741,1.6666666666666665
J.Winston,NYG,2025,12,18,36,366,2,1,10.519610372842294,0.2922113992456193,0.5,10.166666666666666,1.5,0.13291041714744256,0.655237722048067,7.276351880877742,1.625,0.06799687844855301,0.6319370428422153,7.010145637408568,1.6875
J.Dart,NYG,2025,13,17,24,139,1,0,-4.815171926937066,-0.20063216362237776,0.7083333333333334,5.791666666666667,2.0,0.1708371145680209,0.6344043887147335,7.807601880877743,1.5,0.13287918981973235,0.6131870428422153,7.587228970741902,1.625
J.Dart,NYG,2025,15,20,36,246,2,1,1.278513007953507,0.03551425022093075,0.5555555555555556,6.833333333333333,1.5,0.10772247397042306,0.6296695402298851,7.808548850574713,1.2499999999999998,0.14732690417292119,0.6204787095088818,7.679937304075234,1.75
J.Dart,NYG,2025,16,7,13,33,0,1,-17.058195303693548,-1.3121688695148883,0.5384615384615384,2.5384615384615383,0.5,0.08694408531918008,0.6047653256704981,7.430675287356322,1.3749999999999998,0.11407327376974973,0.6049231539533264,7.559103970741901,1.6875
J.Dart,NYG,2025,17,22,30,207,0,0,2.9834533862314583,0.09944844620771527,0.7333333333333333,6.9,1.0,-0.296268845917679,0.5755876068376069,6.332532051282051,1.3749999999999998,-0.08167921438511824,0.6154126644428369,6.804441966079897,1.5
J.Dart,NYG,2025,18,22,32,230,2,0,13.778075418760707,0.4305648568362721,0.6875,7.1875,3.0,-0.344459584177155,0.6339209401709401,5.515865384615385,1.2499999999999998,-0.08681123480456707,0.6341626644428369,6.6617336327465635,1.375
Z.Wilson,NYJ,2023,1,14,21,140,1,1,-3.1895326425664656,-0.15188250678887932,0.6666666666666666,6.666666666666667,1.0,,,,,,,,
Z.Wilson,NYJ,2023,2,12,27,170,1,3,-18.485197545433778,-0.684636946127177,0.4444444444444444,6.296296296296297,0.5,,,,,,,,
Z.Wilson,NYJ,2023,3,18,36,157,0,0,-15.248782486806231,-0.4235772913001731,0.5,4.361111111111111,1.0,-0.4182597264580281,0.5555555555555556,6.481481481481482,0.75,-0.4182597264580281,0.5555555555555556,6.481481481481482,0.75
Z.Wilson,NYJ,2023,4,28,39,245,2,0,3.608918252683421,0.09253636545342105,0.717948717948718,6.282051282051282,3.0,-0.42003224807207645,0.5370370370370371,5.774691358024692,0.8333333333333334,-0.42003224807207645,0.5370370370370371,5.774691358024692,0.8333333333333334
Z.Wilson,NYJ,2023,5,19,26,199,0,1,-7.168929509143194,-0.275728058043969,0.7307692307692307,7.653846153846154,0.5,-0.2918900946907021,0.5822649572649572,5.901531339031339,1.375,-0.2918900946907021,0.5822649572649572,5.901531339031339,1.375
Z.Wilson,NYJ,2023,6,19,33,186,0,0,-8.8321834682439,-0.26764192328011815,0.5757575757575758,5.636363636363637,1.0,-0.3228514825044745,0.5982905982905983,6.148326210826211,1.25,-0.28865768736135544,0.6119658119658119,6.251994301994302,1.2
Z.Wilson,NYJ,2023,8,17,36,240,1,0,-14.034994183657078,-0.38986094954602996,0.4722222222222222,6.666666666666667,2.0,-0.2186027267927098,0.631118881118881,5.983343045843045,1.375,-0.2851550600144826,0.605931105931106,6.149389191055858,1.1666666666666667
Z.Wilson,NYJ,2023,9,33,49,263,0,0,-19.13270812645457,-0.3904634311521341,0.673469387755102,5.36734693877551,1.0,-0.21017364135417405,0.6241744366744366,6.559731934731935,1.625,-0.30011304423327506,0.5868298368298369,6.223285973285973,1.2857142857142858
Z.Wilson,NYJ,2023,10,23,39,263,0,1,-4.123176070408278,-0.105722463343802,0.5897435897435898,6.743589743589744,0.5,-0.33092359050556286,0.6130546041260327,6.331055848912992,1.125,-0.31140684259813245,0.597659780695495,6.116293593972165,1.25
Z.Wilson,NYJ,2023,11,7,15,81,1,1,-8.557984552185982,-0.5705323034790655,0.4666666666666667,5.4,1.0,-0.2884221918305211,0.5777981938696224,6.103491746348889,1.125,-0.3056368371674978,0.5880443960801103,6.1259089785875505,1.1875
T.Boyle,NYJ,2023,12,27,38,179,1,2,-18.66758491814835,-0.49125223468811446,0.7105263157894737,4.7105263157894735,0.6666666666666666,-0.3641447868802579,0.5505254665968952,6.04440083725798,1.125,-0.29137375683648387,0.5908221738578882,6.013871941550513,1.25
T.Boyle,NYJ,2023,13,14,25,148,0,1,-4.676407473485347,-0.1870562989394139,0.56,5.92,0.5,-0.389492608165779,0.6101014899887081,5.555365749538682,0.7916666666666666,-0.29983312475997653,0.6171379633315723,6.057548842135308,1.2083333333333333
Z.Wilson,NYJ,2023,14,27,36,301,2,0,7.829823942284432,0.21749510950790088,0.75,8.36111111111111,3.0,-0.33864082511259896,0.5817341430499325,5.693529014844804,0.6666666666666666,-0.3347822078090809,0.5973943735879826,6.012292431878898,0.8958333333333334
T.Siemian,NYJ,2023,15,14,26,110,0,2,-9.411222703638487,-0.36197010398609564,0.5384615384615384,4.230769230769231,0.3333333333333333,-0.25783643189967326,0.6217982456140351,6.097909356725146,1.2916666666666665,-0.27312931186509715,0.5997982197418288,6.1007005515370185,1.2083333333333333
T.Siemian,NYJ,2023,16,27,49,217,1,1,-15.972939805726302,-0.3259783633821694,0.5510204081632653,4.428571428571429,1.0,-0.2056958820264308,0.6397469635627531,5.805601664417453,1.125,-0.2849203344533443,0.5951362150798241,5.925001250837717,1.125
T.Siemian,NYJ,2023,17,32,45,261,1,1,-10.637966791807788,-0.23639926204017306,0.7111111111111111,5.8,1.0,-0.16437741419994453,0.5998704866562009,5.735112942612942,1.2083333333333333,-0.2769350111828618,0.6049859883224544,5.645239346075813,1.0
T.Siemian,NYJ,2023,18,8,20,70,0,0,-11.007632592412083,-0.5503816296206041,0.4,3.5,1.0,-0.17671315497513432,0.6376482644339787,5.705112942612942,1.3333333333333333,-0.2576769900438666,0.6096912037419556,5.699320978728873,1.0
A.Rodgers,NYJ,2024,1,13,21,167,1,1,3.2582827980513684,0.15515632371673183,0.6190476190476191,7.9523809523809526,1.0,-0.36868233975726056,0.5501482644339787,4.489835164835165,0.8333333333333333,-0.3132593858284669,0.585973255024007,5.293872260780155,1.0625
A.Rodgers,NYJ,2024,2,18,30,176,2,0,1.6537689469747647,0.05512563156582549,0.6,5.866666666666666,3.0,-0.2394007328315537,0.5702947845804989,5.420238095238096,1.0,-0.22254830742899223,0.605020874071626,5.612919879827775,1.0625
A.Rodgers,NYJ,2024,3,27,35,281,2,0,18.204784605805415,0.5201367030230118,0.7714285714285715,8.028571428571428,3.0,-0.14412473409455495,0.5825396825396826,5.779761904761904,1.5,-0.15425107414724976,0.5912050845979417,5.757437423687424,1.3541666666666665
A.Rodgers,NYJ,2024,4,24,42,225,0,0,-12.082228063301821,-0.28767209674528144,0.5714285714285714,5.357142857142857,1.0,0.04500925717124127,0.5976190476190476,6.336904761904761,2.0,-0.06585194890194654,0.6176336560265132,6.021008852258852,1.6666666666666665
A.Rodgers,NYJ,2024,5,29,54,244,2,3,-16.156328739288377,-0.29919127294978476,0.5370370370370371,4.518518518518518,0.75,0.11068664039007194,0.6404761904761905,6.8011904761904765,2.0,-0.12899784968359432,0.5953122274550846,5.6455128205128196,1.4166666666666665
A.Rodgers,NYJ,2024,6,23,35,294,2,1,11.157051599960461,0.3187729028560132,0.6571428571428571,8.4,1.5,-0.00290025877655721,0.6199735449735451,5.942724867724868,1.9375,-0.12115049580405546,0.595134164777022,5.681481481481481,1.46875
A.Rodgers,NYJ,2024,7,24,39,276,1,2,0.08472123943923915,0.0021723394728010038,0.6153846153846154,7.076923076923077,0.6666666666666666,0.0630115590459897,0.6342592592592593,6.576058201058201,1.5625,-0.04055658752428265,0.6083994708994709,6.177910052910052,1.53125
A.Rodgers,NYJ,2024,8,17,28,233,2,0,4.21573919234711,0.15056211401239677,0.6071428571428571,8.321428571428571,3.0,-0.06647953184156301,0.5952482702482703,6.338146113146113,0.9791666666666666,-0.010735137335160886,0.596433658933659,6.3375254375254375,1.4895833333333335
A.Rodgers,NYJ,2024,9,22,32,211,3,0,8.60553915501805,0.26892309859431407,0.6875,6.59375,4.0,0.04307902084785655,0.6041768416768416,7.079217541717542,1.4791666666666665,0.07688283061896423,0.622326516076516,6.940204008954009,1.7395833333333335
A.Rodgers,NYJ,2024,10,22,35,151,0,0,-10.893348057246827,-0.31123851592133794,0.6285714285714286,4.314285714285714,1.0,0.18510761373388127,0.6417925824175824,7.598025412087912,2.2916666666666665,0.091103677478662,0.6308830636955637,6.770375139906389,2.1145833333333335
A.Rodgers,NYJ,2024,11,22,29,184,2,0,-0.44817846041582454,-0.015454429669511192,0.7586206896551724,6.344827586206897,3.0,0.027604759039543486,0.6346497252747253,6.576596840659341,2.1666666666666665,0.045308159042766576,0.6344544922669922,6.57632752085877,1.8645833333333335
A.Rodgers,NYJ,2024,13,21,39,185,2,1,-14.039030682528391,-0.3599751457058562,0.5384615384615384,4.743589743589744,1.5,0.02319806675396544,0.6704587438423646,6.393572967980296,2.75,-0.021640732543798804,0.6328535070453174,6.365859540563204,1.8645833333333335
A.Rodgers,NYJ,2024,14,27,39,339,1,0,14.799697282132872,0.37947941749058645,0.6923076923076923,8.692307692307692,2.0,-0.10443624817559781,0.6532884141720349,5.4991132610205895,2.375,-0.03067861366387065,0.6287326279244383,6.289165401369066,1.9270833333333335
A.Rodgers,NYJ,2024,15,16,30,289,3,0,13.774321898020606,0.4591440632673535,0.5333333333333333,9.633333333333333,4.0,-0.07679716845152973,0.6544903372489579,6.023752684097511,1.8749999999999998,0.054155222641175754,0.6481414598332701,6.810889048092712,2.0833333333333335
A.Rodgers,NYJ,2024,16,28,42,256,1,0,2.7580433396838098,0.06566769856390023,0.6666666666666666,6.095238095238095,2.0,0.11579847634564315,0.6306808134394342,7.353514588859417,2.625,0.0717016176925933,0.6326652693570798,6.965055714759378,2.3958333333333335
A.Rodgers,NYJ,2024,17,12,18,112,0,2,-15.625547985662706,-0.8680859992034837,0.6666666666666666,6.222222222222222,0.3333333333333333,0.136079008403996,0.6076923076923076,7.291117216117216,2.375,0.07963853757898069,0.6390755257673361,6.842345092048756,2.5625
A.Rodgers,NYJ,2024,18,23,36,274,4,1,2.028019384821289,0.056333871800591365,0.6388888888888888,7.611111111111111,2.5,0.009051295029589124,0.6397435897435897,7.660775335775336,2.0833333333333335,-0.047692476573004364,0.6465160019578123,6.579944298397963,2.2291666666666665
J.Fields,NYJ,2025,1,16,22,218,1,0,10.05393822364579,0.45699719198389954,0.7272727272727273,9.909090909090908,2.0,-0.07173509139290965,0.6263888888888889,7.39047619047619,2.2083333333333335,-0.0742661299222197,0.6404396130689234,6.707114437286851,2.0416666666666665
T.Taylor,NYJ,2025,2,7,11,56,1,0,5.397247545304708,0.49065886775497347,0.6363636363636364,5.090909090909091,2.0,-0.07227180921377313,0.6748737373737373,7.459415584415584,1.7083333333333335,0.021763333565934982,0.6527772754065857,7.4064650866375,2.1666666666666665
T.Taylor,NYJ,2025,3,26,36,197,2,1,-7.886901567328738,-0.21908059909246494,0.7222222222222222,5.472222222222222,1.5,0.03397598308399516,0.6672979797979798,7.208333333333333,1.7083333333333335,0.08502749574399557,0.6374951437451437,7.249725274725274,2.0416666666666665
J.Fields,NYJ,2025,4,20,27,226,1,0,5.608728678049778,0.20773069177962142,0.7407407407407407,8.37037037037037,2.0,0.1962273331117499,0.6811868686868687,7.020833333333332,2.0,0.10263931407066948,0.6604652292152291,7.340804334554334,2.0416666666666665
J.Fields,NYJ,2025,5,32,46,283,2,0,3.908267046055964,0.08496232708817313,0.6956521739130435,6.1521739130434785,3.0,0.23407653810650736,0.7066498316498315,7.210648148148147,1.875,0.08117072335679884,0.6665193602693603,7.30056216931217,2.0416666666666665
J.Fields,NYJ,2025,6,9,17,45,0,0,-20.7214580506014,-1.2189092970942,0.5294117647058824,2.6470588235294117,1.0,0.14106782188257577,0.6987446933099106,6.2714188991362905,2.125,0.0343980063344013,0.6868092153418239,6.865417241775938,1.9166666666666665
T.Taylor,NYJ,2025,7,10,22,126,0,2,-4.2649520011409265,-0.19386145459731485,0.45454545454545453,5.7272727272727275,0.3333333333333333,-0.2863242193297176,0.6720067253954722,5.660456332291371,1.875,-0.12617411812286122,0.669652352596726,6.434394832812353,1.7916666666666665
J.Fields,NYJ,2025,8,21,32,244,1,0,15.048117506835036,0.47025367208859487,0.65625,7.625,2.0,-0.28001943320593004,0.6050875334762803,5.7242189585539975,1.5833333333333335,-0.041896050047090114,0.6431372010815745,6.372526145943665,1.7916666666666667
J.Fields,NYJ,2025,10,6,11,54,1,1,-10.175787572690751,-0.925071597517341,0.5454545454545454,4.909090909090909,1.0,-0.21438868812868667,0.5839648482910951,5.537876365961404,1.5833333333333335,0.009843924988910326,0.6453073399704634,6.3742622570547764,1.7291666666666665
J.Fields,NYJ,2025,11,15,26,116,1,0,-7.414159964653663,-0.2851599986405255,0.5769230769230769,4.461538461538462,2.0,-0.46689716928006525,0.5464154411764706,5.227105614973262,1.0833333333333333,-0.16291467369874474,0.6225800672431906,5.749262257054776,1.6041666666666665
T.Taylor,NYJ,2025,12,17,28,222,1,1,0.7697196948200404,0.02748998910071573,0.6071428571428571,7.928571428571429,1.0,-0.23345984466664665,0.5582932692307692,5.680725524475524,1.3333333333333333,-0.2598920319981821,0.6151499973131207,5.670590928383448,1.6041666666666665
T.Taylor,NYJ,2025,13,19,33,172,1,0,-0.968703565033632,-0.029354653485867636,0.5757575757575758,5.212121212121212,2.0,-0.178121983742139,0.5964426198801198,6.2310501998002,1.5,-0.22907070847403455,0.6007650766782001,5.977634579177098,1.5416666666666665
B.Cook,NYJ,2025,14,14,30,163,0,2,-17.79291854590123,-0.5930972848633743,0.4666666666666667,5.433333333333334,0.3333333333333333,-0.3030240651357546,0.5763195138195139,5.627830502830503,1.5,-0.2587063766322207,0.5801421810553045,5.582853434395954,1.5416666666666665
B.Cook,NYJ,2025,15,22,33,176,1,3,-7.775062257372366,-0.23560794719310202,0.6666666666666666,5.333333333333333,0.5,-0.22003048697226296,0.5566225441225441,5.758891108891109,1.3333333333333333,-0.34346382812616405,0.5515189926495073,5.492998361932186,1.2083333333333333
B.Cook,NYJ,2025,16,22,35,188,0,1,-21.28726561672206,-0.6082075890492017,0.6285714285714286,5.371428571428571,0.5,-0.2076424741104071,0.5790584415584416,5.976839826839827,0.9583333333333333,-0.22055115938852687,0.5686758553946054,5.828782675657676,1.1458333333333335
B.Cook,NYJ,2025,17,19,33,152,0,1,-15.155894567652666,-0.4592695323531111,0.5757575757575758,4.606060606060606,0.5,-0.36656686864788646,0.5844155844155844,5.337554112554113,0.8333333333333333,-0.2723444261950127,0.5904291021478522,5.784302156177156,1.1666666666666667
B.Cook,NYJ,2025,18,11,22,60,1,0,-6.332719674377469,-0.287850894289885,0.5,2.727272727272727,2.0,-0.47404558836469735,0.5844155844155844,5.186038961038961,0.4583333333333332,-0.388534826750226,0.5803675491175492,5.406934731934732,0.9791666666666667
J.Hurts,PHI,2023,1,22,33,170,1,0,-4.85952255143671,-0.14725825913444576,0.6666666666666666,5.151515151515151,2.0,,,,,,,,
J.Hurts,PHI,2023,2,18,23,193,1,1,1.1131707055028528,0.04839872632621099,0.782608695652174,8.391304347826088,1.0,,,,,,,,
J.Hurts,PHI,2023,3,23,37,277,1,2,1.7553614552587669,0.047442201493480184,0.6216216216216216,7.486486486486487,0.6666666666666666,-0.049429766404117385,0.7246376811594203,6.771409749670619,1.5,-0.049429766404117385,0.7246376811594203,6.771409749670619,1.5
J.Hurts,PHI,2023,4,25,37,319,2,0,10.566899214391142,0.2855918706592201,0.6756756756756757,8.621621621621621,3.0,-0.017139110438251528,0.6902989946468208,7.009768661942576,1.222222222222222,-0.017139110438251528,0.6902989946468208,7.009768661942576,1.222222222222222
J.Hurts,PHI,2023,5,25,38,303,1,1,7.784427022446399,0.20485334269595787,0.6578947368421053,7.973684210526316,1.0,0.058543634836116375,0.6866431649040344,7.412731901862337,1.6666666666666665,0.058543634836116375,0.6866431649040344,7.412731901862337,1.6666666666666665
J.Hurts,PHI,2023,6,28,45,280,1,3,-6.5059565516402715,-0.1445768122586727,0.6222222222222222,6.222222222222222,0.5,0.14657153529371728,0.6844501824478941,8.118274166615128,1.4166666666666665,0.08780557640808467,0.6808934792916486,7.524922363595133,1.5333333333333332
J.Hurts,PHI,2023,7,23,31,279,2,1,2.172574536059983,0.07008304955032203,0.7419354838709677,9.0,1.5,0.09832765064749635,0.6443535640904062,7.576003635214162,1.2916666666666665,0.04907517829695845,0.6711149364467442,7.307805673366314,1.361111111111111
J.Hurts,PHI,2023,8,29,38,319,4,0,23.611318518510913,0.6213504873292346,0.7631578947368421,8.394736842105264,5.0,0.10398786266170683,0.6744320296527427,7.954382013592539,1.5,0.05207630276172467,0.6812321575073476,7.5495477200282695,1.380952380952381
J.Hurts,PHI,2023,9,17,23,207,2,0,8.435014081711415,0.366739742683105,0.7391304347826086,9.0,3.0,0.18792751682921044,0.6963025844180344,7.897660818713451,2.0,0.12323557583266341,0.6914728746610344,7.655196360287894,1.8333333333333333
J.Hurts,PHI,2023,11,14,22,150,0,1,-3.4149417451117188,-0.1552246247778054,0.6363636363636364,6.818181818181818,0.5,0.22839911682599723,0.7166115089031602,8.154239766081872,2.5,0.18748532605985724,0.7005308456755271,8.1362569663485,1.9583333333333333
J.Hurts,PHI,2023,12,18,31,200,3,1,0.08719554189211765,0.0028127594158747628,0.5806451612903226,6.451612903225806,2.0,0.22573716369621405,0.7201468624385137,8.303229665071772,2.5,0.16203240717185521,0.6822502132644599,7.939616650142966,1.8958333333333333
J.Hurts,PHI,2023,13,26,45,298,1,0,9.313577223235749,0.20696838273857218,0.5777777777777777,6.622222222222222,2.0,0.20891959116260223,0.6798242817933524,7.666132890878222,2.625,0.15645372691215453,0.6771281557230476,7.810257452235381,2.0625
J.Hurts,PHI,2023,14,18,27,197,0,0,2.5487039626868744,0.09439644306247683,0.6666666666666666,7.296296296296297,1.0,0.10532406501493663,0.6334792525535864,7.223004235907461,1.875,0.14662579092207353,0.6648909184858103,7.560332527310456,1.9375
J.Hurts,PHI,2023,15,17,31,143,0,2,1.71635226032231,0.05536620194588097,0.5483870967741935,4.612903225806452,0.3333333333333333,0.03723824010977959,0.6153633105246008,6.797078309981536,1.375,0.1328186784678884,0.6659874097138805,7.475659038031703,1.9375
J.Hurts,PHI,2023,16,24,38,301,1,1,7.3838059724531355,0.19431068348560884,0.631578947368421,7.921052631578948,1.0,0.08988594679070118,0.5933691756272401,6.245758661887694,1.3333333333333333,0.15781155524345764,0.6567580190328769,7.274494163479733,1.9166666666666667
J.Hurts,PHI,2023,17,18,23,167,3,1,11.54995583853046,0.5021719929795853,0.782608695652174,7.260869565217392,2.0,0.1377604278081347,0.6061026221467647,6.61311859397598,1.0833333333333333,0.17334000948536846,0.6429634519700586,7.139625742427101,1.8541666666666667
M.Mariota,PHI,2023,18,13,20,148,1,1,-4.762452383960964,-0.2381226191980482,0.65,7.4,1.0,0.21156133036838798,0.6573103516153638,6.772780429724772,1.0833333333333333,0.1584426976916623,0.6453948020844751,6.997892332816116,1.4791666666666667
J.Hurts,PHI,2024,1,20,34,278,2,2,11.177172094966746,0.32874035573431604,0.5882352941176471,8.176470588235293,1.0,0.1284315648032567,0.6531436849486971,6.7987063556506975,1.0833333333333333,0.08283490245651816,0.634253497736649,6.797892332816117,1.2291666666666667
J.Hurts,PHI,2024,2,23,30,183,1,1,1.8038242840881211,0.0601274761362707,0.7666666666666667,6.1,1.0,0.19677510325036549,0.6631057342845605,7.689598196257908,1.25,0.14333052502053334,0.6282374549559003,6.9676784290728015,1.2916666666666667
J.Hurts,PHI,2024,3,29,38,311,0,1,-5.0485688447872175,-0.1328570748628215,0.7631578947368421,8.18421052631579,0.5,0.16322930141303094,0.6968776641091219,7.234335038363172,1.25,0.1504948646105828,0.6514901431279433,6.923726816169576,1.1666666666666667
J.Hurts,PHI,2024,4,18,30,158,1,0,-10.592363961273804,-0.3530787987091268,0.6,5.266666666666667,2.0,0.004472034452429281,0.692014963880289,7.46517027863777,0.8749999999999999,0.10801668241040861,0.6746626577478264,7.118975354181271,0.9791666666666666
J.Hurts,PHI,2024,6,16,25,264,2,0,7.14371745643391,0.2857486982573564,0.64,10.56,3.0,-0.024267010425340366,0.679514963880289,6.931836945304437,1.125,0.052082277188958165,0.666329324414493,6.865271650477568,1.1041666666666665
J.Hurts,PHI,2024,7,10,14,114,1,0,-2.0727209945907816,-0.14805149961362726,0.7142857142857143,8.142857142857142,2.0,-0.03501492479458028,0.6924561403508772,7.527719298245614,1.625,0.0808800892278926,0.6777809373177189,7.608658747251761,1.4375
J.Hurts,PHI,2024,8,16,20,236,1,0,14.404560368732097,0.7202280184366049,0.8,11.8,2.0,-0.08705966873205477,0.6793609022556392,8.0384335839599,1.875,0.038084816340488076,0.6881192831823806,7.636384311161535,1.5625
J.Hurts,PHI,2024,9,18,24,230,2,0,4.183691901423205,0.17432049589263354,0.75,9.583333333333334,3.0,0.12621160459280184,0.6885714285714286,8.942380952380953,2.25,0.06534181952261553,0.6902931962258588,8.203775615509361,1.5625
J.Hurts,PHI,2024,10,14,20,202,2,1,-4.800011300660856,-0.2400005650330428,0.7,10.1,1.5,0.2580614282432419,0.7260714285714286,10.02154761904762,2.5,0.11689720890895075,0.7027931962258588,8.476692282176028,1.8125
J.Hurts,PHI,2024,11,18,28,221,0,0,0.8737312728603859,0.031204688316442353,0.6428571428571429,7.892857142857143,1.0,0.1266241124206421,0.7410714285714285,9.906547619047618,2.125,0.0458045938130309,0.716763784461153,8.717133458646616,1.875
J.Hurts,PHI,2024,12,15,22,179,1,0,7.471461810654631,0.3396119004843014,0.6818181818181818,8.136363636363637,2.0,0.17143815940315948,0.7232142857142858,9.84404761904762,1.875,0.04218924533555236,0.7012875939849624,8.94124060150376,1.875
J.Hurts,PHI,2024,13,11,19,118,1,0,-1.5673560519353487,-0.08249242378607098,0.5789473684210527,6.2105263157894735,2.0,0.07628412991508363,0.6936688311688312,8.928138528138529,1.875,0.10124786725394272,0.6911201298701298,8.93525974025974,2.0625
J.Hurts,PHI,2024,14,14,21,108,2,0,-1.7947641140599684,-0.08546495781237945,0.6666666666666666,5.142857142857143,3.0,0.012080899995407495,0.6509056732740943,8.084936773752563,1.625,0.13507116411932468,0.6884885509227615,9.053242196400092,2.0625
J.Hurts,PHI,2024,15,25,32,290,2,0,21.311538478605033,0.6659855774564073,0.78125,9.0625,3.0,0.050714801800573334,0.642572339940761,6.845651059466849,2.0,0.08866945711060771,0.6918218842560948,8.376099339257234,2.0625
K.Pickett,PHI,2024,16,14,24,143,1,1,-0.6076742107428408,-0.0253197587809517,0.5833333333333334,5.958333333333333,1.0,0.20941002408556458,0.6771705542264752,7.138061773752563,2.5,0.19042409174436203,0.7001924199703804,8.491054696400091,2.1875
K.Pickett,PHI,2024,17,10,15,143,1,0,7.0406187815275905,0.4693745854351727,0.6666666666666666,9.533333333333333,2.0,0.11817710926925128,0.6525493421052632,6.593554197994988,2.25,0.09723061959216746,0.6731090866370472,7.760846363066758,2.0625
T.McKee,PHI,2024,18,27,41,269,2,0,7.516726461768228,0.1833347917504446,0.6585365853658537,6.560975609756097,3.0,0.2561438615745622,0.6744791666666667,7.424255952380952,2.25,0.13411238078498486,0.6626924199703805,7.754596363066757,1.9375
J.Hurts,PHI,2025,1,19,23,152,0,0,1.5907520360172063,0.0691631320007481,0.8260869565217391,6.608695652173913,1.0,0.3233437989652682,0.6724466463414633,7.7787855691056915,2.25,0.18702930038292076,0.6575094931411122,7.31221831428627,2.125
J.Hurts,PHI,2025,2,15,22,101,0,0,-4.85998605615568,-0.22090845709798546,0.6818181818181818,4.590909090909091,1.0,0.1741381876013534,0.6836558854718982,7.165334482149169,1.75,0.191774105843459,0.6804132198491868,7.1516981279508665,2.125
J.Hurts,PHI,2025,3,21,32,226,3,0,-0.21159855952998619,-0.006612454985312068,0.65625,7.0625,4.0,0.12524101302209498,0.7082770975931103,6.823478421543108,1.75,0.12170906114567313,0.6804132198491868,6.708516309769048,2.0
J.Hurts,PHI,2025,4,15,24,130,2,0,-1.2928640485042706,-0.05386933535434461,0.625,5.416666666666667,3.0,0.006244252916973788,0.7056729309264437,6.205770088209775,2.25,0.131194057245768,0.6900760487965552,6.815013020295363,2.25
J.Hurts,PHI,2025,5,23,38,280,2,0,0.5049775303469999,0.013288882377552628,0.6052631578947368,7.368421052631579,3.0,-0.05305677885922351,0.6972887845849802,5.919692852437417,2.25,0.13514351005302236,0.6848677154632219,6.849239210771555,2.25
J.Hurts,PHI,2025,6,24,33,283,1,1,2.1615822567789524,0.06550249262966523,0.7272727272727273,8.575757575757576,1.0,-0.06702534126502238,0.6420828349282297,6.109624202551834,2.75,0.053556423168165515,0.6628693602000639,6.637479342350502,2.25
J.Hurts,PHI,2025,7,19,23,326,3,0,18.90667418378871,0.8220293123386395,0.8260869565217391,14.173913043478262,4.0,0.004577396166890294,0.6534464712918661,7.105836323763956,2.75,0.06490920459449263,0.6808617844424881,6.964657372653532,2.25
J.Hurts,PHI,2025,8,15,20,179,4,0,8.026514688373709,0.40132573441868546,0.75,8.95,5.0,0.21173783799787818,0.6959057104223009,8.883689584633522,2.75,0.108991045457426,0.7007893206743722,7.544729836421649,2.5
J.Hurts,PHI,2025,10,15,26,183,1,0,8.49402574551641,0.3266932979044773,0.5769230769230769,7.038461538461538,2.0,0.3255366054411357,0.7271557104223009,9.767022917966855,3.25,0.13623991329095608,0.7122222475036405,7.843357885202136,2.75
J.Hurts,PHI,2025,11,14,28,135,0,0,-8.38929800431808,-0.29961778586850285,0.5,4.821428571428571,1.0,0.4038877093228669,0.7200706901793859,9.684533039424345,3.0,0.16843118402892227,0.6810767625538077,7.897078620988089,2.875
J.Hurts,PHI,2025,12,27,39,289,1,0,8.190091875261315,0.21000235577593115,0.6923076923076923,7.410256410256411,2.0,0.31260763969832484,0.663252508361204,8.745950788342093,3.0,0.1585925179326076,0.658349489826535,7.925893556053024,2.875
J.Hurts,PHI,2025,13,19,34,230,2,1,2.19848314169032,0.0646612688732447,0.5588235294117647,6.764705882352941,1.5,0.15960090055764778,0.6298076923076923,7.05503663003663,2.5,0.18566936927776298,0.6628567013649965,7.9693631073350755,2.625
J.Hurts,PHI,2025,14,21,40,240,0,4,-16.236034230799348,-0.4059008557699837,0.525,6.0,0.2,0.07543478417128759,0.5820135746606334,6.508713100624865,1.625,0.20048569480621167,0.6545846425414671,8.13786800929586,2.4375
J.Hurts,PHI,2025,15,12,15,175,3,0,12.753809875184851,0.8502539916789901,0.8,11.666666666666666,4.0,-0.10771375424732767,0.5690328054298643,6.24909771600948,1.175,0.14808697753776962,0.644551747804625,7.966815377716912,2.0875
J.Hurts,PHI,2025,16,22,30,185,2,0,7.481149165453108,0.24937163884843694,0.7333333333333333,6.166666666666667,3.0,0.17975419013954558,0.6440328054298643,7.960407239819005,1.925,0.2461809149189352,0.6536426568955341,8.353179014080549,2.4625
J.Hurts,PHI,2025,17,13,27,110,1,0,-5.003836322525522,-0.18532727120464895,0.48148148148148145,4.074074074074074,2.0,0.189596510907672,0.6542892156862745,7.6495098039215685,2.175,0.1745987057326599,0.6420484539969834,7.352273216979099,2.3375
T.McKee,PHI,2025,18,21,40,241,1,1,-6.156729802117727,-0.1539182450529432,0.525,6.025,1.0,0.12709937588819858,0.6349537037037037,6.976851851851852,2.3,0.10126708002974308,0.6084836391821686,6.742782476238359,1.9625
K.Pickett,PIT,2023,1,31,46,232,1,2,-20.120926569390576,-0.4374114471606647,0.6739130434782609,5.043478260869565,0.6666666666666666,,,,,,,,
K.Pickett,PIT,2023,2,15,30,222,1,1,-7.772112777774912,-0.2590704259258304,0.5,7.4,1.0,,,,,,,,
K.Pickett,PIT,2023,3,16,28,235,2,0,5.9215954580455765,0.2114855520730563,0.5714285714285714,8.392857142857142,3.0,-0.34824093654324756,0.5869565217391304,6.221739130434782,0.8333333333333333,-0.34824093654324756,0.5869565217391304,6.221739130434782,0.8333333333333333
K.Pickett,PIT,2023,4,15,23,114,0,1,-13.630709189599646,-0.5926395299825933,0.6521739130434783,4.956521739130435,0.5,-0.16166544033781294,0.5817805383022775,6.945445134575569,1.5555555555555554,-0.16166544033781294,0.5817805383022775,6.945445134575569,1.5555555555555554
K.Pickett,PIT,2023,5,18,32,224,1,0,3.1015255385846685,0.09692267308077089,0.5625,7.0,2.0,-0.26940896274900805,0.5993788819875776,6.448214285714285,1.2916666666666665,-0.26940896274900805,0.5993788819875776,6.448214285714285,1.2916666666666665
K.Pickett,PIT,2023,7,17,25,230,0,0,0.6385510045254286,0.025542040181017144,0.68,9.2,1.0,-0.13582543268864913,0.5715256211180124,6.937344720496894,1.625,-0.19614263558305225,0.5920031055900621,6.558571428571429,1.4333333333333331
M.Trubisky,PIT,2023,8,15,27,138,1,2,-7.641714351077098,-0.28302645744729993,0.5555555555555556,5.111111111111111,0.6666666666666666,-0.06467231616193723,0.6165256211180125,7.387344720496894,1.625,-0.15919518962237403,0.6066692546583851,6.998809523809523,1.361111111111111
K.Pickett,PIT,2023,9,19,30,160,1,0,3.3539545370808663,0.11179848456936221,0.6333333333333333,5.333333333333333,2.0,-0.18830031854202628,0.6125573671497584,6.566908212560386,1.0416666666666667,-0.17688537074022057,0.5993672976436952,6.729138321995464,1.261904761904762
K.Pickett,PIT,2023,10,14,23,126,0,0,-5.687628693613217,-0.24728820407013985,0.6086956521739131,5.478260869565218,1.0,-0.012190814904037419,0.6078472222222222,6.6611111111111105,1.4166666666666665,-0.14079988882652272,0.6036130521048999,6.554662698412698,1.3541666666666665
K.Pickett,PIT,2023,11,15,28,106,0,0,-11.891549183666939,-0.4246981851309621,0.5357142857142857,3.7857142857142856,1.0,-0.0982435341917651,0.6193961352657005,6.280676328502415,1.1666666666666665,-0.11703448344020712,0.5954608781918564,6.609010524499655,1.3958333333333335
K.Pickett,PIT,2023,12,24,33,278,0,0,11.777032637398312,0.3568797768908579,0.7272727272727273,8.424242424242424,1.0,-0.21080359051975991,0.5833247066942719,4.9271048999309865,1.1666666666666665,-0.13773795334084857,0.5999251639061421,6.15722481021394,1.3958333333333335
M.Trubisky,PIT,2023,13,11,17,117,1,0,8.028602926241097,0.4722707603671234,0.6470588235294118,6.882352941176471,2.0,-0.05082703193522045,0.6262539996235649,5.755387728213815,1.25,-0.11956367523862338,0.6194056833866617,6.1611479703871,1.1458333333333335
M.Trubisky,PIT,2023,14,22,35,190,1,1,-15.454744101715837,-0.44156411719188104,0.6285714285714286,5.428571428571429,1.0,0.03929103701421985,0.6296853721725845,6.1426426301746,1.25,0.013550111055091213,0.6187662971974034,6.401876870642855,1.3333333333333335
M.Trubisky,PIT,2023,15,16,23,169,1,2,-2.4031188849476166,-0.10448342978033116,0.6956521739130435,7.3478260869565215,0.6666666666666666,-0.00927794126621545,0.6346543162719633,6.130220269926152,1.25,-0.05376073772899028,0.6270252257688319,6.205448299214283,1.2083333333333335
M.Rudolph,PIT,2023,16,17,27,290,2,0,8.335159954724112,0.30870962795274487,0.6296296296296297,10.74074074074074,3.0,0.07077574757144228,0.6746387883216528,7.020748220236712,1.1666666666666667,-0.07001392147415882,0.6289817475079623,5.973926560083849,1.1666666666666667
M.Rudolph,PIT,2023,17,18,24,274,0,0,11.097580417471297,0.46239918406130404,0.75,11.416666666666666,1.0,0.05873321033691402,0.6502280139108784,7.5998727993612905,1.6666666666666665,0.0039530892008467836,0.6382410067672216,6.677630263787553,1.4583333333333333
M.Rudolph,PIT,2023,18,18,20,152,1,0,0.573040845541982,0.0286520422770991,0.9,7.6,2.0,0.05626531626045918,0.6759633080285254,8.73345123073384,1.4166666666666665,0.04777817663733951,0.652824340100555,7.438046930454219,1.3333333333333335
J.Fields,PIT,2024,1,17,23,156,0,0,-1.352276713480927,-0.05879463971656205,0.7391304347826086,6.782608695652174,1.0,0.17381935612770422,0.7438204508856683,9.276308373590982,1.6666666666666665,0.08227070743074438,0.6892373835788158,7.703264321758567,1.4583333333333335
J.Fields,PIT,2024,2,13,20,117,1,0,2.209675965199503,0.11048379825997515,0.65,5.85,2.0,0.1852415536436465,0.7546900161030596,9.135004025764895,1.75,0.12800865060754438,0.7146644022123563,8.077876123000804,1.4583333333333335
J.Fields,PIT,2024,3,25,32,245,1,1,8.205475067990267,0.25642109587469586,0.78125,7.65625,1.0,0.13568509622045405,0.7597826086956522,7.91231884057971,1.5,0.09720915327868404,0.7050053113032653,7.756095819970501,1.5833333333333335
J.Fields,PIT,2024,4,22,34,312,1,0,3.5540258744648563,0.10453017277837813,0.6470588235294118,9.176470588235293,2.0,0.08419057417380202,0.7675951086956522,6.972214673913044,1.5,0.0702279452171306,0.7217792083620888,7.852832952323441,1.4583333333333335
J.Fields,PIT,2024,5,15,27,131,2,0,-3.471511214709608,-0.12857448943368918,0.5555555555555556,4.851851851851852,3.0,0.10316010679912177,0.7043598145780051,7.366332320971867,1.5,0.138489731463413,0.7240901327318368,8.321320347281425,1.5833333333333335
J.Fields,PIT,2024,6,14,24,145,0,0,-0.4326682375336198,-0.018027843230567494,0.5833333333333334,6.041666666666667,1.0,0.08571514436984,0.6584660947712417,6.883643110021786,2.0,0.13547834900674324,0.7065780554371507,8.009323567893341,1.875
R.Wilson,PIT,2024,7,16,29,264,2,0,8.761338668603008,0.302115126503552,0.5517241379310345,9.10344827586207,3.0,0.05358723399720433,0.6417994281045751,6.931559776688453,1.75,0.0946361651088292,0.7007910184001136,7.421939308634082,1.625
R.Wilson,PIT,2024,8,20,28,278,1,0,3.762137920703955,0.13436206859656982,0.7142857142857143,9.928571428571429,2.0,0.06501074165441836,0.5844179625873338,7.29335934565397,2.25,0.07460065791411019,0.6760065356414929,7.132787009783507,1.875
R.Wilson,PIT,2024,10,14,28,195,3,1,7.329395678825676,0.2617641313866313,0.5,6.964285714285714,2.0,0.07246871560896628,0.6012246852764094,7.481384555738004,2.25,0.08781441120404404,0.6527922499272073,7.4238584383549355,1.875
R.Wilson,PIT,2024,11,23,36,205,0,1,-11.591212340985365,-0.3219781205829268,0.6388888888888888,5.694444444444445,0.5,0.17005337081404642,0.5873357963875205,8.00949302134647,2.0,0.1278842575919432,0.6229009455793812,7.446568065684128,2.0
R.Wilson,PIT,2024,12,21,28,270,1,0,7.811286311006702,0.2789745111073822,0.75,9.642857142857142,2.0,0.09406580147595658,0.6012246852764094,7.922687465790914,1.875,0.07382651773658044,0.6215120566904924,7.427123621239684,1.8125
R.Wilson,PIT,2024,13,29,38,414,3,1,15.515664771345557,0.4083069676669884,0.7631578947368421,10.894736842105264,2.0,0.08828064762691414,0.6507936507936508,8.057539682539684,1.625,0.07664569464066624,0.6176058066904924,7.675449514096826,1.9375
R.Wilson,PIT,2024,14,15,26,158,2,0,-0.560810978784168,-0.021569653030160306,0.5769230769230769,6.076923076923077,3.0,0.15676687239451878,0.6630116959064327,8.299081035923141,1.625,0.11461779400174252,0.632118190591421,7.890232795830573,1.9375
R.Wilson,PIT,2024,15,14,22,128,1,0,-5.86317926853425,-0.26650814856973865,0.6363636363636364,5.818181818181818,2.0,0.08593342629032089,0.682242465137202,8.07724037658248,1.875,0.12799339855218364,0.6347891307623612,8.043366698964476,1.9375
R.Wilson,PIT,2024,16,22,33,217,2,1,-6.296249194813697,-0.1907954301458696,0.6666666666666666,6.575757575757576,1.5,0.09980091929361791,0.6816111520058888,8.108174720016825,2.25,0.09693336038478724,0.6414179186411492,8.015431092903869,2.0625
R.Wilson,PIT,2024,17,23,37,205,0,1,-15.375228794728173,-0.4155467241818425,0.6216216216216216,5.54054054054054,0.5,-0.017641566019695028,0.6607778186725555,7.341399828241934,2.125,0.035319540803609537,0.6557857347331032,7.699469755390808,1.875
R.Wilson,PIT,2024,18,17,31,148,1,0,-5.404655771760845,-0.1743437345729305,0.5483870967741935,4.774193548387097,2.0,-0.22360498898190273,0.6253937503937503,6.002850752850753,1.75,-0.033419058293692,0.6442027231500915,7.150965894386947,1.6875
A.Rodgers,PIT,2025,1,22,30,244,4,0,10.20475524963341,0.34015850832111366,0.7333333333333333,8.133333333333333,5.0,-0.2617985093675953,0.6182597553565294,5.677168370716758,1.5,-0.08793254153863723,0.6502511102468658,6.87720437364962,1.6875
A.Rodgers,PIT,2025,2,18,33,203,1,2,-6.193220436920898,-0.18767334657336054,0.5454545454545454,6.151515151515151,0.6666666666666666,-0.11013184514488222,0.6425021795989537,6.255956249504637,2.25,-0.005165462925632171,0.6620566658024213,7.182065484760731,2.25
A.Rodgers,PIT,2025,3,16,23,139,2,1,0.19340494932839647,0.008408910840365064,0.6956521739130435,6.043478260869565,1.5,-0.10935132425175495,0.6121991492959235,6.14989564344403,2.0416666666666665,-0.06349644513572501,0.6364884839842395,6.745647735842982,2.0833333333333335
A.Rodgers,PIT,2025,4,18,22,200,1,0,3.799732759834968,0.172715125447044,0.8181818181818182,9.090909090909092,2.0,-0.003362415496203061,0.6307067873687789,6.275630073526287,2.2916666666666665,-0.11348370223905292,0.6280502688812647,6.13924041318852,2.0208333333333335
A.Rodgers,PIT,2025,6,21,30,235,2,0,9.599199736872942,0.3199733245624314,0.7,7.833333333333333,3.0,0.08340229950879058,0.6981554677206852,7.354808959156785,2.2916666666666665,-0.08919810492940239,0.6582076115386073,6.515988664936772,1.8958333333333333
A.Rodgers,PIT,2025,7,23,34,249,4,2,13.311911904311273,0.39152682071503747,0.6764705882352942,7.323529411764706,1.6666666666666667,0.07835600356912,0.6898221343873517,7.279808959156785,1.7916666666666665,-0.015887920787881135,0.6661621569931527,6.767882604330711,2.0208333333333335
A.Rodgers,PIT,2025,8,24,36,219,2,0,-4.052352931075593,-0.11256535919654424,0.6666666666666666,6.083333333333333,3.0,0.22315604539121953,0.722576145082539,7.572812524219174,2.0416666666666665,0.05690236056973225,0.6673876471892312,6.861354083831602,2.0416666666666665
A.Rodgers,PIT,2025,9,25,35,203,1,0,0.010954169245992684,0.00031297626417121953,0.7142857142857143,5.8,2.0,0.19291247788199217,0.7153297682709447,7.582776292335116,2.4166666666666665,0.09477503119289453,0.6730182778198619,6.929203182930701,2.3541666666666665
A.Rodgers,PIT,2025,10,16,31,161,1,2,-18.09004052675284,-0.5835496944113819,0.5161290322580645,5.193548387096774,0.6666666666666666,0.14981194058627398,0.6893557422969188,6.760049019607843,2.4166666666666665,0.11660712004753225,0.6937556050088018,7.0574289893823146,2.3541666666666665
M.Rudolph,PIT,2025,11,12,16,127,1,0,10.721693948170671,0.6701058717606669,0.75,7.9375,2.0,-0.07606881415717935,0.643388000361435,6.100102783048703,1.8333333333333333,0.0011435947059703078,0.6666050673743933,6.689955871102744,1.8125
M.Rudolph,PIT,2025,12,24,31,171,1,1,-5.817271571839228,-0.18765392167223316,0.7741935483870968,5.516129032258065,1.0,-0.006424051395771985,0.6617703533026114,6.253595430107527,1.9166666666666665,0.10836599699772374,0.6921732491925752,6.9132039771633504,1.9791666666666667
A.Rodgers,PIT,2025,13,10,21,117,0,0,-9.578514542139601,-0.4561197401018858,0.47619047619047616,5.571428571428571,1.0,-0.025196192014694214,0.6886520737327189,6.11179435483871,1.4166666666666665,0.08385814293364896,0.7019909210018318,6.847285323586912,1.9166666666666667
A.Rodgers,PIT,2025,14,23,34,284,1,0,10.56656205523317,0.31078123691862264,0.6764705882352942,8.352941176470589,2.0,-0.13930437110620847,0.6291282642089093,6.054651497695852,1.1666666666666665,0.005253784740032741,0.659242003252914,6.4073502586518485,1.7916666666666667
A.Rodgers,PIT,2025,15,23,27,224,2,0,11.127134462120011,0.41211609118963005,0.8518518518518519,8.296296296296296,3.0,0.08427836172629269,0.6692136532032168,6.844499695039306,1.5,0.004104773784556648,0.6563008267823258,6.472301239044005,1.6666666666666667
A.Rodgers,PIT,2025,16,27,41,266,1,0,11.02383730131656,0.26887408051991607,0.6585365853658537,6.487804878048781,2.0,0.019780916583533467,0.6946766161661797,6.934198769113381,1.75,0.00667843259388072,0.6782234847343955,6.593897099610454,1.8333333333333333
A.Rodgers,PIT,2025,17,21,39,168,0,0,-12.288341161524132,-0.31508567080831107,0.5384615384615384,4.3076923076923075,1.0,0.13391291713157077,0.6657623754108689,7.17711773056106,2.0,0.05435836255843826,0.6772072245717939,6.644456042699884,1.7083333333333335
A.Rodgers,PIT,2025,18,31,47,294,1,0,7.450878767431444,0.15852933547726478,0.6595744680851063,6.25531914893617,2.0,0.16917143445496444,0.6813301409786345,6.861183664626994,2.0,0.01493353167437797,0.655229202593772,6.457917581161423,1.5833333333333335
G.Smith,SEA,2023,1,16,26,112,1,0,-4.389090738004491,-0.16881118223094196,0.6153846153846154,4.3076923076923075,2.0,,,,,,,,
G.Smith,SEA,2023,2,32,41,328,2,0,14.869270530748489,0.3626651348963046,0.7804878048780488,8.0,3.0,,,,,,,,
G.Smith,SEA,2023,3,23,36,296,1,1,6.3265152484276275,0.17573653467854522,0.6388888888888888,8.222222222222221,1.0,0.09692697633268131,0.6979362101313321,6.153846153846153,2.5,0.09692697633268131,0.6979362101313321,6.153846153846153,2.5
G.Smith,SEA,2023,4,13,20,110,1,0,-9.127239332726395,-0.4563619666363198,0.65,5.5,2.0,0.12319682911463596,0.6782537697171843,6.843304843304843,2.0,0.12319682911463596,0.6782537697171843,6.843304843304843,2.0
G.Smith,SEA,2023,6,27,41,326,0,2,-3.616049409648474,-0.08819632706459693,0.6585365853658537,7.951219512195122,0.3333333333333333,-0.021692869823102978,0.6711903272878883,6.507478632478632,2.0,-0.021692869823102978,0.6711903272878883,6.507478632478632,2.0
G.Smith,SEA,2023,7,18,24,219,2,1,7.2816635705999575,0.30340264877499823,0.75,9.125,1.5,-0.0015391560315167196,0.6819783197831979,7.418360433604336,1.5833333333333333,-0.03499356127140177,0.6686595789034813,6.79622680842193,1.6666666666666667
G.Smith,SEA,2023,8,23,37,254,2,2,2.6245567447569806,0.070933966074513,0.6216216216216216,6.864864864864865,1.0,-0.01635477756184331,0.6743563685636856,7.699610433604336,1.2083333333333333,0.021405807069664898,0.6822163157529011,7.184355673684942,1.638888888888889
G.Smith,SEA,2023,9,13,28,157,0,1,-14.661981639171309,-0.5236422013989753,0.4642857142857143,5.607142857142857,0.5,-0.042555419712851365,0.6700395517468688,7.360271094264997,1.2083333333333333,0.028481258356071768,0.673559930877004,7.138714129567788,1.5476190476190477
G.Smith,SEA,2023,10,31,47,369,2,0,5.205711377139459,0.11075981653488211,0.6595744680851063,7.851063829787234,3.0,-0.05937547840351526,0.6236109803182974,7.387056808550711,0.8333333333333333,-0.04053417411330912,0.6474006538030929,6.947267720514671,1.4166666666666667
G.Smith,SEA,2023,11,22,34,233,1,0,5.416796529322654,0.15931754498007805,0.6470588235294118,6.852941176470588,2.0,-0.009636442503645499,0.6238704509981106,7.362017887948739,1.5,-0.005587799267581109,0.6529243853906541,7.390189160776537,1.5416666666666665
G.Smith,SEA,2023,12,18,27,180,0,1,-11.940727955094662,-0.4422491835220245,0.6666666666666666,6.666666666666667,0.5,-0.04565771845237554,0.5981351568804635,6.794003182066385,1.625,-0.031006248007109424,0.6362457627220746,7.246806807835361,1.4166666666666665
G.Smith,SEA,2023,13,23,41,334,3,1,11.57318432268221,0.28227278835810266,0.5609756097560976,8.146341463414634,2.0,-0.17395350585150993,0.6093964181417248,6.744453632516836,1.5,-0.10825446278218065,0.6397179849442969,7.052362363390917,1.3541666666666665
D.Lock,SEA,2023,14,22,31,269,2,2,-1.1833125089323149,-0.038171371255881124,0.7096774193548387,8.67741935483871,1.0,0.027525241587759583,0.6335688920093205,7.379253284084781,1.875,-0.015925118407877838,0.628589936163809,7.383155046317746,1.3541666666666665
D.Lock,SEA,2023,15,22,33,208,1,0,3.265447533214444,0.09895295555195285,0.6666666666666666,6.303030303030303,2.0,-0.009707555359931225,0.6460946298267537,7.58584216534765,1.375,-0.009671998931788363,0.6349825404124322,7.473930026648194,1.4375
G.Smith,SEA,2023,16,25,36,227,2,0,11.052164996637064,0.3070045832399184,0.6944444444444444,6.305555555555555,3.0,-0.024798702716962523,0.6509965906110674,7.448364446987579,1.375,-0.03522821058466903,0.6245658737457654,7.121183814526982,1.5
G.Smith,SEA,2023,17,23,33,290,1,0,7.223915382146952,0.21890652673172584,0.696969696969697,8.787878787878787,2.0,0.1625147389735232,0.6579410350555118,7.358086669209801,2.0,-0.00571938343899335,0.6336687265986183,7.051270150863319,1.75
G.Smith,SEA,2023,18,16,28,189,2,0,6.707846886358095,0.23956596022707483,0.5714285714285714,6.75,3.0,0.146673173566929,0.6919395568589117,7.518471000325839,2.0,0.0870992075773443,0.6627542244341161,7.448862142205311,1.9375
G.Smith,SEA,2024,1,18,25,171,1,1,-5.73969622205013,-0.2295878488820052,0.72,6.84,1.0,0.216107506437668,0.6573773448773448,7.036616161616161,2.5,0.1031999755388684,0.6517359873520493,7.311229163481906,1.9375
G.Smith,SEA,2024,2,33,44,327,1,0,9.29315744260666,0.2112081236956059,0.75,7.431818181818182,2.0,0.13397230532917848,0.6707106782106782,7.170858585858586,2.25,0.05458680130610798,0.6608536344108727,7.309611516423082,1.8125
G.Smith,SEA,2024,3,26,34,289,1,2,-0.812698218889637,-0.023902888790871678,0.7647058823529411,8.5,0.6666666666666666,0.11002319044310035,0.6845995670995672,7.452424242424241,2.0,0.1362689647083118,0.6712703010775394,7.405255455817021,2.0
G.Smith,SEA,2024,4,38,56,395,1,1,8.867202348405169,0.15834289907866372,0.6785714285714286,7.053571428571429,1.0,0.049320836562450975,0.7015336134453781,7.380454545454546,1.6666666666666665,0.09799700506468999,0.6967365851521449,7.449462772890191,1.8333333333333333
G.Smith,SEA,2024,5,28,40,284,1,0,-4.120158323491429,-0.10300395808728573,0.7,7.1,2.0,0.0290150712753482,0.7283193277310924,7.456347402597403,1.1666666666666665,0.12256128885650809,0.6928483363042186,7.246481782106782,1.8333333333333335
G.Smith,SEA,2024,6,30,52,312,1,2,3.7163164462535403,0.07146762396641423,0.5769230769230769,6.0,0.6666666666666666,0.060661043974028064,0.7233193277310924,7.521347402597403,1.4166666666666665,0.09731667465160328,0.6970150029708854,7.346102994227994,1.8333333333333335
G.Smith,SEA,2024,7,18,28,207,2,0,7.130207947885287,0.25465028385304594,0.6428571428571429,7.392857142857143,3.0,0.02572591904173015,0.6800500969618616,7.163392857142858,1.0833333333333333,0.06787455474241526,0.6823248320307144,7.30790854978355,1.5416666666666667
G.Smith,SEA,2024,8,21,29,212,0,1,1.1531145050552674,0.039762569139836806,0.7241379310344828,7.310344827586207,0.5,0.09536421220270955,0.649587912087912,6.886607142857144,1.6666666666666665,0.07234252438258026,0.6755607627666451,7.133530844155844,1.6666666666666665
G.Smith,SEA,2024,9,21,34,363,3,3,-5.465296312177088,-0.16074400918167905,0.6176470588235294,10.676470588235293,1.0,0.06571912971800284,0.6609795377036757,6.9508004926108375,1.5416666666666665,0.047367100496675515,0.694649432717384,7.20357394760412,1.3541666666666665
G.Smith,SEA,2024,11,25,32,221,0,1,-0.7549310410544845,-0.02359159503295264,0.78125,6.90625,0.5,0.051284116944404504,0.640391302409558,7.8449181396696614,1.2916666666666665,0.055972580459216284,0.6818553150703253,7.683132771133532,1.3541666666666665
G.Smith,SEA,2024,12,22,31,254,1,1,2.1306606442667544,0.06873098852473401,0.7096774193548387,8.193548387096774,1.0,0.02751931219456278,0.6914730331787888,8.07148063966966,1.2499999999999998,0.026622615618146463,0.6857615650703253,7.617436748406259,1.1666666666666665
G.Smith,SEA,2024,13,20,31,206,1,0,-1.5587153364787718,-0.050281139886411995,0.6451612903225806,6.645161290322581,2.0,-0.018960511637515207,0.7081781023032127,8.271653450729568,0.7499999999999999,0.03820185028259718,0.6788830071955625,7.579130296793356,1.2083333333333333
G.Smith,SEA,2024,14,24,30,233,1,0,7.1610925634604925,0.23870308544868307,0.8,7.766666666666667,2.0,-0.04147143889407741,0.6884339421252372,8.105357566413662,1.125,0.012123845411962708,0.6747067399144564,7.5280790295122495,1.3333333333333333
G.Smith,SEA,2024,15,15,19,149,0,1,-5.205535544278002,-0.2739755549620001,0.7894736842105263,7.842105263157895,0.5,0.05839033476351312,0.7340221774193548,7.377906586021505,1.375,0.05483722585395881,0.6872067399144564,7.6114123628455825,1.3333333333333333
G.Smith,SEA,2024,16,31,43,314,3,2,0.3033877674065899,0.007055529474571858,0.7209302325581395,7.3023255813953485,1.3333333333333333,-0.004205655218748744,0.7360780984719864,7.611870401810979,1.375,0.011656828487907014,0.7137755658253876,7.84167552074032,1.3125
G.Smith,SEA,2024,17,17,23,160,0,0,-4.18387351824247,-0.18190754427141173,0.7391304347826086,6.956521739130435,1.0,-0.01962451998128928,0.7388913017728116,7.389064700385623,1.4583333333333333,-0.019292515809402246,0.7235347020380122,7.830359075557596,1.1041666666666667
G.Smith,SEA,2024,18,20,27,223,4,0,9.838861239118344,0.36440226811549425,0.7407407407407407,8.25925925925926,5.0,-0.05253112107753921,0.7623835878878186,7.466904812587586,1.2083333333333333,-0.04700127998580832,0.725408765006528,7.786131189500623,1.1666666666666667
S.Darnold,SEA,2025,1,16,23,150,0,0,-6.831034911036733,-0.2970015178711623,0.6956521739130435,6.521739130434782,1.0,-0.021106325410836416,0.7475687730730038,7.5900529607357345,1.9583333333333333,0.018642004676338347,0.7407954752461793,7.4839797733786195,1.6666666666666665
S.Darnold,SEA,2025,2,22,33,295,2,2,2.854062096416647,0.08648673019444385,0.6666666666666666,8.93939393939394,1.0,-0.026862816138126966,0.724113395498633,7.259961427554956,2.083333333333333,-0.015534235678437862,0.7300957469853098,7.435915914682968,1.7291666666666665
S.Darnold,SEA,2025,3,14,18,218,2,0,16.96673510819116,0.9425963948995089,0.7777777777777778,12.11111111111111,3.0,-0.007005015958158969,0.7105475040257649,7.669228517054605,2.0,-0.01331476796972413,0.7247194028992882,7.529146608720113,1.7291666666666665
S.Darnold,SEA,2025,4,18,26,242,1,0,9.92136531109626,0.3815909735037023,0.6923076923076923,9.307692307692308,2.0,0.27412096883457115,0.7202093397745571,8.957875860049773,2.5,0.11079492387851597,0.7412964638311879,8.21239033631868,1.8541666666666665
S.Darnold,SEA,2025,5,28,34,341,4,1,23.413120006202856,0.6886211766530251,0.8235294117647058,10.029411764705882,2.5,0.2784181451816232,0.708101077666295,9.219984122158035,1.75,0.12865590988539338,0.7278349253696493,8.405018541446886,1.8541666666666665
S.Darnold,SEA,2025,6,16,27,295,2,0,10.52449972709388,0.38979628618866224,0.5925925925925926,10.925925925925926,3.0,0.52482381881267,0.7400703871292107,10.09690228072581,2.125,0.24898050133727154,0.7320918913139218,8.678431854140383,2.1041666666666665
S.Darnold,SEA,2025,7,17,31,213,1,1,-5.613761459817213,-0.18108907934894236,0.5483870967741935,6.870967741935484,1.0,0.6006512078112246,0.7215518686106921,10.593535277358807,2.625,0.29682309592653283,0.7160496863182284,9.131381897206705,2.3125
S.Darnold,SEA,2025,9,21,24,330,4,1,22.447935086084,0.9353306285868334,0.875,13.75,2.5,0.3197298392491119,0.664204198359796,9.2834994350649,2.125,0.2969254040418415,0.6922067690671766,9.120687647557336,2.3125
S.Darnold,SEA,2025,10,10,12,178,1,1,4.095139754899237,0.3412616462416031,0.8333333333333334,14.833333333333334,1.0,0.4581647530198946,0.709877275282873,10.394076358141824,2.25,0.36829144910075884,0.708989176474584,9.80703024014993,2.0
S.Darnold,SEA,2025,11,29,44,279,0,4,-13.136533367589896,-0.298557576536134,0.6590909090909091,6.340909090909091,0.2,0.3713248704170391,0.7123282556750299,11.595056750298685,1.875,0.44807434461485457,0.7261993214021202,10.845979515512248,2.0
S.Darnold,SEA,2025,12,16,26,244,2,0,9.42420726075015,0.3624695100288519,0.6153846153846154,9.384615384615385,3.0,0.19923640473584003,0.728952834799609,10.448802541544477,1.175,0.3999438062735324,0.7252523517051506,10.521168909451642,1.9
S.Darnold,SEA,2025,13,14,26,128,0,0,-8.514976311607233,-0.3274990889079705,0.5384615384615384,4.923076923076923,1.0,0.3351260520802886,0.7457022144522144,11.077214452214452,1.675,0.32742794566470024,0.7049532064060052,10.180356943639676,1.9
S.Darnold,SEA,2025,14,20,30,249,3,1,10.041374834340722,0.3347124944780241,0.6666666666666666,8.3,2.0,0.019418622706587646,0.6615675990675991,8.870483682983682,1.3,0.23879168786324112,0.6857224371752361,9.632280020562753,1.775
S.Darnold,SEA,2025,15,22,36,271,0,0,4.553901994692429,0.12649727763034524,0.6111111111111112,7.527777777777778,1.0,0.017781334765692894,0.6199009324009324,7.23715034965035,1.55,0.194553102591366,0.6661145940379811,9.416103549974519,1.7125
S.Darnold,SEA,2025,16,22,34,270,2,2,-2.733909410249675,-0.08040910030146102,0.6470588235294118,7.9411764705882355,1.0,0.12404504830731271,0.607905982905983,7.533867521367522,1.75,0.16164072652157635,0.6684294088527959,8.991335031456,1.4625
S.Darnold,SEA,2025,17,18,27,147,1,1,-7.614296408668432,-0.2820109780988308,0.6666666666666666,5.444444444444445,1.0,0.013325395724734474,0.615824534942182,7.1730077928607345,1.25,0.1742257239025115,0.6807633746971983,9.125111122537593,1.4625
S.Darnold,SEA,2025,18,20,26,198,0,0,4.779637816391724,0.183832223707374,0.7692307692307693,7.615384615384615,1.0,0.024697423427019402,0.6478758169934641,7.303349673202614,1.25,0.022058023066803496,0.6547217080305315,8.08691667809315,1.275
B.Purdy,SF,2023,1,19,29,220,2,0,6.5278640272773965,0.22509875956128952,0.6551724137931034,7.586206896551724,3.0,,,,,,,,
B.Purdy,SF,2023,2,17,25,206,0,0,3.2599135650464697,0.1303965426018588,0.68,8.24,1.0,,,,,,,,
B.Purdy,SF,2023,3,25,37,310,2,0,16.46249543812681,0.4449323091385624,0.6756756756756757,8.378378378378379,3.0,0.17774765108157414,0.6675862068965517,7.913103448275862,2.0,0.17774765108157414,0.6675862068965517,7.913103448275862,2.0
B.Purdy,SF,2023,4,20,21,283,1,0,22.84409084377694,1.0878138497036638,0.9523809523809523,13.476190476190476,2.0,0.2668092037672369,0.670282696489593,8.068195091643368,2.3333333333333335,0.2668092037672369,0.670282696489593,8.068195091643368,2.3333333333333335
B.Purdy,SF,2023,5,17,24,252,4,0,18.54200110162492,0.7725833792343716,0.7083333333333334,10.5,5.0,0.47206036525134365,0.7408072604624328,9.420193937780144,2.25,0.47206036525134365,0.7408072604624328,9.420193937780144,2.25
B.Purdy,SF,2023,6,12,27,125,1,1,-10.562338488182686,-0.39119772178454393,0.4444444444444444,4.62962962962963,1.0,0.6089315201696142,0.7540974903474903,10.148642213642214,2.75,0.5321649680479492,0.734312475036613,9.636155150224116,2.8
B.Purdy,SF,2023,7,21,30,272,1,2,8.158350352013063,0.2719450117337688,0.7,9.066666666666666,0.6666666666666666,0.47853295407301344,0.6952086014586014,9.246049621049622,2.75,0.3782711864092003,0.686001136604585,8.801734230125035,2.5
B.Purdy,SF,2023,8,22,31,365,1,2,-2.851934379665181,-0.09199788321500584,0.7096774193548387,11.774193548387096,0.6666666666666666,0.4352861297218151,0.7012896825396825,9.418121693121693,2.1666666666666665,0.36308173288413864,0.6880009742325013,8.839581721059554,2.238095238095238
B.Purdy,SF,2023,10,19,26,296,3,0,17.11725111317794,0.6583558120453054,0.7307692307692307,11.384615384615385,4.0,0.1403331964921476,0.6406137992831542,8.992622461170848,1.8333333333333333,0.3061967808717456,0.6907105298727935,9.206408199475497,2.0416666666666665
B.Purdy,SF,2023,11,21,25,333,3,0,15.870389703584639,0.6348155881433856,0.84,13.32,4.0,0.11177630469488103,0.6462227736421284,9.213776307324695,1.5833333333333333,0.3603539124322476,0.7001601319948094,9.681209260483453,2.1666666666666665
B.Purdy,SF,2023,12,21,30,209,1,1,0.7482287154365754,0.02494095718121918,0.7,6.966666666666667,1.0,0.36827963217686344,0.7451116625310172,11.386368899917287,2.333333333333333,0.4234062931249385,0.7201601319948093,10.316209260483454,2.5416666666666665
B.Purdy,SF,2023,13,19,27,314,4,0,22.329711401311215,0.8270263481967116,0.7037037037037037,11.62962962962963,5.0,0.30652861853872604,0.7451116625310173,10.861368899917288,2.416666666666667,0.3709073741302706,0.7232006725353499,10.13974529651949,2.2916666666666665
B.Purdy,SF,2023,14,19,27,368,2,1,12.758138486300595,0.47252364764076277,0.7037037037037037,13.62962962962963,1.5,0.5362846763916553,0.7436182336182336,10.82522792022792,3.5,0.3383089364419015,0.6921160164506939,9.908925190699385,2.6666666666666665
B.Purdy,SF,2023,15,16,25,242,4,0,18.1681928660837,0.726727714643348,0.64,9.68,5.0,0.48982663529051973,0.7368518518518519,11.386481481481482,2.875,0.3008014699927004,0.6915373127469902,10.300128894403088,2.2291666666666665
B.Purdy,SF,2023,16,18,32,255,0,4,-18.069514673683724,-0.5646723335526164,0.5625,7.96875,0.2,0.5128046669155103,0.6868518518518519,10.476481481481482,3.125,0.44054214954618687,0.7159817571914345,10.931425190699384,2.7291666666666665
B.Purdy,SF,2023,17,22,28,230,2,0,12.450718497306731,0.4446685177609547,0.7857142857142857,8.214285714285714,3.0,0.3654013442320514,0.6524768518518519,10.727002314814815,2.925,0.3359649813853887,0.6987942571914345,10.794185607366051,2.670833333333333
S.Darnold,SF,2023,18,16,26,189,1,0,5.523995909395049,0.21246138113057883,0.6153846153846154,7.269230769230769,2.0,0.26981188662311223,0.6729794973544974,9.873166335978837,2.425,0.40304828150738375,0.7082988654863656,10.349197128103377,2.9625000000000004
B.Purdy,SF,2024,1,19,29,231,0,0,6.5013994169793135,0.2241861867923901,0.6551724137931034,7.9655172413793105,1.0,0.20479631999556622,0.6508997252747253,8.28306662087912,2.55,0.347311477643043,0.6938757885632886,9.8347740511803,2.7125000000000004
B.Purdy,SF,2024,2,28,36,319,1,1,0.5646058952261228,0.015683497089614522,0.7777777777777778,8.86111111111111,1.0,0.07916093803282676,0.6546928287230012,7.854445931223948,1.55,0.2959828024741685,0.6707723402874265,9.165463706352714,2.3375000000000004
B.Purdy,SF,2024,3,22,30,292,3,0,14.322098457225366,0.4774032819075122,0.7333333333333333,9.733333333333333,4.0,0.22424989569338447,0.7085122731674456,8.077536209001725,1.75,0.294825619962718,0.6804945625096487,9.40226926190827,2.3375000000000004
B.Purdy,SF,2024,4,15,27,288,1,1,6.955035546710409,0.2575939091374226,0.5555555555555556,10.666666666666666,1.0,0.23243358673002384,0.6954170350722075,8.457298113763631,2.0,0.25112273667656804,0.6841982662133524,9.165232224871234,2.2125000000000004
B.Purdy,SF,2024,5,19,35,244,1,2,-0.8968391142674834,-0.025623974693356668,0.5428571428571428,6.9714285714285715,0.6666666666666666,0.24371671873173478,0.6804597701149425,9.306657088122606,1.75,0.22425651936365054,0.665679747694834,8.794861854500862,2.1500000000000004
B.Purdy,SF,2024,6,18,28,255,3,0,11.726026032879032,0.418786644031394,0.6428571428571429,9.107142857142858,4.0,0.18126417836029812,0.6523809523809523,9.05813492063492,1.6666666666666667,0.13021255819656247,0.6535368905519768,8.456290425929435,1.6083333333333334
B.Purdy,SF,2024,7,17,31,212,0,3,-10.69541663494156,-0.34501343983682453,0.5483870967741935,6.838709677419355,0.25,0.282039965095743,0.6186507936507937,9.119642857142857,2.4166666666666665,0.25314493039456376,0.6635815334091196,8.59858953307229,2.0833333333333335
B.Purdy,SF,2024,8,18,26,260,1,0,7.321977107159839,0.28161450412153227,0.6923076923076923,10.0,2.0,0.07643578465965878,0.5724142345110087,8.395986943164361,1.4791666666666665,0.15443468569484134,0.6339156347916082,8.426642528463997,1.7395833333333335
B.Purdy,SF,2024,10,25,36,353,2,0,17.42038858393678,0.4838996828871328,0.6944444444444444,9.805555555555555,3.0,0.08244093340568621,0.6066022686990429,8.229320276497695,1.7291666666666665,0.16307882606871055,0.6435310194069928,8.76798868231015,1.7395833333333335
B.Purdy,SF,2024,11,21,28,159,1,1,0.7670178439844149,0.027393494428014815,0.75,5.678571428571429,1.0,0.2098218478008086,0.6444990940958684,8.937852022529443,2.3125,0.19554301308055339,0.6484400232384103,8.99799347158218,1.9895833333333335
B.Allen,SF,2024,12,17,29,199,1,1,-10.667565045155746,-0.3678470705226119,0.5862068965517241,6.862068965517241,1.0,0.11197356039996378,0.6712848083815826,8.080709165386585,1.5625,0.19700676274785342,0.6449678010161881,8.60017601126472,1.9895833333333335
B.Purdy,SF,2024,13,11,18,94,0,0,-6.68632350639641,-0.37146241702202276,0.6111111111111112,5.222222222222222,1.0,0.10626515272851694,0.6807397583259652,8.086548987411057,1.75,0.09135046869408789,0.626576996418487,8.24126796528771,1.6145833333333335
B.Purdy,SF,2024,14,20,25,325,2,0,22.78080663687433,0.9112322654749733,0.8,13.0,3.0,-0.057004077557371816,0.66044061302682,6.892104542966612,1.5,0.012718427924157227,0.6335214408629314,7.560712409732154,1.6145833333333335
B.Purdy,SF,2024,15,14,31,142,0,1,-10.566544854500965,-0.3408562856290634,0.45161290322580644,4.580645161290323,0.5,0.049829068089588285,0.6868295019157088,7.690715654077723,1.5,0.12982545794519848,0.6656642980057885,8.314283838303583,1.90625
B.Purdy,SF,2024,16,26,40,313,2,1,4.943432835102932,0.1235858208775733,0.65,7.825,1.5,-0.04223337692468125,0.6122327277221604,7.416234087257447,1.375,0.034870091737641294,0.6417587680518715,7.748471626322015,1.46875
B.Purdy,SF,2024,17,27,35,377,3,2,13.325009462013648,0.3807145560575328,0.7714285714285715,10.771428571428572,1.3333333333333333,0.08062484592536505,0.6281810035842295,7.656966845878136,1.5,0.09344499932694103,0.6544603809550973,7.871757916644596,1.625
J.Dobbs,SF,2024,18,29,43,326,2,2,2.781909469530523,0.06469556905884938,0.6744186046511628,7.5813953488372094,1.0,0.2686690891952539,0.6682603686635945,9.044268433179724,1.5833333333333333,0.10583250581894109,0.6643504908452073,7.968186488073168,1.5416666666666667
B.Purdy,SF,2025,1,26,35,277,2,2,13.329884157278123,0.38085383306508924,0.7428571428571429,7.914285714285715,1.0,0.05703491509122298,0.6368650198263852,7.689617270389026,1.0833333333333333,0.05343199159040566,0.6618472608710471,7.690166462233375,1.2916666666666665
M.Jones,SF,2025,2,26,39,279,3,0,2.688142357473266,0.06892672711469913,0.6666666666666666,7.153846153846154,4.0,0.23746244476476114,0.7096760797342193,8.523027408637875,1.2083333333333333,0.09761453392003996,0.6609544037281899,7.96963074794766,1.2916666666666665
M.Jones,SF,2025,3,27,41,284,1,1,1.5022151318471164,0.03663939345968577,0.6585365853658537,6.926829268292683,1.0,0.2237976713240426,0.713842746400886,8.355238947099412,1.8333333333333333,0.15221125862470383,0.6710118749925577,8.006102896488775,1.6666666666666665
B.Purdy,SF,2025,4,22,38,309,2,2,3.371967635811135,0.0887359904160825,0.5789473684210527,8.131578947368421,1.0,0.13777888067458083,0.6856197498852065,7.3940891213154405,1.75,0.20322398493491742,0.6769400592744005,8.219178777247581,1.6666666666666665
M.Jones,SF,2025,5,33,49,342,2,0,14.00177889080927,0.2857505896083524,0.673469387755102,6.979591836734694,3.0,0.14378898601388912,0.661751940827679,7.531635020948244,1.75,0.10041195055255606,0.649308480327032,7.610626145668634,1.4166666666666665
M.Jones,SF,2025,6,27,39,347,0,2,-4.42705243935853,-0.11351416511175717,0.6923076923076923,8.897435897435898,0.3333333333333333,0.12001317514970491,0.6444050020521688,7.297961551560489,2.25,0.17873780995723304,0.6770405408931941,7.910494480099182,1.7291666666666665
M.Jones,SF,2025,7,17,26,152,0,1,1.968226376034634,0.07570101446287053,0.6538461538461539,5.846153846153846,0.5,0.07440295209309084,0.6508152584624252,7.733858987457925,1.3333333333333333,0.14910031170856672,0.6823290024316555,8.044548967278669,1.5833333333333333
M.Jones,SF,2025,8,19,32,193,2,1,-2.791569479173515,-0.08723654622417235,0.59375,6.03125,1.5,0.08416835734388703,0.6496426505825001,7.463690131923215,1.2083333333333333,0.11097361900923396,0.6676312002338534,7.428889626619328,1.4791666666666667
M.Jones,SF,2025,9,19,24,235,2,0,13.49070095318574,0.5621125397160726,0.7916666666666666,9.791666666666666,3.0,0.040175223183823314,0.6533433084772371,6.93860789508111,1.3333333333333333,0.09198210459885624,0.657547624652458,7.235121458014676,1.5416666666666667
M.Jones,SF,2025,10,33,39,319,3,1,18.252678949662485,0.46801740896570476,0.8461538461538461,8.179487179487179,2.0,0.10926571071075335,0.6828926282051282,7.641626602564102,1.3333333333333333,0.11463944293022915,0.6636488151286485,7.4697940770622955,1.7916666666666665
B.Purdy,SF,2025,11,19,26,200,3,0,8.642695559272799,0.33241136766433843,0.7307692307692307,7.6923076923076925,4.0,0.2546486042301188,0.7213541666666667,7.4621394230769225,1.75,0.16452577816160485,0.686084712564546,7.597999205267424,1.5416666666666665
B.Purdy,SF,2025,12,23,32,193,1,3,-3.168522982927289,-0.09901634321647779,0.71875,6.03125,0.5,0.31882619253048583,0.7405849358974358,7.923677884615384,2.625,0.20149727493718644,0.695113793239968,7.693684008269299,1.9166666666666665
B.Purdy,SF,2025,13,16,29,168,1,0,3.4148892117576763,0.11775480040543712,0.5517241379310345,5.793103448275862,2.0,0.31588124328240946,0.7718349358974359,7.923677884615384,2.375,0.1780282332331164,0.7125891221873365,7.431142889848246,1.8541666666666665
B.Purdy,SF,2025,15,23,30,295,3,0,17.847383699292173,0.5949127899764057,0.7666666666666667,9.833333333333334,4.0,0.2047918084547506,0.7118493037135278,6.924037080017683,2.125,0.157028759582752,0.697370965959328,7.282831841290893,1.7291666666666665
B.Purdy,SF,2025,16,25,34,295,5,1,20.529388749523562,0.6038055514565753,0.7352941176470589,8.676470588235293,3.0,0.23651565370742583,0.691977508841733,7.337498618479222,2.625,0.24558212896877235,0.7066658377541999,7.3998190207780725,2.1875
B.Purdy,SF,2025,17,24,33,303,3,1,12.721325602731667,0.38549471523429296,0.7272727272727273,9.181818181818182,2.0,0.30436419965548506,0.69310873056119,7.583539342461123,2.375,0.31159519609298547,0.716846833229313,7.753608613538253,2.5
B.Purdy,SF,2025,18,19,27,127,0,1,-13.559072515919308,-0.5021878709599744,0.7037037037037037,4.703703703703703,0.5,0.42549196426817776,0.6952394123793719,8.371181387915668,2.75,0.3706866037752936,0.7335371741384038,8.147429636265526,2.5625
B.Mayfield,TB,2023,1,21,34,173,2,0,0.9109713025364148,0.0267932736040122,0.6176470588235294,5.088235294117647,3.0,,,,,,,,
B.Mayfield,TB,2023,2,26,34,317,1,0,13.25848529643427,0.3899554498951256,0.7647058823529411,9.323529411764707,2.0,,,,,,,,
B.Mayfield,TB,2023,3,15,25,146,1,1,1.6140822458160358,0.06456328983264142,0.6,5.84,1.0,0.2083743617495689,0.6911764705882353,7.205882352941177,2.5,0.2083743617495689,0.6911764705882353,7.205882352941177,2.5
B.Mayfield,TB,2023,4,25,32,246,3,1,7.901396501853131,0.24691864068291033,0.78125,7.6875,2.0,0.16043733777725974,0.6607843137254902,6.750588235294117,2.0,0.16043733777725974,0.6607843137254902,6.750588235294117,2.0
B.Mayfield,TB,2023,6,19,37,206,0,1,-8.300111832407799,-0.2243273468218324,0.5135135135135135,5.5675675675675675,0.5,0.1820576635036724,0.6909007352941177,6.984816176470588,2.0,0.1820576635036724,0.6909007352941177,6.984816176470588,2.0
B.Mayfield,TB,2023,7,27,42,275,1,1,0.5751858274117692,0.013694900652661171,0.6428571428571429,6.5476190476190474,1.0,0.11927750839721124,0.6648673489666137,7.104649244833069,1.375,0.10078066143857142,0.6554232909379968,6.7013664546899845,1.7
B.Mayfield,TB,2023,8,25,42,237,2,0,-1.0801537833780106,-0.025717947223285968,0.5952380952380952,5.642857142857143,3.0,0.025212371086595135,0.6344051640926641,6.410671653796654,1.125,0.08626636797425306,0.6533289329245212,6.675741886844828,1.5833333333333333
B.Mayfield,TB,2023,9,21,30,265,2,0,10.579215147870128,0.3526405049290043,0.7,8.833333333333334,3.0,0.0026420618226132868,0.6332146879021878,6.3613859395109404,1.625,0.07026860866031891,0.6450302418264603,6.5281869234180165,1.7857142857142858
B.Mayfield,TB,2023,10,18,29,278,2,1,7.865437767983115,0.27122199199941777,0.6206896551724138,9.586206896551724,1.5,0.02907252788413677,0.6129021879021879,6.6478442728442735,1.875,0.10556509569390457,0.6519014615981528,6.816330224657431,1.9375
B.Mayfield,TB,2023,11,29,45,246,1,1,-9.188732027629158,-0.20419404505842573,0.6444444444444445,5.466666666666667,1.0,0.15295986258944932,0.639696223316913,7.652504105090312,2.125,0.13611868549333028,0.6522817861417632,7.378576674961691,1.75
B.Mayfield,TB,2023,12,20,30,199,2,1,-7.509872112456654,-0.2503290704152218,0.6666666666666666,6.633333333333334,1.5,0.09848762616167758,0.6400930487137384,7.382266009852217,2.125,0.06184999862413636,0.6372491064032012,6.896468831824436,1.625
B.Mayfield,TB,2023,13,14,29,202,1,1,-3.701134300499689,-0.12762532070688581,0.4827586206896552,6.9655172413793105,1.0,0.04233484536369364,0.6579501915708812,7.629885057471265,1.75,0.022488453593153462,0.6455824397365345,6.995635498491103,1.6875
B.Mayfield,TB,2023,14,14,29,144,2,0,2.4492407522937616,0.08445657766530212,0.4827586206896552,4.9655172413793105,3.0,-0.07773161104527888,0.6036398467432951,7.162931034482758,1.25,-0.024329541580571056,0.6082710173227415,6.905387653663516,1.5625
B.Mayfield,TB,2023,15,22,28,381,4,0,23.46660046726831,0.838092873831011,0.7857142857142857,13.607142857142858,5.0,-0.12442296462880781,0.5691570881226053,6.007758620689656,1.625,0.014268448980320758,0.6044266557197592,6.830131362889984,1.875
B.Mayfield,TB,2023,16,26,35,283,2,0,12.943090209003836,0.36980257740010963,0.7428571428571429,8.085714285714285,3.0,0.1361487650935514,0.6044745484400657,8.042877668308703,2.625,0.11731819562761449,0.622283798576902,7.712571839080461,2.375
B.Mayfield,TB,2023,17,22,33,309,2,2,6.032737302695867,0.18281022129381413,0.6666666666666666,9.363636363636363,1.0,0.29118167704738424,0.6235221674876847,8.405972906403942,3.0,0.16675826120553894,0.640736179529283,8.017928981937603,2.375
B.Mayfield,TB,2023,18,20,32,137,0,0,-7.991260263885486,-0.24972688324642145,0.625,4.28125,1.0,0.36879056254755926,0.6694991789819376,9.005502686968205,3.0,0.14552947575114017,0.6365695128626163,8.084216860725482,2.125
B.Mayfield,TB,2024,1,24,30,289,4,0,20.59176505084287,0.686392168361429,0.8,9.633333333333333,5.0,0.2852446973196283,0.7050595238095239,8.834435876623377,2.5,0.08041086634541027,0.6371083059660646,7.421097248656515,2.0625
B.Mayfield,TB,2024,2,12,19,185,1,1,-3.4361799402679942,-0.18085157580357863,0.631578947368421,9.736842105263158,1.0,0.24731952095223284,0.7086309523809524,7.840983495670995,2.5,0.1917341430228921,0.656552750410509,7.941930581989849,2.5625
B.Mayfield,TB,2024,3,25,33,163,1,1,-18.282071196561446,-0.554002157471559,0.7575757575757576,4.9393939393939394,1.0,0.10965598265131078,0.680811403508772,8.253765450558213,2.0,0.20041882984934753,0.6521667854982284,8.329869178481077,2.5
B.Mayfield,TB,2024,4,30,47,347,2,0,9.353125648884182,0.19900267338051453,0.6382978723404256,7.382978723404255,3.0,-0.07454711204003252,0.7035386762360446,7.147704844497607,2.0,0.14712172525376338,0.6865189276089911,8.076603765732905,2.5
B.Mayfield,TB,2024,5,19,24,180,3,0,9.387637990161814,0.3911515829234089,0.7916666666666666,7.5,4.0,0.03763527711670148,0.706863144321151,7.923137025348671,2.5,0.16143998721816494,0.7059613340653375,8.378786450986023,2.5
B.Mayfield,TB,2024,6,24,36,325,4,3,3.2092848289166076,0.0891468008032391,0.6666666666666666,9.027777777777779,1.25,-0.03617486924280355,0.7047798109878177,7.389803692015338,2.25,0.10557232585471465,0.7067053816843851,7.615393593843166,2.375
B.Mayfield,TB,2024,7,31,45,370,3,2,12.246047927204897,0.27213439838233106,0.6888888888888889,8.222222222222221,1.3333333333333333,0.03132472490890088,0.7135517408123792,7.212537610143993,2.3125,0.07049035378010583,0.6971815721605755,7.733151530351103,2.15625
B.Mayfield,TB,2024,8,37,50,330,3,2,8.490934669140152,0.16981869338280306,0.74,6.6,1.3333333333333333,0.23785886387237337,0.6963800236406619,8.033244680851064,2.3958333333333335,0.08165587591617045,0.6999593499383533,7.5904747626743365,2.1979166666666665
B.Mayfield,TB,2024,9,23,31,200,2,0,7.638863838075984,0.24641496251858014,0.7419354838709677,6.451612903225806,3.0,0.2305628688729455,0.7218055555555556,7.8375,1.9791666666666665,0.13409907299482351,0.7143343499383533,7.880318512674336,2.2395833333333335
B.Mayfield,TB,2024,10,18,29,116,1,0,-1.5207339657417909,-0.052439102266958304,0.6206896551724138,4.0,2.0,0.19437871377173835,0.7093727598566308,7.575403225806451,1.7291666666666665,0.0791019222644674,0.7070762854222243,7.482603458910894,1.9895833333333333
B.Mayfield,TB,2024,12,24,30,294,0,0,16.715856334514683,0.5571952111504894,0.8,9.8,1.0,0.15898223800418898,0.6978785069830676,6.318458781362007,1.9166666666666665,0.09515348145654494,0.7057151238977234,6.7654981957530005,2.1145833333333335
B.Mayfield,TB,2024,13,21,33,235,1,2,-8.418919523209684,-0.25511877343059647,0.6363636363636364,7.121212121212121,0.6666666666666666,0.23024744119622856,0.7256562847608454,6.712903225806452,1.8333333333333335,0.234053152534301,0.7110181542007536,7.373073953328758,2.1145833333333335
B.Mayfield,TB,2024,14,18,29,295,3,2,4.732747731613927,0.16319819764185953,0.6206896551724138,10.172413793103448,1.3333333333333333,0.12401307449287867,0.6997471938517545,6.8432062561094815,1.6666666666666665,0.17728797168291213,0.7107763747036551,7.340353128054741,1.8229166666666667
B.Mayfield,TB,2024,15,22,27,288,4,1,17.861936522152714,0.6615532045241745,0.8148148148148148,10.666666666666666,2.5,0.10320888327369852,0.669435736677116,7.7734064785788926,1.25,0.14879379852271846,0.6894042482668734,7.674404852192671,1.4895833333333333
B.Mayfield,TB,2024,16,31,43,303,2,1,2.2010984395084345,0.05118833580252173,0.7209302325581395,7.046511627906977,1.5,0.28170695997148176,0.7179670265877163,9.44007314524556,1.375,0.22034459898783537,0.707922766785392,7.879265963303784,1.6458333333333333
B.Mayfield,TB,2024,17,27,32,359,5,0,25.205253371282296,0.7876641678525718,0.84375,11.21875,6.0,0.1552052411344898,0.6981995847272511,8.751701052222304,1.5,0.19272634116535922,0.7119279347440483,7.732302139014377,1.6666666666666665
B.Mayfield,TB,2024,18,21,32,221,2,1,9.411980555664716,0.29412439236452237,0.65625,6.90625,1.5,0.41590097645528185,0.7500461756363419,9.776085521919272,2.833333333333333,0.2699570254740803,0.7248966847440482,8.309645889014378,2.25
B.Mayfield,TB,2025,1,17,32,167,3,0,5.766234403595268,0.18019482511235213,0.53125,5.21875,4.0,0.44863252513594754,0.7589362618432385,8.959544573643411,2.875,0.27592070420482306,0.7141859992601773,8.366475526111152,2.0625
B.Mayfield,TB,2025,2,25,38,215,2,0,-0.643385174034916,-0.016931188790392526,0.6578947368421053,5.657894736842105,3.0,0.32829293028299195,0.6880450581395348,7.597565406976745,3.25,0.3049999451272369,0.7030060423636255,8.518819276111152,2.3125
B.Mayfield,TB,2025,3,19,29,233,1,0,8.269022356935064,0.28513870196327806,0.6551724137931034,8.03448275862069,2.0,0.3112630491347634,0.6722861842105263,7.250411184210526,3.625,0.23323414513462662,0.6852428844688887,8.001056118216415,2.5625
B.Mayfield,TB,2025,4,22,40,289,2,1,-5.439326392272233,-0.1359831598068058,0.55,7.225,1.5,0.18563168266243998,0.6251417876588021,6.454344373865698,2.625,0.30076632955886096,0.687593981647572,8.115214947892486,2.7291666666666665
B.Mayfield,TB,2025,5,29,33,379,2,0,25.9806902520554,0.7872936440016788,0.8787878787878788,11.484848484848484,3.0,0.07810479461960794,0.5985792876588022,6.534031873865699,2.625,0.2633686598777778,0.6787577747510203,7.746788223754555,2.75
B.Mayfield,TB,2025,6,17,23,256,2,0,12.067489617715157,0.5246734616397895,0.7391304347826086,11.130434782608695,3.0,0.2298794993419396,0.6854637573557719,8.10055649507782,2.375,0.2790862148124658,0.6867544077476533,7.8490609510272815,2.8125
B.Mayfield,TB,2025,7,28,50,228,1,1,-25.048290733687832,-0.5009658146737567,0.56,4.56,1.0,0.3652806619494851,0.7057726818408977,9.468691506519468,2.375,0.3382718555421243,0.6890294330257121,8.359551345364997,3.0
B.Mayfield,TB,2025,8,15,24,152,0,0,-1.7703624639505273,-0.0737651026646053,0.625,6.333333333333333,1.0,0.16875453279022642,0.6819795783926218,8.600070816864294,2.125,0.17719310772633323,0.653560683025712,7.527207595364997,2.375
B.Mayfield,TB,2025,10,28,43,273,3,0,0.9682208392788594,0.02251676370415952,0.6511627906976745,6.348837209302325,4.0,0.18430904707577653,0.7007295783926218,8.377154150197628,2.0,0.13120692084769228,0.649654433025712,7.455593012031663,2.3125
B.Mayfield,TB,2025,11,16,28,173,1,1,-8.958836055104404,-0.319958430539443,0.5714285714285714,6.178571428571429,1.0,-0.0068851729986032775,0.6438233063700708,7.093151331311088,2.25,0.11149716317166819,0.6646435318629214,7.596853913194455,2.3125
B.Mayfield,TB,2025,12,9,19,41,1,2,-18.236453417455778,-0.9598133377608304,0.47368421052631576,2.1578947368421053,0.6666666666666666,-0.2180431460434114,0.6018978405315615,5.8551854928017715,1.75,0.07361875795303688,0.6538352611862296,7.661938499660619,2.0625
B.Mayfield,TB,2025,13,18,28,194,1,0,1.7500612158833175,0.06250218628154705,0.6428571428571429,6.928571428571429,2.0,-0.3327550268151799,0.5803188931631404,5.254659177012298,1.6666666666666667,-0.08200024701247668,0.6311492357778812,6.927364996938296,1.8958333333333333
B.Mayfield,TB,2025,14,14,30,122,1,1,-9.81600643074352,-0.32720021435811736,0.4666666666666667,4.066666666666666,1.0,-0.29868820457864176,0.5847831788774261,5.403468700821822,1.9166666666666665,-0.05718957875143259,0.6427563786350239,6.890311425509726,1.9583333333333333
B.Mayfield,TB,2025,15,19,34,277,2,1,4.416929572669964,0.1299096933138225,0.5588235294117647,8.147058823529411,1.5,-0.386117449094211,0.5386591478696742,4.832926065162908,1.1666666666666665,-0.1965013110464071,0.5912412271198725,5.963038698236998,1.7083333333333333
B.Mayfield,TB,2025,16,18,26,145,1,1,2.8406915773513415,0.10925736835966698,0.6923076923076923,5.576923076923077,1.0,-0.2736504181308946,0.5355078873654725,5.325047913902402,1.2916666666666665,-0.24584678208715297,0.568702863948517,5.590116703352088,1.5208333333333333
B.Mayfield,TB,2025,17,33,44,346,2,2,1.7452288423128512,0.03966429187074662,0.75,7.863636363636363,1.0,-0.0063827416007702295,0.5901637578108166,6.179804998922647,1.375,-0.169568884207975,0.5852413254869785,5.717232087967472,1.5208333333333333
B.Mayfield,TB,2025,18,16,22,203,1,1,6.785642816727309,0.3084383098512413,0.7272727272727273,9.227272727272727,1.0,-0.012092215203470338,0.616949472096531,6.413571232688879,1.125,-0.155390209891056,0.6008663254869785,5.9085199667553505,1.5208333333333333
R.Tannehill,TEN,2023,1,16,34,198,0,3,-12.0429618927599,-0.3542047615517618,0.47058823529411764,5.823529411764706,0.25,,,,,,,,
R.Tannehill,TEN,2023,2,20,24,246,1,0,1.4567640593870608,0.06069850247446087,0.8333333333333334,10.25,2.0,,,,,,,,
R.Tannehill,TEN,2023,3,13,25,104,0,0,-14.025611756842375,-0.561024470273695,0.52,4.16,1.0,-0.14675312953865047,0.6519607843137255,8.036764705882353,1.125,-0.14675312953865047,0.6519607843137255,8.036764705882353,1.125
R.Tannehill,TEN,2023,4,18,25,240,1,1,7.165728041705081,0.28662912166820326,0.72,9.6,1.0,-0.2848435764503319,0.6079738562091503,6.744509803921569,1.0833333333333333,-0.2848435764503319,0.6079738562091503,6.744509803921569,1.0833333333333333
R.Tannehill,TEN,2023,5,23,34,264,0,1,9.329527414469329,0.27439786513145087,0.6764705882352942,7.764705882352941,0.5,-0.14197540192069819,0.6359803921568628,7.458382352941177,1.0625,-0.14197540192069819,0.6359803921568628,7.458382352941177,1.0625
R.Tannehill,TEN,2023,6,8,16,76,0,1,-10.508053488856875,-0.6567533430535547,0.5,4.75,0.5,0.015175254750104991,0.6874509803921569,7.943676470588235,1.125,-0.058700748510268366,0.644078431372549,7.51964705882353,0.95
W.Levis,TEN,2023,8,19,29,238,4,0,5.93669582210714,0.20471364903817724,0.6551724137931034,8.206896551724139,5.0,-0.1641877066318989,0.6041176470588235,6.568676470588235,0.75,-0.15837618093414943,0.6200653594771243,7.058039215686275,0.875
W.Levis,TEN,2023,9,22,39,262,0,1,-3.652388919979264,-0.09365099794818625,0.5641025641025641,6.717948717948718,0.5,0.027246823196069136,0.6379107505070993,7.58040060851927,1.75,-0.10650620522381704,0.6250806529508355,7.222161692263112,1.4642857142857142
W.Levis,TEN,2023,10,19,39,199,0,1,-11.563321911684694,-0.2964954336329409,0.48717948717948717,5.102564102564102,0.5,-0.06782320670802824,0.5989363915327404,6.859887788006449,1.625,-0.10489930431436319,0.6174583918448016,7.159135070473813,1.34375
W.Levis,TEN,2023,11,13,17,158,2,0,2.9629585499642417,0.17429167940966128,0.7647058823529411,9.294117647058824,3.0,-0.21054653139912616,0.5516136162687887,6.19435234305924,1.625,-0.09768563832451058,0.6195322983304727,7.0690144068237375,1.375
W.Levis,TEN,2023,12,18,28,185,0,0,-0.050409470843737925,-0.0018003382444192115,0.6428571428571429,6.607142857142857,1.0,-0.0027852757833222025,0.617790086857024,7.330381754823946,2.25,-0.08348649120761054,0.6109538669579238,6.94952911270609,1.5
W.Levis,TEN,2023,13,16,33,224,1,0,0.1449495846555211,0.004392411656227912,0.48484848484848486,6.787878787878788,2.0,-0.05441377260397132,0.6147112691230339,6.930443331178625,1.25,-0.01358347470395106,0.6263110098150666,7.255421969848947,1.5
W.Levis,TEN,2023,14,23,38,327,1,1,8.76507234698824,0.2306597986049537,0.6052631578947368,8.605263157894736,1.0,-0.029902920202867774,0.594897749309514,6.947925848661143,1.625,-0.04886306345544798,0.5969170704211272,6.9039068183337955,1.625
W.Levis,TEN,2023,15,17,26,199,0,1,-5.730502565711504,-0.22040394483505785,0.6538461538461539,7.653846153846154,0.5,0.10188588785660588,0.6244186669883265,7.8236006124938005,1.75,-0.05433032177126012,0.5880161416285575,7.00897647777652,1.6875
R.Tannehill,TEN,2023,16,18,26,152,0,0,-2.6874157276470214,-0.10336214337103929,0.6923076923076923,5.846153846153846,1.0,0.0032119817954260887,0.5967037348616296,7.413532739190634,1.125,0.00021335300605197435,0.6072469108593268,7.371957247007289,1.6875
R.Tannehill,TEN,2023,17,16,20,168,0,0,-2.4355689408452954,-0.12177844704226477,0.8,8.4,1.0,-0.02217846948622893,0.609066372224267,7.22328548644338,1.125,-0.03829612104510009,0.6118888206736504,7.076864408811003,1.1875
R.Tannehill,TEN,2023,18,17,26,168,2,1,0.881224628596101,0.033893254946003884,0.6538461538461539,6.461538461538462,1.5,-0.0537211841608521,0.6878542510121458,7.626315789473684,0.875,-0.041812052181859904,0.64137600016083,7.287120819067414,1.25
W.Levis,TEN,2024,1,19,32,127,1,2,-18.171179407976318,-0.5678493564992599,0.59375,3.96875,0.6666666666666666,-0.10291282007558956,0.7000000000000001,7.090384615384615,1.0,-0.0005134661094918069,0.6622093334941632,7.456992613939208,1.375
W.Levis,TEN,2024,2,19,28,192,1,1,-6.44535794708645,-0.23019135525308748,0.6785714285714286,6.857142857142857,1.0,-0.18977417299164007,0.6849759615384615,6.169110576923076,1.0416666666666667,-0.09328109559810696,0.6408398482000456,6.791321658056855,1.0833333333333333
W.Levis,TEN,2024,3,26,34,260,2,2,-16.97985835390864,-0.49940759864437173,0.7647058823529411,7.647058823529412,1.0,-0.22148147596215212,0.6815418956043957,6.421857829670329,1.0416666666666667,-0.1218299727241905,0.6453041339143313,6.822571658056856,1.0833333333333333
M.Rudolph,TEN,2024,4,9,17,85,0,0,-3.867345578742877,-0.22749091639663982,0.5294117647058824,5.0,1.0,-0.31588876386267883,0.6727183661926308,6.233622535552683,1.0416666666666667,-0.18480497401176543,0.6802863086023884,6.929969162513183,0.9583333333333333
W.Levis,TEN,2024,6,16,27,95,1,1,-5.684862375749349,-0.210550458361087,0.5925925925925926,3.5185185185185186,1.0,-0.38123480669833976,0.641609768907563,5.868237920168067,0.9166666666666666,-0.24207381338696463,0.6708048844537815,6.479311267776341,0.9583333333333333
M.Rudolph,TEN,2024,7,25,40,215,1,1,-3.63625608987428,-0.090906402246857,0.625,5.375,1.0,-0.29191008216379655,0.6413204170557112,5.7556800497976965,1.0,-0.24084212757771828,0.6631481892970863,5.962395313360386,1.0208333333333333
M.Rudolph,TEN,2024,8,22,38,266,1,2,-12.475185061775846,-0.32829434373094335,0.5789473684210527,7.0,0.6666666666666666,-0.2570888439122389,0.627927559912854,5.385144335511983,1.0,-0.23928515993719549,0.6547347277586248,5.903501082591156,1.0208333333333333
M.Rudolph,TEN,2024,9,20,33,240,2,1,5.174849518574774,0.15681362177499317,0.6060606060606061,7.2727272727272725,1.5,-0.21431053018388183,0.5814879314298819,5.22337962962963,0.9166666666666666,-0.2650996470232803,0.6271031488112564,5.728501082591157,0.9791666666666666
W.Levis,TEN,2024,10,18,23,175,2,0,1.3635178053062136,0.05928338283940059,0.782608695652174,7.608695652173913,3.0,-0.1182343956409736,0.6006501417685628,5.791561447811448,1.0416666666666665,-0.24973460116965665,0.6211299553380629,5.829899683989757,0.9791666666666666
W.Levis,TEN,2024,11,17,31,295,1,1,1.866540065099651,0.06021096984192423,0.5483870967741935,9.516129032258064,1.0,-0.05077593534085168,0.6481541675334582,6.814105731225297,1.5416666666666665,-0.17134300875232408,0.6447372922945847,6.284892890511497,1.2708333333333333
W.Levis,TEN,2024,12,18,24,278,2,1,-1.974569912935115,-0.08227374637229647,0.75,11.583333333333334,1.5,-0.012996592318656375,0.6290009417270066,7.849387989289813,1.5416666666666665,-0.13504271811544763,0.6284642508199303,6.617266162400897,1.2708333333333333
W.Levis,TEN,2024,13,18,37,212,2,0,1.923217071071249,0.05197883975868241,0.4864864864864865,5.72972972972973,3.0,0.048508557021005344,0.6717640996217434,8.995221322623145,1.75,-0.08290098658143823,0.6266260155258127,7.109300476126388,1.3333333333333333
W.Levis,TEN,2024,14,19,32,168,0,0,-10.757726167576154,-0.3361789427367548,0.59375,5.25,1.0,0.02229986151692765,0.6418705697282135,8.60947193687376,2.125,-0.04796726706202294,0.6212603557483882,7.200516692342603,1.5833333333333333
M.Rudolph,TEN,2024,15,21,26,209,2,1,9.539583557518199,0.36690705990454614,0.8076923076923077,8.038461538461538,1.5,-0.0765657198771112,0.59465589581517,8.019798023830282,1.625,-0.06367082760898142,0.621405031674314,7.41695187752779,1.5833333333333333
M.Rudolph,TEN,2024,16,23,34,252,2,3,3.618777581146891,0.10643463473961445,0.6764705882352942,7.411764705882353,0.75,0.00010830263854429145,0.6594821985446986,7.6503811503811505,1.75,-0.0064441448400560306,0.6442415701358526,7.749884569835482,1.6458333333333333
M.Rudolph,TEN,2024,17,19,31,193,1,1,0.2341703360092966,0.007553881806751503,0.6129032258064516,6.225806451612903,1.0,0.04728539791652202,0.6410998456035221,6.607488993518405,1.5625,0.047896977468763695,0.6564319726126326,7.801355158070776,1.65625
W.Levis,TEN,2024,18,9,17,175,1,0,4.725940895776264,0.2779965232809567,0.5294117647058824,10.294117647058824,2.0,0.03617915842853929,0.6727040304335133,6.731508173989199,1.0625,0.029239509972733488,0.6572873000808634,7.67049005543148,1.59375
C.Ward,TEN,2025,1,12,28,112,0,0,-13.389458418787804,-0.47819494352813585,0.42857142857142855,4.0,1.0,0.18972302493296717,0.656619471609984,7.9925375857539045,1.3125,0.056578652527928,0.625637683712577,8.006167804792094,1.46875
C.Ward,TEN,2025,2,19,33,175,1,0,-6.7339741762074565,-0.2040598235214381,0.5757575757575758,5.303030303030303,2.0,-0.021552475925203332,0.5618392518297641,6.9829222011385195,1.1875,-0.010722086643329506,0.6106607251872314,7.316651675759836,1.46875
C.Ward,TEN,2025,3,23,38,219,1,1,-12.524410886228843,-0.3295897601639169,0.6052631578947368,5.7631578947368425,1.0,-0.09917609049046647,0.5366609987103346,6.455738600425507,1.5,-0.02594534628697221,0.5888804221569284,6.531613796971956,1.53125
C.Ward,TEN,2025,4,10,26,108,0,1,-16.60359526718991,-0.6385998179688427,0.38461538461538464,4.153846153846154,0.5,-0.18346200098313356,0.5347509817324059,6.3400764612064915,1.5,-0.07364142127729711,0.6037275060829597,6.535792317597845,1.28125
C.Ward,TEN,2025,5,21,39,265,0,1,1.597718604147161,0.04096714369608105,0.5384615384615384,6.794871794871795,0.5,-0.4126110862955834,0.49855188670978146,4.805008587903325,1.125,-0.11144403068130812,0.5775856791598828,6.398773086828615,1.21875
C.Ward,TEN,2025,6,26,38,222,1,1,-14.68072225380456,-0.3863347961527516,0.6842105263157895,5.842105263157895,1.0,-0.2828205644895292,0.5260244141823089,5.503726536621274,1.0,-0.15218652020736625,0.5439318330060365,6.243324368879897,1.09375
C.Ward,TEN,2025,7,25,34,255,1,1,-11.742684764254212,-0.3453730813015945,0.7352941176470589,7.5,1.0,-0.3283893076473576,0.5531376518218624,5.638495276653171,0.75,-0.213782699068912,0.5448993252660984,6.0471169385393395,1.125
C.Ward,TEN,2025,8,22,38,259,1,1,-7.903359759788101,-0.20798315157337108,0.5789473684210527,6.815789473684211,1.0,-0.33233513793177694,0.5856453917599429,6.072705802968962,0.75,-0.25789856945745526,0.5601981867461744,6.2063911320877265,1.125
C.Ward,TEN,2025,9,12,21,145,0,0,-1.692690688505536,-0.08060431850026362,0.5714285714285714,6.904761904761905,1.0,-0.22468097133290907,0.6342283877113598,6.738191632928475,0.875,-0.31864602881424625,0.5663901372105706,5.771600110415901,1.0
C.Ward,TEN,2025,11,24,37,194,1,0,-2.71816846039732,-0.07346401244317081,0.6486486486486487,5.243243243243243,2.0,-0.2550738368819952,0.6424701459531181,6.765664160401002,1.0,-0.2689472006857622,0.5842472800677135,6.134695348511138,1.0
C.Ward,TEN,2025,12,28,42,256,1,0,2.1197189295604066,0.050469498322866825,0.6666666666666666,6.095238095238095,2.0,-0.17685614095460003,0.633579676536333,6.61594865542234,1.25,-0.2526227243009788,0.5933586641790977,6.127221966037756,1.0
C.Ward,TEN,2025,13,24,38,141,0,0,-20.3992894543822,-0.5368234066942684,0.631578947368421,3.710526315789474,1.0,-0.0778954960484847,0.6164228137912349,6.264758179231864,1.5,-0.20511531699013083,0.6010341027755889,6.168731991100413,1.125
C.Ward,TEN,2025,14,14,28,117,2,1,-8.783842270087916,-0.3137086525031399,0.5,4.178571428571429,1.5,-0.16010555982870903,0.6295807085280769,5.4884423897581796,1.5,-0.19239326558080905,0.6319045481197183,6.1133170113433275,1.1875
C.Ward,TEN,2025,15,18,29,170,2,0,1.7431885870741957,0.06010995127842054,0.6206896551724138,5.862068965517241,3.0,-0.2183816433294281,0.6117235656709341,4.80689477071056,1.625,-0.23672774010571165,0.627096855812026,5.786279465555782,1.3125
C.Ward,TEN,2025,16,21,28,228,2,0,6.7691199562978,0.24175428415349284,0.75,8.142857142857142,3.0,-0.18498815239903027,0.6047338173018754,4.96160120127906,1.875,-0.18092214667681514,0.6191567469191042,5.7887749283506995,1.5625
C.Ward,TEN,2025,17,21,40,251,2,0,-8.58679033683069,-0.21466975842076724,0.525,6.275,3.0,-0.13716695594137376,0.6255671506352087,5.473505963183822,2.125,-0.10753122599492922,0.6209949822132218,5.869132071207842,1.8125
B.Allen,TEN,2025,18,17,30,72,0,1,-24.02839085522935,-0.8009463618409783,0.5666666666666667,2.4,0.5,-0.05662854387299847,0.5989224137931035,6.114624384236453,2.625,-0.10836705185085374,0.6142515611605902,5.801533386997316,2.0625
S.Howell,WAS,2023,1,19,31,202,1,1,-13.413062730876792,-0.4326794429315094,0.6129032258064516,6.516129032258065,1.0,,,,,,,,
S.Howell,WAS,2023,2,27,39,299,2,0,7.249400672420453,0.18588206852360137,0.6923076923076923,7.666666666666667,3.0,,,,,,,,
S.Howell,WAS,2023,3,19,29,170,0,4,-26.450667170560944,-0.9120919713986533,0.6551724137931034,5.862068965517241,0.2,-0.12339868720395401,0.652605459057072,7.091397849462366,2.0,-0.12339868720395401,0.652605459057072,7.091397849462366,2.0
S.Howell,WAS,2023,4,29,41,290,1,0,7.724412571688452,0.1884003066265476,0.7073170731707317,7.073170731707317,2.0,-0.3862964486021871,0.6534611106357491,6.681621554813991,1.4000000000000001,-0.3862964486021871,0.6534611106357491,6.681621554813991,1.4000000000000001
S.Howell,WAS,2023,5,37,51,388,2,1,2.728322935908062,0.05349652815506004,0.7254901960784313,7.607843137254902,1.5,-0.24262225979500343,0.6669251012694948,6.779508849037322,1.55,-0.24262225979500343,0.6669251012694948,6.779508849037322,1.55
S.Howell,WAS,2023,6,14,23,151,3,0,-0.1997386012117821,-0.008684287009207918,0.6086956521739131,6.565217391304348,4.0,-0.12107826702336107,0.6950718438374897,7.052437375286532,1.675,-0.18339850220499074,0.6786381202312821,6.945175706680838,1.54
S.Howell,WAS,2023,7,22,42,249,0,1,-14.697246201267244,-0.3499344333635058,0.5238095238095238,5.928571428571429,0.5,-0.1697198559065634,0.6741688338040448,6.777075056445952,1.925,-0.15427946633902692,0.6669810422217206,6.881849320784757,1.95
S.Howell,WAS,2023,8,39,52,397,4,1,3.5826236466527916,0.06889660858947676,0.75,7.634615384615385,2.5,-0.029180471397776533,0.64132811130815,6.793700672209498,2.0,-0.18223017591395246,0.6465279681628353,6.745666764754281,1.7428571428571427
S.Howell,WAS,2023,9,29,45,325,1,1,5.039729462119961,0.11199398804711025,0.6444444444444445,7.222222222222222,1.0,-0.05905639590704424,0.6519988430154671,6.934061835436516,2.125,-0.15083932785102383,0.6594619721424809,6.856785342236919,1.8375
S.Howell,WAS,2023,10,29,44,312,3,0,11.658417408175435,0.26496403200398716,0.6590909090909091,7.090909090909091,4.0,-0.0444320309340317,0.6317374051069704,6.837656606678346,2.0,-0.08275514897869637,0.66340462447223,6.945046990982439,1.8375
S.Howell,WAS,2023,11,31,45,256,1,3,-8.88358981184046,-0.197413106929788,0.6888888888888889,5.688888888888889,0.5,0.023980048819267075,0.6443362193362193,6.969079531579531,2.0,-0.07286990354364814,0.6592525265701321,6.873077294012742,1.9625
S.Howell,WAS,2023,12,28,44,300,0,1,-12.348847936825509,-0.28065563492785245,0.6363636363636364,6.818181818181818,0.5,0.06211038042769653,0.6856060606060607,6.909158896658896,2.0,0.016464954514960013,0.6634670859571052,6.851429784434198,2.0
S.Howell,WAS,2023,13,12,23,127,0,1,-13.021273457233676,-0.5661423242275511,0.5217391304347826,5.521739130434782,0.5,-0.025277680451635767,0.6571969696969697,6.705050505050505,1.5,-0.04216703817933999,0.6545979063562184,6.81955617024351,1.8125
S.Howell,WAS,2023,15,11,26,102,1,1,-12.578237459412776,-0.4837783638235683,0.4230769230769231,3.923076923076923,1.0,-0.19481175852030108,0.6265206411945542,6.279929732103645,1.375,-0.11962189472716639,0.6291290231507622,6.558793169390995,1.6875
S.Howell,WAS,2023,16,6,22,56,0,2,-23.490221187123097,-1.0677373266874135,0.2727272727272727,2.5454545454545454,0.3333333333333333,-0.38199735747719,0.5675171446910577,5.487971690145604,0.625,-0.17900865432896143,0.6059266820136385,6.228525610862568,1.3125
S.Howell,WAS,2023,17,17,28,169,1,2,-9.632565840491566,-0.34402020858898447,0.6071428571428571,6.035714285714286,0.6666666666666666,-0.5995784124165964,0.4634767406506537,4.702113104287017,0.5833333333333334,-0.2687340159944499,0.5745414006283571,5.8056360004729575,1.2916666666666667
S.Howell,WAS,2023,18,19,27,153,1,2,-6.822633927639816,-0.25269014546814134,0.7037037037037037,5.666666666666667,0.6666666666666666,-0.6154195558318794,0.4561715458454589,4.506496221170134,0.625,-0.3203486181417575,0.5566842577712143,5.60577336311032,1.0625
J.Daniels,WAS,2024,1,17,24,184,0,0,-1.7388794818162725,-0.07245331174234469,0.7083333333333334,7.666666666666667,1.0,-0.5370565111420269,0.5016626891626892,4.542728105228106,0.6666666666666666,-0.365934134831164,0.5640916651786216,5.411328918665875,1.0208333333333333
J.Daniels,WAS,2024,2,23,29,226,0,0,4.707815975978937,0.16233848193030817,0.7931034482758621,7.793103448275862,1.0,-0.43422524812172103,0.5729767917267917,5.478625541125541,0.6666666666666666,-0.40811130279945546,0.5702469682089247,5.483298615635572,0.6458333333333333
J.Daniels,WAS,2024,3,21,23,254,2,0,21.611945293380504,0.9396497953643698,0.9130434782608695,11.043478260869565,3.0,-0.12670629596729058,0.703070835613939,6.790537766830871,0.8333333333333333,-0.36314235419194346,0.5832737881322964,5.746325435558943,0.7083333333333333
J.Daniels,WAS,2024,4,26,30,233,1,1,14.161258280229596,0.47204194267431987,0.8666666666666667,7.766666666666667,1.0,0.194211205021048,0.7795459908934422,8.04247876061969,1.4166666666666665,-0.2106041754054157,0.6178587683694505,6.274487490894913,1.0208333333333333
J.Daniels,WAS,2024,5,14,25,238,1,1,2.378711559729515,0.09514846238918061,0.56,9.52,1.0,0.37539422705666325,0.820286731634183,8.567478760619691,1.5,-0.08083114204268183,0.660974710398436,6.555103432923898,1.0833333333333333
J.Daniels,WAS,2024,6,24,35,269,2,0,9.49313516664466,0.2712324333327046,0.6857142857142857,7.685714285714286,3.0,0.4172946705895446,0.7832033983008496,9.030812093953024,1.5,-0.008465288766088196,0.6780900950138207,7.254718817539282,1.0833333333333333
M.Mariota,WAS,2024,7,18,23,205,2,0,11.832089762105014,0.5144386853089137,0.782608695652174,8.91304347826087,3.0,0.4445181584401437,0.7563561076604555,9.003964803312629,2.0,0.15890593123642655,0.7297134716371974,7.897251285071749,1.4166666666666665
J.Daniels,WAS,2024,8,21,38,326,1,0,6.4380867029093345,0.16942333428708775,0.5526315789473685,8.578947368421053,2.0,0.3382153809262797,0.7237474120082816,8.471356107660455,2.0,0.2662132929736638,0.7516467014508619,8.256917434140073,1.7083333333333333
J.Daniels,WAS,2024,9,15,22,209,2,0,9.809720332377156,0.4458963787444162,0.6818181818181818,9.5,3.0,0.2625607288294716,0.6452386400784571,8.674426283099052,2.25,0.31897747794306747,0.73276268585632,8.62095252185937,1.875
J.Daniels,WAS,2024,10,17,34,202,0,0,-9.261980554713908,-0.2724111927857032,0.5,5.9411764705882355,1.0,0.3502477079182805,0.6756931855330025,8.669426283099051,2.75,0.38377118925391257,0.7294482919169261,8.850119188526037,2.125
J.Daniels,WAS,2024,11,22,32,191,1,1,1.396345592264086,0.043635799758252686,0.6875,5.96875,1.0,0.2143368013886786,0.6292646141044311,8.233291829317539,2.25,0.3294274799144112,0.6928103608824433,8.618628316315084,2.125
J.Daniels,WAS,2024,12,25,38,275,2,2,-6.082592668427501,-0.1600682281165132,0.6578947368421053,7.2368421052631575,1.0,0.09663608000101331,0.6054874401913876,7.497218459752322,1.75,0.21742573046364652,0.6646174260998345,7.984287283706389,1.875
J.Daniels,WAS,2024,13,25,30,206,3,1,10.12790515654569,0.337596838551523,0.8333333333333334,6.866666666666666,2.0,0.014263189400113084,0.6318032296650717,7.161692143962847,1.5,0.13841195911479237,0.6385209348717644,7.91805921353095,1.875
J.Daniels,WAS,2024,15,25,31,226,2,0,1.1065485933335655,0.035695115913985984,0.8064516129032258,7.290322580645161,3.0,-0.012811695648110216,0.6696820175438597,6.503358810629514,1.25,0.1687180061350852,0.6726876015384311,7.586392546864284,2.0
J.Daniels,WAS,2024,16,24,39,258,5,2,4.3885254591587,0.11252629382458205,0.6153846153846154,6.615384615384615,2.0,0.0642148815268121,0.7462949207696661,6.840645338143746,1.75,0.13927584145774535,0.6877797674370486,7.536968583730643,2.0
J.Daniels,WAS,2024,17,24,36,227,3,1,4.971853517922844,0.13810704216452344,0.6666666666666666,6.305555555555555,2.0,0.08143750504339443,0.72826607461582,7.0023039919899,2.0,0.08903679252220391,0.6668767574036037,7.2497612258711115,1.875
M.Mariota,WAS,2024,18,15,18,161,2,0,10.33535594672151,0.5741864414845284,0.8333333333333334,8.944444444444445,3.0,0.15598132261365358,0.7304590570719603,6.769482354562999,2.25,0.08512225600688336,0.681131143368516,6.965587249262924,1.875
J.Daniels,WAS,2025,1,19,30,233,1,0,1.364757596165873,0.04549191987219577,0.6333333333333333,7.766666666666667,2.0,0.21512872334690492,0.7304590570719602,7.288926799007444,2.5,0.10115851384939739,0.70007053730791,6.89614280481848,1.875
J.Daniels,WAS,2025,2,24,42,200,2,0,-8.1056301915201,-0.1929911950361929,0.5714285714285714,4.761904761904762,3.0,0.21757792433645737,0.6871794871794872,7.40801282051282,2.25,0.14089640293163475,0.7167372039745766,7.124329079328283,2.0
M.Mariota,WAS,2025,3,15,21,207,1,0,10.782450092576104,0.513450004408386,0.7142857142857143,9.857142857142858,2.0,0.14119855212126364,0.6761904761904762,6.944642857142857,2.5,0.11131802858232907,0.7022282754031481,6.973473424566379,2.25
M.Mariota,WAS,2025,4,16,27,156,2,1,-0.046404255224956836,-0.0017186761194428457,0.5925925925925926,5.777777777777778,1.5,0.23503429268222925,0.6880952380952381,7.832539682539683,2.5,0.19550780764794146,0.7092771475835992,7.301011018551341,2.375
J.Daniels,WAS,2025,5,15,26,231,1,0,14.006386082944797,0.5387071570363383,0.5769230769230769,8.884615384615385,2.0,0.09105801328123649,0.6279100529100529,7.040873015873016,2.125,0.15309336831407072,0.6791845549910066,7.16489990744023,2.3125
J.Daniels,WAS,2025,6,19,26,211,3,1,6.435357536926994,0.24751375142026902,0.7307692307692307,8.115384615384615,2.0,0.21436182257227213,0.6138074888074888,7.3203601953601956,2.125,0.21596987345436475,0.650493487993488,7.364186507936507,2.1875
J.Daniels,WAS,2025,7,12,22,156,1,0,-5.883244332449976,-0.2674201969295444,0.5454545454545454,7.090909090909091,2.0,0.32448805918638757,0.6536426536426536,8.158730158730158,1.875,0.23284330565382566,0.6649165649165649,7.551686507936508,2.1875
M.Mariota,WAS,2025,8,21,30,213,1,2,-7.404169346555136,-0.2468056448851712,0.7,7.1,0.6666666666666666,0.12927050885190502,0.6114348614348614,7.467171717171717,1.875,0.18215240076706715,0.6497650497650498,7.649855699855699,2.1875
J.Daniels,WAS,2025,9,16,22,153,0,1,-1.3299716647306923,-0.06045325748775874,0.7272727272727273,6.954545454545454,0.5,0.06799876666047294,0.6382867132867132,7.797727272727272,1.6666666666666667,0.07952838997085472,0.6330983830983831,7.419300144300144,1.8958333333333335
M.Mariota,WAS,2025,10,16,22,213,2,0,10.923732237273441,0.49653328351242915,0.7272727272727273,9.681818181818182,3.0,-0.08179133697055133,0.6758741258741259,7.31520979020979,1.2916666666666667,0.0662852428008604,0.6448408073408074,7.3177849927849925,1.7083333333333335
M.Mariota,WAS,2025,11,20,30,213,1,1,4.053688162648051,0.13512293875493503,0.6666666666666666,7.1,1.0,-0.019536453947511287,0.675,7.706818181818182,1.5416666666666665,0.15247580261943816,0.6643213268213268,7.93277417027417,1.7083333333333335
M.Mariota,WAS,2025,13,28,50,294,2,1,-0.3392852788820585,-0.0067857055776411705,0.56,5.88,1.5,0.08109932997360855,0.7053030303030303,7.709090909090909,1.2916666666666665,0.10518491941275679,0.6583689458689459,7.588131313131313,1.5833333333333335
J.Daniels,WAS,2025,14,9,20,78,0,1,-11.26465104916133,-0.5632325524580665,0.45,3.9,0.5,0.14110431480049107,0.6703030303030303,7.404090909090909,1.5,0.104551540730482,0.6542948717948718,7.600909090909091,1.5833333333333335
M.Mariota,WAS,2025,15,10,19,211,1,0,1.5052960998015448,0.07922611051587078,0.5263157894736842,11.105263157894736,2.0,0.015409491057914143,0.6009848484848485,6.640454545454546,1.5,-0.03319092295631859,0.6384294871794871,6.977832167832168,1.3958333333333335
M.Mariota,WAS,2025,16,7,14,95,0,0,-3.442249201577047,-0.24587494296978907,0.5,6.785714285714286,1.0,-0.08891730219122546,0.5507456140350877,6.996315789473684,1.25,-0.054226878069368364,0.6128728070175439,7.351566985645933,1.3958333333333335
J.Johnson,WAS,2025,17,15,23,198,0,0,3.8668416299230666,0.16812354912708985,0.6521739130434783,8.608695652173912,1.0,-0.18416677262240647,0.5090789473684211,6.917744360902255,1.25,-0.05153372132439896,0.6071909888357256,7.313417634996583,1.2708333333333335
J.Johnson,WAS,2025,18,14,22,131,1,1,4.4713646327930885,0.2032438469451404,0.6363636363636364,5.954545454545454,1.0,-0.14043945894622373,0.5321224256292907,7.599918273945733,1.125,0.00033242792713367164,0.6012127279661604,7.502004591518322,1.3125
