season,week,team,off_epa_per_play,off_pass_epa_per_play,off_rush_epa_per_play,def_epa_per_play,off_epa_per_play_4w,def_epa_per_play_4w,off_pass_epa_per_play_4w,off_rush_epa_per_play_4w,off_epa_per_play_8w,def_epa_per_play_8w,off_pass_epa_per_play_8w,off_rush_epa_per_play_8w
2023,1,ARI,-0.34826744,-0.2814401,-0.44717187,-0.22242066,,,,,,,,
2023,2,ARI,0.19183429,0.32016897,0.03694758,0.20046811,,,,,,,,
2023,3,ARI,0.21959724,0.16602229,0.2750196,0.05591427,-0.07821657508611679,-0.01097627729177475,0.019364431500434875,-0.20511214435100555,-0.07821657508611679,-0.01097627729177475,0.019364431500434875,-0.20511214435100555
2023,4,ARI,0.14176394,0.18319377,0.053500377,0.52044,0.021054695049921673,0.011320572346448898,0.06825038293997447,-0.04506823420524597,0.021054695049921673,0.011320572346448898,0.06825038293997447,-0.04506823420524597
2023,5,ARI,-0.2948153,-0.44718665,-0.05240631,-0.0053590345,0.05123200640082359,0.13860042486339808,0.09698623046278954,-0.020426081493496895,0.05123200640082359,0.13860042486339808,0.09698623046278954,-0.020426081493496895
2023,6,ARI,-0.2704334,-0.25818846,-0.2922022,0.10772641,0.0645950399339199,0.19286583189386874,0.05554959550499916,0.07826530747115612,-0.017977455258369447,0.10980853298678994,-0.011848345398902893,-0.026822127401828766
2023,7,ARI,-0.21915579,-0.33849636,-0.005337288,0.006653245,-0.05097188055515289,0.16968040738720447,-0.08903976157307625,-0.0040221381932497025,-0.060053445398807526,0.10946151249421139,-0.05290503054857254,-0.07105214024583499
2023,8,ARI,-0.13444419,-0.11621358,-0.16031992,0.094863705,-0.16066013649106026,0.15736515074968338,-0.21516942232847214,-0.07411135674919933,-0.08278235154492515,0.09477461714829717,-0.09370379149913788,-0.06166430423036218
2023,9,ARI,-0.7667745,-1.0087581,-0.28280732,-0.07469072,-0.22971216961741447,0.05097108148038387,-0.2900212612003088,-0.12756643199827522,-0.08924008160829544,0.09478575317189097,-0.09651751536875963,-0.07399625674588606
2023,10,ARI,-0.02299415,-0.1341217,0.16221844,0.022794222,-0.3477019630372524,0.03363815962802619,-0.43041411601006985,-0.1851666843285784,-0.14155346155166626,0.11325199576094747,-0.18743226025253534,-0.053450688428711146
2023,11,ARI,-0.07059194,-0.10174333,-0.0153690195,-0.05287955,-0.2858421513810754,0.012405112734995782,-0.3993974272161722,-0.07156152406241745,-0.16840701596811414,0.09104276006110013,-0.24421859439462423,-0.037791831127833575
2023,12,ARI,-0.105728745,-0.19265832,0.15506,0.3103447,-0.24870118964463472,-0.0024780859239399433,-0.3402091711759567,-0.07406945689581335,-0.2046806630678475,0.07744353241287172,-0.27768929675221443,-0.07409040682250634
2023,13,ARI,0.07582144,0.249724,-0.07762203,-0.08734067,-0.2415223279967904,0.05139216175302863,-0.359320355579257,0.004775522509589791,-0.23561724880710244,0.05118162161670625,-0.3246708083897829,-0.061395454744342715
2023,15,ARI,0.01217334,-0.113585226,0.23108637,0.43429983,-0.030873349867761135,0.0482296752743423,-0.044699838384985924,0.05607184418477118,-0.18928765645250678,0.04093391745118424,-0.23755697719752789,-0.06454742007190362
2023,16,ARI,-0.11311582,-0.11641866,-0.105225705,0.1171819,-0.02208147756755352,0.15110607631504536,-0.03956571966409683,0.07328882836736739,-0.15396181447431445,0.08175559452502057,-0.21948157344013453,0.0008636521524749696
2023,17,ARI,0.2823392,0.3667144,0.20229091,0.23130909,-0.03271244652569294,0.1936214379966259,-0.04323455132544041,0.05082465708255768,-0.14070681808516383,0.09557167603634298,-0.19172186125069857,-0.011622399906627834
2023,18,ARI,0.2139316,0.52767193,-0.050270803,0.11981156,0.0643045362085104,0.1738625355064869,0.09660862572491169,0.06263238564133644,-0.08860889589414,0.11262734862975776,-0.13135586492717266,0.033703954075463116
2024,1,ARI,0.063334994,0.15898131,-0.10187228,0.21148859,0.09883207827806473,0.22565059177577496,0.16609560884535313,0.06947019323706627,0.033979364205151796,0.13694013352505863,0.0606978852301836,0.06277101871091872
2024,2,ARI,0.32803273,0.8420861,-0.027850347,-0.2630421,0.11162249185144901,0.16994778253138065,0.23423724249005318,-0.013769470155239105,0.044770507141947746,0.160526929423213,0.09733576141297817,0.02975967910606414
2024,3,ARI,-0.16681069,-0.0030766646,-0.5713301,0.04477957,0.2219096291810274,0.07489178515970707,0.4738634265959263,0.005574369337409735,0.09459859132766724,0.13425661157816648,0.21531443763524294,0.028199513209983706
2024,4,ARI,-0.10272615,-0.26243564,0.041527595,0.4178601,0.1096221599727869,0.028259405866265297,0.3814156634034589,-0.18783087516203523,0.08696334809064865,0.1010609706863761,0.2390121445641853,-0.06259924476034939
2024,5,ARI,0.123573415,-0.005806988,0.3092062,-0.07083729,0.030457722023129463,0.10277153924107552,0.18388876889366657,-0.1648812755011022,0.0646449001505971,0.16421106550842524,0.17499218886950985,-0.04770554113201797
2024,6,ARI,-0.13684732,-0.06062826,-0.29329696,0.2684133,0.0455173272639513,0.03219006955623627,0.14269169478211552,-0.0621116585098207,0.07856990955770016,0.10106892604380846,0.18846446863608435,-0.0379405643325299
2024,7,ARI,0.10232162,0.26426193,-0.10685126,0.046671808,-0.07070268504321575,0.16505391895771027,-0.08298688975628465,-0.12847331259399652,0.07560347206890583,0.11997285205870867,0.19543826841982082,-0.061449471628293395
2024,8,ARI,0.23895729,0.44007072,-0.06271288,0.1759174,-0.0034196078777313232,0.16552697867155075,-0.016152240801602602,-0.012353609316051006,0.05310127604752779,0.09689319226890802,0.18263171130092815,-0.10009224223904312
2024,9,ARI,-0.08666875,-0.31741786,0.064966366,-0.24301352,0.08200125023722649,0.10504130646586418,0.15947435004636645,-0.03841372765600681,0.056229486130177975,0.10390642285346985,0.1716815594700165,-0.10164750157855451
2024,10,ARI,0.39284867,0.732013,0.09744755,-0.105836555,0.029440708458423615,0.061997249722480774,0.08157163206487894,-0.09947368316352367,0.03747901786118746,0.04709365963935852,0.11213166342349723,-0.08079267083667219
2024,12,ARI,-0.22136506,-0.16191179,-0.40821815,-0.066853896,0.16186470538377762,-0.031565215438604355,0.27973194420337677,-0.0017875544726848602,0.04558101017028093,0.06674435175955296,0.09837252722354606,-0.06513043353334069
2024,13,ARI,0.083313644,0.14712436,-0.04430785,-0.02375706,0.08094303496181965,-0.05994664132595062,0.17318851500749588,-0.07712927646934986,0.03876171354204416,0.052790168672800064,0.07851813710294664,-0.044741442892700434
2024,14,ARI,-0.10125965,-0.12882537,-0.044929694,0.1254799,0.04203212447464466,-0.10986525658518076,0.09995192661881447,-0.07252801954746246,0.062016687355935574,-0.002411975059658289,0.12971313833259046,-0.05547087360173464
2024,15,ARI,0.18832515,0.2555393,0.089904405,0.02341519,0.03838440030813217,-0.017741900868713856,0.1471000500023365,-0.1000020345672965,0.03391255438327789,0.02212767442688346,0.11433584103360772,-0.09973785886541009
2024,16,ARI,0.15068336,0.13703525,0.17524996,0.26164803,-0.012746479362249374,0.014571035280823708,0.027981627732515335,-0.10188782121986151,0.07455911301076412,-0.008497090078890324,0.15385678596794605,-0.051837687846273184
2024,17,ARI,-0.035100263,0.037256084,-0.23494162,-0.067542784,0.08026562631130219,0.0966965164989233,0.10271838679909706,0.04397920612245798,0.08060433063656092,0.01837493758648634,0.13795345090329647,-0.01657503517344594
2024,18,ARI,0.28439182,0.31148496,0.24525724,-0.0005126225,0.05066214967519045,0.08575008530169725,0.07525131665170193,-0.003679235465824604,0.046347137074917555,-0.012057585641741753,0.0876016216352582,-0.038103627506643534
2025,1,ARI,0.061772753,0.13153034,-0.05262968,-0.05713973,0.1470750169828534,0.05425195298448671,0.18532889895141125,0.06886749900877476,0.09272970864549279,0.018255026057886425,0.16621447447687387,-0.015567267779260874
2025,2,ARI,0.0859358,0.25188425,-0.19617656,0.036810167,0.11543691717088223,0.03411322362080682,0.15432666055858135,0.03323397785425186,0.051345218904316425,0.024342129450815264,0.09115414414554834,-0.03432692168280482
2025,3,ARI,0.045186106,0.14542,-0.119197465,-0.09109733,0.09925002790987492,-0.022096241867984645,0.18303891085088253,-0.05962265282869339,0.08975782711058855,0.03730013731546933,0.1428786488249898,-0.007821723353117704
2025,4,ARI,-0.060240176,-0.025497897,-0.20455424,0.10647301,0.11932162009179592,-0.027984879023279063,0.2100798897445202,-0.03068661503493786,0.08499188488349319,0.028882603139209095,0.14266560319811106,-0.01718292525038123
2025,5,ARI,-0.059299063,0.12942807,-0.32890925,-0.02562687,0.033163621090352535,-0.0012384718284010887,0.12583417491987348,-0.14313948713243008,0.09011931903660297,0.02650674057804281,0.15558153693564236,-0.03713599406182766
2025,6,ARI,0.07717057,0.1263886,-0.02982511,0.16485955,0.002895667217671871,0.006639742758125067,0.12530860723927617,-0.21220937930047512,0.05916629219427705,0.020376483189465944,0.13981763389892876,-0.08948770072311163
2025,7,ARI,-0.0025914828,0.123214275,-0.25923523,0.13166411,0.000704360194504261,0.03865208802744746,0.09393469290807843,-0.17062151711434126,0.04997719405218959,0.008277923079731409,0.13848680187948048,-0.11512208497151732
2025,9,ARI,0.123213165,0.21503411,-0.00601629,-0.14641784,-0.011240037041716278,0.09434244921430945,0.08838326158002019,-0.20563095901161432,0.05404079152503982,0.033178785095515195,0.1492315756622702,-0.11815878702327609
2025,10,ARI,-0.20929877,-0.18979095,-0.26782236,0.08774759,0.03462329797912389,0.031119737308472395,0.14851626381278038,-0.15599647024646401,0.03389345953473821,0.014940632740035653,0.13717521936632693,-0.14956797868944705
2025,11,ARI,-0.024636742,0.06698734,-0.31397596,0.19183476,-0.0028766299365088344,0.05946335196495056,0.06871150806546211,-0.14072474697604775,9.518640581518412e-06,0.033051547361537814,0.09701005765236914,-0.17646706313826144
2025,12,ARI,-0.13217132,-0.10029302,-0.24122865,-0.17871149,-0.02832845866214484,0.066207155585289,0.05386119522154331,-0.21176245948299766,-0.01381204923382029,0.05242962180636823,0.07389794406481087,-0.19119198829866946
2025,13,ARI,-0.026304463,0.113547854,-0.41089836,-0.029960442,-0.060723417438566685,-0.011386744678020477,-0.002015627920627594,-0.20726081496104598,-0.03598172724014148,0.04147785226814449,0.0431838168296963,-0.20644588698633015
2025,14,ARI,-0.07870081,-0.065732315,-0.13273619,0.4354662,-0.09810282429680228,0.017727605067193508,-0.027387192472815514,-0.3084813319146633,-0.031739763158839196,0.02442367118783295,0.06056453566998243,-0.23223890108056366
2025,15,ARI,0.03672211,-0.009217804,0.14238392,0.22322595,-0.0654533333145082,0.10465725790709257,0.0036274660378694534,-0.2747097909450531,-0.03416498162550852,0.08206030493602157,0.03616948705166578,-0.20771726896055043
2025,16,ARI,0.02460376,-0.022231026,0.09383779,0.064516105,-0.050113620702177286,0.1125050550326705,-0.015423820819705725,-0.1606198213994503,-0.03922103968216106,0.08935610530897975,0.019218687200918794,-0.18619114044122398
2025,17,ARI,-0.022704843,0.00890171,-0.12968089,0.3303265,-0.010919851250946522,0.173311953432858,0.004091677255928516,-0.07685321010649204,-0.0358216343447566,0.08096260437741876,0.0010380246676504612,-0.142057012533769
2025,18,ARI,-0.02664697,-0.0013789335,-0.1024511,0.22024076,-0.010019946377724409,0.26338368840515614,-0.022069858852773905,-0.006548842415213585,-0.054061385337263346,0.14055564673617482,-0.02472852566279471,-0.15751508716493845
2023,1,ATL,-0.13893579,-0.23330848,-0.05182255,-0.2586715,,,,,,,,
2023,2,ATL,0.09680172,0.070870005,0.12472819,0.1914857,,,,,,,,
2023,3,ATL,-0.2823274,-0.2574441,-0.34519055,-0.05386353,-0.02106703445315361,-0.03359289467334747,-0.08121923729777336,0.03645281866192818,-0.02106703445315361,-0.03359289467334747,-0.08121923729777336,0.03645281866192818
2023,4,ATL,-0.29481187,-0.5104135,0.08505769,0.038609024,-0.1081538274884224,-0.04034977282087008,-0.1399608626961708,-0.09076163917779922,-0.1081538274884224,-0.04034977282087008,-0.1399608626961708,-0.09076163917779922
2023,5,ATL,-0.027242418,0.2576494,-0.36240926,-0.06330834,-0.15481833927333355,-0.02061007358133793,-0.23257402889430523,-0.046806806698441505,-0.15481833927333355,-0.02061007358133793,-0.23257402889430523,-0.046806806698441505
2023,6,ATL,-0.12062153,-0.03906175,-0.2779154,-0.02885565,-0.12689499650150537,0.028230713680386543,-0.10983456112444401,-0.12445348501205444,-0.12930315509438514,-0.029149727523326875,-0.13452934473752975,-0.10992729812860488
2023,7,ATL,-0.028206129,0.3623797,-0.34284472,-0.066590704,-0.18125080969184637,-0.02685462450608611,-0.13731750007718801,-0.2251143790781498,-0.12785621794561544,-0.029100714561839897,-0.11861807915071647,-0.13792531316479048
2023,8,ATL,-0.05054885,-0.12713194,0.10609839,0.039934967,-0.11772048845887184,-0.030036418233066797,0.017638453282415867,-0.22452792152762413,-0.1136204909001078,-0.03445642734212535,-0.049904110708406994,-0.1671995148062706
2023,9,ATL,-0.14726157,-0.033422116,-0.33115608,-0.012273312,-0.056654732674360275,-0.02970493258908391,0.11345885042101145,-0.21926774643361568,-0.10573653597384691,-0.02515750308521092,-0.05955758923664689,-0.1330372765660286
2023,10,ATL,0.022794222,0.075707436,-0.021764303,-0.02299415,-0.08665952179580927,-0.016946174670010805,0.04069097340106964,-0.2114544492214918,-0.10677725914865732,0.005642269505187869,-0.03457179386168718,-0.16795396711677313
2023,12,ATL,0.051049646,0.04350254,0.05594506,-0.06963407,-0.050805583130568266,-0.015480799600481987,0.06938327010720968,-0.14741667779162526,-0.11602819641120732,-0.02116771205328405,-0.033967114984989166,-0.18626552843488753
2023,13,ATL,-0.1973367,-0.087947406,-0.30350867,-0.3358557,-0.030991639476269484,-0.016241641715168953,-0.010336020030081272,-0.047719231341034174,-0.07435606396757066,-0.023139029974117875,0.0036512166261672974,-0.13612357643432915
2023,14,ATL,0.014714231,0.026116198,-0.0076146075,-0.022965625,-0.06768860248848796,-0.11018930654972792,-0.0005398867651820183,-0.1501209964044392,-0.06217166758142412,-0.06994711956940591,0.056459481827914715,-0.18469437141902745
2023,15,ATL,-0.27639684,0.15617086,-0.6045517,-0.16191311,-0.027194651076570153,-0.11286238487809896,0.014344691764563322,-0.06923562951851636,-0.05692708643618971,-0.06490427977405488,0.02751783258281648,-0.1403450393700041
2023,16,ATL,0.13086963,0.24391668,-0.0016683176,-0.18554586,-0.10199241689406335,-0.14759212546050549,0.03446054784581065,-0.21493247209582478,-0.07639900001231581,-0.08153646253049374,0.05192190897651017,-0.18117457494372502
2023,17,ATL,-0.07273241,-0.08510668,-0.048602603,0.10169537,-0.08203742164187133,-0.1765700727701187,0.08456408185884356,-0.22933581678080373,-0.05651453055907041,-0.09640585724264383,0.037114030914381146,-0.13852752406091895
2023,18,ATL,-0.31556243,-0.08016484,-0.6545348,0.22172172,-0.05088634858839214,-0.06718230620026588,0.08527426375076175,-0.16560930034029298,-0.05928747553844005,-0.0886858063749969,0.042367188492789865,-0.1578651483723661
2024,1,ATL,-0.31973237,-0.31718156,-0.32328126,-0.12069195,-0.13345551304519176,-0.006010469049215317,0.05870400369167328,-0.32733935266151093,-0.08032508206088096,-0.05943642696365714,0.0365243477281183,-0.19828749109001365
2024,2,ATL,0.15921898,0.26283392,0.01830263,0.0847737,-0.1442893948405981,0.004294821992516518,-0.05963410064578056,-0.25702174901380204,-0.12314090586733073,-0.07164865173399448,-0.012586776399984956,-0.2359771105548134
2024,3,ATL,-0.034978986,0.17141856,-0.34457532,0.10633402,-0.1372020561248064,0.0718747116625309,-0.054904788732528687,-0.2520290119573474,-0.10961973888333887,-0.05234768055379391,0.01482964656315744,-0.24068241436907556
2024,4,ATL,-0.029200371,-0.0753581,0.08619398,0.04793833,-0.12776369974017143,0.07303437404334545,0.009226521477103233,-0.3260221900418401,-0.08932502416428179,0.0029260339215397835,0.04725039261393249,-0.24581574519106653
2024,5,ATL,0.19906478,0.3381058,-0.25281855,0.13387299,-0.05617318581789732,0.02958852518349886,0.010428206995129585,-0.1408399911597371,-0.09481434943154454,0.011789028067141771,0.03456610534340143,-0.23408967191062402
2024,6,ATL,0.3062599,0.29004118,0.32062507,-0.08656442,0.07352610025554895,0.09322975855320692,0.17425004579126835,-0.12322431523352861,-0.035381647292524576,0.04876229027286172,0.05730797257274389,-0.19012303212366533
2024,7,ATL,-0.09490625,-0.19445656,0.036757085,0.17774087,0.11028632987290621,0.050395228900015354,0.18105185963213444,-0.04764370620250702,-0.013457863125950098,0.06113497028127313,0.06307353544980288,-0.1498363590799272
2024,8,ATL,0.24303913,0.5151638,-0.06661994,0.049922198,0.0953045142814517,0.06824694108217955,0.08958307839930058,0.04768939409404993,-0.016229592729359865,0.0706406575627625,0.049404799938201904,-0.13916639797389507
2024,9,ATL,0.079976566,0.2760864,-0.10912932,-0.030440597,0.16336438991129398,0.06874290853738785,0.23721354827284813,0.009485914371907711,0.05359560204669833,0.049165716860443354,0.12382087763398886,-0.0656770383939147
2024,10,ATL,0.094481766,0.034483355,0.17212677,-0.02086381,0.13359233736991882,0.027664512861520052,0.22170869633555412,0.04540822375565767,0.10355921881273389,0.060447135707363486,0.19797937106341124,-0.03890804573893547
2024,11,ATL,-0.252395,-0.09929905,-0.5029156,0.32551944,0.08064780384302139,0.04408966563642025,0.15781924035400152,0.008283649571239948,0.0954670668579638,0.0472424472682178,0.16943554999306798,-0.019680028315633535
2024,13,ATL,-0.16426513,-0.17409755,-0.15313897,-0.28624597,0.041275614872574806,0.08103430829942226,0.1816086182370782,-0.12663452699780464,0.06829006457701325,0.0746406246908009,0.13559584831818938,-0.039472566451877356
2024,14,ATL,0.07955094,0.017250191,0.15284593,0.45017713,-0.060550449416041374,-0.0030077341943979263,0.009293285198509693,-0.14826428331434727,0.051406970247626305,0.03286758717149496,0.12325341673567891,-0.06938918447121978
2024,15,ATL,-0.18146107,-0.29797938,-0.11025545,-0.27333707,-0.06065685674548149,0.11714669829234481,-0.055415764451026917,-0.08277047052979469,0.036467740312218666,0.07240560557693243,0.0831464659422636,-0.01868112338706851
2024,16,ATL,0.09732859,0.26888344,-0.04971845,-0.4526711,-0.1296425648033619,0.054028384387493134,-0.1385314492508769,-0.15336602553725243,-0.02449738048017025,0.04905902501195669,0.00964389555156231,-0.07254118798300624
2024,17,ATL,0.11071267,0.051836114,0.22311336,0.1599877,-0.04221166670322418,-0.14051925390958786,-0.046485827304422855,-0.0400667330250144,-0.00046802591532468796,-0.029742472805082798,0.06756139546632767,-0.08335063001140952
2024,18,ATL,0.25447902,0.16800278,0.34778237,0.38721025,0.02653278224170208,-0.028960835188627243,0.009997589513659477,0.053996347822248936,-0.017008833587169647,-0.015984284691512585,0.009645437356084585,-0.047133967746049166
2025,1,ATL,0.075180106,0.35407415,-0.51746976,0.13958228,0.07026480324566364,-0.04470255598425865,0.04768573772162199,0.10273045767098665,0.004803973250091076,0.03622207115404308,-0.003865013364702463,0.00997999357059598
2025,2,ATL,-0.03431234,-0.34714398,0.1742421,-0.45820504,0.1344250962138176,0.058527279645204544,0.21069912146776915,0.0009268792346119881,0.002391265705227852,0.05627783201634884,0.03608383610844612,-0.07621957315132022
2025,3,ATL,-0.3391002,-0.5007859,0.007369189,-0.005843053,0.10151486378163099,0.05714379623532295,0.056692267768085,0.056917015463113785,0.029651598539203405,-0.041687728837132454,0.005103220231831074,0.008425141219049692
2025,4,ATL,0.27803215,0.69528514,-0.08864469,0.14115886,-0.010938356630504131,0.01568610721733421,-0.08146323263645172,0.0029809732222929597,0.007797212805598974,-0.006637363985646516,-0.03573282156139612,0.028488660522270948
2025,6,ATL,0.13845958,0.11521831,0.16694885,-0.10416144,-0.005050073377788067,-0.04582673928234726,0.050357356667518616,-0.10612579283770174,0.03260736493393779,-0.04526464763330296,0.0490215471945703,-0.0016976675833575428
2025,7,ATL,-0.11261776,-0.13095546,-0.064736016,0.03446366,0.010769794695079327,-0.10676266869995743,-0.009356603026390076,0.06497886183205992,0.07259744545444846,-0.024117694527376443,0.10067125922068954,0.032952870533335954
2025,8,ATL,-0.2850561,-0.10502046,-0.65637964,0.1786517,-0.008806560188531876,0.0164045070996508,0.04469052702188492,0.005234334268607199,0.04635415179654956,0.036774151667486876,0.05069139739498496,0.031075674865860492
2025,9,ATL,0.057627976,0.11827599,-0.124316074,0.013419388,0.004704464226961136,0.06252819672226906,0.14363188296556473,-0.1607028730213642,-0.0031169462017714977,0.039107151969801635,0.031084325164556503,-0.07886094989953563
2025,10,ATL,-0.0057120207,-0.129383,0.14445989,0.14939146,-0.05039658024907112,0.030593327712267637,-0.0006204042583703995,-0.16962071880698204,-0.027723326813429594,-0.007616705785039812,0.024868476204574108,-0.1378732558223419
2025,11,ATL,0.08826325,0.27655992,-0.12432975,0.09658963,-0.0864394799573347,0.09398155240342021,-0.06177073158323765,-0.17524296045303345,-0.037834842631127685,-0.00639055814826861,-0.03556366730481386,-0.055132049310486764
2025,12,ATL,-0.11221283,-0.14940746,-0.07767496,-0.23330636,-0.036219227011315525,0.10951304575428367,0.04010811261832714,-0.19014139473438263,-0.0225128935999237,0.06295877642696723,0.04239931982010603,-0.09245353023288772
2025,13,ATL,0.18087268,0.18432587,0.17710558,0.023049904,0.00699159421492368,0.006523528601974249,0.02901136316359043,-0.04546522535383701,0.005848029220942408,0.034525862662121654,0.08632162306457758,-0.10308404918760061
2025,14,ATL,-0.29738218,-0.37372258,-0.21611653,0.11889175,0.03780276991892606,0.008931157644838095,0.045523833483457565,0.029890187084674835,-0.0062969051650725305,0.019762242678552866,0.022451714612543583,-0.0698652658611536
2025,15,ATL,0.18552482,0.245137,0.0581715,0.14512442,-0.03511476889252663,0.0013062315993010998,-0.015561062842607498,-0.060253918170928955,-0.06077712442493066,0.047643892001360655,-0.03866589721292257,-0.1177484393119812
2025,16,ATL,0.064516105,0.28130013,-0.15812695,0.02460376,-0.010799376294016838,0.013439928647130728,-0.02341679111123085,-0.014628604985773563,-0.02350930165266618,0.0614764872007072,0.008345660753548145,-0.1023849998600781
2025,17,ATL,0.115643814,0.24617478,0.036534112,-0.10163594,0.03338285721838474,0.07791745942085981,0.08426010608673096,-0.034741601906716824,0.02018722571665421,0.04222049401141703,0.056635734625160694,-0.04010341363027692
2025,18,ATL,-0.24327204,-0.12864883,-0.42766595,-0.10582343,0.017075641080737114,0.046745998319238424,0.09972233325242996,-0.06988446786999702,0.027439205499831587,0.02783857798203826,0.07262308336794376,-0.019997140392661095
2023,1,BAL,-0.040195163,-0.05711118,-0.019779267,-0.29284406,,,,,,,,
2023,2,BAL,0.22459005,0.28103772,0.1369988,0.045634843,,,,,,,,
2023,3,BAL,-0.1447948,-0.20929375,-0.06417112,-0.15425004,0.09219744242727757,-0.12360460683703423,0.11196326836943626,0.05860976781696081,0.09219744242727757,-0.12360460683703423,0.11196326836943626,0.05860976781696081
2023,4,BAL,0.01598108,0.14434357,-0.11238141,-0.43971002,0.013200026005506516,-0.13381975144147873,0.004877594610055287,0.017682805036505062,0.013200026005506516,-0.13381975144147873,0.004877594610055287,0.017682805036505062
2023,5,BAL,-0.23216765,-0.38989663,0.09014816,-0.028253054,0.01389528950676322,-0.21029231883585453,0.03974408842623234,-0.014833249617367983,0.01389528950676322,-0.21029231883585453,0.03974408842623234,-0.014833249617367983
2023,6,BAL,0.022262217,0.17874467,-0.16356072,-0.04702107,-0.03409783123061061,-0.14414456812664866,-0.043452274054288864,0.012648606672883034,-0.03531729765236378,-0.1738844659179449,-0.046184055507183075,0.006163031980395317
2023,7,BAL,0.39740393,0.6264794,0.012140588,-0.16695854,-0.0846797889098525,-0.1673085461370647,-0.06902553513646126,-0.06249127350747585,-0.025720711797475815,-0.15274056637038788,-0.00869593396782875,-0.02212425973266363
2023,8,BAL,0.094863705,-0.035650764,0.27371687,-0.13444419,0.050869894213974476,-0.17048567114397883,0.1399177499115467,-0.04341334640048444,0.03472566498177392,-0.15477170555719308,0.08204339763947896,-0.01722928149891751
2023,9,BAL,0.19545221,-0.013559816,0.41027015,-0.44761255,0.07059055054560304,-0.09416921390220523,0.0949191665276885,0.0531112237367779,0.04224292002618313,-0.15223076636902988,0.06733162747696042,0.01913898705970496
2023,10,BAL,-0.015642283,0.028954916,-0.09145755,0.08354789,0.17749551543965936,-0.19900908879935741,0.1890033702366054,0.13314172276295722,0.07169884210452437,-0.17157682846300304,0.07277554809115827,0.07289516471792012
2023,11,BAL,0.17128299,0.28940353,0.015195115,0.09804764,0.16801939019933343,-0.1663668490946293,0.15155593072995543,0.15116751403547823,0.04166980064474046,-0.166837697615847,0.04126519779674709,0.04433812026400119
2023,12,BAL,-0.001622898,-0.1530089,0.18394704,-0.301671,0.11148915672674775,-0.10011530481278896,0.06728696590289474,0.15193114569410682,0.08117952547036111,-0.1353004879783839,0.10360235790722072,0.05425889964681119
2023,14,BAL,0.16838503,0.2900991,-0.21823622,0.12934248,0.08736750588286668,-0.14192200638353825,0.03794743353500962,0.1294886893592775,0.07897902821423486,-0.11804561014287174,0.06643330003134906,0.0912999565480277
2023,15,BAL,0.036729246,-0.025035359,0.0858242,-0.21370248,0.08060070977080613,0.0023167524486780167,0.1138621661812067,-0.027637904975563288,0.12904811260523275,-0.0983461681753397,0.15143276820890605,0.052751908893696964
2023,16,BAL,0.0950528,0.21804442,-0.14023553,-0.16465242,0.0936935922363773,-0.07199584133923054,0.10036459751427174,0.01668253308162093,0.13085649121785536,-0.11918134521692991,0.12596026412211359,0.08392502355854958
2023,17,BAL,0.5409489,1.173822,-0.06932167,-0.14220163,0.07463604456279427,-0.1376708559691906,0.08252481929957867,-0.022175127640366554,0.09306260064477101,-0.11889308039098978,0.0749058926012367,0.06487800902687013
2023,18,BAL,-0.28679344,-0.13569231,-0.60578465,-0.06786419,0.21027900092303753,-0.0978035144507885,0.41423255391418934,-0.08549230545759201,0.1488232534029521,-0.11986276041716337,0.22608999372459948,0.021998191950842738
2024,1,BAL,0.03919909,-0.044365846,0.25950667,0.18219088,0.09648438356816769,-0.14710518158972263,0.3077846970409155,-0.18237941339612007,0.08854254666948691,-0.07239421457052231,0.2108234316110611,-0.10500865918584168
2024,2,BAL,-0.017535234,0.020350536,-0.079099596,-0.056880657,0.0971018448472023,-0.04813184030354023,0.30295207537710667,-0.1389587949961424,0.0953977185417898,-0.060063840821385384,0.2016583364456892,-0.06113813095726073
2024,3,BAL,0.31388202,0.51522183,0.22960024,0.055624507,0.06895483611151576,-0.02118889894336462,0.25352860568091273,-0.12367481179535389,0.07179544033715501,-0.07942987745627761,0.1680267124902457,-0.07292496971786022
2024,4,BAL,0.2558847,0.40938413,0.15939939,-0.1765339,0.012188110034912825,0.028267635963857174,0.08887855289503932,-0.04894433543086052,0.11123355547897518,-0.03476793924346566,0.25155555340461433,-0.06721832044422626
2024,5,BAL,0.27537692,0.41707242,0.04084648,0.26225522,0.14785764692351222,0.001100209541618824,0.22514766408130527,0.1423516757786274,0.12217101524583995,-0.0730024860240519,0.2664661805611104,-0.020013868808746338
2024,6,BAL,0.23233198,0.4642866,0.0003773254,0.12302355,0.20690210303291678,0.021116294898092747,0.3405072293244302,0.08768662717193365,0.15200197394005954,-0.013507772702723742,0.32172965235076845,-0.025636083912104368
2024,7,BAL,0.35042757,0.96112555,-0.23991388,0.11642732,0.26936890557408333,0.0660923458635807,0.45149124413728714,0.10755585740844253,0.16916187084279954,0.022451723460108042,0.35250992490909994,-0.008059477193455677
2024,8,BAL,0.1434995,0.2711545,-0.150107,0.11683771,0.2785052917897701,0.08129304833710194,0.5629671737551689,-0.009822671752772294,0.14534670091234148,0.054780342150479555,0.3259228633251041,-0.029383503591816407
2024,9,BAL,0.37834066,0.8409965,0.03134877,-0.1480132,0.25040898844599724,0.15463594906032085,0.5284097641706467,-0.08719926838239189,0.19913331768475473,0.07786807930096984,0.37677871412597597,0.02757620369811775
2024,10,BAL,0.2737064,0.48258874,-0.08048537,0.180103,0.2761499248445034,0.05206884257495403,0.6343907862901688,-0.0895736957754707,0.2415260139387101,0.03659256873652339,0.4874490078072995,-0.0009435343017685227
2024,11,BAL,-0.13279782,-0.18539816,-0.035111494,-0.26912197,0.28649353235960007,0.06633870676159859,0.6389663219451904,-0.10978936869651079,0.2779312189668417,0.06621552631258965,0.5452287830412388,-0.0011167556440341286
2024,12,BAL,0.265095,0.29143116,0.2465885,0.028007893,0.1656871847808361,-0.030048616230487823,0.3523353934288025,-0.05858877208083868,0.22209623828530312,0.025622216053307056,0.4576512835919857,-0.03420572191680549
2024,13,BAL,0.019559529,0.11272928,-0.13572338,0.042686243,0.19608606025576591,-0.05225607054308057,0.35740455985069275,0.04058510158210993,0.22324752435088158,0.05118993925862014,0.4429071620106697,-0.023307083400140982
2024,15,BAL,0.44326374,0.84943515,0.03709234,-0.004564563,0.10639077704399824,-0.004581208806484938,0.1753377541899681,-0.0011829361319541931,0.19127035094425082,0.023743816884234548,0.40486427024006844,-0.045378315953712445
2024,16,BAL,0.17810178,0.33787987,0.060617924,-0.17896076,0.14878011029213667,-0.05074810050427914,0.2670493572950363,0.028211490251123905,0.21763682132586837,0.007795303128659725,0.4530078396201134,-0.04078893922269344
2024,17,BAL,0.30834547,0.5664609,0.17928775,-0.358793,0.22650501038879156,-0.028207795694470406,0.3978688642382622,0.05214384477585554,0.19609609758481383,-0.029128205962479115,0.37510212883353233,-0.0032224636524915695
2024,18,BAL,0.12860279,0.14538836,0.10802689,-0.3469742,0.23731762822717428,-0.12490801652893424,0.466626301407814,0.03531865682452917,0.2167018442414701,-0.0885820435360074,0.4120154306292534,0.03795187920331955
2025,1,BAL,0.3944353,0.53009915,0.28299704,0.25633,0.2645784430205822,-0.22232312569394708,0.4747910723090172,0.09625622536987066,0.18548461003229022,-0.11345216725021601,0.32506441324949265,0.047536644618958235
2025,2,BAL,0.09847029,0.2693624,-0.26341888,-0.27052146,0.25237132981419563,-0.15709948167204857,0.394957073032856,0.15773240104317665,0.20057572005316615,-0.10392379108816385,0.33100321516394615,0.09297194564715028
2025,3,BAL,0.095958315,0.28904474,-0.39882562,0.36171028,0.23246345855295658,-0.17998965829610825,0.3778277039527893,0.07672319933772087,0.22948423447087407,-0.10409872699528933,0.38784828409552574,0.0644335220567882
2025,4,BAL,-0.07308372,-0.22552246,0.40768462,0.21015933,0.17936667054891586,0.00013615936040878296,0.3084736615419388,-0.06780514121055603,0.20834214938804507,-0.06238592858426273,0.3875499814748764,-0.01624324219301343
2025,5,BAL,-0.30834472,-0.29821044,-0.31999907,0.34383872,0.12894504331052303,0.1394195407629013,0.2157459557056427,0.007109291851520538,0.19676174316555262,-0.041451792465522885,0.34526851400732994,0.0516827586106956
2025,6,BAL,-0.35863197,-0.3831133,-0.33075052,0.0053298017,-0.04674995876848698,0.16129671782255173,0.008668556809425354,-0.14363973587751389,0.10281068552285433,0.0020986180752515793,0.20181281492114067,0.007046332582831383
2025,8,BAL,0.21965343,0.29645488,0.16040659,0.04669682,-0.1610255241394043,0.23025953373871744,-0.15445036441087723,-0.16047264635562897,0.03571896720677614,0.025134937721304595,0.11168866977095604,-0.04187472350895405
2025,9,BAL,0.21235003,0.45414606,-0.029445969,-0.21113445,-0.13010174594819546,0.15150616853497922,-0.1525978296995163,-0.020664595067501068,0.024632462300360203,0.075821163947694,0.07793791592121124,-0.04423486813902855
2025,10,BAL,0.025376355,0.03449353,0.014834625,-0.08431879,-0.05874330922961235,0.04618272348307073,0.017319299280643463,-0.12994724325835705,0.03510086704045534,0.09280113212298602,0.11653262749314308,-0.061418975703418255
2025,11,BAL,-0.11659462,-0.38223374,0.19823693,-0.43516582,0.02468696003779769,-0.06085665361024439,0.10049529187381268,-0.046238819835707545,-0.011031499365344644,0.05022003210615367,0.054581924341619015,-0.09493927785661072
2025,12,BAL,0.055789143,0.19852659,-0.10171426,-0.1999663,0.08519629715010524,-0.17098055966198444,0.10071518085896969,0.0860080432612449,-0.03791461349464953,0.029639487038366497,-0.02686759177595377,-0.03723230154719204
2025,13,BAL,-0.33492178,-0.55100036,0.11998043,0.019006772,0.04423022596165538,-0.23264633864164352,0.07623310945928097,0.020477830665186048,-0.04293575999327004,-0.04057008505333215,-0.038182360120117664,-9.338220115751028e-05
2025,14,BAL,0.024042958,0.0026658303,0.050306287,0.24276742,-0.09258772479370236,-0.175111033488065,-0.17505349405109882,0.057834430830553174,-0.07566551701165736,-0.06446415500249714,-0.07886709738522768,-0.03605640621390194
2025,15,BAL,0.20007621,0.06624899,0.3339034,-0.3178049,-0.09292107401415706,-0.09333948092535138,-0.18301041855011135,0.06670234631747007,-0.034117056988179684,-0.07709806726779789,-0.04125756333814934,0.010231763240881264
2025,16,BAL,0.09887579,0.13814719,0.06973893,0.20078422,-0.013753367122262716,-0.06399925099685788,-0.07088973617646843,0.10061896499246359,0.03572146501392126,-0.11748990532942116,0.014912722341250628,0.09331350412685424
2025,17,BAL,0.33768916,0.4098712,0.30372116,0.11740546,-0.0029817051254212856,0.03618837846443057,-0.08598458638880402,0.14348226319998503,0.020624260418117046,-0.09822898008860648,-0.004875738464761525,0.08198004693258554
2025,18,BAL,0.14020942,0.38287997,-0.083794184,0.051401243,0.16517102951183915,0.060788050293922424,0.154233300476335,0.1894174451008439,0.036291652359068394,-0.05716149159707129,-0.010410096787381917,0.12362593796569854
2023,1,BUF,-0.079173826,0.020305056,-0.35550407,-0.029890796,,,,,,,,
2023,2,BUF,0.31552005,0.37533087,0.24163611,-0.22630665,,,,,,,,
2023,3,BUF,0.15815355,0.23854315,0.04905334,-0.53553605,0.11817311123013496,-0.12809872161597013,0.1978179607540369,-0.05693397670984268,0.11817311123013496,-0.12809872161597013,0.1978179607540369,-0.05693397670984268
2023,4,BUF,0.45504677,0.8021323,0.02118987,-0.027636956,0.13149992376565933,-0.26391116467614967,0.21139302477240562,-0.021604870756467182,0.13149992376565933,-0.26391116467614967,0.21139302477240562,-0.021604870756467182
2023,5,BUF,0.11339568,0.19632483,-0.248477,0.20042336,0.21238663606345654,-0.20484261261299253,0.35907784570008516,-0.010906185489147902,0.21238663606345654,-0.20484261261299253,0.35907784570008516,-0.010906185489147902
2023,6,BUF,-0.011844874,-0.04589714,0.031035759,-0.12146899,0.26052901335060596,-0.1472640736028552,0.40308278799057007,0.01585058169439435,0.19258844554424287,-0.12378941811621189,0.3265272416174412,-0.0584203477948904
2023,7,BUF,0.16166766,0.23892087,-0.022268506,0.16062208,0.17868778272531927,-0.12105465959757566,0.297775786370039,-0.0367995067499578,0.15851622556025782,-0.12340268027037382,0.264456511164705,-0.043510996736586094
2023,8,BUF,0.0880957,0.06603069,0.13423163,0.06986614,0.17956631048582494,0.05298487190157175,0.2978702150285244,-0.0546299684792757,0.15896643046289682,-0.08282771520316601,0.26080856206161634,-0.04047635516950062
2023,9,BUF,0.05839193,0.030049132,0.17949295,0.18539506,0.08782854280434549,0.07736064679920673,0.11384481005370617,-0.02636952931061387,0.150107589433901,-0.0637409829068929,0.23646132787689567,-0.018637857399880886
2023,10,BUF,-0.08315388,-0.28001806,0.14520855,-0.0017919083,0.07407760410569608,0.07360357232391834,0.0722758867777884,0.08062295755371451,0.16730330872815102,-0.03683025063946843,0.23767933738417923,0.04823676962405443
2023,11,BUF,0.091602735,0.32759693,-0.17136224,-0.3189746,0.056250352412462234,0.10352284301188774,0.013745656702667475,0.10916615603491664,0.11746906756889075,-0.00876590829284396,0.15576072153635323,0.03618332464247942
2023,12,BUF,0.1365429,0.27260503,-0.09281894,0.060394857,0.03873412124812603,-0.01637632932397537,0.0359146730042994,0.07189272344112396,0.10915021586697549,0.01830427128879819,0.1668924440164119,0.00863137748092413
2023,14,BUF,-0.0014175,-0.05793261,0.12389861,-0.091247514,0.0508459210395813,-0.018744150846032426,0.08755825879052281,0.01513008214533329,0.0693372319219634,0.029308247976587154,0.10070153442211449,-0.00561972358264029
2023,15,BUF,0.23441646,0.214079,0.2443487,-0.09418129,0.03589356387965381,-0.0879047948110383,0.065562822856009,0.0012314971536397934,0.05498558399267495,-0.007150611243559979,0.0689193548168987,0.040927227353677154
2023,16,BUF,-0.0006171873,0.23730269,-0.21392466,-0.112385124,0.1152861479204148,-0.11100214067846537,0.1890870863571763,0.026016535237431526,0.08576825016643852,-0.003739648833288811,0.10141637152992189,0.06759134563617408
2023,17,BUF,-0.049216945,-0.097270474,0.0033416003,-0.28278854,0.09223116729117464,-0.05935476813465357,0.1665135258808732,0.015375928953289986,0.06548264426965034,-0.03786554872931447,0.1012140994425863,0.043634326197206974
2023,18,BUF,0.061398912,0.17185311,-0.107964195,0.02117317,0.04579120576090645,-0.14515061862766743,0.07404464948922396,0.03941606357693672,0.048318563400243875,-0.08194738473684993,0.08080145413987339,0.027273072861135006
2024,1,BUF,0.21148859,0.53007364,-0.1526086,0.063334994,0.061495308807934634,-0.11704544769600034,0.13149107992649078,-0.018549637869000435,0.04869443634379422,-0.10247512125351932,0.0985269513912499,-0.00865907035768032
2024,2,BUF,0.2307162,0.5411838,-0.051527087,-0.27842906,0.05576334246143233,-0.07766637625172734,0.21048974245786667,-0.11778896488249302,0.08552474519092357,-0.09433425846509635,0.1997884144075215,-0.045886214822530746
2024,3,BUF,0.42253175,0.63980824,0.06945751,-0.20914061,0.11359668895602226,-0.11917736055329442,0.2864600270986557,-0.07718957122415304,0.10291392812359845,-0.089266064343974,0.22648677648976445,-0.030906821135431528
2024,4,BUF,-0.1765339,-0.31207934,0.06873884,0.2558847,0.23153386358171701,-0.1007653777487576,0.4707297049462795,-0.06066059414297342,0.13866253467131173,-0.12295799818821251,0.27238717721775174,-0.01062226528301835
2024,5,BUF,-0.02688041,0.041673947,-0.11916509,-0.06979287,0.17205066233873367,-0.0420874934643507,0.34974659234285355,-0.01648483518511057,0.11677298557333415,-0.07956647058017552,0.24061883613467216,-0.017517236527055502
2024,6,BUF,0.27364415,0.33484143,0.1927763,0.1703382,0.1124584125354886,-0.0753694586455822,0.22764666844159365,-0.008123957552015781,0.08411087749846047,-0.07651791744865477,0.21906820544973016,-0.0629564612172544
2024,7,BUF,0.2253247,0.36269605,-0.015075159,-0.1806148,0.12319040019065142,0.0368223562836647,0.17606106866151094,0.052951887249946594,0.11839354457333684,-0.04117750213481486,0.23126054788008332,-0.012118841987103224
2024,8,BUF,0.27409112,0.35664564,0.1683181,-0.20573199,0.07388863805681467,0.04395380988717079,0.10678302217274904,0.03181872027926147,0.15271125081926584,-0.028405783930793405,0.2887563635595143,-0.014420936931855977
2024,9,BUF,0.18316922,0.27523395,-0.05722206,0.32005256,0.18654489237815142,-0.0714503638446331,0.273964268155396,0.05671353335492313,0.17929777735844254,-0.0567689286544919,0.31185543024912477,0.02011434908490628
2024,10,BUF,0.0036854106,-0.121889494,0.1836761,-0.23010786,0.2390572987496853,0.026010993868112564,0.33235426992177963,0.07219929131679237,0.17575785564258695,-0.024679232388734818,0.28000046918168664,0.032037666882388294
2024,11,BUF,0.16670434,0.31411836,-0.12198144,0.08734659,0.17156761407386512,-0.07410052046179771,0.21817153878509998,0.06992424163036048,0.14737900713225827,-0.018639082089066505,0.19711630372330546,0.06143806444015354
2024,13,BUF,0.34465536,0.563056,0.21985501,-0.21523903,0.15691252320539206,-0.007110172882676125,0.20602711476385593,0.043197670951485634,0.11540058063110337,0.018421818502247334,0.1564050684683025,0.03750819561537355
2024,14,BUF,0.5296692,0.67626774,0.089873746,0.30273286,0.17455358325969428,-0.009486934170126915,0.2576297018676996,0.056081900373101234,0.18054923781892285,-0.04046864900738001,0.2657969850115478,0.05639771686401218
2024,15,BUF,0.43854713,0.55703205,0.29330757,0.22605331,0.2611785855842754,-0.013816861435770988,0.35788814909756184,0.09285585209727287,0.25011794216698036,0.006097066216170788,0.34512120950967073,0.08252757170703262
2024,16,BUF,0.028618706,0.060772724,-0.018272573,0.047992002,0.36989401653409004,0.10022343136370182,0.5276185348629951,0.12026372179389,0.2707308153039776,0.013061455450952053,0.37289503682404757,0.09509398171212524
2024,17,BUF,0.16362537,0.51564705,-0.2565295,-0.20229645,0.33537260768935084,0.09038478415459394,0.46428212709724903,0.14619093900546432,0.24614256544737145,0.04163730563595891,0.3351546209305525,0.09469430497847497
2024,18,BUF,-0.08855244,-0.073361434,-0.10329665,0.013779011,0.2901151101104915,0.09362042974680662,0.45242989249527454,0.027094808872789145,0.2323343466850929,0.04206674778833985,0.3550297971814871,0.04158835462294519
2025,1,BUF,0.25633,0.38363573,-0.046021033,0.3944353,0.1355596943758428,0.02138196863234043,0.2650225982069969,-0.02119779074564576,0.19836913998005912,0.0037825535982847214,0.3114553736522794,0.035829030675813556
2025,2,BUF,0.22474582,0.28019837,0.17378941,-0.29532537,0.09000541409477592,0.06347746215760708,0.22167351841926575,-0.10602994216606021,0.22994971531443298,0.08185044676065445,0.37464602664113045,0.007116889813914895
2025,3,BUF,0.26097718,0.36642408,0.123085074,0.033873405,0.13903719373047352,-0.022351880557835102,0.27652992866933346,-0.058014445938169956,0.23720490070991218,0.03401645179837942,0.37040602788329124,0.04408824653364718
2025,4,BUF,0.16299932,0.25082597,0.06866697,-0.0847417,0.16337514482438564,0.03669058345258236,0.23922418616712093,0.03688920009881258,0.22674512746743858,0.06515550659969449,0.34582703933119774,0.03199200448580086
2025,5,BUF,0.0023114507,0.21194786,-0.35826316,0.06532566,0.22626308351755142,0.012060406617820263,0.3202710375189781,0.07988010626286268,0.18091138894669712,0.016721187625080347,0.2926468178629875,0.02934115775860846
2025,6,BUF,-0.10416144,-0.12453676,-0.06646711,0.13845958,0.16275844286428764,-0.0702169993892312,0.2773490697145462,0.0018195733428001404,0.12638192847953178,-0.0033697686158120632,0.24951129406690598,-0.052105184411630034
2025,8,BUF,0.3270728,0.38909367,0.28349063,-0.31306085,0.08053162629948929,0.03822923731058836,0.1761652883142233,-0.058244556188583374,0.1097844100149814,0.007938678376376629,0.22634760849177837,-0.058129501063376665
2025,9,BUF,0.2196645,0.34815034,0.102515645,0.015184526,0.09705553139792755,-0.04850432649254799,0.18183268420398235,-0.018143167719244957,0.1302153381111566,-0.005906871519982815,0.21052843518555164,0.009373016189783812
2025,10,BUF,-0.0825595,0.098876804,-0.5180066,0.31231633,0.11122182692633942,-0.023522770730778575,0.206163777038455,-0.00968099944293499,0.16874245522194542,-0.005731182056479156,0.26321740727871656,0.035099553409963846
2025,11,BUF,0.28041264,0.3957518,0.08818077,0.06942247,0.09000408835709095,0.038224895717576146,0.1778960134834051,-0.049616863951087,0.1263812656106893,-0.01599605183582753,0.22762254159897566,-0.02389864530414343
2025,12,BUF,-0.16421366,-0.27404684,0.082911,-0.077266306,0.18614760972559452,0.0209656183142215,0.3079681545495987,-0.010954894125461578,0.1333396180125419,0.02959742781240493,0.242066721431911,-0.034599725157022476
2025,13,BUF,0.10006493,0.24567424,0.016417045,-0.4242491,0.06332599557936192,0.07991425436921418,0.14218302816152573,-0.06109980121254921,0.08019076348864473,0.015704963938333094,0.16200785618275404,-0.03962148446589708
2025,14,BUF,0.27957347,0.69430834,-0.45563838,0.16905746,0.03342610411345959,-0.029944155365228653,0.11656400188803673,-0.08262445125728846,0.0723239655198995,-0.026733463048003614,0.16136388946324587,-0.04615272535011172
2025,15,BUF,0.27603376,0.31456098,0.23129252,0.2300455,0.12395934760570526,-0.06575887277722359,0.26542188599705696,-0.06703239027410746,0.1069817179813981,-0.01376698852982372,0.22165894974023104,-0.05832462711259723
2025,16,BUF,0.060782894,-0.3432382,0.4324823,-0.11955801,0.12286462634801865,-0.025603115558624268,0.2451241798698902,-0.031254454515874386,0.15450611803680658,-0.002318748622201383,0.27654616720974445,-0.021104674320667982
2025,17,BUF,-0.06245562,-0.15661928,0.07878986,-0.119592786,0.17911376431584358,-0.03617604076862335,0.2278263382613659,0.056138371117413044,0.12121987994760275,0.021869106800295413,0.1850046832114458,-0.002480715047568083
2025,18,BUF,0.3311356,0.72189933,0.010508923,-0.25580803,0.1384836258366704,0.039988040924072266,0.127252958714962,0.0717315748333931,0.08595486497506499,0.005021942779421806,0.12190848030149937,-0.0054464382119476795
2023,1,CAR,-0.2586715,-0.23396434,-0.29533374,-0.13893579,,,,,,,,
2023,2,CAR,-0.10552517,-0.12129738,-0.06872336,0.0534218,,,,,,,,
2023,3,CAR,0.08607588,0.13859224,-0.18054566,0.18198666,-0.18209833279252052,-0.04275699518620968,-0.17763086035847664,-0.18202855065464973,-0.18209833279252052,-0.04275699518620968,-0.17763086035847664,-0.18202855065464973
2023,4,CAR,-0.23189783,-0.27791893,-0.16365959,-0.1291719,-0.09270692865053813,0.03215755646427473,-0.0722231591741244,-0.18153425306081772,-0.09270692865053813,0.03215755646427473,-0.0722231591741244,-0.18153425306081772
2023,5,CAR,-0.031271834,0.08023014,-0.26397163,0.2528486,-0.1275046542286873,-0.008174805901944637,-0.12364710308611393,-0.17706558667123318,-0.1275046542286873,-0.008174805901944637,-0.12364710308611393,-0.17706558667123318
2023,6,CAR,-0.13928944,-0.29114258,0.12797211,0.19557303,-0.07065473962575197,0.08977129030972719,-0.04509848356246948,-0.16922505758702755,-0.10825809016823769,0.04402987435460091,-0.08287165462970733,-0.19444679468870163
2023,8,CAR,-0.104764916,0.09972126,-0.49595588,-0.045844242,-0.0790958059951663,0.12530909851193428,-0.08755978383123875,-0.12005119025707245,-0.11342998159428437,0.06928706727921963,-0.11758347600698471,-0.14071031038959822
2023,9,CAR,-0.29856315,-0.43754688,-0.00851019,-0.03935747,-0.12680600490421057,0.0683513730764389,-0.09727752953767776,-0.19890374690294266,-0.11219211508120809,0.0528397373855114,-0.08653994223901204,-0.19145967811346054
2023,10,CAR,-0.14659141,-0.07228841,-0.41522536,-0.08507657,-0.14347233530133963,0.09080497920513153,-0.1371845155954361,-0.16011639754287899,-0.13548849476501346,0.04131508665159345,-0.130415809340775,-0.16859099210705608
2023,11,CAR,-0.29556197,-0.5092803,0.080989465,0.1966281,-0.17230222932994366,0.006323687732219696,-0.1753141526132822,-0.1979298300575465,-0.12147848447784781,0.048047489020973444,-0.11020631808787584,-0.18357744382228702
2023,12,CAR,-0.09439098,0.047856048,-0.30301997,0.041093204,-0.21137036196887493,0.006587453186511993,-0.229848587885499,-0.20967549155466259,-0.14523308398202062,0.06594827584922314,-0.15870418585836887,-0.16486334090586752
2023,13,CAR,-0.09599196,-0.16192204,-0.026294421,-0.02750268,-0.20877687819302082,0.028321814723312855,-0.24281489104032516,-0.16144151310436428,-0.1677914415486157,0.04833659389987588,-0.17004621028900146,-0.18017263000365347
2023,14,CAR,-0.31989166,-0.58230054,0.008119464,-0.19093744,-0.1581340804696083,0.031285511795431376,-0.17390868067741394,-0.1658875709399581,-0.15080320788547397,0.06104524550028145,-0.15554659813642502,-0.16300198424141854
2023,15,CAR,-0.16191311,-0.036616016,-0.28329468,-0.27639684,-0.2014591433107853,0.00482029328122735,-0.3014117144048214,-0.06005136575549841,-0.18688068632036448,0.005571990506723523,-0.2383629335090518,-0.12899059790652245
2023,16,CAR,0.20050758,0.3646552,-0.06212861,0.28607178,-0.16804692894220352,-0.1134359403513372,-0.1832456374540925,-0.1511224014684558,-0.18970864545553923,-0.0534242435824126,-0.20654711266979575,-0.1803989465115592
2023,17,CAR,-0.45970646,-0.5816566,-0.14263609,0.122113295,-0.09432228840887547,-0.05219129705801606,-0.10404585022479296,-0.09089956153184175,-0.15154958330094814,-0.011934741167351604,-0.17343037063255906,-0.12617053731810302
2023,18,CAR,-0.29851294,-0.4556296,-0.1638415,-0.10369997,-0.1852509118616581,-0.014787303283810616,-0.2089794846251607,-0.11998497880995274,-0.1716924961656332,0.00824910425581038,-0.19144408265128732,-0.14293627487495542
2024,1,CAR,-0.46041304,-0.33571878,-0.76848125,0.20748445,-0.1799062304198742,0.007022066041827202,-0.17731174547225237,-0.16297522000968456,-0.19068268686532974,0.005921179661527276,-0.23936172993853688,-0.11151329288259149
2024,2,CAR,-0.5039941,-0.75795215,-0.040894113,0.10271296,-0.25453121215105057,0.12799238972365856,-0.25208743661642075,-0.2842718642205,-0.21128907054662704,0.007278224686160684,-0.21766653703525662,-0.2176971328444779
2024,3,CAR,0.19730632,0.29377645,0.054264415,-0.06654051,-0.43065663427114487,0.08215268515050411,-0.5327392742037773,-0.2789632398635149,-0.26248946134001017,0.014980694046244025,-0.31839256221428514,-0.18493140069767833
2024,4,CAR,0.022533625,0.026697718,0.015486724,0.15929641,-0.2664034403860569,0.03498923406004906,-0.313881017267704,-0.22973811347037554,-0.2258271761238575,0.01010096538811922,-0.26143025094643235,-0.17486154614016414
2024,5,CAR,-0.2268574,-0.4410028,0.30220774,0.17682546,-0.18614180013537407,0.10073832795023918,-0.1932991910725832,-0.18490605731494725,-0.18302401527762413,0.05388019699603319,-0.18530546827241778,-0.1739406386623159
2024,6,CAR,-0.08656442,-0.09567989,-0.06833349,0.3062599,-0.1277528889477253,0.09307358041405678,-0.21962019242346287,0.08276619086973369,-0.19114205054938793,0.11053298506885767,-0.2358538145199418,-0.10075283667538315
2024,7,CAR,-0.47399506,-0.87237185,-0.075618304,0.24187139,-0.023395467549562454,0.14396031573414803,-0.05405212566256523,0.07590634631924331,-0.22702605091035366,0.11305650044232607,-0.2933956999331713,-0.1015284467721358
2024,8,CAR,-0.17945047,-0.1823876,-0.17227077,0.053986076,-0.19122081249952316,0.2210632897913456,-0.34558920189738274,0.04343566647730768,-0.22881212644279003,0.12802626192569733,-0.3297351095825434,-0.09315122349653393
2024,9,CAR,0.048459798,0.1196949,-0.071515135,0.1163982,-0.24171683564782143,0.19473570678383112,-0.39786053262650967,-0.00350370816886425,-0.21392931789159775,0.14773701736703515,-0.29557986184954643,-0.09420488274190575
2024,10,CAR,-0.04475459,-0.20288356,0.10317252,-0.09069475,-0.17288753762841225,0.17962889093905687,-0.25768611021339893,-0.09693442657589912,-0.15032021328806877,0.13635123567655683,-0.2386531513184309,-0.0070841178530827165
2024,12,CAR,0.22937861,0.23645148,0.21337156,0.25508493,-0.16243507992476225,0.08039022888988256,-0.2844870276749134,-0.05405792407691479,-0.09291527373716235,0.1121752723120153,-0.16926957666873932,0.010924211121164262
2024,13,CAR,0.00401954,0.13055071,-0.36151502,-0.0061295363,0.013408337719738483,0.08369361516088247,-0.007281195372343063,0.01818954199552536,-0.08890623738989234,0.15237845247611403,-0.1764351986348629,0.03081260423641652
2024,14,CAR,0.008829791,0.09314577,-0.12545122,0.12576234,0.05927583947777748,0.06866471201647073,0.0709533840417862,-0.0291215181350708,-0.09122049808502197,0.13170020940015092,-0.16345357429236174,-0.016312613151967525
2024,15,CAR,-0.17376438,-0.16263957,-0.2097061,0.17415904,0.049368337728083134,0.07100574776995927,0.06431610137224197,-0.04260553978383541,-0.061759599950164557,0.12531731935450807,-0.09668500442057848,-0.06976998317986727
2024,16,CAR,0.26164803,0.28569865,0.23534268,0.15068336,0.017115890979766846,0.13721919350791723,0.07437709718942642,-0.12082519382238388,-0.0726595944724977,0.1088047111988999,-0.10505496524274349,-0.08744155894964933
2024,17,CAR,-0.09934294,-0.0375426,-0.3015986,0.45567894,0.025183245539665222,0.11111880012322217,0.08668889105319977,-0.11533241346478462,0.019295791629701853,0.09740620764205232,0.03970384784042835,-0.04857143573462963
2024,18,CAR,0.38721025,0.57242393,0.08345972,0.25447902,-0.0006573749706149101,0.22657091915607452,0.04466556292027235,-0.10035331174731255,0.029309232253581285,0.14761781558627263,0.05780947348102927,-0.06473741494119167
2025,1,CAR,-0.17619815,-0.21495187,-0.09287767,0.103053376,0.09393773972988129,0.2587500885128975,0.16448510345071554,-0.048125576227903366,0.07165303872898221,0.16487791814142838,0.11440060241147876,-0.04536555800586939
2025,2,CAR,0.036810167,0.11274079,-0.22295249,0.0859358,0.0933292955160141,0.24097367376089096,0.15140702854841948,-0.018918469548225403,0.05522259324789047,0.1890964336344041,0.11289206286892295,-0.06987183168530464
2025,3,CAR,-0.005843053,0.023101922,-0.03582179,-0.3391002,0.03711983002722263,0.22478678449988365,0.1081675635650754,-0.13349226117134094,0.031151537783443928,0.1679527923115529,0.09742822730913758,-0.12441233731806278
2025,4,CAR,-0.030361068,0.049331892,-0.14705433,0.35495633,0.06049480231013149,0.02609199658036232,0.12332869414240122,-0.06704805698245764,0.02991871366975829,0.12633145786821842,0.08399712853133678,-0.08370068436488509
2025,5,CAR,0.15839742,0.0024580539,0.36273175,0.08725241,-0.04389802704099566,0.05121132358908653,-0.007444316521286964,-0.12467656936496496,0.025019856344442815,0.154980706050992,0.07852039346471429,-0.08640107279643416
2025,6,CAR,0.19338414,0.18387054,0.20126684,0.25459874,0.039750866941176355,0.047261081635951996,0.04690816515358165,-0.010774212889373302,0.06654008122859523,0.14411737769842148,0.09915759685100056,-0.014846341218799353
2025,7,CAR,-0.07347129,-0.10905891,-0.032323092,-0.26143134,0.07889436034020036,0.08942681550979614,0.06469060183735564,0.09528061840683222,0.0580070951837115,0.1571068000048399,0.08642908270121552,-0.019105821382254362
2025,8,CAR,-0.31306085,-0.4678587,-0.11813026,0.3270728,0.06198730040341616,0.10884403437376022,0.031650394026655704,0.09615529328584671,0.061241051356773823,0.06746801547706127,0.07748954408452846,0.014553618151694536
2025,9,CAR,0.09694015,0.10377873,0.09175941,0.009977859,-0.008687645196914673,0.10187315195798874,-0.09764725452987477,0.10338631086051464,-0.026292836118955165,0.07654223777353764,-0.05254578552558087,-0.01064512925222516
2025,10,CAR,-0.30006108,-0.21433143,-0.41188237,0.14284027,-0.024051962420344353,0.08255451475270092,-0.07231708616018295,0.03564322553575039,0.007849452260416001,0.06490779819432646,-0.012704460503300652,0.012434506323188543
2025,11,CAR,0.09658963,0.28102228,-0.27936924,0.08826325,-0.14741326682269573,0.054614897118881345,-0.17186757922172546,-0.11764407716691494,-0.034259453241247684,0.07202085631433874,-0.05358848869218491,-0.01118172938004136
2025,12,CAR,-0.2348384,-0.2975126,0.022822233,-0.0013478714,-0.10489803552627563,0.1420385439414531,-0.07434728182852268,-0.17940561287105083,-0.02145536756142974,0.12544128915760666,-0.02134844390093349,-0.04162515979260206
2025,13,CAR,0.19092292,0.6272995,-0.09213217,0.14862052,-0.0853424221277237,0.05993337629479356,-0.03176075406372547,-0.1441674898378551,-0.04701503366231918,0.08090326412639115,-0.06470400429680012,-0.02039058948867023
2025,15,CAR,0.09215888,0.30560192,-0.18104821,0.12060856,-0.06184673123061657,0.09459404044901021,0.09911943599581718,-0.1901403865776956,-0.04294934682548046,0.08857427760085557,0.013401174917817116,-0.07724858052097261
2025,16,CAR,0.10059069,0.11085328,0.07885812,0.07918187,0.03620825707912445,0.0890361140773166,0.22910277545452118,-0.13243184750899673,-0.05560250487178564,0.07182550559809897,0.028617598116397858,-0.12503796233795583
2025,17,CAR,-0.47411227,-0.5353198,-0.3652989,-0.053588904,0.037208521738648415,0.08676576943253167,0.18656052462756634,-0.042875008191913366,-0.03384475689381361,0.11440215668699238,0.05610662139952183,-0.1111403105314821
2025,18,CAR,-0.035524383,0.1567138,-0.5678763,0.018300321,-0.022609947249293327,0.07370551116764545,0.127108721062541,-0.1399052906781435,-0.05397618468850851,0.06681944373121951,0.04767398349940777,-0.1420363902579993
2023,1,CHI,-0.17629676,-0.13923433,-0.25847867,0.15570137,,,,,,,,
2023,2,CHI,-0.17142627,-0.22356193,-0.042824868,0.19191578,,,,,,,,
2023,3,CHI,-0.30167553,-0.6369823,0.14031982,0.2263659,-0.17386151105165482,0.17380857467651367,-0.18139813095331192,-0.15065176971256733,-0.17386151105165482,0.17380857467651367,-0.18139813095331192,-0.15065176971256733
2023,4,CHI,0.117139734,0.2452167,-0.072767444,0.349165,-0.2164661834637324,0.19132768114407858,-0.3332595278819402,-0.05366123840212822,-0.2164661834637324,0.19132768114407858,-0.3332595278819402,-0.05366123840212822
2023,5,CHI,0.30894712,0.38057312,0.23270008,-0.0607334,-0.13306470401585102,0.2307870090007782,-0.18864047154784203,-0.05843778979033232,-0.13306470401585102,0.2307870090007782,-0.18864047154784203,-0.05843778979033232
2023,6,CHI,-0.30032375,-0.6377652,0.04766281,-0.21849403,-0.011753736063838005,0.17667831666767597,-0.058688607066869736,0.064356897957623,-0.044662339985370635,0.17248292714357377,-0.07479775249958039,-0.00021021589636802674
2023,7,CHI,0.15512827,0.22216769,0.09367548,-0.108658746,-0.04397810809314251,0.07407586462795734,-0.1622394323348999,0.08697881735861301,-0.08727257574597995,0.10732010131080945,-0.16862566520770392,0.007768621668219566
2023,8,CHI,-0.18272822,-0.2474103,-0.07492475,0.009782715,0.07022284157574177,-0.00968029536306858,0.05254806950688362,0.0753177311271429,-0.05264388344117573,0.07646598028285163,-0.11279804365975517,0.020041029900312424
2023,9,CHI,-0.16548347,-0.09768358,-0.25666267,-0.042362656,-0.004744146019220352,-0.0945258648134768,-0.07060867920517921,0.07477840408682823,-0.06890442501753569,0.0681305720936507,-0.12962457537651062,0.008170307148247957
2023,10,CHI,-0.08507657,-0.10344009,-0.06269604,-0.14659141,-0.1233517937362194,-0.08993317885324359,-0.19017285481095314,-0.04756228253245354,-0.0675527649000287,0.04337256890721619,-0.12443073093891144,0.008397307712584734
2023,11,CHI,0.04864887,0.25111333,-0.114310324,0.08594196,-0.06953999772667885,-0.07195752440020442,-0.056591570377349854,-0.07515199482440948,-0.05675905290991068,0.001059170113876462,-0.10941550135612488,0.005913411267101765
2023,12,CHI,-0.120922655,-0.23301472,0.11393686,-0.364132,-0.09615984745323658,-0.0233073472045362,-0.0493551604449749,-0.12714844569563866,-0.012968502938747406,-0.01649382128380239,0.001596454530954361,-0.025915357284247875
2023,14,CHI,0.036626834,0.20634128,-0.28158775,-0.16583778,-0.0807084571570158,-0.11678602267056704,-0.0457562655210495,-0.0799330435693264,-0.042726301588118076,-0.10565594374202192,-0.05818247236311436,-0.0025773197412490845
2023,15,CHI,-0.29511118,-0.29444364,-0.29629222,-0.3749532,-0.03018087986856699,-0.1476548034697771,0.030249949544668198,-0.08616431429982185,-0.0767663368023932,-0.11879399116151035,-0.07996145263314247,-0.0668632984161377
2023,16,CHI,0.1171819,0.006748211,0.23411168,-0.11311582,-0.08268953207880259,-0.20474525354802608,-0.01750093698501587,-0.14456335827708244,-0.07611476490274072,-0.13835138897411525,-0.03704625368118286,-0.10985767655074596
2023,17,CHI,0.10169537,0.20976412,-0.025444325,-0.07273241,-0.06555627565830946,-0.25450969859957695,-0.07859221554826945,-0.057457856833934784,-0.08085806155577302,-0.13890852290205657,-0.06397368799662217,-0.09230315126478672
2023,18,CHI,-0.11667284,0.01563406,-0.25473222,0.2359012,-0.009901768527925014,-0.18165980465710163,0.03210249461699277,-0.0923031521961093,-0.04530511284247041,-0.14922291366383433,-0.006826885452028364,-0.08611809788271785
2024,1,CHI,-0.25400904,-0.28186634,-0.20269291,-0.26079038,-0.04822668805718422,-0.08122505806386471,-0.015574310789816082,-0.0855892701074481,-0.039203783962875605,-0.11443993076682091,0.007337819377426058,-0.08587679220363498
2024,2,CHI,-0.20036586,-0.22224839,-0.13714966,-0.15769675,-0.03795115277171135,-0.052684349939227104,-0.0124299869639799,-0.062189443968236446,-0.06032034242525697,-0.1287148017436266,-0.014965461974497885,-0.10337640112265944
2024,3,CHI,-0.15093304,-0.062850125,-0.33317354,-0.22912928,-0.11733809113502502,-0.0638295840471983,-0.0696791373193264,-0.15500477980822325,-0.09144718339666724,-0.15916964132338762,-0.07413567643379793,-0.10623131832107902
2024,4,CHI,0.104399025,0.119036786,0.08638333,0.039437167,-0.18049519509077072,-0.10292880237102509,-0.13783269934356213,-0.23193708434700966,-0.09519848180934787,-0.14229430351406336,-0.05286510236328468,-0.16212011827155948
2024,5,CHI,0.17682546,0.41601,-0.11468065,-0.2268574,-0.12522722780704498,-0.15204481221735477,-0.11198201775550842,-0.14665819704532623,-0.0867269579321146,-0.11663493514060974,-0.06377816427266225,-0.11612373357638717
2024,6,CHI,0.32011378,0.52841127,-0.018369632,-0.02392606,-0.017518602311611176,-0.1435615662485361,0.06248706579208374,-0.12465513125061989,-0.027734877541661263,-0.09812295809388161,0.02502853941405192,-0.09342228760942817
2024,8,CHI,-0.085538745,-0.16308612,0.011395461,0.05087924,0.11260130628943443,-0.11011889297515154,0.25015198066830635,-0.09496012376621366,-0.0023683924227952957,-0.08697423851117492,0.09023642167448997,-0.12498245178721845
2024,9,CHI,-0.24301352,-0.2785242,-0.14208838,-0.08666875,0.12894988059997559,-0.040116761811077595,0.22509298287332058,-0.008817872731015086,-0.025772657245397568,-0.07152278209105134,0.04363014176487923,-0.12037747853901237
2024,10,CHI,-0.37330976,-0.43419832,-0.23123635,-0.030862425,0.04209674522280693,-0.07164324168115854,0.12570273876190186,-0.06593580055050552,-0.041565241292119026,-0.11184402694925666,0.006860360503196716,-0.10629699879791588
2024,11,CHI,0.16085838,0.15418771,0.17019732,0.24476704,-0.09543706104159355,-0.02264449931681156,-0.08684933930635452,-0.09507472696714103,-0.056477831676602364,-0.08310303278267384,-0.012181136757135391,-0.10986492910888046
2024,12,CHI,0.044547975,0.108013675,-0.171982,0.087933235,-0.13525091111660004,0.044528775848448277,-0.18040522933006287,-0.047932988265529275,-0.011324802413582802,-0.03279505856335163,0.03487337566912174,-0.07144655601587147
2024,13,CHI,0.0041267546,0.025232913,-0.10140407,0.051848404,-0.10272923111915588,0.05379227455705404,-0.11263028159737587,-0.0937773548066616,0.013110324740409851,0.006837756372988224,0.056231350637972355,-0.051297613768838346
2024,14,CHI,-0.15471043,-0.1657547,-0.13494699,0.40700737,-0.040944163454696536,0.08842156361788511,-0.03669100580736995,-0.08360627666115761,0.0005762908840551972,0.008389160968363285,0.044505866477265954,-0.07477103860583156
2024,15,CHI,-0.27762666,-0.2506889,-0.31514707,0.050376467,0.013705670135095716,0.19788901135325432,0.030419897753745317,-0.05953393504023552,-0.04086569545324892,0.08762225601822138,-0.028214720776304603,-0.07730433100368828
2024,16,CHI,0.0058580087,0.25780103,-0.80035967,0.32327142,-0.09591559018008411,0.149291368201375,-0.07079925714060664,-0.18087003380060196,-0.11558325064834207,0.09691007202491164,-0.12560224323533475,-0.11440151103306562
2024,17,CHI,-0.2169012,-0.2566323,-0.13545246,-0.1795682,-0.10558808175846934,0.20812591537833214,-0.03335241926833987,-0.3379644490778446,-0.10415865643881261,0.1309590949676931,-0.07299135043285787,-0.2158709019422531
2024,18,CHI,-0.18178265,-0.19424005,-0.16501305,-0.12074268,-0.16084506991319358,0.15027176402509212,-0.10381872206926346,-0.34647654742002487,-0.10089461668394506,0.11934666382148862,-0.0702548639383167,-0.21504141204059124
2025,1,CHI,-0.053387247,0.0129177,-0.19862665,-0.08260621,-0.167613125173375,0.018334252759814262,-0.11094005778431892,-0.3539930619299412,-0.07695372751913965,0.10811163205653429,-0.0402600800152868,-0.20676349848508835
2025,2,CHI,-0.17243649,-0.014654896,-0.4617028,0.40252432,-0.11155327106826007,-0.014911416918039322,-0.045038405107334256,-0.3248629570007324,-0.10373443062417209,0.06718997564166784,-0.05791883112397045,-0.2528664954006672
2025,3,CHI,0.2667999,0.5189758,-0.033871368,-0.02024705,-0.15612689591944218,0.004901807755231857,-0.11315238568931818,-0.2401987388730049,-0.13085748883895576,0.106513861566782,-0.07325240247882903,-0.28908159397542477
2025,4,CHI,-0.13210471,-0.029065687,-0.3292229,-0.19576073,-0.03520162217319012,0.044732095673680305,0.08074963744729757,-0.21480346471071243,-0.09802334604319185,0.09750192984938622,-0.011534542310982943,-0.28064000606536865
2025,6,CHI,0.1277509,0.06788059,0.21875377,0.028906085,-0.022782137617468834,0.02597758360207081,0.12204322777688503,-0.2558559253811836,-0.09519763139542192,0.022155918180942535,0.005551584996283054,-0.3049244936555624
2025,7,CHI,0.07559457,0.037218343,0.1038718,-0.21227479,0.02250239998102188,0.05385565757751465,0.13578395103104413,-0.1515108197927475,-0.044525435543619096,0.019472120329737663,0.045372772961854935,-0.23818688839673996
2025,8,CHI,0.04669682,0.09331053,-0.046530604,0.21965343,0.08451016433537006,-0.09984412044286728,0.14875226095318794,-0.010117171332240105,-0.035808365792036057,-0.04747115634381771,0.01779993763193488,-0.1251579551026225
2025,9,CHI,0.44084588,0.47249871,0.39576462,0.22179887,0.029484394937753677,-0.039869001135230064,0.04233594425022602,-0.013281980529427528,-0.0028586136177182198,0.0024315472692251205,0.0615427908487618,-0.11404272262006998
2025,10,CHI,0.0765804,0.10606532,0.013398406,-0.0054572397,0.17272204160690308,0.06452089734375477,0.16772704478353262,0.16796489618718624,0.07496995199471712,0.04524924047291279,0.14488513628020883,-0.04394551459699869
2025,11,CHI,-0.06310087,-0.00662626,-0.118089296,-0.17616986,0.1599294152110815,0.055930066271685064,0.17727322597056627,0.11662605521269143,0.09121590759605169,0.054892861924599856,0.1565285885008052,-0.017442382290028036
2025,12,CHI,0.011751019,0.056090664,-0.0653614,0.048218843,0.12525555677711964,0.06495629937853664,0.1663120751036331,0.06113578123040497,0.10488286055624485,-0.01744391053216532,0.15753216802841052,0.025509304949082434
2025,13,CHI,0.042160287,-0.123734914,0.20051481,-0.05642719,0.11651910678483546,0.022097653127275407,0.15700710925739259,0.05642808158881962,0.07300175086129457,-0.008885674003977329,0.0996715267538093,0.021573050529696047
2025,14,CHI,0.086057924,0.016654158,0.17859627,0.20429644,0.016847709426656365,-0.04745886067394167,0.007948702084831893,0.007615628885105252,0.09478487551677972,0.008531018334906548,0.08783787343418226,0.08779026253614575
2025,15,CHI,0.04692835,0.16325122,-0.07302963,-0.46604475,0.019217090914025903,0.0049795592203736305,-0.01440408790949732,0.04891509562730789,0.0895732530625537,0.030454812746029347,0.08143456903053448,0.08277057541999966
2025,16,CHI,0.10891271,0.23743662,-0.12019514,0.09563013,0.046724395127967,-0.06748916488140821,0.02806528238579631,0.06018001213669777,0.08598997595254332,-0.0012664327514357865,0.09718867874471471,0.06065789668355137
2025,17,CHI,0.32815567,0.3957507,0.1645045,0.29294983,0.07101481687277555,-0.055636342614889145,0.0734017719514668,0.046471577137708664,0.0937669618288055,-0.01676934474380687,0.11520444060442969,0.05144982936326414
2025,18,CHI,0.034055818,0.026397008,0.04979892,0.12645234,0.14251366164535284,0.03170791082084179,0.20327317574992776,0.03746899962425232,0.0796806855360046,-0.007875474926549941,0.10561093891737983,0.022542314254678786
2023,1,CIN,-0.41144583,-0.49726975,-0.23979804,-0.14589742,,,,,,,,
2023,2,CIN,0.045634843,0.055564508,0.01584587,0.22459005,,,,,,,,
2023,3,CIN,-0.07994017,-0.10605425,-0.010737864,-0.14001119,-0.18290549144148827,0.03934631496667862,-0.22085262089967728,-0.11197608429938555,-0.18290549144148827,0.03934631496667862,-0.22085262089967728,-0.11197608429938555
2023,4,CIN,-0.193231,-0.2832173,0.009238195,0.21857499,-0.14858371764421463,-0.020439520478248596,-0.18258649607499441,-0.07823001096645991,-0.14858371764421463,-0.020439520478248596,-0.18258649607499441,-0.07823001096645991
2023,5,CIN,-0.0053590345,0.1910241,-0.37708423,-0.2948153,-0.15974553860723972,0.03931410610675812,-0.20774419978260994,-0.05636295955628157,-0.15974553860723972,0.03931410610675812,-0.20774419978260994,-0.05636295955628157
2023,6,CIN,-0.0878931,-0.057178356,-0.18239999,-0.07002833,-0.05822384066414088,0.0020846351981163025,-0.03567073866724968,-0.090684506110847,-0.12886823778972029,-0.027511775493621826,-0.12799054086208345,-0.12050721272826195
2023,8,CIN,0.2500563,0.32539102,0.12231479,-0.04252179,-0.09160582616459578,-0.07156995870172977,-0.0638564545661211,-0.14024597080424428,-0.12203904792355995,-0.03459786747892698,-0.11618851001063983,-0.1308226753026247
2023,9,CIN,0.18539506,0.29433182,-0.111154996,0.05839193,-0.009106709505431354,-0.04719760827720165,0.04400486312806606,-0.1069828076288104,-0.06888257013633847,-0.03572985636336463,-0.05310571938753128,-0.09466018048780304
2023,10,CIN,0.029756682,0.08758819,-0.2160272,0.13851768,0.08554980636108667,-0.08724337257444859,0.1883921455591917,-0.1370811052620411,-0.03709786612307653,-0.023964633233845234,-0.009676027111709118,-0.09672203240916133
2023,11,CIN,0.09804764,0.109337084,0.071078435,0.17128299,0.09432873548939824,0.02108987234532833,0.16253316961228848,-0.09681684896349907,0.01805244741262868,0.011587253771722317,0.0634312154725194,-0.09375067753717303
2023,12,CIN,-0.214422,-0.1259706,-0.53874373,0.06222908,0.14081391924992204,0.08141770213842392,0.20416202954947948,-0.03344724327325821,0.024604046542663127,0.004923871718347073,0.07015278749167919,-0.08684660703875124
2023,13,CIN,0.20380597,0.31449842,0.045146752,0.1660501,0.024694344494491816,0.10760541912168264,0.09132162295281887,-0.19871187396347523,0.007793817494530231,0.030203905422240496,0.06766324304044247,-0.15284734079614282
2023,14,CIN,0.08067184,0.20003904,-0.03869537,-0.07042707,0.029297071043401957,0.13451996352523565,0.09636327438056469,-0.15963643696159124,0.05742343870224431,0.023638295475393534,0.1423777099698782,-0.14835877111181617
2023,15,CIN,0.12670293,0.13935383,0.0963408,0.14670844,0.0420258603990078,0.08228377718478441,0.1244759876281023,-0.11530347913503647,0.06817729794420302,0.05168682476505637,0.1435045786201954,-0.10606016404926777
2023,16,CIN,-0.1931949,-0.14565997,-0.3357997,0.20821056,0.04918968491256237,0.07614014018326998,0.13198017328977585,-0.10898788832128048,0.0950018020812422,0.07877892116084695,0.16807110141962767,-0.07121756579726934
2023,17,CIN,-0.0056137275,0.20056298,-0.36451393,0.053653557,0.054496461525559425,0.11263551004230976,0.12705783173441887,-0.058251878246665,0.03959540301002562,0.1101204645819962,0.10918972734361887,-0.12848187610507011
2023,18,CIN,0.007859192,0.0020839388,0.015078272,-0.254296,0.0021415376104414463,0.08453637268394232,0.0985739715397358,-0.16066704969853163,0.0157193043269217,0.10952816810458899,0.09746862296015024,-0.16015174333006144
2024,1,CIN,-0.12050245,-0.22850876,0.19520825,-0.006899283,-0.016061624279245734,0.03856913838535547,0.04908519523451105,-0.14722363953478634,0.012982118059881032,0.06042645778506994,0.08678059143130668,-0.1312635593349114
2024,2,CIN,0.026635354,0.05919535,-0.04499663,-0.06491075,-0.07786297029815614,0.00016720674466341734,-0.04288045031717047,-0.12250677612610161,-0.014336642692796886,0.0381536734639667,0.04454986148630269,-0.11574733222369105
2024,3,CIN,0.40651807,0.44870347,0.31104589,0.50604373,-0.022905407706275582,-0.06811311945784837,0.008333379460964352,-0.0498060102108866,0.01579552690964192,0.022261195292230695,0.06769560559769161,-0.0540289442287758
2024,4,CIN,0.15929641,0.29825187,-0.0020712113,0.022533625,0.08012754213996232,0.044984424370341,0.07036850048461929,0.11908394447527826,0.04113453987520188,0.06476039852714166,0.08447123601217754,-0.020791552611626685
2024,5,CIN,0.26225522,0.5257543,-0.24182998,0.27537692,0.11798684624955058,0.11419183190446347,0.1444104826077819,0.11479657370364293,0.05096261098515242,0.07638048514490947,0.09674783892114647,-0.016213532915571705
2024,6,CIN,-0.009881478,0.2344954,-0.49863523,-0.07470339,0.2136762640438974,0.18476088158786297,0.33297623973339796,0.005537016724701971,0.06790664687287062,0.09246404416626319,0.14504789470811374,-0.05848487970069982
2024,7,CIN,-0.17677101,-0.03642881,-0.36176756,-0.15220134,0.20454705599695444,0.18231272138655186,0.3768012523651123,-0.10787263378733769,0.09082082414533943,0.05709980096435174,0.19256731591303833,-0.07883932199911214
2024,8,CIN,-0.0009322459,0.1193913,-0.28404647,0.334626,0.058724784292280674,0.017751453444361687,0.25551818311214447,-0.2760759951197542,0.0694261632161215,0.031367938907351345,0.16294334179838188,-0.07849602532223798
2024,9,CIN,0.09197606,0.18790394,-0.055341728,-0.20597193,0.018667620737687685,0.09577454440295696,0.21080304123461246,-0.34656981006264687,0.06832723349361913,0.10498318815371022,0.17760676192119718,-0.11588661817950197
2024,10,CIN,0.180103,0.30390456,-0.33057848,0.2737064,-0.023902169297798537,-0.024562666192650795,0.1263404581695795,-0.2999477479606867,0.09488704737304943,0.08009910769760609,0.22965834895148873,-0.14720536561799236
2024,11,CIN,0.11484495,0.18039118,-0.053295378,0.041040845,0.023593951147631742,0.06253978237509727,0.14369274862110615,-0.25793355889618397,0.11407050357229309,0.12242625188082457,0.2602470004931092,-0.18290309634176083
2024,13,CIN,0.0777792,0.07118425,0.10263709,0.3124156,0.09649794189317618,0.11085032857954502,0.19789774529635906,-0.1808155132457614,0.07761136309272842,0.06430089101195335,0.22670796420425177,-0.2284457541827578
2024,14,CIN,0.10166595,0.14854637,-0.041732974,-0.0011368255,0.1161758042871952,0.10529773123562336,0.1858459822833538,-0.08414462301880121,0.06742171251244145,0.10053613781929016,0.19832451175898314,-0.21535721654072404
2024,15,CIN,0.23563544,0.30868173,0.124713324,-0.04844884,0.11859827674925327,0.15650650646421127,0.17600658908486366,-0.0807424345985055,0.04734805372572737,0.06597192013578024,0.15117352362722158,-0.1903450912795961
2024,16,CIN,0.11405102,0.1216259,0.09969863,-0.21949697,0.13248138688504696,0.07596769530209713,0.17720087990164757,0.0330805154517293,0.07803766901633935,0.0692537388385972,0.16044681426137686,-0.11242652172222733
2024,17,CIN,0.17988533,0.33804962,-0.2250153,0.17167535,0.13228290528059006,0.010833242646185681,0.16250956058502197,0.07132901810109615,0.11439042358688312,0.06084178561286535,0.18020365294069052,-0.05474324757233262
2024,18,CIN,-0.01372088,-0.018211283,-0.0026017795,-0.122274294,0.15780943632125854,-0.024351818748982623,0.22922590374946594,-0.01058407872915268,0.13699262030422688,0.04047295624332037,0.20753594301640987,-0.047364350873976946
2025,1,CIN,-0.07322705,-0.0186439,-0.14204928,-0.032038722,0.12896272842772305,-0.054636185988783836,0.18753649108111858,-0.0008012800244614482,0.12378050258848816,0.05093516023771372,0.18177154008299112,-0.04077185731148347
2025,2,CIN,0.017736629,0.016357765,0.02164344,0.09157124,0.05174710531719029,-0.0505336569622159,0.10570508427917957,-0.06749193172436208,0.09211424610111862,0.012717019169940613,0.14145298209041357,-0.01720570813631639
2025,3,CIN,-0.6815646,-0.9743,-0.2291552,0.09000853,0.027668507071211934,0.027233394794166088,0.07938805036246777,-0.08700573013629764,0.079975706175901,0.019033318720175885,0.12094880547374487,-0.007838356017600745
2025,4,CIN,-0.19890405,-0.29358807,0.024279714,0.20612232,-0.1876939821522683,0.006816687993705273,-0.24869936145842075,-0.08804070518817753,-0.014942272915504873,-0.008767565377638675,-0.009736728854477406,-0.0493123919586651
2025,5,CIN,-0.01934133,0.010064378,-0.13017827,0.20190555,-0.23398977518081665,0.08891584258526564,-0.31754355877637863,-0.08132033189758658,-0.0525135233765468,0.0171398282982409,-0.06500353384763002,-0.041060805961024016
2025,6,CIN,0.10805341,0.16267703,-0.05240347,0.2134284,-0.22051834547892213,0.14740191027522087,-0.3103664889931679,-0.0783525793813169,-0.08438562008086592,0.048434126656502485,-0.10233070235699415,-0.07292225555283949
2025,7,CIN,0.31523204,0.32593104,0.28873926,0.3082461,-0.1979391505010426,0.17786619812250137,-0.27378667145967484,-0.09686430636793375,-0.08513532171491534,0.10254979645833373,-0.09719931054860353,-0.0919350182521157
2025,8,CIN,0.24608341,0.13244236,0.437207,0.34124362,0.05126001639291644,0.23242559283971786,0.051271095871925354,0.0326093090698123,-0.06821698287967592,0.11962114041671157,-0.0987141327932477,-0.027715698059182614
2025,9,CIN,0.22179887,0.31293908,-0.123231985,0.44084588,0.1625068816356361,0.26620591804385185,0.15777870267629623,0.13584113400429487,-0.03574144677259028,0.17756088031455874,-0.0798824280500412,0.027260401053354144
2025,11,CIN,-0.18438691,-0.36089593,0.13793385,0.18347394,0.22279193066060543,0.3259410001337528,0.23349737748503685,0.13757770601660013,0.001136792590841651,0.23667145520448685,-0.038434555754065514,0.029612563317641616
2025,12,CIN,-0.17502531,-0.29945132,0.027166916,0.022934189,0.14968185126781464,0.318452388048172,0.10260413587093353,0.18516203574836254,-0.024128649616613984,0.24815929308533669,-0.08559126779437065,0.044148864690214396
2025,13,CIN,0.019006772,0.16999549,-0.1985946,-0.33492178,0.027117513120174408,0.24712440883740783,-0.053741455078125,0.11976894875988364,0.039188764756545424,0.23977500083856285,-0.001235179603099823,0.07618912891484797
2025,14,CIN,0.16905746,0.28152683,-0.073639564,0.27957347,-0.02965164603665471,0.07808305835351348,-0.044353172183036804,-0.039181454572826624,0.06642761779949069,0.17214448819868267,0.056712765246629715,0.048329839715734124
2025,15,CIN,-0.3178049,-0.35403907,-0.25568908,0.20007621,-0.042836998123675585,0.03776495670899749,-0.05220623314380646,-0.026783349458128214,0.08997746626846492,0.18185297842137516,0.0906455721706152,0.05539717827923596
2025,16,CIN,0.37215388,0.5487875,0.11780153,-0.0824058,-0.07619149656966329,0.041915522422641516,-0.05049201846122742,-0.12518908316269517,0.036745177349075675,0.18018395523540676,0.026056058704853058,0.029986476292833686
2025,17,CIN,0.3303265,0.48808804,0.10420164,-0.022704843,0.060603301506489515,0.015580525621771812,0.16156768053770065,-0.10253042913973331,0.04386040731333196,0.13135246722958982,0.05391311272978783,0.008619259810075164
2025,18,CIN,-0.10136537,-0.2753688,0.19792058,-0.12539846,0.13843323290348053,0.09363475907593966,0.2410908192396164,-0.02683136984705925,0.05439079343341291,0.08585890871472657,0.0983688235282898,-0.03300641220994294
2023,1,CLE,-0.14589742,-0.25561854,-0.04742974,-0.41144583,,,,,,,,
2023,2,CLE,-0.22076736,-0.32545388,-0.065233156,-0.39196584,,,,,,,,
2023,3,CLE,0.13831115,0.3842809,-0.19784752,-0.3846705,-0.1833323910832405,-0.4017058312892914,-0.29053620994091034,-0.05633144825696945,-0.1833323910832405,-0.4017058312892914,-0.29053620994091034,-0.05633144825696945
2023,4,CLE,-0.43971002,-0.5113725,-0.2898703,0.01598108,-0.07611787815888722,-0.3960273861885071,-0.06559717655181885,-0.10350347061951955,-0.07611787815888722,-0.3960273861885071,-0.06559717655181885,-0.10350347061951955
2023,6,CLE,-0.1822171,-0.37638795,0.051930137,-0.14153269,-0.1670159138739109,-0.293025269638747,-0.17704100906848907,-0.15009517595171928,-0.1670159138739109,-0.293025269638747,-0.17704100906848907,-0.15009517595171928
2023,7,CLE,-0.13027264,-0.17405409,-0.07417765,-0.06511727,-0.17609583586454391,-0.225546985398978,-0.20723336189985275,-0.12525520659983158,-0.17005615234375,-0.26272675357759,-0.21691039800643921,-0.10969011336565018
2023,8,CLE,-0.018990245,0.015840208,-0.056644786,0.06475708,-0.1534721553325653,-0.14383484376594424,-0.16938341408967972,-0.12749133072793484,-0.16342556724945703,-0.22979183960705996,-0.20976767937342325,-0.10377136990427971
2023,9,CLE,-0.07469072,0.0835452,-0.22437333,-0.7667745,-0.1927975034341216,-0.0314779500477016,-0.2614935846067965,-0.09219064842909575,-0.14279194974473544,-0.18771342267947538,-0.1775379811546632,-0.09703900079642024
2023,10,CLE,0.08354789,0.024536334,0.18122219,-0.015642283,-0.10154267866164446,-0.22716683894395828,-0.11276415782049298,-0.07581640686839819,-0.13427929626777768,-0.26009605429135263,-0.14490258344449103,-0.11295579141005874
2023,11,CLE,-0.14715125,-0.22882035,-0.0158973,-0.12306797,-0.03510142955929041,-0.1956942374818027,-0.012533085886389017,-0.04349339473992586,-0.10559863271191716,-0.21062061144039035,-0.10988322389312088,-0.08437430066987872
2023,12,CLE,-0.21181077,-0.1621552,-0.32466432,0.04048175,-0.03932108078151941,-0.21018191194161773,-0.026224652770906687,-0.028923306614160538,-0.09639661805704236,-0.17700837785378098,-0.0978040334302932,-0.07820731867104769
2023,13,CLE,-0.10047078,-0.17299037,0.05087445,0.16596764,-0.08752621151506901,-0.21625074418261647,-0.0707235038280487,-0.0959281912073493,-0.1401618574745953,-0.12386434711515903,-0.1661085442174226,-0.09405941981822252
2023,14,CLE,-0.14910914,-0.17806916,-0.09675833,-0.15293178,-0.09397122636437416,0.016934785526245832,-0.13485739566385746,-0.027116247452795506,-0.09775695251300931,-0.10511602670885623,-0.12381077674217522,-0.05146632716059685
2023,15,CLE,-0.3749532,-0.32129386,-0.5269881,-0.29511118,-0.1521354839205742,-0.017387588508427143,-0.18550876900553703,-0.09661137592047453,-0.0936184567399323,-0.10654091299511492,-0.09902092744596303,-0.0700523853302002
2023,16,CLE,0.11120669,0.30820438,-0.19044599,-0.1957408,-0.20908597484230995,-0.06039839144796133,-0.2086271457374096,-0.22438407316803932,-0.12420352781191468,-0.13529015169478953,-0.11742589925415814,-0.12665368989109993
2023,17,CLE,-0.05317569,0.05830195,-0.18057871,-0.16764995,-0.1283316109329462,-0.1194540299475193,-0.09103725105524063,-0.19082948938012123,-0.1079289112240076,-0.1678523870650679,-0.08088037744164467,-0.14337884029373527
2023,18,CLE,-0.254296,-0.30877823,-0.1671245,0.007859192,-0.11650783848017454,-0.20285842940211296,-0.033214171417057514,-0.24869277887046337,-0.10523953242227435,-0.09296182193793356,-0.08403578354045749,-0.13790451316162944
2024,1,CLE,-0.30191585,-0.36457583,-0.066940986,-0.100704454,-0.14280455466359854,-0.16266068653203547,-0.06589143816381693,-0.2662843205034733,-0.14747001929208636,-0.0900241375202313,-0.12570010358467698,-0.1814478482119739
2024,2,CLE,-0.019716553,0.030595705,-0.0901537,-0.025020648,-0.1245452156290412,-0.11405900516547263,-0.0767119312658906,-0.15127254463732243,-0.16681559523567557,-0.08722869830671698,-0.1426695385016501,-0.18782830890268087
2024,3,CLE,-0.34005022,-0.29384872,-0.49713522,0.041151285,-0.1572760259732604,-0.071378966094926,-0.14611410070210695,-0.12619947269558907,-0.1428038184531033,-0.09541649802122265,-0.11857567587867379,-0.15851448103785515
2024,4,CLE,-0.13889717,-0.19632734,0.029564722,-0.13563073,-0.22899465821683407,-0.019178656162694097,-0.23415176942944527,-0.20533860102295876,-0.1727512483485043,-0.11101854278240353,-0.1336829704232514,-0.22701568994671106
2024,5,CLE,-0.28055915,-0.38020277,-0.08601681,0.07283202,-0.20014494843780994,-0.05505113583058119,-0.20603904873132706,-0.15616629691794515,-0.17147475155070424,-0.10885591118130833,-0.135965243447572,-0.21122530871070921
2024,6,CLE,-0.07390009,0.005618283,-0.18323785,0.17127573,-0.19480577297508717,-0.011667017824947834,-0.20994578301906586,-0.16093525337055326,-0.15967549430206418,-0.06286301149521023,-0.14332885714247823,-0.15610389900393784
2024,7,CLE,-0.15220134,-0.182417,-0.06842155,-0.17677101,-0.20835165679454803,0.037407077848911285,-0.2161901384824887,-0.18420629063621163,-0.18281384138390422,-0.016985944123007357,-0.18115211959229782,-0.15520288166590035
2024,8,CLE,0.11683771,0.27005705,-0.17044854,0.1434995,-0.16138943657279015,-0.01707349717617035,-0.18833220901433378,-0.07702787267044187,-0.1951920473948121,-0.018126076669432223,-0.21124198922188953,-0.1411832368467003
2024,9,CLE,-0.28198752,-0.3233348,-0.16001305,0.0054445006,-0.0974557176232338,0.05270905792713165,-0.07173611002508551,-0.12703118845820427,-0.14880033303052187,-0.0011710389517247677,-0.13888757937820628,-0.1415987426880747
2024,11,CLE,0.043069825,0.18923202,-0.36464575,0.23851997,-0.09781280905008316,0.035862178541719913,-0.057519120746292174,-0.1455302480608225,-0.14630929101258516,0.01209758035838604,-0.13373245188267902,-0.15323275071568787
2024,12,CLE,-0.007282954,-0.08385086,0.08989938,-0.008749247,-0.0685703307390213,0.05267323646694422,-0.011615686118602753,-0.1908822227269411,-0.13846099376678467,0.04504015715792775,-0.11390291230054572,-0.18754425668157637
2024,13,CLE,-0.020699723,0.014989093,-0.12452173,0.09224466,-0.03234073438216001,0.09467867854982615,0.013025850057601929,-0.15130198933184147,-0.09686508547747508,0.0388025906868279,-0.08765317947836593,-0.11416493100114167
2024,14,CLE,-0.15459059,-0.19084756,-0.08642749,-0.10192382,-0.06672509259078652,0.08186497073620558,-0.05074113979935646,-0.1398202870041132,-0.08209040510701016,0.06728701433166862,-0.061238624912220985,-0.13342573773115873
2024,15,CLE,-0.4906877,-0.60310936,-0.22212481,-0.07742546,-0.034875861019827425,0.055022889748215675,-0.01761932671070099,-0.12142389640212059,-0.06634433503495529,0.045442534144967794,-0.03756922372849658,-0.13347707223147154
2024,16,CLE,-0.21949697,-0.272244,-0.106467634,0.11405102,-0.1683152416953817,-0.02396346628665924,-0.21570467203855515,-0.08579366281628609,-0.1184427862172015,0.014354885090142488,-0.11366017907857895,-0.1383379427716136
2024,17,CLE,-0.35629094,-0.49409094,-0.10529802,-0.11910222,-0.2213687445037067,0.006736600771546364,-0.26280295848846436,-0.1348854172974825,-0.12685473944293335,0.050707639660686255,-0.12488855421543121,-0.14309370331466198
2024,18,CLE,-0.3469742,-0.33300167,-0.3806727,0.12860279,-0.305266547948122,-0.04610011912882328,-0.3900729678571224,-0.1300794892013073,-0.18599582026945427,0.01788242580369115,-0.22040705382823944,-0.13494988810271025
2025,1,CLE,-0.032038722,-0.01745251,-0.06565043,-0.07322705,-0.35336244851350784,0.011531533673405647,-0.4256114959716797,-0.203640790656209,-0.19411915476666763,0.03327721171081066,-0.22161541134119034,-0.1625323435291648
2025,2,CLE,-0.27052146,-0.4382525,0.14481261,0.09847029,-0.2387002045288682,0.01258113607764244,-0.2791972835548222,-0.16452219523489475,-0.20350772311212495,-0.0056911651045084,-0.24745097779668868,-0.12515792902559042
2025,3,CLE,-0.1469657,-0.1731297,-0.088096775,-0.03806407,-0.2514563286677003,0.008685953915119171,-0.32069940911605954,-0.1017021331936121,-0.2364125365857035,0.0077112773433327675,-0.29175118380226195,-0.1182937752455473
2025,4,CLE,-0.3375794,-0.50514525,-0.07978577,-0.14605968,-0.19912501890212297,0.02894549071788788,-0.2404590961523354,-0.0974018219858408,-0.2521957834251225,-0.008577314205467701,-0.3152660320047289,-0.11374065559357405
2025,5,CLE,-0.045919035,-0.07456426,-0.016431311,0.08190891,-0.1967763202264905,-0.03972012549638748,-0.2834949907846749,-0.022180091589689255,-0.27506938436999917,-0.014094295911490917,-0.3545532433781773,-0.11291044112294912
2025,6,CLE,-0.11829913,-0.14886141,-0.001443316,0.11001164,-0.20024639833718538,-0.0009361356496810913,-0.29777292907238007,-0.00987531105056405,-0.2194733014330268,0.005822500213980675,-0.28848510631360114,-0.0871987531427294
2025,7,CLE,0.0037233233,0.22792552,-0.19058524,-0.5179957,-0.16219081450253725,0.0019492004066705704,-0.22542515397071838,-0.04643929348094389,-0.20682357158511877,0.005317577160894871,-0.27306228154338896,-0.074070713337278
2025,8,CLE,-0.3147657,-0.46003598,0.10029237,0.093406856,-0.12451855931431055,-0.11803371086716652,-0.12516134977340698,-0.07206140988273546,-0.16182178910821676,-0.04454411007463932,-0.1828102229628712,-0.08473161593428813
2025,10,CLE,-0.043361254,0.0020621368,-0.120749235,-0.24411571,-0.11881513241678476,-0.05816707760095596,-0.11388403177261353,-0.027041874534916133,-0.15779572632163763,-0.04894360154867172,-0.1986895112786442,-0.024610983062302694
2025,11,CLE,-0.43516582,-0.5383583,-0.28710705,-0.11659462,-0.11817568726837635,-0.13967323303222656,-0.09472743177320808,-0.05312135553685948,-0.15921104280278087,-0.07030468434095383,-0.19625018042279407,-0.03149833329371177
2025,12,CLE,-0.22228737,-0.14491862,-0.29370472,-0.3348924,-0.19739236123859882,-0.196324797347188,-0.19210164749529213,-0.12453728914260864,-0.17979158787056804,-0.09718779847025871,-0.20876340073300526,-0.08548829131177627
2025,13,CLE,-0.21658088,-0.24010304,-0.19229995,0.011028129,-0.2538950350135565,-0.15054896660149097,-0.28531268367078155,-0.15031715855002403,-0.18920679716393352,-0.13429133873432875,-0.20523701672209427,-0.11118928421637975
2025,14,CLE,-0.05491398,0.063206494,-0.36575735,-0.101178676,-0.22934883274137974,-0.17114364844746888,-0.23032944777514786,-0.2234652377665043,-0.17408198257908225,-0.11465536302421242,-0.1721067397738807,-0.1252535561507102
2025,15,CLE,-0.46604475,-0.5153061,-0.31826076,0.04692835,-0.23223701398819685,-0.13540938985534012,-0.2150433585047722,-0.28471726551651955,-0.1752063506282866,-0.13754131144378334,-0.15488539513899013,-0.16891931052668951
2025,16,CLE,-0.11955801,-0.2691224,0.08876382,0.060782894,-0.23995674680918455,-0.09452864737249911,-0.2092803195118904,-0.2925056926906109,-0.2186745540238917,-0.14542672235984355,-0.20069098350359127,-0.20852149091660976
2025,17,CLE,-0.20642807,-0.10088046,-0.34555897,-0.21981137,-0.2142744055017829,0.004390174290165305,-0.2403312623500824,-0.19688855856657028,-0.2340847202576697,-0.07307939615566283,-0.262821973010432,-0.17360285855829716
2025,18,CLE,-0.12539846,-0.28024477,0.085755594,-0.10136537,-0.21173620130866766,-0.05331969913095236,-0.20552561804652214,-0.2352033145725727,-0.2205425170250237,-0.11223167378921062,-0.217927532910835,-0.2293342761695385
2023,1,DAL,0.14542055,0.23986377,0.057273556,-0.42709333,,,,,,,,
2023,2,DAL,0.09737568,0.40281937,-0.21551783,-0.43178573,,,,,,,,
2023,3,DAL,0.05591427,-0.034693033,0.20205508,0.21959724,0.12139811739325523,-0.4294395297765732,0.3213415667414665,-0.07912213914096355,0.12139811739325523,-0.4294395297765732,0.3213415667414665,-0.07912213914096355
2023,4,DAL,0.10212688,0.16408071,0.010343425,-0.47803652,0.09957016880313556,-0.2130939414103826,0.20266336699326834,0.014603601147731146,0.09957016880313556,-0.2130939414103826,0.20266336699326834,0.014603601147731146
2023,5,DAL,-0.4466797,-0.4536831,-0.43500742,0.22101903,0.10020934697240591,-0.2793295867741108,0.19301770254969597,0.013538557104766369,0.10020934697240591,-0.2793295867741108,0.19301770254969597,0.013538557104766369
2023,6,DAL,0.069633916,0.24015038,-0.26327917,-0.11988105,-0.047815718688070774,-0.11730149760842323,0.019630983471870422,-0.10953168757259846,-0.009168464690446854,-0.17925986349582673,0.0636775404214859,-0.07617063894867897
2023,8,DAL,0.20718105,0.34638003,-0.10784826,-0.15835057,-0.05475116055458784,-0.039325326681137085,-0.021036263555288315,-0.12147202156484127,0.003965265428026517,-0.16936339437961578,0.0930896798769633,-0.10735539409021537
2023,9,DAL,0.1407489,0.24782743,-0.19238429,0.24160376,-0.016934465616941452,-0.13381227850914001,0.07423200085759163,-0.1989478562027216,0.03299609199166298,-0.16779013403824397,0.12927401491573878,-0.10742580305252757
2023,10,DAL,0.2956525,0.44079992,0.0682549,-0.23907106,-0.007278960198163986,0.04609779268503189,0.09516867995262146,-0.24962978437542915,0.04646519338712096,-0.11661589704453945,0.14409319125115871,-0.11804561363533139
2023,11,DAL,0.1966281,0.24879095,0.09882272,-0.29556197,0.17830409482121468,-0.06892472878098488,0.31878943741321564,-0.12381420284509659,0.06524418806657195,-0.09311311319470406,0.16921021044254303,-0.11667294520884752
2023,12,DAL,0.40073812,0.5861225,0.059240617,-0.20928195,0.21005263924598694,-0.11284495890140533,0.32094958052039146,-0.033288730308413506,0.07765073934569955,-0.07608514279127121,0.14995665848255157,-0.07738037593662739
2023,13,DAL,0.24143304,0.37895542,-0.0069944686,0.25497952,0.25844190642237663,-0.12557780370116234,0.38088520243763924,0.008483488112688065,0.12075372040271759,-0.12969504110515118,0.22755860164761543,-0.09523218404501677
2023,14,DAL,0.061423045,0.106851175,-0.0060308618,-0.20233186,0.2836129404604435,-0.12223386391997337,0.4136672019958496,0.054830942885018885,0.13816699013113976,-0.03806803561747074,0.25441794097423553,-0.09739942074520513
2023,15,DAL,-0.09418129,-0.15888949,0.07163347,0.23441646,0.225055574439466,-0.11304906383156776,0.33018001541495323,0.036259501706808805,0.20167983463034034,-0.09098689630627632,0.32448472641408443,-0.04377735056914389
2023,16,DAL,0.14665474,0.35503155,-0.26062715,0.04150922,0.15235322806984186,0.019445542246103287,0.22825990617275238,0.029462189879268408,0.1812029336579144,-0.046699708327651024,0.2746047433465719,-0.0019132702145725489
2023,17,DAL,-0.030021451,0.13851319,-0.3751162,-0.04366071,0.08883238304406404,0.08214333467185497,0.1704871654510498,-0.05050475196912885,0.17363714473322034,-0.021717234514653683,0.2756861839443445,-0.02101063192822039
2023,18,DAL,0.32571656,0.5363639,0.030810226,-0.29947397,0.02096876036375761,0.007483276538550854,0.11037660762667656,-0.14253518462646753,0.15229085041210055,-0.05737529369071126,0.2620219048112631,-0.04385212087072432
2024,1,DAL,-0.100704454,-0.16644563,-0.009678215,-0.30191585,0.08704213798046112,-0.016802252270281315,0.2177547886967659,-0.13332491274923086,0.15604885620996356,-0.06492565805092454,0.27396740205585957,-0.04853270552121103
2024,2,DAL,-0.16222283,-0.20943502,-0.046552986,0.4248462,0.08541134744882584,-0.15088532958179712,0.21586575359106064,-0.15365283470600843,0.11888228775933385,-0.06571989366784692,0.2220628298819065,-0.06209532241337001
2024,3,DAL,0.055624507,0.10156701,-0.1281455,0.31388202,0.008191954344511032,-0.05505108367651701,0.07474911212921143,-0.1001342935487628,0.04851216869428754,0.013546125497668982,0.12261813879013062,-0.07531952275894582
2024,4,DAL,0.09113758,0.2025342,-0.06384902,-0.05686234,0.029603444039821625,0.03433459997177124,0.06551256589591503,-0.038391618989408016,0.025286102201789618,0.020908938255161047,0.0879445867612958,-0.09046340180793777
2024,5,DAL,0.13456789,0.2755699,-0.08163517,0.062874265,-0.02904129959642887,0.09498750790953636,-0.017944859340786934,-0.06205642968416214,0.029000419192016125,0.03909262781962752,0.09990496467798948,-0.0976906712166965
2024,6,DAL,-0.44487402,-0.5361657,-0.14247039,0.33979383,0.029776785522699356,0.18618503771722317,0.09255901910364628,-0.08004566840827465,0.057594066485762596,0.017649854067713022,0.15421238634735346,-0.11684925155714154
2024,8,DAL,0.023263693,0.07878451,-0.10936938,0.17434508,-0.040886010974645615,0.1649219449609518,0.01087634451687336,-0.10402501933276653,-0.01634702831506729,0.0549354306422174,0.04281272832304239,-0.10207965644076467
2024,9,DAL,-0.030440597,-0.08553579,0.13484499,0.079976566,-0.04897621460258961,0.1300377082079649,0.005180720239877701,-0.09933098964393139,-0.009686385281383991,0.08218615408986807,0.035346643067896366,-0.0688613043166697
2024,10,DAL,-0.64631516,-0.7451052,-0.50800914,-0.029198295,-0.07937075896188617,0.16424743458628654,-0.0668367762118578,-0.049657488241791725,-0.05420602927915752,0.12961747124791145,-0.042390817776322365,-0.05585695896297693
2024,11,DAL,-0.30218098,-0.27441883,-0.41159657,0.1693105,-0.27459151996299624,0.141229294706136,-0.32200554944574833,-0.1562509797513485,-0.12240736722014844,0.16370716621167958,-0.11472326517105103,-0.11814832407981157
2024,12,DAL,-0.030963985,0.23102911,-0.38652605,-0.044702116,-0.2389182592742145,0.09860846074298024,-0.25656882859766483,-0.2235325239598751,-0.13990213512443006,0.13176520285196602,-0.12284624204039574,-0.16377877164632082
2024,13,DAL,-0.042095892,0.035399538,-0.14708969,-0.22811198,-0.2524751788005233,0.04384666262194514,-0.2185076791793108,-0.2928216904401779,-0.15072569670155644,0.08694218541495502,-0.10666347946971655,-0.19607634004205465
2024,14,DAL,-0.0011368255,-0.14757794,0.21852483,0.10166595,-0.25538900261744857,-0.033175474498420954,-0.18827384803444147,-0.36330536007881165,-0.16737988078966737,0.0655359800439328,-0.12755531212314963,-0.20648142416030169
2024,15,DAL,0.17415904,0.3510179,0.04151492,-0.17376438,-0.09409441964817233,-0.000459413044154644,-0.03889203164726496,-0.1816718690097332,-0.1843429698055843,0.07038494083099067,-0.18044879054650664,-0.16896142438054085
2024,16,DAL,-0.0052242037,0.23386258,-0.5232456,0.043277845,0.02499058304238133,-0.08622813131660223,0.11746714916080236,-0.0683939978480339,-0.10696383811591659,0.006190164713189006,-0.06955083971843123,-0.1459632609039545
2024,17,DAL,-0.27955434,-0.3870091,-0.16493586,0.29158854,0.03142552843200974,-0.06423314101994038,0.1181755168363452,-0.10257387906312943,-0.11052482518425677,-0.010193239198997617,-0.0501660811714828,-0.19769778475165367
2024,18,DAL,0.0020481944,0.056189053,-0.054942206,0.085605845,-0.027939082850934938,0.06569199077785015,0.012573353946208954,-0.10703542083501816,-0.14166404273419175,0.0162582581397146,-0.08785024704411626,-0.2351703904569149
2025,1,DAL,0.10413216,0.13385753,0.04892787,0.16045016,-0.02714282786473632,0.06167696416378021,0.06351510249078274,-0.1754021793603897,-0.060618623756454326,0.030608775559812784,0.01231153542175889,-0.17853702418506145
2025,2,DAL,0.16549332,0.2105394,0.0620542,0.22455145,-0.0446495465002954,0.14523059874773026,0.009225012734532356,-0.17354894150048494,-0.009829481728957035,0.029501233715564013,0.06334608094766736,-0.12097146967425942
2025,3,DAL,-0.02024705,0.003720695,-0.073392965,0.2667999,-0.001970164477825165,0.19054900109767914,0.003394218161702156,-0.027223998680710793,0.014727681977092288,0.06315793003886938,0.060784867499023676,-0.06489893887192011
2025,4,DAL,0.33557466,0.51404256,0.057957917,0.3602748,0.0628566574305296,0.1843518391251564,0.10107667039847001,-0.004338275641202927,0.01745878728979733,0.12502191495150328,0.056825012172339484,-0.05568684823811054
2025,5,DAL,0.34493804,0.40616226,0.2607547,0.007587783,0.14623827300965786,0.2530190758407116,0.2155400462797843,0.023886755108833313,0.05954772257246077,0.1573480200022459,0.13952757438528351,-0.0757577121257782
2025,6,DAL,0.25459874,0.6153852,-0.46697414,0.19338414,0.20643974281847477,0.21480348147451878,0.2836162284365855,0.07684346381574869,0.08089509815908968,0.18001704011112452,0.14642062058555894,-0.048352738842368126
2025,7,DAL,0.16377836,0.3447453,-0.09091587,-0.15985489,0.22871609590947628,0.20701165311038494,0.38482767198001966,-0.05541362054646015,0.11337296571582556,0.19878032710403204,0.1941109450708609,-0.04131880961358547
2025,8,DAL,0.07690638,0.12393278,-0.00035127572,0.3735873,0.2747224494814873,0.1003479566425085,0.4700838252902031,-0.0597943477332592,0.16878955345600843,0.14234989788383245,0.28558024784433655,-0.032066311687231064
2025,9,DAL,-0.14641784,-0.23038152,0.09559515,0.123213165,0.2100553810596466,0.1036760862916708,0.3725563809275627,-0.07437164602742996,0.17814682703465223,0.1783475810661912,0.2940482136036735,-0.025242445459298324
2025,11,DAL,0.16860405,0.31033933,-0.015126866,-0.1985623,0.08721641078591347,0.13258243165910244,0.21342043578624725,-0.11566153434978332,0.14682807680219412,0.1736929565668106,0.24851833211141638,-0.019409035267017316
2025,12,DAL,-0.024016537,0.11515224,-0.2648856,0.0031687722,0.06571773812174797,0.03459582291543484,0.13715897500514984,-0.0026997161185136065,0.14721691701561213,0.12080373801290989,0.26099332349258475,-0.02905666833248688
2025,13,DAL,0.27415717,0.43333846,-0.044205364,0.17532253,0.01876901276409626,0.07535173819633201,0.07976070791482925,-0.04619214880221989,0.14674573112279177,0.08784984741942026,0.2749222666025162,-0.052993248267739546
2025,14,DAL,-0.05355207,-0.07611292,0.007977529,0.26413396,0.06808170862495899,0.02578554378123954,0.15711212903261185,-0.05715567083097994,0.1390685448423028,0.06473081503645517,0.2648342549800873,-0.06576365842920495
2025,15,DAL,0.103390686,0.0018414004,0.24217471,0.21643485,0.09129815176129341,0.06101574265630916,0.19567927904427052,-0.07906007627025247,0.08925728127360344,0.0967990871577058,0.20454985741525888,-0.0973608053100179
2025,16,DAL,0.012319071,0.17880327,-0.3040009,0.41529864,0.07499481178820133,0.16476502903969958,0.11855479623773135,-0.01473468099720776,0.07035627495497465,0.09968042597756721,0.1278568856214406,-0.008717198557860684
2025,17,DAL,0.22120343,0.3143433,0.1150673,0.23194033,0.08407871378585696,0.2677974961698055,0.13446755256154574,-0.02451350842602551,0.05142386327497661,0.17157461718306877,0.1071141302381875,-0.0353528286141227
2025,18,DAL,-0.089342214,-0.14806601,-0.030618414,0.12790819,0.0708402800373733,0.2819519452750683,0.10471876259543933,0.015304658329114318,0.06946099433116615,0.1538687445281539,0.1309154458140256,-0.020925506250932813
2023,1,DEN,0.0713345,0.19825172,-0.16519304,0.17268416,,,,,,,,
2023,2,DEN,0.13120532,0.14412361,0.10413842,0.21912496,,,,,,,,
2023,3,DEN,-0.272424,-0.2593018,-0.29998073,0.6172939,0.1012699119746685,0.19590456038713455,0.17118766903877258,-0.030527308583259583,0.1012699119746685,0.19590456038713455,0.17118766903877258,-0.030527308583259583
2023,4,DEN,0.349165,0.47818658,0.09918572,0.117139734,-0.02329472949107488,0.3363676716883977,0.027691175540288288,-0.1203451156616211,-0.02329472949107488,0.3363676716883977,0.027691175540288288,-0.1203451156616211
2023,5,DEN,-0.21504633,-0.15039907,-0.36135325,-0.024424199,0.06982020102441311,0.2815606873482466,0.14031502604484558,-0.06546240672469139,0.06982020102441311,0.2815606873482466,0.14031502604484558,-0.06546240672469139
2023,6,DEN,-0.25454092,-0.5142514,0.12884119,-0.024579283,-0.0017750076949596405,0.23228359688073397,0.05315232649445534,-0.11450245976448059,0.012846894562244415,0.22036371007561684,0.08217220604419709,-0.12464057505130768
2023,7,DEN,0.09671701,0.22552466,-0.078461416,0.14948371,-0.09821156784892082,0.171357536688447,-0.11144142970442772,-0.10832676663994789,-0.031717741241057716,0.17953987792134285,-0.01723173012336095,-0.08239361395438512
2023,8,DEN,-0.043314304,-0.08336613,-0.0065099285,-0.267734,-0.005926312878727913,0.05440499074757099,0.00976518914103508,-0.05294693820178509,-0.013369919998305184,0.175246139722211,0.017447754740715027,-0.08183187139885766
2023,10,DEN,-0.0017919083,0.112979494,-0.14884277,-0.08315388,-0.10404613707214594,-0.0418134406208992,-0.13062298856675625,-0.0793708503479138,-0.017112968023866415,0.11987362336367369,0.004846018739044666,-0.0724166285363026
2023,11,DEN,-0.080271065,0.0043756585,-0.28130704,-0.03496736,-0.050732531322864816,-0.056495861150324345,-0.06477834656834602,-0.026243229978717864,-0.026253769508912228,0.08789386786520481,-0.005813010036945343,-0.07037284487159923
2023,12,DEN,0.04048175,0.16975012,-0.06293294,-0.21181077,-0.007165067567257211,-0.059092880226671696,0.06487842078786343,-0.1287802882725373,-0.052688317708089016,0.05613232823088765,-0.023281504458282143,-0.11855352745624259
2023,13,DEN,-0.18784069,-0.33417463,0.041203696,-0.095979616,-0.021223881951300427,-0.14941649977117777,0.05093478586059064,-0.12489816884044558,-0.01357509741501417,-0.04750575451180339,0.03034998750081286,-0.08892255352111533
2023,14,DEN,-0.060989745,-0.042334408,-0.08655447,-0.45716023,-0.057355477212695405,-0.10647790599614382,-0.01176733907777816,-0.11296976264566183,-0.08070080714242067,-0.07414567330852151,-0.0711951638222672,-0.09617030649678782
2023,15,DEN,-0.07245558,0.05347056,-0.24035709,0.31238315,-0.07215493638068438,-0.19997949432581663,-0.050595814478583634,-0.09739768784493208,-0.061443733851774596,-0.1282376777380705,-0.05768708052346483,-0.06182045891182497
2023,16,DEN,-0.12848596,-0.118231475,-0.14992715,-0.10795496,-0.07020106445997953,-0.11314186826348305,-0.03832208923995495,-0.0871601989492774,-0.03868306601361837,-0.08611737424507737,0.013278165773954242,-0.10797024361090735
2023,17,DEN,0.0002161647,0.1839997,-0.24060364,-0.14458488,-0.1124429926276207,-0.08717791549861431,-0.11031748913228512,-0.10890875291079283,-0.06683343728946056,-0.11829720763489604,-0.02969135163584724,-0.1169034608756192
2023,18,DEN,-0.07858027,-0.048981167,-0.14764485,0.13133636,-0.06542878014079179,-0.09932923130691051,0.01922609470784664,-0.17936058714985847,-0.061392128676743596,-0.10290356865152717,0.0037293778150342405,-0.14616517489776015
2024,1,DEN,-0.3110773,-0.3585418,-0.19478938,-0.06640217,-0.06982641083232011,0.04779491759836674,0.017564404755830765,-0.19463318213820457,-0.07099067360650224,-0.07609228836372495,-0.016515704861376435,-0.14601543499156833
2024,2,DEN,-0.23951201,-0.2336596,-0.25465944,-0.07689965,-0.12948184062770451,-0.046901410445570946,-0.0854386817663908,-0.18324125558137894,-0.09984145254384202,-0.080021639354527,-0.061880385503172874,-0.13520072726532817
2024,3,DEN,0.09154993,0.15385973,-0.020088464,-0.34278724,-0.1572383527927741,-0.0391375832259655,-0.1142957117408514,-0.20942432805895805,-0.1348406727101974,-0.0631577493622899,-0.11230660043656826,-0.15916654048487544
2024,4,DEN,-0.25485012,-0.54434973,0.024999507,-0.2346309,-0.13440491072833538,-0.08868817239999771,-0.12183070369064808,-0.15429553389549255,-0.09991684543456358,-0.09400870185345411,-0.05130230449140072,-0.16682806052267551
2024,5,DEN,0.01845997,-0.0013965874,0.045762736,-0.20594583,-0.1784723736345768,-0.18017998710274696,-0.24567284435033798,-0.11113444529473782,-0.12414939223344845,-0.06619253475219011,-0.11405421979725361,-0.1528838137164712
2024,6,DEN,-0.07052879,0.048697505,-0.5076919,0.097936735,-0.09608805691823363,-0.21506590396165848,-0.15638654452050105,-0.05099641624838114,-0.11278494877296907,-0.1309836572036147,-0.12091261314344592,-0.11711883591488004
2024,7,DEN,0.07915802,-0.04530735,0.24511187,-0.33212537,-0.053842251654714346,-0.17135680839419365,-0.08579726942116395,-0.11425453517585993,-0.10554030222374422,-0.10524719581007957,-0.10004649058100767,-0.161839431617409
2024,8,DEN,0.053986076,0.088946685,0.005041239,-0.17945047,-0.05694022914394736,-0.16869134083390236,-0.1355890404083766,-0.047954452224075794,-0.09567256993614137,-0.12868975661695004,-0.12870987204951234,-0.10112499305978417
2024,9,DEN,-0.1480132,-0.05453456,-0.3200139,0.37834066,0.020268819760531187,-0.15489623323082924,0.022735063394065946,-0.0529440192040056,-0.0791017769370228,-0.1675381101667881,-0.11146889047813602,-0.08203923224937171
2024,10,DEN,0.030146793,0.18265292,-0.19529708,0.019019542,-0.021349473856389523,-0.008824609220027924,0.009450570680201054,-0.1443881809245795,-0.05871876538731158,-0.1119452565908432,-0.07346798692015,-0.09769229858648032
2024,11,DEN,0.32551944,0.5937781,-0.045915585,-0.252395,0.0038194218650460243,-0.02855390729382634,0.04293942451477051,-0.06628947029821575,-0.02501141489483416,-0.09995535784401,-0.02142892245319672,-0.09027200273703784
2024,12,DEN,0.022936627,0.22085856,-0.36430192,-0.18680292,0.0654097767546773,-0.008621316868811846,0.20271078031510115,-0.13904633349739015,0.004234773805364966,-0.0886563288513571,0.03356086995336227,-0.09350039286073297
2024,13,DEN,0.09224466,0.15958968,-0.019997047,-0.020699723,0.05764741450548172,-0.010459430981427431,0.2356887487694621,-0.23138212319463491,0.038958117133006454,-0.08267783210612833,0.12921190608176403,-0.14216307119932026
2024,15,DEN,-0.28924417,-0.31097227,-0.24889205,-0.43810433,0.11771188117563725,-0.11021952703595161,0.28921980783343315,-0.1563779073767364,0.04818120365962386,-0.05952206812798977,0.1493351892568171,-0.15038304415065795
2024,16,DEN,0.16870469,0.19666721,0.102477655,0.23966374,0.037864139303565025,-0.22450049547478557,0.16581350937485695,-0.16977665154263377,0.020841780584305525,-0.12652720138430595,0.10437646694481373,-0.11803306092042476
2024,17,DEN,0.17167535,0.24563584,0.0343202,0.17988533,-0.0013395491987466812,-0.10148581070825458,0.06653579324483871,-0.13267834158614278,0.03203511377796531,-0.05505356378853321,0.13462328677996993,-0.13586233754176646
2024,18,DEN,0.36808,0.71921617,0.02643399,-0.41538644,0.035845132544636726,-0.009813747834414244,0.07273011282086372,-0.03302281117066741,0.04674627352505922,-0.010136589407920837,0.15420943079516292,-0.13220246718265116
2025,1,DEN,-0.14638533,-0.17951411,-0.08522444,-0.4294904,0.10480396449565887,-0.10848542675375938,0.21263673529028893,-0.021415052004158497,0.11125792283564806,-0.1093524768948555,0.25092827156186104,-0.08889647969044745
2025,2,DEN,0.22862029,0.41468322,-0.06260865,0.1322414,0.1405186764895916,-0.10633194074034691,0.24550127610564232,0.019501850940287113,0.08919140789657831,-0.16541621810756624,0.20565739274024963,-0.07513740030117333
2025,3,DEN,-0.12257316,-0.12850817,-0.109590344,-0.0071770535,0.15549757704138756,-0.13318752497434616,0.300005279481411,-0.02176972571760416,0.07707901392132044,-0.11733666784130037,0.18327053636312485,-0.07722403365187347
2025,4,DEN,0.20612232,0.3532033,0.015782222,-0.19890405,0.0819354485720396,-0.17995312029961497,0.20646927878260612,-0.057747362181544304,0.058890290558338165,-0.0948834340670146,0.13959969580173492,-0.04538508667610586
2025,5,DEN,0.046412215,0.11811808,-0.07139028,0.020556184,0.041446032002568245,-0.125832523801364,0.11496606096625328,-0.06041030399501324,0.07312499824911356,-0.1171589752775617,0.1638013981282711,-0.04091267799958587
2025,6,DEN,-0.14758295,-0.08294896,-0.25334764,-0.42066145,0.08964541740715504,-0.013320881058461964,0.18937410786747932,-0.05695176310837269,0.11508204694837332,-0.059826410899404436,0.21743769198656082,-0.018724956084042788
2025,7,DEN,0.10241985,0.01760237,0.31261972,0.22376789,-0.004405392333865166,-0.15154659294057637,0.06496606208384037,-0.10463650897145271,0.0755460923537612,-0.14236705895746127,0.18248567078262568,-0.06320311734452844
2025,8,DEN,0.3735873,0.51711756,0.19284551,0.07690638,0.051842860877513885,-0.09381035668775439,0.10149369575083256,0.0009160060435533524,0.06688915472477674,-0.13688173849368468,0.15398148726671934,-0.028415678068995476
2025,9,DEN,-0.088610865,-0.03993598,-0.17932315,-0.16883044,0.09370910748839378,-0.024857747834175825,0.14247226156294346,0.04518182761967182,0.06757756974548101,-0.07534513581776991,0.12871916126459837,-0.007614238187670708
2025,10,DEN,-0.30538678,-0.41389608,-0.16766343,-0.3926294,0.05995333753526211,-0.07220440357923508,0.1029587471857667,0.018198609352111816,0.07479937747120857,-0.04276264231884852,0.146166427526623,-0.019376576878130436
2025,11,DEN,0.015152114,0.11485249,-0.18923365,0.1185824,0.020502379164099693,-0.06519639492034912,0.020221966318786144,0.03961966186761856,0.008048493415117264,-0.10837149393046275,0.04259401420131326,-0.032508423551917076
2025,13,DEN,0.15219855,0.19789732,0.04556808,0.088153794,-0.0013145555276423693,-0.09149276837706566,0.044534496031701565,-0.08584367856383324,0.025264152674935758,-0.09265156253241003,0.07301409589126706,-0.04246383626013994
2025,14,DEN,0.14558329,0.20963074,0.056743268,0.012383776,-0.0566617448348552,-0.08868091553449631,-0.03527056518942118,-0.12266303598880768,0.018523681326769292,-0.056769331684336066,0.05360084818676114,-0.03874060418456793
2025,15,DEN,0.16708198,0.5316396,-0.32767478,0.045897547,0.0018867931794375181,-0.043377361726015806,0.02712111547589302,-0.06364643108099699,0.030920065357349813,-0.05779088265262544,0.06503993133082986,-0.022723910864442587
2025,16,DEN,-0.01741433,0.023655443,-0.14575735,0.12773311,0.12000398407690227,0.06625437876209617,0.2635050304234028,-0.10364926885813475,0.07025318162050098,0.0005289919208735228,0.14186349837109447,-0.03201480349525809
2025,17,DEN,0.0846414,0.14404789,-0.0181775,-0.15266825,0.11186237307265401,0.06854205718263984,0.24070576904341578,-0.09278019424527884,0.05527390877250582,-0.01147535559721291,0.14262013253755867,-0.08931193640455604
2025,18,DEN,-0.1939274,-0.08816746,-0.3502682,-0.42070013,0.094973084051162,0.008336545433849096,0.22724341182038188,-0.10871658893302083,0.019155669608153403,-0.040172185050323606,0.09598642331548035,-0.11568981246091425
2023,1,DET,0.025882615,0.0704529,-0.025876418,-0.118469775,,,,,,,,
2023,2,DET,-0.032615345,0.16642943,-0.32012445,0.21844436,,,,,,,,
2023,3,DET,-0.05386353,0.06004378,-0.19434923,-0.2823274,-0.003366365097463131,0.049987293779850006,0.11844116449356079,-0.17300043255090714,-0.003366365097463131,0.049987293779850006,0.11844116449356079,-0.17300043255090714
2023,4,DET,0.10632815,0.070034094,0.13398078,-0.20616971,-0.020198753103613853,-0.06078427533308665,0.0989753690858682,-0.1801166981458664,-0.020198753103613853,-0.06078427533308665,0.0989753690858682,-0.1801166981458664
2023,5,DET,0.2528486,0.19238994,0.32002488,-0.031271834,0.011432973202317953,-0.09713063389062881,0.09174005035310984,-0.10159232839941978,0.011432973202317953,-0.09713063389062881,0.09174005035310984,-0.10159232839941978
2023,6,DET,0.118877314,0.3942816,-0.5106181,-0.24707134,0.0681744683533907,-0.07533114869147539,0.1222243094816804,-0.01511700451374054,0.05971609763801098,-0.08395887389779091,0.111870027333498,-0.017268887162208556
2023,7,DET,-0.16695854,-0.23534901,0.13102849,0.39740393,0.10604763310402632,-0.19171007443219423,0.17918735090643167,-0.06274041533470154,0.0695763003701965,-0.11114428502817948,0.15893862210214138,-0.09949375440677007
2023,8,DET,-0.11121813,-0.11786453,-0.10545793,-0.47054395,0.07777388021349907,-0.021777239628136158,0.10533915273845196,0.018604014068841934,0.035785608791879246,-0.03849454064454351,0.10261181688734464,-0.06656200545174736
2023,10,DET,0.42855987,0.4173725,0.44254404,0.26746252,0.023387309163808823,-0.08787079993635416,0.0583644974976778,-0.04125566408038139,0.017410141183063388,-0.09250071691349149,0.07505227392539382,-0.07142399623990059
2023,11,DET,0.08594196,0.01620036,0.21878308,0.04864887,0.06731512770056725,-0.013187211006879807,0.11461013741791248,-0.010625872761011124,0.06774479802697897,-0.0442591798491776,0.11841722344979644,-0.012871438637375832
2023,12,DET,-0.10291672,-0.13939738,-0.03603551,0.1197359,0.059081289917230606,0.06074284203350544,0.02008982840925455,0.17172442004084587,0.08256446151062846,-0.0654836161993444,0.09963858965784311,0.054492002353072166
2023,13,DET,0.1591823,0.2834013,0.034963284,-0.036222287,0.07509174570441246,-0.008674165233969688,0.044077736325562,0.129958420060575,0.07643281295895576,-0.015225702431052923,0.07470844453200698,0.07428121706470847
2023,14,DET,-0.16583778,-0.19055314,-0.12361572,0.036626834,0.1426918525248766,0.09990625083446503,0.144394195638597,0.16506372392177582,0.08303958084434271,0.006017725449055433,0.10137934656813741,0.06190402992069721
2023,15,DET,0.31238315,0.43773967,0.15244554,-0.07245558,-0.005907559767365456,0.04219732899218798,-0.00758721400052309,0.023523783311247826,0.030703783966600895,0.014505058992654085,0.053511461708694696,0.006448955275118351
2023,16,DET,0.18413636,0.34622863,-0.020862704,0.06467116,0.05070273578166962,0.011921216733753681,0.09779761359095573,0.0069393981248140335,0.05489201284945011,0.03633202938362956,0.05894372100010514,0.08933190908282995
2023,17,DET,-0.04366071,0.07133592,-0.17720518,-0.030021451,0.12246600538492203,-0.0018449677154421806,0.2192041166126728,0.010732599999755621,0.09877887554466724,-0.0052595664747059345,0.1316409264691174,0.07034551003016531
2023,18,DET,0.1629561,0.36099917,-0.12980318,0.0075453734,0.0717552537098527,-0.00029475893825292587,0.16618776880204678,-0.042309514712542295,0.10722355311736465,0.04980574594810605,0.1552909822203219,0.06137710460461676
2024,1,DET,0.1057764,-0.10319178,0.32171017,0.07558237,0.15395372454077005,-0.0075651241932064295,0.3040758464485407,-0.04385638004168868,0.0740230823867023,0.017316102399490774,0.1482443162240088,-0.010166298365220428
2024,2,DET,-0.0771234,-0.16427276,0.11728667,-0.03185128,0.10230203811079264,0.029444362735375762,0.1688429843634367,-0.0015402226708829403,0.07650238694623113,0.02068278973456472,0.13332029897719622,0.0026995877269655466
2024,3,DET,0.04477957,0.25417423,-0.09132697,-0.16681069,0.03698709700256586,0.005313752917572856,0.04121763817965984,0.032997120171785355,0.07972655119374394,0.0017343926010653377,0.13021087739616632,0.021864860085770488
2024,4,DET,0.40925553,0.75480205,0.090289466,0.12377862,0.05909716710448265,-0.028883557068184018,0.08692721650004387,0.054466672241687775,0.06542621040716767,-0.014589158003218472,0.12655749265104532,0.00607857876457274
2024,6,DET,0.33979383,0.41672763,0.25805172,-0.44487402,0.12067202478647232,0.000174754299223423,0.18537793681025505,0.10948983393609524,0.1373128746636212,-0.0036951849469915032,0.24472689162939787,0.03281672694720328
2024,7,DET,0.075732335,0.51441026,-0.39544025,-0.021504473,0.17917638272047043,-0.12993934284895658,0.3153577893972397,0.09357522241771221,0.14073921041563153,-0.05024749005679041,0.2421003868803382,0.046017499873414636
2024,8,DET,0.06227087,-0.107198246,0.23174,-0.28074342,0.21739031746983528,-0.12735264096409082,0.48502854257822037,-0.034606507048010826,0.12718870723620057,-0.061019444023258984,0.2631230903789401,-0.0008046934381127357
2024,9,DET,0.12916629,0.31457207,-0.019158296,0.01025247,0.22176314238458872,-0.15583582315593958,0.394685423001647,0.04616023413836956,0.14043015474453568,-0.0923596901120618,0.24080631975084543,0.05031345319002867
2024,10,DET,-0.11616601,-0.04457371,-0.18999557,-0.20213659,0.151740831322968,-0.1842173603363335,0.284627927467227,0.01879829354584217,0.13620642805472016,-0.09202130301855505,0.23500293213874102,0.0641440637409687
2024,11,DET,0.554737,1.0176921,0.10365253,-0.35526666,0.037750870920717716,-0.12353300349786878,0.16930259205400944,-0.09321353025734425,0.10846362682059407,-0.12673617317341268,0.24233019072562456,0.00018084608018398285
2024,12,DET,0.15357555,0.21243379,0.077629454,-0.24144791,0.15750203002244234,-0.20697355037555099,0.2951230499893427,0.03155966475605965,0.1874461737461388,-0.1671630956698209,0.39007579628378153,-0.0015234211459755898
2024,13,DET,0.051848404,0.027888728,0.077217475,0.0041267546,0.18032820150256157,-0.19714967301115394,0.3750310577452183,-0.006967971101403236,0.20104567194357514,-0.17649274808354676,0.38485824037343264,0.019596131518483162
2024,14,DET,0.042228386,0.29908845,-0.28802028,0.15768084,0.1609987299889326,-0.1986811019014567,0.3033602233044803,0.017125971615314484,0.1563697806559503,-0.1914492311188951,0.29399407538585365,0.017962132580578327
2024,15,DET,0.22605331,0.33001098,-0.28573835,0.43854713,0.20059732906520367,-0.10872674430720508,0.3892757627181709,-0.007380206137895584,0.11917409999296069,-0.11612987390253693,0.27928917738609016,-0.050296868197619915
2024,16,DET,0.32327142,0.46941462,0.16769959,0.0058580087,0.11842641420662403,0.0897267044056207,0.21735548553988338,-0.10472792573273182,0.13796422211453319,-0.058623422984965146,0.25623926776461303,-0.036584130488336086
2024,17,DET,0.36774823,0.5548895,0.13070264,0.3129366,0.16085038147866726,0.1515531842596829,0.2816006946377456,-0.08221039175987244,0.17058929149061441,-0.02279824437573552,0.32831587619148195,-0.044589181430637836
2024,18,DET,-0.023360102,0.02142424,-0.073742494,-0.25955987,0.23982533812522888,0.22875564661808312,0.4133508875966072,-0.06883909925818443,0.20041203405708075,0.015037272358313203,0.35835555545054376,-0.025856563821434975
2025,1,DET,-0.06279815,0.04534088,-0.27907622,0.22654672,0.22342821629717946,0.12444546935148537,0.34393483540043235,-0.015269652009010315,0.21201277268119156,0.007859362522140145,0.3666052990593016,-0.01132492907345295
2025,2,DET,0.40252432,0.78595334,0.005873664,-0.17243649,0.15121535072103143,0.07144536566920578,0.27276731049641967,-0.013604119420051575,0.13482088246382773,0.08058603503741324,0.24506139801815152,-0.0591660225763917
2025,3,DET,0.36171028,0.48765942,0.25958937,0.095958315,0.1710285753943026,0.02687174081802368,0.351901990827173,-0.0540606010472402,0.16593947843648493,0.08921246253885329,0.3167513427324593,-0.06813549640355632
2025,4,DET,-0.14605968,-0.05250592,-0.24629585,-0.3375794,0.16951908776536584,-0.027372831478714943,0.33509447192773223,-0.021838918677531183,0.20467221294529736,0.10069140756968409,0.3742226797621697,-0.04533900896785781
2025,5,DET,0.20190555,0.4647463,-0.02808012,-0.01934133,0.1388441938906908,-0.04687771387398243,0.31661193165928125,-0.06497725879307836,0.18113620509393513,0.03878387773875147,0.3302733835298568,-0.04012345540104434
2025,6,DET,0.08327035,0.20078516,-0.087660275,0.31075543,0.20502011850476265,-0.1083497260697186,0.42146328557282686,-0.0022282343124970794,0.17811773461289704,-0.018452180200256407,0.34711529803462327,-0.007916176866274327
2025,7,DET,-0.080809355,-0.1661573,0.02105756,-0.3428951,0.12520662508904934,0.012448254507035017,0.27517123986035585,-0.025611719116568565,0.14811760024167597,0.01965999766252935,0.3135366153437644,-0.03983616008190438
2025,9,DET,-0.041215375,0.075612344,-0.280434,-0.0010127272,0.014576716348528862,-0.09726509684696794,0.1117170574143529,-0.08524467283859849,0.09204790205694735,-0.06231896416284144,0.22340576467104256,-0.053541795758064836
2025,10,DET,0.4914259,0.6816431,0.28391615,0.16990611,0.04078779183328152,-0.013123428798280656,0.1437466237694025,-0.09377921232953668,0.08981599286198616,-0.030000571336131543,0.23017927771434188,-0.07937823556130752
2025,11,DET,-0.40076452,-0.36572376,-0.46909398,-0.19118156,0.11316788010299206,0.03418843087274581,0.1979708317667246,-0.01578014576807618,0.15909399930387735,-0.037080647598486394,0.3097170586697757,-0.00900419004028663
2025,12,DET,0.15461844,-0.12293546,0.7625937,0.14523478,-0.0078408382833004,-0.09129581588786095,0.056343602016568184,-0.11113857151940465,0.05868289340287447,-0.03942378069041297,0.16575742093846202,-0.06837514531798661
2025,13,DET,0.048194107,0.38165358,-0.29602212,0.31817716,0.05101611092686653,0.03073665138799697,0.06714906357228756,0.07424546033143997,0.0327964136376977,-0.03326422272948548,0.08943306049332023,-0.005499606253579259
2025,14,DET,0.26413396,0.27650866,0.24115242,-0.05355207,0.07336848136037588,0.11053412407636642,0.14365937188267708,0.07034843415021896,0.0570781365968287,0.048705347639042884,0.1437029978260398,-0.011715389089658856
2025,15,DET,0.18640026,0.38066962,-0.21138941,0.20446424,0.016545495949685574,0.05466957949101925,0.042375754565000534,0.0596575029194355,0.06485668802633882,0.04442900518188253,0.12017329316586256,0.02193867857567966
2025,16,DET,0.049338512,0.12200464,-0.36023414,0.15111448,0.1633366933092475,0.153581028804183,0.228974100202322,0.12408364564180374,0.07774792751297355,0.031142606458161026,0.1426588511094451,0.006472537061199546
2025,17,DET,-0.46371797,-0.2336035,-0.72451437,-0.2525207,0.13701671082526445,0.1550509538501501,0.2902091257274151,-0.15662331134080887,0.09401641087606549,0.09289380261907354,0.17867909464985132,-0.04118892550468445
2025,18,DET,0.12645234,0.21317935,-0.012930323,0.034055818,0.009038692340254784,0.012376485392451286,0.13639485463500023,-0.26374637335538864,0.04120358685031533,0.061455304734408855,0.14002711325883865,-0.09669896960258484
2023,1,GB,0.15570137,0.5538515,-0.24244879,-0.17629676,,,,,,,,
2023,2,GB,0.1914857,0.40506867,-0.11820958,0.09680172,,,,,,,,
2023,3,GB,0.009836381,0.06574406,-0.13392623,-0.07596244,0.17359353601932526,-0.03974751755595207,0.47946007549762726,-0.18032918497920036,0.17359353601932526,-0.03974751755595207,0.47946007549762726,-0.18032918497920036
2023,4,GB,-0.20616971,-0.25517917,-0.040291604,0.10632815,0.11900781777997811,-0.05181915809710821,0.3415547360976537,-0.16486153254906336,0.11900781777997811,-0.05181915809710821,0.3415547360976537,-0.16486153254906336
2023,5,GB,-0.20172694,-0.40886605,0.11348475,-0.07997264,0.03771343594416976,-0.01228233054280281,0.19237126037478447,-0.13371905032545328,0.03771343594416976,-0.01228233054280281,0.19237126037478447,-0.13371905032545328
2023,7,GB,0.14948371,0.33862337,-0.078788295,0.09671701,-0.051643642131239176,0.011798698455095291,-0.0483081229031086,-0.04473566543310881,-0.010174639895558358,-0.025820392370224,0.0721237987279892,-0.08427829071879386
2023,8,GB,-0.20976365,-0.17880765,-0.32916528,0.21345922,-0.062144140247255564,0.011777520179748535,-0.06491944566369057,-0.03488034475594759,0.016435085174938042,-0.005397492398818334,0.11654039472341537,-0.08336329149703185
2023,9,GB,-0.048900478,0.12129919,-0.18774758,-0.3999548,-0.11704414710402489,0.08413293585181236,-0.12605737149715424,-0.08369010780006647,-0.015879019296595027,0.025867752730846405,0.07434781747204917,-0.11847786126392228
2023,10,GB,0.060771808,0.119019754,-0.0583717,0.06396571,-0.07772683911025524,-0.042437801137566566,-0.03193778172135353,-0.12055410258471966,-0.02000670158304274,-0.02736006584018469,0.08021673932671547,-0.12713657645508647
2023,11,GB,0.12376034,0.28598797,-0.15701818,0.04999996,-0.012102151289582253,-0.0064532142132520676,0.10003366880118847,-0.16351821459829807,-0.031872896710410714,0.002672742120921612,0.025862772949039936,-0.10412694001570344
2023,12,GB,0.1197359,0.28445888,-0.16852933,-0.10291672,-0.018532993271946907,-0.01813247613608837,0.08687481842935085,-0.18307568691670895,-0.040338566759601235,-0.003177477978169918,0.010977686382830143,-0.10897801583632827
2023,13,GB,0.28071097,0.38273618,0.11066892,0.12953192,0.06384189240634441,-0.0972264613956213,0.20269144885241985,-0.14291669987142086,-0.026601127348840237,-0.0065467627719044685,0.03831703867763281,-0.11330340383574367
2023,14,GB,-0.0110164955,0.035293706,-0.09067004,0.034261722,0.14624475315213203,0.035145217552781105,0.26805069483816624,-0.06831257417798042,0.034258957020938396,-0.0036462917923927307,0.11805645655840635,-0.09443333838135004
2023,15,GB,0.044772673,0.11079261,-0.13265586,0.3791426,0.12829767726361752,0.0277192210778594,0.24711918272078037,-0.07638715952634811,0.05809776298701763,0.010633003432303667,0.17357642576098442,-0.1199526870623231
2023,16,GB,0.28607178,0.44913417,0.123009406,0.20050758,0.10855075996369123,0.11000488419085741,0.2033203411847353,-0.07029657810926437,0.045008883345872164,0.04593620402738452,0.14509757980704308,-0.12668613251298666
2023,17,GB,0.27739015,0.47520566,0.10039734,-0.34017298,0.15013473015278578,0.1858609588816762,0.24448916502296925,0.002588106319308281,0.1069883112795651,0.04431724874302745,0.22359030693769455,-0.07016429677605629
2023,18,GB,0.2359012,0.3190666,0.11808356,-0.11667284,0.14930452685803175,0.06843473482877016,0.2676065359264612,2.0211562514305115e-05,0.1477746400050819,0.05178997619077563,0.26782861538231373,-0.03414618130773306
2024,1,GB,0.13103002,0.09038254,0.19931781,0.059406273,0.21103395242244005,0.03070109337568283,0.33854976296424866,0.052208611741662025,0.16966581484302878,0.029210157226771116,0.2928344728425145,-0.012089273892343044
2024,2,GB,-0.03363365,0.4418845,-0.21078746,-0.09766866,0.23259828984737396,-0.04923299141228199,0.3334472458809614,0.13520202971994877,0.1705745249055326,0.03038594638928771,0.26838379353284836,0.0324527258053422
2024,3,GB,0.053374775,0.26833236,-0.09767649,-0.34673494,0.1526719331741333,-0.12377705238759518,0.3316348250955343,0.051752813160419464,0.15140333166345954,0.03104195324704051,0.2880619950592518,0.027170459739863873
2024,4,GB,-0.09550546,-0.09380414,-0.100987464,0.054402396,0.09666808880865574,-0.12541754357516766,0.279916500672698,0.002234354615211487,0.12298630783334374,-0.028491404373198748,0.2737615182995796,0.001127283088862896
2024,5,GB,0.035833865,0.088634096,-0.022833051,-0.073417,0.01381642185151577,-0.0826487336307764,0.17669881135225296,-0.05253340117633343,0.11242518713697791,-0.025973820127546787,0.2576242871582508,-0.000162394717335701
2024,6,GB,0.2684133,0.5308025,-0.017127903,-0.13684732,-0.009982617571949959,-0.1158545520156622,0.17626170068979263,-0.10807111719623208,0.111307836137712,-0.08254377171397209,0.254854473285377,0.013565456261858344
2024,7,GB,-0.02630253,0.058759212,-0.18791983,-0.14333399,0.0655291210860014,-0.1256492156535387,0.1984912008047104,-0.05965622793883085,0.10910052713006735,-0.12471313402056694,0.26506301295012236,-0.003951707389205694
2024,8,GB,0.15847772,0.33942038,-0.006955559,0.039201915,0.04560979502275586,-0.07479897700250149,0.14609791338443756,-0.08221706096082926,0.0711389419157058,-0.10010826028883457,0.2130072070285678,-0.039991353172808886
2024,9,GB,0.01025247,-0.033931546,0.09093631,0.12916629,0.10910559119656682,-0.0785990972071886,0.2544040437787771,-0.058709084638394415,0.061461006524041295,-0.0806239154189825,0.21555142756551504,-0.05562124290736392
2024,11,GB,0.24476704,0.51369816,-0.012471404,0.16085838,0.10271024238318205,-0.02795327454805374,0.22376263327896595,-0.03026674420107156,0.046363812405616045,-0.07190391328185797,0.2000121669843793,-0.06916893069865182
2024,12,GB,0.107572705,0.3208732,-0.023316223,-0.4078597,0.0967986760661006,0.046473149210214615,0.21948655135929585,-0.029102619388140738,0.081163898576051,-0.039588033221662045,0.20898887608200312,-0.044379423663485795
2024,13,GB,0.21914494,0.4592403,-0.05936565,0.07225329,0.13026748457923532,-0.01965828239917755,0.28501504845917225,0.012048281147144735,0.08793863980099559,-0.04722862970083952,0.2155564809218049,-0.03508438990684226
2024,14,GB,0.15768084,0.23118877,0.06746655,0.042228386,0.1454342887736857,-0.011395439505577087,0.31497002579271793,-0.0010542413219809532,0.12726993998512626,-0.04499726835638285,0.28468703478574753,-0.029881662980187684
2024,15,GB,0.11860933,0.50770515,-0.22471055,-0.341293,0.18229138106107712,-0.033129915595054626,0.3812501057982445,-0.006921681575477123,0.14250081172212958,-0.030541595071554184,0.3025063695386052,-0.018594212888274342
2024,16,GB,0.26393583,0.20303534,0.31331462,-0.3362968,0.15075195394456387,-0.15866776183247566,0.37975185364484787,-0.05998146906495094,0.12377531500533223,-0.056097306311130524,0.29961920250207186,-0.04454204422654584
2024,17,GB,-0.047106493,0.040471267,-0.17672157,0.08849603,0.1898427363485098,-0.14077703282237053,0.3502923883497715,0.024176240898668766,0.16005511046387255,-0.08021765761077404,0.3176537184044719,0.01811226102290675
2024,18,GB,-0.12074268,-0.21388797,-0.030419946,-0.18178265,0.12327987793833017,-0.1367163471877575,0.24560013320297003,-0.005162740126252174,0.13435708335600793,-0.07405589334666729,0.280285079497844,-0.003108490724116564
2025,1,GB,0.22654672,0.4744936,-0.032180436,-0.06279815,0.053673998452723026,-0.19271910563111305,0.134330946020782,-0.02963436394929886,0.11798268975690007,-0.11292451061308384,0.25779052590951324,-0.01827802276238799
2025,2,GB,0.11292484,0.23971218,-0.04883833,-0.10222663,0.08065834548324347,-0.12309539131820202,0.12602805625647306,0.018498165532946587,0.11570514971390367,-0.14088157657533884,0.25288995495066047,-0.020741651766002178
2025,3,GB,-0.03806407,0.037951052,-0.12980646,-0.1469657,0.04290559608489275,-0.06457784958183765,0.1351972660049796,-0.0720400707796216,0.11637416621670127,-0.10267744120210409,0.24274482717737556,-0.023931914940476418
2025,4,GB,0.3602748,0.5416846,0.076822,0.33557466,0.04516620188951492,-0.12344328127801418,0.13456721231341362,-0.06031129229813814,0.08422303991392255,-0.13007981423288584,0.19008367275819182,-0.03273701621219516
2025,6,GB,0.2134284,0.29944605,0.10829572,0.10805341,0.16542056947946548,0.00589604489505291,0.3234603628516197,-0.03350080642849207,0.10954728396609426,-0.09341153036803007,0.22889565443620086,-0.031567585188895464
2025,7,GB,0.13166411,0.26057053,-0.112579644,-0.0025914828,0.16214098781347275,0.04860893450677395,0.2796984761953354,0.0016182316467165947,0.1213996666483581,-0.037243228405714035,0.20286326622590423,0.01005819858983159
2025,8,GB,0.32949492,0.5882107,-0.06375303,-0.1146295,0.16682580672204494,0.07351772126276046,0.2849130630493164,-0.014317097142338753,0.10486570140346885,0.004469935840461403,0.210055164527148,-0.04317858396098018
2025,9,GB,0.009977859,0.1552631,-0.1944977,0.09694015,0.25871555507183075,0.0816017707111314,0.42247797548770905,0.0021962597966194153,0.15194087848067284,-0.020920755283441395,0.27852259390056133,-0.029057516250759363
2025,10,GB,-0.15282585,-0.14727505,-0.16277105,-0.069291405,0.1711413220036775,0.021943144616670907,0.32587259262800217,-0.06563366577029228,0.16828094574157149,0.013919594755861908,0.32466647773981094,-0.049567236099392176
2025,11,GB,0.35079408,0.446349,0.21784814,0.13630217,0.07957776193507016,-0.022393058869056404,0.21419231966137886,-0.13340035639703274,0.12085937487427145,0.013107937818858773,0.24694539792835712,-0.06589106237515807
2025,12,GB,0.055030324,0.34584948,-0.13139221,-0.42938006,0.13436025311239064,0.012330355122685432,0.26063693687319756,-0.05079341121017933,0.1505930299172178,0.042924038192722946,0.272774999961257,-0.03255525417625904
2025,13,GB,0.31817716,0.53701735,0.02055456,0.048194107,0.0657441031653434,-0.06635728478431702,0.2000466324388981,-0.06770320609211922,0.16222982911858708,0.007622242963407189,0.31126230396330357,-0.0327534731477499
2025,14,GB,0.20429644,0.2377307,0.16818748,0.086057924,0.14279392920434475,-0.07854379620403051,0.2954851947724819,-0.013940140139311552,0.15696762560401112,-0.028300325793679804,0.31067889370024204,-0.03978690295480192
2025,15,GB,0.045897547,0.14525189,-0.21904734,0.16708198,0.23207450099289417,-0.03970646392554045,0.39173663035035133,0.06879949243739247,0.15582613146398216,-0.031049761397298425,0.3029644750058651,-0.03230043197982013
2025,16,GB,0.09563013,0.4357707,-0.2077385,0.10891271,0.15585036855190992,-0.032011511735618114,0.31646235287189484,-0.040424376260489225,0.14510531083215028,-0.009840578306466341,0.2885496448725462,-0.04560889373533428
2025,17,GB,0.11740546,0.4268006,-0.8389068,0.33768916,0.16600032057613134,0.10256167966872454,0.33894265443086624,-0.05951094953343272,0.11587221187073737,0.01810219744220376,0.26949464343488216,-0.06360707781277597
2025,18,GB,-0.31598213,-0.65483046,-0.12537995,0.01475566,0.11580739449709654,0.17493544332683086,0.3113884702324867,-0.2743762955069542,0.12930066185072064,0.048195823561400175,0.3034368325024843,-0.14415821782313287
2023,1,HOU,-0.29284406,-0.25823563,-0.3966694,-0.040195163,,,,,,,,
2023,2,HOU,-0.0031616497,0.08167786,-0.17284068,0.23055568,,,,,,,,
2023,3,HOU,0.2201288,0.4939724,-0.11943722,-0.02120423,-0.14800285338424146,0.09518026001751423,-0.0882788859307766,-0.28475503623485565,-0.14800285338424146,0.09518026001751423,-0.0882788859307766,-0.28475503623485565
2023,4,HOU,0.1496889,0.46430224,-0.13870668,-0.24852087,-0.0252923007744054,0.05638543019692103,0.10580487300952275,-0.22964909672737122,-0.0252923007744054,0.05638543019692103,0.10580487300952275,-0.22964909672737122
2023,5,HOU,-0.06330834,0.09478775,-0.3107631,-0.027242418,0.01845299929846078,-0.019841143861413002,0.19542921520769596,-0.20691349357366562,0.01845299929846078,-0.019841143861413002,0.19542921520769596,-0.20691349357366562
2023,6,HOU,0.04599285,0.12536563,-0.044327896,0.028428165,0.07583692774642259,-0.016602957621216774,0.28368506021797657,-0.1854369193315506,0.0021007307805120945,-0.02132139876484871,0.17530092149972915,-0.22768341302871703
2023,8,HOU,-0.045844242,-0.13579701,0.04410851,-0.104764916,0.0881255529820919,-0.06713483715429902,0.2946070022881031,-0.1533087221905589,0.009416084193314115,-0.013029804763694605,0.16697837288180986,-0.1971241602053245
2023,9,HOU,0.2002624,0.42266107,-0.3668542,0.16915166,0.02163229137659073,-0.08802500879392028,0.1371646523475647,-0.11242229025810957,0.0015217518833066737,-0.02613482065498829,0.1237247469169753,-0.16266235017350741
2023,10,HOU,0.13851768,0.23133723,0.020383734,0.029756682,0.03427566587924957,0.016393123660236597,0.12675435841083527,-0.16945916693657637,0.026364332588855177,-0.0017240101005882025,0.1610917868092656,-0.188186330255121
2023,11,HOU,-0.05287955,0.049188547,-0.23149873,-0.07059194,0.08473217114806175,0.030642898753285408,0.16089173033833504,-0.0866724606603384,0.08028454944724217,0.007019970566034317,0.2222883952781558,-0.1360546899959445
2023,12,HOU,0.0329598,0.08274648,-0.1470382,0.09366623,0.06001407094299793,0.005887872073799372,0.14184745959937572,-0.13346516992896795,0.07406981196254492,-0.030623482540249825,0.21822723094373941,-0.14338694605976343
2023,13,HOU,-0.095979616,-0.07658598,-0.12139196,-0.18784069,0.07971508149057627,0.05549565935507417,0.1964833326637745,-0.18125184904783964,0.0506736864335835,-0.016264674719423056,0.1668239925056696,-0.1468370696529746
2023,14,HOU,-0.44742012,-0.62540734,-0.100813374,-0.0007305492,0.005654578097164631,-0.03375242790207267,0.07167157158255577,-0.1198862912133336,0.019965121988207102,-0.008679652120918036,0.09921296499669552,-0.144672729074955
2023,15,HOU,-0.10335612,-0.029684037,-0.20158558,-0.18189448,-0.14082987140864134,-0.04137423570500687,-0.14251457154750824,-0.1501855682581663,-0.028048850130289793,-0.00536566847586073,0.009188579395413399,-0.11842901445925236
2023,16,HOU,-0.1957408,-0.16414958,-0.32210568,0.11120669,-0.15344901476055384,-0.06919987063156441,-0.16223271749913692,-0.14270727895200253,-0.04671747190877795,-0.03165599927888252,-0.0101926289498806,-0.13808622444048524
2023,17,HOU,0.0025303217,0.091970146,-0.110097595,-0.43437898,-0.21062416583299637,-0.06481475691543892,-0.22395673394203186,-0.1864741463214159,-0.06545454217121005,-0.0046595487801823765,-0.013736700639128685,-0.18386299768462777
2023,18,HOU,0.101517566,0.45388988,-0.31861863,0.0079357475,-0.18599668139358982,-0.12644933100091293,-0.1818177029490471,-0.1836505550891161,-0.0901710516482126,-0.0801008794514928,-0.05507306568324566,-0.15176842315122485
2024,1,HOU,0.17535336,0.24570353,0.09929912,0.055879112,-0.04876225994667038,-0.12428275682032108,0.08800660073757172,-0.2381018679589033,-0.09479606567765586,-0.08282849626266398,-0.02725398540496826,-0.1941437181085348
2024,2,HOU,-0.15769675,0.024253642,-0.50426894,-0.20036586,0.020915111585054547,-0.06483935844153166,0.15685349330306053,-0.1628806944936514,-0.06626695158774965,-0.06701961453654803,-0.0026896120980381966,-0.15279398672282696
2024,3,HOU,-0.22400647,-0.20058386,-0.34111968,0.09653781,0.03042612416902557,-0.14273249451071024,0.20395429944619536,-0.20842151157557964,-0.0900990208319854,-0.10377362571307458,-0.010001217247918248,-0.19744782894849777
2024,4,HOU,0.10448479,0.3085474,-0.32914826,-0.013452726,-0.026208074763417244,-0.010003295727074146,0.13081579795107245,-0.2661770321428776,-0.10610237807850353,-0.06822631336399354,-0.025500952498987317,-0.22491379361599684
2024,5,HOU,-0.06979287,0.16700958,-0.45231992,-0.02688041,-0.02546626888215542,-0.015350414207205176,0.09448018064722419,-0.2688094414770603,-0.0371142644144129,-0.06981658551376313,0.09124339069239795,-0.2534556547179818
2024,6,HOU,0.16363677,0.16283782,0.16483523,-0.27930638,-0.08675282634794712,-0.036040294682607055,0.07480669161304832,-0.40671420097351074,-0.03291885738144629,-0.050439826562069356,0.11583009245805442,-0.28479744773358107
2024,7,HOU,-0.14333399,-0.28310412,0.0009448759,-0.02630253,-0.00641944445669651,-0.05577542609535158,0.109452735632658,-0.23943815752863884,0.01200333985616453,-0.09925396030303091,0.15670351753942668,-0.22392983455210924
2024,8,HOU,-0.050622683,0.14153327,-0.31323582,-0.10370091,0.01374867744743824,-0.08648551185615361,0.08882267028093338,-0.15392201935173944,-0.006229698657989502,-0.04824440379161388,0.10981923411600292,-0.2100495257473085
2024,9,HOU,-0.04174,-0.09067356,0.036553673,0.0766951,-0.025028190575540066,-0.10904755862429738,0.047069136053323746,-0.1499439085018821,-0.025247229728847742,-0.06219898641575128,0.07077465835027397,-0.2093766749894712
2024,10,HOU,-0.20213659,-0.06650935,-0.38453186,-0.11616601,-0.01801497396081686,-0.08315368136391044,-0.017351647838950157,-0.027725510124582797,-0.05238390015438199,-0.059596988023258746,0.02872752188704908,-0.21721985554904677
2024,11,HOU,0.1693105,0.18276343,0.14591408,-0.30218098,-0.10945831518620253,-0.042368588503450155,-0.07468844018876553,-0.16506728139938787,-0.05793887982144952,-0.049072007299400866,0.01738214772194624,-0.20225271946401335
2024,12,HOU,-0.25247267,-0.16582945,-0.5124024,-0.06725251,-0.03129719477146864,-0.11133820004761219,0.0417784471064806,-0.1288249809294939,-0.0087742586620152,-0.0989118559518829,0.06530055869370699,-0.14137350014061667
2024,13,HOU,0.079335086,0.0746668,0.08867165,0.06520345,-0.08175969123840332,-0.10222609899938107,-0.03506223298609257,-0.1786166299134493,-0.05339394090697169,-0.10563682881183922,0.006003451533615589,-0.1642802692076657
2024,15,HOU,-0.21639256,-0.2365832,-0.17197308,-0.21853648,-0.051490919664502144,-0.10509901121258736,0.006272856146097183,-0.16558713652193546,-0.0347529468126595,-0.0941263462882489,-0.005539395846426487,-0.09665632332325913
2024,16,HOU,0.07439424,0.12134033,-0.063314274,0.16012694,-0.055054912343621254,-0.13069162890315056,-0.03624560683965683,-0.11244744248688221,-0.08225661376491189,-0.08653010870330036,-0.05546702351421118,-0.13875736194313504
2024,17,HOU,-0.358793,-0.39551502,-0.2669879,0.30834547,-0.07878397591412067,-0.015114650130271912,-0.05160138197243214,-0.16475453041493893,-0.05504058534279466,-0.06322642508894205,-0.004911467432975769,-0.14678975567221642
2024,18,HOU,0.14252472,0.07010057,0.22836074,-0.19521704,-0.10536405630409718,0.07878484390676022,-0.10902277566492558,-0.10340089909732342,-0.09356187377125025,-0.011720627546310425,-0.07204250432550907,-0.14100876450538635
2025,1,HOU,-0.14470685,-0.13230136,-0.16356318,-0.071694754,-0.08956664800643921,0.01367972046136856,-0.1101643331348896,-0.06847862526774406,-0.07052878383547068,-0.0457096453756094,-0.05194573849439621,-0.11703288089483976
2025,2,HOU,-0.08219903,-0.06686186,-0.112873375,0.1521118,-0.07164521887898445,0.050390152260661125,-0.08409387245774269,-0.06637614965438843,-0.06335006561130285,-0.04015073832124472,-0.06016973964869976,-0.08941179607063532
2025,3,HOU,-0.1979622,-0.18251872,-0.24139692,-0.14395097,-0.11079353652894497,0.04838636703789234,-0.1311444193124771,-0.07876592501997948,-0.09478875622153282,0.016635858453810215,-0.09137290064245462,-0.1217602277174592
2025,4,HOU,0.0922719,0.21704854,-0.029038714,-0.33437085,-0.0705858375877142,-0.06468774192035198,-0.07789534330368042,-0.07236818224191666,-0.08797494694590569,0.007048550993204117,-0.093459059484303,-0.08788454066962004
2025,5,HOU,0.34383872,0.57721674,0.048226524,-0.30834472,-0.08314904198050499,-0.09947619400918484,-0.04115835018455982,-0.13671804638579488,-0.0863578449934721,-0.04289823677390814,-0.07566134165972471,-0.10259833582676947
2025,7,HOU,-0.29777756,-0.19158302,-0.7296354,-0.21773493,0.03898734971880913,-0.15863868594169617,0.1362211760133505,-0.08377062110230327,-0.016328934580087662,-0.05412426684051752,0.026063651777803898,-0.07507338537834585
2025,8,HOU,0.20781735,0.5050829,-0.18562238,-0.023636878,-0.014907283708453178,-0.2511003687977791,0.10504088550806046,-0.23796113161370158,-0.06285041011869907,-0.10135700087994337,-0.013051766902208328,-0.15836352831684053
2025,9,HOU,-0.16883044,-0.065170296,-0.3678579,-0.088610865,0.08653760142624378,-0.2210218459367752,0.27694129198789597,-0.22401749668642879,0.007975881919264793,-0.1428547939285636,0.09952297434210777,-0.14819283946417272
2025,10,HOU,0.10326342,0.13160166,0.034993995,-0.19092523,0.021262016147375107,-0.1595818493515253,0.20638658292591572,-0.30872229393571615,-0.03094351291656494,-0.12952902168035507,0.08261411637067795,-0.22272017016075552
2025,11,HOU,-0.06580661,0.012887816,-0.23750357,-0.09622361,-0.0388818085193634,-0.13022697530686855,0.09498281218111515,-0.3120304262265563,5.2770599722862244e-05,-0.14443283062428236,0.11560199409723282,-0.19790052366442978
2025,12,HOU,-0.077266306,-0.187796,0.079317436,-0.16421366,0.01911092922091484,-0.09984914399683475,0.14610052178613842,-0.18899746518582106,0.002101822756230831,-0.17547475639730692,0.12557070364709944,-0.21347929839976132
2025,13,HOU,0.030582845,0.23947638,-0.214121,-0.034005243,-0.05215998366475105,-0.13499333895742893,-0.02711920370347798,-0.12276251148432493,0.017188808880746365,-0.17800759244710207,0.124911044142209,-0.17339000408537686
2025,14,HOU,-0.06733696,0.027702026,-0.18690212,-0.29289538,-0.0023066624999046326,-0.1213419334962964,0.049042465863749385,-0.08432828541845083,0.009477676823735237,-0.14046189142391086,0.12771452439483255,-0.1965252896770835
2025,15,HOU,0.22322595,0.45253566,-0.020877926,0.03672211,-0.0449567586183548,-0.14683447126299143,0.023067557020112872,-0.13980231434106827,-0.0419192835688591,-0.13853072328493,0.05902518460061401,-0.22591637028381228
2025,16,HOU,-0.08695481,0.15614131,-0.5097307,-0.027350143,0.027301382273435593,-0.11359804216772318,0.1329795178025961,-0.0856459024362266,0.023206155747175217,-0.10672359308227897,0.13954001979436725,-0.13732168381102383
2025,17,HOU,-0.07964691,-0.03505575,-0.121451125,-0.14214936,0.024879256263375282,-0.07938216347247362,0.21896384470164776,-0.23290793551132083,-0.013640363700687885,-0.10718775121495128,0.09592232049908489,-0.17783522349782288
2025,18,HOU,0.0056797722,0.0032995874,0.008443849,-0.032016914,-0.002678181976079941,-0.1064181923866272,0.1503308117389679,-0.20974046690389514,-0.0024924222379922867,-0.1138800629414618,0.09968663880135864,-0.14703437616117299
2023,1,IND,-0.37308055,-0.19305915,-0.7566043,-0.24370022,,,,,,,,
2023,2,IND,0.23055568,0.23608798,0.22107172,-0.0031616497,,,,,,,,
2023,3,IND,-0.15425004,-0.17180297,-0.12967595,-0.1447948,-0.0712624341249466,-0.12343093543313444,0.021514415740966797,-0.2677662968635559,-0.0712624341249466,-0.12343093543313444,0.021514415740966797,-0.2677662968635559
2023,4,IND,0.043100607,0.31983945,-0.30282292,0.15588227,-0.0989249696334203,-0.1305522259014348,-0.04292471210161845,-0.22173618276913962,-0.0989249696334203,-0.1305522259014348,-0.04292471210161845,-0.22173618276913962
2023,5,IND,0.20908758,0.33130503,0.0905737,0.09362503,-0.06341857556253672,-0.05894360214006156,0.04776632785797119,-0.24200786650180817,-0.06341857556253672,-0.05894360214006156,0.04776632785797119,-0.24200786650180817
2023,6,IND,-0.19497395,-0.19620241,-0.18981433,-0.03256213,0.08212345745414495,0.02538771100807935,0.17885737121105194,-0.030213363468647003,-0.008917344361543655,-0.028429875429719687,0.10447406768798828,-0.17549155354499818
2023,7,IND,-0.06511727,0.118417315,-0.22881027,-0.13027264,-0.024258949793875217,0.018037591129541397,0.07078477367758751,-0.13293487578630447,-0.039926777904232345,-0.02911858439135055,0.05436132103204727,-0.17787868281205496
2023,8,IND,0.07418683,0.005312048,0.20906658,0.33302388,-0.0019757570698857307,0.02166813239455223,0.14333984442055225,-0.1577184535562992,-0.04352541959711483,-0.04356916401801365,0.06351217733962196,-0.1851546232189451
2023,9,IND,-0.03935747,0.15811545,-0.28240106,-0.29856315,0.005795799195766449,0.06595353409647942,0.06470799446105957,-0.029746077954769135,-0.028811388183385134,0.0035049659782089293,0.05623716115951538,-0.13587697222828865
2023,10,IND,-0.042520177,0.03176319,-0.13463156,-0.0063984515,-0.05631546303629875,-0.032093511894345284,0.02141059935092926,-0.12298976629972458,0.012903997208923101,-0.0033529004431329668,0.1001339852809906,-0.07660156488418579
2023,12,IND,0.058186512,0.03656348,0.09644267,-0.094268255,-0.018202020786702633,-0.025552592473104596,0.07840199954807758,-0.1091940738260746,-0.021230485290288925,-0.0037575006717815995,0.07459338661283255,-0.12106447480618954
2023,13,IND,0.006567362,0.016161297,-0.015818464,0.035630457,0.012623924762010574,-0.01655149576254189,0.05793854035437107,-0.027880840003490448,0.005324083846062422,0.0025583183160051703,0.10063919238746166,-0.09279964677989483
2023,14,IND,-0.07042707,0.015731191,-0.28582275,0.08067184,-0.004280942608602345,-0.09089985047467053,0.060650852508842945,-0.08410210208967328,0.000757428293582052,-0.012473158189095557,0.06267942348495126,-0.05692409002222121
2023,15,IND,0.10618993,0.058650382,0.1567007,-0.36178845,-0.012048342381604016,0.003908897517248988,0.025054788682609797,-0.0849575255997479,-0.034181902708951384,-0.014092307188548148,0.02323269401676953,-0.10397364594973624
2023,16,IND,-0.18554586,-0.08204527,-0.42704728,0.13086963,0.02512918401043862,-0.08493860252201557,0.03177658701315522,-0.012124460656195879,0.003463581611867994,-0.055245597497560084,0.0550892932806164,-0.06065926724113524
2023,17,IND,0.14300106,0.45793808,-0.16068819,0.10366213,-0.03580390952993184,-0.028654132038354874,0.0021243994124233723,-0.14299694867804646,-0.011589992383960634,-0.022602813900448382,0.03003146988339722,-0.08543889434076846
2023,18,IND,0.0079357475,-0.07589311,0.07363945,0.101517566,-0.001695483922958374,-0.011646213009953499,0.11256859404966235,-0.17921438068151474,-0.0029882132657803595,-0.051273031742312014,0.08660972327925265,-0.131658241385594
2024,1,IND,0.055879112,0.15686391,-0.07035188,0.17535336,0.01789521984755993,-0.006434781476855278,0.08966251835227013,-0.08934883028268814,0.0029234387329779565,-0.001262941979803145,0.05735865351743996,-0.08715317794121802
2024,2,IND,-0.09766866,-0.11970766,-0.048405018,-0.03363365,0.005317515693604946,0.12785067223012447,0.11421590112149715,-0.1461119744926691,0.015223349852021784,0.02145603485405445,0.07299624406732619,-0.07911821757443249
2024,3,IND,-0.22912928,-0.46178445,-0.050760303,-0.15093304,0.027286815457046032,0.08672485314309597,0.10480030439794064,-0.05145140830427408,-0.004258547036442906,0.029035360552370548,0.053462351905182004,-0.09722417849116027
2024,4,IND,0.14582376,0.3859099,-0.13427673,-0.013568862,-0.06574577186256647,0.02307605929672718,-0.12513032741844654,-0.023969436064362526,-0.03372062789276242,0.005714923143386841,-0.006280866684392095,-0.10159190837293863
2024,5,IND,0.25686276,0.30898368,0.10918681,0.24639589,-0.03127376828342676,-0.005695547675713897,-0.009679578244686127,-0.07594848237931728,-0.006689274217933416,-0.006065164576284587,0.039991470053792,-0.08264865633100271
2024,6,IND,0.014544736,0.1884511,-0.2624172,-0.018675525,0.018972143530845642,0.012065083021298051,0.028350364416837692,-0.031063809990882874,0.012144829612225294,0.06995787762571126,0.07128313276916742,-0.08858789224177599
2024,7,IND,-0.19140738,-0.15599914,-0.2256734,-0.23439677,0.047025493113324046,0.01580461417324841,0.10539005324244499,-0.08456685487180948,0.03715615428518504,0.05126473365817219,0.10509517882019281,-0.06800913158804178
2024,8,IND,-0.10370091,-0.2002576,0.06002565,-0.050622683,0.05645596864633262,-0.0050613179337233305,0.18183638155460358,-0.12829513102769852,-0.004644901608116925,0.009007370681501925,0.028353027068078518,-0.07613228354603052
2024,9,IND,-0.32650483,-0.29776236,-0.382393,-0.051605567,-0.005925200181081891,-0.014324773102998734,0.035294510424137115,-0.07971953507512808,-0.018599484232254326,-0.010010160389356315,0.012807466089725494,-0.07783400872722268
2024,10,IND,-0.23010786,-0.2821678,-0.13072063,0.0036854106,-0.15176709671504796,-0.08882513642311096,-0.11639200150966644,-0.2026144890114665,-0.06639747659210116,-0.038380026700906456,-0.044020818546414375,-0.11683914950117469
2024,11,IND,-0.00024483885,0.26335478,-0.23534721,-0.10101157,-0.2129302453249693,-0.08323490258771926,-0.23404672369360924,-0.16969034727662802,-0.08295237610582262,-0.033715144207235426,-0.06432833522558212,-0.12712860107421875
2024,12,IND,-0.24144791,-0.2853745,-0.16053046,0.15357555,-0.16513960941665573,-0.049888601643033326,-0.1292082443833351,-0.1721087982878089,-0.054341820385161554,-0.027474959788378328,0.02631406858563423,-0.1502019646577537
2024,13,IND,0.1253763,0.06001677,0.18083286,0.11115559,-0.19957635871105595,0.0011609577341005206,-0.15048746764659882,-0.22724782675504684,-0.10275077944606892,-0.0065819076844491065,-0.05759647861123085,-0.15348368091508746
2024,15,IND,-0.43810433,-0.45339546,-0.41465786,-0.28924417,-0.08660607731872005,0.041851247544400394,-0.06104268413037062,-0.08644136041402817,-0.119186587016884,-0.023486944439355284,-0.08871734282001853,-0.14452792471274734
2024,16,IND,0.21821912,0.09955196,0.25283036,0.09949272,-0.13860519549780292,-0.03138114884495735,-0.10384960006922483,-0.1574256680905819,-0.1757677204113861,-0.05730802571633831,-0.16894816188141704,-0.16355800768360496
2024,17,IND,0.09499252,0.25767374,-0.12191576,0.32810152,-0.0839892067015171,0.018744923174381256,-0.14480030443519354,-0.03538127616047859,-0.12456440805908642,-0.015571839234326035,-0.13700427440926433,-0.10374503722414374
2024,18,IND,0.05089179,-0.013904127,0.13474533,0.009602922,0.00012090057134628296,0.062376413494348526,-0.009038246236741543,-0.02572759985923767,-0.09972772906985483,0.03176868561422452,-0.07976285694167018,-0.12648771330714226
2025,1,IND,0.21166779,0.3602588,0.08212693,-0.25682408,-0.01850022654980421,0.03698824602179229,-0.027518470538780093,-0.03724948316812515,-0.05255315193426213,0.03941974678309634,-0.044280577334575355,-0.06184542179107666
2025,2,IND,0.1322414,0.30829203,-0.09492072,0.22862029,0.14394280407577753,0.045093270717188716,0.17589509044773877,0.08694671466946602,0.002668804288987303,0.006856060936115682,0.036022745189256966,-0.03523947671055794
2025,3,IND,0.42446685,0.5692454,0.25652373,-0.12496613,0.12244837451726198,0.07737516309134662,0.22808010806329548,8.946284651756287e-06,0.01922958390787244,0.04806004313286394,0.04163990181405097,-0.017686164937913418
2025,4,IND,-0.13963205,-0.17223698,-0.074422166,0.019683868,0.2048169570043683,-0.0358917482662946,0.3059730224777013,0.09461881779134274,0.1024689287878573,0.013242332614026964,0.14846738812047988,0.03444560896605253
2025,5,IND,0.29175317,0.36229804,0.19601367,-0.19624259,0.15718599781394005,-0.03337151184678078,0.26638980954885483,0.04232694394886494,0.06934288563206792,0.0018083670875057578,0.11943566950503737,0.002538730390369892
2025,6,IND,0.16485955,0.15456241,0.17901814,0.07717057,0.1772073432803154,-0.01822613924741745,0.26689962297677994,0.07079862989485264,0.16057507367804646,0.013433565734885633,0.22139735671225935,0.07887267228215933
2025,7,IND,0.44475958,0.41198626,0.5037515,0.11716746,0.18536188080906868,-0.05608856864273548,0.22846721857786179,0.13928334414958954,0.15390512766316533,0.01064329722430557,0.22827366332057863,0.06964614521712065
2025,8,IND,0.3456247,0.32662553,0.38256752,-0.03585926,0.19043506309390068,0.0044448282569646835,0.18915243446826935,0.20109029114246368,0.1976260100491345,-0.015723460004664958,0.24756272847298533,0.1478545544669032
2025,9,IND,-0.106019996,-0.26847523,0.42647213,-0.097708374,0.31174924597144127,-0.009440953843295574,0.31386806070804596,0.3153377138078213,0.23446762189269066,-0.021406232845038176,0.2901289351284504,0.1788323288783431
2025,10,IND,0.14939146,-0.0069393516,0.3369884,-0.0057120207,0.21230595372617245,0.015192599035799503,0.15617474168539047,0.37295232713222504,0.19475664850324392,-0.0015167701058089733,0.2115371823310852,0.22187547851353884
2025,12,IND,-0.018942168,0.080397926,-0.23003988,0.031264484,0.20843893103301525,-0.005528049427084625,0.11579930037260056,0.4124448895454407,0.19690040592104197,-0.030808309034910053,0.17213325947523117,0.2758641168475151
2025,13,IND,-0.034005243,0.15217829,-0.2849483,0.030582845,0.09251349465921521,-0.02700379292946309,0.03290221653878689,0.22899704053997993,0.14147427887655795,-0.011279482336249202,0.11102732550352812,0.2150436658412218
2025,14,IND,-0.15237345,-0.044981346,-0.3671577,0.06764221,-0.0023939874954521656,-0.010393266449682415,-0.010709593072533607,0.06211808696389198,0.15467762923799455,-0.009917110146488994,0.15157923381775618,0.18872790038585663
2025,15,IND,-0.050182626,-0.019642845,-0.07875209,-0.052897453,-0.01398235047236085,0.03094438009429723,0.04516387917101383,-0.13628936931490898,0.0991618016269058,0.023068489565048367,0.10066931042820215,0.11833147890865803
2025,16,IND,-0.02243166,0.010312378,-0.08791971,0.40269685,-0.06387587124481797,0.019148021936416626,0.041988005861639977,-0.24022448994219303,0.07228152989409864,0.006809986254666001,0.07889365311712027,0.08611019980162382
2025,17,IND,-0.17091699,-0.27075505,-0.012083728,-0.004029807,-0.0647482443600893,0.11200611293315887,0.0244666188955307,-0.20469444803893566,0.013882625149562955,0.04250116000184789,0.028684417717158794,0.012151296250522137
2025,18,IND,-0.032016914,0.08850511,-0.2061043,0.0056797722,-0.0989761808887124,0.10335294983815402,-0.08126671612262726,-0.1364783076569438,-0.050685084192082286,0.0464798416942358,-0.04598815459758043,-0.03718011034652591
2023,1,JAX,-0.24370022,-0.25790048,-0.22820906,-0.37308055,,,,,,,,
2023,2,JAX,-0.25860417,-0.28583565,-0.1574587,0.10276591,,,,,,,,
2023,3,JAX,-0.02120423,-0.005849062,-0.050686166,0.2201288,-0.2511521950364113,-0.13515732064843178,-0.2718680649995804,-0.19283387809991837,-0.2511521950364113,-0.13515732064843178,-0.2718680649995804,-0.19283387809991837
2023,4,JAX,0.038609024,0.26004386,-0.2979719,-0.29481187,-0.17450287317236265,-0.016728612283865612,-0.18319506399954358,-0.14545130729675293,-0.17450287317236265,-0.016728612283865612,-0.18319506399954358,-0.14545130729675293
2023,5,JAX,0.20042336,0.2985358,0.054656293,0.11339568,-0.12122489884495735,-0.08624942786991596,-0.07238533312920481,-0.18358145654201508,-0.12122489884495735,-0.08624942786991596,-0.07238533312920481,-0.18358145654201508
2023,6,JAX,-0.03256213,-0.0027545143,-0.08051351,-0.19497395,-0.010194003582000732,0.0353696309030056,0.06672373448964208,-0.11286511737853289,-0.05689524710178375,-0.046320405602455136,0.0017988923005759715,-0.13593390658497811
2023,7,JAX,0.007741778,0.21992365,-0.41662195,-0.1354116,0.04631650634109974,-0.03906533308327198,0.137494019290898,-0.09362882096320391,-0.05283972745140394,-0.07109599560499191,0.0010399911940718691,-0.12669717334210873
2023,8,JAX,-0.07289862,0.11174366,-0.29793137,-0.19324183,0.05355300824157894,-0.12795043550431728,0.19393719610525295,-0.1851127678528428,-0.044185226650110314,-0.08028393983840942,0.03230908463176872,-0.16811499904309
2023,10,JAX,-0.35775843,-0.44003874,-0.12737356,0.2750903,0.02567609748803079,-0.10255792550742626,0.15686214593006298,-0.185102635063231,-0.04777440067846328,-0.09440367668867111,0.042238406400429085,-0.18434204580262303
2023,11,JAX,0.24817555,0.6130392,-0.14888197,0.06648258,-0.11386935063637793,-0.0621342696249485,-0.027781487733591348,-0.23061009868979454,-0.06203167710918933,-0.01338231936097145,0.019471123378025368,-0.1717376080341637
2023,12,JAX,0.09366623,0.4616364,-0.40079364,0.0329598,-0.0436849317047745,0.003229862079024315,0.1261669397354126,-0.2477022148668766,0.00131578731816262,-0.017917735502123833,0.1318304795131553,-0.17066551791504025
2023,13,JAX,0.1660501,0.22809386,0.0335021,0.20380597,-0.02220381796360016,0.04532271344214678,0.1865951269865036,-0.2437451370060444,0.01567459513898939,-0.04131386103108525,0.19026616154587828,-0.2144289524294436
2023,14,JAX,-0.15293178,-0.13676009,-0.20810574,-0.14910914,0.037533363327383995,0.14458466414362192,0.21568267792463303,-0.16088676918298006,0.03160473040770739,0.02101336931809783,0.186272411927348,-0.17299470212310553
2023,15,JAX,-0.21370248,-0.22214426,-0.18188341,0.036729246,0.08874002657830715,0.03853480238467455,0.29150234162807465,-0.18106981460005045,-0.01256466202903539,-0.011799733620136976,0.13186042694724165,-0.2058399566449225
2023,16,JAX,-0.14718468,-0.061260227,-0.691373,0.099744685,-0.026729481294751167,0.031096468679606915,0.08270647749304771,-0.18932017404586077,-0.03520720649976283,0.017163165379315615,0.10443670861423016,-0.21851119445636868
2023,17,JAX,0.122113295,0.26049656,-0.011657182,-0.45970646,-0.08694221079349518,0.04779268987476826,-0.04801767785102129,-0.2619650112465024,-0.05457301437854767,0.04655770165845752,0.06928872456774116,-0.2528550741262734
2023,18,JAX,-0.04091638,0.08924004,-0.31254715,0.13777643,-0.0979264136403799,-0.11808541603386402,-0.03991700429469347,-0.2732548313215375,-0.030196525156497955,0.01324962405487895,0.08788283681496978,-0.21707080025225878
2024,1,JAX,-0.09178514,0.23172766,-0.42774072,0.019895667,-0.06992256361991167,-0.04636402241885662,0.016583026386797428,-0.29936518240720034,0.00940873147919774,-0.003914610017091036,0.15404268400743604,-0.2402174985036254
2024,2,JAX,-0.025020648,-0.042300582,0.011358167,-0.019716553,-0.03944322746247053,-0.050572417210787535,0.13005100656300783,-0.36082951072603464,-0.03308635437861085,-0.00973797426559031,0.10637874202802777,-0.2750748423859477
2024,3,JAX,-0.20914061,-0.48407906,0.60040045,0.42253175,-0.00890221819281578,-0.08043772680684924,0.1347909178584814,-0.1851467213127762,-0.04792221449315548,-0.016322518466040492,0.04338662000373006,-0.2235558662796393
2024,4,JAX,-0.013452726,-0.035429165,0.021509783,0.10448479,-0.09171569533646107,0.14012182550504804,-0.05135298706591129,-0.03213231381960213,-0.09482105448842049,0.011018204735592008,-0.04563499568030238,-0.1526935725705698
2024,5,JAX,0.24639589,0.3396499,0.10448761,0.25686276,-0.08484978205524385,0.13179891416803002,-0.08252028748393059,0.051381918834522367,-0.07738617283757776,0.0427174458745867,-0.03296863054856658,-0.12399163178633898
2024,6,JAX,-0.02392606,0.0063392143,-0.102259725,0.32011378,-0.00030452548526227474,0.19104068726301193,-0.055539730936288834,0.18443900276906788,-0.019873876473866403,0.0702341350261122,0.0372556378133595,-0.08819525397848338
2024,7,JAX,0.25487065,0.6277796,0.029162608,0.068745025,-3.087869845330715e-05,0.27599827013909817,-0.043379781884141266,0.15603452967479825,-0.004466548445634544,0.09778027166612446,0.04570556798717007,-0.014556095818988979
2024,8,JAX,0.039201915,0.085173815,-0.033935223,0.15847772,0.11597193800844252,0.1875515878200531,0.23458488460164517,0.013225069735199213,0.012128121335990727,0.16383670666255057,0.09161594876786694,-0.00945362204220146
2024,9,JAX,-0.1427179,-0.14794871,-0.12946653,-0.013051178,0.12913559842854738,0.20104982145130634,0.26473562966566533,-0.0006361817941069603,0.022142908186651766,0.16642436780966818,0.09110767109086737,0.025372868520207703
2024,10,JAX,-0.31555602,-0.25913054,-0.4143006,-0.00070265296,0.031857152469456196,0.13357133697718382,0.14283598016481847,-0.0591247184202075,0.01577631349209696,0.16230601212009788,0.043648124614264816,0.06265714217443019
2024,11,JAX,-0.35526666,-0.3892852,-0.28722942,0.554737,-0.04105033725500107,0.05336722920765169,0.07646854221820831,-0.1371349347755313,-0.020540607976727188,0.16468274967337493,0.016544380167033523,0.009449797449633479
2024,13,JAX,0.06520345,0.18159035,-0.17263062,0.079335086,-0.19358466565608978,0.17486521604587324,-0.17779766023159027,-0.2162329414859414,-0.03880636382382363,0.18120840193296317,0.02839361218502745,-0.1015039358753711
2024,14,JAX,0.011406408,0.08134233,-0.095017806,-0.14697303,-0.1870842818170786,0.15507955665816553,-0.1536935269832611,-0.2509067915380001,-0.028974341694265604,0.17806468905473594,0.05552105134120211,-0.12577148666605353
2024,15,JAX,0.1190805,0.13986582,0.07271328,0.41629568,-0.14855320542119443,0.12159909403999336,-0.0963707659393549,-0.24229460954666138,-0.05834802647586912,0.1275852155085886,0.023232607112731785,-0.15070966398343444
2024,16,JAX,-0.23457284,-0.21496315,-0.2746835,-0.07390997,-0.03989407583139837,0.22584867663681507,0.003378322347998619,-0.12054114229977131,-0.04047220654319972,0.13960795292223338,0.039923432283103466,-0.1288380385376513
2024,17,JAX,0.1337723,0.3735185,-0.06730519,0.034396116,-0.009720621397718787,0.0686869416385889,0.046958835795521736,-0.11740466393530369,-0.10165264352690428,0.12177607884223107,-0.06541941221803427,-0.16681880271062255
2024,18,JAX,0.009602922,0.06104116,-0.05383757,0.05089179,0.007421590620651841,0.057452199049293995,0.09494087286293507,-0.0910733062773943,-0.08983134559821337,0.10626587785372976,-0.02937632706016302,-0.1709900489076972
2025,1,JAX,0.103053376,0.068414636,0.14115599,-0.17619815,0.006970719201490283,0.10691840387880802,0.08986558020114899,-0.08077824767678976,-0.07079124310985208,0.11425874895940069,-0.003252592869102955,-0.16153642861172557
2025,2,JAX,0.09157124,0.08831926,0.09719968,0.017736629,0.00296393851749599,-0.04120505414903164,0.07200278528034687,-0.06366757024079561,-0.01846506865695119,0.09232181124389172,0.037690553814172745,-0.09210435627028346
2025,3,JAX,-0.14395097,-0.119334765,-0.19010638,-0.1979622,0.08449995960108936,-0.018293404951691628,0.1478233877569437,0.029303225688636303,0.037389669101685286,0.02519676834344864,0.09739111177623272,-0.04405071912333369
2025,4,JAX,0.07139458,0.2209695,-0.09812367,-0.054000452,0.015069142682477832,-0.07638298254460096,0.024610072374343872,-0.001397070474922657,0.011245366651564837,-0.009465391747653484,0.05977547261863947,-0.046235188376158476
2025,5,JAX,0.11910539,0.26934296,-0.189277,0.17501298,0.030517056584358215,-0.10260604321956635,0.0645921565592289,-0.012468595057725906,0.01874388789292425,0.002156180329620838,0.07722886838018894,-0.046623421367257833
2025,6,JAX,-0.07165556,-0.048837274,-0.13212399,0.020928413,0.03453006036579609,-0.014803260564804077,0.11482423730194569,-0.09507684037089348,0.01874699944164604,-0.028004157356917858,0.09341351129114628,-0.07937220530584455
2025,7,JAX,-0.13989745,-0.22794448,0.1487011,0.24287623,-0.006276639178395271,-0.01400531455874443,0.08053510449826717,-0.15240775793790817,0.039111660211347044,-0.01614935975521803,0.11417924612760544,-0.061552266124635935
2025,9,JAX,0.12435492,-0.109847456,0.37704694,0.161696,-0.005263259634375572,0.09620429202914238,0.05338267609477043,-0.06770588830113411,0.00490294152405113,0.009910654742270708,0.03899637423455715,-0.03455147938802838
2025,10,JAX,-0.19092523,-0.16498795,-0.23490582,0.10326342,0.007976826280355453,0.15012840554118156,-0.029321562498807907,0.05108676478266716,0.019246941432356834,0.02376118116080761,0.017635297030210495,0.019309084862470627
2025,11,JAX,0.13688974,0.21258157,0.09315668,-0.47060466,-0.06953082792460918,0.1321910172700882,-0.13790429010987282,0.03967955708503723,-0.017500383779406548,0.05869387835264206,-0.011540026403963566,-0.027698641642928123
2025,12,JAX,-0.17871149,-0.17390376,-0.18563454,-0.13217132,-0.017394503578543663,0.009307749569416046,-0.07254957780241966,0.09599972516298294,-0.011835571378469467,-0.002348782494664192,0.003992763347923756,-0.028204016387462616
2025,13,JAX,0.009926305,0.18687172,-0.23779728,-0.37743312,-0.02709801308810711,-0.08445413783192635,-0.0590393990278244,0.012415815144777298,-0.01618063636124134,0.005875077098608017,-0.002828361466526985,-0.027645036578178406
2025,14,JAX,0.06764221,0.33116934,-0.26420674,-0.15237345,-0.055705167120322585,-0.21923641860485077,0.015140395611524582,-0.14129523932933807,-0.023864170419983566,-0.0345540065318346,-0.007090583443641663,-0.04510423727333546
2025,15,JAX,0.31214616,0.73442256,-0.5112928,-0.15684514,0.00893669226206839,-0.28314563632011414,0.13917971774935722,-0.14862046763300896,-0.030297067831270397,-0.07547730952501297,0.0006377138197422028,-0.05447045527398586
2025,16,JAX,0.12773311,0.32760507,-0.2320364,-0.01741433,0.052750796312466264,-0.20470575615763664,0.26963996514678,-0.29973284155130386,0.0176781463669613,-0.0976990032941103,0.09854519367218018,-0.10186655819416046
2025,17,JAX,-0.004029807,0.085279785,-0.15173414,-0.17091699,0.12936194636859,-0.17601650906726718,0.3950171731412411,-0.3113333061337471,0.051131966640241444,-0.13023532344959676,0.16798888705670834,-0.1494587454944849
2025,18,JAX,0.2504569,0.44866517,-0.15639174,-0.36189836,0.12587291828822345,-0.12438747612759471,0.36961918883025646,-0.28981752321124077,0.03508387558395043,-0.17181194736622274,0.19237979222089052,-0.21555638127028942
2023,1,KC,-0.118469775,-0.04570571,-0.32392126,0.025882615,,,,,,,,
2023,2,KC,0.10276591,0.11345009,0.07071339,-0.25860417,,,,,,,,
2023,3,KC,0.2263659,0.3558114,0.052423522,-0.30167553,-0.00785193219780922,-0.11636077705770731,0.03387218900024891,-0.12660393491387367,-0.00785193219780922,-0.11636077705770731,0.03387218900024891,-0.12660393491387367
2023,4,KC,0.1498915,0.20141922,0.080595545,0.008978092,0.07022067656119664,-0.17813236080110073,0.14118525510032973,-0.06692811598380406,0.07022067656119664,-0.17813236080110073,0.14118525510032973,-0.06692811598380406
2023,5,KC,0.20522735,0.43731043,-0.24838954,0.012353467,0.0901383813470602,-0.13135474757291377,0.15624374616891146,-0.030047200620174408,0.0901383813470602,-0.13135474757291377,0.15624374616891146,-0.030047200620174408
2023,6,KC,-0.024579283,0.16859734,-0.46612585,-0.25454092,0.17106266133487225,-0.13473703456111252,0.2769977804273367,-0.011164270341396332,0.1131561741232872,-0.1026131046935916,0.21245708242058753,-0.07371566891670227
2023,7,KC,0.24162957,0.47995296,-0.39389947,0.047300316,0.13922636304050684,-0.13372122240252793,0.2907845936715603,-0.14537408016622066,0.09020026462773482,-0.12793440728758773,0.20514712544778982,-0.139117365082105
2023,8,KC,-0.267734,-0.27325082,-0.24778846,-0.043314304,0.14304228220134974,-0.046477261232212186,0.3218199871480465,-0.25695482827723026,0.11183302264128413,-0.10290087533316442,0.2444051019847393,-0.17551480872290476
2023,9,KC,-0.002709008,0.0335002,-0.075127415,-0.15935253,0.038635910488665104,-0.059550360310822725,0.20315247774124146,-0.339050829410553,0.06438714591786265,-0.09545255394186825,0.17969811195507646,-0.1845490150153637
2023,11,KC,-0.09142515,-0.15873449,0.043193523,-0.017405175,-0.01334817783208564,-0.10247685853391886,0.1021999204531312,-0.2957352977246046,0.0788572417513933,-0.11860694654751569,0.18959885044023395,-0.15344978403300047
2023,12,KC,0.22102162,0.32221723,0.028750002,-0.026421417,-0.030059644777793437,-0.04319292213767767,0.020366963930428028,-0.16840545553714037,0.0545833591313567,-0.0884570722701028,0.15557577880099416,-0.15688976785168052
2023,13,KC,0.12953192,0.095320724,0.19497938,0.28071097,-0.0352116318535991,-0.061623355373740196,-0.019066969864070415,-0.06274308729916811,0.05391532517387532,-0.05405030830297619,0.15137650864198804,-0.1598489577881992
2023,14,KC,-0.091247514,-0.17490532,0.115695454,-0.0014175,0.06410484592197463,0.019382962025702,0.07307591568678617,0.04794887360185385,0.05137037820531987,-0.020083699142560363,0.13811419671401381,-0.14555097790434957
2023,15,KC,-0.022035422,0.06731526,-0.25855193,-0.358108,0.04197021946310997,0.058866718551144004,0.02097453735768795,0.09565459098666906,0.014311020815512165,-0.021805069991387427,0.061587228905409575,-0.10004035336896777
2023,16,KC,-0.21523277,-0.015901256,-0.962726,-0.134221,0.05931765167042613,-0.02630899124778807,0.07748697325587273,0.020218228921294212,0.014629003446316347,-0.03475095669273287,0.04892696859315038,-0.07409361330792308
2023,17,KC,0.053653557,0.037816115,0.08356872,-0.0056137275,-0.04974594758823514,-0.05325888772495091,-0.007042647339403629,-0.22765077091753483,-0.04247878972091712,-0.05744112154934555,-0.013054808601737022,-0.14519692910835147
2023,18,KC,-0.14368604,-0.16695338,-0.108279236,-0.18970709,-0.06871553836390376,-0.12484006094746292,-0.02141879964619875,-0.255503436550498,-0.002305346220964566,-0.05272854946088046,0.025828558020293713,-0.10377728147432208
2024,1,KC,0.18219088,0.41800055,-0.20689507,0.03919909,-0.0818251702003181,-0.17191245732828975,-0.01943081710487604,-0.3114971090108156,-0.019927475368604064,-0.05652286938857287,0.0007718601264059544,-0.10792125901207328
2024,2,KC,-0.06491075,-0.19007845,0.10048944,0.026635354,-0.030768594704568386,-0.07258568098768592,0.06824050564318895,-0.2985828947275877,0.014274528482928872,-0.049447336117736995,0.07286373944953084,-0.13918233290314674
2024,3,KC,0.10633402,0.11900395,0.08798445,-0.034978986,0.0068119121715426445,-0.03237159177660942,0.02469620667397976,-0.032779036089777946,-0.021467017708346248,-0.042815239750780165,0.008826779667288065,-0.1302149035036564
2024,4,KC,-0.12226407,-0.07579134,-0.20042276,-0.25146613,0.019982028752565384,-0.03971290634945035,0.044993165880441666,-0.031675104051828384,-0.02436675480566919,-0.08227648364845663,0.011787183117121458,-0.1435892703011632
2024,5,KC,0.13962065,0.1793486,0.084702566,-0.096905395,0.025337520986795425,-0.05515266628935933,0.06778367795050144,-0.05471098609268665,-0.028243824606761336,-0.11353256180882454,0.0241764304228127,-0.18310404755175114
2024,7,KC,0.04096984,0.055396244,0.02736781,-0.14614014,0.01469496265053749,-0.08917878801003098,0.008120691403746605,0.018188422545790672,-0.008036816027015448,-0.08088223449885845,0.03818059852346778,-0.1401972360908985
2024,8,KC,0.12591568,0.28017282,-0.13940662,-0.07286512,0.04116510972380638,-0.1323726624250412,0.0694893654435873,-9.198440238833427e-05,0.023988510947674513,-0.08237212710082531,0.04709278605878353,-0.01643551024608314
2024,9,KC,0.14217694,0.2625264,-0.03834726,0.16516304,0.04606052301824093,-0.14184419624507427,0.10978158377110958,-0.05693975230678916,0.033021275885403156,-0.09077855129726231,0.07738737482577562,-0.04430742817930877
2024,10,KC,0.019019542,0.120571114,-0.28563517,0.030146793,0.11217077635228634,-0.0376869048923254,0.19436101615428925,-0.016420876141637564,0.06875414866954088,-0.046419785590842366,0.13107234705239534,-0.03556593111716211
2024,11,KC,0.08734659,0.11233869,0.031481873,0.16670434,0.0820205002091825,-0.0059238579124212265,0.17966664396226406,-0.1090053110383451,0.048357731429859996,-0.047551322961226106,0.09389366768300533,-0.04540844424627721
2024,12,KC,0.25508493,0.2789609,0.19865084,0.22937861,0.09361468767747283,0.07228726334869862,0.1939022559672594,-0.10797679517418146,0.0673898987006396,-0.03004269953817129,0.13169581070542336,-0.0540343897882849
2024,13,KC,-0.007170458,0.06286053,-0.2822922,0.03364163,0.12590700155124068,0.1478481963276863,0.1935992781072855,-0.023462430573999882,0.0859837622847408,0.003002000041306019,0.15169043093919754,-0.04020109144039452
2024,14,KC,0.06871691,0.13442734,-0.07522021,0.09424379,0.0885701518272981,0.1149678435176611,0.14368281327188015,-0.08444866258651018,0.10037046408979222,0.03864046931266785,0.1690219147130847,-0.05043476936407387
2024,15,KC,-0.07742546,-0.020903094,-0.15400413,-0.4906877,0.10099449462722987,0.130992092192173,0.14714686945080757,-0.031844922341406345,0.09150749741820619,0.06253411713987589,0.16340675670653582,-0.07042511668987572
2024,16,KC,0.16012694,0.29894862,-0.13562357,0.07439424,0.05980148247908801,-0.033355917781591415,0.11383642302826047,-0.07821642234921455,0.07670808507828042,0.0194656727835536,0.15386933949775994,-0.09309660876169801
2024,17,KC,0.25826338,0.41341564,-0.092870645,-0.1365666,0.036061984370462596,-0.07210201025009155,0.11883334862068295,-0.16178502514958382,0.08098449296085164,0.03787309303879738,0.15621631336398423,-0.09262372786179185
2024,18,KC,-0.41538644,-0.41828158,-0.40843806,0.36808,0.10242044366896152,-0.11465406604111195,0.20647212537005544,-0.1144296396523714,0.09549529774812981,0.00015688873827457428,0.1750774693209678,-0.0994391511194408
2025,1,KC,0.17275493,0.20234668,0.054387886,0.282341,-0.018605394288897514,-0.04619501531124115,0.06829489441588521,-0.19773410074412823,0.04119455016916618,0.04239853844046593,0.10772088193334639,-0.11478951154276729
2025,2,KC,-0.106994,0.013353894,-0.36669213,0.015774177,0.043939702212810516,0.14706216007471085,0.12410733848810196,-0.1456360975280404,0.05187059234594926,0.056853121146559715,0.11897188075818121,-0.11192625993862748
2025,3,KC,0.17136139,0.2182658,0.07755256,-0.13673942,-0.022840533405542374,0.13240714417770505,0.0527086581569165,-0.2034032354131341,0.006610725482460111,0.03015256696380675,0.08577100338879973,-0.18259413028135896
2025,4,KC,0.21015933,0.338551,0.01298637,-0.07308372,-0.04456603154540062,0.1323639382608235,0.003921198425814509,-0.1607974348589778,0.028927206061780453,0.008854936109855771,0.10519666189793497,-0.1376135372556746
2025,5,KC,0.17501298,0.11829901,0.31994867,0.11910539,0.11182041093707085,0.022073010448366404,0.19312934833578765,-0.05544132809154689,0.046607508324086666,-0.012061002431437373,0.13071212137583643,-0.12658771441783756
2025,6,KC,0.31075543,0.446263,0.039740376,0.08327035,0.11238492280244827,-0.018735892605036497,0.1721174295525998,0.01094886870123446,0.0781623125076294,0.06416313373483717,0.14811238402035087,-0.06734361441340297
2025,7,KC,0.24423118,0.55271846,-0.15498768,-0.6294607,0.2168222814798355,-0.0018618497997522354,0.2803447023034096,0.11255699419416487,0.09699087403714657,0.06527264718897641,0.16652668023016304,-0.04542312060948461
2025,8,KC,0.26197612,0.36058497,0.102684945,-0.15976925,0.23503972962498665,-0.12504216842353344,0.36395786702632904,0.05442193546332419,0.09523684903979301,0.0036608849186450243,0.18393953272607177,-0.0531877496978268
2025,9,KC,0.015184526,-0.019584801,0.084723175,0.2196645,0.24799392744898796,-0.14671355113387108,0.3694663569331169,0.07684657908976078,0.1799071691930294,-0.06232027034275234,0.2812978526344523,0.010702625499106944
2025,11,KC,0.1185824,0.1324106,0.06326957,0.015152114,0.20803681504912674,-0.12157377414405346,0.33499540481716394,0.018040204420685768,0.1602108689257875,-0.07015483337454498,0.25355641718488187,0.014494536560960114
2025,12,KC,0.031264484,0.22558074,-0.27859116,-0.018942168,0.1599935565609485,-0.13860333268530667,0.25653230864554644,0.023922502994537354,0.188407919020392,-0.07023259124252945,0.268438505474478,0.06823974859435111
2025,13,KC,0.17532253,0.31598067,-0.14819118,0.27415717,0.10675188270397484,0.014026298420503736,0.17474787775427103,-0.006978366523981094,0.17089580616448075,-0.05550793500151485,0.26935287239030004,0.023721784469671547
2025,14,KC,-0.29289538,-0.44119638,-0.01651615,-0.06733696,0.08508848515339196,0.1225079030264169,0.16359680239111185,-0.06969739869236946,0.16654120630118996,-0.01210282405372709,0.2665315796621144,0.0035745901986956596
2025,15,KC,-0.113398544,-0.07082527,-0.2075079,-0.010000168,0.0080685093998909,0.05075753782875836,0.058193907141685486,-0.0950072300620377,0.10805266222450882,-0.03540811815764755,0.19659465597942472,-0.03848351282067597
2025,16,KC,-0.26126194,-0.33241752,-0.06558405,0.02704335,-0.04992672614753246,0.04446946713142097,0.00738493911921978,-0.16270159604027867,0.055033415206708014,-0.04706693277694285,0.1319586238823831,-0.06938954652287066
2025,17,KC,-0.15266825,-0.25429615,-0.00321546,0.0846414,-0.12305833213031292,0.055965846637263894,-0.1321146246045828,-0.1094498191960156,-0.008153224713169038,0.034996072528883815,0.021316626574844122,-0.058214092859998345
2025,18,KC,-0.4761027,-0.59274375,-0.25342438,-0.4568623,-0.20505602844059467,0.00858690426684916,-0.27468383125960827,-0.07320588827133179,-0.05998377164360136,0.06554740364663303,-0.05554351443424821,-0.07145164348185062
2023,1,LA,0.2537183,0.53843987,-0.03812129,-0.037635528,,,,,,,,
2023,2,LA,-0.072123416,-0.11643931,0.06782149,0.13812661,,,,,,,,
2023,3,LA,-0.14001119,-0.1579656,-0.07567457,-0.07994017,0.09079743549227715,0.05024554207921028,0.21100027859210968,0.014850098639726639,0.09079743549227715,0.05024554207921028,0.21100027859210968,0.014850098639726639
2023,4,LA,0.15588227,0.31850645,-0.06249876,0.043100607,0.013861226538817087,0.006850304702917735,0.08801165223121643,-0.015324791272481283,0.013861226538817087,0.006850304702917735,0.08801165223121643,-0.015324791272481283
2023,5,LA,-0.016779732,-0.07923677,0.17059138,0.15871616,0.04936648719012737,0.015912880189716816,0.14563535153865814,-0.027118283323943615,0.04936648719012737,0.015912880189716816,0.14563535153865814,-0.027118283323943615
2023,6,LA,0.10772641,0.119287014,0.09657867,-0.2704334,-0.018258017487823963,0.0650008013471961,-0.00878380797803402,0.02505988534539938,0.03613724336028099,0.04447353556752205,0.10066092759370804,0.012423650175333024
2023,7,LA,-0.04146677,-0.023496462,-0.06422915,0.025442587,0.02670443896204233,-0.03713920060545206,0.0501477736979723,0.032249181531369686,0.04806877113878727,-0.008010953043897947,0.10376527532935143,0.026449487234155338
2023,8,LA,-0.15835057,-0.26410857,0.009099587,0.20718105,0.05134054459631443,-0.010793511290103197,0.08376505831256509,0.035110536031425,0.03527797971452985,-0.003231875864522798,0.08558502713484424,0.013495395758322306
2023,9,LA,-0.3999548,-0.3362013,-0.49697092,-0.048900478,-0.027217665687203407,0.030226599890738726,-0.061888696160167456,0.053010122617706656,0.011074410751461983,0.02306974004022777,0.04187332768924534,0.01294591964688152
2023,11,LA,-0.070478976,-0.008525216,-0.17208311,-0.043999113,-0.12301143165677786,-0.0216775587759912,-0.12612983165308833,-0.1138804538641125,-0.07063472457230091,0.02166162128560245,-0.06745681981556118,-0.04441028425935656
2023,12,LA,0.3103447,0.37314108,0.24564537,-0.105728745,-0.16756277810782194,0.03493101196363568,-0.15808288916014135,-0.18104589940048754,-0.0704291695728898,-0.0011040943209081888,-0.053967557731084526,-0.07439835893455893
2023,13,LA,0.16596764,0.22138959,0.078216225,-0.10047078,-0.07960991188883781,0.0021381787955760956,-0.058923503616824746,-0.10357726761139929,-0.014134683646261692,-0.004327666247263551,0.012420777347870171,-0.03423336578998715
2023,14,LA,0.12934248,0.1688762,0.06527058,0.16838503,0.001469641923904419,-0.07477477937936783,0.06245103641413152,-0.08629810810089111,-0.012874011881649494,-0.02227408974431455,0.00028117012698203325,-0.01664399274159223
2023,15,LA,0.0050940895,0.11947549,-0.1123787,-0.1319266,0.13379396125674248,-0.020453402772545815,0.18872041418217123,0.05426226742565632,0.005391264799982309,-0.021065480774268508,0.03129529126454145,-0.02980909321922809
2023,16,LA,0.19617718,0.47040188,-0.10297701,-0.066692725,0.15268722758628428,-0.04243527352809906,0.22072059102356434,0.06918836943805218,-0.007437775260768831,-0.0037521307822316885,0.031318850931711495,-0.05592876498121768
2023,17,LA,0.0240378,-0.06891312,0.18881442,-0.10970622,0.12414534972049296,-0.03267626836895943,0.24503579176962376,-0.0179672259837389,0.022267718915827572,-0.015269044786691666,0.0930561440763995,-0.060772246797569096
2023,18,LA,0.1384466,0.3132598,-0.058923136,0.14058773,0.0886628890875727,-0.03498512879014015,0.17246011458337307,0.009682321920990944,0.045066265505738556,-0.05487995408475399,0.1174555754987523,-0.038307893089950085
2024,1,LA,0.07558237,0.16037485,-0.10417772,0.1057764,0.09093891852535307,-0.04193445295095444,0.2085560169070959,-0.021366107277572155,0.11236643989104778,-0.031193927861750126,0.19863821554463357,0.016448080074042082
2024,2,LA,-0.2630421,-0.34873727,-0.12592976,0.32803273,0.10856098867952824,0.01749129593372345,0.21878085657954216,-0.019315862096846104,0.13062410813290626,-0.012471988797187805,0.21975072380155325,0.024936253670603037
2024,3,LA,0.19496295,0.237075,0.14151305,0.2176928,-0.006243830546736717,0.1161726601421833,0.013996068388223648,-0.02505404967814684,0.05895075958687812,0.04174819588661194,0.1295159300789237,-0.02151063783094287
2024,4,LA,0.039437167,-0.06083435,0.17981727,0.104399025,0.036487456411123276,0.19802241772413254,0.0904930979013443,-0.03687939140945673,0.06257517274934798,0.08151864446699619,0.13147660624235868,-0.013598534744232893
2024,5,LA,-0.073417,-0.14698637,0.050889842,0.035833865,0.0117350984364748,0.188975241035223,-0.003030441701412201,0.0228057112544775,0.05133700848091394,0.07352039404213428,0.10276278760284185,0.000719801988452673
2024,7,LA,-0.25490734,-0.2200032,-0.2885187,-0.32440162,-0.025514744222164154,0.17148960754275322,-0.07987074553966522,0.06157260201871395,0.04152312222868204,0.09449045173823833,0.06945505551993847,0.021128369960933924
2024,8,LA,0.24324572,0.5303013,-0.14279456,0.107988074,-0.023481056094169617,0.008381020277738571,-0.04768722876906395,0.02092536725103855,-0.014862443320453167,0.06227684020996094,-0.01684558019042015,-0.002064341213554144
2024,9,LA,0.008651186,0.20881237,-0.32265007,-0.22146218,-0.011410363018512726,-0.019045162945985794,0.02561933919787407,-0.050151536241173744,0.012538546696305275,0.08948862738907337,0.058056218549609184,-0.04351546382531524
2024,10,LA,-0.25345075,-0.15214624,-0.5016469,-0.12069886,-0.019106858409941196,-0.10051046311855316,0.09303101897239685,-0.17576837353408337,-0.003685879986733198,0.04423238895833492,0.045000288635492325,-0.07648133113980293
2024,11,LA,0.39898184,0.57775605,0.16061623,0.09465702,-0.0641152961179614,-0.13964364491403103,0.09174105152487755,-0.3139025531709194,-0.04481502017006278,0.015922981314361095,0.005935152992606163,-0.12616497557610273
2024,12,LA,0.026407283,0.1651998,-0.35731325,0.31680378,0.09935699868947268,-0.034878985956311226,0.2911808639764786,-0.20161882042884827,0.03793797129765153,-0.013248982839286327,0.12174681760370731,-0.09034672658890486
2024,13,LA,0.15622507,0.07465404,0.23779608,-0.016540911,0.04514738917350769,0.017324941232800484,0.19990549609065056,-0.2552484907209873,0.016868513077497482,-0.0008601108565926552,0.11276241764426231,-0.15270001348108053
2024,14,LA,0.30273286,0.7802516,-0.09519946,0.5296692,0.08204086031764746,0.06855525728315115,0.16636591404676437,-0.11513695120811462,0.03146700095385313,-0.015977602917701006,0.1296984665095806,-0.145452662371099
2024,15,LA,-0.095589206,-0.13667476,-0.06449743,-0.2987003,0.22108676191419363,0.23114727903157473,0.3994653783738613,-0.013525096699595451,0.07848573289811611,0.04575181705877185,0.24560321494936943,-0.16371382493525743
2024,16,LA,0.10720568,0.20055282,0.042828333,-0.101701915,0.09744400065392256,0.13280794862657785,0.2208576761186123,-0.06980351358652115,0.09840049967169762,0.048964481335133314,0.25601927004754543,-0.1357111670076847
2024,17,LA,-0.067542784,-0.030442098,-0.134324,-0.035100263,0.11764360032975674,0.028181524015963078,0.22969593107700348,0.030231880955398083,0.08139549475163221,0.02275323262438178,0.21480071358382702,-0.11250830488279462
2024,18,LA,0.024095882,0.04468148,-0.023250971,0.2462866,0.061701636761426926,0.02354168612509966,0.20342189585790038,-0.06279813963919878,0.07187124853953719,0.046048471704125404,0.18489390495233238,-0.0889675454236567
2025,1,LA,-0.071694754,0.01666973,-0.19687776,-0.14470685,-0.007957606576383114,-0.04730396997183561,0.019529359880834818,-0.04481101781129837,0.10656457766890526,0.09192165452986956,0.20949736912734807,-0.02916805725544691
2025,2,LA,0.34776914,0.29790163,0.42582265,-0.11592227,-0.00198399368673563,-0.008805605582892895,0.05786548275500536,-0.07790610007941723,0.047730003483593464,0.06200117152184248,0.13936157943680882,-0.07385480683296919
2025,3,LA,0.0020795942,-0.0022205708,0.006934611,0.011345437,0.05815687123686075,-0.012360694818198681,0.0822026850655675,0.01784247811883688,0.08790023578330874,0.007910414598882198,0.1559493080712855,0.02403717953711748
2025,4,LA,0.019683868,0.24345656,-0.42786157,-0.13963205,0.07556246576132253,-0.0007492699660360813,0.08925806690240279,0.05315713072195649,0.06863205126137473,0.011396208079531789,0.14633998138015158,-0.004820504458621144
2025,5,LA,0.09809136,0.3445385,-0.6267532,0.12671532,0.07445946225197986,-0.09722893172875047,0.1389518366777338,-0.04799551935866475,0.03325092783779837,-0.07226645085029304,0.07924059827928431,-0.04640326858498156
2025,6,LA,0.0053298017,0.12514736,-0.16583814,-0.35863197,0.11690598988207057,-0.029373391065746546,0.22091903170803562,-0.15546438144519925,0.05746099809766747,-0.01908949832431972,0.1393922572315205,-0.11668524076230824
2025,7,LA,0.24287623,0.41546923,-0.059161495,-0.13989745,0.03129615500802174,-0.09005081513896585,0.17773046350339428,-0.3033795771189034,0.04472651312244125,-0.05120575497858226,0.12996657428448088,-0.14276854950003326
2025,9,LA,0.31041574,0.40957704,0.22117057,-0.2977071,0.09149531438015401,-0.12786153703927994,0.2821529135107994,-0.31990360375493765,0.08352889007073827,-0.06430540350265801,0.1857054902066011,-0.13337323651649058
2025,10,LA,0.4141483,0.61162585,0.15319575,0.1123409,0.1641782836522907,-0.16738030314445496,0.3236830346286297,-0.15764556732028723,0.11931887295213528,-0.1323046174366027,0.23131743565318175,-0.10282054333947599
2025,11,LA,-0.1940106,-0.33793423,-0.018799257,-0.189935,0.2431925197597593,-0.17097390815615654,0.39045486971735954,0.037341673858463764,0.18004925482091494,-0.10017364961095154,0.3056869507126976,-0.059061353793367743
2025,12,LA,0.076005034,0.1950567,-0.15583241,-0.3951853,0.1933574192225933,-0.1287996657192707,0.27468447387218475,0.0741013940423727,0.11232678711530752,-0.10942524042911828,0.22620746868778951,-0.11463909153826535
2025,13,LA,0.14862052,-0.11706899,0.5281769,0.19092292,0.15163961984217167,-0.1926216259598732,0.21958134323358536,0.04993366543203592,0.12156746711116284,-0.16024158149957657,0.2508671283721924,-0.13498496916145086
2025,14,LA,0.4354662,0.51650256,0.35681325,-0.07870081,0.11119081266224384,-0.0704641193151474,0.08791983500123024,0.12668524775654078,0.13768454815726727,-0.11892221122980118,0.20580143481492996,-0.015480159781873226
2025,15,LA,0.20446424,0.19457799,0.21999976,0.18640026,0.11652028746902943,-0.11822454631328583,0.06413901224732399,0.17758962232619524,0.17985640361439437,-0.14459922723472118,0.22729694098234177,0.1074656480923295
2025,16,LA,0.20208874,0.46928334,-0.16102187,0.033490915,0.21613899804651737,-0.024140730500221252,0.1972670666873455,0.23728937655687332,0.20474820863455534,-0.07647019810974598,0.23597577027976513,0.155695385299623
2025,17,LA,-0.10163594,-0.087623075,-0.13099621,0.115643814,0.24765992537140846,0.08302832115441561,0.26582372561097145,0.23599201068282127,0.19964977260679007,-0.054796652402728796,0.2427025344222784,0.1429628380574286
2025,18,LA,0.22024076,0.36613137,-0.0038055463,-0.02664697,0.18509581126272678,0.06420854572206736,0.27318520471453667,0.0711987316608429,0.1481433119624853,-0.003127786796540022,0.18055251985788345,0.09894198970869184
2023,1,LAC,0.17005232,0.06413614,0.2995054,0.3395623,,,,,,,,
2023,2,LAC,0.07589802,0.19982508,-0.20146249,0.079180256,,,,,,,,
2023,3,LAC,0.15946993,0.40095606,-0.72022957,0.014683856,0.1229751706123352,0.20937127619981766,0.13198060914874077,0.049021460115909576,0.1229751706123352,0.20937127619981766,0.13198060914874077,0.049021460115909576
2023,4,LAC,-0.013781627,0.059555087,-0.09759503,-0.16870856,0.1351400911808014,0.14447546936571598,0.2216390942533811,-0.20739554862181345,0.1351400911808014,0.14447546936571598,0.2216390942533811,-0.20739554862181345
2023,6,LAC,-0.11988105,-0.016915483,-0.40710077,0.069633916,0.09790966170839965,0.06617946131154895,0.18111809249967337,-0.17994541861116886,0.09790966170839965,0.06617946131154895,0.18111809249967337,-0.17994541861116886
2023,7,LAC,0.047300316,0.02487251,0.08281099,0.24162957,0.025426319567486644,-0.0013026339001953602,0.160855186637491,-0.35659696348011494,0.0543515196070075,0.06687035225331783,0.14151137731969357,-0.2253764882683754
2023,8,LAC,0.009782715,0.3190629,-0.57011765,-0.18272822,0.018276893300935626,0.03930969489738345,0.11711704451590776,-0.28552859276533127,0.053176319071402155,0.09599688866486152,0.12207156606018543,-0.17401190847158432
2023,9,LAC,-0.109978594,-0.11961449,-0.089636125,-0.34217265,-0.019144911086186767,-0.010043323040008545,0.09664375055581331,-0.2480006143450737,0.04697723274252245,0.056179016562444825,0.15021318356905664,-0.2305984433208193
2023,10,LAC,0.26746252,0.4901385,-0.10366403,0.42855987,-0.043194152880460024,-0.05340934544801712,0.05185135640203953,-0.2460108883678913,0.027357754413969815,0.006385057931765914,0.11648472445085645,-0.2129781534895301
2023,11,LAC,0.04999996,0.22669981,-0.42812902,0.12376034,0.05364173976704478,0.03632214292883873,0.17861485248431563,-0.17015170492231846,0.03953402966726571,0.017509754514321685,0.1697350195609033,-0.2633743342012167
2023,12,LAC,-0.301671,-0.3894467,-0.003233705,-0.001622898,0.05431665061041713,0.006854835897684097,0.22907167859375477,-0.2978867068886757,0.03629677195567638,0.023082265397533774,0.17309436155483127,-0.2917076498270035
2023,13,LAC,-0.14786571,0.030664755,-0.47092083,-0.25852212,-0.023546777665615082,0.05213116540107876,0.05194428004324436,-0.15616572002181783,-0.021345844375900924,0.021043921180535108,0.07429401529952884,-0.20208316718344577
2023,14,LAC,-0.45716023,-0.5356895,-0.25463745,-0.060989745,-0.033018557354807854,0.07304379774723202,0.08951409114524722,-0.251486896595452,-0.03810635511763394,0.00981722614960745,0.07068272377364337,-0.24874889248167165
2023,15,LAC,-0.39565274,-0.26034236,-0.57445574,0.2605622,-0.21417424641549587,-0.04934360587503761,-0.16694290237501264,-0.28923025081167,-0.08026625332422554,-0.00651073147309944,0.005835975054651499,-0.22969097786699422
2023,16,LAC,-0.112385124,-0.057981018,-0.19902872,-0.0006171873,-0.3255874216556549,-0.01514313870575279,-0.28870344581082463,-0.32581193099031225,-0.1356353855226189,-0.004144151404034346,-0.029815883608534932,-0.31184931893949397
2023,17,LAC,-0.14458488,0.031250723,-0.42592183,0.0002161647,-0.27826595306396484,-0.014891711020027287,-0.20583702391013503,-0.3747606836259365,-0.15090636536478996,0.018619727190525737,-0.07694637193344533,-0.26546320182387717
2023,18,LAC,-0.18970709,-0.10781432,-0.39102685,-0.14368604,-0.2774457447230816,0.04979286092930124,-0.20569053199142218,-0.36351093277335167,-0.15523215103894472,0.06141832933826663,-0.05808822042308748,-0.3074989146844018
2024,1,LAC,-0.0920546,-0.16235387,-0.010507402,-0.31863457,-0.2105824574828148,0.029118786860635737,-0.09872174356132746,-0.39760828390717506,-0.21237835194915533,-0.010112409507200937,-0.13283232296817005,-0.3434192673594225
2024,2,LAC,0.10271296,0.13601449,0.08368349,-0.5039941,-0.134682921692729,-0.11568040836937143,-0.07422462198883295,-0.25662119989283383,-0.23013517167419195,-0.06541177353756211,-0.1814640338998288,-0.29121656544157304
2024,3,LAC,-0.18929164,-0.12862657,-0.26815623,0.11179533,-0.08090840093791485,-0.2415246383570775,-0.025725744664669037,-0.18594314833171666,-0.17958717700093985,-0.1282081746885524,-0.11578138428740203,-0.2803519159788266
2024,4,LAC,-0.25146613,-0.09481272,-0.43222004,-0.12226407,-0.09208509139716625,-0.21362984739243984,-0.06569506786763668,-0.1465017490554601,-0.18476541806012392,-0.0819184932315693,-0.13569279992952943,-0.2550063409144059
2024,6,LAC,0.097936735,0.2096067,-0.03672412,-0.07052879,-0.10752485133707523,-0.2082743551582098,-0.062444668263196945,-0.15680004586465657,-0.159053654409945,-0.08957778414878703,-0.0805832059122622,-0.2772041648859158
2024,7,LAC,0.046671808,0.12967305,-0.14008096,0.10232162,-0.06002701818943024,-0.14624791033565998,0.03054547682404518,-0.16335422545671463,-0.09735496994107962,-0.1309641593525157,-0.021839572582393885,-0.20998771267477423
2024,8,LAC,0.014237758,0.14109677,-0.19381103,-0.21538846,-0.07403730601072311,0.005331020802259445,0.02896011620759964,-0.21929533779621124,-0.07747285347431898,-0.11809680877740902,0.0016171857714653015,-0.20261924306396395
2024,9,LAC,0.0054445006,-0.0069049257,0.027055997,-0.28198752,-0.02315495628863573,-0.07646492682397366,0.09639095142483711,-0.2007090374827385,-0.05762002384290099,-0.14504738710820675,0.015347941778600216,-0.1736053932690993
2024,10,LAC,0.22785838,0.43997553,0.06877051,0.102924824,0.041072700172662735,-0.11639578826725483,0.11836790025699884,-0.08589002769440413,-0.03322607558220625,-0.16233507171273232,0.027961615996900946,-0.12134503677953035
2024,11,LAC,0.041040845,0.04154358,0.039963573,0.11484495,0.07355311140418053,-0.07303238473832607,0.17596010596025735,-0.0595163693651557,0.006763046607375145,-0.10964014753699303,0.10325279139215127,-0.11143529741093516
2024,12,LAC,0.028007893,0.093564145,-0.15773484,0.265095,0.0721453707665205,-0.06990155205130577,0.15392773889470845,-0.01450523640960455,-0.0009459676221013069,-0.03228526562452316,0.09144392755115405,-0.1169002871029079
2024,13,LAC,-0.28624597,-0.26349437,-0.3349994,-0.16426513,0.07558790454640985,0.05021931231021881,0.14204458252061158,-0.005486189387738705,0.026216474128887057,-0.013122807256877422,0.11921776697272435,-0.1030976134352386
2024,14,LAC,0.09424379,0.21393669,-0.1124985,0.06871691,0.0026652864180505276,0.0796499103307724,0.07789722084999084,-0.09600004181265831,0.02186899329535663,-0.018372938968241215,0.09813256055349484,-0.09094503475353122
2024,15,LAC,-0.29219377,-0.30305156,-0.2517238,0.18264915,-0.03073836164548993,0.07109793275594711,0.021387510001659393,-0.14131729491055012,0.021407374879345298,-0.0009672259911894798,0.09867380798095837,-0.10041683213785291
2024,16,LAC,0.23966374,0.48152193,-0.20007844,0.16870469,-0.11404701555147767,0.08804898336529732,-0.06476127542555332,-0.21423913724720478,-0.020950822392478585,0.009073715656995773,0.044583231734577566,-0.11437218682840466
2024,17,LAC,0.29941475,0.47926965,0.061371468,-0.44571644,-0.06113305501639843,0.06395140662789345,0.032228171825408936,-0.2248250376433134,0.007227424765005708,0.05708535946905613,0.08713637717301026,-0.11515561351552606
2024,18,LAC,0.30931208,0.5926969,-0.03418474,-0.07784293,0.08528212644159794,-0.006411422044038773,0.21791917830705643,-0.12573231756687164,0.04397370642982423,0.036619244143366814,0.14790819957852364,-0.11086617968976498
2025,1,LAC,0.282341,0.43806124,-0.0700785,0.17275493,0.1390491984784603,-0.04305138252675533,0.3126092329621315,-0.10615387745201588,0.05415541841648519,0.01402327511459589,0.16699837148189545,-0.123735586181283
2025,2,LAC,-0.040193547,0.36626345,-0.62337095,-0.34596494,0.2826828919351101,-0.04552493803203106,0.49788743257522583,-0.06074255332350731,0.08431793819181621,0.02126202266663313,0.21656307857483625,-0.13749084528535604
2025,3,LAC,-0.0071770535,-0.00037341076,-0.021270314,-0.12257316,0.21271857153624296,-0.17419234476983547,0.4690728113055229,-0.1665656790137291,0.07579275825992227,-0.05512046907097101,0.2506504915654659,-0.19569535832852125
2025,4,LAC,-0.11308815,-0.27881208,0.41722837,-0.07292762,0.1360706196865067,-0.09340652450919151,0.3491620452259667,-0.18722612457349896,0.11067637306405231,-0.04990897327661514,0.2835406117665116,-0.1564792210701853
2025,5,LAC,-0.15728393,-0.26560006,0.02775613,0.25061703,0.030470562516711652,-0.09217769652605057,0.13128479878650978,-0.07437284709885716,0.08475988049758598,-0.06761453952640295,0.22194701587432064,-0.09026336227543652
2025,6,LAC,0.10399103,0.17785412,-0.011235375,0.029182313,-0.07943567133042961,-0.07271217182278633,-0.04463052441133186,-0.049914189614355564,0.10162361030234024,-0.059118554927408695,0.22662845408194698,-0.05532837146893144
2025,7,LAC,0.11716746,0.16373101,-0.10848664,0.44475958,-0.043389526777900755,0.021074641030281782,-0.0917328565265052,0.10311970300972462,0.0846645223791711,-0.07655885186977684,0.18866997738950886,-0.03172298800200224
2025,8,LAC,0.23313491,0.45758972,0.020812804,-0.36092657,-0.012303398922085762,0.1629078253172338,-0.05070675164461136,0.08131562219932675,0.06188361038221046,0.034750650404021144,0.14922764679067768,-0.052955251187086105
2025,9,LAC,0.0843003,0.13954455,-0.0018807363,-0.23338452,0.07425236701965332,0.09090808732435107,0.13339369744062424,-0.01778826955705881,0.052361464768182486,-0.0006348046008497477,0.132339248113567,-0.04608055832795799
2025,10,LAC,-0.11164817,-0.1253872,-0.09241354,-0.37294954,0.13464842550456524,-0.030092299450188875,0.23467984795570374,-0.025197486218530685,0.027606377087067813,-0.0514022356364876,0.09502466177218594,-0.037555837916443124
2025,11,LAC,-0.47060466,-0.5786893,-0.17960769,0.13688974,0.08073862455785275,-0.13062526285648346,0.15886951610445976,-0.045492026780266315,0.018674548889975995,-0.05477531091310084,0.03356832978897728,0.02881383811472915
2025,13,LAC,0.13819392,0.26897416,0.039225094,-0.25111866,-0.06620440445840359,-0.20759272202849388,-0.02673555538058281,-0.06327228975715116,-0.039253901690244675,-0.02234244835563004,-0.038721153512597084,0.009021666221087798
2025,14,LAC,-0.2472027,-0.26055318,-0.22868429,-0.27643982,-0.08993965201079845,-0.18014074489474297,-0.07388944551348686,-0.058669217221904546,-0.007843642495572567,-0.04461632878519595,0.029752125963568687,-0.03822874338948168
2025,15,LAC,-0.010000168,0.08117967,-0.11637663,-0.113398544,-0.17281540110707283,-0.19090456888079643,-0.1739138774573803,-0.11537010595202446,-0.019083487801253796,-0.11049843416549265,0.03038298524916172,-0.07028379608527757
2025,16,LAC,0.41529864,0.77426386,0.020436943,0.012319071,-0.1474034001585096,-0.12601681984961033,-0.12227215804159641,-0.12136087939143181,-0.033332387800328434,-0.1283210413530469,0.018298679031431675,-0.08342645308584906
2025,17,LAC,-0.14214936,-0.053230457,-0.38275346,-0.07964691,0.07407242455519736,-0.15715948725119233,0.21596612595021725,-0.07134972140192986,0.003934010048396885,-0.1823761046398431,0.09461528528481722,-0.0673110055795405
2025,18,LAC,-0.42070013,-0.52157956,-0.0928419,-0.1939274,0.003986604744568467,-0.11429154919460416,0.1354149729013443,-0.17684436030685902,-0.042976523633114994,-0.14721614704467356,0.03076276369392872,-0.11775678876438178
2023,1,LV,0.17268416,0.53841114,-0.33615336,0.0713345,,,,,,,,
2023,2,LV,-0.22630665,-0.05038065,-0.5530264,0.31552005,,,,,,,,
2023,3,LV,-0.112181745,-0.084878415,-0.19409168,0.039109185,-0.02681124210357666,0.19342727586627007,0.24401524476706982,-0.44458986818790436,-0.02681124210357666,0.19342727586627007,0.24401524476706982,-0.44458986818790436
2023,4,LV,-0.16870856,-0.22350739,-0.056827646,-0.013781627,-0.05526807655890783,0.14198791235685349,0.13438402488827705,-0.36109047134717304,-0.05526807655890783,0.14198791235685349,0.13438402488827705,-0.36109047134717304
2023,5,LV,-0.07997264,-0.06638641,-0.0982618,-0.20172694,-0.08362819813191891,0.10304552759043872,0.044911171309649944,-0.2850247649475932,-0.08362819813191891,0.10304552759043872,0.044911171309649944,-0.2850247649475932
2023,6,LV,-0.0143281575,0.29239476,-0.3705225,0.005092627,-0.14679239876568317,0.03478016587905586,-0.10628821607679129,-0.2255518762394786,-0.08289708644151687,0.042091033421456814,0.02265165522694588,-0.2476721726357937
2023,7,LV,-0.108658746,-0.045897417,-0.3178632,0.15512827,-0.09379777638241649,-0.04282668943051249,-0.020594364032149315,-0.1799259064719081,-0.07146893162280321,0.035924632335081697,0.06760883890092373,-0.26814722704390687
2023,8,LV,-0.47054395,-0.7770596,0.052335825,-0.11121813,-0.09291702648624778,-0.013821918168105185,-0.010849114507436752,-0.2108687860891223,-0.07678176223167352,0.05295372348544853,0.05139365951929774,-0.2752495083425726
2023,9,LV,-0.01801226,0.30412194,-0.24810813,-0.39015383,-0.16837587347254157,-0.0381810445105657,-0.14923717081546783,-0.1835779184475541,-0.12600203580223024,0.03243224153993651,-0.052162999752908945,-0.23430134169757366
2023,10,LV,-0.22143078,-0.39169478,-0.051166758,-0.18885423,-0.15288577834144235,-0.08528776501771063,-0.05661008320748806,-0.2210395010188222,-0.14983908855356276,-0.025253799569327384,-0.08144914964213967,-0.2232956886291504
2023,11,LV,-0.27685732,-0.24388838,-0.36218867,-0.09245231,-0.20466143358498812,-0.13377447985112667,-0.22763246856629848,-0.14120056573301554,-0.1492296049837023,-0.08830058464081958,-0.1241134162992239,-0.16056323610246181
2023,12,LV,-0.026421417,0.09997955,-0.21877071,0.22102162,-0.2467110762372613,-0.19566962495446205,-0.27713020890951157,-0.1522819334641099,-0.16981405136175454,-0.10474577156128362,-0.14398966170847416,-0.1815753597766161
2023,14,LV,-0.47764587,-0.660118,-0.11270164,-0.18713763,-0.13568044267594814,-0.11260968632996082,-0.05787041783332825,-0.22005856782197952,-0.15202815807424486,-0.07539536542026326,-0.10355379432439804,-0.20181824313476682
2023,15,LV,0.2605622,0.34459394,0.1377466,-0.39565274,-0.25058884639292955,-0.06185563839972019,-0.298930399119854,-0.18620694428682327,-0.20173731236718595,-0.07357170170871541,-0.17777024116367102,-0.20362322265282273
2023,16,LV,-0.134221,-0.4513396,0.1476622,-0.21523277,-0.13009059894829988,-0.11355526559054852,-0.1148582175374031,-0.13897860422730446,-0.167376016266644,-0.1236648727208376,-0.1712453430518508,-0.14008958498016
2023,17,LV,0.10366213,0.21256374,-0.1141411,0.14300106,-0.09443152043968439,-0.14425038173794746,-0.16672102361917496,-0.011515889316797256,-0.17057129833847284,-0.16996000334620476,-0.22192561626434326,-0.08189891139045358
2023,18,LV,0.13133636,0.31448972,-0.09760535,-0.07858027,-0.061910632997751236,-0.16375552117824554,-0.1385749764740467,0.014641514047980309,-0.09879553783684969,-0.13818260375410318,-0.09822269715368748,-0.10270852688699961
2024,1,LV,-0.31863457,-0.09474748,-0.8017593,-0.0920546,0.0903349258005619,-0.1366161797195673,0.10507695004343987,0.01841558702290058,-0.08012696029618382,-0.09923590905964375,-0.09692672453820705,-0.08389567863196135
2024,2,LV,-0.056880657,0.08273931,-0.45828804,-0.017535234,-0.05446426942944527,-0.060716643929481506,-0.004758404567837715,-0.21646088920533657,-0.09227743418887258,-0.08713595476001501,-0.05980831105262041,-0.17771974671632051
2024,3,LV,-0.06654051,0.069883496,-0.51219225,0.19730632,-0.03512918297201395,-0.011292258743196726,0.1287613231688738,-0.36794844828546047,-0.06478035170584917,-0.0777713202405721,-0.018979850225150585,-0.18973216880112886
2024,4,LV,-0.13563073,-0.07092963,-0.20264256,-0.13889717,-0.07767984364181757,0.002284055110067129,0.09309126250445843,-0.4674612358212471,-0.0697952383197844,-0.08073573303408921,-0.02274185698479414,-0.2264098608866334
2024,5,LV,-0.20594583,-0.27167702,-0.07996113,0.01845997,-0.14442161563783884,-0.012795169372111559,-0.003263575956225395,-0.49372053891420364,-0.027043344918638468,-0.07470567454583943,0.050906687043607235,-0.23765247594565153
2024,6,LV,-0.26215175,-0.12386244,-0.5824006,0.066002734,-0.11624943185597658,0.014833472669124603,-0.04749596118927002,-0.3132709953933954,-0.08535685064271092,-0.02294158563017845,-0.026127182878553867,-0.264865942299366
2024,7,LV,-0.32440162,-0.46347615,-0.10906046,-0.25490734,-0.1675672046840191,0.03571796463802457,-0.0991463977843523,-0.3442991394549608,-0.10134819382801652,0.012212852947413921,0.014807462692260742,-0.35612379387021065
2024,8,LV,-0.07286512,0.17190807,-0.5366459,0.12591568,-0.23203248158097267,-0.0773354503326118,-0.23248630948364735,-0.24351619184017181,-0.15485616261139512,-0.037525697611272335,-0.06969752348959446,-0.35548871383070946
2024,9,LV,-0.20597193,-0.13180904,-0.35800582,0.09197606,-0.21634108014404774,-0.011132239829748869,-0.17177688516676426,-0.32701702415943146,-0.1803813478909433,-0.011963704600930214,-0.08752023056149483,-0.41036878153681755
2024,11,LV,0.06459464,0.102021426,-0.06016129,0.32398662,-0.21634760312736034,0.007246783003211021,-0.13680989108979702,-0.39652819745242596,-0.16629851749166846,0.011040127836167812,-0.09215292613953352,-0.3548995964229107
2024,12,LV,-0.18680292,-0.21354872,-0.06644683,0.022936627,-0.13466100580990314,0.07174275442957878,-0.08033892512321472,-0.2659683646634221,-0.15111410524696112,0.053730359533801675,-0.08974266145378351,-0.30513375205919147
2024,13,LV,0.03364163,0.19216871,-0.2163434,-0.007170458,-0.10026133246719837,0.14120374619960785,-0.01785706728696823,-0.25531495828181505,-0.16614690702408552,0.031934147933498025,-0.1251716883853078,-0.24941557506099343
2024,14,LV,-0.15069069,-0.14935254,-0.15319248,0.14107676,-0.07363464497029781,0.1079322126461193,-0.012791905552148819,-0.17523933667689562,-0.14498786255717278,0.048399986408185214,-0.09228439535945654,-0.25112818041816354
2024,15,LV,-0.27333707,-0.16905592,-0.5312957,-0.18146107,-0.0598143357783556,0.12020738690625876,-0.017177779227495193,-0.12403600011020899,-0.13808096945285797,0.06372708495473489,-0.0769938351586461,-0.2602820987813175
2024,16,LV,-0.07390997,-0.00059581693,-0.21748352,-0.23457284,-0.14429726265370846,-0.006154534523375332,-0.0849471166729927,-0.24181960709393024,-0.1394791342318058,0.032794109953101724,-0.08264302089810371,-0.2538939858786762
2024,17,LV,0.09504412,0.29134163,-0.09608767,-0.3212785,-0.11607402376830578,-0.07053190201986581,-0.031708890935988165,-0.2795787788927555,-0.10816767811775208,0.03533592208987102,-0.0247829791114782,-0.2674468685872853
2024,18,LV,-0.07784293,-0.04952861,-0.1782301,0.30931208,-0.10072340071201324,-0.14905891567468643,-0.006915660938830115,-0.24951484613120556,-0.08717902284115553,-0.020563351514283568,-0.009853783245489467,-0.2123770914040506
2025,1,LV,0.100728095,0.378076,-0.35749882,-0.04577471,-0.08251146040856838,-0.10700008645653725,0.018040320472209714,-0.2557742539793253,-0.07116289809346199,0.006603650224860758,0.00043127062235726044,-0.18990512704476714
2025,2,LV,-0.34596494,-0.39314112,-0.19888626,-0.040193547,0.011004829779267311,-0.07307849731296301,0.1548232982022455,-0.21232503093779087,-0.06664621643722057,-0.03961651591816917,0.034938090764626395,-0.22707231901586056
2025,3,LV,0.02389945,0.32211912,-0.33396417,0.21956259,-0.05700891278684139,-0.02448367327451706,0.05668697226792574,-0.20767571590840816,-0.08654146827757359,-0.047507787647191435,0.012489040665968787,-0.24362724740058184
2025,4,LV,-0.19576073,-0.34012613,-0.086242124,-0.13210471,-0.0747950803488493,0.11072660237550735,0.06438134331256151,-0.2671448402106762,-0.08775924053043127,-0.01916615664958954,0.0287328411868657,-0.2583298431709409
2025,5,LV,-0.19624259,-0.18488297,-0.2157811,0.29175317,-0.10427452996373177,0.00037240609526634216,-0.00826803594827652,-0.24414784461259842,-0.09339299518615007,-0.05331384018063545,0.004886142261966597,-0.24996104929596186
2025,6,LV,-0.0750414,0.20442633,-0.35450915,-0.23524734,-0.1785172000527382,0.08475437667220831,-0.14900777488946915,-0.2087184116244316,-0.08375618513673544,0.00583793967962265,0.0029077616563881747,-0.21052172128111124
2025,7,LV,-0.6294607,-0.54280144,-0.7955577,0.24423118,-0.1107863150537014,0.03599092736840248,0.0003840886056423187,-0.24762413278222084,-0.0838976139202714,0.005753627046942711,0.02853553043678403,-0.2276499243453145
2025,9,LV,0.161696,0.29084235,-0.1683447,0.12435492,-0.2741263508796692,0.04215807467699051,-0.21584605053067207,-0.36302250996232033,-0.17446071561425924,0.07644233852624893,-0.07573235360905528,-0.31508367508649826
2025,10,LV,-0.3926294,-0.4869459,-0.24090289,-0.30538678,-0.1847621686756611,0.1062729824334383,-0.058103930205106735,-0.38354815542697906,-0.14451834931969643,0.05332269426435232,-0.03318598307669163,-0.31384800001978874
2025,11,LV,-0.1985623,-0.209733,-0.12734908,0.16860405,-0.2338588759303093,-0.04301200620830059,-0.13361966237425804,-0.3898286037147045,-0.20618803799152374,0.02087118523195386,-0.1413137186318636,-0.29927350766956806
2025,12,LV,-0.3348924,-0.28368852,-0.4965888,-0.22228737,-0.26473909988999367,0.05795084126293659,-0.23715949431061745,-0.3330385871231556,-0.18776270747184753,0.04697088431566954,-0.11838770285248756,-0.2903313599526882
2025,13,LV,-0.25111866,0.032775987,-0.75210917,0.13819392,-0.19109702482819557,-0.058678796514868736,-0.17238126322627068,-0.2582963667809963,-0.23261168785393238,-0.008260360918939114,-0.19411365687847137,-0.3106594383716583
2025,14,LV,0.012383776,0.04324078,-0.09701829,0.14558329,-0.2943006902933121,-0.05521904677152634,-0.236897855065763,-0.4042374826967716,-0.23953142948448658,0.025526967830955982,-0.14750089263543487,-0.39389281906187534
2025,15,LV,-0.41019967,-0.5264912,-0.11947074,0.27447757,-0.19304739264771342,0.057523470371961594,-0.10435118619352579,-0.3682663328945637,-0.21345313428901136,0.0072557320818305016,-0.11898542428389192,-0.3790474683046341
2025,16,LV,-0.027350143,0.09017812,-0.1448784,-0.08695481,-0.24595673708245158,0.08399185165762901,-0.18354074377566576,-0.3662967476993799,-0.2553479184862226,0.0709713464602828,-0.2103501190431416,-0.34966766741126776
2025,17,LV,-0.22700843,-0.21169505,-0.25610387,0.23513106,-0.16907117469236255,0.11782499216496944,-0.09007408563047647,-0.2783691491931677,-0.18008409976027906,0.029573097825050354,-0.13122767442837358,-0.268332757987082
2025,18,LV,-0.4568623,-0.43985894,-0.47441414,-0.4761027,-0.16304361773654819,0.14205927588045597,-0.15119184367358685,-0.15436782501637936,-0.22867215401493013,0.04342011455446482,-0.19404484936967492,-0.2793026538565755
2023,1,MIA,0.3395623,0.6396298,-0.4439472,0.17005232,,,,,,,,
2023,2,MIA,0.18873386,0.37166962,-0.019434448,-0.07430957,,,,,,,,
2023,3,MIA,0.6172939,1.0409973,0.33154052,-0.272424,0.2641480788588524,0.04787137359380722,0.5056497007608414,-0.23169082216918468,0.2641480788588524,0.04787137359380722,0.5056497007608414,-0.23169082216918468
2023,4,MIA,-0.027636956,-0.09165213,0.13951375,0.45504677,0.38186335066954297,-0.058893755078315735,0.684098889430364,-0.04394703979293505,0.38186335066954297,-0.058893755078315735,0.684098889430364,-0.04394703979293505
2023,5,MIA,0.097473584,-0.06531941,0.337787,-0.10137103,0.27948827389627695,0.06959137693047523,0.4901611339300871,0.0019181566312909126,0.27948827389627695,0.06959137693047523,0.4901611339300871,0.0019181566312909126
2023,6,MIA,0.19557303,0.23189089,0.15691213,-0.13928944,0.2189660957083106,0.0017355401068925858,0.31392383575439453,0.19735170621424913,0.2430853359401226,0.03539889603853226,0.3790650248527527,0.06909192577004433
2023,7,MIA,-0.15968424,-0.15604962,-0.17089094,0.14664984,0.22067588847130537,-0.014509426429867744,0.2789791524410248,0.2414383515715599,0.2351666186004877,0.0062841735780239105,0.3545360018809636,0.08372862699131171
2023,8,MIA,0.08380304,0.31465888,-0.42809469,-0.21163632,0.026431354694068432,0.09025903604924679,-0.020282570272684097,0.11583048477768898,0.17875935296927178,0.026336411280291423,0.2815951981714794,0.04735440281885011
2023,9,MIA,-0.15935253,-0.21257633,-0.06016266,-0.002709008,0.05429135449230671,-0.07641173712909222,0.08129518292844296,-0.026071622967720032,0.16688981419429183,-0.0034101800993084908,0.285728158429265,-0.01207673316821456
2023,11,MIA,-0.09245231,-0.028044837,-0.1926417,-0.27685732,-0.009915173053741455,-0.05174623226048425,0.044480953365564346,-0.1255590384826064,0.10452546132728457,-0.02500534607679583,0.17920239455997944,0.03589633386582136
2023,12,MIA,0.0757388,0.16594468,-0.009312453,-0.3392883,-0.08192150853574276,-0.0861382017028518,-0.020502977538853884,-0.21294749807566404,0.0693771899677813,-0.05032381406635977,0.12923808745108545,0.014245426747947931
2023,13,MIA,0.39351463,0.7760222,0.10936614,-0.17663889,-0.023065747693181038,-0.20762273465516046,0.05999559862539172,-0.17255287570878863,0.001682803500443697,-0.058681849302956834,0.019856514176353812,-0.028361195465549827
2023,14,MIA,-0.01294228,-0.13102515,0.15237375,0.04673151,0.05436214990913868,-0.19887337629916146,0.17533642752096057,-0.03818766912445426,0.054326752200722694,-0.13764255671412684,0.12831580522470176,-0.032129646046087146
2023,15,MIA,0.042210095,0.21082185,-0.13221584,-0.5298771,0.09096471150405705,-0.18651324696838856,0.19572422234341502,0.014946432318538427,0.0405247692251578,-0.1191297396144364,0.12010258785448968,-0.05530630308203399
2023,16,MIA,0.04150922,0.19705121,-0.21124654,0.14665474,0.1246303126681596,-0.24976819939911366,0.2554408945143223,0.030052897986024618,0.021354402066208422,-0.16795320055098273,0.1174689584877342,-0.09144730004481971
2023,17,MIA,-0.14220163,-0.07636429,-0.27387628,0.5409489,0.1160729166585952,-0.1282824408262968,0.2632175274193287,-0.02043062262237072,0.04650358448270708,-0.16795258774072863,0.1616065630223602,-0.09649174916557968
2023,18,MIA,0.02117317,-0.011912169,0.07001344,0.061398912,-0.01785614970140159,0.051114512607455254,0.05012090504169464,-0.1162412278354168,0.018253000103868544,-0.0738794318458531,0.1127286662813276,-0.07721444847993553
2024,1,MIA,0.019895667,0.16507223,-0.23137143,-0.09178514,-0.009327287320047617,0.05478136334568262,0.07989915041252971,-0.13683130405843258,0.040818712092004716,-0.06586594181135297,0.13781168637797236,-0.060942435869947076
2024,2,MIA,-0.27842906,-0.34428197,-0.18788126,0.2307162,-0.014905894175171852,0.16430435981601477,0.06846174551174045,-0.16162020154297352,0.054862209246493876,-0.042731919791549444,0.16195132001303136,-0.06578365177847445
2024,3,MIA,-0.41092438,-0.38018775,-0.47886842,-0.053274702,-0.09489046409726143,0.1853197244927287,-0.06687155039981008,-0.15577888302505016,0.010591226280666888,0.028518641833215952,0.0981729885097593,-0.08810475282371044
2024,4,MIA,-0.41561696,-0.35602942,-0.47931394,-0.0668772,-0.16207114979624748,0.03676381707191467,-0.14282741444185376,-0.20702691935002804,-0.08996364974882454,0.04393916483968496,-0.04635325470007956,-0.16163407359272242
2024,5,MIA,-0.031329952,0.02429397,-0.08556326,-0.14192797,-0.2712686820887029,0.004694788716733456,-0.22885672748088837,-0.34435876458883286,-0.14029798470437527,0.02973807603120804,-0.07447878853417933,-0.24059503432363272
2024,7,MIA,-0.23439677,-0.029653624,-0.41639063,-0.19140738,-0.28407508693635464,-0.007840919308364391,-0.2640512930229306,-0.30790672078728676,-0.14949049055576324,0.07823172025382519,-0.09779477375559509,-0.23476346116513014
2024,8,MIA,0.1759174,0.23212267,0.07990008,0.23895729,-0.2730670142918825,-0.11337181460112333,-0.185394206084311,-0.3650340624153614,-0.18397873919457197,0.03597395494580269,-0.12613287824206054,-0.2604064727202058
2024,9,MIA,0.32005256,0.68185824,-0.0667053,0.18316922,-0.12635657005012035,-0.04031381756067276,-0.0323165999725461,-0.2253419365733862,-0.14421385992318392,-0.0017750002443790436,-0.08757200720719993,-0.21618442796170712
2024,10,MIA,-0.12069886,-0.04939523,-0.22595662,-0.25345075,0.05756081081926823,0.02219778671860695,0.22715531568974257,-0.12218977697193623,-0.10685393563471735,0.013446287717670202,-0.0008507058955729008,-0.23327427078038454
2024,11,MIA,0.32398662,0.66076833,-0.17494923,0.06459464,0.035218583419919014,-0.005682907998561859,0.20873301569372416,-0.15728811733424664,-0.12442825175821781,-0.006761913653463125,-0.027659138664603233,-0.2325974190607667
2024,12,MIA,-0.0021445605,0.31777763,-0.62744707,-0.19639367,0.17481443099677563,0.05831759795546532,0.38133850414305925,-0.09692776761949062,-0.049126291647553444,-0.027527108322829008,0.09797214902937412,-0.23098091501742601
2024,13,MIA,0.07225329,0.21625058,-0.46533662,0.21914494,0.13029894040664658,-0.050520140677690506,0.4027522439137101,-0.27376455441117287,0.001971185178263113,-0.04541697911918163,0.185217821970582,-0.24955324549227953
2024,14,MIA,0.21951762,0.42763343,-0.31117767,0.24398918,0.06834912108024582,-0.04152620956301689,0.28635032940655947,-0.37342238426208496,0.06295496594975702,-0.009664211422204971,0.256752822548151,-0.2478060806170106
2024,15,MIA,-0.21853648,-0.20979944,-0.24106887,-0.21639256,0.1534032411291264,0.08283377438783646,0.405607495456934,-0.3947276473045349,0.0943109122745227,0.0385754331946373,0.30717025557532907,-0.2760078823193908
2024,16,MIA,0.12072753,0.11397458,0.12835184,0.080287114,0.0177724658860825,0.01258697360754013,0.18796555325388908,-0.4112575575709343,0.09629344844142906,0.035452285781502724,0.28465202869847417,-0.25409266259521246
2024,17,MIA,-0.11910222,0.22088838,-0.7181333,-0.35629094,0.04849048890173435,0.08175716921687126,0.13701478950679302,-0.22230783104896545,0.08939471465419047,0.015618514269590378,0.26988351671025157,-0.24803619273006916
2024,18,MIA,-0.14304869,-0.19487436,-0.022122225,0.07590483,0.0006516128778457642,-0.06210179999470711,0.1381742376834154,-0.2855069935321808,0.03450036697904579,-0.051814004778862,0.21226228354498744,-0.3294646888971329
2025,1,MIA,-0.25682408,-0.43094012,0.38740534,0.21166779,-0.08998996391892433,-0.10412288829684258,-0.01745271123945713,-0.21324313199147582,0.031706638605101034,-0.01064455695450306,0.19407739210873842,-0.30398538964800537
2025,2,MIA,0.09782982,0.15891732,-0.07321521,0.2886672,-0.09956186264753342,0.0028921999037265778,-0.07273788191378117,-0.056124580558389425,-0.04089469838072546,0.007739586755633354,0.05761383567005396,-0.23369106906466186
2025,3,MIA,0.033873405,0.016180763,0.061149593,0.26097718,-0.10528629086911678,0.05498722195625305,-0.06150219589471817,-0.10651634214445949,-0.028397900983691216,0.06837219558656216,0.037756296806037426,-0.16441208659671247
2025,4,MIA,0.123144954,0.42933756,-0.18304765,0.1053975,-0.06704238522797823,0.20930425077676773,-0.11267909919843078,0.08830437390133739,-0.03319538617506623,0.07360122539103031,0.012747569242492318,-0.0986013098154217
2025,5,MIA,0.08725241,0.25077623,-0.44105536,0.15839742,-0.0004939744248986244,0.21667741797864437,0.04337388137355447,0.04807301703840494,-0.04524196917191148,0.0562772648409009,0.012960585067048669,-0.08258505747653544
2025,6,MIA,0.029182313,-0.10719616,0.29512033,0.10399103,0.08552514668554068,0.2033598255366087,0.21380296954885125,-0.1590421563014388,-0.00701835798099637,0.10312601272016764,0.07053254381753504,-0.10758336842991412
2025,7,MIA,-0.5179957,-0.67556024,-0.24038206,0.0037233233,0.06836327025666833,0.15719078294932842,0.14727459894493222,-0.06695827189832926,-0.018461510306224227,0.10608900245279074,0.042886201525107026,-0.08673730702139437
2025,8,MIA,0.1786517,0.272044,0.10246328,-0.2850561,-0.0696040098555386,0.09287731908261776,-0.025660650804638863,-0.14234118536114693,-0.06832319754175842,0.15109078492969275,-0.06916987500153482,-0.02701840572990477
2025,9,MIA,-0.21113445,-0.11735641,-0.42830467,0.21235003,-0.05572732212021947,-0.004736084491014481,-0.06498404033482075,-0.07096345163881779,-0.028110648272559047,0.10597066674381495,-0.01080507948063314,-0.011445217300206423
2025,10,MIA,0.31231633,0.42892715,0.23068877,-0.0825595,-0.13032403634861112,0.008752066642045975,-0.15701720118522644,-0.0677757803350687,-0.02239944483153522,0.10605594608932734,0.028392884181812406,-0.11340896831825376
2025,11,MIA,-0.006656837,0.10978791,-0.0939904,0.08190856,-0.059540532529354095,-0.03788556717336178,-0.02298637293279171,-0.08388367109000683,0.004411368863657117,0.05965260788798332,0.062144113006070256,-0.07542097149416804
2025,13,MIA,-0.13490428,-0.35334355,0.08353498,-0.16911003,0.06829418695997447,-0.018339257687330246,0.17335066385567188,-0.04728575609624386,-0.0006549114477820694,0.03726903069764376,0.07384500652551651,-0.09481347072869539
2025,14,MIA,0.21568929,0.07289308,0.2977971,-0.4006805,-0.010094809462316334,0.010647263377904892,0.017003776505589485,-0.052017832174897194,-0.0329110657912679,0.0029555894434452057,-0.02399013191461563,-0.06149064190685749
2025,15,MIA,-0.040278737,0.04171758,-0.23160343,0.20847796,0.09661112434696406,-0.1426103711128235,0.06456615030765533,0.12950761429965496,-0.016856456000823528,-0.06692915223538876,-0.04622552543878555,0.03086591698229313
2025,16,MIA,-0.0824058,-0.0055304486,-0.17351732,0.37215388,0.008462358149699867,-0.06985100544989109,-0.03223624266684055,0.013934565708041191,-0.025539087189827114,-0.053868286311626434,-0.02761130779981613,-0.03497455269098282
2025,17,MIA,0.060104474,0.16858704,-0.04062933,0.037184525,-0.01047488208860159,0.00271032378077507,-0.06106583261862397,-0.005947163328528404,0.02890965243568644,-0.007814466953277588,0.056142415618523955,-0.02661645971238613
2025,18,MIA,-0.31436092,-0.23122962,-0.41744372,0.32397205,0.03827730659395456,0.054283962585031986,0.06941681494936347,-0.03698824066668749,0.014091248565819114,0.03246561298146844,0.04321029572747648,-0.04450303642079234
2023,1,MIN,-0.09890277,0.041863095,-0.52120036,-0.10446297,,,,,,,,
2023,2,MIN,0.08165393,0.23074687,-0.7300742,0.099630564,,,,,,,,
2023,3,MIN,0.014683856,0.02841836,-0.017180199,0.15946993,-0.008624419569969177,-0.0024162009358406067,0.13630498014390469,-0.6256372928619385,-0.008624419569969177,-0.0024162009358406067,0.13630498014390469,-0.6256372928619385
2023,4,MIN,-0.1291719,-0.4118201,0.17805442,-0.23189783,-0.000854994480808576,0.05154584348201752,0.10034277352193992,-0.4228182615091403,-0.000854994480808576,0.05154584348201752,0.10034277352193992,-0.4228182615091403
2023,5,MIN,0.012353467,-0.041354723,0.17049421,0.20522735,-0.03293421911075711,-0.019315075129270554,-0.027697948273271322,-0.2726000905968249,-0.03293421911075711,-0.019315075129270554,-0.027697948273271322,-0.2726000905968249
2023,6,MIN,-0.21849403,-0.17554824,-0.28486478,-0.30032375,-0.005120160058140755,0.05810750275850296,-0.04850240284577012,-0.09967644745483994,-0.023876681923866272,0.025593408942222597,-0.030429303273558618,-0.183981229737401
2023,7,MIN,0.16836084,0.32696632,-0.18661326,0.07834107,-0.08015714958310127,-0.041881076991558075,-0.15007617929950356,0.011625913437455893,-0.05631290624539057,-0.02872611830631892,-0.05461579281836748,-0.2007951553290089
2023,8,MIN,0.21345922,0.47041327,-0.17197181,-0.20976365,-0.041737902443856,-0.06216329336166382,-0.07543919049203396,-0.030732352286577225,-0.024216656173978533,-0.013430806142943246,-0.00010406305747372764,-0.19876917052481854
2023,9,MIN,-0.012273312,0.15335909,-0.33691275,-0.14726157,0.04391987668350339,-0.05662974715232849,0.14511915482580662,-0.1182389110326767,0.005492828786373138,-0.03797241114079952,0.05871060327626765,-0.1954195008147508
2023,10,MIN,0.0763529,0.3031902,-0.267814,-0.033176634,0.03776318207383156,-0.14475197717547417,0.19379760697484016,-0.24509065225720406,0.016321511007845402,-0.0433222372084856,0.07264760206453502,-0.172383549856022
2023,11,MIN,-0.03496736,0.09094427,-0.18680197,-0.080271065,0.11147491447627544,-0.07796519715338945,0.31348221749067307,-0.24082795903086662,0.015658882446587086,-0.059923137072473764,0.08170301909558475,-0.11460102279670537
2023,12,MIN,-0.364132,-0.4418818,-0.15679927,-0.120922655,0.060642863623797894,-0.11761823017150164,0.2544767055660486,-0.24087513610720634,0.009452480589970946,-0.08989076176658273,0.08951875753700733,-0.13580374419689178
2023,14,MIN,-0.18713763,-0.25300324,-0.06331027,-0.47764587,-0.0837549390271306,-0.09540798235684633,0.02640293724834919,-0.23708200082182884,-0.019917531171813607,-0.07601886475458741,0.0857610460370779,-0.17766045592725277
2023,15,MIN,0.14670844,0.28519326,-0.051127043,0.12670293,-0.12747101951390505,-0.17800405714660883,-0.07518764398992062,-0.16868138127028942,-0.044853918720036745,-0.1613780171610415,0.059304981492459774,-0.20688601676374674
2023,16,MIN,0.06467116,0.15962128,-0.3436144,0.18413636,-0.10988213401287794,-0.1380341649055481,-0.07968687824904919,-0.1145096393302083,0.0007963902316987514,-0.10799968102946877,0.11689766962081194,-0.17766879918053746
2023,17,MIN,-0.34017298,-0.46349585,0.029795626,0.27739015,-0.08497250452637672,-0.07193230837583542,-0.06251762434840202,-0.15371274668723345,-0.012164820451289415,-0.09477526927366853,0.0959795406088233,-0.1972939413972199
2023,18,MIN,0.0075453734,0.07249662,-0.14302343,0.1629561,-0.07898275181651115,0.027645893394947052,-0.06792113557457924,-0.10706402221694589,-0.08136884542182088,-0.03388104448094964,-0.020759099163115025,-0.17207301151938736
2024,1,MIN,0.16362268,0.3193808,-0.0041167876,-0.3536523,-0.030312000075355172,0.18779638782143593,0.013453830033540726,-0.1269923117943108,-0.07889150979463011,0.004896165337413549,-0.030866906978189945,-0.14783684653230011
2024,2,MIN,-0.04221357,-0.11869642,0.07633483,-0.076017,-0.026083441684022546,0.06770757958292961,0.022000711411237717,-0.1152397480327636,-0.06798278784845024,-0.03516329266130924,-0.028843083418905735,-0.11487469368148595
2024,3,MIN,0.09653781,0.1376498,0.043244496,-0.22400647,-0.052804623963311315,0.002669239416718483,-0.04757871478796005,-0.010252441512420774,-0.06888856424484402,-0.03463153447955847,-0.05504816956818104,-0.08198259409982711
2024,4,MIN,0.054402396,0.34897697,-0.3112764,-0.09550546,0.05637307348661125,-0.12267991714179516,0.10270769894123077,-0.006890224060043693,-0.011304839164949954,-0.04751701187342405,0.017393281683325768,-0.05697712313849479
2024,5,MIN,-0.15431234,-0.019893067,-0.3607419,-0.31121936,0.0680873291566968,-0.18729530833661556,0.1718277856707573,-0.048953467747196555,0.018887664540670812,0.00025053974241018295,0.09264080785214901,-0.08797288977075368
2024,7,MIN,-0.021504473,-0.0162025,-0.034603495,0.075732335,-0.011396425776183605,-0.17668707482516766,0.08700932143256068,-0.13810974918305874,-0.018739933730103076,-0.05448974762111902,0.0545050164218992,-0.12667474860791117
2024,8,MIN,0.107988074,0.29650748,-0.16536507,0.24324572,-0.006219151429831982,-0.13874974101781845,0.11263280175626278,-0.1658443296328187,-0.029511887696571648,-0.06804025080054998,0.03252704348415136,-0.08804838557261974
2024,9,MIN,-0.051605567,-0.0654783,-0.03218376,-0.32650483,-0.0033565862104296684,-0.02193669229745865,0.15234722010791302,-0.2179967211559415,0.02650824363809079,-0.0723083047196269,0.1275274595245719,-0.11244347260799259
2024,10,MIN,-0.00070265296,0.00937846,-0.01237552,-0.31555602,-0.02985857706516981,-0.07968653365969658,0.04873340204358101,-0.14822355937212706,0.019114376045763493,-0.13349092099815607,0.11028059385716915,-0.0985885135596618
2024,11,MIN,0.052125808,0.36670268,-0.36392748,-0.18463753,0.008543845295207575,-0.08077069744467735,0.05605128384195268,-0.0611319609452039,-0.0014262902404880151,-0.1287288861349225,0.07153030263725668,-0.09962085506413132
2024,12,MIN,0.087933235,0.35665765,-0.32475066,0.044547975,0.026951415493385866,-0.14586316421627998,0.15177757781930268,-0.14346295804716647,0.010366132031776942,-0.14230645261704922,0.13220518978778273,-0.15465364383999258
2024,13,MIN,-0.02375706,-0.023639621,-0.024194771,0.083313644,0.02193770560552366,-0.19553760066628456,0.16681512189097703,-0.1833093559835106,0.009290559697546996,-0.1087371464818716,0.15958117099944502,-0.20065303856972605
2024,14,MIN,0.45017713,0.65783,0.09420085,0.07955094,0.028899832657771185,-0.0930829830467701,0.17727479222230613,-0.18131210911087692,-0.0004793722036993131,-0.08638475835323334,0.11300409713294357,-0.164767834241502
2024,15,MIN,0.050376467,0.11938903,-0.057743214,-0.27762666,0.14161977916955948,0.00569375604391098,0.3393876771442592,-0.1546680168248713,0.07508181223238353,-0.037538470700383186,0.19771948049310595,-0.1078999888850376
2024,16,MIN,0.11122555,0.27377245,-0.21386823,0.045607433,0.14118244405835867,-0.017553526908159256,0.27755926502868533,-0.07812194945290685,0.08406692977587227,-0.08170834556221962,0.214668421423994,-0.11079245375003666
2024,17,MIN,0.08849603,0.26306537,-0.26064265,-0.047106493,0.14700552355498075,-0.017288662493228912,0.2568379635922611,-0.05040134163573384,0.08447161458025221,-0.10641313157975674,0.21182654274161905,-0.11685534880962223
2024,18,MIN,-0.25955987,-0.4161075,0.2100831,-0.023360102,0.17506879568099976,-0.049893696792423725,0.3285142108798027,-0.10951331071555614,0.10198431416938547,-0.07148833991959691,0.2528945015510544,-0.14541270991321653
2025,1,MIN,-0.08260621,-0.13170652,-0.025951978,-0.053387247,-0.0023654550313949585,-0.07562145637348294,0.060029834508895874,-0.08054274879395962,0.06962716206908226,-0.03496385016478598,0.19970875582657754,-0.11760538280941546
2025,2,MIN,-0.45820504,-0.60617995,-0.19707286,-0.03431234,-0.03561112470924854,-0.019561602268368006,-0.0027440525591373444,-0.07259493973106146,0.05278565967455506,-0.01855756458826363,0.137407606234774,-0.07535844459198415
2025,3,MIN,0.09000853,0.09263305,0.087383986,-0.6815646,-0.17796877399086952,-0.039541545789688826,-0.22273215278983116,-0.06839609798043966,-0.015481625217944384,-0.02841510414145887,0.017052905401214957,-0.05939871980808675
2025,4,MIN,0.03565085,0.07573459,-0.09128102,0.1987204,-0.17759064957499504,-0.1981560797430575,-0.265340231359005,0.018610560335218906,-0.0012609269469976425,-0.12402488826774061,0.031586989760398865,-0.04545137519016862
2025,5,MIN,0.08190891,0.29767722,-0.42912132,-0.045919035,-0.10378796979784966,-0.14263595547527075,-0.14237970672547817,-0.05673046875745058,-0.05307671241462231,-0.10912870592437685,-0.04117493610829115,-0.0686366087757051
2025,7,MIN,-0.088495225,0.036079038,-0.37323642,0.2545117,-0.06265918910503387,-0.14076890237629414,-0.03503377176821232,-0.15752280317246914,-0.04913515690714121,-0.08016525232233107,-0.01888891216367483,-0.1150588714517653
2025,8,MIN,-0.36092657,-0.25759104,-0.6795445,0.23313491,0.029768265783786774,-0.06856288854032755,0.1255309758707881,-0.20156369172036648,-0.07410025410354137,-0.05405221716500819,-0.04860058845952153,-0.13497989485040307
2025,9,MIN,-0.0010127272,-0.122334786,0.15913239,-0.041215375,-0.08296550810337067,0.160111996345222,0.03797495272010565,-0.39329581521451473,-0.13027807883918285,-0.019022041698917747,-0.11368263931944966,-0.1873426274396479
2025,10,MIN,-0.08431879,-0.103466034,-0.014568076,0.025376355,-0.09213140222709626,0.10012805368751287,-0.01154239196330309,-0.33069246262311935,-0.09795968601247296,-0.021253950893878937,-0.07696104934439063,-0.19371146569028497
2025,11,MIN,-0.17616986,-0.37438196,0.12114826,-0.06310087,-0.13368832680862397,0.11795190116390586,-0.1118282051756978,-0.2270541526377201,-0.09817375795682892,-0.011408500606194139,-0.07343098847195506,-0.19228847790509462
2025,12,MIN,-0.42938006,-0.63558733,-0.15805478,0.055030324,-0.15560698497574776,0.038548755925148726,-0.21444345451891422,-0.1034579835832119,-0.0629193595959805,-0.015007066307589412,-0.04445623932406306,-0.1525108376517892
2025,13,MIN,-0.6641846,-0.8455172,-0.2675195,-0.13779168,-0.17272035765927285,-0.0059773907996714115,-0.30894252844154835,0.02691444754600525,-0.12784293288132176,0.07706730277277529,-0.13548378786072135,-0.18319068383425474
2025,14,MIN,0.30457705,0.38660967,0.21688704,-0.37201723,-0.3385133184492588,-0.030121466610580683,-0.4897381365299225,-0.07974852621555328,-0.21532236033817753,0.035003293538466096,-0.2506402642466128,-0.20522049441933632
2025,15,MIN,0.21643485,0.475942,-0.063034356,0.103390686,-0.24128935858607292,-0.1294698640704155,-0.3672192096710205,-0.021884746849536896,-0.18748884269734845,-0.005758981453254819,-0.23952370742335916,-0.1244694497436285
2025,16,MIN,-0.087123156,-0.19646569,0.038418286,-0.25251535,-0.14313818141818047,-0.08784697577357292,-0.15463822335004807,-0.06793040037155151,-0.14937258319696411,-0.024649109924212098,-0.18454083893448114,-0.0856941919773817
2025,17,MIN,-0.2525207,-0.5446071,0.062033817,-0.46371797,-0.05757395550608635,-0.16473339311778545,-0.04485781118273735,-0.018812132999300957,-0.1151471565826796,-0.08535539195872843,-0.17690016981214285,0.004051157273352146
2025,18,MIN,0.01475566,0.09850436,-0.0825009,-0.31598213,0.045342009514570236,-0.2462149653583765,0.030369717627763748,0.06357619725167751,-0.14658565446734428,-0.1381682159844786,-0.22968420945107937,-0.008086164481937885
2023,1,NE,-0.20127368,-0.2065092,-0.18656431,-0.13438596,,,,,,,,
2023,2,NE,-0.07430957,-0.08266027,-0.056155868,0.18873386,,,,,,,,
2023,3,NE,-0.03710607,0.14735714,-0.18006507,-0.32540378,-0.13779162615537643,0.027173951268196106,-0.14458473771810532,-0.12136008962988853,-0.13779162615537643,0.027173951268196106,-0.14458473771810532,-0.12136008962988853
2023,4,NE,-0.47803652,-0.5000471,-0.44240043,0.10212688,-0.10422977432608604,-0.0903519590695699,-0.04727077980836233,-0.14092841496070227,-0.10422977432608604,-0.0903519590695699,-0.04727077980836233,-0.14092841496070227
2023,5,NE,-0.7162873,-0.69801086,-0.7499545,0.009601636,-0.19768146146088839,-0.042232248932123184,-0.16046485677361488,-0.21629641763865948,-0.19768146146088839,-0.042232248932123184,-0.16046485677361488,-0.21629641763865948
2023,6,NE,0.005092627,-0.08671798,0.18412331,-0.0143281575,-0.3264348702505231,-0.006235350389033556,-0.2833402715623379,-0.3571439702063799,-0.30140263214707375,-0.031865471974015236,-0.26797405779361727,-0.32302803844213485
2023,7,NE,0.16062208,0.27724376,-0.02698673,0.16166766,-0.30658432038035244,-0.05700085498392582,-0.28435469791293144,-0.29707417637109756,-0.2503200889720271,-0.02894258623321851,-0.23776471118132272,-0.23850281412402788
2023,8,NE,-0.21163632,-0.29223722,-0.07164526,0.08380304,-0.2571522839134559,0.06476700492203236,-0.25188304111361504,-0.2588045923039317,-0.1916140655188688,-0.0017125510743686131,-0.16419207198279245,-0.2082862305854048
2023,9,NE,-0.049153738,-0.08395716,0.053081296,0.04511452,-0.19055223313625902,0.06018604524433613,-0.1999305747449398,-0.16611580085009336,-0.1941168472985737,0.008976898156106472,-0.18019771575927734,-0.19120610924437642
2023,10,NE,-0.0063984515,-0.09537161,0.08003262,-0.042520177,-0.023768838844262064,0.06906426651403308,-0.046417148783802986,0.03464315365999937,-0.17510185454739258,0.03141445806249976,-0.16487871017307043,-0.16125040827319026
2023,12,NE,-0.16391899,-0.44121808,0.16705088,-0.27644873,-0.026641608448699117,0.062016261741518974,-0.048580557107925415,0.008620481006801128,-0.16661296441452578,0.0025077033787965775,-0.16646762751042843,-0.14422684768214822
2023,13,NE,-0.25852212,-0.34041372,-0.16251126,-0.14786571,-0.10777687397785485,-0.0475128348916769,-0.22819601744413376,0.057129884138703346,-0.18246457894565538,0.008627085015177727,-0.2400395292788744,-0.10083735408261418
2023,14,NE,-0.09522749,0.016943172,-0.26104495,-0.24123234,-0.11949832481332123,-0.10543002374470234,-0.24024014174938202,0.03441338427364826,-0.15502527897479013,-0.022621989250183105,-0.2200853582471609,-0.06585120828822255
2023,15,NE,-0.358108,-0.42480978,-0.20386027,-0.022035422,-0.13101676222868264,-0.17701673787087202,-0.21501505933701992,-0.04411817714571953,-0.07739280053647235,-0.05397623567841947,-0.13071610406041145,-0.004737511742860079
2023,16,NE,-0.10795496,0.03867217,-0.35931575,-0.12848596,-0.2189441528171301,-0.1718955491669476,-0.297374602407217,-0.11509139835834503,-0.1227928806329146,-0.054939643712714314,-0.17297757975757122,-0.05323545867577195
2023,17,NE,-0.28278854,-0.41643935,-0.08549446,-0.049216945,-0.2049531452357769,-0.1349048581905663,-0.17740203998982906,-0.246683057397604,-0.15636500960681587,-0.0912088465411216,-0.2027990287169814,-0.09477658662945032
2023,18,NE,-0.5594771,-0.7538143,-0.16057447,-0.21091615,-0.21101975068449974,-0.11024266621097922,-0.19640844874083996,-0.2274288572371006,-0.1652590377489105,-0.10783634497784078,-0.218324295245111,-0.09650773648172617
2024,1,NE,-0.006899283,0.046336006,-0.055143766,-0.12050245,-0.3270821515470743,-0.10266361897811294,-0.3890978116542101,-0.20231123641133308,-0.22904945688787848,-0.13984017842449248,-0.302056435495615,-0.1232147067785263
2024,2,NE,0.049915016,0.056545086,0.043663807,0.061817862,-0.23927996878046542,-0.1272803759202361,-0.27131136413663626,-0.16513211093842983,-0.22911206079879776,-0.14958796254359186,-0.28434298327192664,-0.14011175464838743
2024,3,NE,-0.30817825,-0.31188908,-0.2970457,0.21623303,-0.1998124757083133,-0.07970441970974207,-0.2668431354686618,-0.06438722088932991,-0.2023828104720451,-0.10730463895015419,-0.22212258772924542,-0.15553513914346695
2024,4,NE,-0.4321121,-0.38413918,-0.51206696,0.106100366,-0.20615990099031478,-0.013341926038265228,-0.24070556741207838,-0.11727503314614296,-0.20858982583740726,-0.061792296124622226,-0.21855700807645917,-0.17235194519162178
2024,5,NE,-0.14192797,-0.2690595,0.1257173,-0.031329952,-0.1743186527164653,0.06591220200061798,-0.14828679244965315,-0.20514815673232079,-0.2507004021317698,-0.018375708488747478,-0.2686923020519316,-0.20372969657182693
2024,6,NE,-0.27930638,-0.2268784,-0.39165217,0.16363677,-0.20807582512497902,0.08820532634854317,-0.2271356713026762,-0.15993289090692997,-0.22367789695272222,-0.019537524785846472,-0.24922351771965623,-0.1625325009226799
2024,7,NE,0.068745025,0.17800875,-0.29026437,0.25487065,-0.29038117453455925,0.11366005428135395,-0.297991544008255,-0.26876188442111015,-0.24509682512143627,0.01697781728580594,-0.2824173397384584,-0.16657455265522003
2024,8,NE,0.032179564,0.12297989,-0.0942923,0.17628612,-0.19615035690367222,0.1233194600790739,-0.17551708593964577,-0.2670665495097637,-0.2011551289469935,0.05498876702040434,-0.20811132667586207,-0.19217079132795334
2024,9,NE,-0.08889039,-0.016865626,-0.36670017,-0.0025325734,-0.08007744140923023,0.1408658977597952,-0.04873731918632984,-0.16262288391590118,-0.12719804706284776,0.10338904988020658,-0.0985120558179915,-0.18388552032411098
2024,10,NE,-0.030862425,-0.08780546,0.02608063,-0.37330976,-0.06681804545223713,0.1480652424506843,0.014311151579022408,-0.28572725132107735,-0.13744693528860807,0.11813528439961374,-0.1064122598618269,-0.22283007111400366
2024,11,NE,0.09465702,0.24561733,-0.16413209,0.39898184,-0.004707056097686291,0.0138286086730659,0.04907938838005066,-0.18129405193030834,-0.14754411531612277,0.06374433147720993,-0.12445607781410217,-0.22502796817570925
2024,12,NE,-0.19639367,-0.23550394,-0.069285244,-0.0021445605,0.001770942471921444,0.04985640523955226,0.06598153337836266,-0.14976098202168941,-0.09718970721587539,0.08658793265931308,-0.054767776280641556,-0.20841376576572657
2024,13,NE,0.11115559,0.21307695,-0.039969202,0.1253763,-0.05537236575037241,0.00524873606627807,-0.02363942377269268,-0.14350921846926212,-0.06772490357980132,0.07305731691303663,-0.03618837147951126,-0.15306605119258165
2024,15,NE,0.02341519,0.19990757,-0.20923385,0.18832515,-0.005360870622098446,0.037225954176392406,0.03384622000157833,-0.06182647589594126,-0.03608945803716779,0.09264559831353836,0.02407868579030037,-0.1737768636085093
2024,16,NE,0.047992002,0.28341207,-0.317315,0.028618706,0.008208532817661762,0.1776346824481152,0.10577447712421417,-0.12065509613603354,0.0017507383599877357,0.09573164556059055,0.07742693275213242,-0.15097457403317094
2024,17,NE,-0.44571644,-0.3263528,-0.7481043,0.29941475,-0.003457721322774887,0.0850438991910778,0.11522316187620163,-0.15895082708448172,-0.0008433894254267216,0.06745015221531503,0.09060234762728214,-0.15435590455308557
2024,18,NE,0.013779011,0.2647666,-0.34764314,-0.08855244,-0.06578841432929039,0.16043372778221965,0.09251094609498978,-0.32865558471530676,-0.0605803900398314,0.08284123192424886,0.03443576116114855,-0.23608240159228444
2025,1,NE,-0.04577471,0.044126794,-0.33134422,0.100728095,-0.09013255964964628,0.10695154359564185,0.10543335974216461,-0.4055740684270859,-0.047746715135872364,0.07208874888601713,0.06963978987187147,-0.23370027216151357
2025,2,NE,0.2886672,0.6023075,-0.11279233,0.09782982,-0.1074300343170762,0.08505227928981185,0.06648816540837288,-0.43610166013240814,-0.04961075074970722,0.13134348086896352,0.08613132126629353,-0.27837837813422084
2025,3,NE,-0.10999026,0.16256495,-0.6778136,0.04846549,-0.04726123437285423,0.10235505737364292,0.14621202275156975,-0.3849709890782833,-0.02535947784781456,0.09369947828236036,0.1307175923138857,-0.2719609080813825
2025,4,NE,0.35495633,0.7873112,-0.07739856,-0.030361068,0.03667031042277813,0.039617741480469704,0.26844146102666855,-0.36739831790328026,-0.01455905195325613,0.10002573463134468,0.18047620356082916,-0.3480269513092935
2025,5,NE,0.06532566,0.17341465,-0.1508523,0.0023114507,0.12196463998407125,0.05416558403521776,0.3990776091814041,-0.29983717389404774,0.015916040167212486,0.0805585638154298,0.25225548446178436,-0.3527056211605668
2025,6,NE,0.15367639,0.55120033,-0.38145196,-0.06026594,0.149739732965827,0.02956142305629328,0.4313995726406574,-0.25471419282257557,0.02115484932437539,0.057306851173052564,0.24894386902451515,-0.34540792647749186
2025,7,NE,0.267477,0.41369995,0.065014504,-0.27987206,0.11599203012883663,-0.009962516545783728,0.41862278059124947,-0.32187910191714764,0.0343653978779912,0.0461962704139296,0.2824174016714096,-0.3534250454977155
2025,8,NE,0.093406856,0.3050323,-0.18624108,-0.3147657,0.2103588469326496,-0.09204690408660099,0.481406532227993,-0.1361720785498619,0.12351457867771387,-0.026214581303065643,0.3749239966273308,-0.2517851982265711
2025,9,NE,0.013419388,0.018829275,0.0047635697,0.057627976,0.14497147873044014,-0.16314806014997885,0.36083681136369705,-0.16338270716369152,0.1334680593572557,-0.05449123805738054,0.3799572102725506,-0.23160994052886963
2025,10,NE,0.19361869,0.15008907,0.2688062,0.052727245,0.13199491007253528,-0.1493189288303256,0.3221904681995511,-0.12447874154895544,0.14086732151918113,-0.05987875288701616,0.37679502042010427,-0.1895964671857655
2025,11,NE,0.13845152,0.29056698,-0.11507427,-0.08509738,0.14198048366233706,-0.1210706327110529,0.2219126531854272,0.03808579687029123,0.12898625689558685,-0.06551657462841831,0.3202677168883383,-0.1418966525234282
2025,12,NE,0.022934189,0.27167615,-0.35017878,-0.17502531,0.10972411138936877,-0.07237696275115013,0.19112940970808268,-0.006936396472156048,0.1600414791610092,-0.08221193341887556,0.33626797096803784,-0.07155423751100898
2025,13,NE,0.15040766,0.3182335,-0.104687616,-0.076873355,0.09210594464093447,-0.03744186833500862,0.18279036972671747,-0.04792082216590643,0.1185387116856873,-0.10029496424249373,0.27181359054520726,-0.10565176466479897
2025,15,NE,0.2300455,-0.031497907,0.5866956,0.27603376,0.12635301193222404,-0.07106720097362995,0.25764142349362373,-0.07528361864387989,0.12917396100237966,-0.11019306490197778,0.2899159458465874,-0.09988118009641767
2025,16,NE,0.20078422,0.23772417,0.08996436,0.09887579,0.1354597150348127,-0.015240572392940521,0.21224467922002077,0.004188736900687218,0.13872009934857488,-0.06815560255199671,0.21707866620272398,0.021137266885489225
2025,17,NE,0.50469184,1.0791337,-0.06975015,-0.17908743,0.15104289120063186,0.030752720311284065,0.19903397653251886,0.055448394268751144,0.13038350129500031,-0.020812121219933033,0.19508169312030077,0.02425599889829755
2025,18,NE,0.32397205,0.4357344,0.19979163,-0.31436092,0.27148230373859406,0.029737191274762154,0.40089837554842234,0.12555555067956448,0.18179412418976426,-0.003852338530123234,0.2918443726375699,0.03881736425682902
2023,1,NO,-0.06761036,0.1434515,-0.41058588,-0.17665723,,,,,,,,
2023,2,NO,0.0534218,0.016004598,0.10532309,-0.10552517,,,,,,,,
2023,3,NO,-0.07596244,-0.064342715,-0.095160246,0.009836381,-0.007094280794262886,-0.14109120145440102,0.07972804736346006,-0.15263139456510544,-0.007094280794262886,-0.14109120145440102,0.07972804736346006,-0.15263139456510544
2023,4,NO,-0.31527224,-0.30422926,-0.34580287,0.06867502,-0.030050333589315414,-0.09078200720250607,0.03170445996026198,-0.1334743450085322,-0.030050333589315414,-0.09078200720250607,0.03170445996026198,-0.1334743450085322
2023,5,NO,0.009601636,0.15095419,-0.10199247,-0.7162873,-0.10135581064969301,-0.05091775069013238,-0.052278969902545214,-0.18655647709965706,-0.10135581064969301,-0.05091775069013238,-0.052278969902545214,-0.18655647709965706
2023,6,NO,0.028428165,0.08528147,-0.10119738,0.04599285,-0.08205281151458621,-0.1858252719976008,-0.050403297413140535,-0.10940812528133392,-0.0791643213480711,-0.18399166353046895,-0.011632338538765908,-0.16964367628097535
2023,7,NO,-0.1354116,-0.27782425,0.17993064,0.007741778,-0.08830121997743845,-0.1479457658715546,-0.03308407962322235,-0.16103824228048325,-0.061232240249713264,-0.14566091106583676,0.004519962705671787,-0.15823595970869064
2023,8,NO,0.33302388,0.57716763,0.110422194,0.07418683,-0.10316351149231195,-0.14846941665746272,-0.08645446412265301,-0.09226552024483681,-0.07182929239102773,-0.12374624117676701,-0.035814925229975154,-0.10992644514356341
2023,9,NO,-0.042362656,0.12837759,-0.2950582,-0.16548347,0.05891051795333624,-0.1470914634410292,0.1338947582989931,0.021790746599435806,-0.021222646348178387,-0.09900460706558079,0.04080789419822395,-0.08238286525011063
2023,10,NO,-0.033176634,-0.090345696,0.13496767,0.0763529,0.045919444877654314,-0.009390503400936723,0.12825060822069645,-0.026475682854652405,-0.018066683318465948,-0.09760788769926876,0.03892365540377796,-0.06794190406799316
2023,12,NO,-0.06963407,0.020344457,-0.20781541,0.051049646,0.030518244951963425,-0.0018004907760769129,0.0843438170850277,0.03256557881832123,-0.028891487512737513,-0.07487312832381576,0.025629868730902672,-0.06423633173108101
2023,13,NO,-0.036222287,0.19415925,-0.24027453,0.1591823,0.04696262814104557,0.009026476182043552,0.15888599446043372,-0.06437093392014503,-0.028100441675633192,-0.06972147023770958,0.03621576516889036,-0.07831822708249092
2023,14,NO,-0.19093744,-0.35420874,0.0007288359,-0.31989166,-0.045348912477493286,0.03027534205466509,0.06313390051946044,-0.1520451158285141,0.006780802737921476,-0.05840806069318205,0.09851432940922678,-0.06512718461453915
2023,15,NO,0.10413419,0.41224045,-0.2610288,-0.3090216,-0.08249260950833559,-0.008326704613864422,-0.057512680534273386,-0.07809835915395524,-0.018286582315340638,-0.008858604007400572,0.03536896384321153,-0.052287021004303824
2023,16,NO,-0.066692725,0.032826647,-0.35861623,0.19617718,-0.04816490411758423,-0.10467032808810472,0.06813385477289557,-0.1770974757237127,-0.008823329582810402,-0.05323540943209082,0.07623883592896163,-0.07226594845269574
2023,17,NO,0.073435076,0.27823943,-0.1505697,-0.096206784,-0.04742956720292568,-0.0683884434401989,0.07125440239906311,-0.21479768176504876,-0.00023346953094005585,-0.029680983629077673,0.11507019842974842,-0.1395843078425969
2023,18,NO,0.22172172,0.48484963,-0.018852375,-0.31556243,-0.020015226677060127,-0.13223571330308914,0.09227444604039192,-0.19237147514650133,-0.03268206957727671,-0.05098018562421203,0.07770417327992618,-0.1722082954875077
2024,1,NO,0.20748445,0.3412333,0.108932644,-0.46041304,0.08314956538379192,-0.131153404712677,0.3020390383899212,-0.19726677797734737,0.0003284779377281666,-0.06974005466327071,0.1222631789278239,-0.1376825685656513
2024,2,NO,0.4248462,0.78352785,0.2406583,-0.16222283,0.10898713208734989,-0.1690012663602829,0.2842872552573681,-0.1047764178365469,0.03041111398488283,-0.1368357972241938,0.17621055501513183,-0.1409369467801298
2024,3,NO,-0.20246732,0.016208371,-0.42924213,0.012305472,0.23187186382710934,-0.25860127061605453,0.4719625562429428,0.045042214915156364,0.09222114831209183,-0.16349485702812672,0.27160847932100296,-0.0848777334249462
2024,4,NO,0.04793833,-0.037757073,0.15440837,-0.029200371,0.1628962643444538,-0.2314732065424323,0.4064547917805612,-0.02462589181959629,0.07144051883369684,-0.18185445992276073,0.24936461891047657,-0.10849868348304881
2024,5,NO,-0.096905395,-0.08492054,-0.13029179,0.13962065,0.11945041548460722,-0.1598826926201582,0.2758031156845391,0.018689293414354324,0.10129999043419957,-0.1455180486664176,0.28892107703723013,-0.08928874228149652
2024,6,NO,-0.37225455,-0.4070534,-0.27884722,0.19495098,0.043352953158318996,-0.009874271228909492,0.16926465230062604,-0.04111681506037712,0.07617004262283444,-0.0894377687945962,0.22677595377899706,-0.07294661644846201
2024,7,NO,-0.33212537,-0.43975815,-0.0028957059,0.07915802,-0.1559222349897027,0.07941918261349201,-0.12838066322728992,-0.17099319398403168,0.03797481441870332,-0.08959104400128126,0.17179094650782645,-0.06297548953443766
2024,8,NO,-0.21538846,-0.2273074,-0.18587497,0.014237758,-0.1883367458358407,0.09613232035189867,-0.24237229395657778,-0.06440658692736179,-0.012720240745693445,-0.06767044309526682,0.08204124891199172,-0.04451623937347904
2024,9,NO,0.1163982,0.07986978,0.14944771,0.048459798,-0.25416844338178635,0.10699185263365507,-0.28975987434387207,-0.1494774204911664,-0.06735901394858956,-0.026445419993251562,-0.006978379329666495,-0.06539406353840604
2024,10,NO,-0.02086381,0.22400023,-0.28531697,0.094481766,-0.20084254443645477,0.08420164044946432,-0.2485622949898243,-0.0795425457181409,-0.07874479563906789,0.037163684610277414,-0.03964882134459913,-0.06032968038925901
2024,11,NO,0.23851997,0.09109546,0.40778515,0.043069825,-0.11299485946074128,0.05908433627337217,-0.09079888463020325,-0.0811599848093465,-0.134458547225222,0.06925175944343209,-0.10958977392874658,-0.1260765893966891
2024,13,NO,-0.016540911,0.0458669,-0.10692462,0.15622507,0.029666473623365164,0.05006228666752577,0.04191451892256737,0.021510228514671326,-0.07933513610623777,0.07309730350971222,-0.1002288875170052,-0.02144817920634523
2024,14,NO,-0.060506184,0.082814865,-0.22174236,-0.14047928,0.07937836134806275,0.08555911481380463,0.11020809225738049,0.041247814893722534,-0.0873950410168618,0.09627548372372985,-0.08977589104324579,-0.05411480279872194
2024,15,NO,-0.058917645,-0.021330778,-0.1566435,0.019458374,0.03515226533636451,0.03832434490323067,0.11094436421990395,-0.051549702882766724,-0.08284513955004513,0.061262992676347494,-0.06880896538496017,-0.06554612430045381
2024,16,NO,-0.3362968,-0.37363523,-0.24528448,0.26393583,0.025638806633651257,0.019568496849387884,0.04961161222308874,-0.019381333142518997,-0.04367802641354501,0.03932641656138003,-0.020593636203557253,-0.05027065897593275
2024,17,NO,-0.3212785,-0.34000152,-0.25358763,0.09504412,-0.11806538421660662,0.07478499924764037,-0.06657106149941683,-0.18264874070882797,-0.04419945529662073,0.06242364295758307,-0.01232827128842473,-0.08056925609707832
2024,18,NO,0.010034438,0.0327123,-0.050439853,0.17163193,-0.19424978457391262,0.05948976194486022,-0.16303816717118025,-0.21931449323892593,-0.05743571161292493,0.07252443837933242,-0.02641503745689988,-0.0890333391726017
2025,1,NO,-0.05713973,-0.014033909,-0.15706688,0.061772753,-0.17661462910473347,0.13751756539568305,-0.17556380853056908,-0.17648886609822512,-0.07073118188418448,0.08792095514945686,-0.032309722155332565,-0.11401928449049592
2025,2,NO,-0.051837053,-0.038670335,-0.073293954,0.090516075,-0.17617014981806278,0.1480961600318551,-0.17373959138058126,-0.17659471277147532,-0.07526567159220576,0.0838323284406215,-0.06206398957874626,-0.09798802295699716
2025,3,NO,-0.10929227,0.0006647408,-0.32040974,0.112024955,-0.10505521390587091,0.10474122036248446,-0.08999836700968444,-0.13359708059579134,-0.11156029906123877,0.08976310980506241,-0.07828471425455064,-0.15812291065230966
2025,4,NO,-0.0847417,-0.19607262,0.037026502,0.16299932,-0.052058652974665165,0.10898642893880606,-0.004831800935789943,-0.15030260849744081,-0.12315421877428889,0.08423809544183314,-0.0839349840534851,-0.18480855086818337
2025,5,NO,0.10997093,0.40897784,-0.23887049,-0.26908842,-0.07575268670916557,0.10682827513664961,-0.06202803156338632,-0.1284360196441412,-0.12618365790694952,0.12217292026616633,-0.1187959200469777,-0.15246244287118316
2025,6,NO,-0.06026594,-0.060692377,-0.059555214,0.15367639,-0.033975022844970226,0.02411298267543316,0.043724904768168926,-0.1488869208842516,-0.1050725863315165,0.08610457135364413,-0.06500734330620617,-0.16274081682786345
2025,7,NO,-0.21227479,-0.1993983,-0.24181503,0.07559457,-0.0360822444781661,0.0399030614644289,0.03821939416229725,-0.14545223582535982,-0.07056872919201851,0.07232214091345668,-0.025889486423693597,-0.13952465821057558
2025,8,NO,-0.48199958,-0.5213891,-0.24172351,-0.16390228,-0.06182787474244833,0.030795464292168617,-0.011796364560723305,-0.1258035572245717,-0.05694326385855675,0.06989094661548734,-0.008314082748256624,-0.13805308286100626
2025,9,NO,-0.2977071,-0.0017115152,-0.84741324,0.31041574,-0.1611423445865512,-0.05092993564903736,-0.0931254904717207,-0.1954910596832633,-0.11844751564785838,0.027949169743806124,-0.07757676101755351,-0.16196353966370225
2025,10,NO,0.14284027,0.30688065,-0.016229171,-0.30006108,-0.263061854057014,0.09394610486924648,-0.19579782837536186,-0.3476267484948039,-0.1485184384509921,0.05902954377233982,-0.07603646180359647,-0.24825683468952775
2025,12,NO,-0.23330636,-0.27301756,-0.1508293,-0.11221283,-0.21228530257940292,-0.0194882620126009,-0.1039045708021149,-0.33679523784667253,-0.12418377352878451,0.010207399725914001,-0.03284258831990883,-0.24112373683601618
2025,13,NO,-0.16911003,-0.20500824,-0.10162138,-0.13490428,-0.21754319593310356,-0.06644011102616787,-0.12230938614811748,-0.3140488052740693,-0.13968553533777595,-0.017822323366999626,-0.0670528753544204,-0.2199261812493205
2025,14,NO,0.0011082675,0.09086717,-0.07668277,-0.1493449,-0.13932080939412117,-0.05919061042368412,-0.043214164092205465,-0.2790232738479972,-0.15023157699033618,-0.05506027303636074,-0.06816982728196308,-0.23725716676563025
2025,15,NO,0.12060856,0.2772411,-0.1790363,0.09215888,-0.06461696486803703,-0.1741307731717825,-0.020069492980837822,-0.08634065557271242,-0.1638394094625255,-0.040092334151268005,-0.10793366067809984,-0.21698370203375816
2025,16,NO,-0.019235983,0.13641413,-0.3914428,-0.4064965,-0.07017489123973064,-0.07607578486204147,-0.027479378506541252,-0.12704243883490562,-0.14123009690956678,-0.047782023437321186,-0.06569197465432808,-0.23191883834078908
2025,17,NO,0.19913909,0.27977148,0.066095665,-0.13270122,-0.016657296306220815,-0.1496467012912035,0.07487854175269604,-0.1871958151459694,-0.11710024611966219,-0.10804340615868568,-0.023715422197710723,-0.25062231021001935
2025,18,NO,-0.10582343,-0.12130208,-0.07553911,-0.24327204,0.0754049832758028,-0.1490959357470274,0.19607347063720226,-0.14526655338704586,-0.03195791305915918,-0.10414327308535576,0.0764296532724984,-0.21214491361752152
2023,1,NYG,-0.42709333,-0.5073762,-0.23976667,0.14542055,,,,,,,,
2023,2,NYG,0.20046811,0.21951373,0.16064547,0.19183429,,,,,,,,
2023,3,NYG,-0.212733,-0.24276967,-0.09258635,0.2054418,-0.11331260949373245,0.16862741857767105,-0.14393123239278793,-0.039560601115226746,-0.11331260949373245,0.16862741857767105,-0.14393123239278793,-0.039560601115226746
2023,4,NYG,-0.45957112,-0.516713,-0.33038068,-0.15641178,-0.14645273983478546,0.1808988799651464,-0.17687737941741943,-0.057235851883888245,-0.14645273983478546,0.1808988799651464,-0.17687737941741943,-0.057235851883888245
2023,5,NYG,-0.10137103,0.06668371,-0.38768652,0.097473584,-0.22473233565688133,0.09657121449708939,-0.26183629035949707,-0.12552205845713615,-0.22473233565688133,0.09657121449708939,-0.26183629035949707,-0.12552205845713615
2023,6,NYG,-0.12146899,-0.0016104035,-0.3115895,-0.011844874,-0.14330176077783108,0.08458447270095348,-0.11832131445407867,-0.16250202059745789,-0.200060074031353,0.09675168842077256,-0.19613229036331176,-0.17795495092868804
2023,7,NYG,-0.048608046,0.12303472,-0.3060722,-0.22650862,-0.2237860355526209,0.03366468264721334,-0.1736023476405535,-0.28056076541543007,-0.18696156019965807,0.07865226129069924,-0.1637119758912983,-0.2002273773153623
2023,8,NYG,-0.3034774,-0.7158574,-0.08466355,-0.36434144,-0.18275479692965746,-0.07432292238809168,-0.08215124849812128,-0.33393222838640213,-0.1671967724604266,0.035057850049010346,-0.12274816174924906,-0.2153480670281819
2023,9,NYG,-0.39015383,-0.46887514,-0.22090307,-0.01801226,-0.14373136777430773,-0.12630533636547625,-0.13193733934895135,-0.2725029457360506,-0.18423185171559453,-0.014867060934193432,-0.1968868148542242,-0.19901250209659338
2023,10,NYG,-0.23907106,-0.26990455,-0.16833544,0.2956525,-0.21592706721276045,-0.15517679718323052,-0.2658270517422352,-0.23080708272755146,-0.17961441399529576,-0.03529616224113852,-0.19207418309815694,-0.19665455166250467
2023,11,NYG,-0.036156703,0.07168853,-0.2578386,-0.10666636,-0.24532758351415396,-0.07830245140939951,-0.3329005893319845,-0.19499356485903263,-0.23455680953338742,-0.022318884381093085,-0.253251468486269,-0.23777716513723135
2023,12,NYG,-0.27644873,-0.100124516,-0.5997098,-0.16391899,-0.24221474770456553,-0.04834188614040613,-0.34573713690042496,-0.18293516524136066,-0.2124847723171115,-0.06133240426424891,-0.21394419269927312,-0.2584336968138814
2023,14,NYG,0.034261722,0.24841683,-0.18782507,-0.0110164955,-0.2354575777426362,0.0017637265846133232,-0.19180391915142536,-0.31169673055410385,-0.18959447275847197,-0.062270804890431464,-0.16187062925018836,-0.29209983814507723
2023,15,NYG,-0.3090216,-0.33741337,-0.22195348,0.10413419,-0.12935369089245796,0.003512667492032051,-0.012480927631258965,-0.30342723056674004,-0.1726403790526092,-0.07583206484559923,-0.13915398968674708,-0.26711715664714575
2023,16,NYG,-0.052467074,-0.08132898,-0.012060396,0.09491484,-0.14684132486581802,-0.04436691291630268,-0.02935813181102276,-0.3168317414820194,-0.196084454189986,-0.061334682162851095,-0.18112936057150364,-0.255912653170526
2023,17,NYG,-0.10970622,-0.05785926,-0.25706077,0.0240378,-0.15091891773045063,0.006028385832905769,-0.06761251017451286,-0.2553871888667345,-0.19656683271750808,-0.02115675015375018,-0.2066748235374689,-0.21916117705404758
2023,18,NYG,0.07189631,0.13425629,-0.032868482,-0.2821364,-0.10923329181969166,0.05301758274435997,-0.057046196423470974,-0.16972492821514606,-0.17234543478116393,0.027390654664486647,-0.12442505778744817,-0.24071082938462496
2024,1,NYG,-0.3536523,-0.4257495,-0.16012816,0.16362268,-0.0998246455565095,-0.0147623959928751,-0.08558633085340261,-0.1309857815504074,-0.11458916822448373,-0.005624864250421524,-0.04903362924233079,-0.21720650605857372
2024,2,NYG,0.111323394,0.22632582,-0.05368011,0.18668583,-0.11098232213407755,0.00010972656309604645,-0.10767036583274603,-0.11552945151925087,-0.1289118234999478,-0.022128593176603317,-0.0685142488218844,-0.21618059650063515
2024,3,NYG,0.041151285,0.19663008,-0.19494615,-0.34005022,-0.0700347051024437,0.023052474483847618,-0.030756664462387562,-0.12593438010662794,-0.11047681141644716,0.014540430158376694,-0.04918458731845021,-0.19066078448668122
2024,4,NYG,-0.05686234,0.07968291,-0.31807932,0.09113758,-0.032320328056812286,-0.06796953082084656,0.03286566957831383,-0.11040572728961706,-0.07077680993825197,-0.007475974038243294,-0.012090263422578573,-0.14006532775238156
2024,5,NYG,0.013006963,0.2454662,-0.27944174,-0.09542316,-0.06450998969376087,0.02534896694123745,0.019222324714064598,-0.18170843739062548,-0.08216731762513518,0.005293285474181175,-0.03318200306966901,-0.15634710947051644
2024,6,NYG,-0.07470339,-0.18289809,0.11077325,-0.009881478,0.027154825627803802,-0.039412492886185646,0.18702625297009945,-0.21153683308511972,-0.04191374825313687,-0.0196513831615448,0.03967794356867671,-0.1635331423021853
2024,7,NYG,-0.41909307,-0.5283856,-0.11307411,0.14429827,-0.019351869821548462,-0.08855431992560625,0.08472027443349361,-0.1704234927892685,-0.04469328746199608,-0.032750922720879316,0.026981804985553026,-0.14817893644794822
2024,8,NYG,-0.0051277014,-0.08908236,0.15270704,0.041111093,-0.1344129592180252,0.032532802782952785,-0.09653363935649395,-0.14995548129081726,-0.08336664363741875,-0.017718364018946886,-0.03183398488909006,-0.13018060429021716
2024,9,NYG,0.13078299,0.018397113,0.2618999,0.31881642,-0.12147929973434657,0.020026180893182755,-0.13872495666146278,-0.03225889056921005,-0.09299464471405372,0.022687573917210102,-0.05975131597369909,-0.10698366397991776
2024,10,NYG,-0.09069475,-0.1602276,-0.0016057938,-0.04475459,-0.09203529253136367,0.12358607724308968,-0.19549222895875573,0.1030765175819397,-0.03244023345177993,0.042086792178452015,-0.004232987994328141,-0.054230157751590014
2024,12,NYG,-0.23150454,-0.09722878,-0.6164284,0.3035897,-0.09603313251864165,0.11486779898405075,-0.18982460582628846,0.07498175650835037,-0.057692501170095056,0.01315673952922225,-0.052552165696397424,-0.04772086814045906
2024,13,NYG,-0.22811198,-0.31465545,-0.011753289,-0.042095892,-0.04913600056897849,0.15469065681099892,-0.08203540602698922,-0.0508568100631237,-0.09177447989350185,0.09361172979697585,-0.08928452269174159,-0.10040614567697048
2024,14,NYG,-0.14047928,-0.10273756,-0.26418823,-0.060506184,-0.10488207079470158,0.1338889105245471,-0.13842867920175195,-0.09197189239785075,-0.11318068526452407,0.07695754570886493,-0.13857681793160737,-0.0621153914835304
2024,15,NYG,-0.004564563,0.08416802,-0.22873108,0.44326374,-0.172697639092803,0.0390582587569952,-0.16871234774589539,-0.22349392203614116,-0.13236646581208333,0.08132216800004244,-0.18210228835232556,-0.06020870222710073
2024,16,NYG,-0.4526711,-0.51937145,-0.24304155,0.09732859,-0.15116509282961488,0.16106284130364656,-0.1076134443283081,-0.28027524380013347,-0.12359911267412826,0.13796532014384866,-0.14871902507729828,-0.10264674364589155
2024,17,NYG,0.32810152,1.1759112,-0.51970816,0.09499252,-0.20645673433318734,0.10949756298214197,-0.21314911171793938,-0.18692853627726436,-0.12779636745108292,0.13209410989657044,-0.1475922588724643,-0.11889267317019403
2024,18,NYG,-0.118744105,-0.29914927,0.090525895,-0.040409166,-0.06740335980430245,0.14376966562122107,0.15949254855513573,-0.31391725316643715,-0.08614271529950202,0.13882928807288408,0.01053193467669189,-0.20294457278214395
2025,1,NYG,-0.13828202,-0.12275872,-0.18485193,0.1553128,-0.06196956569328904,0.14879391994327307,0.11038962006568909,-0.22523872181773186,-0.11733360239304602,0.09392608935013413,-0.02916136384010315,-0.2243663219269365
2025,2,NYG,0.22455145,0.41977915,-0.20309015,0.16549332,-0.0953989289700985,0.07680618669837713,0.0586579367518425,-0.21426893398165703,-0.12328201089985669,0.11893451400101185,-0.024477753788232803,-0.24727208889089525
2025,3,NYG,-0.13673942,-0.2354645,0.036029544,0.17136139,0.07390671223402023,0.09384737070649862,0.2934455871582031,-0.20428108423948288,-0.06627501104958355,0.1016724668443203,0.040148237720131874,-0.19560481025837362
2025,4,NYG,-0.07292762,-0.044722524,-0.09576031,-0.11308815,-0.04230352118611336,0.11293958779424429,-0.059398334473371506,-0.06534665916115046,-0.054853440495207906,0.12835462670773268,0.05004710704088211,-0.1896319561637938
2025,5,NYG,-0.26908842,-0.24998713,-0.30729103,0.10997093,-0.03084939904510975,0.09476984106004238,0.0042083533480763435,-0.11191821005195379,-0.046409482369199395,0.12178188050165772,0.057298986706882715,-0.16857846593484282
2025,6,NYG,0.29595715,0.4029247,0.17518733,-0.066168524,-0.06355099938809872,0.08343437127768993,-0.027598748914897442,-0.14252798538655043,-0.0794749641790986,0.08012027898803353,0.015529593918472528,-0.17839845968410373
2025,7,NYG,0.22376789,0.3740014,0.023456568,0.10241985,-0.045699575915932655,0.025518909096717834,-0.03181236516684294,-0.047958615235984325,0.014103568159043789,0.05968313990160823,0.1308166109956801,-0.1261198497377336
2025,8,NYG,0.061180256,0.12975791,-0.054318953,0.4715571,0.04442725144326687,0.008283525705337524,0.12055411282926798,-0.05110185919329524,0.0010618651285767555,0.06061155674979091,0.030577889177948236,-0.05822425917722285
2025,9,NYG,0.17243345,0.18128994,0.15324436,0.30983448,0.07795421965420246,0.15444484166800976,0.16417422145605087,-0.04074152046814561,0.023552410304546356,0.12460734136402607,0.08419128740206361,-0.0763298652600497
2025,10,NYG,-0.0054572397,-0.009480058,0.0010079762,0.0765804,0.18833468668162823,0.2044107299298048,0.271993488073349,0.0743923275731504,0.062391843646764755,0.14392255060374737,0.12219736957922578,-0.034067828906700015
2025,11,NYG,0.13630217,0.20578463,0.075962126,0.35079408,0.11298108974006027,0.24009796045720577,0.16889230185188353,0.0308474880293943,0.03364075691206381,0.1328084347769618,0.0685399683425203,-0.008555563603295013
2025,12,NYG,0.14523478,0.49033844,-0.24527726,0.15461844,0.09111466014292091,0.3021915163844824,0.12683810689486563,0.04397387761855498,0.06777095579309389,0.15523752104490995,0.1236961098620668,-0.0035639907873701304
2025,13,NYG,-0.076873355,-0.12731178,-0.0045051756,0.15040766,0.11212829069700092,0.22295684926211834,0.2169832403305918,-0.0037656979984603822,0.09504125517560169,0.18870084546506405,0.19057873089332134,-0.022253609233302996
2025,15,NYG,0.038765907,0.13868925,-0.15673628,-0.0064041615,0.04980158933904022,0.18310014344751835,0.13983280980028212,-0.043203082226682454,0.11906813801033422,0.19375543668866158,0.20591314893681556,0.015594622673233971
2025,16,NYG,-0.25251535,-0.42791077,-0.111067444,-0.087123156,0.06085737608373165,0.1623540036380291,0.17687513679265976,-0.08263914741110057,0.08691923291189596,0.20122598204761744,0.17288371932227165,-0.025895829690853134
2025,17,NYG,0.23513106,0.21725544,0.26087198,-0.22700843,-0.036347003653645515,0.052874695509672165,0.018451284617185593,-0.12939653999637812,0.027383828244637698,0.17753310594707727,0.07264469575602561,-0.04271133118891157
2025,18,NYG,0.12790819,0.21994574,-0.010148143,-0.089342214,-0.013872934505343437,-0.042532023042440414,-0.049819465726614,-0.0028592318994924426,0.04912767809582874,0.09021241310983896,0.0835818873019889,-0.0033124649489764124
2023,1,NYJ,-0.029890796,-0.14055727,0.08962901,-0.079173826,,,,,,,,
2023,2,NYJ,-0.43178573,-0.32687458,-0.7377767,0.09737568,,,,,,,,
2023,3,NYJ,-0.32540378,-0.34978196,-0.27780825,-0.03710607,-0.23083826433867216,0.009100928902626038,-0.23371592909097672,-0.32407384365797043,-0.23083826433867216,0.009100928902626038,-0.23371592909097672,-0.32407384365797043
2023,4,NYJ,0.008978092,0.07131127,-0.15854235,0.1498915,-0.26236010280748207,-0.006301404287417729,-0.27240460614363354,-0.30865197877089184,-0.26236010280748207,-0.006301404287417729,-0.27240460614363354,-0.30865197877089184
2023,5,NYJ,-0.024424199,-0.21485025,0.19773954,-0.21504633,-0.19452555407769978,0.03274682071059942,-0.18647563643753529,-0.27112457156181335,-0.19452555407769978,0.03274682071059942,-0.18647563643753529,-0.27112457156181335
2023,6,NYJ,-0.09853072,-0.17092112,0.082445264,-0.1288671,-0.19315890478901565,-0.0012213056907057762,-0.20504887960851192,-0.24409693852066994,-0.16050528306514025,-0.016811809688806533,-0.19215055853128432,-0.17735174894332886
2023,8,NYJ,-0.36434144,-0.28066012,-0.5581297,-0.3034774,-0.10984515096060932,-0.05778200272470713,-0.16606051288545132,-0.03904144838452339,-0.15017618875329694,-0.03548769218226274,-0.1886123182872931,-0.13405224680900574
2023,9,NYJ,-0.34217265,-0.36376315,-0.28048548,-0.109978594,-0.1195795654784888,-0.12437483668327332,-0.14878005348145962,-0.10912181809544563,-0.18077122433377163,-0.07377193708504949,-0.2017620046223913,-0.19463474409920828
2023,10,NYJ,-0.18885423,-0.06712987,-0.48996183,-0.22143078,-0.2073672516271472,-0.18934235908091068,-0.25754866003990173,-0.13960760086774826,-0.2009464028524235,-0.07829776918515563,-0.2220121482387185,-0.2053660862147808
2023,11,NYJ,-0.3189746,-0.3987839,-0.09018801,0.091602735,-0.2484747599810362,-0.19093847088515759,-0.22061856649816036,-0.3115329444408417,-0.22081683238502592,-0.09607988828793168,-0.21283372305333614,-0.2778149414807558
2023,12,NYJ,-0.3392883,-0.35819706,-0.24852626,0.0757388,-0.303585734218359,-0.13582101091742516,-0.27758426032960415,-0.3546912632882595,-0.20671544258948416,-0.09680150682106614,-0.22182238660752773,-0.19686635583639145
2023,13,NYJ,-0.3358557,-0.25584963,-0.48253345,-0.1973367,-0.29732244834303856,-0.04101695865392685,-0.29696849547326565,-0.27729039639234543,-0.20845100691076368,-0.08269589766860008,-0.22287427447736263,-0.19320610724389553
2023,14,NYJ,-0.0007305492,0.07879934,-0.15287465,-0.44742012,-0.2957432083785534,-0.06285648606717587,-0.2699901144951582,-0.3278023898601532,-0.2515552300028503,-0.12609942257404327,-0.26376938726752996,-0.23370499536395073
2023,15,NYJ,-0.5298771,-0.4765856,-0.71844715,0.042210095,-0.24871228757547215,-0.11935382150113583,-0.23350781202316284,-0.24353059381246567,-0.24859352377825417,-0.1551461461931467,-0.2270631892606616,-0.27753176912665367
2023,16,NYJ,-0.20333496,-0.23325591,-0.15631634,-0.09269743,-0.30143791559385136,-0.13170198164880276,-0.2529582381248474,-0.40059537813067436,-0.3025118249061052,-0.13376149628311396,-0.2652712492272258,-0.37764332070946693
2023,17,NYJ,-0.16764995,-0.3093827,0.22025013,-0.05317569,-0.26744958135532215,-0.1738110389560461,-0.22172294929623604,-0.3775428980588913,-0.28238601484918036,-0.10741399880498648,-0.25934572238475084,-0.32741664722561836
2023,18,NYJ,-0.21091615,-0.45209268,-0.08752349,-0.5594771,-0.22539814683841541,-0.13777078595012426,-0.2351062186062336,-0.20184700191020966,-0.2605706776084844,-0.10031363600865006,-0.2525481665506959,-0.2648246958851814
2024,1,NYJ,-0.04936343,0.041922845,-0.21165009,0.12386064,-0.27794454619288445,-0.16578502859920263,-0.36782922223210335,-0.18550921231508255,-0.2633284168841783,-0.14256942505016923,-0.3006685171276331,-0.2145199030637741
2024,2,NYJ,0.08387019,0.11949002,0.028821338,-0.06447494,-0.1578161222860217,-0.1453723916783929,-0.23820211179554462,-0.05880994722247124,-0.22962701893993653,-0.13853718666359782,-0.24558017496019602,-0.2297026626765728
2024,3,NYJ,0.21623303,0.40588108,-0.055595852,-0.30817825,-0.0860148360952735,-0.1383167700842023,-0.15001562982797623,-0.012525527738034725,-0.17673220872529782,-0.1560639045201242,-0.18586928956210613,-0.195034212898463
2024,4,NYJ,-0.2346309,-0.21378061,-0.2909267,-0.25485012,0.00995591003447771,-0.20206740871071815,0.028800316154956818,-0.08148702327162027,-0.10772111840196885,-0.1699190973304212,-0.10315295122563839,-0.14166701259091496
2024,5,NYJ,-0.31121936,-0.25407964,-0.5479412,-0.15431234,0.004027222283184528,-0.1259106658399105,0.08837833255529404,-0.13233782444149256,-0.13695866195484996,-0.14584784721955657,-0.13972544483840466,-0.15892351837828755
2024,6,NYJ,0.1703382,0.2997211,-0.0707845,0.27364415,-0.06143676117062569,-0.19545391201972961,0.014377711340785027,-0.21641060430556536,-0.1096264417283237,-0.17041315184906125,-0.1119122002273798,-0.1376102757640183
2024,7,NYJ,-0.038210433,0.0020663564,-0.14141971,0.16868919,-0.039819758385419846,-0.1109241396188736,0.05943547934293747,-0.24131206423044205,-0.06291729724034667,-0.12462045485153794,-0.04529007524251938,-0.1269187959842384
2024,8,NYJ,0.17628612,0.27450475,0.057020646,0.032179564,-0.10343062411993742,0.008292719721794128,-0.04151820082915947,-0.2627680283039808,-0.046737357042729855,-0.09688734449446201,-0.006358942337101325,-0.17212752578780055
2024,9,NYJ,0.0766951,0.26029894,-0.23805436,-0.04174,-0.0007013706490397453,0.08005014061927795,0.08055313985096291,-0.17578119318932295,0.0016629258170723915,-0.022930262610316277,0.08446573620312847,-0.15405950881540775
2024,10,NYJ,-0.105836555,-0.20447208,0.1320491,0.39284867,0.09627724532037973,0.10819322615861893,0.20914778421865776,-0.09830948244780302,0.017420242074877024,-0.043630342930555344,0.1117627477797214,-0.1573600433766842
2024,11,NYJ,-0.10101157,-0.024306105,-0.23423684,-0.00024483885,0.02723355684429407,0.13799435645341873,0.08309949125396088,-0.04760108236223459,-0.006293100770562887,0.013535108417272568,0.07126748529844917,-0.14445657329633832
2024,13,NYJ,-0.23424792,-0.26272556,-0.17599817,0.10329517,0.011533273383975029,0.09576084890431957,0.0765063758008182,-0.07080536428838968,-0.045948675367981195,0.05202678431305685,0.017494087485829368,-0.16678669629618526
2024,14,NYJ,0.24398918,0.3797241,-0.021579063,0.21951762,-0.09110023640096188,0.11353975028760033,-0.05780120240524411,-0.1290600672364235,-0.04590080352500081,0.09679494545343914,0.011375968722859398,-0.15242063021287322
2024,15,NYJ,0.41629568,0.527659,0.14771353,0.1190805,-0.04927671514451504,0.17885415495402412,-0.02794491546228528,-0.07494124164804816,0.023500265087932348,0.14352369055632153,0.09060143437818624,-0.08662536204792559
2024,16,NYJ,-0.101701915,-0.023021065,-0.29446998,0.10720568,0.08125634305179119,0.11041211203701096,0.15508785424754024,-0.07102513452991843,0.05424494994804263,0.12420323424521484,0.11909367275075056,-0.05931310844607651
2024,17,NYJ,-0.20229645,-0.21243465,-0.18340254,0.16362537,0.0810837559401989,0.13727474212646484,0.15540911443531513,-0.08608342101797462,0.046308514662086964,0.11651779551539221,0.11595774511806667,-0.07844439265318215
2024,18,NYJ,0.07590483,0.05088559,0.12050437,-0.14304869,0.08907162398099899,0.15235729329288006,0.16798184253275394,-0.08793451404199004,-0.0010143062099814415,0.1329485217902402,0.055090320063754916,-0.10849729063920677
2025,1,NYJ,0.21197511,0.39979056,0.08346981,0.2003047,0.047050535678863525,0.06171571649610996,0.08577221911400557,-0.05241365544497967,-0.001113089732825756,0.12028493572506704,0.028913651825860143,-0.06367744854651392
2025,2,NYJ,-0.29532537,-0.28634807,-0.31271896,0.22474582,-0.004029605537652969,0.08202176727354527,0.053805108182132244,-0.06847458519041538,0.03861336875706911,0.09621693965527811,0.10444648121483624,-0.06974985986016691
2025,3,NYJ,-0.1293416,-0.054879513,-0.34834772,-0.013149547,-0.05243546888232231,0.11140680313110352,-0.012026644311845303,-0.07303682900965214,0.014324143528938293,0.12434077262878418,0.07169123506173491,-0.07956012501381338
2025,4,NYJ,0.1053975,0.25587568,-0.15630369,0.123144954,-0.03419675678014755,0.06721307267434895,0.027362139895558357,-0.11427312530577183,0.02743743360042572,0.1097851829836145,0.09767199121415615,-0.10110381967388093
2025,5,NYJ,0.007587783,0.06771448,-0.18228601,0.34493804,-0.026823589578270912,0.13376148347742856,0.07860966119915247,-0.18347514048218727,0.010113473050296307,0.09773859998676926,0.08219094015657902,-0.11794439796358347
2025,6,NYJ,-0.42066145,-0.7312627,-0.09896739,-0.14758295,-0.07792042195796967,0.16991981794126332,-0.004409356974065304,-0.24991409480571747,-0.04097501374781132,0.1259707926074043,0.02469787560403347,-0.15919433999806643
2025,7,NYJ,-0.26143134,-0.33946553,-0.041960146,-0.07347129,-0.10925444215536118,0.0768376246560365,-0.11563800927251577,-0.19647620245814323,-0.08084495551884174,0.09412221389357,-0.06383232679218054,-0.13475651573389769
2025,8,NYJ,0.34124362,0.40283597,0.26810274,0.24608341,-0.14227687567472458,0.06175718829035759,-0.1867845132946968,-0.11987930815666914,-0.08823681622743607,0.06448513048235327,-0.07971118669956923,-0.11707621673122048
2025,10,NYJ,-0.24411571,-0.39609268,-0.15799539,-0.043361254,-0.08331534452736378,0.09249180182814598,-0.15004444122314453,-0.013777702115476131,-0.055069467052817345,0.11312664265278727,-0.03571739001199603,-0.0986264212988317
2025,11,NYJ,-0.08509738,-0.09755543,-0.06796757,0.13845152,-0.1462412178516388,-0.004583021625876427,-0.2659962326288223,-0.00770504679530859,-0.11208081990480423,0.08266839815769345,-0.13520279480144382,-0.12880957080051303
2025,12,NYJ,-0.1999663,0.055370927,-0.57233304,0.055789143,-0.0623502004891634,0.06692559458315372,-0.10756941884756088,4.490744322538376e-05,-0.08580232132226229,0.07188160961959511,-0.11160371406003833,-0.09821564750745893
2025,13,NYJ,0.023049904,0.084307835,-0.096681505,0.18087268,-0.04698394052684307,0.09924070350825787,-0.008860304951667786,-0.13254831545054913,-0.09463040810078382,0.08049894589930773,-0.0978224091231823,-0.12621381180360913
2025,14,NYJ,-0.4006805,-0.52339387,-0.09750634,0.21568929,-0.12653237069025636,0.08293802104890347,-0.08849233761429787,-0.2237443756312132,-0.10492385760881007,0.08771491143852472,-0.1192683894187212,-0.11876103887334466
2025,15,NYJ,-0.15684514,-0.19876403,-0.09319049,0.31214616,-0.16567357117310166,0.14770065620541573,-0.12031763419508934,-0.20862211287021637,-0.15595739451237023,0.07155881728976965,-0.19315693341195583,-0.10816357983276248
2025,16,NYJ,-0.4064965,-0.5154889,-0.17294124,-0.019235983,-0.18361051054671407,0.1911243163049221,-0.14561978355050087,-0.21492784284055233,-0.12298035551793873,0.12902495544403791,-0.12659460119903088,-0.10744146769866347
2025,17,NYJ,-0.17908743,-0.312988,-0.0069294996,0.50469184,-0.23524306016042829,0.17236803472042084,-0.288334745913744,-0.11507989279925823,-0.14111350034363568,0.13580436911433935,-0.14859752543270588,-0.12381410412490368
2025,18,NYJ,-0.25580803,-0.2492179,-0.2632968,0.3311356,-0.28577739372849464,0.2533228248357773,-0.3876587077975273,-0.09264189132954925,-0.2061548822093755,0.16813042294234037,-0.2380755227059126,-0.15819313348038122
2023,1,PHI,-0.13438596,-0.09073637,-0.21409394,-0.20127368,,,,,,,,
2023,2,PHI,0.099630564,-0.0019878335,0.17189252,0.08165393,,,,,,,,
2023,3,PHI,0.08552777,0.06627219,0.10681027,-0.16445604,-0.017377696931362152,-0.05980987474322319,-0.046362100169062614,-0.021100707352161407,-0.017377696931362152,-0.05980987474322319,-0.046362100169062614,-0.021100707352161407
2023,4,PHI,0.1878666,0.2807567,0.016948834,0.21833062,0.016924125452836353,-0.09469192971785863,-0.008817336211601893,0.021536285678545635,0.016924125452836353,-0.09469192971785863,-0.008817336211601893,0.021536285678545635
2023,5,PHI,0.15871616,0.293543,-0.01078047,-0.016779732,0.059659743681550026,-0.016436291858553886,0.0635761758312583,0.02038942277431488,0.059659743681550026,-0.016436291858553886,0.0635761758312583,0.02038942277431488
2023,6,PHI,-0.1288671,-0.18888113,0.03222313,-0.09853072,0.13293527252972126,0.02968719508498907,0.15964602027088404,0.07121778978034854,0.07947102636098861,-0.016504979878664016,0.10956954285502433,0.014155444130301476
2023,7,PHI,0.14664984,0.16826586,0.12015274,-0.15968424,0.0758108552545309,-0.015358966775238514,0.11292269639670849,0.03630044171586633,0.04474800452589989,-0.030175936097900074,0.05982776420811812,0.017166725359857082
2023,8,PHI,0.2633998,0.72094405,-0.74801373,0.048387527,0.09109137207269669,-0.014166017062962055,0.13842111453413963,0.03963605919852853,0.059305409235613685,-0.04867712248648916,0.07531892135739326,0.031879013404250145
2023,9,PHI,0.24160376,0.3900753,0.049140673,0.1407489,0.10997467488050461,-0.056651790626347065,0.24846794828772545,-0.15160458302125335,0.08481720928102732,-0.036544041242450476,0.15602206205949187,-0.06560758012346923
2023,11,PHI,-0.017405175,-0.13556981,0.13672261,-0.09142515,0.13069657608866692,-0.01726963184773922,0.27260101959109306,-0.13662429712712765,0.1318159243091941,0.006208781618624926,0.21612351993098855,-0.032703253673389554
2023,12,PHI,0.060394857,0.12075033,-0.030138373,0.1365429,0.15856205858290195,-0.0154932402074337,0.2859288491308689,-0.11049942765384912,0.11718645691871643,-0.015426103491336107,0.1994257727637887,-0.0370994929689914
2023,13,PHI,0.077625595,0.13695548,-0.19164084,0.5313779,0.1369983134791255,0.05856354534626007,0.2740499656647444,-0.148072206415236,0.11404484277591109,0.022198764141649008,0.206235540099442,-0.054218073608353734
2023,14,PHI,-0.20233186,-0.14875132,-0.27154002,0.061423045,0.09055475983768702,0.179311141371727,0.1280528251081705,-0.008978982456028461,0.10026471735909581,0.06132967537268996,0.18826038669794798,-0.0802917827386409
2023,15,PHI,0.11432601,0.16027042,0.061202794,0.1206758,-0.020429144613444805,0.15947967674583197,-0.0066538285464048386,-0.08914915472269058,0.055133715737611055,0.07110502244904637,0.1329735955223441,-0.11288672592490911
2023,16,PHI,0.09491484,0.09833762,0.090454854,-0.052467074,0.012503650970757008,0.21250491496175528,0.06730622984468937,-0.10802910849452019,0.08553285477682948,0.09850583737716079,0.17661753948777914,-0.10926426807418466
2023,17,PHI,0.23130909,0.5224773,-0.07199118,0.2823392,0.021133646368980408,0.1652524210512638,0.06170305237174034,-0.07788080163300037,0.07906597992405295,0.11190798319876194,0.16787650901824236,-0.11297650402411819
2023,18,PHI,-0.2821364,-0.49984768,0.14339013,0.07189631,0.05955451913177967,0.10299273952841759,0.15808351337909698,-0.047968387603759766,0.07505463948473334,0.1411519404500723,0.14306816924363375,-0.028473685029894114
2024,1,PHI,0.059406273,0.36223274,-0.28668115,0.13103002,0.03960338048636913,0.10561105515807867,0.07030942291021347,0.055764149874448776,0.009587117936462164,0.13254536595195532,0.031827797181904316,-0.016692502424120903
2024,2,PHI,0.0847737,0.1410312,0.01999232,0.15921898,0.025873446837067604,0.10819961037486792,0.12080000340938568,-0.031206835061311722,0.019188548903912306,0.1603522626683116,0.09405311662703753,-0.06961797177791595
2024,3,PHI,0.012305472,-0.06666927,0.17743446,-0.20246732,0.023338161408901215,0.16112112440168858,0.13147339969873428,-0.04882246861234307,0.02223590388894081,0.1631867727264762,0.09658822603523731,-0.06335163512267172
2024,4,PHI,-0.07759232,-0.2614785,0.31061184,0.24076936,-0.03141274210065603,0.039919497445225716,-0.015813250094652176,0.013533941935747862,0.014070888515561819,0.07145611848682165,0.0711351316422224,-0.017217222834005952
2024,6,PHI,0.17127573,0.27475837,0.08719609,-0.07390009,0.01972328033298254,0.08213775977492332,0.04377904161810875,0.05533936945721507,0.029663330409675837,0.093874407466501,0.05704423226416111,0.055551759665831923
2024,7,PHI,0.14429827,0.06842008,0.18585064,-0.41909307,0.047690645791590214,0.030905231833457947,0.021910447627305984,0.1488086781464517,0.03678204631432891,0.06955242110416293,0.07135522551834583,0.058800921542569995
2024,8,PHI,0.334626,0.6701229,0.13156207,-0.0009322459,0.06257178913801908,-0.11367278173565865,0.0037576667964458466,0.19027325697243214,0.04295497527346015,0.023724171333014965,0.06761553324759007,0.07072539418004453
2024,9,PHI,-0.013051178,0.20291686,-0.2074224,-0.1427179,0.14315191842615604,-0.0632890126289567,0.18795571476221085,0.17880515940487385,0.055869588162750006,-0.011684757591865491,0.08607123233377934,0.09616955067031085
2024,10,PHI,-0.029198295,-0.036648132,-0.021967573,-0.64631516,0.15928720403462648,-0.15916082622425165,0.3040545582771301,0.04929659701883793,0.08950524218380451,-0.03851153322466416,0.17391679994761944,0.0523179832380265
2024,11,PHI,0.18555565,0.089117214,0.28199407,-0.059445035,0.10916869668290019,-0.3022645934106549,0.2262029331177473,0.022005681414157152,0.0784296712372452,-0.1356796807885985,0.12405669037252665,0.08540717978030443
2024,12,PHI,0.31680378,0.32263616,0.31242958,0.026407283,0.11948304204270244,-0.21235258398519363,0.23137721605598927,0.0460415412671864,0.09102741559036076,-0.16301268286042614,0.11756744142621756,0.11815739911980927
2024,13,PHI,0.042686243,-0.06980303,0.12614602,0.019559529,0.11502749053761363,-0.2055177018046379,0.14450552500784397,0.0912584182806313,0.12908970448188484,-0.1344033572167973,0.1662306198850274,0.13503178884275258
2024,14,PHI,0.12576234,0.033340946,0.22148451,0.008829791,0.12896184576675296,-0.16494834516197443,0.0763255525380373,0.17465052427724004,0.14412452490068972,-0.16205458569311304,0.1901900554075837,0.11197356064803898
2024,15,PHI,0.15365194,0.3690556,-0.07921687,-0.3002454,0.1677020052447915,-0.0011621080338954926,0.09382282197475433,0.23551354557275772,0.13843535096384585,-0.1517133507222752,0.16001287754625082,0.12875961349345744
2024,16,PHI,0.12139466,0.14567511,0.092829406,-0.04160717,0.15972607675939798,-0.061362200416624546,0.16380741819739342,0.14521081000566483,0.1396045594010502,-0.1368573922009091,0.19759231712669134,0.09562617563642561
2024,17,PHI,0.29158854,0.6768445,0.0848659,-0.27955434,0.11087379511445761,-0.07836581394076347,0.1195671558380127,0.09031076729297638,0.11295064282603562,-0.1419417578727007,0.13203634042292833,0.09078459278680384
2024,18,PHI,-0.040409166,0.1748076,-0.42600584,-0.118744105,0.17309937067329884,-0.1531442804262042,0.30622903257608414,0.07999073714017868,0.1510306082200259,-0.15904631279408932,0.19127729255706072,0.12732063070870936
2025,1,PHI,0.16045016,0.24953473,0.047381278,0.10413216,0.13155649323016405,-0.1850377544760704,0.34159569442272186,-0.08188185095787048,0.14962924923747778,-0.09309993125498295,0.2177092581987381,0.07681584730744362
2025,2,PHI,0.015774177,-0.22130193,0.20839852,-0.106994,0.13325604889541864,-0.08394336327910423,0.3117154762148857,-0.05023231450468302,0.1464910628274083,-0.07265278184786439,0.23776144720613956,0.047489247750490904
2025,3,PHI,0.011345437,-0.013572359,0.04968051,0.0020795942,0.10685092909261584,-0.10029007121920586,0.2199712172150612,-0.02134003583341837,0.10886236210353673,-0.08932794257998466,0.16976918652653694,0.034485365729779005
2025,4,PHI,-0.07388662,0.07253912,-0.24200505,-0.116422355,0.036790152080357075,-0.029881588357966393,0.047367007937282324,-0.03013638313859701,0.10494476137682796,-0.0915129343920853,0.17679802025668323,0.024927177000790834
2025,5,PHI,0.020556184,0.051604822,-0.13468699,0.046412215,0.028420789167284966,-0.029301150876563042,0.021799889858812094,0.015863814391195774,0.07998864119872451,-0.10716945267631672,0.18169779214076698,-0.033009018283337355
2025,6,PHI,-0.066168524,-0.056217507,-0.08772907,0.29595715,-0.006552705075591803,-0.043731137353461236,-0.02768258610740304,-0.02965325303375721,0.06335167190991342,-0.06383725031628273,0.14201644505374134,-0.039942783769220114
2025,7,PHI,0.2545117,0.72717977,-0.27980867,-0.088495225,-0.02703838050365448,0.05700665042968467,0.013588519301265478,-0.10368514992296696,0.03990627429448068,-0.021641710394760594,0.11677986825816333,-0.06251259287819266
2025,8,PHI,0.4715571,0.4499496,0.49476516,0.061180256,0.03375318879261613,0.03436294570565224,0.19877655059099197,-0.1860574446618557,0.0352716704364866,0.002240678673842922,0.12307177926413715,-0.10809691390022635
2025,10,PHI,-0.069291405,0.29943168,-0.4044942,-0.15282585,0.17011412093415856,0.07876359857618809,0.29312916845083237,-0.0018648914992809296,0.09926745505072176,0.024731223849812523,0.15746452915482223,0.006999461445957422
2025,11,PHI,-0.19118156,-0.23464312,-0.15124393,-0.40076452,0.14765222370624542,0.02895408309996128,0.3550858832895756,-0.06931669265031815,0.07054975931532681,-0.0073885271267499775,0.16370164859108627,-0.04948497284203768
2025,12,PHI,0.0031687722,0.04936344,-0.13252804,-0.024016537,0.11639896593987942,-0.14522633515298367,0.3104794807732105,-0.08519540727138519,0.04468029271811247,-0.0441098423616495,0.162034000037238,-0.09444027859717607
2025,13,PHI,-0.05642719,0.040092815,-0.25514483,0.042160287,0.05356323049636558,-0.12910666316747665,0.14102539978921413,-0.04837524890899658,0.04365820964449085,-0.04737185873091221,0.16990097519010305,-0.11721634678542614
2025,14,PHI,-0.27643982,-0.4014641,-0.020955486,-0.2472027,-0.07843284419504926,-0.13386165536940098,0.0385612053796649,-0.23585274815559387,0.045840638369554654,-0.027549028396606445,0.16584518691524863,-0.1188588198274374
2025,15,PHI,0.27447757,1.0606592,-0.14481932,-0.41019967,-0.1302199467900209,-0.15745586715638638,-0.1366627411916852,-0.13996807066723704,0.008716138458112255,-0.06425089202821255,0.10921157104894519,-0.1046423816587776
2025,16,PHI,0.357787,0.39046758,0.31110048,-0.06908934,-0.013805165130179375,-0.1598146539181471,0.18716283049434423,-0.13836191920563579,0.05129690040485002,-0.15252049453556538,0.24882115563377738,-0.11177866323851049
2025,17,PHI,-0.119592786,-0.09585824,-0.14827202,-0.06245562,0.07484939508140087,-0.17108285427093506,0.2724388660863042,-0.027454789262264967,0.06420631278888322,-0.15009475871920586,0.20673213293775916,-0.037915019085630774
2025,18,PHI,-0.08659827,-0.15481137,0.08772409,0.12710726,0.059057995676994324,-0.1972368312999606,0.23845110274851322,-0.0007365862838923931,-0.009687424259027466,-0.1655492433346808,0.13850615406408906,-0.11829466721974313
2023,1,PIT,-0.29538822,-0.32986447,-0.09236148,0.12767543,,,,,,,,
2023,2,PIT,-0.39196584,-0.42039472,-0.3440855,-0.22076736,,,,,,,,
2023,3,PIT,0.039109185,0.2859098,-0.23322251,-0.112181745,-0.34367702901363373,-0.04654596745967865,-0.3751295953989029,-0.21822349727153778,-0.34367702901363373,-0.04654596745967865,-0.3751295953989029,-0.21822349727153778
2023,4,PIT,-0.24852087,-0.33578682,-0.12125799,0.1496889,-0.21608162422974905,-0.06842456012964249,-0.15478312969207764,-0.22322316964467367,-0.21608162422974905,-0.06842456012964249,-0.15478312969207764,-0.22322316964467367
2023,5,PIT,-0.028253054,0.07125823,-0.18166625,-0.23216765,-0.22419143468141556,-0.013896195217967033,-0.20003405213356018,-0.1977318748831749,-0.22419143468141556,-0.013896195217967033,-0.20003405213356018,-0.1977318748831749
2023,7,PIT,0.025442587,-0.0078343125,0.064043775,-0.04146677,-0.1574076428078115,-0.10385696403682232,-0.09975337609648705,-0.22005806863307953,-0.18500375859439372,-0.05755048543214798,-0.14577559530735015,-0.1945187509059906
2023,8,PIT,-0.19324183,-0.1918216,-0.19851686,-0.07289862,-0.053055536933243275,-0.05903181526809931,0.003386725438758731,-0.11802574619650841,-0.14992936762670675,-0.054869865998625755,-0.12278538150712848,-0.15142499655485153
2023,9,PIT,0.16644189,0.18714282,0.14217182,0.03561017,-0.11114329192787409,-0.04921103361994028,-0.11604612623341382,-0.1093493327498436,-0.15611686291439192,-0.05744540212409837,-0.13264769914426974,-0.15815240570477077
2023,10,PIT,0.06396571,-0.06072811,0.17084612,0.060771808,-0.007402603514492512,-0.07773071620613337,0.014686283422634006,-0.04349188134074211,-0.11579701909795403,-0.0458134557120502,-0.09267388435546309,-0.1206118781119585
2023,11,PIT,-0.12306797,-0.36074042,0.22827393,-0.14715125,0.015652087051421404,-0.004495852626860142,-0.01831030216999352,0.044636212289333344,-0.07087777787819505,-0.05417640833184123,-0.05903183913324028,-0.08771092817187309
2023,12,PIT,0.06222908,0.26956415,-0.23396388,-0.214422,-0.021475551649928093,-0.03091697208583355,-0.10653682984411716,0.08569375053048134,-0.037265544291585684,-0.04497439367696643,-0.05157505220267922,-0.016165997833013535
2023,13,PIT,-0.08734067,0.28378507,-0.48406127,0.07582144,0.04239217657595873,-0.06629781797528267,0.008809609338641167,0.07683199644088745,-0.03437555767595768,-0.057754425797611475,-0.053618258447386324,-0.016258668154478073
2023,14,PIT,-0.24123234,-0.2731224,-0.17745219,-0.09522749,-0.02105346228927374,-0.056245001032948494,0.03297017328441143,-0.07972627505660057,-0.014228032901883125,-0.06698785861954093,0.023828228353522718,-0.06160907819867134
2023,15,PIT,-0.36178845,-0.34675553,-0.3830851,0.10618993,-0.09735297318547964,-0.09524482488632202,-0.02012839913368225,-0.1668008528649807,-0.04085044306702912,-0.04987033875659108,-0.019219350651837885,-0.06108232028782368
2023,16,PIT,0.20821056,0.3313815,0.08079233,-0.1931949,-0.15703309420496225,-0.031909530982375145,-0.01663217693567276,-0.3196406103670597,-0.08925432292744517,-0.03141325153410435,-0.06158450338989496,-0.11697342991828918
2023,17,PIT,0.26928362,0.37607634,0.20375171,0.12261409,-0.12053772434592247,-0.02660275436937809,-0.0011778399348258972,-0.24095155857503414,-0.03907277388498187,-0.04645028617233038,0.0038158847019076347,-0.08205978106707335
2023,18,PIT,-0.06786419,-0.10461774,-0.045618623,-0.28679344,-0.031381651759147644,-0.01490459032356739,0.021894976496696472,-0.06899831257760525,-0.02621755702421069,-0.03557479567825794,0.02743257489055395,-0.07436229381710291
2024,1,PIT,-0.12069195,-0.0344022,-0.19739394,-0.31973237,0.011960385367274284,-0.06279607862234116,0.0640211421996355,-0.0360399205237627,-0.04269629390910268,-0.07902045175433159,0.021946371532976627,-0.1014203866943717
2024,2,PIT,-0.07689965,0.14675112,-0.3005504,-0.23951201,0.07223451137542725,-0.16927665285766125,0.1421094760298729,0.010382870212197304,-0.042399291414767504,-0.1005930919200182,0.06273864954710007,-0.1546288700774312
2024,3,PIT,0.11179533,0.21984172,-0.02605698,-0.18929164,0.0009569600224494934,-0.18085593171417713,0.0959518812596798,-0.08495281264185905,-0.05979038216173649,-0.10372934304177761,0.04738702066242695,-0.1629521856084466
2024,4,PIT,-0.013568862,0.10701846,-0.21300174,0.14582376,-0.03841511346399784,-0.2588323652744293,0.05689322575926781,-0.14240498607978225,-0.03489838261157274,-0.13686847779899836,0.03939410112798214,-0.10570164932869375
2024,5,PIT,0.062874265,-0.02872708,0.17561439,0.13456789,-0.024841282283887267,-0.15067806467413902,0.10980227589607239,-0.1842507659457624,-0.006440448458306491,-0.10673707164824009,0.08691170904785395,-0.11014534323476255
2024,6,PIT,0.066002734,0.14903308,-0.030866016,-0.26215175,0.021050270879641175,-0.03710300102829933,0.11122105550020933,-0.09099868452176452,0.04664239112753421,-0.10318982694298029,0.1266652657650411,-0.040307907154783607
2024,7,PIT,0.16868919,0.28659362,0.057522174,-0.038210433,0.056775866309180856,-0.042762935161590576,0.11179154645651579,-0.0235775881446898,0.028866413165815175,-0.11180943343788385,0.10387171385809779,-0.054265200393274426
2024,8,PIT,0.041111093,0.057995863,0.022537835,-0.0051277014,0.07099933200515807,-0.004992633126676083,0.1284795207902789,-0.0026827994734048843,0.016292109270580113,-0.1319124992005527,0.09268637327477336,-0.07254389277659357
2024,10,PIT,0.012561316,0.25240633,-0.20329921,-0.07925662,0.08466932084411383,-0.042730498942546546,0.11622387077659369,0.05620209500193596,0.02991401928011328,-0.09670428180834278,0.11301307333633304,-0.06402433547191322
2024,11,PIT,-0.26912197,-0.28446335,-0.24959663,-0.13279782,0.07209108350798488,-0.0961866247234866,0.18650722317397594,-0.03852630406618118,0.046570677193813026,-0.06664481287589297,0.14886413933709264,-0.06476249429397285
2024,12,PIT,-0.008749247,0.26631466,-0.30881897,-0.007282954,-0.011690093670040369,-0.06384814332704991,0.0781331155449152,-0.09320895653218031,0.022542886319570243,-0.053305539244320244,0.0949623310007155,-0.058393272338435054
2024,13,PIT,0.3124156,0.42794076,0.0964337,0.0777792,-0.056049703154712915,-0.05611627362668514,0.07306337542831898,-0.1847942415624857,0.007474814425222576,-0.030554453376680613,0.10077144810929894,-0.09373852051794529
2024,14,PIT,-0.10192382,0.032031793,-0.2316933,-0.15459059,0.011776423547416925,-0.035389547352679074,0.165549598634243,-0.16632027551531792,0.048222872195765376,-0.03906002314761281,0.14088673470541835,-0.05505909025669098
2024,15,PIT,-0.3002454,-0.20481339,-0.4612869,0.15365194,-0.016844861209392548,-0.05422304116655141,0.11045596469193697,-0.1734187975525856,0.027623111149296165,-0.075204832945019,0.14848159393295646,-0.10597255080938339
2024,16,PIT,-0.17896076,-0.27833623,-0.011829278,0.17810178,-0.024625718593597412,0.017389398883096874,0.13036845345050097,-0.2263413667678833,-0.01815790613181889,-0.02322937222197652,0.10425078449770808,-0.1597751616500318
2024,17,PIT,-0.1365666,-0.22744846,0.034710776,0.25826338,-0.06717859581112862,0.06373558193445206,-0.0057942671701312065,-0.15209394483827055,-0.061614149482920766,0.003809654153883457,0.033634554129093885,-0.16844409320037812
2024,18,PIT,-0.122274294,-0.047810953,-0.26410925,-0.01372088,-0.17942414432764053,0.10885662585496902,-0.16964157205075026,-0.16752467560581863,-0.0838238603901118,0.036733539251144975,-0.002045986708253622,-0.16692247556056827
2025,1,PIT,0.2003047,0.3387146,-0.06194564,0.21197511,-0.18451176211237907,0.14407405373640358,-0.18960225861519575,-0.17562866467051208,-0.10067831166088581,0.04492550628492609,-0.03957314696162939,-0.17452373111154884
2025,2,PIT,-0.172746,-0.18245852,-0.15234968,0.062347624,-0.059374235570430756,0.1586548474151641,-0.053720260970294476,-0.07579334895126522,-0.041999977082014084,0.0880221231491305,0.038324096240103245,-0.15106735785957426
2025,3,PIT,0.04846549,0.19125621,-0.11217406,-0.10999026,-0.05782054737210274,0.12971630902029574,-0.029750834219157696,-0.1109234495088458,-0.06249957159161568,0.0967259454773739,-0.01777255069464445,-0.13150869717355818
2025,4,PIT,0.1987204,0.2394407,0.15956627,0.03565085,-0.011562526226043701,0.037652898812666535,0.07492533419281244,-0.14764465764164925,-0.09549333527684212,0.07325476233381778,-0.047358118928968906,-0.15758466662373394
2025,6,PIT,0.11001164,0.29616877,-0.12082322,-0.11829913,0.06868614628911018,0.049995831213891506,0.14673824608325958,-0.041725777089595795,-0.057912807911634445,0.09703494247514755,-0.021432006265968084,-0.10867722088005394
2025,7,PIT,0.3082461,0.35183087,0.22761428,0.31523204,0.04611288011074066,-0.03257272858172655,0.13610178977251053,-0.05644517205655575,-0.006630677729845047,0.06304105941671878,0.041190764401108027,-0.06611926050391048
2025,8,PIT,-0.1146295,-0.13268633,-0.06948745,0.32949492,0.16636090725660324,0.030648374930024147,0.2696741372346878,0.038545818999409676,0.05427017994225025,0.08018234197515994,0.11996165150776505,-0.036188815254718065
2025,9,PIT,-0.097708374,-0.07913998,-0.13307674,-0.106019996,0.12558715976774693,0.1405196711421013,0.1886885017156601,0.04921746999025345,0.05701231677085161,0.08908628497738391,0.13180691795423627,-0.0492135938256979
2025,10,PIT,-0.37294954,-0.49904653,-0.11333799,-0.11164817,0.051479967311024666,0.10510195977985859,0.10904333367943764,-0.023943282663822174,0.060083056800067425,0.07754889549687505,0.1278907898813486,-0.032834529876708984
2025,11,PIT,0.18347394,0.33119226,-0.032422066,-0.18438691,-0.06926032714545727,0.10676469840109348,-0.08976049348711967,-0.022071976214647293,-0.011573723517358303,0.037095984909683466,0.023170648142695427,-0.03925857413560152
2025,12,PIT,0.048218843,-0.06397808,0.16682702,0.011751019,-0.10045336745679379,-0.01814003847539425,-0.09492014721035957,-0.08708106353878975,0.03295376989990473,0.006254168227314949,0.08737699501216412,-0.024267622269690037
2025,13,PIT,-0.4242491,-0.47469062,-0.3541915,0.10006493,-0.059741281904280186,-0.09757601446472108,-0.07774308510124683,-0.02800244465470314,0.03292293893173337,0.021471828338690102,0.05547270830720663,0.010607512667775154
2025,14,PIT,0.24276742,0.301959,0.10070762,0.024042958,-0.1413764664903283,-0.046054782113060355,-0.1766307447105646,-0.08328113704919815,-0.04494824958965182,0.029523588833399117,-0.03379370551556349,-0.05361220985651016
2025,15,PIT,0.20847796,0.36641866,0.059827883,-0.040278737,0.012552774511277676,-0.012131999479606748,0.023620640859007835,-0.029769733548164368,-0.028353776317089796,0.04731634946074337,-0.03306992631405592,-0.02592085488140583
2025,16,PIT,0.15111448,0.027121982,0.3941398,0.049338512,0.01880377810448408,0.023895043646916747,0.032427242025732994,-0.0067072464153170586,-0.04082479467615485,0.002877502585761249,-0.03124645259231329,-0.046894154977053404
2025,17,PIT,-0.21981137,-0.33576125,-0.013118039,-0.20642807,0.04452768713235855,0.03329191682860255,0.05520225828513503,0.0501209469512105,-0.007606797385960817,-0.032142048818059266,-0.011270413408055902,0.01105925114825368
2025,18,PIT,0.051401243,0.17166013,-0.2204884,0.14020942,0.09563712403178215,-0.043331332970410585,0.08993460005149245,0.1353893151972443,-0.02286967122927308,-0.04469305754173547,-0.04334807232953608,0.026054089074023068
2023,1,SEA,-0.037635528,-0.03256799,-0.047472525,0.2537183,,,,,,,,
2023,2,SEA,0.21844436,0.27143002,0.10283928,-0.032615345,,,,,,,,
2023,3,SEA,0.18198666,0.15240704,0.22241214,0.08607588,0.09040441736578941,0.11055147089064121,0.11943101324141026,0.027683379128575325,0.09040441736578941,0.11055147089064121,0.11943101324141026,0.027683379128575325
2023,4,SEA,-0.15641178,-0.2225122,-0.07103206,-0.45957112,0.12093183149894078,0.1023929404715697,0.13042302057147026,0.09259296581149101,0.12093183149894078,0.1023929404715697,0.13042302057147026,0.09259296581149101
2023,6,SEA,-0.07002833,-0.06669987,-0.077744305,-0.0878931,0.05159592814743519,-0.038098075427114964,0.04218921530991793,0.05168670881539583,0.05159592814743519,-0.038098075427114964,0.04218921530991793,0.05168670881539583
2023,7,SEA,0.006653245,0.3636501,-0.35034364,-0.21915579,0.04349772818386555,-0.12350092176347971,0.03365624509751797,0.044118763878941536,0.027271077036857605,-0.048057080060243604,0.020411398261785507,0.025800506025552748
2023,8,SEA,0.06475708,0.04814305,0.10287161,-0.018990245,-0.00945005111861974,-0.17013603262603283,0.05671126954257488,-0.06917696818709373,0.023834771709516644,-0.07657353145380814,0.07761785077552001,-0.036890185748537384
2023,9,SEA,-0.44761255,-0.40964356,-0.53982294,0.19545221,-0.038757446338422596,-0.19640256371349096,0.030645273625850677,-0.09906210005283356,0.029680815591875995,-0.06834734763417925,0.07340716517397336,-0.01692421468240874
2023,10,SEA,0.12284446,0.16587947,0.029888818,0.109156124,-0.11155763932038099,-0.03264672961086035,-0.016137566417455673,-0.21625981852412224,-0.0299808555864729,-0.035372402518987656,0.013025824446231127,-0.0822865548543632
2023,11,SEA,-0.043999113,-0.026874537,-0.07824825,-0.070478976,-0.06333944306243211,0.01661557611078024,0.04200726933777332,-0.1893515377305448,-0.009920857439283282,-0.053442672826349735,0.037831757217645645,-0.07261638692580163
2023,12,SEA,-0.27097982,-0.30454698,-0.20561223,0.12827522,-0.07600253261625767,0.05378477927297354,-0.05562389316037297,-0.12132768845185637,-0.042726291867438704,-0.058175626676529646,0.000543688191100955,-0.09525232831947505
2023,13,SEA,0.25497952,0.48600936,-0.2620872,0.24143304,-0.15993675775825977,0.09060114435851574,-0.14379640156403184,-0.19844864821061492,-0.09934710204834118,-0.05290070967748761,-0.05657556396909058,-0.14875537413172424
2023,14,SEA,-0.034029946,0.056152865,-0.25683454,0.23691404,0.015711260959506035,0.10209635086357594,0.08011682843789458,-0.12901471322402358,-0.047923189180437475,0.034724810626357794,0.031989631010219455,-0.1726372658740729
2023,15,SEA,0.1206758,0.1935779,0.0033984962,0.11432601,-0.023507339879870415,0.13403582945466042,0.052685176488012075,-0.20069555193185806,-0.04342339147115126,0.07532570278272033,0.0473462229128927,-0.19502354483120143
2023,16,SEA,0.18478686,0.3329817,-0.15060149,0.13611348,0.017661388963460922,0.18023707531392574,0.10779828578233719,-0.18028386600781232,-0.029170571826398373,0.11701092729344964,0.026087196310982108,-0.15080577722983435
2023,17,SEA,0.12261409,0.21565032,-0.16424765,0.26928362,0.13160305842757225,0.18219664134085178,0.2671804577112198,-0.16653118201065809,-0.014166849665343761,0.13639889284968376,0.061692028073593974,-0.1824899151106365
2023,18,SEA,0.11981156,0.2095941,-0.0051032566,0.2139316,0.09851170144975185,0.18915928713977337,0.19959069788455963,-0.1420712947146967,0.057111481204628944,0.14562781900167465,0.1398537631612271,-0.13554300396936014
2024,1,SEA,-0.06640217,-0.055301085,-0.07980003,-0.3110773,0.136972077190876,0.1834136787801981,0.23795100674033165,-0.07913847465533763,0.056732368655502796,0.15872475411742926,0.14531809161417186,-0.13991701329359785
2024,2,SEA,0.061817862,0.23785283,-0.46628702,0.049915016,0.09020258486270905,0.07706285268068314,0.17573126032948494,-0.09993810672312975,0.053931986913084984,0.12864996399730444,0.14176477305591106,-0.14011098636547104
2024,3,SEA,-0.053274702,-0.035259604,-0.081798606,-0.41092438,0.05946033634245396,0.05551323667168617,0.15194904059171677,-0.17885948810726404,0.0955316973850131,0.11885493900626898,0.20956474915146828,-0.17269533505896106
2024,4,SEA,0.12377862,0.08299646,0.298902,0.40925553,0.015488137491047382,-0.1145387627184391,0.08922155946493149,-0.15824722778052092,0.05699991947039962,0.03731026221066713,0.14440612867474556,-0.1501592612476088
2024,5,SEA,-0.09542316,-0.10768439,-0.006091305,0.013006963,0.016479902900755405,-0.06570778042078018,0.057572148740291595,-0.08224591240286827,0.0767259900458157,0.05885294917970896,0.14776157774031162,-0.08069219352910295
2024,6,SEA,0.0070266756,0.07021823,-0.17306927,0.29529804,0.00922465417534113,0.01531328447163105,0.04447632282972336,-0.06381873064674437,0.04971361951902509,0.04618806857615709,0.11010379157960415,-0.08187841868493706
2024,7,SEA,0.17774087,0.3718919,-0.11348566,-0.09490625,-0.004473142442293465,0.07665904052555561,0.0025676731020212173,0.009485706454142928,0.027493596950080246,0.06608613859862089,0.07725835684686899,-0.08468689082656056
2024,8,SEA,-0.20573199,0.019992288,-0.7861658,0.27409112,0.05328075110446662,0.15566357225179672,0.10435554571449757,0.0015639436896890402,0.034384444297757,0.02056240476667881,0.09678855258971453,-0.07834164204541594
2024,9,SEA,-0.22146218,-0.074622,-0.44882762,0.008651186,-0.02909690060187131,0.12187246978282928,0.08860450331121683,-0.26970300101675093,-0.006308498850557953,0.02808234468102455,0.07308832602575421,-0.1759744567098096
2024,11,SEA,0.0071357847,0.1133484,-0.19011618,0.021645276,-0.060606653918512166,0.12078352551907301,0.09687010105699301,-0.38038708083331585,-0.025690999871585518,0.06804840499535203,0.07067321194335818,-0.2221029057400301
2024,12,SEA,-0.066853896,0.056658868,-0.27628857,-0.22136506,-0.060579376644454896,0.05237033450976014,0.10765264462679625,-0.384648809209466,-0.03252625954337418,0.06451468751765788,0.05511015886440873,-0.18758155137766153
2024,13,SEA,0.10329517,0.12528123,0.06848391,-0.23424792,-0.12172806856688112,0.02075563045218587,0.02884439006447792,-0.42534953728318214,-0.03422365873120725,0.0882096013519913,0.06659996788948774,-0.21189279679674655
2024,14,SEA,0.1254799,0.21295089,0.040742382,-0.10125965,-0.044471279135905206,-0.10632913140580058,0.055166625417768955,-0.21168711595237255,-0.03678408986888826,0.007771669188514352,0.0718855643644929,-0.24069505848456174
2024,15,SEA,-0.341293,-0.45258272,-0.014843277,0.11860933,0.04226424137596041,-0.13380684005096555,0.12705984618514776,-0.08929461427032948,-0.009171206271275878,-0.006511657265946269,0.11196497362107038,-0.23484084755182266
2024,16,SEA,0.045607433,0.069704585,-0.026684001,0.11122555,-0.044842956587672234,-0.10956582613289356,-0.01442293357104063,-0.04547638795338571,-0.052711166616063565,-0.02859774581156671,0.04661485552787781,-0.21506259858142585
2024,17,SEA,-0.1795682,-0.2278521,-0.1207878,-0.2169012,-0.016727624461054802,-0.02641817182302475,-0.011161504313349724,0.016924754017964005,-0.06922784651396796,-0.0028312706854194403,0.008841442875564098,-0.20421239163260907
2024,18,SEA,0.2462866,0.32796204,0.1441923,0.024095882,-0.08744346722960472,-0.022081490606069565,-0.09944483824074268,-0.03039317368529737,-0.06595737318275496,-0.06420531100593507,-0.022139106411486864,-0.12104014481883496
2025,1,SEA,-0.17817365,-0.22484075,-0.12963983,0.12530006,-0.05724179372191429,0.009257392026484013,-0.07069204933941364,-0.004530695965513587,-0.007488776172976941,-0.06227472401224077,0.02818389842286706,-0.04691265511792153
2025,2,SEA,0.062347624,0.059840426,0.06546,-0.172746,-0.01646195352077484,0.01093007531017065,-0.013756556436419487,-0.03322983533143997,-0.030652455054223537,-0.049317875411361456,-0.014089745003730059,-0.03935311164241284
2025,3,SEA,0.112024955,0.7654292,-0.28001758,-0.10929227,-0.012276905588805676,-0.06006281357258558,-0.016222596168518066,-0.010193835943937302,-0.014502265024930239,-0.043240492697805166,-0.013692050240933895,0.003365459037013352
2025,4,SEA,0.10647301,0.4652201,-0.23117131,-0.060240176,0.06062138359993696,-0.03316058125346899,0.23209773004055023,-0.05000128224492073,-0.01341104181483388,-0.027621035929769278,0.06632644589990377,-0.04019722796510905
2025,5,SEA,0.3444375,0.5996958,-0.12961361,0.4008281,0.02566798496991396,-0.05424459557980299,0.26641224324703217,-0.1438421830534935,-0.015786904376000166,-0.02249360177665949,0.09786009695380926,-0.07418643950950354
2025,6,SEA,0.020928413,0.37638527,-0.4272563,-0.07165556,0.15632077399641275,0.014637411572039127,0.47254638001322746,-0.1438356265425682,0.06992941023781896,0.012783743441104889,0.229394911788404,-0.08853273093700409
2025,7,SEA,-0.21773493,-0.34737432,-0.063788176,-0.29777756,0.14596597105264664,0.03991002310067415,0.5516825914382935,-0.2670146971940994,0.06684453273192048,-0.010076395235955715,0.2677299976348877,-0.13860426656901836
2025,9,SEA,0.454613,0.89293504,-0.038499333,-0.055172987,0.06352599896490574,-0.007211300544440746,0.27348171174526215,-0.21295734494924545,0.06207369128242135,-0.02018594089895487,0.2527897208929062,-0.1314793135970831
2025,10,SEA,0.08774759,0.42258176,-0.031836018,-0.20929877,0.15056099742650986,-0.005944503471255302,0.38041044771671295,-0.16478935070335865,0.08811449119821191,-0.030094549525529146,0.32341134548187256,-0.15431576687842607
2025,11,SEA,-0.189935,-0.25277328,-0.10615064,-0.1940106,0.08638851717114449,-0.1584762204438448,0.3361319378018379,-0.14034495316445827,0.12135464558377862,-0.07191940443590283,0.4043391589075327,-0.14209028985351324
2025,12,SEA,0.27772254,0.3256058,0.20715775,-0.009621105,0.03367266431450844,-0.1890649814158678,0.17884229868650436,-0.06006854213774204,0.08981931768357754,-0.07457747915759683,0.3652624450623989,-0.16354161966592073
2025,13,SEA,-0.13779168,-0.23448275,-0.049388416,-0.6641846,0.15753703191876411,-0.11702586687169969,0.3470873311161995,0.007667938247323036,0.11053151544183493,-0.06211858370807022,0.3102845214307308,-0.10264470335096121
2025,14,SEA,0.11889175,0.32950285,-0.16462317,-0.29738218,0.009435862302780151,-0.26927876262925565,0.06523288413882256,0.004945667460560799,0.079998429864645,-0.13761163305025548,0.22282166592776775,-0.07992184162139893
2025,15,SEA,-0.052897453,0.08698338,-0.33265913,-0.050182626,0.017221903428435326,-0.29129961295984685,0.041963156312704086,-0.028251120820641518,0.051805210299789906,-0.22488791670184582,0.189047547057271,-0.0842980369925499
2025,16,SEA,0.033490915,-0.1278061,0.3420591,0.20208874,0.05148128978908062,-0.25534261926077306,0.12690232321619987,-0.0848782416433096,0.04257697705179453,-0.22220380033832043,0.15287231095135212,-0.07247339189052582
2025,17,SEA,-0.053588904,-0.27061275,0.1442858,-0.47411227,-0.009576615877449512,-0.20241515710949898,0.01354934647679329,-0.051152901723980904,0.0739802080206573,-0.15972051199059933,0.1803183387964964,-0.021742481738328934
2025,18,SEA,0.10921088,0.28606132,-0.057236582,-0.3589907,0.011474077589809895,-0.1548970825970173,0.0045168474316596985,-0.002734348177909851,0.010454969946295023,-0.21208792261313647,0.03487486578524113,0.0011056596413254738
2023,1,SF,0.12767543,0.26535165,-0.023324305,-0.29538822,,,,,,,,
2023,2,SF,0.13812661,0.1744252,0.10307971,-0.072123416,,,,,,,,
2023,3,SF,0.2054418,0.44065866,-0.06791828,-0.212733,0.13290102034807205,-0.18375581875443459,0.21988842636346817,0.03987770061939955,0.13290102034807205,-0.18375581875443459,0.21988842636346817,0.03987770061939955
2023,4,SF,0.52044,1.0378113,0.092270665,0.14176394,0.15708128114541373,-0.19341487934192023,0.29347850382328033,0.003945707653959592,0.15708128114541373,-0.19341487934192023,0.29347850382328033,0.003945707653959592
2023,5,SF,0.22101903,0.6550941,-0.10453726,-0.4466797,0.2479209564626217,-0.10962017439305782,0.479561697691679,0.02602694695815444,0.2479209564626217,-0.10962017439305782,0.479561697691679,0.02602694695815444
2023,6,SF,-0.14153269,-0.25329873,0.014939764,-0.1822171,0.27125685662031174,-0.14744304679334164,0.5769973061978817,0.005723707377910614,0.24254057109355925,-0.17703208178281785,0.5146681755781174,-8.589513599872589e-05
2023,7,SF,0.07834107,0.3028729,-0.29981783,0.16836084,0.20134203135967255,-0.1749664694070816,0.4700663238763809,-0.016311278333887458,0.17852836102247238,-0.17789625252286592,0.3866736913720767,0.0024183813172082105
2023,8,SF,-0.04252179,0.07794897,-0.2961444,0.2500563,0.16956684738397598,-0.0796930082142353,0.43561988323926926,-0.07428616634570062,0.16421589042459214,-0.1284309529832431,0.3747021492038454,-0.040758220345846245
2023,10,SF,0.2750903,0.3929903,0.135357,-0.35775843,0.028826404362916946,-0.052619919180870056,0.19565430656075478,-0.17138993158005178,0.13837368041276932,-0.08112004678696394,0.3376080021262169,-0.07268149231094867
2023,11,SF,0.2210983,0.58836627,-0.23092374,-0.04920628,0.04234422370791435,-0.03038959950208664,0.13012835755944252,-0.11141636385582387,0.15680054016411304,-0.08891632314771414,0.3535628318786621,-0.05284632823895663
2023,12,SF,0.12827522,0.04169467,0.22639984,-0.27097982,0.13300197198987007,0.0028631072491407394,0.34054460749030113,-0.17288224026560783,0.1671720016747713,-0.08605168107897043,0.405305465683341,-0.09459675929974765
2023,13,SF,0.5313779,0.74826443,0.2644407,0.077625595,0.1454855091869831,-0.10697205923497677,0.27525005117058754,-0.0413278229534626,0.15752617828547955,-0.09333253372460604,0.3554349672049284,-0.05780699464958161
2023,14,SF,0.23691404,0.2661245,0.19754346,-0.034029946,0.28896043449640274,-0.15007973462343216,0.4428289160132408,0.09881844744086266,0.15889341942965984,-0.10134982690215111,0.3192416112869978,-0.03628574206959456
2023,15,SF,0.43429983,0.6802579,0.15882675,0.01217334,0.27941636741161346,-0.06914761289954185,0.4111124649643898,0.11436505988240242,0.1608802955597639,-0.04976860620081425,0.27062041126191616,0.0014743480132892728
2023,16,SF,-0.16465242,-0.26354742,0.14366731,0.0950528,0.3327167481184006,-0.05380270816385746,0.434085376560688,0.21180268377065659,0.23285936005413532,-0.02546980045735836,0.3873149920254946,0.019460221752524376
2023,17,SF,0.24398635,0.39974636,0.1134847,-0.17101051,0.25948483869433403,0.037705447524785995,0.35777485370635986,0.19111955165863037,0.20248517394065857,-0.034633305855095387,0.3165124524384737,0.07489586435258389
2023,18,SF,0.14058773,0.19053215,0.08350837,0.1384466,0.18763694912195206,-0.024453578516840935,0.270645335316658,0.15338055603206158,0.2382986918091774,-0.08726665657013655,0.3567371256649494,0.12609950173646212
2024,1,SF,0.12386064,0.19788443,0.05189308,-0.04936343,0.16355537250638008,0.018665557727217674,0.2517472505569458,0.12487178482115269,0.22148586995899677,-0.02524102758616209,0.3314298577606678,0.11961842235177755
2024,2,SF,-0.076017,-0.023339266,-0.16516392,-0.04221357,0.08594557642936707,0.0032813651487231255,0.1311538778245449,0.09813836682587862,0.20933116227388382,-0.025260671507567167,0.28261962719261646,0.1549705252982676
2024,3,SF,0.2176928,0.4208987,-0.09437336,0.19496295,0.10810443200170994,-0.031035227701067924,0.19120591646060348,0.020930559374392033,0.18379463534802198,0.0033351099118590355,0.27449038508348167,0.1060250555165112
2024,4,SF,0.106100366,0.28846678,-0.08234497,-0.4321121,0.10153104551136494,0.06045813672244549,0.19649400329217315,-0.031033956445753574,0.1445839973166585,0.018002279102802277,0.23356966930441558,0.061173299793154
2024,5,SF,-0.07083729,0.04261561,-0.27307943,0.123573415,0.0929092038422823,-0.0821815375238657,0.220977661665529,-0.07249729242175817,0.1282322881743312,-0.03175798989832401,0.2363624561112374,0.026187246199697256
2024,6,SF,0.29529804,0.39138106,0.19301613,0.0070266756,0.04423472099006176,-0.03894732613116503,0.1821604580618441,-0.153740419074893,0.06509014870971441,-0.01783298049122095,0.1566571679431945,-0.02780102612450719
2024,7,SF,-0.14614014,-0.163653,-0.11111442,0.04096984,0.13706348091363907,-0.02663726464379579,0.28584053833037615,-0.06419540755450726,0.1225839564576745,-0.028836246172431856,0.2385232273954898,-0.02163242409005761
2024,8,SF,0.17434508,0.28842142,0.056811847,0.023263693,0.046105243265628815,-0.06513554148841649,0.1397026116028428,-0.0683806724846363,0.07381814438849688,-0.0023387023829855025,0.16809830744750798,-0.04970731446519494
2024,10,SF,0.28513542,0.48949546,-0.21441129,-0.0152624585,0.06316642090678215,0.04870840616058558,0.1396912718191743,-0.03359146788716316,0.07803781237453222,-0.01673656568164006,0.18033446674235165,-0.05304438015446067
2024,11,SF,0.021645276,0.11525163,-0.12063637,0.0071357847,0.15215959772467613,0.013999437796883285,0.25141123309731483,-0.01892443373799324,0.09819715935736895,-0.012473944167140871,0.21678584557957947,-0.08633242640644312
2024,12,SF,-0.4078597,-0.52426004,-0.17505907,0.107572705,0.08374640671536326,0.014026715070940554,0.1823788769543171,-0.09733755700290203,0.11040494381450117,-0.006305274786427617,0.23410970764234662,-0.08076648227870464
2024,13,SF,-0.21523903,-0.28704163,-0.15205279,0.34465536,0.01831651432439685,0.03067743091378361,0.09222711622714996,-0.11332371830940247,0.03221087879501283,-0.01722905528731644,0.11596486391499639,-0.09085219539701939
2024,14,SF,0.40700737,0.7295946,0.12474357,-0.15471043,-0.07907951297238469,0.11102534888777882,-0.0516386479139328,-0.16553987748920918,-0.00795654603280127,0.0798668775241822,0.044026311952620745,-0.09956567268818617
2024,15,SF,-0.2987003,-0.33127305,-0.2386979,-0.095589206,-0.048611525911837816,0.0761633567744866,0.00838613510131836,-0.08075116202235222,0.05177403590641916,0.04508139728568494,0.1298986840993166,-0.04983779788017273
2024,16,SF,0.080287114,0.13263193,-0.058272734,0.12072753,-0.12869792059063911,0.05048210918903351,-0.10324503481388092,-0.11026654578745365,-0.022475756937637925,0.03225441212998703,0.039566921070218086,-0.10380205139517784
2024,17,SF,0.3129366,0.4232776,-0.011190026,0.36774823,-0.006661213934421539,0.05377081595361233,0.060977958142757416,-0.08106996305286884,0.005827650194987655,0.04222412343369797,0.07660253718495369,-0.09719684068113565
2024,18,SF,-0.0005126225,0.04662107,-0.08752866,0.28439182,0.1253826953470707,0.0595440324395895,0.23855776339769363,-0.04585427208803594,0.023151591187343,0.08528469066368416,0.09345955774188042,-0.10569707478862256
2025,1,SF,0.12530006,0.41083413,-0.24946338,-0.17817365,0.023502698124502786,0.16931959427893162,0.06781438365578651,-0.09892233065329492,-0.012554413893667515,0.12274147552670911,0.03810025937855244,-0.08983674633782357
2025,2,SF,0.090516075,0.19679704,-0.11280406,-0.051837053,0.1295027900050627,0.14867348410189152,0.2533411793410778,-0.10161370015703142,0.0004024347072117962,0.09957779664546251,0.07504807226359844,-0.10594012297224253
2025,3,SF,-0.09109733,-0.018987633,-0.25808823,0.045186106,0.13206003043160308,0.10553233791142702,0.26938245818018913,-0.11524653225205839,0.06269940824859077,0.07965157693251967,0.16518020816147327,-0.09815824765246361
2025,4,SF,-0.054000452,0.002139136,-0.15895705,0.07139458,0.03105154629156459,0.0248918067663908,0.15881615318357944,-0.1769710835069418,0.07821712081931764,0.04221791960299015,0.19868695829063654,-0.11141267779748887
2025,5,SF,0.12671532,0.27933505,-0.11377641,0.09809136,0.017679588869214058,-0.028357503935694695,0.14769566984614357,-0.19482818059623241,0.02059114349685842,0.07048104517161846,0.10775502675096504,-0.14687525562476367
2025,6,SF,-0.089480095,-0.12199096,-0.015169561,0.26644117,0.018033402040600777,0.0407087467610836,0.1148208993836306,-0.16090643778443336,0.07376809602283174,0.09469111543148756,0.1840810393623542,-0.1312600689707324
2025,7,SF,0.03446366,0.090403184,-0.009044849,-0.11261776,-0.026965640485286713,0.1202783016487956,0.035123899520840496,-0.13649781234562397,0.052547194973158184,0.11290531978011131,0.15225317885051481,-0.12587217229884118
2025,8,SF,-0.023636878,-0.010293221,-0.07434276,0.20781735,0.004424607381224632,0.08082733489573002,0.06247160391649231,-0.07423696690239012,0.017738076836394612,0.05285957083106041,0.11064387855003588,-0.12560402520466596
2025,9,SF,0.30983448,0.4363366,0.21144389,0.17243345,0.012015501037240028,0.11493302695453167,0.05936351465061307,-0.05308339395560324,0.014847544953227043,0.04328776150941849,0.10352959224837832,-0.12395578727591783
2025,10,SF,0.1123409,0.26572427,-0.19442585,0.4141483,0.057795291766524315,0.1335185505449772,0.0986139033921063,0.02822167961858213,0.037914346903562546,0.0871136486530304,0.10671740138786845,-0.06634237908292562
2025,11,SF,0.19183476,0.30195487,0.041671004,-0.024636742,0.10825053974986076,0.17044533416628838,0.1955427103675902,-0.01659239293076098,0.040642449632287025,0.145361817907542,0.11533330494421534,-0.07654510263819247
2025,12,SF,-0.0013478714,-0.0640103,0.057733823,-0.2348384,0.14759331569075584,0.19244058895856142,0.2484306306578219,-0.003913429565727711,0.07600896153599024,0.13663396192714572,0.1554511172871571,-0.03907519823405892
2025,13,SF,0.011028129,0.0516951,-0.03488619,-0.21658088,0.15316556722973473,0.08177665341645479,0.23500136099755764,0.029105715453624725,0.08259053413348738,0.09835484018549323,0.14718243782408535,-0.011988839250989258
2025,15,SF,0.24674416,0.5042457,-0.073182024,0.16676228,0.07846397932735272,-0.01547692995518446,0.13884098455309868,-0.03247680328786373,0.06812963554693852,0.059020810294896364,0.11872744397260249,-0.002127561834640801
2025,16,SF,0.40269685,0.56553525,0.185579,-0.02243166,0.11206479396787472,-0.07732343580573797,0.1984713412821293,-0.002165846526622772,0.11015766685886774,0.0465609491802752,0.19700702582485974,-0.009379119728691876
2025,17,SF,0.29294983,0.41237342,0.13500246,0.32815567,0.1647803152736742,-0.07677216548472643,0.26436643674969673,0.033811152912676334,0.15618681548221502,0.057834211736917496,0.2563985337037593,0.014948861673474312
2025,18,SF,-0.3589907,-0.39496133,-0.24388471,0.10921088,0.2383547395002097,0.06397635024040937,0.38346236757934093,0.05312831327319145,0.1957601533649722,0.07287650182843208,0.3092318642884493,0.04111701436340809
2023,1,TB,-0.10446297,-0.0142048225,-0.23149297,-0.09890277,,,,,,,,
2023,2,TB,0.19191578,0.33505026,0.005840971,-0.17142627,,,,,,,,
2023,3,TB,-0.16445604,-0.03192708,-0.42123094,0.08552777,0.04372640699148178,-0.1351645179092884,0.16042271628975868,-0.11282599763944745,0.04372640699148178,-0.1351645179092884,0.16042271628975868,-0.11282599763944745
2023,4,TB,0.06867502,0.26506162,-0.24856488,-0.31527224,-0.025667741894721985,-0.06160042186578115,0.09630611787239711,-0.21562764576325813,-0.025667741894721985,-0.06160042186578115,0.09630611787239711,-0.21562764576325813
2023,6,TB,-0.24707134,-0.24593627,-0.2504765,0.118877314,-0.002082051709294319,-0.1250183768570423,0.13849499262869358,-0.22386195533908904,-0.002082051709294319,-0.1250183768570423,0.13849499262869358,-0.22386195533908904
2023,7,TB,-0.066590704,0.06469229,-0.4079265,-0.028206129,-0.0377341452986002,-0.0705733560025692,0.08056212961673737,-0.22860784106887877,-0.05107990950345993,-0.07623923867940903,0.06160873919725418,-0.2291848661378026
2023,8,TB,0.06986614,0.14249882,-0.20510043,0.0880957,-0.10236076638102531,-0.03476832155138254,0.012972638010978699,-0.3320497088134289,-0.05366504192352295,-0.06823372033735116,0.06212266410390536,-0.25897513842210174
2023,9,TB,0.16915166,0.37443927,-0.09276701,0.2002624,-0.04378022067248821,-0.0341263385489583,0.0565791130065918,-0.2780170813202858,-0.03601772976773126,-0.04590094568473952,0.07360497223479408,-0.25127875179584536
2023,10,TB,0.0439634,0.26582935,-0.26007512,-0.21083732,-0.01866105943918228,0.09475732129067183,0.08392352610826492,-0.23906761221587658,-0.0103715555742383,-0.015130527783185244,0.11120925936847925,-0.2314647837774828
2023,11,TB,-0.04920628,-0.093316995,0.08831536,0.2210983,0.05409762542694807,0.012328662909567356,0.21186493337154388,-0.24146726541221142,0.008181740064173937,-0.02912234654650092,0.14621353149414062,-0.2350375532405451
2023,12,TB,-0.094268255,-0.17453697,0.06626915,0.058186512,0.058443731628358364,0.07465477101504803,0.17236261256039143,-0.11740680038928986,-0.021958517376333475,0.019943224731832743,0.09266762528568506,-0.22472825460135937
2023,13,TB,-0.02750268,-0.08269793,0.044675715,-0.09599196,0.017410132102668285,0.0671774735674262,0.09310366399586201,-0.04956440441310406,-0.013185044284909964,0.01652556750923395,0.0748413885012269,-0.16379074286669493
2023,14,TB,-0.022965625,0.05779831,-0.0947558,0.014714231,-0.03175345389172435,-0.006886116228997707,-0.021180635318160057,-0.015203723683953285,-0.025207256665453315,0.04393560253083706,0.03137144539505243,-0.12713566794991493
2023,15,TB,0.3791426,0.7164146,-0.09303815,0.044772673,-0.04848570981994271,0.04950177134014666,-0.07318839617073536,0.026126107200980186,0.002805957803502679,0.03091521712485701,0.06933826860040426,-0.10767057910561562
2023,16,TB,0.099744685,0.43088618,-0.32753465,-0.14718468,0.05860151303932071,0.005420363740995526,0.12924449518322945,-0.01921227015554905,0.058522622333839536,0.04003756737802178,0.15080355387181044,-0.06830953527241945
2023,17,TB,-0.096206784,0.14487264,-0.7390852,0.073435076,0.10710474802181125,-0.04592243558727205,0.28060028329491615,-0.11766321957111359,0.062257440062239766,0.010627518990077078,0.18685197364538908,-0.08361381199210882
2023,18,TB,-0.10369997,-0.19019909,0.033256974,-0.29851294,0.08992872200906277,-0.0035656762775033712,0.3374929241836071,-0.31360344775021076,0.02908763405866921,-0.005225896253250539,0.15815614443272352,-0.16440358571708202
2024,1,TB,0.31825554,0.6890776,-0.21572822,0.15834343,0.0697451364248991,-0.08187246788293123,0.275493573397398,-0.2816002545878291,0.010629713302478194,-0.016185348271392286,0.10115258861333132,-0.12773707369342446
2024,2,TB,-0.03185128,0.071295924,-0.18385766,-0.0771234,0.054523369297385216,-0.05347977764904499,0.2686593346297741,-0.3122727731242776,0.05656244116835296,-0.024029706954024732,0.19895191490650177,-0.16574252163991332
2024,3,TB,-0.34278724,-0.52583814,0.12628065,0.09154993,0.02162437792867422,-0.03596445731818676,0.17876177094876766,-0.2763535277917981,0.06436456297524273,-0.040943446452729404,0.2296810271218419,-0.19700837368145585
2024,4,TB,0.24076936,0.30164382,0.108874686,-0.07759232,-0.04002073500305414,-0.03143574297428131,0.011084077879786491,-0.060012065805494785,0.024953993503004313,-0.01750070962589234,0.1742885010316968,-0.18680775677785277
2024,5,TB,0.13387299,0.3264459,-0.15040138,0.19906478,0.04609659593552351,0.02379441075026989,0.13404480554163456,-0.04110763780772686,0.057920866180211306,-0.02903902856633067,0.20476918946951628,-0.161353946197778
2024,6,TB,0.19495098,0.08758837,0.34257457,-0.37225455,9.564682841300964e-07,0.033974746242165565,0.043386878445744514,-0.024775927886366844,0.027262162882834673,-0.009752515703439713,0.1560231065377593,-0.16852435050532222
2024,7,TB,0.11642732,0.13821964,0.067612536,0.35042757,0.05670152232050896,-0.039808040484786034,0.04745998978614807,0.10683212988078594,0.03916295012459159,-0.0378862489014864,0.11311088036745787,-0.08476069895550609
2024,8,TB,0.049922198,0.14848413,-0.20633884,0.24303913,0.1715051606297493,0.024911368265748024,0.21347443386912346,0.09216510131955147,0.06574221281334758,-0.0032621873542666435,0.11227925587445498,0.01607651775702834
2024,9,TB,0.16516304,0.22544242,0.041255414,0.14217694,0.12379337102174759,0.10506923124194145,0.17518451064825058,0.013361720368266106,0.08494498347863555,0.06443182099610567,0.15461465809494257,-0.013872958719730377
2024,10,TB,-0.0152624585,0.006820607,-0.043070763,0.28513542,0.13161588460206985,0.09084727242588997,0.14993363991379738,0.061275919899344444,0.06580842053517699,0.06241100933402777,0.09666025917977095,0.0182499960064888
2024,12,TB,0.3035897,0.7273385,-0.19078389,-0.23150454,0.07906252425163984,0.2551947645843029,0.1297416992019862,-0.03513541258871555,0.0678820232860744,0.10769336204975843,0.08860084449406713,0.035848358646035194
2024,13,TB,-0.0061295363,-0.12129562,0.11812861,0.00401954,0.1258531203493476,0.10971173644065857,0.2770214125048369,-0.09973451867699623,0.14867914048954844,0.0673115523532033,0.2452479231869802,-0.0037847086787223816
2024,14,TB,0.14107676,0.16944951,0.09615325,-0.15069069,0.11184018675703555,0.049956838600337505,0.20957647520117462,-0.0186176560819149,0.11781677888939157,0.07751303492113948,0.1923804929247126,-0.002627967856824398
2024,15,TB,0.18264915,0.4786821,-0.09738206,-0.29219377,0.10581861634273082,-0.023260069079697132,0.19557824614457786,-0.004893196746706963,0.11871725047240034,0.03379360167309642,0.17275594302918762,0.02819136157631874
2024,16,TB,0.043277845,-0.01951185,0.20653108,-0.0052242037,0.15529651858378202,-0.16759236622601748,0.31354361958801746,-0.018471021205186844,0.11717952141771093,0.043801199179142714,0.22164265939500183,-0.0268032168969512
2024,17,TB,0.45567894,0.7173242,0.19403368,-0.09934294,0.0902185543673113,-0.11102228099480271,0.12683103373274207,0.08085772022604942,0.10803583735832945,-0.000655272277072072,0.2019262231187895,-0.009438399225473404
2024,18,TB,0.17163193,0.3893857,-0.16337386,0.010034438,0.20567067340016365,-0.13686290150508285,0.33648598892614245,0.09983398765325546,0.1587554300785996,-0.04345303145237267,0.27303123206365854,0.04060816578567028
2025,1,TB,0.13958228,0.2989424,-0.17913793,0.075180106,0.21330946683883667,-0.09668161952868104,0.3914700369350612,0.03495221026241779,0.15956404159078375,-0.059970844304189086,0.29352414153981954,0.015029506757855415
2025,2,TB,0.1521118,0.106343836,0.23710942,-0.08219903,0.2025427483022213,-0.004838150460273027,0.3465351085178554,0.014513242989778519,0.17891963344300166,-0.08621525834314525,0.33003936405293643,-0.0019788891077041626
2025,3,TB,-0.013149547,0.33481607,-0.4138372,-0.1293416,0.22975123673677444,-0.024081856943666935,0.37799903005361557,0.022157829254865646,0.15998489555204287,-0.06755206896923482,0.2524150318931788,0.051507774740457535
2025,4,TB,-0.116422355,-0.025308993,-0.28407094,-0.07388662,0.11254411493428051,-0.0315815219655633,0.28237199783325195,-0.1298098899424076,0.15910739416722208,-0.08422221173532307,0.3094289933796972,-0.014987951144576073
2025,5,TB,0.4008281,0.6550936,-0.1478501,0.3444375,0.04053054307587445,-0.05256178602576256,0.17869832459837198,-0.15998416021466255,0.12692000495735556,-0.0746217027772218,0.2850841807667166,-0.06251597497612238
2025,6,TB,0.26644117,0.5705307,-0.037648354,-0.089480095,0.10584199731238186,0.014752564951777458,0.26773613039404154,-0.15216220170259476,0.15419237280730158,0.004957207245752215,0.30713561945594847,-0.06882447935640812
2025,7,TB,-0.3428951,-0.43653435,0.1423266,-0.080809355,0.13442433928139508,0.012932298704981804,0.38378284964710474,-0.22085164580494165,0.18208778800908476,-0.0055747791193425655,0.38089093985036016,-0.099346908275038
2025,8,TB,-0.16390228,-0.06556896,-0.24954744,-0.48199958,0.05198795348405838,0.025065360590815544,0.1909452462568879,-0.08181069884449244,0.08226603420916945,-0.0032580806873738766,0.23665862204506993,-0.10581029439345002
2025,10,TB,0.052727245,0.034803767,0.09101832,0.19361869,0.04011797159910202,-0.07696287892758846,0.1808802541345358,-0.07317982334643602,0.040324257337488234,-0.06476233247667551,0.17978928936645389,-0.11658199178054929
2025,11,TB,0.06942247,-0.03853052,0.18372563,0.28041264,-0.04690724052488804,-0.11466758511960506,0.025807793252170086,-0.01346271950751543,0.029467378393746912,-0.0499575100839138,0.1467719618231058,-0.0828124606050551
2025,12,TB,-0.3951853,-0.58914226,-0.04606266,0.076005034,-0.09616191498935223,-0.022194400429725647,-0.12645751517266035,0.0418807752430439,0.019131212146021426,-0.0046310508623719215,0.1286626672372222,-0.08948543528094888
2025,13,TB,-0.029960442,0.005201234,-0.08346734,-0.026304463,-0.10923446528613567,0.017009196802973747,-0.16460949461907148,-0.0052165379747748375,-0.028623255901038647,0.021037278696894646,0.013167875818908215,-0.043513618409633636
2025,14,TB,-0.1493449,-0.13183945,-0.16885097,0.0011082675,-0.07574900519102812,0.13093297509476542,-0.14691694581415504,0.03630348574370146,-0.01781551679596305,0.02698504808358848,0.016981654160190374,-0.018438168801367283
2025,15,TB,0.14512442,0.20615914,0.014732079,0.18552482,-0.12626704294234514,0.08280537070822902,-0.18857775104697794,-0.02866383735090494,-0.08658714173361659,-0.015931107205688022,-0.08138497889740393,-0.021063278429210186
2025,16,TB,0.07918187,0.17620656,-0.02754527,0.10059069,-0.10734155494719744,0.059083414991619065,-0.12740533461328596,-0.07091222400777042,-0.10175173496827483,0.01844450728094671,-0.12693142489297315,-0.01451572438236326
2025,17,TB,0.037184525,0.08192838,-0.14867452,0.060104474,0.011250236071646214,0.065229829197051,0.06393187085632235,-0.06628287653438747,-0.04899211460724473,0.041119513000012375,-0.05033881188137457,-0.03574970725458115
2025,18,TB,0.018300321,0.35047877,-0.23520426,-0.035524383,0.028036477975547314,0.08683206353452988,0.08311365731060505,-0.08258467051200569,-0.023856263607740402,0.10888251931464765,-0.031901644251774997,-0.023140592384152114
2023,1,TEN,-0.17665723,-0.24808833,-0.02308036,-0.06761036,,,,,,,,
2023,2,TEN,0.079180256,0.19139245,-0.02313086,0.07589802,,,,,,,,
2023,3,TEN,-0.3846705,-0.38737315,-0.37890485,0.13831115,-0.04873848706483841,0.004143830388784409,-0.028347939252853394,-0.02310561016201973,-0.04873848706483841,0.004143830388784409,-0.028347939252853394,-0.02310561016201973
2023,4,TEN,0.21857499,0.41801676,-0.00016763902,-0.193231,-0.1607158233722051,0.04886626948912939,-0.14802300930023193,-0.14170535653829575,-0.1607158233722051,0.04886626948912939,-0.14802300930023193,-0.14170535653829575
2023,5,TEN,0.09362503,0.23919623,-0.16978952,0.20908758,-0.06589312106370926,-0.011658048257231712,-0.006513066589832306,-0.10632092715968611,-0.06589312106370926,-0.011658048257231712,-0.006513066589832306,-0.10632092715968611
2023,6,TEN,-0.04702107,-0.045574598,-0.04999439,0.022262217,0.0016774442046880722,0.0575164370238781,0.11530807241797447,-0.14299821784516098,-0.03398949056863785,0.032491077482700345,0.04262879192829132,-0.11901464630500413
2023,8,TEN,0.039934967,0.12655169,-0.052095294,-0.05054885,-0.029872886836528778,0.04410748602822423,0.05606631003320217,-0.14971410041471245,-0.036161420245965324,0.03078626748174429,0.027928226937850315,-0.10751127033048154
2023,9,TEN,0.03561017,0.0036406417,0.09699168,0.16644189,0.07627847883850336,-0.003107513766735792,0.18454751931130886,-0.06801171159168007,-0.025290507823228836,0.01916696477149214,0.042017292763505666,-0.09959470228308678
2023,10,TEN,-0.21083732,-0.19020447,-0.27144626,0.0439634,0.030537274666130543,0.08681070851162076,0.08095348934875801,-0.043721881695091724,-0.017677923198789358,0.037576330127194524,0.03722021137946285,-0.07502140442738892
2023,11,TEN,0.06648258,0.24002086,-0.17213252,0.24817555,-0.04557831306010485,0.04552966309711337,-0.02639668498886749,-0.0691360654309392,-0.021950434427708387,0.051523050060495734,0.04445569371455349,-0.10606714163805009
2023,12,TEN,0.041093204,-0.015581416,0.11665936,-0.09439098,-0.017202400602400303,0.10200799535959959,0.045002178580034524,-0.09967059828341007,-0.02353764371946454,0.07305774069391191,0.05053424430661835,-0.12469234934906126
2023,13,TEN,0.035630457,0.07247638,-0.0039114994,0.006567362,-0.016912841238081455,0.09104746300727129,0.009468902659136802,-0.05748193524777889,0.029682818800210953,0.04396997462026775,0.09700821098522283,-0.06274682341972948
2023,14,TEN,0.04673151,0.2701685,-0.3091126,-0.01294228,-0.0169077692553401,0.051078831660561264,0.026677837129682302,-0.0827077302383259,0.006814752705395222,0.06894477008609101,0.05381566323922016,-0.06321480596670881
2023,15,TEN,-0.18189448,-0.110874765,-0.27658743,-0.10335612,0.0474844379350543,0.036852412042208016,0.14177108323201537,-0.0921243178891018,0.0009530624374747276,0.04119103756966069,0.05768719912157394,-0.0806301916600205
2023,16,TEN,0.13611348,0.15500054,0.11266746,0.18478686,-0.014609827660024166,-0.051030505332164466,0.05404717801138759,-0.11823804408777505,-0.015906114131212234,0.025488745013717562,0.049524678295711055,-0.10895432118559256
2023,17,TEN,-0.43437898,-0.3874197,-0.5081721,0.0025303217,0.009145241230726242,0.01876395393628627,0.09669266641139984,-0.11923601769376546,-0.0038838000036776066,0.05490570847177878,0.05308078453526832,-0.08835897647077218
2023,18,TEN,0.13777643,0.040229194,0.26501197,-0.04091638,-0.10835711844265461,0.01775469380663708,-0.018281353637576103,-0.245301166549325,-0.06263244384899735,0.03441676273359917,0.0041982417460531,-0.16400444839382544
2024,1,TEN,-0.26079038,-0.38922575,-0.060431134,-0.25400904,-0.08559588715434074,0.010761168843600899,-0.0757661834359169,-0.10177002288401127,-0.01905572460964322,0.023806790442904457,0.033002449898049235,-0.09694717038655654
2024,2,TEN,-0.06447494,-0.0811192,-0.041886307,0.08387019,-0.10531986132264137,-0.026902059966232628,-0.14535393007099628,-0.04773094970732927,-0.05996484449133277,-0.03896628264919855,-0.04565337602980435,-0.08298449689755216
2024,3,TEN,-0.34673494,-0.37879413,-0.18643886,0.053374775,-0.1554669663310051,-0.05213122715940699,-0.20438386499881744,-0.08636939246207476,-0.07316086255013943,-0.01668363661156036,-0.0538455992937088,-0.10280270507792011
2024,4,TEN,-0.0668772,-0.17211874,-0.003732276,-0.41561696,-0.13355595618486404,-0.039420113898813725,-0.20222747325897217,-0.005936083383858204,-0.12095653731375933,-0.010832710046088323,-0.11025441344827414,-0.1256186249665916
2024,6,TEN,-0.018675525,-0.1381047,0.12831423,0.014544736,-0.18471936509013176,-0.133095258846879,-0.25531445629894733,-0.07312214392004535,-0.13515762612223625,-0.06116704500163905,-0.16554031986743212,-0.08744608340202831
2024,7,TEN,-0.1806148,0.010632546,-0.5189755,0.2253247,-0.12419065181165934,-0.06595681537874043,-0.19253419525921345,-0.025935803714673966,-0.11475525656715035,-0.04642943767248653,-0.16894406266510487,-0.03683337671100162
2024,8,TEN,-0.28074342,-0.29467794,-0.25815985,0.06227087,-0.15322561655193567,-0.030593185918405652,-0.1695962583180517,-0.14520810096291825,-0.15434629144147038,-0.04136220653890632,-0.18699006165843457,-0.1157887467124965
2024,9,TEN,-0.0025325734,0.20876952,-0.19798699,-0.08889039,-0.13672773633152246,-0.028369162464514375,-0.1485672106500715,-0.16313834785250947,-0.13514184625819325,-0.03389463818166405,-0.17539734195452183,-0.08453721561818384
2024,10,TEN,0.102924824,0.062472906,0.17169306,0.22785838,-0.12064157938584685,0.05331248021684587,-0.05334514728747308,-0.21170202642679214,-0.1526804722379893,-0.03989138931501657,-0.1543298017932102,-0.14241208517341875
2024,11,TEN,-0.18463753,0.005368904,-0.61743,0.052125808,-0.09024149226024747,0.10664089117199183,-0.0032007440458983183,-0.20085731893777847,-0.1072160720359534,0.020342037896625698,-0.09786746965255588,-0.11339656132622622
2024,12,TEN,-0.06725251,0.04241243,-0.20338835,-0.25247267,-0.09124717535451055,0.0633411668241024,-0.004516654415056109,-0.22547093778848648,-0.12223639595322311,0.016373990452848375,-0.0870564563665539,-0.18533951937570237
2024,13,TEN,-0.08299669,0.089217156,-0.7000963,0.29021934,-0.03787444764748216,-0.015344717539846897,0.07975593884475529,-0.21177806332707405,-0.08730109198950231,-0.021856940002180636,-0.034405635902658105,-0.18745820558979176
2024,14,TEN,-0.14697303,-0.25369847,-0.018166462,0.011406408,-0.05799047648906708,0.0794327137991786,0.04986784909851849,-0.33730539306998253,-0.08931602793745697,0.06637259700801224,-0.0017386490944772959,-0.27450370974838734
2024,15,TEN,-0.04844884,0.044917747,-0.21277402,0.23563544,-0.12046493962407112,0.025319720851257443,-0.029174994444474578,-0.3847702727653086,-0.1053532159421593,0.06598030601162463,-0.016187869245186448,-0.29281379585154355
2024,16,TEN,0.09949272,0.13098775,0.041001957,0.21821912,-0.08641776628792286,0.0711971300188452,-0.01928778365254402,-0.2836062856949866,-0.0888324708212167,0.0672691484214738,-0.011902219033800066,-0.25453861174173653
2024,17,TEN,0.034396116,0.05337625,0.0066037844,0.1337723,-0.04473145864903927,0.18887007632292807,0.002856045961380005,-0.22250870941206813,-0.04130295314826071,0.08676267939154059,0.04130599240306765,-0.2171433863695711
2024,18,TEN,-0.19521704,0.18506546,-0.6008517,0.14252472,-0.015383257530629635,0.1497583168093115,-0.0061041805893182755,-0.04583368601743132,-0.036686867009848356,0.11459551530424505,0.021881834254600108,-0.19156953954370692
2025,1,TEN,-0.4294904,-0.42511684,-0.43698794,-0.14638533,-0.027444261126220226,0.18253789469599724,0.10358680225908756,-0.19150499918032438,-0.07395460037514567,0.10392880777362734,0.03720590390730649,-0.2881376359728165
2025,2,TEN,-0.11592227,-0.16145378,-0.030798113,0.34776914,-0.12270464841276407,0.08703270182013512,-0.013921843841671944,-0.2475584774510935,-0.10456120735034347,0.07911491591949016,-0.016604813747107983,-0.26558238157304004
2025,3,TEN,-0.12496613,-0.17720717,0.0056364746,0.42446685,-0.17655839677900076,0.11942020803689957,-0.08703222684562206,-0.26550849492195994,-0.11064492771402001,0.15414514217991382,-0.04208809044212103,-0.24400860216701403
2025,4,TEN,-0.33437085,-0.46158302,-0.07199578,0.0922719,-0.2163989581167698,0.1920938454568386,-0.14467808231711388,-0.26575032237451524,-0.11589110782369971,0.17092608113307506,-0.07539113145321608,-0.15579200419597328
2025,5,TEN,-0.02562687,0.04653897,-0.19274774,-0.059299063,-0.25118741020560265,0.1795306410640478,-0.30634020268917084,-0.13353633868973702,-0.13931583566591144,0.18103426788002253,-0.10137670021504164,-0.1625206689350307
2025,6,TEN,-0.23524734,-0.242409,-0.2137623,-0.0750414,-0.1502215308137238,0.20130220707505941,-0.18842625059187412,-0.0724762900499627,-0.13646308961324394,0.14416745444759727,-0.10117404721677303,-0.1600173837505281
2025,7,TEN,-0.27987206,-0.28390217,-0.26747176,0.267477,-0.18005279870703816,0.09559957217425108,-0.2086650561541319,-0.11821733636315912,-0.17830559774301946,0.10750989010557532,-0.14784864149987698,-0.19186291564255953
2025,8,TEN,-0.03585926,-0.10066422,0.08835026,0.3456247,-0.2187792812474072,0.056352111510932446,-0.23533880524337292,-0.1864943951368332,-0.2175891196820885,0.12422297848388553,-0.1900084437802434,-0.2261223587556742
2025,9,TEN,-0.23338452,-0.10395413,-0.40811554,0.0843003,-0.1441513835452497,0.11969030741602182,-0.14510910585522652,-0.14640788547694683,-0.19766939687542617,0.14961047424003482,-0.22572465427219868,-0.13997211208334193
2025,11,TEN,-0.09622361,0.028360318,-0.49667192,-0.06580661,-0.19609079603105783,0.1555901486426592,-0.18273238092660904,-0.20024983398616314,-0.17315616342239082,0.1784461778588593,-0.18557931575924158,-0.13636306201806292
2025,12,TEN,-0.009621105,0.10337802,-0.3203687,0.27772254,-0.16133486200124025,0.15789884515106678,-0.11504004988819361,-0.27097723819315434,-0.1706938303541392,0.12674920866265893,-0.16185255302116275,-0.19459728727815673
2025,13,TEN,-0.37743312,-0.4787547,-0.018910697,0.009926305,-0.09377212333492935,0.16046022810041904,-0.01822000276297331,-0.28420147486031055,-0.15627570229116827,0.10840616980567575,-0.1267794040031731,-0.23534793499857187
2025,14,TEN,-0.101178676,-0.30993348,0.07278365,-0.05491398,-0.179165588459,0.0765356330666691,-0.11274262238293886,-0.3110167137347162,-0.16165848600212485,0.09811297024134547,-0.1289258641190827,-0.2287122996058315
2025,15,TEN,0.16676228,0.06062207,0.3163235,0.24674416,-0.14611412747763097,0.04173206281848252,-0.164237461052835,-0.1907919174991548,-0.1711024617543444,0.09866110573057085,-0.173484920989722,-0.19552087574265897
2025,16,TEN,0.02704335,0.26928955,-0.17172277,-0.26126194,-0.08036765619181097,0.11986975488252938,-0.15617202315479517,0.012456933502107859,-0.12085125909652561,0.13888430001679808,-0.1356060365214944,-0.12926015234552324
2025,17,TEN,-0.13270122,-0.09354626,-0.20085984,0.19913909,-0.07120154239237309,-0.014876364497467875,-0.11469413992017508,0.049618417862802744,-0.08248683286365122,0.07279193180147558,-0.06645707134157419,-0.1172915284987539
2025,18,TEN,-0.36189836,-0.5825125,0.07932991,0.2504569,-0.010018566623330116,0.03242683131247759,-0.018392029218375683,0.004131130874156952,-0.09459207754116505,0.05448123218957335,-0.06556732580065727,-0.1534427914302796
2023,1,WAS,-0.22242066,-0.16255398,-0.32603613,-0.34826744,,,,,,,,
2023,2,WAS,0.21912496,0.23239599,0.18836032,0.13120532,,,,,,,,
2023,3,WAS,-0.53553605,-0.70355135,-0.0056415703,0.15815355,-0.00164785236120224,-0.10853105783462524,0.03492100536823273,-0.06883790343999863,-0.00164785236120224,-0.10853105783462524,0.03492100536823273,-0.06883790343999863
2023,4,WAS,0.21833062,0.25306872,0.14016993,0.1878666,-0.1796105851729711,-0.019636188944180805,-0.21123644709587097,-0.047772459064920746,-0.1796105851729711,-0.019636188944180805,-0.21123644709587097,-0.047772459064920746
2023,5,WAS,-0.0607334,-0.017955042,-0.44573858,0.30894712,-0.08012528344988823,0.032239507883787155,-0.09516015648841858,-0.0007868609391152859,-0.08012528344988823,0.032239507883787155,-0.09516015648841858,-0.0007868609391152859
2023,6,WAS,-0.02885565,-0.028637223,-0.02920054,-0.12062153,-0.03970346786081791,0.1965431459248066,-0.059010421857237816,-0.030712475534528494,-0.07624690681695938,0.08758102953433991,-0.07971913367509842,-0.08977720551192761
2023,7,WAS,-0.22650862,-0.25273237,-0.15749884,-0.048608046,-0.10169861977919936,0.13358643278479576,-0.12426872551441193,-0.08510269038379192,-0.06834836397320032,0.05288060257832209,-0.07120548188686371,-0.07968109473586082
2023,8,WAS,0.048387527,0.08823381,-0.10302831,0.2633998,-0.024441761430352926,0.0818960340693593,-0.011563979089260101,-0.12306700693443418,-0.090942685891475,0.03838222420641354,-0.09713789394923619,-0.09079791499035698
2023,9,WAS,0.04511452,0.15528208,-0.18403402,-0.049153738,-0.06692753499373794,0.10077933687716722,-0.052772704511880875,-0.18386656837537885,-0.07352640922181308,0.06650942238047719,-0.07396643050014973,-0.09232671465724707
2023,10,WAS,0.109156124,0.24805142,-0.35713527,0.12284446,-0.04046555468812585,0.011254123412072659,-0.009463423863053322,-0.11844042735174298,-0.04008451127447188,0.10389863466843963,-0.03423692286014557,-0.07457645144313574
2023,11,WAS,-0.10666636,-0.093398474,-0.13473302,-0.036156703,-0.005962611176073551,0.0721206208691001,0.05970873683691025,-0.20042410865426064,-0.053830615477636456,0.10285352682694793,-0.03227999433875084,-0.14276339951902628
2023,12,WAS,-0.20928195,-0.19725673,-0.23333238,0.40073812,0.023997954092919827,0.07523345667868853,0.09954220987856388,-0.1947326548397541,-0.00022190366871654987,0.07856474537402391,0.04398911539465189,-0.15889983088709414
2023,13,WAS,-0.17663889,-0.3161472,-0.009228878,0.39351463,-0.040419415570795536,0.10956803429871798,0.028169574216008186,-0.22730867192149162,-0.053673475282266736,0.1051736855879426,-0.012301565147936344,-0.20558762014843524
2023,15,WAS,-0.1319266,-0.014094786,-0.436903,0.0050940895,-0.0958577673882246,0.22023512702435255,-0.08968774788081646,-0.18360738642513752,-0.06816166103817523,0.1157446252182126,-0.04957558587193489,-0.15102390688844025
2023,16,WAS,-0.09269743,-0.26893887,0.24300054,-0.20333496,-0.1561284475028515,0.19079753500409424,-0.15522429929114878,-0.20354931987822056,-0.08104552933946252,0.13145907793659717,-0.04775778122711927,-0.2019867142662406
2023,17,WAS,-0.17101051,-0.30070388,0.12543152,0.24398635,-0.15263621509075165,0.14900297136045992,-0.1991093980614096,-0.10911593027412891,-0.06431913049891591,0.11211821401957422,-0.049783594091422856,-0.1519242925569415
2023,18,WAS,-0.29947397,-0.20798598,-0.50074756,0.32571656,-0.1430683545768261,0.10981502966023982,-0.22497118660248816,-0.019424954429268837,-0.09174388507381082,0.1096915319794789,-0.09840080619323999,-0.12336681317538023
2024,1,WAS,0.15834343,0.23258792,0.036852434,0.31825554,-0.17377712577581406,0.09286551014520228,-0.19793088012374938,-0.14230462536215782,-0.13481744658201933,0.15655031858477741,-0.14380931400228292,-0.16295600589364767
2024,2,WAS,0.18668583,0.24961804,0.097712725,0.111323394,-0.1012096181511879,0.1711558736860752,-0.13626020401716232,-0.02386576682329178,-0.1286690328270197,0.18097670434508473,-0.14574225165415555,-0.11370754335075617
2024,3,WAS,0.50604373,0.77460766,0.19616228,0.40651807,-0.03136380389332771,0.24982046149671078,-0.006620977073907852,-0.06018771976232529,-0.09200000949203968,0.19941171642858535,-0.10286518756765872,-0.0846518250182271
2024,4,WAS,0.4178601,0.4393097,0.39171842,-0.10272615,0.1378997564315796,0.2904533911496401,0.26220690831542015,-0.04250502958893776,-0.002584299072623253,0.20013421040493995,0.018617860856465995,-0.030964992009103298
2024,5,WAS,0.07283202,0.12720904,0.0034544386,-0.28055915,0.31723327189683914,0.1833427157253027,0.4240308254957199,0.18061146512627602,0.07172807306051254,0.1381041129352525,0.11304997268598527,0.019153419882059097
2024,6,WAS,0.12302355,0.30126643,-0.39982226,0.23233198,0.29585541784763336,0.03363904170691967,0.39768610522150993,0.1722619662177749,0.09732289984822273,0.10239745769649744,0.1307129506021738,0.07419809969724156
2024,7,WAS,0.24187139,0.47771883,0.026239432,-0.47399506,0.2799398470669985,0.06389118731021881,0.4105982035398483,0.04787821864010766,0.12428802158683538,0.1568558244034648,0.20198861323297024,-0.006154750561108813
2024,8,WAS,0.05087924,0.21643889,-0.25476936,-0.085538745,0.21389676071703434,-0.15623709559440613,0.33637599647045135,0.005397505883593112,0.17589825857430696,0.06710814777761698,0.29929145239293575,-0.018553761852672324
2024,9,WAS,0.31881642,0.5396136,0.13251881,0.13078299,0.12215154804289341,-0.1519402451813221,0.2806582972407341,-0.15622443723259494,0.21969240996986628,0.0157012352719903,0.352344561368227,0.01219351394684054
2024,10,WAS,-0.07925662,-0.14804998,0.043375064,0.012561316,0.1836476493626833,-0.049104709178209305,0.38375943899154663,-0.12395834363996983,0.23975153360515833,-0.007732833735644817,0.3907227721065283,0.024151811288902536
2024,11,WAS,-0.059445035,0.10598224,-0.34894276,0.18555565,0.1330776084214449,-0.10404737433418632,0.2714303359389305,-0.013159011490643024,0.2065087277442217,-0.020078093511983752,0.3410142697393894,0.01735960357473232
2024,12,WAS,-0.044702116,-0.20006043,0.22872852,-0.030963985,0.05774850305169821,0.06084030354395509,0.17849618755280972,-0.10695455875247717,0.13582263188436627,-0.04769839602522552,0.25743609201163054,-0.05077852643444203
2024,13,WAS,0.29021934,0.2904725,0.28994673,-0.08299669,0.033853163942694664,0.07448399346321821,0.07437135837972164,0.013919909484684467,0.07800235599279404,-0.03872812585905194,0.17751482781022787,-0.07115226387395523
2024,15,WAS,0.019458374,0.08984441,-0.09315927,-0.058917645,0.026703892275691032,0.02103907335549593,0.012086084112524986,0.05327688995748758,0.10517577081918716,-0.014032817911356688,0.1979227615520358,-0.03534072684124112
2024,16,WAS,-0.04160717,0.21772543,-0.6831141,0.12139466,0.05138263991102576,0.0031693330965936184,0.07155968248844147,0.019143305718898773,0.09223012416623533,-0.05043902061879635,0.171495009213686,0.0029921471141278744
2024,17,WAS,0.1599877,0.20604067,0.084223166,0.11071267,0.05584210576489568,-0.012870915699750185,0.09949547983705997,-0.06439953297376633,0.05679530440829694,0.02398469392210245,0.13899583369493484,-0.08567704586312175
2024,18,WAS,0.085605845,0.024311246,0.2531444,0.0020481944,0.10701456060633063,0.022548248060047626,0.20102075301110744,-0.1005258709192276,0.07043386227451265,0.04851612076163292,0.13769605569541454,-0.043302980717271566
2025,1,WAS,0.1553128,0.09842442,0.24502142,-0.13828202,0.055861187633126974,0.04380946885794401,0.13448043772950768,-0.1097264513373375,0.041282539954409,0.03242427110671997,0.07328326092101634,-0.028224780689924955
2025,2,WAS,-0.10222663,-0.11095324,-0.06530632,0.11292484,0.08982479572296143,0.023968376219272614,0.1366254393942654,-0.025181278586387634,0.0706037178169936,0.013568854657933116,0.10409256094135344,-0.0030189864337444305
2025,3,WAS,0.21956259,0.45019165,0.03938369,0.02389945,0.07466993108391762,0.02185092121362686,0.05445577250793576,0.12927066907286644,0.06525601842440665,0.004490002756938338,0.07697562617249787,0.032435568049550056
2025,4,WAS,0.14115886,0.18663158,0.065371044,0.27803215,0.08956365287303925,0.00014761649072170258,0.1154935178346932,0.11806080024689436,0.09828910673968494,0.011347932275384665,0.15825713542290032,0.00876746466383338
2025,5,WAS,0.25061703,0.50716174,-0.11282132,-0.15728393,0.10345190763473511,0.06914360634982586,0.15607360005378723,0.07111745793372393,0.07965654763393104,0.056476537603884935,0.14527701889164746,-0.019304496701806784
2025,6,WAS,0.028906085,0.38345888,-0.56201524,0.1277509,0.12727796286344528,0.06439312733709812,0.2582579292356968,-0.018343226052820683,0.10855137929320335,0.04418075177818537,0.1974416843149811,-0.02176225231960416
2025,7,WAS,-0.15985489,-0.33228984,0.1419063,0.16377836,0.16006114147603512,0.06809964403510094,0.38186096027493477,-0.14252045471221209,0.11736553627997637,0.0449752826243639,0.21815836639143527,-0.006624892819672823
2025,8,WAS,-0.15976925,-0.2029044,-0.0684242,0.26197612,0.06520677171647549,0.10306937247514725,0.18624058738350868,-0.11688980087637901,0.07738521229475737,0.051608494482934475,0.15086705260910094,0.0005854996852576733
2025,9,WAS,-0.055172987,-0.10274783,0.011784227,0.454613,-0.010025257244706154,0.09905536472797394,0.08885659277439117,-0.15033861249685287,0.04671332519501448,0.0840994855388999,0.1224650964140892,-0.039610577281564474
2025,10,WAS,0.16990611,0.44009256,-0.13270271,0.4914259,-0.0864727608859539,0.2520295977592468,-0.06362079828977585,-0.11918722628615797,0.02040260098874569,0.15821136254817247,0.09731856547296047,-0.06876522616948932
2025,11,WAS,0.08190856,0.26175946,-0.114803374,-0.006656837,-0.05122275464236736,0.3429483473300934,-0.04946237802505493,-0.011859094491228461,0.05441919341683388,0.20552399568259716,0.16619929112493992,-0.07718977460172027
2025,13,WAS,0.088153794,0.08649217,0.09142165,0.15219855,0.009218107908964157,0.3003395468695089,0.09904994815587997,-0.0760365144815296,0.03721243981271982,0.20170445967232808,0.14264526776969433,-0.0964631576789543
2025,14,WAS,-0.37201723,-0.5709905,0.0038210833,0.30457705,0.07119886949658394,0.2728951544268057,0.17139909230172634,-0.036075051641091704,0.030586806125938892,0.1859752595773898,0.13012784253805876,-0.09320683206897229
2025,15,WAS,-0.0064041615,0.08588046,-0.092536464,0.038765907,-0.008012192323803902,0.23538616753648967,0.054338423535227776,-0.038065837463364005,-0.0472424766048789,0.24370788264786825,-0.004641187377274036,-0.07862653187476099
2025,16,WAS,-0.06908934,-0.19429292,0.060929757,0.357787,-0.0520897600799799,0.12222116894554347,-0.034214602783322334,-0.028024276485666633,-0.05165625736117363,0.23258475813781843,-0.04183849040418863,-0.019941685488447547
2025,17,WAS,0.23194033,0.20820755,0.2719894,0.22120343,-0.08983923494815826,0.2133321315050125,-0.14822769723832607,0.01590900612063706,-0.040310563519597054,0.2568358391872607,-0.02458887454122305,-0.030063754180446267
2025,18,WAS,0.12710726,0.5761465,-0.30872497,-0.08659827,-0.053892601281404495,0.23058335110545158,-0.11779885366559029,0.0610509451944381,0.008653134107589722,0.25173925276612863,0.026800119318068027,0.012487946776673198
